=========================================
1. SLURM ALLOKATIONS-INFO
=========================================
Job ID: 4854
Ausfuehrender Node: gpu01
Zugewiesene CPUs: 8
Zugewiesener Speicher: 32768 MB
Zugewiesene GPUs: 4
Zugewiesene GPUs ueber CUDA: 0
0, NVIDIA L40S, 46068 MiB, 535.309.01

Zeitzonen-Check -> Node-Uhr (UTC): 2026-08-01 05:00:02 UTC
Zeitzonen-Check -> korrigiert    : 2026-08-01 07:00:02 CEST

Python: /home/yazanme/miniforge3/envs/venv/bin/python
Version: Python 3.12.13

Forschungsfrage:  RQ2.2-dissim
Modell:           mobilenetv2
Trainings-Config: /home/yazanme/BachelorThesis/BachelorThesis/src/yaml/rq2/rq2_2_dissim/rq2_2_dissim_train_mobilenetv2.yaml
Ausgabe:          /home/yazanme/BachelorThesis/BachelorThesis/experiments/RQ2.2-dissim/mobilenetv2

Startzeit: 2026-08-01 07:00:03 CEST

Starting main script...
Config: /home/yazanme/BachelorThesis/BachelorThesis/src/yaml/rq2/rq2_2_dissim/rq2_2_dissim_train_mobilenetv2.yaml
Experiment: rq=RQ2.2-dissim model=mobilenetv2 rates=[0.0, 0.05, 0.1, 0.2, 0.5, 1.0]
Defense: none | Seeds: [42, 2001, 2026] | Attacks: (Einzelarm)
Set float32 matmul precision to: high
Initializing PyTorch and checking CUDA...
Set cudnn.benchmark to: True
Using device: cuda
Initializing base loaders...
Loading validation data from /home/yazanme/BachelorThesis/BachelorThesis/data/processed/resisc45/val.h5... (in_memory=True, workers=6)
Loading test data from /home/yazanme/BachelorThesis/BachelorThesis/data/processed/resisc45/test.h5... (in_memory=True, workers=6)
Starting experiment run...
Loading train data from /home/yazanme/BachelorThesis/BachelorThesis/data/processed/resisc45/train.h5... (in_memory=True, workers=6)
Testing torch.compile support...
Successfully compiled model using torch.compile.
Epoch 001 | Seed 42 | Rate 0.00 | Train Loss: 2.7982 | Val Loss: 2.4252 | Acc (clean): 0.2384 | Acc (poison): 0.2384 | Val Acc: 0.3156 | Time: 00:02:32
Epoch 002 | Seed 42 | Rate 0.00 | Train Loss: 1.8465 | Val Loss: 1.9862 | Acc (clean): 0.4568 | Acc (poison): 0.4568 | Val Acc: 0.4241 | Time: 00:00:09
Epoch 003 | Seed 42 | Rate 0.00 | Train Loss: 1.4952 | Val Loss: 1.9143 | Acc (clean): 0.5542 | Acc (poison): 0.5542 | Val Acc: 0.4441 | Time: 00:00:09
Epoch 004 | Seed 42 | Rate 0.00 | Train Loss: 1.2800 | Val Loss: 1.4677 | Acc (clean): 0.6124 | Acc (poison): 0.6124 | Val Acc: 0.5826 | Time: 00:00:09
Epoch 005 | Seed 42 | Rate 0.00 | Train Loss: 1.1262 | Val Loss: 1.1898 | Acc (clean): 0.6572 | Acc (poison): 0.6572 | Val Acc: 0.6467 | Time: 00:00:09
Epoch 006 | Seed 42 | Rate 0.00 | Train Loss: 0.9721 | Val Loss: 1.1864 | Acc (clean): 0.7044 | Acc (poison): 0.7044 | Val Acc: 0.6344 | Time: 00:00:09
Epoch 007 | Seed 42 | Rate 0.00 | Train Loss: 0.8803 | Val Loss: 2.1053 | Acc (clean): 0.7260 | Acc (poison): 0.7260 | Val Acc: 0.4507 | Time: 00:00:09
Epoch 008 | Seed 42 | Rate 0.00 | Train Loss: 0.7890 | Val Loss: 1.0821 | Acc (clean): 0.7529 | Acc (poison): 0.7529 | Val Acc: 0.6593 | Time: 00:00:09
Epoch 009 | Seed 42 | Rate 0.00 | Train Loss: 0.7187 | Val Loss: 1.3688 | Acc (clean): 0.7742 | Acc (poison): 0.7742 | Val Acc: 0.6207 | Time: 00:00:09
Epoch 010 | Seed 42 | Rate 0.00 | Train Loss: 0.6779 | Val Loss: 1.2303 | Acc (clean): 0.7873 | Acc (poison): 0.7873 | Val Acc: 0.6293 | Time: 00:00:09
Epoch 011 | Seed 42 | Rate 0.00 | Train Loss: 0.6409 | Val Loss: 0.8784 | Acc (clean): 0.7994 | Acc (poison): 0.7994 | Val Acc: 0.7267 | Time: 00:00:09
Epoch 012 | Seed 42 | Rate 0.00 | Train Loss: 0.6134 | Val Loss: 0.9738 | Acc (clean): 0.8071 | Acc (poison): 0.8071 | Val Acc: 0.6937 | Time: 00:00:09
Epoch 013 | Seed 42 | Rate 0.00 | Train Loss: 0.6101 | Val Loss: 0.9411 | Acc (clean): 0.8090 | Acc (poison): 0.8090 | Val Acc: 0.7204 | Time: 00:00:09
Epoch 014 | Seed 42 | Rate 0.00 | Train Loss: 0.5785 | Val Loss: 1.0369 | Acc (clean): 0.8165 | Acc (poison): 0.8165 | Val Acc: 0.7111 | Time: 00:00:09
Epoch 015 | Seed 42 | Rate 0.00 | Train Loss: 0.5748 | Val Loss: 0.8138 | Acc (clean): 0.8182 | Acc (poison): 0.8182 | Val Acc: 0.7604 | Time: 00:00:09
Epoch 016 | Seed 42 | Rate 0.00 | Train Loss: 0.5729 | Val Loss: 1.0049 | Acc (clean): 0.8214 | Acc (poison): 0.8214 | Val Acc: 0.7007 | Time: 00:00:09
Epoch 017 | Seed 42 | Rate 0.00 | Train Loss: 0.5595 | Val Loss: 0.9933 | Acc (clean): 0.8234 | Acc (poison): 0.8234 | Val Acc: 0.7081 | Time: 00:00:09
Epoch 018 | Seed 42 | Rate 0.00 | Train Loss: 0.5593 | Val Loss: 0.9737 | Acc (clean): 0.8224 | Acc (poison): 0.8224 | Val Acc: 0.7100 | Time: 00:00:09
Epoch 019 | Seed 42 | Rate 0.00 | Train Loss: 0.5395 | Val Loss: 0.8429 | Acc (clean): 0.8288 | Acc (poison): 0.8288 | Val Acc: 0.7437 | Time: 00:00:09
Epoch 020 | Seed 42 | Rate 0.00 | Train Loss: 0.5268 | Val Loss: 1.2564 | Acc (clean): 0.8326 | Acc (poison): 0.8326 | Val Acc: 0.6611 | Time: 00:00:09
Epoch 021 | Seed 42 | Rate 0.00 | Train Loss: 0.5443 | Val Loss: 0.8142 | Acc (clean): 0.8288 | Acc (poison): 0.8288 | Val Acc: 0.7437 | Time: 00:00:09
Epoch 022 | Seed 42 | Rate 0.00 | Train Loss: 0.5313 | Val Loss: 0.8628 | Acc (clean): 0.8309 | Acc (poison): 0.8309 | Val Acc: 0.7507 | Time: 00:00:09
Epoch 023 | Seed 42 | Rate 0.00 | Train Loss: 0.5274 | Val Loss: 0.7575 | Acc (clean): 0.8339 | Acc (poison): 0.8339 | Val Acc: 0.7719 | Time: 00:00:11
Epoch 024 | Seed 42 | Rate 0.00 | Train Loss: 0.5299 | Val Loss: 0.7211 | Acc (clean): 0.8332 | Acc (poison): 0.8332 | Val Acc: 0.7804 | Time: 00:00:09
Epoch 025 | Seed 42 | Rate 0.00 | Train Loss: 0.5275 | Val Loss: 0.8618 | Acc (clean): 0.8334 | Acc (poison): 0.8334 | Val Acc: 0.7411 | Time: 00:00:09
Epoch 026 | Seed 42 | Rate 0.00 | Train Loss: 0.5202 | Val Loss: 1.3667 | Acc (clean): 0.8355 | Acc (poison): 0.8355 | Val Acc: 0.6170 | Time: 00:00:09
Epoch 027 | Seed 42 | Rate 0.00 | Train Loss: 0.5190 | Val Loss: 1.0815 | Acc (clean): 0.8350 | Acc (poison): 0.8350 | Val Acc: 0.6893 | Time: 00:00:09
Epoch 028 | Seed 42 | Rate 0.00 | Train Loss: 0.5083 | Val Loss: 1.2640 | Acc (clean): 0.8413 | Acc (poison): 0.8413 | Val Acc: 0.6419 | Time: 00:00:09
Epoch 029 | Seed 42 | Rate 0.00 | Train Loss: 0.5160 | Val Loss: 0.7734 | Acc (clean): 0.8364 | Acc (poison): 0.8364 | Val Acc: 0.7700 | Time: 00:00:09
Epoch 030 | Seed 42 | Rate 0.00 | Train Loss: 0.5160 | Val Loss: 0.7688 | Acc (clean): 0.8340 | Acc (poison): 0.8340 | Val Acc: 0.7474 | Time: 00:00:09
Epoch 031 | Seed 42 | Rate 0.00 | Train Loss: 0.5140 | Val Loss: 1.7568 | Acc (clean): 0.8400 | Acc (poison): 0.8400 | Val Acc: 0.5559 | Time: 00:00:09
Epoch 032 | Seed 42 | Rate 0.00 | Train Loss: 0.5188 | Val Loss: 0.9415 | Acc (clean): 0.8362 | Acc (poison): 0.8362 | Val Acc: 0.7267 | Time: 00:00:09
Epoch 033 | Seed 42 | Rate 0.00 | Train Loss: 0.5025 | Val Loss: 1.0187 | Acc (clean): 0.8395 | Acc (poison): 0.8395 | Val Acc: 0.7100 | Time: 00:00:09
Epoch 034 | Seed 42 | Rate 0.00 | Train Loss: 0.5067 | Val Loss: 1.4924 | Acc (clean): 0.8398 | Acc (poison): 0.8398 | Val Acc: 0.5837 | Time: 00:00:09
Epoch 035 | Seed 42 | Rate 0.00 | Train Loss: 0.5124 | Val Loss: 0.8550 | Acc (clean): 0.8365 | Acc (poison): 0.8365 | Val Acc: 0.7322 | Time: 00:00:09
Epoch 036 | Seed 42 | Rate 0.00 | Train Loss: 0.5100 | Val Loss: 0.8699 | Acc (clean): 0.8388 | Acc (poison): 0.8388 | Val Acc: 0.7300 | Time: 00:00:09
Epoch 037 | Seed 42 | Rate 0.00 | Train Loss: 0.5156 | Val Loss: 0.9404 | Acc (clean): 0.8341 | Acc (poison): 0.8341 | Val Acc: 0.7059 | Time: 00:00:09
Epoch 038 | Seed 42 | Rate 0.00 | Train Loss: 0.4922 | Val Loss: 1.2002 | Acc (clean): 0.8436 | Acc (poison): 0.8436 | Val Acc: 0.6678 | Time: 00:00:09
Epoch 039 | Seed 42 | Rate 0.00 | Train Loss: 0.5052 | Val Loss: 1.3981 | Acc (clean): 0.8406 | Acc (poison): 0.8406 | Val Acc: 0.6415 | Time: 00:00:08
Epoch 040 | Seed 42 | Rate 0.00 | Train Loss: 0.5121 | Val Loss: 0.8880 | Acc (clean): 0.8364 | Acc (poison): 0.8364 | Val Acc: 0.7363 | Time: 00:00:09
Epoch 041 | Seed 42 | Rate 0.00 | Train Loss: 0.5091 | Val Loss: 1.2489 | Acc (clean): 0.8396 | Acc (poison): 0.8396 | Val Acc: 0.6533 | Time: 00:00:09
Epoch 042 | Seed 42 | Rate 0.00 | Train Loss: 0.5041 | Val Loss: 0.8557 | Acc (clean): 0.8415 | Acc (poison): 0.8415 | Val Acc: 0.7411 | Time: 00:00:09
Epoch 043 | Seed 42 | Rate 0.00 | Train Loss: 0.4857 | Val Loss: 1.2034 | Acc (clean): 0.8432 | Acc (poison): 0.8432 | Val Acc: 0.6659 | Time: 00:00:08
Epoch 044 | Seed 42 | Rate 0.00 | Train Loss: 0.4951 | Val Loss: 0.9738 | Acc (clean): 0.8430 | Acc (poison): 0.8430 | Val Acc: 0.7167 | Time: 00:00:08
Epoch 045 | Seed 42 | Rate 0.00 | Train Loss: 0.4984 | Val Loss: 1.4966 | Acc (clean): 0.8416 | Acc (poison): 0.8416 | Val Acc: 0.5759 | Time: 00:00:08
Epoch 046 | Seed 42 | Rate 0.00 | Train Loss: 0.5064 | Val Loss: 0.8770 | Acc (clean): 0.8402 | Acc (poison): 0.8402 | Val Acc: 0.7393 | Time: 00:00:09
Epoch 047 | Seed 42 | Rate 0.00 | Train Loss: 0.4942 | Val Loss: 0.9075 | Acc (clean): 0.8438 | Acc (poison): 0.8438 | Val Acc: 0.7241 | Time: 00:00:08
Epoch 048 | Seed 42 | Rate 0.00 | Train Loss: 0.5046 | Val Loss: 1.0115 | Acc (clean): 0.8420 | Acc (poison): 0.8420 | Val Acc: 0.6981 | Time: 00:00:08
Epoch 049 | Seed 42 | Rate 0.00 | Train Loss: 0.4854 | Val Loss: 1.3821 | Acc (clean): 0.8468 | Acc (poison): 0.8468 | Val Acc: 0.6107 | Time: 00:00:09
Epoch 050 | Seed 42 | Rate 0.00 | Train Loss: 0.4932 | Val Loss: 1.1050 | Acc (clean): 0.8416 | Acc (poison): 0.8416 | Val Acc: 0.6781 | Time: 00:00:09
Epoch 051 | Seed 42 | Rate 0.00 | Train Loss: 0.2945 | Val Loss: 0.3303 | Acc (clean): 0.9063 | Acc (poison): 0.9063 | Val Acc: 0.8948 | Time: 00:00:09
Epoch 052 | Seed 42 | Rate 0.00 | Train Loss: 0.2302 | Val Loss: 0.2868 | Acc (clean): 0.9278 | Acc (poison): 0.9278 | Val Acc: 0.9085 | Time: 00:00:09
Epoch 053 | Seed 42 | Rate 0.00 | Train Loss: 0.2031 | Val Loss: 0.2800 | Acc (clean): 0.9377 | Acc (poison): 0.9377 | Val Acc: 0.9093 | Time: 00:00:09
Epoch 054 | Seed 42 | Rate 0.00 | Train Loss: 0.1935 | Val Loss: 0.2763 | Acc (clean): 0.9410 | Acc (poison): 0.9410 | Val Acc: 0.9148 | Time: 00:00:09
Epoch 055 | Seed 42 | Rate 0.00 | Train Loss: 0.1768 | Val Loss: 0.2729 | Acc (clean): 0.9457 | Acc (poison): 0.9457 | Val Acc: 0.9119 | Time: 00:00:08
Epoch 056 | Seed 42 | Rate 0.00 | Train Loss: 0.1643 | Val Loss: 0.2583 | Acc (clean): 0.9512 | Acc (poison): 0.9512 | Val Acc: 0.9141 | Time: 00:00:09
Epoch 057 | Seed 42 | Rate 0.00 | Train Loss: 0.1582 | Val Loss: 0.2623 | Acc (clean): 0.9526 | Acc (poison): 0.9526 | Val Acc: 0.9159 | Time: 00:00:08
Epoch 058 | Seed 42 | Rate 0.00 | Train Loss: 0.1504 | Val Loss: 0.2588 | Acc (clean): 0.9544 | Acc (poison): 0.9544 | Val Acc: 0.9159 | Time: 00:00:08
Epoch 059 | Seed 42 | Rate 0.00 | Train Loss: 0.1425 | Val Loss: 0.2516 | Acc (clean): 0.9583 | Acc (poison): 0.9583 | Val Acc: 0.9193 | Time: 00:00:08
Epoch 060 | Seed 42 | Rate 0.00 | Train Loss: 0.1372 | Val Loss: 0.2589 | Acc (clean): 0.9589 | Acc (poison): 0.9589 | Val Acc: 0.9189 | Time: 00:00:09
Epoch 061 | Seed 42 | Rate 0.00 | Train Loss: 0.1288 | Val Loss: 0.2436 | Acc (clean): 0.9627 | Acc (poison): 0.9627 | Val Acc: 0.9219 | Time: 00:00:09
Epoch 062 | Seed 42 | Rate 0.00 | Train Loss: 0.1254 | Val Loss: 0.2545 | Acc (clean): 0.9633 | Acc (poison): 0.9633 | Val Acc: 0.9152 | Time: 00:00:09
Epoch 063 | Seed 42 | Rate 0.00 | Train Loss: 0.1192 | Val Loss: 0.2591 | Acc (clean): 0.9661 | Acc (poison): 0.9661 | Val Acc: 0.9174 | Time: 00:00:09
Epoch 064 | Seed 42 | Rate 0.00 | Train Loss: 0.1115 | Val Loss: 0.2505 | Acc (clean): 0.9681 | Acc (poison): 0.9681 | Val Acc: 0.9196 | Time: 00:00:09
Epoch 065 | Seed 42 | Rate 0.00 | Train Loss: 0.1113 | Val Loss: 0.2666 | Acc (clean): 0.9672 | Acc (poison): 0.9672 | Val Acc: 0.9156 | Time: 00:00:09
Epoch 066 | Seed 42 | Rate 0.00 | Train Loss: 0.1061 | Val Loss: 0.2411 | Acc (clean): 0.9701 | Acc (poison): 0.9701 | Val Acc: 0.9181 | Time: 00:00:09
Epoch 067 | Seed 42 | Rate 0.00 | Train Loss: 0.1044 | Val Loss: 0.2499 | Acc (clean): 0.9709 | Acc (poison): 0.9709 | Val Acc: 0.9185 | Time: 00:00:08
Epoch 068 | Seed 42 | Rate 0.00 | Train Loss: 0.1012 | Val Loss: 0.2718 | Acc (clean): 0.9714 | Acc (poison): 0.9714 | Val Acc: 0.9144 | Time: 00:00:09
Epoch 069 | Seed 42 | Rate 0.00 | Train Loss: 0.0949 | Val Loss: 0.2596 | Acc (clean): 0.9744 | Acc (poison): 0.9744 | Val Acc: 0.9144 | Time: 00:00:09
Epoch 070 | Seed 42 | Rate 0.00 | Train Loss: 0.0987 | Val Loss: 0.2575 | Acc (clean): 0.9721 | Acc (poison): 0.9721 | Val Acc: 0.9170 | Time: 00:00:09
Epoch 071 | Seed 42 | Rate 0.00 | Train Loss: 0.0944 | Val Loss: 0.2440 | Acc (clean): 0.9743 | Acc (poison): 0.9743 | Val Acc: 0.9233 | Time: 00:00:09
Epoch 072 | Seed 42 | Rate 0.00 | Train Loss: 0.0913 | Val Loss: 0.2446 | Acc (clean): 0.9744 | Acc (poison): 0.9744 | Val Acc: 0.9215 | Time: 00:00:09
Epoch 073 | Seed 42 | Rate 0.00 | Train Loss: 0.0904 | Val Loss: 0.2552 | Acc (clean): 0.9742 | Acc (poison): 0.9742 | Val Acc: 0.9174 | Time: 00:00:09
Epoch 074 | Seed 42 | Rate 0.00 | Train Loss: 0.0891 | Val Loss: 0.2656 | Acc (clean): 0.9761 | Acc (poison): 0.9761 | Val Acc: 0.9141 | Time: 00:00:09
Epoch 075 | Seed 42 | Rate 0.00 | Train Loss: 0.0861 | Val Loss: 0.2431 | Acc (clean): 0.9772 | Acc (poison): 0.9772 | Val Acc: 0.9241 | Time: 00:00:09
Epoch 076 | Seed 42 | Rate 0.00 | Train Loss: 0.0685 | Val Loss: 0.2241 | Acc (clean): 0.9826 | Acc (poison): 0.9826 | Val Acc: 0.9278 | Time: 00:00:09
Epoch 077 | Seed 42 | Rate 0.00 | Train Loss: 0.0572 | Val Loss: 0.2224 | Acc (clean): 0.9879 | Acc (poison): 0.9879 | Val Acc: 0.9285 | Time: 00:00:09
Epoch 078 | Seed 42 | Rate 0.00 | Train Loss: 0.0554 | Val Loss: 0.2222 | Acc (clean): 0.9883 | Acc (poison): 0.9883 | Val Acc: 0.9285 | Time: 00:00:09
Epoch 079 | Seed 42 | Rate 0.00 | Train Loss: 0.0544 | Val Loss: 0.2213 | Acc (clean): 0.9880 | Acc (poison): 0.9880 | Val Acc: 0.9293 | Time: 00:00:09
Epoch 080 | Seed 42 | Rate 0.00 | Train Loss: 0.0560 | Val Loss: 0.2216 | Acc (clean): 0.9871 | Acc (poison): 0.9871 | Val Acc: 0.9293 | Time: 00:00:09
Epoch 081 | Seed 42 | Rate 0.00 | Train Loss: 0.0534 | Val Loss: 0.2192 | Acc (clean): 0.9889 | Acc (poison): 0.9889 | Val Acc: 0.9304 | Time: 00:00:09
Epoch 082 | Seed 42 | Rate 0.00 | Train Loss: 0.0526 | Val Loss: 0.2290 | Acc (clean): 0.9891 | Acc (poison): 0.9891 | Val Acc: 0.9270 | Time: 00:00:09
Epoch 083 | Seed 42 | Rate 0.00 | Train Loss: 0.0512 | Val Loss: 0.2250 | Acc (clean): 0.9893 | Acc (poison): 0.9893 | Val Acc: 0.9278 | Time: 00:00:09
Epoch 084 | Seed 42 | Rate 0.00 | Train Loss: 0.0509 | Val Loss: 0.2255 | Acc (clean): 0.9902 | Acc (poison): 0.9902 | Val Acc: 0.9230 | Time: 00:00:09
Epoch 085 | Seed 42 | Rate 0.00 | Train Loss: 0.0494 | Val Loss: 0.2156 | Acc (clean): 0.9901 | Acc (poison): 0.9901 | Val Acc: 0.9315 | Time: 00:00:09
Epoch 086 | Seed 42 | Rate 0.00 | Train Loss: 0.0525 | Val Loss: 0.2235 | Acc (clean): 0.9889 | Acc (poison): 0.9889 | Val Acc: 0.9267 | Time: 00:00:09
Epoch 087 | Seed 42 | Rate 0.00 | Train Loss: 0.0495 | Val Loss: 0.2210 | Acc (clean): 0.9901 | Acc (poison): 0.9901 | Val Acc: 0.9285 | Time: 00:00:09
Epoch 088 | Seed 42 | Rate 0.00 | Train Loss: 0.0477 | Val Loss: 0.2243 | Acc (clean): 0.9914 | Acc (poison): 0.9914 | Val Acc: 0.9296 | Time: 00:00:09
Epoch 089 | Seed 42 | Rate 0.00 | Train Loss: 0.0497 | Val Loss: 0.2246 | Acc (clean): 0.9900 | Acc (poison): 0.9900 | Val Acc: 0.9270 | Time: 00:00:09
Epoch 090 | Seed 42 | Rate 0.00 | Train Loss: 0.0487 | Val Loss: 0.2276 | Acc (clean): 0.9905 | Acc (poison): 0.9905 | Val Acc: 0.9256 | Time: 00:00:09
Epoch 091 | Seed 42 | Rate 0.00 | Train Loss: 0.0498 | Val Loss: 0.2228 | Acc (clean): 0.9905 | Acc (poison): 0.9905 | Val Acc: 0.9274 | Time: 00:00:09
Epoch 092 | Seed 42 | Rate 0.00 | Train Loss: 0.0488 | Val Loss: 0.2256 | Acc (clean): 0.9900 | Acc (poison): 0.9900 | Val Acc: 0.9263 | Time: 00:00:08
Epoch 093 | Seed 42 | Rate 0.00 | Train Loss: 0.0475 | Val Loss: 0.2282 | Acc (clean): 0.9907 | Acc (poison): 0.9907 | Val Acc: 0.9244 | Time: 00:00:08
Epoch 094 | Seed 42 | Rate 0.00 | Train Loss: 0.0463 | Val Loss: 0.2174 | Acc (clean): 0.9909 | Acc (poison): 0.9909 | Val Acc: 0.9300 | Time: 00:00:08
Epoch 095 | Seed 42 | Rate 0.00 | Train Loss: 0.0472 | Val Loss: 0.2208 | Acc (clean): 0.9914 | Acc (poison): 0.9914 | Val Acc: 0.9285 | Time: 00:00:08
Epoch 096 | Seed 42 | Rate 0.00 | Train Loss: 0.0466 | Val Loss: 0.2212 | Acc (clean): 0.9912 | Acc (poison): 0.9912 | Val Acc: 0.9267 | Time: 00:00:08
Epoch 097 | Seed 42 | Rate 0.00 | Train Loss: 0.0449 | Val Loss: 0.2236 | Acc (clean): 0.9919 | Acc (poison): 0.9919 | Val Acc: 0.9263 | Time: 00:00:08
Epoch 098 | Seed 42 | Rate 0.00 | Train Loss: 0.0451 | Val Loss: 0.2239 | Acc (clean): 0.9912 | Acc (poison): 0.9912 | Val Acc: 0.9267 | Time: 00:00:08
Epoch 099 | Seed 42 | Rate 0.00 | Train Loss: 0.0443 | Val Loss: 0.2292 | Acc (clean): 0.9916 | Acc (poison): 0.9916 | Val Acc: 0.9252 | Time: 00:00:08
Epoch 100 | Seed 42 | Rate 0.00 | Train Loss: 0.0446 | Val Loss: 0.2218 | Acc (clean): 0.9914 | Acc (poison): 0.9914 | Val Acc: 0.9281 | Time: 00:00:08
[W801 07:20:04.510757371 NNPACK.cpp:61] Could not initialize NNPACK! Reason: Unsupported hardware.
Loading train data from /home/yazanme/BachelorThesis/BachelorThesis/data/processed/resisc45/train.h5 with mapping /home/yazanme/BachelorThesis/BachelorThesis/data/processed/resisc45/poisoned/RQ2.2-dissim/seed_42/labels_0.05.pt... (in_memory=True, workers=6)
Testing torch.compile support...
Successfully compiled model using torch.compile.
Epoch 001 | Seed 42 | Rate 0.05 | Train Loss: 2.8614 | Val Loss: 2.7646 | Acc (clean): 0.2272 | Acc (poison): 0.2263 | Val Acc: 0.2881 | Time: 00:00:10
Epoch 002 | Seed 42 | Rate 0.05 | Train Loss: 1.9303 | Val Loss: 2.8099 | Acc (clean): 0.4344 | Acc (poison): 0.4334 | Val Acc: 0.3130 | Time: 00:00:09
Epoch 003 | Seed 42 | Rate 0.05 | Train Loss: 1.5825 | Val Loss: 1.9417 | Acc (clean): 0.5271 | Acc (poison): 0.5258 | Val Acc: 0.4367 | Time: 00:00:09
Epoch 004 | Seed 42 | Rate 0.05 | Train Loss: 1.3426 | Val Loss: 1.7604 | Acc (clean): 0.5987 | Acc (poison): 0.5973 | Val Acc: 0.4889 | Time: 00:00:09
Epoch 005 | Seed 42 | Rate 0.05 | Train Loss: 1.1383 | Val Loss: 1.3177 | Acc (clean): 0.6537 | Acc (poison): 0.6523 | Val Acc: 0.6059 | Time: 00:00:09
Epoch 006 | Seed 42 | Rate 0.05 | Train Loss: 0.9768 | Val Loss: 1.1664 | Acc (clean): 0.7019 | Acc (poison): 0.7002 | Val Acc: 0.6522 | Time: 00:00:09
Epoch 007 | Seed 42 | Rate 0.05 | Train Loss: 0.8601 | Val Loss: 1.3271 | Acc (clean): 0.7359 | Acc (poison): 0.7342 | Val Acc: 0.6193 | Time: 00:00:09
Epoch 008 | Seed 42 | Rate 0.05 | Train Loss: 0.7794 | Val Loss: 1.1433 | Acc (clean): 0.7602 | Acc (poison): 0.7584 | Val Acc: 0.6537 | Time: 00:00:09
Epoch 009 | Seed 42 | Rate 0.05 | Train Loss: 0.7142 | Val Loss: 0.9174 | Acc (clean): 0.7771 | Acc (poison): 0.7754 | Val Acc: 0.7185 | Time: 00:00:09
Epoch 010 | Seed 42 | Rate 0.05 | Train Loss: 0.6796 | Val Loss: 1.2760 | Acc (clean): 0.7878 | Acc (poison): 0.7860 | Val Acc: 0.6248 | Time: 00:00:09
Epoch 011 | Seed 42 | Rate 0.05 | Train Loss: 0.6556 | Val Loss: 2.0500 | Acc (clean): 0.7952 | Acc (poison): 0.7935 | Val Acc: 0.5096 | Time: 00:00:09
Epoch 012 | Seed 42 | Rate 0.05 | Train Loss: 0.6428 | Val Loss: 2.4491 | Acc (clean): 0.8004 | Acc (poison): 0.7987 | Val Acc: 0.4737 | Time: 00:00:09
Epoch 013 | Seed 42 | Rate 0.05 | Train Loss: 0.5978 | Val Loss: 0.8884 | Acc (clean): 0.8158 | Acc (poison): 0.8138 | Val Acc: 0.7359 | Time: 00:00:09
Epoch 014 | Seed 42 | Rate 0.05 | Train Loss: 0.6066 | Val Loss: 1.4347 | Acc (clean): 0.8125 | Acc (poison): 0.8108 | Val Acc: 0.5981 | Time: 00:00:09
Epoch 015 | Seed 42 | Rate 0.05 | Train Loss: 0.5866 | Val Loss: 1.1132 | Acc (clean): 0.8201 | Acc (poison): 0.8183 | Val Acc: 0.6767 | Time: 00:00:09
Epoch 016 | Seed 42 | Rate 0.05 | Train Loss: 0.5811 | Val Loss: 1.1403 | Acc (clean): 0.8191 | Acc (poison): 0.8172 | Val Acc: 0.6611 | Time: 00:00:09
Epoch 017 | Seed 42 | Rate 0.05 | Train Loss: 0.5760 | Val Loss: 1.1036 | Acc (clean): 0.8195 | Acc (poison): 0.8176 | Val Acc: 0.6763 | Time: 00:00:09
Epoch 018 | Seed 42 | Rate 0.05 | Train Loss: 0.5615 | Val Loss: 0.9278 | Acc (clean): 0.8250 | Acc (poison): 0.8232 | Val Acc: 0.7300 | Time: 00:00:09
Epoch 019 | Seed 42 | Rate 0.05 | Train Loss: 0.5719 | Val Loss: 1.1071 | Acc (clean): 0.8239 | Acc (poison): 0.8222 | Val Acc: 0.6733 | Time: 00:00:09
Epoch 020 | Seed 42 | Rate 0.05 | Train Loss: 0.5533 | Val Loss: 2.1561 | Acc (clean): 0.8241 | Acc (poison): 0.8221 | Val Acc: 0.4867 | Time: 00:00:09
Epoch 021 | Seed 42 | Rate 0.05 | Train Loss: 0.5609 | Val Loss: 1.1357 | Acc (clean): 0.8267 | Acc (poison): 0.8249 | Val Acc: 0.6704 | Time: 00:00:09
Epoch 022 | Seed 42 | Rate 0.05 | Train Loss: 0.5558 | Val Loss: 1.6610 | Acc (clean): 0.8269 | Acc (poison): 0.8252 | Val Acc: 0.5756 | Time: 00:00:09
Epoch 023 | Seed 42 | Rate 0.05 | Train Loss: 0.5409 | Val Loss: 1.2030 | Acc (clean): 0.8306 | Acc (poison): 0.8288 | Val Acc: 0.6652 | Time: 00:00:09
Epoch 024 | Seed 42 | Rate 0.05 | Train Loss: 0.5473 | Val Loss: 0.9158 | Acc (clean): 0.8296 | Acc (poison): 0.8278 | Val Acc: 0.7293 | Time: 00:00:09
Epoch 025 | Seed 42 | Rate 0.05 | Train Loss: 0.5471 | Val Loss: 0.8720 | Acc (clean): 0.8304 | Acc (poison): 0.8283 | Val Acc: 0.7311 | Time: 00:00:09
Epoch 026 | Seed 42 | Rate 0.05 | Train Loss: 0.5351 | Val Loss: 2.0210 | Acc (clean): 0.8353 | Acc (poison): 0.8334 | Val Acc: 0.4756 | Time: 00:00:09
Epoch 027 | Seed 42 | Rate 0.05 | Train Loss: 0.5406 | Val Loss: 0.6967 | Acc (clean): 0.8343 | Acc (poison): 0.8323 | Val Acc: 0.7848 | Time: 00:00:09
Epoch 028 | Seed 42 | Rate 0.05 | Train Loss: 0.5246 | Val Loss: 1.7341 | Acc (clean): 0.8386 | Acc (poison): 0.8367 | Val Acc: 0.5463 | Time: 00:00:09
Epoch 029 | Seed 42 | Rate 0.05 | Train Loss: 0.5285 | Val Loss: 0.7425 | Acc (clean): 0.8378 | Acc (poison): 0.8359 | Val Acc: 0.7622 | Time: 00:00:09
Epoch 030 | Seed 42 | Rate 0.05 | Train Loss: 0.5337 | Val Loss: 0.7742 | Acc (clean): 0.8350 | Acc (poison): 0.8333 | Val Acc: 0.7711 | Time: 00:00:09
Epoch 031 | Seed 42 | Rate 0.05 | Train Loss: 0.5343 | Val Loss: 2.0963 | Acc (clean): 0.8320 | Acc (poison): 0.8300 | Val Acc: 0.5137 | Time: 00:00:09
Epoch 032 | Seed 42 | Rate 0.05 | Train Loss: 0.5198 | Val Loss: 1.4098 | Acc (clean): 0.8388 | Acc (poison): 0.8370 | Val Acc: 0.5978 | Time: 00:00:09
Epoch 033 | Seed 42 | Rate 0.05 | Train Loss: 0.5313 | Val Loss: 0.9426 | Acc (clean): 0.8362 | Acc (poison): 0.8344 | Val Acc: 0.7185 | Time: 00:00:09
Epoch 034 | Seed 42 | Rate 0.05 | Train Loss: 0.5249 | Val Loss: 1.0216 | Acc (clean): 0.8370 | Acc (poison): 0.8353 | Val Acc: 0.7048 | Time: 00:00:09
Epoch 035 | Seed 42 | Rate 0.05 | Train Loss: 0.5165 | Val Loss: 0.8669 | Acc (clean): 0.8416 | Acc (poison): 0.8398 | Val Acc: 0.7341 | Time: 00:00:09
Epoch 036 | Seed 42 | Rate 0.05 | Train Loss: 0.5186 | Val Loss: 1.4892 | Acc (clean): 0.8396 | Acc (poison): 0.8377 | Val Acc: 0.5970 | Time: 00:00:09
Epoch 037 | Seed 42 | Rate 0.05 | Train Loss: 0.5151 | Val Loss: 0.8790 | Acc (clean): 0.8417 | Acc (poison): 0.8398 | Val Acc: 0.7474 | Time: 00:00:09
Epoch 038 | Seed 42 | Rate 0.05 | Train Loss: 0.5245 | Val Loss: 1.2283 | Acc (clean): 0.8367 | Acc (poison): 0.8349 | Val Acc: 0.6878 | Time: 00:00:09
Epoch 039 | Seed 42 | Rate 0.05 | Train Loss: 0.5149 | Val Loss: 1.3245 | Acc (clean): 0.8406 | Acc (poison): 0.8387 | Val Acc: 0.6311 | Time: 00:00:09
Epoch 040 | Seed 42 | Rate 0.05 | Train Loss: 0.5147 | Val Loss: 0.8196 | Acc (clean): 0.8398 | Acc (poison): 0.8379 | Val Acc: 0.7493 | Time: 00:00:09
Epoch 041 | Seed 42 | Rate 0.05 | Train Loss: 0.5181 | Val Loss: 1.1639 | Acc (clean): 0.8400 | Acc (poison): 0.8382 | Val Acc: 0.6741 | Time: 00:00:09
Epoch 042 | Seed 42 | Rate 0.05 | Train Loss: 0.5124 | Val Loss: 1.2956 | Acc (clean): 0.8407 | Acc (poison): 0.8388 | Val Acc: 0.6348 | Time: 00:00:09
Epoch 043 | Seed 42 | Rate 0.05 | Train Loss: 0.4999 | Val Loss: 1.2293 | Acc (clean): 0.8451 | Acc (poison): 0.8433 | Val Acc: 0.6630 | Time: 00:00:09
Epoch 044 | Seed 42 | Rate 0.05 | Train Loss: 0.5041 | Val Loss: 1.8160 | Acc (clean): 0.8411 | Acc (poison): 0.8393 | Val Acc: 0.5141 | Time: 00:00:09
Epoch 045 | Seed 42 | Rate 0.05 | Train Loss: 0.5053 | Val Loss: 0.8591 | Acc (clean): 0.8456 | Acc (poison): 0.8436 | Val Acc: 0.7463 | Time: 00:00:09
Epoch 046 | Seed 42 | Rate 0.05 | Train Loss: 0.5076 | Val Loss: 1.1960 | Acc (clean): 0.8431 | Acc (poison): 0.8412 | Val Acc: 0.6648 | Time: 00:00:09
Epoch 047 | Seed 42 | Rate 0.05 | Train Loss: 0.5120 | Val Loss: 1.3384 | Acc (clean): 0.8412 | Acc (poison): 0.8394 | Val Acc: 0.6141 | Time: 00:00:09
Epoch 048 | Seed 42 | Rate 0.05 | Train Loss: 0.5106 | Val Loss: 1.5162 | Acc (clean): 0.8412 | Acc (poison): 0.8393 | Val Acc: 0.5930 | Time: 00:00:09
Epoch 049 | Seed 42 | Rate 0.05 | Train Loss: 0.5148 | Val Loss: 1.2030 | Acc (clean): 0.8386 | Acc (poison): 0.8370 | Val Acc: 0.6607 | Time: 00:00:09
Epoch 050 | Seed 42 | Rate 0.05 | Train Loss: 0.5011 | Val Loss: 1.5910 | Acc (clean): 0.8428 | Acc (poison): 0.8409 | Val Acc: 0.5570 | Time: 00:00:09
Epoch 051 | Seed 42 | Rate 0.05 | Train Loss: 0.2952 | Val Loss: 0.3178 | Acc (clean): 0.9084 | Acc (poison): 0.9063 | Val Acc: 0.9007 | Time: 00:00:09
Epoch 052 | Seed 42 | Rate 0.05 | Train Loss: 0.2278 | Val Loss: 0.3092 | Acc (clean): 0.9315 | Acc (poison): 0.9295 | Val Acc: 0.9052 | Time: 00:00:09
Epoch 053 | Seed 42 | Rate 0.05 | Train Loss: 0.2107 | Val Loss: 0.2813 | Acc (clean): 0.9363 | Acc (poison): 0.9342 | Val Acc: 0.9119 | Time: 00:00:09
Epoch 054 | Seed 42 | Rate 0.05 | Train Loss: 0.1924 | Val Loss: 0.2800 | Acc (clean): 0.9437 | Acc (poison): 0.9417 | Val Acc: 0.9130 | Time: 00:00:09
Epoch 055 | Seed 42 | Rate 0.05 | Train Loss: 0.1851 | Val Loss: 0.2834 | Acc (clean): 0.9458 | Acc (poison): 0.9437 | Val Acc: 0.9126 | Time: 00:00:09
Epoch 056 | Seed 42 | Rate 0.05 | Train Loss: 0.1704 | Val Loss: 0.2760 | Acc (clean): 0.9506 | Acc (poison): 0.9486 | Val Acc: 0.9159 | Time: 00:00:09
Epoch 057 | Seed 42 | Rate 0.05 | Train Loss: 0.1617 | Val Loss: 0.2758 | Acc (clean): 0.9533 | Acc (poison): 0.9513 | Val Acc: 0.9181 | Time: 00:00:09
Epoch 058 | Seed 42 | Rate 0.05 | Train Loss: 0.1538 | Val Loss: 0.2651 | Acc (clean): 0.9551 | Acc (poison): 0.9531 | Val Acc: 0.9170 | Time: 00:00:09
Epoch 059 | Seed 42 | Rate 0.05 | Train Loss: 0.1484 | Val Loss: 0.2725 | Acc (clean): 0.9580 | Acc (poison): 0.9560 | Val Acc: 0.9133 | Time: 00:00:09
Epoch 060 | Seed 42 | Rate 0.05 | Train Loss: 0.1426 | Val Loss: 0.2722 | Acc (clean): 0.9591 | Acc (poison): 0.9570 | Val Acc: 0.9100 | Time: 00:00:09
Epoch 061 | Seed 42 | Rate 0.05 | Train Loss: 0.1322 | Val Loss: 0.3058 | Acc (clean): 0.9624 | Acc (poison): 0.9604 | Val Acc: 0.9033 | Time: 00:00:09
Epoch 062 | Seed 42 | Rate 0.05 | Train Loss: 0.1321 | Val Loss: 0.2673 | Acc (clean): 0.9628 | Acc (poison): 0.9607 | Val Acc: 0.9185 | Time: 00:00:09
Epoch 063 | Seed 42 | Rate 0.05 | Train Loss: 0.1248 | Val Loss: 0.2802 | Acc (clean): 0.9661 | Acc (poison): 0.9640 | Val Acc: 0.9152 | Time: 00:00:09
Epoch 064 | Seed 42 | Rate 0.05 | Train Loss: 0.1193 | Val Loss: 0.2778 | Acc (clean): 0.9680 | Acc (poison): 0.9660 | Val Acc: 0.9167 | Time: 00:00:09
Epoch 065 | Seed 42 | Rate 0.05 | Train Loss: 0.1132 | Val Loss: 0.2698 | Acc (clean): 0.9695 | Acc (poison): 0.9675 | Val Acc: 0.9130 | Time: 00:00:09
Epoch 066 | Seed 42 | Rate 0.05 | Train Loss: 0.1138 | Val Loss: 0.2769 | Acc (clean): 0.9701 | Acc (poison): 0.9681 | Val Acc: 0.9170 | Time: 00:00:09
Epoch 067 | Seed 42 | Rate 0.05 | Train Loss: 0.1091 | Val Loss: 0.2640 | Acc (clean): 0.9702 | Acc (poison): 0.9682 | Val Acc: 0.9159 | Time: 00:00:09
Epoch 068 | Seed 42 | Rate 0.05 | Train Loss: 0.1091 | Val Loss: 0.2675 | Acc (clean): 0.9709 | Acc (poison): 0.9688 | Val Acc: 0.9163 | Time: 00:00:09
Epoch 069 | Seed 42 | Rate 0.05 | Train Loss: 0.1023 | Val Loss: 0.2666 | Acc (clean): 0.9727 | Acc (poison): 0.9707 | Val Acc: 0.9156 | Time: 00:00:09
Epoch 070 | Seed 42 | Rate 0.05 | Train Loss: 0.0973 | Val Loss: 0.3254 | Acc (clean): 0.9751 | Acc (poison): 0.9731 | Val Acc: 0.8919 | Time: 00:00:09
Epoch 071 | Seed 42 | Rate 0.05 | Train Loss: 0.0996 | Val Loss: 0.2588 | Acc (clean): 0.9742 | Acc (poison): 0.9721 | Val Acc: 0.9204 | Time: 00:00:09
Epoch 072 | Seed 42 | Rate 0.05 | Train Loss: 0.0980 | Val Loss: 0.2712 | Acc (clean): 0.9743 | Acc (poison): 0.9721 | Val Acc: 0.9156 | Time: 00:00:09
Epoch 073 | Seed 42 | Rate 0.05 | Train Loss: 0.0959 | Val Loss: 0.2624 | Acc (clean): 0.9754 | Acc (poison): 0.9734 | Val Acc: 0.9163 | Time: 00:00:09
Epoch 074 | Seed 42 | Rate 0.05 | Train Loss: 0.0925 | Val Loss: 0.2685 | Acc (clean): 0.9781 | Acc (poison): 0.9761 | Val Acc: 0.9159 | Time: 00:00:09
Epoch 075 | Seed 42 | Rate 0.05 | Train Loss: 0.0908 | Val Loss: 0.3202 | Acc (clean): 0.9763 | Acc (poison): 0.9742 | Val Acc: 0.9011 | Time: 00:00:09
Epoch 076 | Seed 42 | Rate 0.05 | Train Loss: 0.0715 | Val Loss: 0.2378 | Acc (clean): 0.9850 | Acc (poison): 0.9832 | Val Acc: 0.9252 | Time: 00:00:09
Epoch 077 | Seed 42 | Rate 0.05 | Train Loss: 0.0648 | Val Loss: 0.2437 | Acc (clean): 0.9864 | Acc (poison): 0.9844 | Val Acc: 0.9226 | Time: 00:00:09
Epoch 078 | Seed 42 | Rate 0.05 | Train Loss: 0.0583 | Val Loss: 0.2399 | Acc (clean): 0.9894 | Acc (poison): 0.9874 | Val Acc: 0.9241 | Time: 00:00:09
Epoch 079 | Seed 42 | Rate 0.05 | Train Loss: 0.0609 | Val Loss: 0.2418 | Acc (clean): 0.9881 | Acc (poison): 0.9860 | Val Acc: 0.9237 | Time: 00:00:09
Epoch 080 | Seed 42 | Rate 0.05 | Train Loss: 0.0595 | Val Loss: 0.2378 | Acc (clean): 0.9880 | Acc (poison): 0.9861 | Val Acc: 0.9248 | Time: 00:00:09
Epoch 081 | Seed 42 | Rate 0.05 | Train Loss: 0.0586 | Val Loss: 0.2419 | Acc (clean): 0.9886 | Acc (poison): 0.9868 | Val Acc: 0.9222 | Time: 00:00:09
Epoch 082 | Seed 42 | Rate 0.05 | Train Loss: 0.0572 | Val Loss: 0.2395 | Acc (clean): 0.9900 | Acc (poison): 0.9881 | Val Acc: 0.9263 | Time: 00:00:09
Epoch 083 | Seed 42 | Rate 0.05 | Train Loss: 0.0559 | Val Loss: 0.2455 | Acc (clean): 0.9889 | Acc (poison): 0.9869 | Val Acc: 0.9226 | Time: 00:00:09
Epoch 084 | Seed 42 | Rate 0.05 | Train Loss: 0.0561 | Val Loss: 0.2462 | Acc (clean): 0.9900 | Acc (poison): 0.9881 | Val Acc: 0.9233 | Time: 00:00:09
Epoch 085 | Seed 42 | Rate 0.05 | Train Loss: 0.0555 | Val Loss: 0.2451 | Acc (clean): 0.9905 | Acc (poison): 0.9885 | Val Acc: 0.9233 | Time: 00:00:09
Epoch 086 | Seed 42 | Rate 0.05 | Train Loss: 0.0544 | Val Loss: 0.2363 | Acc (clean): 0.9905 | Acc (poison): 0.9886 | Val Acc: 0.9274 | Time: 00:00:09
Epoch 087 | Seed 42 | Rate 0.05 | Train Loss: 0.0554 | Val Loss: 0.2458 | Acc (clean): 0.9900 | Acc (poison): 0.9880 | Val Acc: 0.9237 | Time: 00:00:09
Epoch 088 | Seed 42 | Rate 0.05 | Train Loss: 0.0535 | Val Loss: 0.2417 | Acc (clean): 0.9915 | Acc (poison): 0.9896 | Val Acc: 0.9248 | Time: 00:00:09
Epoch 089 | Seed 42 | Rate 0.05 | Train Loss: 0.0514 | Val Loss: 0.2431 | Acc (clean): 0.9912 | Acc (poison): 0.9892 | Val Acc: 0.9244 | Time: 00:00:09
Epoch 090 | Seed 42 | Rate 0.05 | Train Loss: 0.0541 | Val Loss: 0.2453 | Acc (clean): 0.9900 | Acc (poison): 0.9881 | Val Acc: 0.9196 | Time: 00:00:09
Epoch 091 | Seed 42 | Rate 0.05 | Train Loss: 0.0522 | Val Loss: 0.2493 | Acc (clean): 0.9910 | Acc (poison): 0.9893 | Val Acc: 0.9196 | Time: 00:00:09
Epoch 092 | Seed 42 | Rate 0.05 | Train Loss: 0.0509 | Val Loss: 0.2423 | Acc (clean): 0.9907 | Acc (poison): 0.9889 | Val Acc: 0.9241 | Time: 00:00:09
Epoch 093 | Seed 42 | Rate 0.05 | Train Loss: 0.0518 | Val Loss: 0.2453 | Acc (clean): 0.9904 | Acc (poison): 0.9884 | Val Acc: 0.9226 | Time: 00:00:09
Epoch 094 | Seed 42 | Rate 0.05 | Train Loss: 0.0508 | Val Loss: 0.2447 | Acc (clean): 0.9916 | Acc (poison): 0.9896 | Val Acc: 0.9237 | Time: 00:00:09
Epoch 095 | Seed 42 | Rate 0.05 | Train Loss: 0.0504 | Val Loss: 0.2406 | Acc (clean): 0.9912 | Acc (poison): 0.9892 | Val Acc: 0.9244 | Time: 00:00:09
Epoch 096 | Seed 42 | Rate 0.05 | Train Loss: 0.0501 | Val Loss: 0.2468 | Acc (clean): 0.9916 | Acc (poison): 0.9897 | Val Acc: 0.9248 | Time: 00:00:09
Epoch 097 | Seed 42 | Rate 0.05 | Train Loss: 0.0484 | Val Loss: 0.2457 | Acc (clean): 0.9926 | Acc (poison): 0.9907 | Val Acc: 0.9226 | Time: 00:00:09
Epoch 098 | Seed 42 | Rate 0.05 | Train Loss: 0.0497 | Val Loss: 0.2452 | Acc (clean): 0.9911 | Acc (poison): 0.9894 | Val Acc: 0.9226 | Time: 00:00:09
Epoch 099 | Seed 42 | Rate 0.05 | Train Loss: 0.0477 | Val Loss: 0.2437 | Acc (clean): 0.9923 | Acc (poison): 0.9905 | Val Acc: 0.9230 | Time: 00:00:09
Epoch 100 | Seed 42 | Rate 0.05 | Train Loss: 0.0488 | Val Loss: 0.2495 | Acc (clean): 0.9912 | Acc (poison): 0.9894 | Val Acc: 0.9230 | Time: 00:00:09
Loading train data from /home/yazanme/BachelorThesis/BachelorThesis/data/processed/resisc45/train.h5 with mapping /home/yazanme/BachelorThesis/BachelorThesis/data/processed/resisc45/poisoned/RQ2.2-dissim/seed_42/labels_0.10.pt... (in_memory=True, workers=6)
Testing torch.compile support...
Successfully compiled model using torch.compile.
Epoch 001 | Seed 42 | Rate 0.10 | Train Loss: 2.8094 | Val Loss: 2.5849 | Acc (clean): 0.2424 | Acc (poison): 0.2407 | Val Acc: 0.2689 | Time: 00:00:09
Epoch 002 | Seed 42 | Rate 0.10 | Train Loss: 1.8528 | Val Loss: 1.9733 | Acc (clean): 0.4580 | Acc (poison): 0.4558 | Val Acc: 0.4270 | Time: 00:00:09
Epoch 003 | Seed 42 | Rate 0.10 | Train Loss: 1.5106 | Val Loss: 1.5540 | Acc (clean): 0.5507 | Acc (poison): 0.5480 | Val Acc: 0.5281 | Time: 00:00:09
Epoch 004 | Seed 42 | Rate 0.10 | Train Loss: 1.2894 | Val Loss: 1.4505 | Acc (clean): 0.6128 | Acc (poison): 0.6101 | Val Acc: 0.5700 | Time: 00:00:09
Epoch 005 | Seed 42 | Rate 0.10 | Train Loss: 1.1229 | Val Loss: 1.3808 | Acc (clean): 0.6595 | Acc (poison): 0.6565 | Val Acc: 0.5759 | Time: 00:00:09
Epoch 006 | Seed 42 | Rate 0.10 | Train Loss: 0.9827 | Val Loss: 1.0709 | Acc (clean): 0.7012 | Acc (poison): 0.6981 | Val Acc: 0.6711 | Time: 00:00:09
Epoch 007 | Seed 42 | Rate 0.10 | Train Loss: 0.8800 | Val Loss: 1.1855 | Acc (clean): 0.7313 | Acc (poison): 0.7278 | Val Acc: 0.6474 | Time: 00:00:08
Epoch 008 | Seed 42 | Rate 0.10 | Train Loss: 0.7934 | Val Loss: 1.0830 | Acc (clean): 0.7567 | Acc (poison): 0.7535 | Val Acc: 0.6759 | Time: 00:00:09
Epoch 009 | Seed 42 | Rate 0.10 | Train Loss: 0.7390 | Val Loss: 2.4751 | Acc (clean): 0.7716 | Acc (poison): 0.7682 | Val Acc: 0.4289 | Time: 00:00:09
Epoch 010 | Seed 42 | Rate 0.10 | Train Loss: 0.6950 | Val Loss: 1.0815 | Acc (clean): 0.7872 | Acc (poison): 0.7839 | Val Acc: 0.6704 | Time: 00:00:09
Epoch 011 | Seed 42 | Rate 0.10 | Train Loss: 0.6731 | Val Loss: 1.2963 | Acc (clean): 0.7908 | Acc (poison): 0.7873 | Val Acc: 0.6281 | Time: 00:00:08
Epoch 012 | Seed 42 | Rate 0.10 | Train Loss: 0.6440 | Val Loss: 1.2145 | Acc (clean): 0.8000 | Acc (poison): 0.7967 | Val Acc: 0.6407 | Time: 00:00:08
Epoch 013 | Seed 42 | Rate 0.10 | Train Loss: 0.6291 | Val Loss: 1.1353 | Acc (clean): 0.8056 | Acc (poison): 0.8022 | Val Acc: 0.6637 | Time: 00:00:08
Epoch 014 | Seed 42 | Rate 0.10 | Train Loss: 0.6157 | Val Loss: 1.2386 | Acc (clean): 0.8082 | Acc (poison): 0.8046 | Val Acc: 0.6393 | Time: 00:00:08
Epoch 015 | Seed 42 | Rate 0.10 | Train Loss: 0.5974 | Val Loss: 1.1412 | Acc (clean): 0.8177 | Acc (poison): 0.8141 | Val Acc: 0.6789 | Time: 00:00:09
Epoch 016 | Seed 42 | Rate 0.10 | Train Loss: 0.5950 | Val Loss: 0.8156 | Acc (clean): 0.8179 | Acc (poison): 0.8144 | Val Acc: 0.7474 | Time: 00:00:08
Epoch 017 | Seed 42 | Rate 0.10 | Train Loss: 0.5765 | Val Loss: 1.6242 | Acc (clean): 0.8219 | Acc (poison): 0.8181 | Val Acc: 0.5719 | Time: 00:00:08
Epoch 018 | Seed 42 | Rate 0.10 | Train Loss: 0.5621 | Val Loss: 1.1827 | Acc (clean): 0.8264 | Acc (poison): 0.8229 | Val Acc: 0.6567 | Time: 00:00:08
Epoch 019 | Seed 42 | Rate 0.10 | Train Loss: 0.5806 | Val Loss: 0.9512 | Acc (clean): 0.8230 | Acc (poison): 0.8194 | Val Acc: 0.7104 | Time: 00:00:08
Epoch 020 | Seed 42 | Rate 0.10 | Train Loss: 0.5634 | Val Loss: 0.8852 | Acc (clean): 0.8270 | Acc (poison): 0.8234 | Val Acc: 0.7285 | Time: 00:00:09
Epoch 021 | Seed 42 | Rate 0.10 | Train Loss: 0.5599 | Val Loss: 1.0688 | Acc (clean): 0.8291 | Acc (poison): 0.8255 | Val Acc: 0.6956 | Time: 00:00:09
Epoch 022 | Seed 42 | Rate 0.10 | Train Loss: 0.5585 | Val Loss: 1.0431 | Acc (clean): 0.8256 | Acc (poison): 0.8217 | Val Acc: 0.6819 | Time: 00:00:09
Epoch 023 | Seed 42 | Rate 0.10 | Train Loss: 0.5551 | Val Loss: 1.3441 | Acc (clean): 0.8281 | Acc (poison): 0.8244 | Val Acc: 0.6263 | Time: 00:00:08
Epoch 024 | Seed 42 | Rate 0.10 | Train Loss: 0.5678 | Val Loss: 1.1273 | Acc (clean): 0.8278 | Acc (poison): 0.8241 | Val Acc: 0.6952 | Time: 00:00:09
Epoch 025 | Seed 42 | Rate 0.10 | Train Loss: 0.5570 | Val Loss: 1.1032 | Acc (clean): 0.8291 | Acc (poison): 0.8256 | Val Acc: 0.6704 | Time: 00:00:09
Epoch 026 | Seed 42 | Rate 0.10 | Train Loss: 0.5519 | Val Loss: 0.9882 | Acc (clean): 0.8316 | Acc (poison): 0.8281 | Val Acc: 0.6989 | Time: 00:00:08
Epoch 027 | Seed 42 | Rate 0.10 | Train Loss: 0.5407 | Val Loss: 0.8374 | Acc (clean): 0.8331 | Acc (poison): 0.8295 | Val Acc: 0.7459 | Time: 00:00:08
Epoch 028 | Seed 42 | Rate 0.10 | Train Loss: 0.5449 | Val Loss: 0.8352 | Acc (clean): 0.8317 | Acc (poison): 0.8279 | Val Acc: 0.7530 | Time: 00:00:09
Epoch 029 | Seed 42 | Rate 0.10 | Train Loss: 0.5284 | Val Loss: 0.9118 | Acc (clean): 0.8374 | Acc (poison): 0.8335 | Val Acc: 0.7300 | Time: 00:00:08
Epoch 030 | Seed 42 | Rate 0.10 | Train Loss: 0.5410 | Val Loss: 0.9542 | Acc (clean): 0.8349 | Acc (poison): 0.8312 | Val Acc: 0.6989 | Time: 00:00:09
Epoch 031 | Seed 42 | Rate 0.10 | Train Loss: 0.5382 | Val Loss: 1.0175 | Acc (clean): 0.8339 | Acc (poison): 0.8302 | Val Acc: 0.6811 | Time: 00:00:09
Epoch 032 | Seed 42 | Rate 0.10 | Train Loss: 0.5322 | Val Loss: 1.0711 | Acc (clean): 0.8367 | Acc (poison): 0.8332 | Val Acc: 0.6915 | Time: 00:00:09
Epoch 033 | Seed 42 | Rate 0.10 | Train Loss: 0.5283 | Val Loss: 0.7931 | Acc (clean): 0.8401 | Acc (poison): 0.8364 | Val Acc: 0.7622 | Time: 00:00:09
Epoch 034 | Seed 42 | Rate 0.10 | Train Loss: 0.5204 | Val Loss: 0.8858 | Acc (clean): 0.8404 | Acc (poison): 0.8367 | Val Acc: 0.7296 | Time: 00:00:09
Epoch 035 | Seed 42 | Rate 0.10 | Train Loss: 0.5300 | Val Loss: 0.8661 | Acc (clean): 0.8371 | Acc (poison): 0.8333 | Val Acc: 0.7344 | Time: 00:00:09
Epoch 036 | Seed 42 | Rate 0.10 | Train Loss: 0.5185 | Val Loss: 1.3159 | Acc (clean): 0.8406 | Acc (poison): 0.8369 | Val Acc: 0.6278 | Time: 00:00:09
Epoch 037 | Seed 42 | Rate 0.10 | Train Loss: 0.5431 | Val Loss: 1.0279 | Acc (clean): 0.8309 | Acc (poison): 0.8274 | Val Acc: 0.7052 | Time: 00:00:09
Epoch 038 | Seed 42 | Rate 0.10 | Train Loss: 0.5230 | Val Loss: 0.8670 | Acc (clean): 0.8363 | Acc (poison): 0.8326 | Val Acc: 0.7370 | Time: 00:00:09
Epoch 039 | Seed 42 | Rate 0.10 | Train Loss: 0.5028 | Val Loss: 0.6115 | Acc (clean): 0.8466 | Acc (poison): 0.8429 | Val Acc: 0.8115 | Time: 00:00:09
Epoch 040 | Seed 42 | Rate 0.10 | Train Loss: 0.5198 | Val Loss: 1.0642 | Acc (clean): 0.8414 | Acc (poison): 0.8379 | Val Acc: 0.6822 | Time: 00:00:09
Epoch 041 | Seed 42 | Rate 0.10 | Train Loss: 0.5297 | Val Loss: 0.9813 | Acc (clean): 0.8388 | Acc (poison): 0.8352 | Val Acc: 0.7104 | Time: 00:00:08
Epoch 042 | Seed 42 | Rate 0.10 | Train Loss: 0.5329 | Val Loss: 0.6133 | Acc (clean): 0.8365 | Acc (poison): 0.8327 | Val Acc: 0.8185 | Time: 00:00:09
Epoch 043 | Seed 42 | Rate 0.10 | Train Loss: 0.5171 | Val Loss: 0.8406 | Acc (clean): 0.8421 | Acc (poison): 0.8384 | Val Acc: 0.7515 | Time: 00:00:08
Epoch 044 | Seed 42 | Rate 0.10 | Train Loss: 0.5180 | Val Loss: 1.1703 | Acc (clean): 0.8411 | Acc (poison): 0.8377 | Val Acc: 0.6556 | Time: 00:00:09
Epoch 045 | Seed 42 | Rate 0.10 | Train Loss: 0.5053 | Val Loss: 1.4763 | Acc (clean): 0.8440 | Acc (poison): 0.8402 | Val Acc: 0.6000 | Time: 00:00:09
Epoch 046 | Seed 42 | Rate 0.10 | Train Loss: 0.5034 | Val Loss: 1.0228 | Acc (clean): 0.8454 | Acc (poison): 0.8417 | Val Acc: 0.7093 | Time: 00:00:09
Epoch 047 | Seed 42 | Rate 0.10 | Train Loss: 0.5012 | Val Loss: 0.8646 | Acc (clean): 0.8466 | Acc (poison): 0.8428 | Val Acc: 0.7389 | Time: 00:00:09
Epoch 048 | Seed 42 | Rate 0.10 | Train Loss: 0.5066 | Val Loss: 1.0825 | Acc (clean): 0.8440 | Acc (poison): 0.8402 | Val Acc: 0.6970 | Time: 00:00:09
Epoch 049 | Seed 42 | Rate 0.10 | Train Loss: 0.5137 | Val Loss: 0.9457 | Acc (clean): 0.8425 | Acc (poison): 0.8389 | Val Acc: 0.7215 | Time: 00:00:08
Epoch 050 | Seed 42 | Rate 0.10 | Train Loss: 0.5025 | Val Loss: 1.2346 | Acc (clean): 0.8452 | Acc (poison): 0.8416 | Val Acc: 0.6448 | Time: 00:00:09
Epoch 051 | Seed 42 | Rate 0.10 | Train Loss: 0.3007 | Val Loss: 0.3204 | Acc (clean): 0.9091 | Acc (poison): 0.9052 | Val Acc: 0.9015 | Time: 00:00:09
Epoch 052 | Seed 42 | Rate 0.10 | Train Loss: 0.2352 | Val Loss: 0.3022 | Acc (clean): 0.9315 | Acc (poison): 0.9274 | Val Acc: 0.9015 | Time: 00:00:09
Epoch 053 | Seed 42 | Rate 0.10 | Train Loss: 0.2134 | Val Loss: 0.2893 | Acc (clean): 0.9370 | Acc (poison): 0.9329 | Val Acc: 0.9052 | Time: 00:00:09
Epoch 054 | Seed 42 | Rate 0.10 | Train Loss: 0.1961 | Val Loss: 0.2891 | Acc (clean): 0.9440 | Acc (poison): 0.9398 | Val Acc: 0.9096 | Time: 00:00:09
Epoch 055 | Seed 42 | Rate 0.10 | Train Loss: 0.1921 | Val Loss: 0.2890 | Acc (clean): 0.9433 | Acc (poison): 0.9392 | Val Acc: 0.9059 | Time: 00:00:09
Epoch 056 | Seed 42 | Rate 0.10 | Train Loss: 0.1800 | Val Loss: 0.2817 | Acc (clean): 0.9491 | Acc (poison): 0.9450 | Val Acc: 0.9115 | Time: 00:00:09
Epoch 057 | Seed 42 | Rate 0.10 | Train Loss: 0.1689 | Val Loss: 0.2686 | Acc (clean): 0.9520 | Acc (poison): 0.9479 | Val Acc: 0.9130 | Time: 00:00:09
Epoch 058 | Seed 42 | Rate 0.10 | Train Loss: 0.1628 | Val Loss: 0.2696 | Acc (clean): 0.9538 | Acc (poison): 0.9496 | Val Acc: 0.9148 | Time: 00:00:09
Epoch 059 | Seed 42 | Rate 0.10 | Train Loss: 0.1596 | Val Loss: 0.2588 | Acc (clean): 0.9565 | Acc (poison): 0.9522 | Val Acc: 0.9200 | Time: 00:00:09
Epoch 060 | Seed 42 | Rate 0.10 | Train Loss: 0.1540 | Val Loss: 0.2573 | Acc (clean): 0.9579 | Acc (poison): 0.9536 | Val Acc: 0.9178 | Time: 00:00:09
Epoch 061 | Seed 42 | Rate 0.10 | Train Loss: 0.1428 | Val Loss: 0.2586 | Acc (clean): 0.9610 | Acc (poison): 0.9568 | Val Acc: 0.9204 | Time: 00:00:09
Epoch 062 | Seed 42 | Rate 0.10 | Train Loss: 0.1418 | Val Loss: 0.2624 | Acc (clean): 0.9615 | Acc (poison): 0.9573 | Val Acc: 0.9159 | Time: 00:00:09
Epoch 063 | Seed 42 | Rate 0.10 | Train Loss: 0.1344 | Val Loss: 0.2533 | Acc (clean): 0.9652 | Acc (poison): 0.9609 | Val Acc: 0.9204 | Time: 00:00:09
Epoch 064 | Seed 42 | Rate 0.10 | Train Loss: 0.1268 | Val Loss: 0.2519 | Acc (clean): 0.9673 | Acc (poison): 0.9631 | Val Acc: 0.9226 | Time: 00:00:09
Epoch 065 | Seed 42 | Rate 0.10 | Train Loss: 0.1246 | Val Loss: 0.2534 | Acc (clean): 0.9669 | Acc (poison): 0.9627 | Val Acc: 0.9204 | Time: 00:00:09
Epoch 066 | Seed 42 | Rate 0.10 | Train Loss: 0.1208 | Val Loss: 0.2623 | Acc (clean): 0.9696 | Acc (poison): 0.9653 | Val Acc: 0.9152 | Time: 00:00:09
Epoch 067 | Seed 42 | Rate 0.10 | Train Loss: 0.1198 | Val Loss: 0.2486 | Acc (clean): 0.9690 | Acc (poison): 0.9647 | Val Acc: 0.9219 | Time: 00:00:09
Epoch 068 | Seed 42 | Rate 0.10 | Train Loss: 0.1143 | Val Loss: 0.2459 | Acc (clean): 0.9716 | Acc (poison): 0.9674 | Val Acc: 0.9267 | Time: 00:00:09
Epoch 069 | Seed 42 | Rate 0.10 | Train Loss: 0.1116 | Val Loss: 0.2571 | Acc (clean): 0.9722 | Acc (poison): 0.9680 | Val Acc: 0.9211 | Time: 00:00:09
Epoch 070 | Seed 42 | Rate 0.10 | Train Loss: 0.1079 | Val Loss: 0.2707 | Acc (clean): 0.9735 | Acc (poison): 0.9693 | Val Acc: 0.9156 | Time: 00:00:08
Epoch 071 | Seed 42 | Rate 0.10 | Train Loss: 0.1074 | Val Loss: 0.2724 | Acc (clean): 0.9742 | Acc (poison): 0.9700 | Val Acc: 0.9156 | Time: 00:00:09
Epoch 072 | Seed 42 | Rate 0.10 | Train Loss: 0.1050 | Val Loss: 0.2462 | Acc (clean): 0.9748 | Acc (poison): 0.9705 | Val Acc: 0.9222 | Time: 00:00:09
Epoch 073 | Seed 42 | Rate 0.10 | Train Loss: 0.1036 | Val Loss: 0.2485 | Acc (clean): 0.9747 | Acc (poison): 0.9704 | Val Acc: 0.9233 | Time: 00:00:09
Epoch 074 | Seed 42 | Rate 0.10 | Train Loss: 0.0986 | Val Loss: 0.2574 | Acc (clean): 0.9756 | Acc (poison): 0.9714 | Val Acc: 0.9185 | Time: 00:00:09
Epoch 075 | Seed 42 | Rate 0.10 | Train Loss: 0.0996 | Val Loss: 0.2691 | Acc (clean): 0.9748 | Acc (poison): 0.9705 | Val Acc: 0.9159 | Time: 00:00:08
Epoch 076 | Seed 42 | Rate 0.10 | Train Loss: 0.0814 | Val Loss: 0.2289 | Acc (clean): 0.9837 | Acc (poison): 0.9794 | Val Acc: 0.9289 | Time: 00:00:08
Epoch 077 | Seed 42 | Rate 0.10 | Train Loss: 0.0732 | Val Loss: 0.2303 | Acc (clean): 0.9855 | Acc (poison): 0.9812 | Val Acc: 0.9293 | Time: 00:00:09
Epoch 078 | Seed 42 | Rate 0.10 | Train Loss: 0.0666 | Val Loss: 0.2268 | Acc (clean): 0.9889 | Acc (poison): 0.9845 | Val Acc: 0.9304 | Time: 00:00:09
Epoch 079 | Seed 42 | Rate 0.10 | Train Loss: 0.0680 | Val Loss: 0.2340 | Acc (clean): 0.9884 | Acc (poison): 0.9840 | Val Acc: 0.9281 | Time: 00:00:09
Epoch 080 | Seed 42 | Rate 0.10 | Train Loss: 0.0687 | Val Loss: 0.2279 | Acc (clean): 0.9886 | Acc (poison): 0.9842 | Val Acc: 0.9293 | Time: 00:00:09
Epoch 081 | Seed 42 | Rate 0.10 | Train Loss: 0.0675 | Val Loss: 0.2266 | Acc (clean): 0.9885 | Acc (poison): 0.9842 | Val Acc: 0.9293 | Time: 00:00:08
Epoch 082 | Seed 42 | Rate 0.10 | Train Loss: 0.0652 | Val Loss: 0.2271 | Acc (clean): 0.9886 | Acc (poison): 0.9843 | Val Acc: 0.9315 | Time: 00:00:08
Epoch 083 | Seed 42 | Rate 0.10 | Train Loss: 0.0633 | Val Loss: 0.2350 | Acc (clean): 0.9896 | Acc (poison): 0.9852 | Val Acc: 0.9285 | Time: 00:00:08
Epoch 084 | Seed 42 | Rate 0.10 | Train Loss: 0.0619 | Val Loss: 0.2289 | Acc (clean): 0.9900 | Acc (poison): 0.9856 | Val Acc: 0.9300 | Time: 00:00:08
Epoch 085 | Seed 42 | Rate 0.10 | Train Loss: 0.0624 | Val Loss: 0.2314 | Acc (clean): 0.9899 | Acc (poison): 0.9856 | Val Acc: 0.9263 | Time: 00:00:08
Epoch 086 | Seed 42 | Rate 0.10 | Train Loss: 0.0624 | Val Loss: 0.2277 | Acc (clean): 0.9890 | Acc (poison): 0.9847 | Val Acc: 0.9315 | Time: 00:00:08
Epoch 087 | Seed 42 | Rate 0.10 | Train Loss: 0.0615 | Val Loss: 0.2306 | Acc (clean): 0.9905 | Acc (poison): 0.9862 | Val Acc: 0.9300 | Time: 00:00:08
Epoch 088 | Seed 42 | Rate 0.10 | Train Loss: 0.0600 | Val Loss: 0.2314 | Acc (clean): 0.9912 | Acc (poison): 0.9869 | Val Acc: 0.9293 | Time: 00:00:08
Epoch 089 | Seed 42 | Rate 0.10 | Train Loss: 0.0597 | Val Loss: 0.2287 | Acc (clean): 0.9909 | Acc (poison): 0.9865 | Val Acc: 0.9307 | Time: 00:00:08
Epoch 090 | Seed 42 | Rate 0.10 | Train Loss: 0.0593 | Val Loss: 0.2303 | Acc (clean): 0.9913 | Acc (poison): 0.9870 | Val Acc: 0.9300 | Time: 00:00:08
Epoch 091 | Seed 42 | Rate 0.10 | Train Loss: 0.0590 | Val Loss: 0.2313 | Acc (clean): 0.9914 | Acc (poison): 0.9870 | Val Acc: 0.9289 | Time: 00:00:08
Epoch 092 | Seed 42 | Rate 0.10 | Train Loss: 0.0597 | Val Loss: 0.2287 | Acc (clean): 0.9908 | Acc (poison): 0.9864 | Val Acc: 0.9307 | Time: 00:00:08
Epoch 093 | Seed 42 | Rate 0.10 | Train Loss: 0.0577 | Val Loss: 0.2306 | Acc (clean): 0.9922 | Acc (poison): 0.9880 | Val Acc: 0.9278 | Time: 00:00:08
Epoch 094 | Seed 42 | Rate 0.10 | Train Loss: 0.0586 | Val Loss: 0.2349 | Acc (clean): 0.9898 | Acc (poison): 0.9854 | Val Acc: 0.9300 | Time: 00:00:08
Epoch 095 | Seed 42 | Rate 0.10 | Train Loss: 0.0589 | Val Loss: 0.2274 | Acc (clean): 0.9898 | Acc (poison): 0.9854 | Val Acc: 0.9315 | Time: 00:00:08
Epoch 096 | Seed 42 | Rate 0.10 | Train Loss: 0.0587 | Val Loss: 0.2308 | Acc (clean): 0.9909 | Acc (poison): 0.9865 | Val Acc: 0.9278 | Time: 00:00:08
Epoch 097 | Seed 42 | Rate 0.10 | Train Loss: 0.0559 | Val Loss: 0.2292 | Acc (clean): 0.9921 | Acc (poison): 0.9877 | Val Acc: 0.9293 | Time: 00:00:09
Epoch 098 | Seed 42 | Rate 0.10 | Train Loss: 0.0558 | Val Loss: 0.2309 | Acc (clean): 0.9920 | Acc (poison): 0.9877 | Val Acc: 0.9293 | Time: 00:00:08
Epoch 099 | Seed 42 | Rate 0.10 | Train Loss: 0.0550 | Val Loss: 0.2304 | Acc (clean): 0.9921 | Acc (poison): 0.9877 | Val Acc: 0.9311 | Time: 00:00:08
Epoch 100 | Seed 42 | Rate 0.10 | Train Loss: 0.0555 | Val Loss: 0.2303 | Acc (clean): 0.9918 | Acc (poison): 0.9875 | Val Acc: 0.9285 | Time: 00:00:08
Loading train data from /home/yazanme/BachelorThesis/BachelorThesis/data/processed/resisc45/train.h5 with mapping /home/yazanme/BachelorThesis/BachelorThesis/data/processed/resisc45/poisoned/RQ2.2-dissim/seed_42/labels_0.20.pt... (in_memory=True, workers=6)
Testing torch.compile support...
Successfully compiled model using torch.compile.
Epoch 001 | Seed 42 | Rate 0.20 | Train Loss: 2.8310 | Val Loss: 2.6602 | Acc (clean): 0.2333 | Acc (poison): 0.2302 | Val Acc: 0.2656 | Time: 00:00:10
Epoch 002 | Seed 42 | Rate 0.20 | Train Loss: 1.9237 | Val Loss: 2.2949 | Acc (clean): 0.4402 | Acc (poison): 0.4361 | Val Acc: 0.3626 | Time: 00:00:09
Epoch 003 | Seed 42 | Rate 0.20 | Train Loss: 1.5933 | Val Loss: 2.0016 | Acc (clean): 0.5316 | Acc (poison): 0.5270 | Val Acc: 0.4363 | Time: 00:00:09
Epoch 004 | Seed 42 | Rate 0.20 | Train Loss: 1.3720 | Val Loss: 1.6585 | Acc (clean): 0.5935 | Acc (poison): 0.5883 | Val Acc: 0.5137 | Time: 00:00:09
Epoch 005 | Seed 42 | Rate 0.20 | Train Loss: 1.2040 | Val Loss: 1.7543 | Acc (clean): 0.6401 | Acc (poison): 0.6345 | Val Acc: 0.5181 | Time: 00:00:09
Epoch 006 | Seed 42 | Rate 0.20 | Train Loss: 1.0543 | Val Loss: 1.3594 | Acc (clean): 0.6821 | Acc (poison): 0.6761 | Val Acc: 0.6111 | Time: 00:00:09
Epoch 007 | Seed 42 | Rate 0.20 | Train Loss: 0.9284 | Val Loss: 1.1190 | Acc (clean): 0.7213 | Acc (poison): 0.7149 | Val Acc: 0.6704 | Time: 00:00:08
Epoch 008 | Seed 42 | Rate 0.20 | Train Loss: 0.8403 | Val Loss: 1.1524 | Acc (clean): 0.7449 | Acc (poison): 0.7384 | Val Acc: 0.6481 | Time: 00:00:09
Epoch 009 | Seed 42 | Rate 0.20 | Train Loss: 0.7704 | Val Loss: 1.4119 | Acc (clean): 0.7658 | Acc (poison): 0.7590 | Val Acc: 0.5911 | Time: 00:00:09
Epoch 010 | Seed 42 | Rate 0.20 | Train Loss: 0.7213 | Val Loss: 0.8785 | Acc (clean): 0.7791 | Acc (poison): 0.7719 | Val Acc: 0.7252 | Time: 00:00:09
Epoch 011 | Seed 42 | Rate 0.20 | Train Loss: 0.6871 | Val Loss: 0.9635 | Acc (clean): 0.7895 | Acc (poison): 0.7820 | Val Acc: 0.7044 | Time: 00:00:09
Epoch 012 | Seed 42 | Rate 0.20 | Train Loss: 0.6610 | Val Loss: 1.0242 | Acc (clean): 0.7999 | Acc (poison): 0.7928 | Val Acc: 0.6967 | Time: 00:00:09
Epoch 013 | Seed 42 | Rate 0.20 | Train Loss: 0.6351 | Val Loss: 0.9749 | Acc (clean): 0.8093 | Acc (poison): 0.8024 | Val Acc: 0.7137 | Time: 00:00:09
Epoch 014 | Seed 42 | Rate 0.20 | Train Loss: 0.6304 | Val Loss: 1.0176 | Acc (clean): 0.8078 | Acc (poison): 0.8005 | Val Acc: 0.7152 | Time: 00:00:09
Epoch 015 | Seed 42 | Rate 0.20 | Train Loss: 0.6082 | Val Loss: 1.0645 | Acc (clean): 0.8166 | Acc (poison): 0.8098 | Val Acc: 0.6963 | Time: 00:00:09
Epoch 016 | Seed 42 | Rate 0.20 | Train Loss: 0.5971 | Val Loss: 0.9692 | Acc (clean): 0.8181 | Acc (poison): 0.8108 | Val Acc: 0.7074 | Time: 00:00:09
Epoch 017 | Seed 42 | Rate 0.20 | Train Loss: 0.5950 | Val Loss: 1.3607 | Acc (clean): 0.8178 | Acc (poison): 0.8105 | Val Acc: 0.6211 | Time: 00:00:09
Epoch 018 | Seed 42 | Rate 0.20 | Train Loss: 0.5750 | Val Loss: 0.8417 | Acc (clean): 0.8226 | Acc (poison): 0.8153 | Val Acc: 0.7370 | Time: 00:00:09
Epoch 019 | Seed 42 | Rate 0.20 | Train Loss: 0.5838 | Val Loss: 1.0401 | Acc (clean): 0.8231 | Acc (poison): 0.8156 | Val Acc: 0.6841 | Time: 00:00:09
Epoch 020 | Seed 42 | Rate 0.20 | Train Loss: 0.5761 | Val Loss: 0.9300 | Acc (clean): 0.8253 | Acc (poison): 0.8180 | Val Acc: 0.7256 | Time: 00:00:08
Epoch 021 | Seed 42 | Rate 0.20 | Train Loss: 0.5819 | Val Loss: 0.9992 | Acc (clean): 0.8259 | Acc (poison): 0.8188 | Val Acc: 0.7096 | Time: 00:00:09
Epoch 022 | Seed 42 | Rate 0.20 | Train Loss: 0.5745 | Val Loss: 0.8499 | Acc (clean): 0.8267 | Acc (poison): 0.8190 | Val Acc: 0.7356 | Time: 00:00:09
Epoch 023 | Seed 42 | Rate 0.20 | Train Loss: 0.5644 | Val Loss: 1.0106 | Acc (clean): 0.8282 | Acc (poison): 0.8205 | Val Acc: 0.7104 | Time: 00:00:08
Epoch 024 | Seed 42 | Rate 0.20 | Train Loss: 0.5692 | Val Loss: 1.0653 | Acc (clean): 0.8271 | Acc (poison): 0.8197 | Val Acc: 0.7163 | Time: 00:00:09
Epoch 025 | Seed 42 | Rate 0.20 | Train Loss: 0.5725 | Val Loss: 0.7463 | Acc (clean): 0.8246 | Acc (poison): 0.8170 | Val Acc: 0.7641 | Time: 00:00:09
Epoch 026 | Seed 42 | Rate 0.20 | Train Loss: 0.5600 | Val Loss: 1.0987 | Acc (clean): 0.8295 | Acc (poison): 0.8225 | Val Acc: 0.6881 | Time: 00:00:09
Epoch 027 | Seed 42 | Rate 0.20 | Train Loss: 0.5622 | Val Loss: 0.9002 | Acc (clean): 0.8286 | Acc (poison): 0.8215 | Val Acc: 0.7404 | Time: 00:00:09
Epoch 028 | Seed 42 | Rate 0.20 | Train Loss: 0.5530 | Val Loss: 0.6939 | Acc (clean): 0.8315 | Acc (poison): 0.8245 | Val Acc: 0.7889 | Time: 00:00:09
Epoch 029 | Seed 42 | Rate 0.20 | Train Loss: 0.5407 | Val Loss: 0.8942 | Acc (clean): 0.8346 | Acc (poison): 0.8272 | Val Acc: 0.7259 | Time: 00:00:09
Epoch 030 | Seed 42 | Rate 0.20 | Train Loss: 0.5649 | Val Loss: 1.0284 | Acc (clean): 0.8288 | Acc (poison): 0.8215 | Val Acc: 0.6981 | Time: 00:00:09
Epoch 031 | Seed 42 | Rate 0.20 | Train Loss: 0.5560 | Val Loss: 0.9345 | Acc (clean): 0.8317 | Acc (poison): 0.8244 | Val Acc: 0.7281 | Time: 00:00:09
Epoch 032 | Seed 42 | Rate 0.20 | Train Loss: 0.5434 | Val Loss: 0.8695 | Acc (clean): 0.8351 | Acc (poison): 0.8272 | Val Acc: 0.7500 | Time: 00:00:09
Epoch 033 | Seed 42 | Rate 0.20 | Train Loss: 0.5511 | Val Loss: 0.8776 | Acc (clean): 0.8328 | Acc (poison): 0.8252 | Val Acc: 0.7470 | Time: 00:00:08
Epoch 034 | Seed 42 | Rate 0.20 | Train Loss: 0.5425 | Val Loss: 0.7639 | Acc (clean): 0.8343 | Acc (poison): 0.8271 | Val Acc: 0.7685 | Time: 00:00:09
Epoch 035 | Seed 42 | Rate 0.20 | Train Loss: 0.5528 | Val Loss: 1.0491 | Acc (clean): 0.8334 | Acc (poison): 0.8259 | Val Acc: 0.6863 | Time: 00:00:09
Epoch 036 | Seed 42 | Rate 0.20 | Train Loss: 0.5408 | Val Loss: 0.8565 | Acc (clean): 0.8363 | Acc (poison): 0.8287 | Val Acc: 0.7315 | Time: 00:00:09
Epoch 037 | Seed 42 | Rate 0.20 | Train Loss: 0.5518 | Val Loss: 1.4431 | Acc (clean): 0.8347 | Acc (poison): 0.8273 | Val Acc: 0.6085 | Time: 00:00:09
Epoch 038 | Seed 42 | Rate 0.20 | Train Loss: 0.5352 | Val Loss: 0.7913 | Acc (clean): 0.8380 | Acc (poison): 0.8307 | Val Acc: 0.7678 | Time: 00:00:09
Epoch 039 | Seed 42 | Rate 0.20 | Train Loss: 0.5332 | Val Loss: 0.8670 | Acc (clean): 0.8367 | Acc (poison): 0.8291 | Val Acc: 0.7326 | Time: 00:00:09
Epoch 040 | Seed 42 | Rate 0.20 | Train Loss: 0.5332 | Val Loss: 1.2263 | Acc (clean): 0.8412 | Acc (poison): 0.8336 | Val Acc: 0.6567 | Time: 00:00:09
Epoch 041 | Seed 42 | Rate 0.20 | Train Loss: 0.5308 | Val Loss: 0.8663 | Acc (clean): 0.8390 | Acc (poison): 0.8315 | Val Acc: 0.7419 | Time: 00:00:09
Epoch 042 | Seed 42 | Rate 0.20 | Train Loss: 0.5330 | Val Loss: 1.3209 | Acc (clean): 0.8396 | Acc (poison): 0.8323 | Val Acc: 0.6300 | Time: 00:00:09
Epoch 043 | Seed 42 | Rate 0.20 | Train Loss: 0.5340 | Val Loss: 1.1443 | Acc (clean): 0.8410 | Acc (poison): 0.8338 | Val Acc: 0.6652 | Time: 00:00:09
Epoch 044 | Seed 42 | Rate 0.20 | Train Loss: 0.5222 | Val Loss: 1.0411 | Acc (clean): 0.8400 | Acc (poison): 0.8329 | Val Acc: 0.6826 | Time: 00:00:09
Epoch 045 | Seed 42 | Rate 0.20 | Train Loss: 0.5183 | Val Loss: 0.8430 | Acc (clean): 0.8407 | Acc (poison): 0.8339 | Val Acc: 0.7444 | Time: 00:00:09
Epoch 046 | Seed 42 | Rate 0.20 | Train Loss: 0.5243 | Val Loss: 1.1510 | Acc (clean): 0.8408 | Acc (poison): 0.8336 | Val Acc: 0.6589 | Time: 00:00:09
Epoch 047 | Seed 42 | Rate 0.20 | Train Loss: 0.5269 | Val Loss: 1.2663 | Acc (clean): 0.8403 | Acc (poison): 0.8330 | Val Acc: 0.6404 | Time: 00:00:09
Epoch 048 | Seed 42 | Rate 0.20 | Train Loss: 0.5215 | Val Loss: 1.0953 | Acc (clean): 0.8423 | Acc (poison): 0.8346 | Val Acc: 0.6867 | Time: 00:00:08
Epoch 049 | Seed 42 | Rate 0.20 | Train Loss: 0.5123 | Val Loss: 1.0153 | Acc (clean): 0.8457 | Acc (poison): 0.8382 | Val Acc: 0.7059 | Time: 00:00:09
Epoch 050 | Seed 42 | Rate 0.20 | Train Loss: 0.5212 | Val Loss: 0.9062 | Acc (clean): 0.8412 | Acc (poison): 0.8338 | Val Acc: 0.7267 | Time: 00:00:09
Epoch 051 | Seed 42 | Rate 0.20 | Train Loss: 0.3162 | Val Loss: 0.3295 | Acc (clean): 0.9080 | Acc (poison): 0.9000 | Val Acc: 0.8985 | Time: 00:00:09
Epoch 052 | Seed 42 | Rate 0.20 | Train Loss: 0.2434 | Val Loss: 0.3119 | Acc (clean): 0.9292 | Acc (poison): 0.9208 | Val Acc: 0.9015 | Time: 00:00:09
Epoch 053 | Seed 42 | Rate 0.20 | Train Loss: 0.2242 | Val Loss: 0.2946 | Acc (clean): 0.9374 | Acc (poison): 0.9288 | Val Acc: 0.9070 | Time: 00:00:09
Epoch 054 | Seed 42 | Rate 0.20 | Train Loss: 0.2072 | Val Loss: 0.2938 | Acc (clean): 0.9428 | Acc (poison): 0.9342 | Val Acc: 0.9067 | Time: 00:00:09
Epoch 055 | Seed 42 | Rate 0.20 | Train Loss: 0.1999 | Val Loss: 0.2907 | Acc (clean): 0.9441 | Acc (poison): 0.9355 | Val Acc: 0.9052 | Time: 00:00:09
Epoch 056 | Seed 42 | Rate 0.20 | Train Loss: 0.1902 | Val Loss: 0.2787 | Acc (clean): 0.9478 | Acc (poison): 0.9393 | Val Acc: 0.9115 | Time: 00:00:09
Epoch 057 | Seed 42 | Rate 0.20 | Train Loss: 0.1786 | Val Loss: 0.2752 | Acc (clean): 0.9529 | Acc (poison): 0.9443 | Val Acc: 0.9100 | Time: 00:00:09
Epoch 058 | Seed 42 | Rate 0.20 | Train Loss: 0.1697 | Val Loss: 0.2735 | Acc (clean): 0.9546 | Acc (poison): 0.9460 | Val Acc: 0.9115 | Time: 00:00:09
Epoch 059 | Seed 42 | Rate 0.20 | Train Loss: 0.1634 | Val Loss: 0.2802 | Acc (clean): 0.9581 | Acc (poison): 0.9496 | Val Acc: 0.9174 | Time: 00:00:09
Epoch 060 | Seed 42 | Rate 0.20 | Train Loss: 0.1578 | Val Loss: 0.2699 | Acc (clean): 0.9595 | Acc (poison): 0.9509 | Val Acc: 0.9119 | Time: 00:00:09
Epoch 061 | Seed 42 | Rate 0.20 | Train Loss: 0.1518 | Val Loss: 0.2689 | Acc (clean): 0.9626 | Acc (poison): 0.9540 | Val Acc: 0.9163 | Time: 00:00:09
Epoch 062 | Seed 42 | Rate 0.20 | Train Loss: 0.1471 | Val Loss: 0.2675 | Acc (clean): 0.9628 | Acc (poison): 0.9541 | Val Acc: 0.9122 | Time: 00:00:09
Epoch 063 | Seed 42 | Rate 0.20 | Train Loss: 0.1424 | Val Loss: 0.2725 | Acc (clean): 0.9640 | Acc (poison): 0.9555 | Val Acc: 0.9159 | Time: 00:00:09
Epoch 064 | Seed 42 | Rate 0.20 | Train Loss: 0.1349 | Val Loss: 0.2630 | Acc (clean): 0.9681 | Acc (poison): 0.9597 | Val Acc: 0.9159 | Time: 00:00:09
Epoch 065 | Seed 42 | Rate 0.20 | Train Loss: 0.1317 | Val Loss: 0.2702 | Acc (clean): 0.9686 | Acc (poison): 0.9601 | Val Acc: 0.9185 | Time: 00:00:09
Epoch 066 | Seed 42 | Rate 0.20 | Train Loss: 0.1263 | Val Loss: 0.2630 | Acc (clean): 0.9713 | Acc (poison): 0.9629 | Val Acc: 0.9170 | Time: 00:00:09
Epoch 067 | Seed 42 | Rate 0.20 | Train Loss: 0.1253 | Val Loss: 0.2745 | Acc (clean): 0.9701 | Acc (poison): 0.9614 | Val Acc: 0.9156 | Time: 00:00:09
Epoch 068 | Seed 42 | Rate 0.20 | Train Loss: 0.1240 | Val Loss: 0.2626 | Acc (clean): 0.9700 | Acc (poison): 0.9616 | Val Acc: 0.9144 | Time: 00:00:09
Epoch 069 | Seed 42 | Rate 0.20 | Train Loss: 0.1195 | Val Loss: 0.2703 | Acc (clean): 0.9720 | Acc (poison): 0.9636 | Val Acc: 0.9159 | Time: 00:00:09
Epoch 070 | Seed 42 | Rate 0.20 | Train Loss: 0.1165 | Val Loss: 0.2714 | Acc (clean): 0.9724 | Acc (poison): 0.9639 | Val Acc: 0.9137 | Time: 00:00:09
Epoch 071 | Seed 42 | Rate 0.20 | Train Loss: 0.1150 | Val Loss: 0.2783 | Acc (clean): 0.9740 | Acc (poison): 0.9653 | Val Acc: 0.9122 | Time: 00:00:09
Epoch 072 | Seed 42 | Rate 0.20 | Train Loss: 0.1126 | Val Loss: 0.2679 | Acc (clean): 0.9744 | Acc (poison): 0.9658 | Val Acc: 0.9185 | Time: 00:00:09
Epoch 073 | Seed 42 | Rate 0.20 | Train Loss: 0.1117 | Val Loss: 0.2741 | Acc (clean): 0.9746 | Acc (poison): 0.9661 | Val Acc: 0.9078 | Time: 00:00:09
Epoch 074 | Seed 42 | Rate 0.20 | Train Loss: 0.1045 | Val Loss: 0.2589 | Acc (clean): 0.9772 | Acc (poison): 0.9688 | Val Acc: 0.9193 | Time: 00:00:09
Epoch 075 | Seed 42 | Rate 0.20 | Train Loss: 0.1044 | Val Loss: 0.2850 | Acc (clean): 0.9762 | Acc (poison): 0.9676 | Val Acc: 0.9096 | Time: 00:00:08
Epoch 076 | Seed 42 | Rate 0.20 | Train Loss: 0.0867 | Val Loss: 0.2401 | Acc (clean): 0.9837 | Acc (poison): 0.9755 | Val Acc: 0.9237 | Time: 00:00:09
Epoch 077 | Seed 42 | Rate 0.20 | Train Loss: 0.0807 | Val Loss: 0.2475 | Acc (clean): 0.9860 | Acc (poison): 0.9774 | Val Acc: 0.9233 | Time: 00:00:09
Epoch 078 | Seed 42 | Rate 0.20 | Train Loss: 0.0752 | Val Loss: 0.2417 | Acc (clean): 0.9884 | Acc (poison): 0.9800 | Val Acc: 0.9230 | Time: 00:00:08
Epoch 079 | Seed 42 | Rate 0.20 | Train Loss: 0.0767 | Val Loss: 0.2461 | Acc (clean): 0.9877 | Acc (poison): 0.9791 | Val Acc: 0.9219 | Time: 00:00:08
Epoch 080 | Seed 42 | Rate 0.20 | Train Loss: 0.0747 | Val Loss: 0.2415 | Acc (clean): 0.9887 | Acc (poison): 0.9803 | Val Acc: 0.9233 | Time: 00:00:08
Epoch 081 | Seed 42 | Rate 0.20 | Train Loss: 0.0737 | Val Loss: 0.2419 | Acc (clean): 0.9883 | Acc (poison): 0.9798 | Val Acc: 0.9241 | Time: 00:00:08
Epoch 082 | Seed 42 | Rate 0.20 | Train Loss: 0.0731 | Val Loss: 0.2432 | Acc (clean): 0.9891 | Acc (poison): 0.9805 | Val Acc: 0.9270 | Time: 00:00:08
Epoch 083 | Seed 42 | Rate 0.20 | Train Loss: 0.0709 | Val Loss: 0.2507 | Acc (clean): 0.9891 | Acc (poison): 0.9808 | Val Acc: 0.9233 | Time: 00:00:08
Epoch 084 | Seed 42 | Rate 0.20 | Train Loss: 0.0717 | Val Loss: 0.2458 | Acc (clean): 0.9881 | Acc (poison): 0.9795 | Val Acc: 0.9226 | Time: 00:00:08
Epoch 085 | Seed 42 | Rate 0.20 | Train Loss: 0.0704 | Val Loss: 0.2446 | Acc (clean): 0.9899 | Acc (poison): 0.9814 | Val Acc: 0.9263 | Time: 00:00:08
Epoch 086 | Seed 42 | Rate 0.20 | Train Loss: 0.0698 | Val Loss: 0.2404 | Acc (clean): 0.9901 | Acc (poison): 0.9818 | Val Acc: 0.9252 | Time: 00:00:08
Epoch 087 | Seed 42 | Rate 0.20 | Train Loss: 0.0690 | Val Loss: 0.2464 | Acc (clean): 0.9898 | Acc (poison): 0.9815 | Val Acc: 0.9230 | Time: 00:00:08
Epoch 088 | Seed 42 | Rate 0.20 | Train Loss: 0.0680 | Val Loss: 0.2459 | Acc (clean): 0.9901 | Acc (poison): 0.9821 | Val Acc: 0.9270 | Time: 00:00:08
Epoch 089 | Seed 42 | Rate 0.20 | Train Loss: 0.0668 | Val Loss: 0.2451 | Acc (clean): 0.9908 | Acc (poison): 0.9826 | Val Acc: 0.9226 | Time: 00:00:08
Epoch 090 | Seed 42 | Rate 0.20 | Train Loss: 0.0703 | Val Loss: 0.2494 | Acc (clean): 0.9899 | Acc (poison): 0.9816 | Val Acc: 0.9248 | Time: 00:00:08
Epoch 091 | Seed 42 | Rate 0.20 | Train Loss: 0.0660 | Val Loss: 0.2491 | Acc (clean): 0.9909 | Acc (poison): 0.9829 | Val Acc: 0.9237 | Time: 00:00:08
Epoch 092 | Seed 42 | Rate 0.20 | Train Loss: 0.0656 | Val Loss: 0.2475 | Acc (clean): 0.9909 | Acc (poison): 0.9826 | Val Acc: 0.9244 | Time: 00:00:08
Epoch 093 | Seed 42 | Rate 0.20 | Train Loss: 0.0665 | Val Loss: 0.2475 | Acc (clean): 0.9904 | Acc (poison): 0.9825 | Val Acc: 0.9226 | Time: 00:00:08
Epoch 094 | Seed 42 | Rate 0.20 | Train Loss: 0.0649 | Val Loss: 0.2491 | Acc (clean): 0.9906 | Acc (poison): 0.9824 | Val Acc: 0.9222 | Time: 00:00:09
Epoch 095 | Seed 42 | Rate 0.20 | Train Loss: 0.0644 | Val Loss: 0.2449 | Acc (clean): 0.9907 | Acc (poison): 0.9831 | Val Acc: 0.9248 | Time: 00:00:08
Epoch 096 | Seed 42 | Rate 0.20 | Train Loss: 0.0657 | Val Loss: 0.2491 | Acc (clean): 0.9908 | Acc (poison): 0.9828 | Val Acc: 0.9207 | Time: 00:00:09
Epoch 097 | Seed 42 | Rate 0.20 | Train Loss: 0.0647 | Val Loss: 0.2497 | Acc (clean): 0.9910 | Acc (poison): 0.9831 | Val Acc: 0.9222 | Time: 00:00:09
Epoch 098 | Seed 42 | Rate 0.20 | Train Loss: 0.0633 | Val Loss: 0.2470 | Acc (clean): 0.9917 | Acc (poison): 0.9838 | Val Acc: 0.9259 | Time: 00:00:09
Epoch 099 | Seed 42 | Rate 0.20 | Train Loss: 0.0627 | Val Loss: 0.2478 | Acc (clean): 0.9913 | Acc (poison): 0.9835 | Val Acc: 0.9226 | Time: 00:00:09
Epoch 100 | Seed 42 | Rate 0.20 | Train Loss: 0.0616 | Val Loss: 0.2497 | Acc (clean): 0.9919 | Acc (poison): 0.9841 | Val Acc: 0.9211 | Time: 00:00:09
Loading train data from /home/yazanme/BachelorThesis/BachelorThesis/data/processed/resisc45/train.h5 with mapping /home/yazanme/BachelorThesis/BachelorThesis/data/processed/resisc45/poisoned/RQ2.2-dissim/seed_42/labels_0.50.pt... (in_memory=True, workers=6)
Testing torch.compile support...
Successfully compiled model using torch.compile.
Epoch 001 | Seed 42 | Rate 0.50 | Train Loss: 2.8670 | Val Loss: 2.3726 | Acc (clean): 0.2279 | Acc (poison): 0.2278 | Val Acc: 0.3141 | Time: 00:00:10
Epoch 002 | Seed 42 | Rate 0.50 | Train Loss: 1.9307 | Val Loss: 1.9898 | Acc (clean): 0.4371 | Acc (poison): 0.4375 | Val Acc: 0.4248 | Time: 00:00:09
Epoch 003 | Seed 42 | Rate 0.50 | Train Loss: 1.5875 | Val Loss: 1.6347 | Acc (clean): 0.5245 | Acc (poison): 0.5242 | Val Acc: 0.5263 | Time: 00:00:09
Epoch 004 | Seed 42 | Rate 0.50 | Train Loss: 1.3615 | Val Loss: 1.8348 | Acc (clean): 0.5862 | Acc (poison): 0.5858 | Val Acc: 0.4537 | Time: 00:00:09
Epoch 005 | Seed 42 | Rate 0.50 | Train Loss: 1.1842 | Val Loss: 1.2397 | Acc (clean): 0.6341 | Acc (poison): 0.6337 | Val Acc: 0.6167 | Time: 00:00:09
Epoch 006 | Seed 42 | Rate 0.50 | Train Loss: 1.0240 | Val Loss: 1.2587 | Acc (clean): 0.6785 | Acc (poison): 0.6782 | Val Acc: 0.6181 | Time: 00:00:09
Epoch 007 | Seed 42 | Rate 0.50 | Train Loss: 0.9028 | Val Loss: 1.0503 | Acc (clean): 0.7112 | Acc (poison): 0.7104 | Val Acc: 0.6656 | Time: 00:00:09
Epoch 008 | Seed 42 | Rate 0.50 | Train Loss: 0.8116 | Val Loss: 1.0628 | Acc (clean): 0.7420 | Acc (poison): 0.7405 | Val Acc: 0.6774 | Time: 00:00:09
Epoch 009 | Seed 42 | Rate 0.50 | Train Loss: 0.7613 | Val Loss: 1.7814 | Acc (clean): 0.7521 | Acc (poison): 0.7526 | Val Acc: 0.5233 | Time: 00:00:09
Epoch 010 | Seed 42 | Rate 0.50 | Train Loss: 0.7066 | Val Loss: 1.0226 | Acc (clean): 0.7682 | Acc (poison): 0.7691 | Val Acc: 0.6848 | Time: 00:00:09
Epoch 011 | Seed 42 | Rate 0.50 | Train Loss: 0.6810 | Val Loss: 1.2535 | Acc (clean): 0.7777 | Acc (poison): 0.7758 | Val Acc: 0.6311 | Time: 00:00:09
Epoch 012 | Seed 42 | Rate 0.50 | Train Loss: 0.6541 | Val Loss: 1.0617 | Acc (clean): 0.7876 | Acc (poison): 0.7872 | Val Acc: 0.6630 | Time: 00:00:09
Epoch 013 | Seed 42 | Rate 0.50 | Train Loss: 0.6310 | Val Loss: 1.0448 | Acc (clean): 0.7958 | Acc (poison): 0.7953 | Val Acc: 0.6833 | Time: 00:00:09
Epoch 014 | Seed 42 | Rate 0.50 | Train Loss: 0.6252 | Val Loss: 0.8758 | Acc (clean): 0.7962 | Acc (poison): 0.7960 | Val Acc: 0.7330 | Time: 00:00:09
Epoch 015 | Seed 42 | Rate 0.50 | Train Loss: 0.6015 | Val Loss: 1.4796 | Acc (clean): 0.8046 | Acc (poison): 0.8025 | Val Acc: 0.5893 | Time: 00:00:09
Epoch 016 | Seed 42 | Rate 0.50 | Train Loss: 0.5955 | Val Loss: 0.8661 | Acc (clean): 0.8044 | Acc (poison): 0.8045 | Val Acc: 0.7178 | Time: 00:00:09
Epoch 017 | Seed 42 | Rate 0.50 | Train Loss: 0.5899 | Val Loss: 0.9787 | Acc (clean): 0.8064 | Acc (poison): 0.8056 | Val Acc: 0.6930 | Time: 00:00:09
Epoch 018 | Seed 42 | Rate 0.50 | Train Loss: 0.5869 | Val Loss: 0.7576 | Acc (clean): 0.8037 | Acc (poison): 0.8058 | Val Acc: 0.7600 | Time: 00:00:09
Epoch 019 | Seed 42 | Rate 0.50 | Train Loss: 0.5835 | Val Loss: 1.0550 | Acc (clean): 0.8100 | Acc (poison): 0.8090 | Val Acc: 0.6833 | Time: 00:00:09
Epoch 020 | Seed 42 | Rate 0.50 | Train Loss: 0.5668 | Val Loss: 0.8298 | Acc (clean): 0.8127 | Acc (poison): 0.8146 | Val Acc: 0.7404 | Time: 00:00:09
Epoch 021 | Seed 42 | Rate 0.50 | Train Loss: 0.5608 | Val Loss: 1.1029 | Acc (clean): 0.8172 | Acc (poison): 0.8164 | Val Acc: 0.6837 | Time: 00:00:09
Epoch 022 | Seed 42 | Rate 0.50 | Train Loss: 0.5635 | Val Loss: 0.9419 | Acc (clean): 0.8137 | Acc (poison): 0.8137 | Val Acc: 0.7196 | Time: 00:00:09
Epoch 023 | Seed 42 | Rate 0.50 | Train Loss: 0.5625 | Val Loss: 1.2148 | Acc (clean): 0.8146 | Acc (poison): 0.8134 | Val Acc: 0.6656 | Time: 00:00:09
Epoch 024 | Seed 42 | Rate 0.50 | Train Loss: 0.5599 | Val Loss: 1.0409 | Acc (clean): 0.8166 | Acc (poison): 0.8173 | Val Acc: 0.6915 | Time: 00:00:09
Epoch 025 | Seed 42 | Rate 0.50 | Train Loss: 0.5633 | Val Loss: 1.4498 | Acc (clean): 0.8147 | Acc (poison): 0.8151 | Val Acc: 0.5944 | Time: 00:00:09
Epoch 026 | Seed 42 | Rate 0.50 | Train Loss: 0.5472 | Val Loss: 0.8991 | Acc (clean): 0.8174 | Acc (poison): 0.8154 | Val Acc: 0.7126 | Time: 00:00:09
Epoch 027 | Seed 42 | Rate 0.50 | Train Loss: 0.5494 | Val Loss: 0.8327 | Acc (clean): 0.8165 | Acc (poison): 0.8183 | Val Acc: 0.7411 | Time: 00:00:09
Epoch 028 | Seed 42 | Rate 0.50 | Train Loss: 0.5458 | Val Loss: 1.0784 | Acc (clean): 0.8196 | Acc (poison): 0.8205 | Val Acc: 0.6967 | Time: 00:00:09
Epoch 029 | Seed 42 | Rate 0.50 | Train Loss: 0.5463 | Val Loss: 1.1765 | Acc (clean): 0.8181 | Acc (poison): 0.8184 | Val Acc: 0.6685 | Time: 00:00:09
Epoch 030 | Seed 42 | Rate 0.50 | Train Loss: 0.5463 | Val Loss: 1.0163 | Acc (clean): 0.8199 | Acc (poison): 0.8216 | Val Acc: 0.7070 | Time: 00:00:09
Epoch 031 | Seed 42 | Rate 0.50 | Train Loss: 0.5334 | Val Loss: 0.9330 | Acc (clean): 0.8225 | Acc (poison): 0.8237 | Val Acc: 0.6952 | Time: 00:00:09
Epoch 032 | Seed 42 | Rate 0.50 | Train Loss: 0.5497 | Val Loss: 0.7727 | Acc (clean): 0.8160 | Acc (poison): 0.8174 | Val Acc: 0.7733 | Time: 00:00:09
Epoch 033 | Seed 42 | Rate 0.50 | Train Loss: 0.5461 | Val Loss: 0.7309 | Acc (clean): 0.8236 | Acc (poison): 0.8221 | Val Acc: 0.7648 | Time: 00:00:09
Epoch 034 | Seed 42 | Rate 0.50 | Train Loss: 0.5203 | Val Loss: 0.9806 | Acc (clean): 0.8255 | Acc (poison): 0.8273 | Val Acc: 0.7163 | Time: 00:00:09
Epoch 035 | Seed 42 | Rate 0.50 | Train Loss: 0.5441 | Val Loss: 0.9575 | Acc (clean): 0.8197 | Acc (poison): 0.8201 | Val Acc: 0.7000 | Time: 00:00:09
Epoch 036 | Seed 42 | Rate 0.50 | Train Loss: 0.5395 | Val Loss: 1.3274 | Acc (clean): 0.8201 | Acc (poison): 0.8216 | Val Acc: 0.6159 | Time: 00:00:09
Epoch 037 | Seed 42 | Rate 0.50 | Train Loss: 0.5344 | Val Loss: 1.5427 | Acc (clean): 0.8245 | Acc (poison): 0.8228 | Val Acc: 0.5715 | Time: 00:00:09
Epoch 038 | Seed 42 | Rate 0.50 | Train Loss: 0.5444 | Val Loss: 1.1184 | Acc (clean): 0.8181 | Acc (poison): 0.8191 | Val Acc: 0.6852 | Time: 00:00:09
Epoch 039 | Seed 42 | Rate 0.50 | Train Loss: 0.5259 | Val Loss: 0.8606 | Acc (clean): 0.8267 | Acc (poison): 0.8251 | Val Acc: 0.7348 | Time: 00:00:09
Epoch 040 | Seed 42 | Rate 0.50 | Train Loss: 0.5548 | Val Loss: 0.9736 | Acc (clean): 0.8165 | Acc (poison): 0.8174 | Val Acc: 0.7156 | Time: 00:00:09
Epoch 041 | Seed 42 | Rate 0.50 | Train Loss: 0.5251 | Val Loss: 1.2030 | Acc (clean): 0.8233 | Acc (poison): 0.8233 | Val Acc: 0.6533 | Time: 00:00:09
Epoch 042 | Seed 42 | Rate 0.50 | Train Loss: 0.5435 | Val Loss: 1.1145 | Acc (clean): 0.8220 | Acc (poison): 0.8216 | Val Acc: 0.6667 | Time: 00:00:09
Epoch 043 | Seed 42 | Rate 0.50 | Train Loss: 0.5337 | Val Loss: 0.8870 | Acc (clean): 0.8234 | Acc (poison): 0.8246 | Val Acc: 0.7326 | Time: 00:00:09
Epoch 044 | Seed 42 | Rate 0.50 | Train Loss: 0.5269 | Val Loss: 1.3298 | Acc (clean): 0.8299 | Acc (poison): 0.8283 | Val Acc: 0.5926 | Time: 00:00:09
Epoch 045 | Seed 42 | Rate 0.50 | Train Loss: 0.5341 | Val Loss: 0.8630 | Acc (clean): 0.8240 | Acc (poison): 0.8239 | Val Acc: 0.7404 | Time: 00:00:09
Epoch 046 | Seed 42 | Rate 0.50 | Train Loss: 0.5234 | Val Loss: 0.9199 | Acc (clean): 0.8240 | Acc (poison): 0.8254 | Val Acc: 0.7048 | Time: 00:00:09
Epoch 047 | Seed 42 | Rate 0.50 | Train Loss: 0.5344 | Val Loss: 0.7535 | Acc (clean): 0.8237 | Acc (poison): 0.8248 | Val Acc: 0.7570 | Time: 00:00:09
Epoch 048 | Seed 42 | Rate 0.50 | Train Loss: 0.5248 | Val Loss: 1.0355 | Acc (clean): 0.8240 | Acc (poison): 0.8270 | Val Acc: 0.6826 | Time: 00:00:09
Epoch 049 | Seed 42 | Rate 0.50 | Train Loss: 0.5183 | Val Loss: 1.1142 | Acc (clean): 0.8294 | Acc (poison): 0.8293 | Val Acc: 0.6781 | Time: 00:00:09
Epoch 050 | Seed 42 | Rate 0.50 | Train Loss: 0.5224 | Val Loss: 1.4478 | Acc (clean): 0.8284 | Acc (poison): 0.8277 | Val Acc: 0.5937 | Time: 00:00:10
Epoch 051 | Seed 42 | Rate 0.50 | Train Loss: 0.3215 | Val Loss: 0.3416 | Acc (clean): 0.8847 | Acc (poison): 0.8910 | Val Acc: 0.8833 | Time: 00:00:09
Epoch 052 | Seed 42 | Rate 0.50 | Train Loss: 0.2508 | Val Loss: 0.3314 | Acc (clean): 0.9080 | Acc (poison): 0.9105 | Val Acc: 0.8893 | Time: 00:00:09
Epoch 053 | Seed 42 | Rate 0.50 | Train Loss: 0.2333 | Val Loss: 0.3073 | Acc (clean): 0.9171 | Acc (poison): 0.9187 | Val Acc: 0.8915 | Time: 00:00:09
Epoch 054 | Seed 42 | Rate 0.50 | Train Loss: 0.2159 | Val Loss: 0.3060 | Acc (clean): 0.9217 | Acc (poison): 0.9232 | Val Acc: 0.8967 | Time: 00:00:09
Epoch 055 | Seed 42 | Rate 0.50 | Train Loss: 0.2058 | Val Loss: 0.2944 | Acc (clean): 0.9273 | Acc (poison): 0.9286 | Val Acc: 0.8952 | Time: 00:00:09
Epoch 056 | Seed 42 | Rate 0.50 | Train Loss: 0.1949 | Val Loss: 0.2904 | Acc (clean): 0.9293 | Acc (poison): 0.9314 | Val Acc: 0.9004 | Time: 00:00:09
Epoch 057 | Seed 42 | Rate 0.50 | Train Loss: 0.1844 | Val Loss: 0.2880 | Acc (clean): 0.9345 | Acc (poison): 0.9356 | Val Acc: 0.8989 | Time: 00:00:09
Epoch 058 | Seed 42 | Rate 0.50 | Train Loss: 0.1775 | Val Loss: 0.2894 | Acc (clean): 0.9357 | Acc (poison): 0.9367 | Val Acc: 0.8937 | Time: 00:00:09
Epoch 059 | Seed 42 | Rate 0.50 | Train Loss: 0.1733 | Val Loss: 0.2819 | Acc (clean): 0.9337 | Acc (poison): 0.9386 | Val Acc: 0.8985 | Time: 00:00:09
Epoch 060 | Seed 42 | Rate 0.50 | Train Loss: 0.1660 | Val Loss: 0.2873 | Acc (clean): 0.9407 | Acc (poison): 0.9424 | Val Acc: 0.8919 | Time: 00:00:09
Epoch 061 | Seed 42 | Rate 0.50 | Train Loss: 0.1557 | Val Loss: 0.2875 | Acc (clean): 0.9447 | Acc (poison): 0.9447 | Val Acc: 0.9063 | Time: 00:00:09
Epoch 062 | Seed 42 | Rate 0.50 | Train Loss: 0.1536 | Val Loss: 0.2793 | Acc (clean): 0.9432 | Acc (poison): 0.9451 | Val Acc: 0.8993 | Time: 00:00:09
Epoch 063 | Seed 42 | Rate 0.50 | Train Loss: 0.1481 | Val Loss: 0.2781 | Acc (clean): 0.9442 | Acc (poison): 0.9470 | Val Acc: 0.9063 | Time: 00:00:09
Epoch 064 | Seed 42 | Rate 0.50 | Train Loss: 0.1429 | Val Loss: 0.2862 | Acc (clean): 0.9478 | Acc (poison): 0.9502 | Val Acc: 0.9026 | Time: 00:00:09
Epoch 065 | Seed 42 | Rate 0.50 | Train Loss: 0.1380 | Val Loss: 0.2680 | Acc (clean): 0.9480 | Acc (poison): 0.9496 | Val Acc: 0.9030 | Time: 00:00:09
Epoch 066 | Seed 42 | Rate 0.50 | Train Loss: 0.1331 | Val Loss: 0.2784 | Acc (clean): 0.9493 | Acc (poison): 0.9526 | Val Acc: 0.9126 | Time: 00:00:09
Epoch 067 | Seed 42 | Rate 0.50 | Train Loss: 0.1311 | Val Loss: 0.2902 | Acc (clean): 0.9511 | Acc (poison): 0.9531 | Val Acc: 0.9059 | Time: 00:00:09
Epoch 068 | Seed 42 | Rate 0.50 | Train Loss: 0.1311 | Val Loss: 0.2764 | Acc (clean): 0.9504 | Acc (poison): 0.9533 | Val Acc: 0.9152 | Time: 00:00:09
Epoch 069 | Seed 42 | Rate 0.50 | Train Loss: 0.1258 | Val Loss: 0.2854 | Acc (clean): 0.9551 | Acc (poison): 0.9552 | Val Acc: 0.9011 | Time: 00:00:09
Epoch 070 | Seed 42 | Rate 0.50 | Train Loss: 0.1245 | Val Loss: 0.2855 | Acc (clean): 0.9552 | Acc (poison): 0.9558 | Val Acc: 0.8944 | Time: 00:00:09
Epoch 071 | Seed 42 | Rate 0.50 | Train Loss: 0.1204 | Val Loss: 0.2786 | Acc (clean): 0.9523 | Acc (poison): 0.9564 | Val Acc: 0.9093 | Time: 00:00:09
Epoch 072 | Seed 42 | Rate 0.50 | Train Loss: 0.1181 | Val Loss: 0.2875 | Acc (clean): 0.9584 | Acc (poison): 0.9584 | Val Acc: 0.9007 | Time: 00:00:09
Epoch 073 | Seed 42 | Rate 0.50 | Train Loss: 0.1183 | Val Loss: 0.2809 | Acc (clean): 0.9539 | Acc (poison): 0.9588 | Val Acc: 0.9067 | Time: 00:00:09
Epoch 074 | Seed 42 | Rate 0.50 | Train Loss: 0.1128 | Val Loss: 0.2847 | Acc (clean): 0.9570 | Acc (poison): 0.9613 | Val Acc: 0.9081 | Time: 00:00:09
Epoch 075 | Seed 42 | Rate 0.50 | Train Loss: 0.1130 | Val Loss: 0.2956 | Acc (clean): 0.9554 | Acc (poison): 0.9593 | Val Acc: 0.8956 | Time: 00:00:09
Epoch 076 | Seed 42 | Rate 0.50 | Train Loss: 0.0956 | Val Loss: 0.2621 | Acc (clean): 0.9606 | Acc (poison): 0.9663 | Val Acc: 0.9119 | Time: 00:00:09
Epoch 077 | Seed 42 | Rate 0.50 | Train Loss: 0.0876 | Val Loss: 0.2670 | Acc (clean): 0.9661 | Acc (poison): 0.9716 | Val Acc: 0.9059 | Time: 00:00:09
Epoch 078 | Seed 42 | Rate 0.50 | Train Loss: 0.0820 | Val Loss: 0.2646 | Acc (clean): 0.9651 | Acc (poison): 0.9742 | Val Acc: 0.9115 | Time: 00:00:09
Epoch 079 | Seed 42 | Rate 0.50 | Train Loss: 0.0833 | Val Loss: 0.2655 | Acc (clean): 0.9674 | Acc (poison): 0.9723 | Val Acc: 0.9078 | Time: 00:00:09
Epoch 080 | Seed 42 | Rate 0.50 | Train Loss: 0.0803 | Val Loss: 0.2619 | Acc (clean): 0.9668 | Acc (poison): 0.9740 | Val Acc: 0.9107 | Time: 00:00:09
Epoch 081 | Seed 42 | Rate 0.50 | Train Loss: 0.0802 | Val Loss: 0.2649 | Acc (clean): 0.9674 | Acc (poison): 0.9732 | Val Acc: 0.9119 | Time: 00:00:09
Epoch 082 | Seed 42 | Rate 0.50 | Train Loss: 0.0789 | Val Loss: 0.2621 | Acc (clean): 0.9695 | Acc (poison): 0.9742 | Val Acc: 0.9119 | Time: 00:00:09
Epoch 083 | Seed 42 | Rate 0.50 | Train Loss: 0.0776 | Val Loss: 0.2668 | Acc (clean): 0.9682 | Acc (poison): 0.9744 | Val Acc: 0.9144 | Time: 00:00:09
Epoch 084 | Seed 42 | Rate 0.50 | Train Loss: 0.0786 | Val Loss: 0.2606 | Acc (clean): 0.9683 | Acc (poison): 0.9746 | Val Acc: 0.9152 | Time: 00:00:09
Epoch 085 | Seed 42 | Rate 0.50 | Train Loss: 0.0772 | Val Loss: 0.2652 | Acc (clean): 0.9706 | Acc (poison): 0.9751 | Val Acc: 0.9067 | Time: 00:00:09
Epoch 086 | Seed 42 | Rate 0.50 | Train Loss: 0.0741 | Val Loss: 0.2579 | Acc (clean): 0.9694 | Acc (poison): 0.9761 | Val Acc: 0.9130 | Time: 00:00:09
Epoch 087 | Seed 42 | Rate 0.50 | Train Loss: 0.0752 | Val Loss: 0.2670 | Acc (clean): 0.9697 | Acc (poison): 0.9752 | Val Acc: 0.9089 | Time: 00:00:09
Epoch 088 | Seed 42 | Rate 0.50 | Train Loss: 0.0735 | Val Loss: 0.2652 | Acc (clean): 0.9702 | Acc (poison): 0.9760 | Val Acc: 0.9104 | Time: 00:00:09
Epoch 089 | Seed 42 | Rate 0.50 | Train Loss: 0.0733 | Val Loss: 0.2676 | Acc (clean): 0.9703 | Acc (poison): 0.9780 | Val Acc: 0.9070 | Time: 00:00:09
Epoch 090 | Seed 42 | Rate 0.50 | Train Loss: 0.0740 | Val Loss: 0.2658 | Acc (clean): 0.9691 | Acc (poison): 0.9764 | Val Acc: 0.9141 | Time: 00:00:09
Epoch 091 | Seed 42 | Rate 0.50 | Train Loss: 0.0738 | Val Loss: 0.2686 | Acc (clean): 0.9707 | Acc (poison): 0.9754 | Val Acc: 0.9078 | Time: 00:00:09
Epoch 092 | Seed 42 | Rate 0.50 | Train Loss: 0.0734 | Val Loss: 0.2644 | Acc (clean): 0.9693 | Acc (poison): 0.9766 | Val Acc: 0.9122 | Time: 00:00:09
Epoch 093 | Seed 42 | Rate 0.50 | Train Loss: 0.0723 | Val Loss: 0.2660 | Acc (clean): 0.9697 | Acc (poison): 0.9778 | Val Acc: 0.9119 | Time: 00:00:09
Epoch 094 | Seed 42 | Rate 0.50 | Train Loss: 0.0727 | Val Loss: 0.2709 | Acc (clean): 0.9712 | Acc (poison): 0.9762 | Val Acc: 0.9070 | Time: 00:00:09
Epoch 095 | Seed 42 | Rate 0.50 | Train Loss: 0.0726 | Val Loss: 0.2649 | Acc (clean): 0.9690 | Acc (poison): 0.9760 | Val Acc: 0.9119 | Time: 00:00:09
Epoch 096 | Seed 42 | Rate 0.50 | Train Loss: 0.0723 | Val Loss: 0.2677 | Acc (clean): 0.9706 | Acc (poison): 0.9768 | Val Acc: 0.9067 | Time: 00:00:09
Epoch 097 | Seed 42 | Rate 0.50 | Train Loss: 0.0709 | Val Loss: 0.2657 | Acc (clean): 0.9700 | Acc (poison): 0.9779 | Val Acc: 0.9119 | Time: 00:00:09
Epoch 098 | Seed 42 | Rate 0.50 | Train Loss: 0.0709 | Val Loss: 0.2663 | Acc (clean): 0.9705 | Acc (poison): 0.9776 | Val Acc: 0.9119 | Time: 00:00:09
Epoch 099 | Seed 42 | Rate 0.50 | Train Loss: 0.0696 | Val Loss: 0.2644 | Acc (clean): 0.9715 | Acc (poison): 0.9785 | Val Acc: 0.9126 | Time: 00:00:09
Epoch 100 | Seed 42 | Rate 0.50 | Train Loss: 0.0689 | Val Loss: 0.2667 | Acc (clean): 0.9695 | Acc (poison): 0.9782 | Val Acc: 0.9130 | Time: 00:00:09
Loading train data from /home/yazanme/BachelorThesis/BachelorThesis/data/processed/resisc45/train.h5 with mapping /home/yazanme/BachelorThesis/BachelorThesis/data/processed/resisc45/poisoned/RQ2.2-dissim/seed_42/labels_1.00.pt... (in_memory=True, workers=6)
Testing torch.compile support...
Successfully compiled model using torch.compile.
Epoch 001 | Seed 42 | Rate 1.00 | Train Loss: 2.8290 | Val Loss: 3.6327 | Acc (clean): 0.2200 | Acc (poison): 0.2378 | Val Acc: 0.1937 | Time: 00:00:10
Epoch 002 | Seed 42 | Rate 1.00 | Train Loss: 1.9279 | Val Loss: 2.4569 | Acc (clean): 0.4147 | Acc (poison): 0.4388 | Val Acc: 0.3911 | Time: 00:00:09
Epoch 003 | Seed 42 | Rate 1.00 | Train Loss: 1.5378 | Val Loss: 2.1468 | Acc (clean): 0.5107 | Acc (poison): 0.5382 | Val Acc: 0.4756 | Time: 00:00:09
Epoch 004 | Seed 42 | Rate 1.00 | Train Loss: 1.2980 | Val Loss: 1.9635 | Acc (clean): 0.5790 | Acc (poison): 0.6095 | Val Acc: 0.5181 | Time: 00:00:09
Epoch 005 | Seed 42 | Rate 1.00 | Train Loss: 1.1248 | Val Loss: 1.8668 | Acc (clean): 0.6244 | Acc (poison): 0.6570 | Val Acc: 0.5752 | Time: 00:00:09
Epoch 006 | Seed 42 | Rate 1.00 | Train Loss: 0.9624 | Val Loss: 1.6768 | Acc (clean): 0.6685 | Acc (poison): 0.7028 | Val Acc: 0.6119 | Time: 00:00:09
Epoch 007 | Seed 42 | Rate 1.00 | Train Loss: 0.8494 | Val Loss: 1.6584 | Acc (clean): 0.7000 | Acc (poison): 0.7357 | Val Acc: 0.6104 | Time: 00:00:09
Epoch 008 | Seed 42 | Rate 1.00 | Train Loss: 0.7668 | Val Loss: 2.5486 | Acc (clean): 0.7224 | Acc (poison): 0.7587 | Val Acc: 0.4196 | Time: 00:00:09
Epoch 009 | Seed 42 | Rate 1.00 | Train Loss: 0.7151 | Val Loss: 2.0333 | Acc (clean): 0.7346 | Acc (poison): 0.7718 | Val Acc: 0.5485 | Time: 00:00:09
Epoch 010 | Seed 42 | Rate 1.00 | Train Loss: 0.6736 | Val Loss: 1.6012 | Acc (clean): 0.7500 | Acc (poison): 0.7870 | Val Acc: 0.6852 | Time: 00:00:09
Epoch 011 | Seed 42 | Rate 1.00 | Train Loss: 0.6526 | Val Loss: 1.8201 | Acc (clean): 0.7559 | Acc (poison): 0.7930 | Val Acc: 0.5937 | Time: 00:00:09
Epoch 012 | Seed 42 | Rate 1.00 | Train Loss: 0.6159 | Val Loss: 1.4179 | Acc (clean): 0.7672 | Acc (poison): 0.8050 | Val Acc: 0.7067 | Time: 00:00:09
Epoch 013 | Seed 42 | Rate 1.00 | Train Loss: 0.5998 | Val Loss: 1.4468 | Acc (clean): 0.7713 | Acc (poison): 0.8089 | Val Acc: 0.6981 | Time: 00:00:09
Epoch 014 | Seed 42 | Rate 1.00 | Train Loss: 0.5935 | Val Loss: 1.4887 | Acc (clean): 0.7731 | Acc (poison): 0.8113 | Val Acc: 0.7181 | Time: 00:00:09
Epoch 015 | Seed 42 | Rate 1.00 | Train Loss: 0.5703 | Val Loss: 2.0498 | Acc (clean): 0.7811 | Acc (poison): 0.8196 | Val Acc: 0.5593 | Time: 00:00:09
Epoch 016 | Seed 42 | Rate 1.00 | Train Loss: 0.5784 | Val Loss: 1.6998 | Acc (clean): 0.7781 | Acc (poison): 0.8164 | Val Acc: 0.6415 | Time: 00:00:09
Epoch 017 | Seed 42 | Rate 1.00 | Train Loss: 0.5558 | Val Loss: 1.6579 | Acc (clean): 0.7843 | Acc (poison): 0.8230 | Val Acc: 0.6663 | Time: 00:00:09
Epoch 018 | Seed 42 | Rate 1.00 | Train Loss: 0.5533 | Val Loss: 1.5933 | Acc (clean): 0.7858 | Acc (poison): 0.8242 | Val Acc: 0.6900 | Time: 00:00:09
Epoch 019 | Seed 42 | Rate 1.00 | Train Loss: 0.5624 | Val Loss: 1.7684 | Acc (clean): 0.7852 | Acc (poison): 0.8231 | Val Acc: 0.6300 | Time: 00:00:09
Epoch 020 | Seed 42 | Rate 1.00 | Train Loss: 0.5384 | Val Loss: 1.6023 | Acc (clean): 0.7879 | Acc (poison): 0.8272 | Val Acc: 0.6748 | Time: 00:00:09
Epoch 021 | Seed 42 | Rate 1.00 | Train Loss: 0.5346 | Val Loss: 1.5787 | Acc (clean): 0.7926 | Acc (poison): 0.8317 | Val Acc: 0.6952 | Time: 00:00:09
Epoch 022 | Seed 42 | Rate 1.00 | Train Loss: 0.5403 | Val Loss: 1.2855 | Acc (clean): 0.7880 | Acc (poison): 0.8262 | Val Acc: 0.7485 | Time: 00:00:09
Epoch 023 | Seed 42 | Rate 1.00 | Train Loss: 0.5253 | Val Loss: 1.8792 | Acc (clean): 0.7947 | Acc (poison): 0.8335 | Val Acc: 0.6037 | Time: 00:00:09
Epoch 024 | Seed 42 | Rate 1.00 | Train Loss: 0.5419 | Val Loss: 1.4247 | Acc (clean): 0.7912 | Acc (poison): 0.8294 | Val Acc: 0.6911 | Time: 00:00:09
Epoch 025 | Seed 42 | Rate 1.00 | Train Loss: 0.5340 | Val Loss: 1.6261 | Acc (clean): 0.7924 | Acc (poison): 0.8305 | Val Acc: 0.6426 | Time: 00:00:09
Epoch 026 | Seed 42 | Rate 1.00 | Train Loss: 0.5287 | Val Loss: 1.6059 | Acc (clean): 0.7949 | Acc (poison): 0.8334 | Val Acc: 0.6419 | Time: 00:00:09
Epoch 027 | Seed 42 | Rate 1.00 | Train Loss: 0.5242 | Val Loss: 1.6440 | Acc (clean): 0.7946 | Acc (poison): 0.8330 | Val Acc: 0.6874 | Time: 00:00:09
Epoch 028 | Seed 42 | Rate 1.00 | Train Loss: 0.5132 | Val Loss: 1.7225 | Acc (clean): 0.7980 | Acc (poison): 0.8364 | Val Acc: 0.6533 | Time: 00:00:09
Epoch 029 | Seed 42 | Rate 1.00 | Train Loss: 0.5168 | Val Loss: 1.5799 | Acc (clean): 0.7985 | Acc (poison): 0.8372 | Val Acc: 0.6785 | Time: 00:00:10
Epoch 030 | Seed 42 | Rate 1.00 | Train Loss: 0.5172 | Val Loss: 1.5722 | Acc (clean): 0.7979 | Acc (poison): 0.8359 | Val Acc: 0.7215 | Time: 00:00:09
Epoch 031 | Seed 42 | Rate 1.00 | Train Loss: 0.5140 | Val Loss: 1.6467 | Acc (clean): 0.7986 | Acc (poison): 0.8371 | Val Acc: 0.6830 | Time: 00:00:09
Epoch 032 | Seed 42 | Rate 1.00 | Train Loss: 0.5048 | Val Loss: 1.5450 | Acc (clean): 0.7993 | Acc (poison): 0.8381 | Val Acc: 0.6878 | Time: 00:00:09
Epoch 033 | Seed 42 | Rate 1.00 | Train Loss: 0.5194 | Val Loss: 1.4834 | Acc (clean): 0.7975 | Acc (poison): 0.8365 | Val Acc: 0.6856 | Time: 00:00:09
Epoch 034 | Seed 42 | Rate 1.00 | Train Loss: 0.4972 | Val Loss: 1.9084 | Acc (clean): 0.8035 | Acc (poison): 0.8420 | Val Acc: 0.6222 | Time: 00:00:09
Epoch 035 | Seed 42 | Rate 1.00 | Train Loss: 0.5104 | Val Loss: 1.8748 | Acc (clean): 0.7973 | Acc (poison): 0.8363 | Val Acc: 0.6215 | Time: 00:00:09
Epoch 036 | Seed 42 | Rate 1.00 | Train Loss: 0.5077 | Val Loss: 1.5215 | Acc (clean): 0.7995 | Acc (poison): 0.8380 | Val Acc: 0.6596 | Time: 00:00:09
Epoch 037 | Seed 42 | Rate 1.00 | Train Loss: 0.5067 | Val Loss: 1.6240 | Acc (clean): 0.8004 | Acc (poison): 0.8391 | Val Acc: 0.6381 | Time: 00:00:09
Epoch 038 | Seed 42 | Rate 1.00 | Train Loss: 0.5194 | Val Loss: 1.6007 | Acc (clean): 0.7949 | Acc (poison): 0.8335 | Val Acc: 0.6633 | Time: 00:00:09
Epoch 039 | Seed 42 | Rate 1.00 | Train Loss: 0.4971 | Val Loss: 1.5113 | Acc (clean): 0.8030 | Acc (poison): 0.8424 | Val Acc: 0.7041 | Time: 00:00:09
Epoch 040 | Seed 42 | Rate 1.00 | Train Loss: 0.5084 | Val Loss: 1.7100 | Acc (clean): 0.8027 | Acc (poison): 0.8416 | Val Acc: 0.6800 | Time: 00:00:09
Epoch 041 | Seed 42 | Rate 1.00 | Train Loss: 0.4981 | Val Loss: 1.5963 | Acc (clean): 0.8036 | Acc (poison): 0.8425 | Val Acc: 0.6722 | Time: 00:00:09
Epoch 042 | Seed 42 | Rate 1.00 | Train Loss: 0.5152 | Val Loss: 1.6439 | Acc (clean): 0.7977 | Acc (poison): 0.8367 | Val Acc: 0.6537 | Time: 00:00:09
Epoch 043 | Seed 42 | Rate 1.00 | Train Loss: 0.4887 | Val Loss: 1.4869 | Acc (clean): 0.8076 | Acc (poison): 0.8470 | Val Acc: 0.7096 | Time: 00:00:09
Epoch 044 | Seed 42 | Rate 1.00 | Train Loss: 0.4920 | Val Loss: 3.8506 | Acc (clean): 0.8050 | Acc (poison): 0.8439 | Val Acc: 0.3478 | Time: 00:00:09
Epoch 045 | Seed 42 | Rate 1.00 | Train Loss: 0.4949 | Val Loss: 1.4139 | Acc (clean): 0.8051 | Acc (poison): 0.8440 | Val Acc: 0.7230 | Time: 00:00:10
Epoch 046 | Seed 42 | Rate 1.00 | Train Loss: 0.4953 | Val Loss: 1.9007 | Acc (clean): 0.8041 | Acc (poison): 0.8430 | Val Acc: 0.6400 | Time: 00:00:09
Epoch 047 | Seed 42 | Rate 1.00 | Train Loss: 0.5048 | Val Loss: 1.5251 | Acc (clean): 0.8023 | Acc (poison): 0.8409 | Val Acc: 0.7141 | Time: 00:00:09
Epoch 048 | Seed 42 | Rate 1.00 | Train Loss: 0.4912 | Val Loss: 1.7528 | Acc (clean): 0.8056 | Acc (poison): 0.8444 | Val Acc: 0.6526 | Time: 00:00:09
Epoch 049 | Seed 42 | Rate 1.00 | Train Loss: 0.4850 | Val Loss: 1.6196 | Acc (clean): 0.8086 | Acc (poison): 0.8481 | Val Acc: 0.6889 | Time: 00:00:09
Epoch 050 | Seed 42 | Rate 1.00 | Train Loss: 0.4865 | Val Loss: 1.5129 | Acc (clean): 0.8065 | Acc (poison): 0.8454 | Val Acc: 0.6781 | Time: 00:00:09
Epoch 051 | Seed 42 | Rate 1.00 | Train Loss: 0.2954 | Val Loss: 1.0349 | Acc (clean): 0.8640 | Acc (poison): 0.9048 | Val Acc: 0.8544 | Time: 00:00:10
Epoch 052 | Seed 42 | Rate 1.00 | Train Loss: 0.2208 | Val Loss: 1.0286 | Acc (clean): 0.8885 | Acc (poison): 0.9306 | Val Acc: 0.8585 | Time: 00:00:09
Epoch 053 | Seed 42 | Rate 1.00 | Train Loss: 0.2020 | Val Loss: 1.0189 | Acc (clean): 0.8948 | Acc (poison): 0.9372 | Val Acc: 0.8685 | Time: 00:00:09
Epoch 054 | Seed 42 | Rate 1.00 | Train Loss: 0.1798 | Val Loss: 1.0130 | Acc (clean): 0.9025 | Acc (poison): 0.9450 | Val Acc: 0.8696 | Time: 00:00:09
Epoch 055 | Seed 42 | Rate 1.00 | Train Loss: 0.1750 | Val Loss: 1.0264 | Acc (clean): 0.9044 | Acc (poison): 0.9466 | Val Acc: 0.8667 | Time: 00:00:09
Epoch 056 | Seed 42 | Rate 1.00 | Train Loss: 0.1621 | Val Loss: 1.0535 | Acc (clean): 0.9083 | Acc (poison): 0.9509 | Val Acc: 0.8685 | Time: 00:00:09
Epoch 057 | Seed 42 | Rate 1.00 | Train Loss: 0.1541 | Val Loss: 1.0386 | Acc (clean): 0.9107 | Acc (poison): 0.9534 | Val Acc: 0.8719 | Time: 00:00:09
Epoch 058 | Seed 42 | Rate 1.00 | Train Loss: 0.1458 | Val Loss: 1.0257 | Acc (clean): 0.9126 | Acc (poison): 0.9557 | Val Acc: 0.8704 | Time: 00:00:09
Epoch 059 | Seed 42 | Rate 1.00 | Train Loss: 0.1395 | Val Loss: 1.0083 | Acc (clean): 0.9165 | Acc (poison): 0.9591 | Val Acc: 0.8711 | Time: 00:00:09
Epoch 060 | Seed 42 | Rate 1.00 | Train Loss: 0.1343 | Val Loss: 1.0100 | Acc (clean): 0.9177 | Acc (poison): 0.9605 | Val Acc: 0.8748 | Time: 00:00:09
Epoch 061 | Seed 42 | Rate 1.00 | Train Loss: 0.1266 | Val Loss: 1.0328 | Acc (clean): 0.9185 | Acc (poison): 0.9614 | Val Acc: 0.8763 | Time: 00:00:09
Epoch 062 | Seed 42 | Rate 1.00 | Train Loss: 0.1230 | Val Loss: 0.9972 | Acc (clean): 0.9211 | Acc (poison): 0.9642 | Val Acc: 0.8789 | Time: 00:00:09
Epoch 063 | Seed 42 | Rate 1.00 | Train Loss: 0.1173 | Val Loss: 0.9939 | Acc (clean): 0.9235 | Acc (poison): 0.9665 | Val Acc: 0.8704 | Time: 00:00:09
Epoch 064 | Seed 42 | Rate 1.00 | Train Loss: 0.1093 | Val Loss: 0.9819 | Acc (clean): 0.9254 | Acc (poison): 0.9688 | Val Acc: 0.8778 | Time: 00:00:09
Epoch 065 | Seed 42 | Rate 1.00 | Train Loss: 0.1074 | Val Loss: 1.0168 | Acc (clean): 0.9259 | Acc (poison): 0.9691 | Val Acc: 0.8767 | Time: 00:00:09
Epoch 066 | Seed 42 | Rate 1.00 | Train Loss: 0.1050 | Val Loss: 1.0435 | Acc (clean): 0.9269 | Acc (poison): 0.9701 | Val Acc: 0.8756 | Time: 00:00:09
Epoch 067 | Seed 42 | Rate 1.00 | Train Loss: 0.1017 | Val Loss: 1.0394 | Acc (clean): 0.9269 | Acc (poison): 0.9703 | Val Acc: 0.8748 | Time: 00:00:09
Epoch 068 | Seed 42 | Rate 1.00 | Train Loss: 0.0981 | Val Loss: 1.0227 | Acc (clean): 0.9281 | Acc (poison): 0.9716 | Val Acc: 0.8700 | Time: 00:00:09
Epoch 069 | Seed 42 | Rate 1.00 | Train Loss: 0.0951 | Val Loss: 1.0013 | Acc (clean): 0.9305 | Acc (poison): 0.9738 | Val Acc: 0.8722 | Time: 00:00:09
Epoch 070 | Seed 42 | Rate 1.00 | Train Loss: 0.0917 | Val Loss: 1.0206 | Acc (clean): 0.9323 | Acc (poison): 0.9759 | Val Acc: 0.8693 | Time: 00:00:09
Epoch 071 | Seed 42 | Rate 1.00 | Train Loss: 0.0898 | Val Loss: 1.0227 | Acc (clean): 0.9323 | Acc (poison): 0.9757 | Val Acc: 0.8700 | Time: 00:00:09
Epoch 072 | Seed 42 | Rate 1.00 | Train Loss: 0.0860 | Val Loss: 1.0047 | Acc (clean): 0.9336 | Acc (poison): 0.9773 | Val Acc: 0.8781 | Time: 00:00:09
Epoch 073 | Seed 42 | Rate 1.00 | Train Loss: 0.0855 | Val Loss: 1.0312 | Acc (clean): 0.9336 | Acc (poison): 0.9771 | Val Acc: 0.8696 | Time: 00:00:09
Epoch 074 | Seed 42 | Rate 1.00 | Train Loss: 0.0826 | Val Loss: 1.0782 | Acc (clean): 0.9345 | Acc (poison): 0.9783 | Val Acc: 0.8733 | Time: 00:00:09
Epoch 075 | Seed 42 | Rate 1.00 | Train Loss: 0.0801 | Val Loss: 1.0143 | Acc (clean): 0.9353 | Acc (poison): 0.9788 | Val Acc: 0.8681 | Time: 00:00:09
Epoch 076 | Seed 42 | Rate 1.00 | Train Loss: 0.0670 | Val Loss: 1.0082 | Acc (clean): 0.9404 | Acc (poison): 0.9842 | Val Acc: 0.8830 | Time: 00:00:09
Epoch 077 | Seed 42 | Rate 1.00 | Train Loss: 0.0587 | Val Loss: 1.0125 | Acc (clean): 0.9434 | Acc (poison): 0.9872 | Val Acc: 0.8796 | Time: 00:00:09
Epoch 078 | Seed 42 | Rate 1.00 | Train Loss: 0.0538 | Val Loss: 0.9985 | Acc (clean): 0.9450 | Acc (poison): 0.9888 | Val Acc: 0.8826 | Time: 00:00:09
Epoch 079 | Seed 42 | Rate 1.00 | Train Loss: 0.0545 | Val Loss: 1.0055 | Acc (clean): 0.9444 | Acc (poison): 0.9885 | Val Acc: 0.8815 | Time: 00:00:09
Epoch 080 | Seed 42 | Rate 1.00 | Train Loss: 0.0529 | Val Loss: 0.9961 | Acc (clean): 0.9446 | Acc (poison): 0.9886 | Val Acc: 0.8830 | Time: 00:00:09
Epoch 081 | Seed 42 | Rate 1.00 | Train Loss: 0.0528 | Val Loss: 0.9966 | Acc (clean): 0.9449 | Acc (poison): 0.9889 | Val Acc: 0.8863 | Time: 00:00:09
Epoch 082 | Seed 42 | Rate 1.00 | Train Loss: 0.0514 | Val Loss: 0.9993 | Acc (clean): 0.9456 | Acc (poison): 0.9897 | Val Acc: 0.8815 | Time: 00:00:09
Epoch 083 | Seed 42 | Rate 1.00 | Train Loss: 0.0499 | Val Loss: 1.0027 | Acc (clean): 0.9459 | Acc (poison): 0.9898 | Val Acc: 0.8811 | Time: 00:00:09
Epoch 084 | Seed 42 | Rate 1.00 | Train Loss: 0.0492 | Val Loss: 0.9996 | Acc (clean): 0.9468 | Acc (poison): 0.9909 | Val Acc: 0.8819 | Time: 00:00:09
Epoch 085 | Seed 42 | Rate 1.00 | Train Loss: 0.0479 | Val Loss: 0.9947 | Acc (clean): 0.9464 | Acc (poison): 0.9904 | Val Acc: 0.8870 | Time: 00:00:09
Epoch 086 | Seed 42 | Rate 1.00 | Train Loss: 0.0476 | Val Loss: 0.9958 | Acc (clean): 0.9468 | Acc (poison): 0.9909 | Val Acc: 0.8867 | Time: 00:00:09
Epoch 087 | Seed 42 | Rate 1.00 | Train Loss: 0.0482 | Val Loss: 1.0003 | Acc (clean): 0.9470 | Acc (poison): 0.9909 | Val Acc: 0.8841 | Time: 00:00:09
Epoch 088 | Seed 42 | Rate 1.00 | Train Loss: 0.0460 | Val Loss: 1.0030 | Acc (clean): 0.9474 | Acc (poison): 0.9915 | Val Acc: 0.8833 | Time: 00:00:09
Epoch 089 | Seed 42 | Rate 1.00 | Train Loss: 0.0476 | Val Loss: 1.0115 | Acc (clean): 0.9469 | Acc (poison): 0.9909 | Val Acc: 0.8856 | Time: 00:00:09
Epoch 090 | Seed 42 | Rate 1.00 | Train Loss: 0.0468 | Val Loss: 1.0029 | Acc (clean): 0.9477 | Acc (poison): 0.9918 | Val Acc: 0.8804 | Time: 00:00:09
Epoch 091 | Seed 42 | Rate 1.00 | Train Loss: 0.0464 | Val Loss: 1.0062 | Acc (clean): 0.9472 | Acc (poison): 0.9910 | Val Acc: 0.8833 | Time: 00:00:09
Epoch 092 | Seed 42 | Rate 1.00 | Train Loss: 0.0448 | Val Loss: 0.9963 | Acc (clean): 0.9472 | Acc (poison): 0.9914 | Val Acc: 0.8859 | Time: 00:00:09
Epoch 093 | Seed 42 | Rate 1.00 | Train Loss: 0.0439 | Val Loss: 1.0127 | Acc (clean): 0.9482 | Acc (poison): 0.9923 | Val Acc: 0.8811 | Time: 00:00:09
Epoch 094 | Seed 42 | Rate 1.00 | Train Loss: 0.0454 | Val Loss: 1.0059 | Acc (clean): 0.9481 | Acc (poison): 0.9923 | Val Acc: 0.8819 | Time: 00:00:09
Epoch 095 | Seed 42 | Rate 1.00 | Train Loss: 0.0433 | Val Loss: 1.0017 | Acc (clean): 0.9490 | Acc (poison): 0.9931 | Val Acc: 0.8867 | Time: 00:00:09
Epoch 096 | Seed 42 | Rate 1.00 | Train Loss: 0.0451 | Val Loss: 1.0126 | Acc (clean): 0.9478 | Acc (poison): 0.9917 | Val Acc: 0.8811 | Time: 00:00:09
Epoch 097 | Seed 42 | Rate 1.00 | Train Loss: 0.0431 | Val Loss: 1.0018 | Acc (clean): 0.9482 | Acc (poison): 0.9923 | Val Acc: 0.8863 | Time: 00:00:09
Epoch 098 | Seed 42 | Rate 1.00 | Train Loss: 0.0420 | Val Loss: 0.9936 | Acc (clean): 0.9488 | Acc (poison): 0.9929 | Val Acc: 0.8811 | Time: 00:00:09
Epoch 099 | Seed 42 | Rate 1.00 | Train Loss: 0.0415 | Val Loss: 1.0081 | Acc (clean): 0.9488 | Acc (poison): 0.9930 | Val Acc: 0.8844 | Time: 00:00:09
Epoch 100 | Seed 42 | Rate 1.00 | Train Loss: 0.0410 | Val Loss: 1.0056 | Acc (clean): 0.9486 | Acc (poison): 0.9927 | Val Acc: 0.8819 | Time: 00:00:09
Loading train data from /home/yazanme/BachelorThesis/BachelorThesis/data/processed/resisc45/train.h5... (in_memory=True, workers=6)
Testing torch.compile support...
Successfully compiled model using torch.compile.
Epoch 001 | Seed 2001 | Rate 0.00 | Train Loss: 2.8092 | Val Loss: 2.4907 | Acc (clean): 0.2374 | Acc (poison): 0.2374 | Val Acc: 0.3211 | Time: 00:00:10
Epoch 002 | Seed 2001 | Rate 0.00 | Train Loss: 1.9377 | Val Loss: 2.2587 | Acc (clean): 0.4385 | Acc (poison): 0.4385 | Val Acc: 0.3830 | Time: 00:00:09
Epoch 003 | Seed 2001 | Rate 0.00 | Train Loss: 1.5844 | Val Loss: 1.6732 | Acc (clean): 0.5293 | Acc (poison): 0.5293 | Val Acc: 0.5026 | Time: 00:00:09
Epoch 004 | Seed 2001 | Rate 0.00 | Train Loss: 1.3558 | Val Loss: 1.5886 | Acc (clean): 0.5919 | Acc (poison): 0.5919 | Val Acc: 0.5337 | Time: 00:00:09
Epoch 005 | Seed 2001 | Rate 0.00 | Train Loss: 1.1864 | Val Loss: 1.5298 | Acc (clean): 0.6404 | Acc (poison): 0.6404 | Val Acc: 0.5400 | Time: 00:00:09
Epoch 006 | Seed 2001 | Rate 0.00 | Train Loss: 1.0199 | Val Loss: 1.3212 | Acc (clean): 0.6871 | Acc (poison): 0.6871 | Val Acc: 0.6026 | Time: 00:00:09
Epoch 007 | Seed 2001 | Rate 0.00 | Train Loss: 0.8962 | Val Loss: 1.1166 | Acc (clean): 0.7188 | Acc (poison): 0.7188 | Val Acc: 0.6604 | Time: 00:00:09
Epoch 008 | Seed 2001 | Rate 0.00 | Train Loss: 0.8030 | Val Loss: 1.0515 | Acc (clean): 0.7479 | Acc (poison): 0.7479 | Val Acc: 0.6844 | Time: 00:00:09
Epoch 009 | Seed 2001 | Rate 0.00 | Train Loss: 0.7535 | Val Loss: 1.0026 | Acc (clean): 0.7638 | Acc (poison): 0.7638 | Val Acc: 0.7059 | Time: 00:00:09
Epoch 010 | Seed 2001 | Rate 0.00 | Train Loss: 0.6956 | Val Loss: 1.1167 | Acc (clean): 0.7820 | Acc (poison): 0.7820 | Val Acc: 0.6604 | Time: 00:00:09
Epoch 011 | Seed 2001 | Rate 0.00 | Train Loss: 0.6749 | Val Loss: 0.8333 | Acc (clean): 0.7885 | Acc (poison): 0.7885 | Val Acc: 0.7419 | Time: 00:00:09
Epoch 012 | Seed 2001 | Rate 0.00 | Train Loss: 0.6439 | Val Loss: 1.5147 | Acc (clean): 0.7980 | Acc (poison): 0.7980 | Val Acc: 0.5830 | Time: 00:00:09
Epoch 013 | Seed 2001 | Rate 0.00 | Train Loss: 0.6180 | Val Loss: 1.0154 | Acc (clean): 0.8047 | Acc (poison): 0.8047 | Val Acc: 0.6985 | Time: 00:00:09
Epoch 014 | Seed 2001 | Rate 0.00 | Train Loss: 0.6027 | Val Loss: 0.8800 | Acc (clean): 0.8080 | Acc (poison): 0.8080 | Val Acc: 0.7293 | Time: 00:00:09
Epoch 015 | Seed 2001 | Rate 0.00 | Train Loss: 0.5916 | Val Loss: 1.0044 | Acc (clean): 0.8135 | Acc (poison): 0.8135 | Val Acc: 0.7093 | Time: 00:00:09
Epoch 016 | Seed 2001 | Rate 0.00 | Train Loss: 0.5975 | Val Loss: 1.1793 | Acc (clean): 0.8115 | Acc (poison): 0.8115 | Val Acc: 0.6693 | Time: 00:00:09
Epoch 017 | Seed 2001 | Rate 0.00 | Train Loss: 0.5716 | Val Loss: 0.9773 | Acc (clean): 0.8201 | Acc (poison): 0.8201 | Val Acc: 0.7104 | Time: 00:00:09
Epoch 018 | Seed 2001 | Rate 0.00 | Train Loss: 0.5551 | Val Loss: 1.1042 | Acc (clean): 0.8234 | Acc (poison): 0.8234 | Val Acc: 0.6707 | Time: 00:00:08
Epoch 019 | Seed 2001 | Rate 0.00 | Train Loss: 0.5550 | Val Loss: 0.8997 | Acc (clean): 0.8230 | Acc (poison): 0.8230 | Val Acc: 0.7300 | Time: 00:00:09
Epoch 020 | Seed 2001 | Rate 0.00 | Train Loss: 0.5575 | Val Loss: 0.8058 | Acc (clean): 0.8255 | Acc (poison): 0.8255 | Val Acc: 0.7556 | Time: 00:00:09
Epoch 021 | Seed 2001 | Rate 0.00 | Train Loss: 0.5492 | Val Loss: 1.2858 | Acc (clean): 0.8259 | Acc (poison): 0.8259 | Val Acc: 0.6181 | Time: 00:00:09
Epoch 022 | Seed 2001 | Rate 0.00 | Train Loss: 0.5447 | Val Loss: 0.9801 | Acc (clean): 0.8281 | Acc (poison): 0.8281 | Val Acc: 0.7185 | Time: 00:00:09
Epoch 023 | Seed 2001 | Rate 0.00 | Train Loss: 0.5552 | Val Loss: 1.3408 | Acc (clean): 0.8212 | Acc (poison): 0.8212 | Val Acc: 0.6281 | Time: 00:00:09
Epoch 024 | Seed 2001 | Rate 0.00 | Train Loss: 0.5453 | Val Loss: 0.8985 | Acc (clean): 0.8274 | Acc (poison): 0.8274 | Val Acc: 0.7244 | Time: 00:00:08
Epoch 025 | Seed 2001 | Rate 0.00 | Train Loss: 0.5295 | Val Loss: 0.7561 | Acc (clean): 0.8323 | Acc (poison): 0.8323 | Val Acc: 0.7700 | Time: 00:00:09
Epoch 026 | Seed 2001 | Rate 0.00 | Train Loss: 0.5159 | Val Loss: 0.8511 | Acc (clean): 0.8370 | Acc (poison): 0.8370 | Val Acc: 0.7444 | Time: 00:00:09
Epoch 027 | Seed 2001 | Rate 0.00 | Train Loss: 0.5404 | Val Loss: 1.1411 | Acc (clean): 0.8291 | Acc (poison): 0.8291 | Val Acc: 0.6659 | Time: 00:00:09
Epoch 028 | Seed 2001 | Rate 0.00 | Train Loss: 0.5289 | Val Loss: 1.2115 | Acc (clean): 0.8317 | Acc (poison): 0.8317 | Val Acc: 0.6548 | Time: 00:00:09
Epoch 029 | Seed 2001 | Rate 0.00 | Train Loss: 0.5312 | Val Loss: 0.9572 | Acc (clean): 0.8311 | Acc (poison): 0.8311 | Val Acc: 0.7156 | Time: 00:00:08
Epoch 030 | Seed 2001 | Rate 0.00 | Train Loss: 0.5209 | Val Loss: 1.0140 | Acc (clean): 0.8360 | Acc (poison): 0.8360 | Val Acc: 0.6937 | Time: 00:00:09
Epoch 031 | Seed 2001 | Rate 0.00 | Train Loss: 0.5330 | Val Loss: 1.3556 | Acc (clean): 0.8334 | Acc (poison): 0.8334 | Val Acc: 0.6207 | Time: 00:00:09
Epoch 032 | Seed 2001 | Rate 0.00 | Train Loss: 0.5288 | Val Loss: 0.8863 | Acc (clean): 0.8346 | Acc (poison): 0.8346 | Val Acc: 0.7307 | Time: 00:00:09
Epoch 033 | Seed 2001 | Rate 0.00 | Train Loss: 0.5151 | Val Loss: 0.9038 | Acc (clean): 0.8364 | Acc (poison): 0.8364 | Val Acc: 0.7293 | Time: 00:00:08
Epoch 034 | Seed 2001 | Rate 0.00 | Train Loss: 0.5014 | Val Loss: 0.7799 | Acc (clean): 0.8425 | Acc (poison): 0.8425 | Val Acc: 0.7552 | Time: 00:00:09
Epoch 035 | Seed 2001 | Rate 0.00 | Train Loss: 0.5127 | Val Loss: 1.0023 | Acc (clean): 0.8370 | Acc (poison): 0.8370 | Val Acc: 0.7044 | Time: 00:00:09
Epoch 036 | Seed 2001 | Rate 0.00 | Train Loss: 0.5135 | Val Loss: 1.1248 | Acc (clean): 0.8385 | Acc (poison): 0.8385 | Val Acc: 0.6722 | Time: 00:00:09
Epoch 037 | Seed 2001 | Rate 0.00 | Train Loss: 0.5048 | Val Loss: 0.7785 | Acc (clean): 0.8414 | Acc (poison): 0.8414 | Val Acc: 0.7648 | Time: 00:00:09
Epoch 038 | Seed 2001 | Rate 0.00 | Train Loss: 0.5122 | Val Loss: 1.1574 | Acc (clean): 0.8383 | Acc (poison): 0.8383 | Val Acc: 0.6511 | Time: 00:00:09
Epoch 039 | Seed 2001 | Rate 0.00 | Train Loss: 0.5082 | Val Loss: 1.5158 | Acc (clean): 0.8377 | Acc (poison): 0.8377 | Val Acc: 0.5863 | Time: 00:00:08
Epoch 040 | Seed 2001 | Rate 0.00 | Train Loss: 0.5031 | Val Loss: 1.5572 | Acc (clean): 0.8410 | Acc (poison): 0.8410 | Val Acc: 0.5815 | Time: 00:00:09
Epoch 041 | Seed 2001 | Rate 0.00 | Train Loss: 0.5048 | Val Loss: 1.5834 | Acc (clean): 0.8404 | Acc (poison): 0.8404 | Val Acc: 0.5922 | Time: 00:00:09
Epoch 042 | Seed 2001 | Rate 0.00 | Train Loss: 0.5094 | Val Loss: 1.0769 | Acc (clean): 0.8377 | Acc (poison): 0.8377 | Val Acc: 0.6693 | Time: 00:00:09
Epoch 043 | Seed 2001 | Rate 0.00 | Train Loss: 0.5068 | Val Loss: 1.5832 | Acc (clean): 0.8408 | Acc (poison): 0.8408 | Val Acc: 0.5726 | Time: 00:00:09
Epoch 044 | Seed 2001 | Rate 0.00 | Train Loss: 0.5091 | Val Loss: 1.0163 | Acc (clean): 0.8382 | Acc (poison): 0.8382 | Val Acc: 0.6941 | Time: 00:00:09
Epoch 045 | Seed 2001 | Rate 0.00 | Train Loss: 0.4992 | Val Loss: 1.4615 | Acc (clean): 0.8415 | Acc (poison): 0.8415 | Val Acc: 0.5793 | Time: 00:00:09
Epoch 046 | Seed 2001 | Rate 0.00 | Train Loss: 0.5105 | Val Loss: 0.9119 | Acc (clean): 0.8399 | Acc (poison): 0.8399 | Val Acc: 0.7189 | Time: 00:00:09
Epoch 047 | Seed 2001 | Rate 0.00 | Train Loss: 0.5030 | Val Loss: 0.9610 | Acc (clean): 0.8417 | Acc (poison): 0.8417 | Val Acc: 0.7081 | Time: 00:00:09
Epoch 048 | Seed 2001 | Rate 0.00 | Train Loss: 0.5015 | Val Loss: 0.8234 | Acc (clean): 0.8428 | Acc (poison): 0.8428 | Val Acc: 0.7570 | Time: 00:00:09
Epoch 049 | Seed 2001 | Rate 0.00 | Train Loss: 0.4979 | Val Loss: 1.4464 | Acc (clean): 0.8419 | Acc (poison): 0.8419 | Val Acc: 0.5856 | Time: 00:00:09
Epoch 050 | Seed 2001 | Rate 0.00 | Train Loss: 0.5103 | Val Loss: 1.0394 | Acc (clean): 0.8380 | Acc (poison): 0.8380 | Val Acc: 0.6896 | Time: 00:00:09
Epoch 051 | Seed 2001 | Rate 0.00 | Train Loss: 0.3046 | Val Loss: 0.3309 | Acc (clean): 0.9044 | Acc (poison): 0.9044 | Val Acc: 0.8874 | Time: 00:00:09
Epoch 052 | Seed 2001 | Rate 0.00 | Train Loss: 0.2305 | Val Loss: 0.3024 | Acc (clean): 0.9279 | Acc (poison): 0.9279 | Val Acc: 0.9033 | Time: 00:00:09
Epoch 053 | Seed 2001 | Rate 0.00 | Train Loss: 0.2069 | Val Loss: 0.2932 | Acc (clean): 0.9359 | Acc (poison): 0.9359 | Val Acc: 0.9070 | Time: 00:00:09
Epoch 054 | Seed 2001 | Rate 0.00 | Train Loss: 0.1910 | Val Loss: 0.2848 | Acc (clean): 0.9407 | Acc (poison): 0.9407 | Val Acc: 0.9104 | Time: 00:00:08
Epoch 055 | Seed 2001 | Rate 0.00 | Train Loss: 0.1775 | Val Loss: 0.2806 | Acc (clean): 0.9465 | Acc (poison): 0.9465 | Val Acc: 0.9063 | Time: 00:00:09
Epoch 056 | Seed 2001 | Rate 0.00 | Train Loss: 0.1693 | Val Loss: 0.2782 | Acc (clean): 0.9485 | Acc (poison): 0.9485 | Val Acc: 0.9089 | Time: 00:00:09
Epoch 057 | Seed 2001 | Rate 0.00 | Train Loss: 0.1592 | Val Loss: 0.2641 | Acc (clean): 0.9516 | Acc (poison): 0.9516 | Val Acc: 0.9167 | Time: 00:00:09
Epoch 058 | Seed 2001 | Rate 0.00 | Train Loss: 0.1523 | Val Loss: 0.2688 | Acc (clean): 0.9540 | Acc (poison): 0.9540 | Val Acc: 0.9126 | Time: 00:00:08
Epoch 059 | Seed 2001 | Rate 0.00 | Train Loss: 0.1478 | Val Loss: 0.2621 | Acc (clean): 0.9565 | Acc (poison): 0.9565 | Val Acc: 0.9152 | Time: 00:00:08
Epoch 060 | Seed 2001 | Rate 0.00 | Train Loss: 0.1379 | Val Loss: 0.2709 | Acc (clean): 0.9586 | Acc (poison): 0.9586 | Val Acc: 0.9137 | Time: 00:00:08
Epoch 061 | Seed 2001 | Rate 0.00 | Train Loss: 0.1332 | Val Loss: 0.2609 | Acc (clean): 0.9605 | Acc (poison): 0.9605 | Val Acc: 0.9152 | Time: 00:00:08
Epoch 062 | Seed 2001 | Rate 0.00 | Train Loss: 0.1270 | Val Loss: 0.2647 | Acc (clean): 0.9616 | Acc (poison): 0.9616 | Val Acc: 0.9152 | Time: 00:00:08
Epoch 063 | Seed 2001 | Rate 0.00 | Train Loss: 0.1241 | Val Loss: 0.2663 | Acc (clean): 0.9630 | Acc (poison): 0.9630 | Val Acc: 0.9133 | Time: 00:00:08
Epoch 064 | Seed 2001 | Rate 0.00 | Train Loss: 0.1186 | Val Loss: 0.2687 | Acc (clean): 0.9640 | Acc (poison): 0.9640 | Val Acc: 0.9163 | Time: 00:00:08
Epoch 065 | Seed 2001 | Rate 0.00 | Train Loss: 0.1142 | Val Loss: 0.2744 | Acc (clean): 0.9679 | Acc (poison): 0.9679 | Val Acc: 0.9137 | Time: 00:00:08
Epoch 066 | Seed 2001 | Rate 0.00 | Train Loss: 0.1128 | Val Loss: 0.2691 | Acc (clean): 0.9678 | Acc (poison): 0.9678 | Val Acc: 0.9178 | Time: 00:00:08
Epoch 067 | Seed 2001 | Rate 0.00 | Train Loss: 0.1076 | Val Loss: 0.2482 | Acc (clean): 0.9697 | Acc (poison): 0.9697 | Val Acc: 0.9170 | Time: 00:00:08
Epoch 068 | Seed 2001 | Rate 0.00 | Train Loss: 0.1027 | Val Loss: 0.2689 | Acc (clean): 0.9705 | Acc (poison): 0.9705 | Val Acc: 0.9115 | Time: 00:00:08
Epoch 069 | Seed 2001 | Rate 0.00 | Train Loss: 0.1009 | Val Loss: 0.2823 | Acc (clean): 0.9709 | Acc (poison): 0.9709 | Val Acc: 0.9159 | Time: 00:00:08
Epoch 070 | Seed 2001 | Rate 0.00 | Train Loss: 0.0993 | Val Loss: 0.2744 | Acc (clean): 0.9705 | Acc (poison): 0.9705 | Val Acc: 0.9152 | Time: 00:00:08
Epoch 071 | Seed 2001 | Rate 0.00 | Train Loss: 0.0976 | Val Loss: 0.2702 | Acc (clean): 0.9728 | Acc (poison): 0.9728 | Val Acc: 0.9159 | Time: 00:00:08
Epoch 072 | Seed 2001 | Rate 0.00 | Train Loss: 0.0937 | Val Loss: 0.2655 | Acc (clean): 0.9725 | Acc (poison): 0.9725 | Val Acc: 0.9148 | Time: 00:00:08
Epoch 073 | Seed 2001 | Rate 0.00 | Train Loss: 0.0949 | Val Loss: 0.2808 | Acc (clean): 0.9737 | Acc (poison): 0.9737 | Val Acc: 0.9093 | Time: 00:00:08
Epoch 074 | Seed 2001 | Rate 0.00 | Train Loss: 0.0895 | Val Loss: 0.2744 | Acc (clean): 0.9750 | Acc (poison): 0.9750 | Val Acc: 0.9152 | Time: 00:00:09
Epoch 075 | Seed 2001 | Rate 0.00 | Train Loss: 0.0871 | Val Loss: 0.2793 | Acc (clean): 0.9756 | Acc (poison): 0.9756 | Val Acc: 0.9085 | Time: 00:00:09
Epoch 076 | Seed 2001 | Rate 0.00 | Train Loss: 0.0699 | Val Loss: 0.2449 | Acc (clean): 0.9825 | Acc (poison): 0.9825 | Val Acc: 0.9207 | Time: 00:00:09
Epoch 077 | Seed 2001 | Rate 0.00 | Train Loss: 0.0617 | Val Loss: 0.2448 | Acc (clean): 0.9853 | Acc (poison): 0.9853 | Val Acc: 0.9244 | Time: 00:00:08
Epoch 078 | Seed 2001 | Rate 0.00 | Train Loss: 0.0596 | Val Loss: 0.2427 | Acc (clean): 0.9869 | Acc (poison): 0.9869 | Val Acc: 0.9270 | Time: 00:00:09
Epoch 079 | Seed 2001 | Rate 0.00 | Train Loss: 0.0588 | Val Loss: 0.2435 | Acc (clean): 0.9857 | Acc (poison): 0.9857 | Val Acc: 0.9241 | Time: 00:00:09
Epoch 080 | Seed 2001 | Rate 0.00 | Train Loss: 0.0575 | Val Loss: 0.2406 | Acc (clean): 0.9880 | Acc (poison): 0.9880 | Val Acc: 0.9222 | Time: 00:00:09
Epoch 081 | Seed 2001 | Rate 0.00 | Train Loss: 0.0558 | Val Loss: 0.2464 | Acc (clean): 0.9888 | Acc (poison): 0.9888 | Val Acc: 0.9226 | Time: 00:00:09
Epoch 082 | Seed 2001 | Rate 0.00 | Train Loss: 0.0567 | Val Loss: 0.2461 | Acc (clean): 0.9874 | Acc (poison): 0.9874 | Val Acc: 0.9215 | Time: 00:00:09
Epoch 083 | Seed 2001 | Rate 0.00 | Train Loss: 0.0535 | Val Loss: 0.2500 | Acc (clean): 0.9883 | Acc (poison): 0.9883 | Val Acc: 0.9222 | Time: 00:00:09
Epoch 084 | Seed 2001 | Rate 0.00 | Train Loss: 0.0533 | Val Loss: 0.2450 | Acc (clean): 0.9885 | Acc (poison): 0.9885 | Val Acc: 0.9226 | Time: 00:00:09
Epoch 085 | Seed 2001 | Rate 0.00 | Train Loss: 0.0533 | Val Loss: 0.2451 | Acc (clean): 0.9889 | Acc (poison): 0.9889 | Val Acc: 0.9189 | Time: 00:00:09
Epoch 086 | Seed 2001 | Rate 0.00 | Train Loss: 0.0533 | Val Loss: 0.2468 | Acc (clean): 0.9878 | Acc (poison): 0.9878 | Val Acc: 0.9226 | Time: 00:00:09
Epoch 087 | Seed 2001 | Rate 0.00 | Train Loss: 0.0529 | Val Loss: 0.2421 | Acc (clean): 0.9892 | Acc (poison): 0.9892 | Val Acc: 0.9259 | Time: 00:00:08
Epoch 088 | Seed 2001 | Rate 0.00 | Train Loss: 0.0518 | Val Loss: 0.2415 | Acc (clean): 0.9893 | Acc (poison): 0.9893 | Val Acc: 0.9237 | Time: 00:00:09
Epoch 089 | Seed 2001 | Rate 0.00 | Train Loss: 0.0500 | Val Loss: 0.2414 | Acc (clean): 0.9896 | Acc (poison): 0.9896 | Val Acc: 0.9222 | Time: 00:00:09
Epoch 090 | Seed 2001 | Rate 0.00 | Train Loss: 0.0527 | Val Loss: 0.2441 | Acc (clean): 0.9885 | Acc (poison): 0.9885 | Val Acc: 0.9207 | Time: 00:00:09
Epoch 091 | Seed 2001 | Rate 0.00 | Train Loss: 0.0490 | Val Loss: 0.2451 | Acc (clean): 0.9908 | Acc (poison): 0.9908 | Val Acc: 0.9230 | Time: 00:00:09
Epoch 092 | Seed 2001 | Rate 0.00 | Train Loss: 0.0480 | Val Loss: 0.2478 | Acc (clean): 0.9903 | Acc (poison): 0.9903 | Val Acc: 0.9196 | Time: 00:00:09
Epoch 093 | Seed 2001 | Rate 0.00 | Train Loss: 0.0487 | Val Loss: 0.2475 | Acc (clean): 0.9898 | Acc (poison): 0.9898 | Val Acc: 0.9211 | Time: 00:00:09
Epoch 094 | Seed 2001 | Rate 0.00 | Train Loss: 0.0492 | Val Loss: 0.2506 | Acc (clean): 0.9900 | Acc (poison): 0.9900 | Val Acc: 0.9219 | Time: 00:00:09
Epoch 095 | Seed 2001 | Rate 0.00 | Train Loss: 0.0476 | Val Loss: 0.2460 | Acc (clean): 0.9905 | Acc (poison): 0.9905 | Val Acc: 0.9226 | Time: 00:00:09
Epoch 096 | Seed 2001 | Rate 0.00 | Train Loss: 0.0480 | Val Loss: 0.2505 | Acc (clean): 0.9905 | Acc (poison): 0.9905 | Val Acc: 0.9237 | Time: 00:00:09
Epoch 097 | Seed 2001 | Rate 0.00 | Train Loss: 0.0482 | Val Loss: 0.2499 | Acc (clean): 0.9901 | Acc (poison): 0.9901 | Val Acc: 0.9196 | Time: 00:00:09
Epoch 098 | Seed 2001 | Rate 0.00 | Train Loss: 0.0491 | Val Loss: 0.2501 | Acc (clean): 0.9900 | Acc (poison): 0.9900 | Val Acc: 0.9233 | Time: 00:00:09
Epoch 099 | Seed 2001 | Rate 0.00 | Train Loss: 0.0453 | Val Loss: 0.2468 | Acc (clean): 0.9916 | Acc (poison): 0.9916 | Val Acc: 0.9248 | Time: 00:00:09
Epoch 100 | Seed 2001 | Rate 0.00 | Train Loss: 0.0465 | Val Loss: 0.2495 | Acc (clean): 0.9907 | Acc (poison): 0.9907 | Val Acc: 0.9244 | Time: 00:00:09
Loading train data from /home/yazanme/BachelorThesis/BachelorThesis/data/processed/resisc45/train.h5 with mapping /home/yazanme/BachelorThesis/BachelorThesis/data/processed/resisc45/poisoned/RQ2.2-dissim/seed_2001/labels_0.05.pt... (in_memory=True, workers=6)
Testing torch.compile support...
Successfully compiled model using torch.compile.
Epoch 001 | Seed 2001 | Rate 0.05 | Train Loss: 2.8981 | Val Loss: 3.0772 | Acc (clean): 0.2177 | Acc (poison): 0.2170 | Val Acc: 0.2474 | Time: 00:00:10
Epoch 002 | Seed 2001 | Rate 0.05 | Train Loss: 1.9823 | Val Loss: 2.0876 | Acc (clean): 0.4294 | Acc (poison): 0.4282 | Val Acc: 0.4185 | Time: 00:00:09
Epoch 003 | Seed 2001 | Rate 0.05 | Train Loss: 1.5960 | Val Loss: 1.7792 | Acc (clean): 0.5301 | Acc (poison): 0.5291 | Val Acc: 0.4778 | Time: 00:00:09
Epoch 004 | Seed 2001 | Rate 0.05 | Train Loss: 1.3456 | Val Loss: 1.4684 | Acc (clean): 0.5939 | Acc (poison): 0.5926 | Val Acc: 0.5463 | Time: 00:00:09
Epoch 005 | Seed 2001 | Rate 0.05 | Train Loss: 1.1557 | Val Loss: 1.5508 | Acc (clean): 0.6503 | Acc (poison): 0.6489 | Val Acc: 0.5474 | Time: 00:00:08
Epoch 006 | Seed 2001 | Rate 0.05 | Train Loss: 1.0000 | Val Loss: 1.6537 | Acc (clean): 0.6954 | Acc (poison): 0.6940 | Val Acc: 0.5715 | Time: 00:00:09
Epoch 007 | Seed 2001 | Rate 0.05 | Train Loss: 0.8716 | Val Loss: 1.0514 | Acc (clean): 0.7287 | Acc (poison): 0.7272 | Val Acc: 0.6807 | Time: 00:00:09
Epoch 008 | Seed 2001 | Rate 0.05 | Train Loss: 0.7974 | Val Loss: 1.0653 | Acc (clean): 0.7557 | Acc (poison): 0.7539 | Val Acc: 0.6937 | Time: 00:00:09
Epoch 009 | Seed 2001 | Rate 0.05 | Train Loss: 0.7457 | Val Loss: 1.0514 | Acc (clean): 0.7709 | Acc (poison): 0.7692 | Val Acc: 0.6959 | Time: 00:00:09
Epoch 010 | Seed 2001 | Rate 0.05 | Train Loss: 0.6946 | Val Loss: 1.0568 | Acc (clean): 0.7850 | Acc (poison): 0.7832 | Val Acc: 0.6719 | Time: 00:00:09
Epoch 011 | Seed 2001 | Rate 0.05 | Train Loss: 0.6685 | Val Loss: 1.0794 | Acc (clean): 0.7924 | Acc (poison): 0.7908 | Val Acc: 0.6881 | Time: 00:00:09
Epoch 012 | Seed 2001 | Rate 0.05 | Train Loss: 0.6404 | Val Loss: 1.4040 | Acc (clean): 0.7996 | Acc (poison): 0.7977 | Val Acc: 0.6070 | Time: 00:00:09
Epoch 013 | Seed 2001 | Rate 0.05 | Train Loss: 0.6293 | Val Loss: 0.9358 | Acc (clean): 0.8044 | Acc (poison): 0.8026 | Val Acc: 0.7215 | Time: 00:00:09
Epoch 014 | Seed 2001 | Rate 0.05 | Train Loss: 0.6104 | Val Loss: 1.1591 | Acc (clean): 0.8102 | Acc (poison): 0.8085 | Val Acc: 0.6619 | Time: 00:00:09
Epoch 015 | Seed 2001 | Rate 0.05 | Train Loss: 0.5875 | Val Loss: 1.2240 | Acc (clean): 0.8193 | Acc (poison): 0.8175 | Val Acc: 0.6270 | Time: 00:00:09
Epoch 016 | Seed 2001 | Rate 0.05 | Train Loss: 0.5931 | Val Loss: 0.7091 | Acc (clean): 0.8147 | Acc (poison): 0.8130 | Val Acc: 0.7837 | Time: 00:00:09
Epoch 017 | Seed 2001 | Rate 0.05 | Train Loss: 0.5783 | Val Loss: 0.9956 | Acc (clean): 0.8195 | Acc (poison): 0.8176 | Val Acc: 0.7037 | Time: 00:00:09
Epoch 018 | Seed 2001 | Rate 0.05 | Train Loss: 0.5681 | Val Loss: 1.0964 | Acc (clean): 0.8235 | Acc (poison): 0.8217 | Val Acc: 0.6811 | Time: 00:00:08
Epoch 019 | Seed 2001 | Rate 0.05 | Train Loss: 0.5594 | Val Loss: 0.9939 | Acc (clean): 0.8268 | Acc (poison): 0.8250 | Val Acc: 0.7230 | Time: 00:00:08
Epoch 020 | Seed 2001 | Rate 0.05 | Train Loss: 0.5826 | Val Loss: 0.8604 | Acc (clean): 0.8188 | Acc (poison): 0.8172 | Val Acc: 0.7385 | Time: 00:00:09
Epoch 021 | Seed 2001 | Rate 0.05 | Train Loss: 0.5496 | Val Loss: 1.3321 | Acc (clean): 0.8291 | Acc (poison): 0.8273 | Val Acc: 0.6693 | Time: 00:00:09
Epoch 022 | Seed 2001 | Rate 0.05 | Train Loss: 0.5494 | Val Loss: 0.8586 | Acc (clean): 0.8279 | Acc (poison): 0.8263 | Val Acc: 0.7500 | Time: 00:00:09
Epoch 023 | Seed 2001 | Rate 0.05 | Train Loss: 0.5568 | Val Loss: 1.1894 | Acc (clean): 0.8263 | Acc (poison): 0.8244 | Val Acc: 0.6693 | Time: 00:00:09
Epoch 024 | Seed 2001 | Rate 0.05 | Train Loss: 0.5549 | Val Loss: 1.6459 | Acc (clean): 0.8274 | Acc (poison): 0.8256 | Val Acc: 0.5463 | Time: 00:00:09
Epoch 025 | Seed 2001 | Rate 0.05 | Train Loss: 0.5605 | Val Loss: 0.9534 | Acc (clean): 0.8260 | Acc (poison): 0.8242 | Val Acc: 0.7196 | Time: 00:00:09
Epoch 026 | Seed 2001 | Rate 0.05 | Train Loss: 0.5371 | Val Loss: 0.7603 | Acc (clean): 0.8334 | Acc (poison): 0.8316 | Val Acc: 0.7656 | Time: 00:00:09
Epoch 027 | Seed 2001 | Rate 0.05 | Train Loss: 0.5488 | Val Loss: 0.9603 | Acc (clean): 0.8288 | Acc (poison): 0.8270 | Val Acc: 0.7163 | Time: 00:00:09
Epoch 028 | Seed 2001 | Rate 0.05 | Train Loss: 0.5434 | Val Loss: 0.8827 | Acc (clean): 0.8326 | Acc (poison): 0.8307 | Val Acc: 0.7444 | Time: 00:00:09
Epoch 029 | Seed 2001 | Rate 0.05 | Train Loss: 0.5358 | Val Loss: 0.9380 | Acc (clean): 0.8339 | Acc (poison): 0.8322 | Val Acc: 0.7407 | Time: 00:00:09
Epoch 030 | Seed 2001 | Rate 0.05 | Train Loss: 0.5390 | Val Loss: 1.1578 | Acc (clean): 0.8336 | Acc (poison): 0.8316 | Val Acc: 0.6604 | Time: 00:00:08
Epoch 031 | Seed 2001 | Rate 0.05 | Train Loss: 0.5366 | Val Loss: 0.7831 | Acc (clean): 0.8332 | Acc (poison): 0.8312 | Val Acc: 0.7552 | Time: 00:00:09
Epoch 032 | Seed 2001 | Rate 0.05 | Train Loss: 0.5380 | Val Loss: 1.0916 | Acc (clean): 0.8340 | Acc (poison): 0.8321 | Val Acc: 0.6856 | Time: 00:00:09
Epoch 033 | Seed 2001 | Rate 0.05 | Train Loss: 0.5396 | Val Loss: 1.2468 | Acc (clean): 0.8313 | Acc (poison): 0.8293 | Val Acc: 0.6304 | Time: 00:00:09
Epoch 034 | Seed 2001 | Rate 0.05 | Train Loss: 0.5185 | Val Loss: 0.7687 | Acc (clean): 0.8398 | Acc (poison): 0.8381 | Val Acc: 0.7593 | Time: 00:00:09
Epoch 035 | Seed 2001 | Rate 0.05 | Train Loss: 0.5237 | Val Loss: 1.1056 | Acc (clean): 0.8384 | Acc (poison): 0.8366 | Val Acc: 0.6933 | Time: 00:00:09
Epoch 036 | Seed 2001 | Rate 0.05 | Train Loss: 0.5218 | Val Loss: 0.8893 | Acc (clean): 0.8373 | Acc (poison): 0.8355 | Val Acc: 0.7452 | Time: 00:00:09
Epoch 037 | Seed 2001 | Rate 0.05 | Train Loss: 0.5156 | Val Loss: 1.0790 | Acc (clean): 0.8386 | Acc (poison): 0.8367 | Val Acc: 0.6726 | Time: 00:00:09
Epoch 038 | Seed 2001 | Rate 0.05 | Train Loss: 0.5393 | Val Loss: 1.1939 | Acc (clean): 0.8359 | Acc (poison): 0.8340 | Val Acc: 0.6604 | Time: 00:00:09
Epoch 039 | Seed 2001 | Rate 0.05 | Train Loss: 0.5084 | Val Loss: 0.8827 | Acc (clean): 0.8410 | Acc (poison): 0.8390 | Val Acc: 0.7378 | Time: 00:00:09
Epoch 040 | Seed 2001 | Rate 0.05 | Train Loss: 0.5240 | Val Loss: 0.9353 | Acc (clean): 0.8387 | Acc (poison): 0.8369 | Val Acc: 0.7293 | Time: 00:00:09
Epoch 041 | Seed 2001 | Rate 0.05 | Train Loss: 0.5248 | Val Loss: 0.9824 | Acc (clean): 0.8360 | Acc (poison): 0.8342 | Val Acc: 0.7170 | Time: 00:00:09
Epoch 042 | Seed 2001 | Rate 0.05 | Train Loss: 0.5300 | Val Loss: 0.7674 | Acc (clean): 0.8349 | Acc (poison): 0.8332 | Val Acc: 0.7607 | Time: 00:00:09
Epoch 043 | Seed 2001 | Rate 0.05 | Train Loss: 0.5139 | Val Loss: 0.9311 | Acc (clean): 0.8422 | Acc (poison): 0.8402 | Val Acc: 0.7181 | Time: 00:00:09
Epoch 044 | Seed 2001 | Rate 0.05 | Train Loss: 0.5128 | Val Loss: 0.9095 | Acc (clean): 0.8417 | Acc (poison): 0.8400 | Val Acc: 0.7293 | Time: 00:00:09
Epoch 045 | Seed 2001 | Rate 0.05 | Train Loss: 0.5030 | Val Loss: 0.8103 | Acc (clean): 0.8448 | Acc (poison): 0.8429 | Val Acc: 0.7563 | Time: 00:00:09
Epoch 046 | Seed 2001 | Rate 0.05 | Train Loss: 0.5081 | Val Loss: 0.8163 | Acc (clean): 0.8428 | Acc (poison): 0.8410 | Val Acc: 0.7481 | Time: 00:00:09
Epoch 047 | Seed 2001 | Rate 0.05 | Train Loss: 0.5089 | Val Loss: 1.3044 | Acc (clean): 0.8425 | Acc (poison): 0.8405 | Val Acc: 0.6289 | Time: 00:00:09
Epoch 048 | Seed 2001 | Rate 0.05 | Train Loss: 0.5136 | Val Loss: 0.8402 | Acc (clean): 0.8394 | Acc (poison): 0.8377 | Val Acc: 0.7356 | Time: 00:00:09
Epoch 049 | Seed 2001 | Rate 0.05 | Train Loss: 0.5168 | Val Loss: 1.4336 | Acc (clean): 0.8382 | Acc (poison): 0.8365 | Val Acc: 0.6037 | Time: 00:00:09
Epoch 050 | Seed 2001 | Rate 0.05 | Train Loss: 0.5055 | Val Loss: 2.1535 | Acc (clean): 0.8408 | Acc (poison): 0.8389 | Val Acc: 0.4622 | Time: 00:00:09
Epoch 051 | Seed 2001 | Rate 0.05 | Train Loss: 0.3148 | Val Loss: 0.3391 | Acc (clean): 0.9042 | Acc (poison): 0.9024 | Val Acc: 0.8930 | Time: 00:00:09
Epoch 052 | Seed 2001 | Rate 0.05 | Train Loss: 0.2385 | Val Loss: 0.3049 | Acc (clean): 0.9283 | Acc (poison): 0.9263 | Val Acc: 0.9019 | Time: 00:00:09
Epoch 053 | Seed 2001 | Rate 0.05 | Train Loss: 0.2168 | Val Loss: 0.2882 | Acc (clean): 0.9353 | Acc (poison): 0.9333 | Val Acc: 0.9081 | Time: 00:00:09
Epoch 054 | Seed 2001 | Rate 0.05 | Train Loss: 0.1956 | Val Loss: 0.2872 | Acc (clean): 0.9426 | Acc (poison): 0.9405 | Val Acc: 0.9030 | Time: 00:00:09
Epoch 055 | Seed 2001 | Rate 0.05 | Train Loss: 0.1867 | Val Loss: 0.2875 | Acc (clean): 0.9451 | Acc (poison): 0.9432 | Val Acc: 0.9063 | Time: 00:00:09
Epoch 056 | Seed 2001 | Rate 0.05 | Train Loss: 0.1734 | Val Loss: 0.2762 | Acc (clean): 0.9509 | Acc (poison): 0.9488 | Val Acc: 0.9059 | Time: 00:00:08
Epoch 057 | Seed 2001 | Rate 0.05 | Train Loss: 0.1663 | Val Loss: 0.2855 | Acc (clean): 0.9522 | Acc (poison): 0.9502 | Val Acc: 0.9100 | Time: 00:00:08
Epoch 058 | Seed 2001 | Rate 0.05 | Train Loss: 0.1581 | Val Loss: 0.2680 | Acc (clean): 0.9544 | Acc (poison): 0.9522 | Val Acc: 0.9133 | Time: 00:00:08
Epoch 059 | Seed 2001 | Rate 0.05 | Train Loss: 0.1572 | Val Loss: 0.2827 | Acc (clean): 0.9553 | Acc (poison): 0.9533 | Val Acc: 0.9130 | Time: 00:00:08
Epoch 060 | Seed 2001 | Rate 0.05 | Train Loss: 0.1478 | Val Loss: 0.2855 | Acc (clean): 0.9586 | Acc (poison): 0.9565 | Val Acc: 0.9126 | Time: 00:00:08
Epoch 061 | Seed 2001 | Rate 0.05 | Train Loss: 0.1416 | Val Loss: 0.2582 | Acc (clean): 0.9616 | Acc (poison): 0.9596 | Val Acc: 0.9167 | Time: 00:00:08
Epoch 062 | Seed 2001 | Rate 0.05 | Train Loss: 0.1325 | Val Loss: 0.2696 | Acc (clean): 0.9645 | Acc (poison): 0.9624 | Val Acc: 0.9152 | Time: 00:00:08
Epoch 063 | Seed 2001 | Rate 0.05 | Train Loss: 0.1299 | Val Loss: 0.2718 | Acc (clean): 0.9643 | Acc (poison): 0.9621 | Val Acc: 0.9130 | Time: 00:00:08
Epoch 064 | Seed 2001 | Rate 0.05 | Train Loss: 0.1252 | Val Loss: 0.2734 | Acc (clean): 0.9664 | Acc (poison): 0.9643 | Val Acc: 0.9170 | Time: 00:00:08
Epoch 065 | Seed 2001 | Rate 0.05 | Train Loss: 0.1216 | Val Loss: 0.2775 | Acc (clean): 0.9666 | Acc (poison): 0.9645 | Val Acc: 0.9115 | Time: 00:00:08
Epoch 066 | Seed 2001 | Rate 0.05 | Train Loss: 0.1181 | Val Loss: 0.2795 | Acc (clean): 0.9681 | Acc (poison): 0.9659 | Val Acc: 0.9152 | Time: 00:00:08
Epoch 067 | Seed 2001 | Rate 0.05 | Train Loss: 0.1144 | Val Loss: 0.2676 | Acc (clean): 0.9693 | Acc (poison): 0.9672 | Val Acc: 0.9204 | Time: 00:00:08
Epoch 068 | Seed 2001 | Rate 0.05 | Train Loss: 0.1130 | Val Loss: 0.2701 | Acc (clean): 0.9695 | Acc (poison): 0.9674 | Val Acc: 0.9111 | Time: 00:00:08
Epoch 069 | Seed 2001 | Rate 0.05 | Train Loss: 0.1078 | Val Loss: 0.2896 | Acc (clean): 0.9709 | Acc (poison): 0.9686 | Val Acc: 0.9174 | Time: 00:00:08
Epoch 070 | Seed 2001 | Rate 0.05 | Train Loss: 0.1039 | Val Loss: 0.2762 | Acc (clean): 0.9733 | Acc (poison): 0.9711 | Val Acc: 0.9126 | Time: 00:00:09
Epoch 071 | Seed 2001 | Rate 0.05 | Train Loss: 0.1023 | Val Loss: 0.2715 | Acc (clean): 0.9742 | Acc (poison): 0.9721 | Val Acc: 0.9144 | Time: 00:00:09
Epoch 072 | Seed 2001 | Rate 0.05 | Train Loss: 0.0998 | Val Loss: 0.2716 | Acc (clean): 0.9753 | Acc (poison): 0.9731 | Val Acc: 0.9152 | Time: 00:00:09
Epoch 073 | Seed 2001 | Rate 0.05 | Train Loss: 0.1009 | Val Loss: 0.2843 | Acc (clean): 0.9740 | Acc (poison): 0.9720 | Val Acc: 0.9085 | Time: 00:00:08
Epoch 074 | Seed 2001 | Rate 0.05 | Train Loss: 0.0927 | Val Loss: 0.2946 | Acc (clean): 0.9767 | Acc (poison): 0.9747 | Val Acc: 0.9078 | Time: 00:00:09
Epoch 075 | Seed 2001 | Rate 0.05 | Train Loss: 0.0916 | Val Loss: 0.2879 | Acc (clean): 0.9781 | Acc (poison): 0.9760 | Val Acc: 0.9141 | Time: 00:00:09
Epoch 076 | Seed 2001 | Rate 0.05 | Train Loss: 0.0758 | Val Loss: 0.2508 | Acc (clean): 0.9832 | Acc (poison): 0.9811 | Val Acc: 0.9252 | Time: 00:00:09
Epoch 077 | Seed 2001 | Rate 0.05 | Train Loss: 0.0689 | Val Loss: 0.2474 | Acc (clean): 0.9854 | Acc (poison): 0.9833 | Val Acc: 0.9263 | Time: 00:00:09
Epoch 078 | Seed 2001 | Rate 0.05 | Train Loss: 0.0650 | Val Loss: 0.2474 | Acc (clean): 0.9882 | Acc (poison): 0.9860 | Val Acc: 0.9270 | Time: 00:00:09
Epoch 079 | Seed 2001 | Rate 0.05 | Train Loss: 0.0651 | Val Loss: 0.2486 | Acc (clean): 0.9873 | Acc (poison): 0.9851 | Val Acc: 0.9278 | Time: 00:00:09
Epoch 080 | Seed 2001 | Rate 0.05 | Train Loss: 0.0625 | Val Loss: 0.2508 | Acc (clean): 0.9888 | Acc (poison): 0.9866 | Val Acc: 0.9259 | Time: 00:00:09
Epoch 081 | Seed 2001 | Rate 0.05 | Train Loss: 0.0608 | Val Loss: 0.2513 | Acc (clean): 0.9892 | Acc (poison): 0.9870 | Val Acc: 0.9270 | Time: 00:00:09
Epoch 082 | Seed 2001 | Rate 0.05 | Train Loss: 0.0632 | Val Loss: 0.2500 | Acc (clean): 0.9875 | Acc (poison): 0.9853 | Val Acc: 0.9270 | Time: 00:00:09
Epoch 083 | Seed 2001 | Rate 0.05 | Train Loss: 0.0591 | Val Loss: 0.2547 | Acc (clean): 0.9903 | Acc (poison): 0.9881 | Val Acc: 0.9226 | Time: 00:00:09
Epoch 084 | Seed 2001 | Rate 0.05 | Train Loss: 0.0585 | Val Loss: 0.2514 | Acc (clean): 0.9898 | Acc (poison): 0.9877 | Val Acc: 0.9256 | Time: 00:00:09
Epoch 085 | Seed 2001 | Rate 0.05 | Train Loss: 0.0589 | Val Loss: 0.2482 | Acc (clean): 0.9898 | Acc (poison): 0.9877 | Val Acc: 0.9256 | Time: 00:00:09
Epoch 086 | Seed 2001 | Rate 0.05 | Train Loss: 0.0591 | Val Loss: 0.2530 | Acc (clean): 0.9886 | Acc (poison): 0.9864 | Val Acc: 0.9226 | Time: 00:00:09
Epoch 087 | Seed 2001 | Rate 0.05 | Train Loss: 0.0577 | Val Loss: 0.2494 | Acc (clean): 0.9900 | Acc (poison): 0.9878 | Val Acc: 0.9263 | Time: 00:00:09
Epoch 088 | Seed 2001 | Rate 0.05 | Train Loss: 0.0554 | Val Loss: 0.2453 | Acc (clean): 0.9916 | Acc (poison): 0.9894 | Val Acc: 0.9270 | Time: 00:00:09
Epoch 089 | Seed 2001 | Rate 0.05 | Train Loss: 0.0550 | Val Loss: 0.2473 | Acc (clean): 0.9912 | Acc (poison): 0.9891 | Val Acc: 0.9278 | Time: 00:00:09
Epoch 090 | Seed 2001 | Rate 0.05 | Train Loss: 0.0576 | Val Loss: 0.2533 | Acc (clean): 0.9900 | Acc (poison): 0.9877 | Val Acc: 0.9215 | Time: 00:00:09
Epoch 091 | Seed 2001 | Rate 0.05 | Train Loss: 0.0542 | Val Loss: 0.2524 | Acc (clean): 0.9915 | Acc (poison): 0.9893 | Val Acc: 0.9233 | Time: 00:00:08
Epoch 092 | Seed 2001 | Rate 0.05 | Train Loss: 0.0537 | Val Loss: 0.2535 | Acc (clean): 0.9916 | Acc (poison): 0.9895 | Val Acc: 0.9211 | Time: 00:00:09
Epoch 093 | Seed 2001 | Rate 0.05 | Train Loss: 0.0535 | Val Loss: 0.2538 | Acc (clean): 0.9917 | Acc (poison): 0.9896 | Val Acc: 0.9263 | Time: 00:00:09
Epoch 094 | Seed 2001 | Rate 0.05 | Train Loss: 0.0553 | Val Loss: 0.2555 | Acc (clean): 0.9906 | Acc (poison): 0.9884 | Val Acc: 0.9219 | Time: 00:00:09
Epoch 095 | Seed 2001 | Rate 0.05 | Train Loss: 0.0540 | Val Loss: 0.2516 | Acc (clean): 0.9906 | Acc (poison): 0.9886 | Val Acc: 0.9256 | Time: 00:00:09
Epoch 096 | Seed 2001 | Rate 0.05 | Train Loss: 0.0535 | Val Loss: 0.2550 | Acc (clean): 0.9911 | Acc (poison): 0.9888 | Val Acc: 0.9270 | Time: 00:00:09
Epoch 097 | Seed 2001 | Rate 0.05 | Train Loss: 0.0527 | Val Loss: 0.2544 | Acc (clean): 0.9919 | Acc (poison): 0.9897 | Val Acc: 0.9248 | Time: 00:00:09
Epoch 098 | Seed 2001 | Rate 0.05 | Train Loss: 0.0535 | Val Loss: 0.2498 | Acc (clean): 0.9905 | Acc (poison): 0.9883 | Val Acc: 0.9248 | Time: 00:00:09
Epoch 099 | Seed 2001 | Rate 0.05 | Train Loss: 0.0522 | Val Loss: 0.2503 | Acc (clean): 0.9909 | Acc (poison): 0.9888 | Val Acc: 0.9259 | Time: 00:00:09
Epoch 100 | Seed 2001 | Rate 0.05 | Train Loss: 0.0524 | Val Loss: 0.2535 | Acc (clean): 0.9914 | Acc (poison): 0.9892 | Val Acc: 0.9244 | Time: 00:00:09
Loading train data from /home/yazanme/BachelorThesis/BachelorThesis/data/processed/resisc45/train.h5 with mapping /home/yazanme/BachelorThesis/BachelorThesis/data/processed/resisc45/poisoned/RQ2.2-dissim/seed_2001/labels_0.10.pt... (in_memory=True, workers=6)
Testing torch.compile support...
Successfully compiled model using torch.compile.
Epoch 001 | Seed 2001 | Rate 0.10 | Train Loss: 2.8222 | Val Loss: 2.5205 | Acc (clean): 0.2345 | Acc (poison): 0.2328 | Val Acc: 0.3037 | Time: 00:00:10
Epoch 002 | Seed 2001 | Rate 0.10 | Train Loss: 1.9410 | Val Loss: 2.1825 | Acc (clean): 0.4386 | Acc (poison): 0.4368 | Val Acc: 0.3915 | Time: 00:00:09
Epoch 003 | Seed 2001 | Rate 0.10 | Train Loss: 1.6183 | Val Loss: 1.7494 | Acc (clean): 0.5233 | Acc (poison): 0.5212 | Val Acc: 0.4863 | Time: 00:00:09
Epoch 004 | Seed 2001 | Rate 0.10 | Train Loss: 1.3783 | Val Loss: 1.5196 | Acc (clean): 0.5861 | Acc (poison): 0.5836 | Val Acc: 0.5585 | Time: 00:00:09
Epoch 005 | Seed 2001 | Rate 0.10 | Train Loss: 1.2022 | Val Loss: 2.2118 | Acc (clean): 0.6382 | Acc (poison): 0.6356 | Val Acc: 0.4437 | Time: 00:00:09
Epoch 006 | Seed 2001 | Rate 0.10 | Train Loss: 1.0460 | Val Loss: 1.3407 | Acc (clean): 0.6799 | Acc (poison): 0.6769 | Val Acc: 0.6063 | Time: 00:00:09
Epoch 007 | Seed 2001 | Rate 0.10 | Train Loss: 0.9260 | Val Loss: 1.6282 | Acc (clean): 0.7140 | Acc (poison): 0.7107 | Val Acc: 0.5478 | Time: 00:00:09
Epoch 008 | Seed 2001 | Rate 0.10 | Train Loss: 0.8404 | Val Loss: 0.9991 | Acc (clean): 0.7427 | Acc (poison): 0.7394 | Val Acc: 0.6922 | Time: 00:00:09
Epoch 009 | Seed 2001 | Rate 0.10 | Train Loss: 0.7821 | Val Loss: 1.1352 | Acc (clean): 0.7565 | Acc (poison): 0.7532 | Val Acc: 0.6604 | Time: 00:00:09
Epoch 010 | Seed 2001 | Rate 0.10 | Train Loss: 0.7213 | Val Loss: 1.1135 | Acc (clean): 0.7773 | Acc (poison): 0.7739 | Val Acc: 0.6696 | Time: 00:00:09
Epoch 011 | Seed 2001 | Rate 0.10 | Train Loss: 0.6865 | Val Loss: 1.1867 | Acc (clean): 0.7886 | Acc (poison): 0.7852 | Val Acc: 0.6426 | Time: 00:00:09
Epoch 012 | Seed 2001 | Rate 0.10 | Train Loss: 0.6641 | Val Loss: 1.5749 | Acc (clean): 0.7951 | Acc (poison): 0.7916 | Val Acc: 0.5904 | Time: 00:00:09
Epoch 013 | Seed 2001 | Rate 0.10 | Train Loss: 0.6329 | Val Loss: 1.5380 | Acc (clean): 0.8034 | Acc (poison): 0.7999 | Val Acc: 0.5863 | Time: 00:00:09
Epoch 014 | Seed 2001 | Rate 0.10 | Train Loss: 0.6156 | Val Loss: 1.0197 | Acc (clean): 0.8111 | Acc (poison): 0.8074 | Val Acc: 0.7137 | Time: 00:00:09
Epoch 015 | Seed 2001 | Rate 0.10 | Train Loss: 0.6124 | Val Loss: 0.9600 | Acc (clean): 0.8136 | Acc (poison): 0.8099 | Val Acc: 0.7111 | Time: 00:00:09
Epoch 016 | Seed 2001 | Rate 0.10 | Train Loss: 0.5984 | Val Loss: 1.3519 | Acc (clean): 0.8151 | Acc (poison): 0.8118 | Val Acc: 0.6404 | Time: 00:00:09
Epoch 017 | Seed 2001 | Rate 0.10 | Train Loss: 0.5941 | Val Loss: 0.8955 | Acc (clean): 0.8153 | Acc (poison): 0.8121 | Val Acc: 0.7341 | Time: 00:00:09
Epoch 018 | Seed 2001 | Rate 0.10 | Train Loss: 0.5749 | Val Loss: 0.9764 | Acc (clean): 0.8240 | Acc (poison): 0.8205 | Val Acc: 0.7026 | Time: 00:00:09
Epoch 019 | Seed 2001 | Rate 0.10 | Train Loss: 0.5726 | Val Loss: 1.0696 | Acc (clean): 0.8253 | Acc (poison): 0.8220 | Val Acc: 0.6893 | Time: 00:00:09
Epoch 020 | Seed 2001 | Rate 0.10 | Train Loss: 0.5778 | Val Loss: 0.9036 | Acc (clean): 0.8188 | Acc (poison): 0.8153 | Val Acc: 0.7307 | Time: 00:00:09
Epoch 021 | Seed 2001 | Rate 0.10 | Train Loss: 0.5602 | Val Loss: 1.0104 | Acc (clean): 0.8260 | Acc (poison): 0.8222 | Val Acc: 0.7104 | Time: 00:00:09
Epoch 022 | Seed 2001 | Rate 0.10 | Train Loss: 0.5618 | Val Loss: 0.8698 | Acc (clean): 0.8265 | Acc (poison): 0.8231 | Val Acc: 0.7385 | Time: 00:00:09
Epoch 023 | Seed 2001 | Rate 0.10 | Train Loss: 0.5563 | Val Loss: 1.0516 | Acc (clean): 0.8274 | Acc (poison): 0.8239 | Val Acc: 0.6885 | Time: 00:00:09
Epoch 024 | Seed 2001 | Rate 0.10 | Train Loss: 0.5496 | Val Loss: 0.9401 | Acc (clean): 0.8319 | Acc (poison): 0.8285 | Val Acc: 0.7267 | Time: 00:00:08
Epoch 025 | Seed 2001 | Rate 0.10 | Train Loss: 0.5390 | Val Loss: 1.0486 | Acc (clean): 0.8358 | Acc (poison): 0.8319 | Val Acc: 0.6944 | Time: 00:00:09
Epoch 026 | Seed 2001 | Rate 0.10 | Train Loss: 0.5489 | Val Loss: 1.0767 | Acc (clean): 0.8313 | Acc (poison): 0.8277 | Val Acc: 0.6774 | Time: 00:00:09
Epoch 027 | Seed 2001 | Rate 0.10 | Train Loss: 0.5390 | Val Loss: 1.2753 | Acc (clean): 0.8344 | Acc (poison): 0.8309 | Val Acc: 0.6537 | Time: 00:00:08
Epoch 028 | Seed 2001 | Rate 0.10 | Train Loss: 0.5364 | Val Loss: 1.0962 | Acc (clean): 0.8365 | Acc (poison): 0.8327 | Val Acc: 0.6689 | Time: 00:00:08
Epoch 029 | Seed 2001 | Rate 0.10 | Train Loss: 0.5347 | Val Loss: 0.8495 | Acc (clean): 0.8357 | Acc (poison): 0.8320 | Val Acc: 0.7519 | Time: 00:00:09
Epoch 030 | Seed 2001 | Rate 0.10 | Train Loss: 0.5206 | Val Loss: 1.1048 | Acc (clean): 0.8400 | Acc (poison): 0.8361 | Val Acc: 0.6763 | Time: 00:00:09
Epoch 031 | Seed 2001 | Rate 0.10 | Train Loss: 0.5406 | Val Loss: 1.3910 | Acc (clean): 0.8351 | Acc (poison): 0.8315 | Val Acc: 0.5933 | Time: 00:00:09
Epoch 032 | Seed 2001 | Rate 0.10 | Train Loss: 0.5353 | Val Loss: 0.7205 | Acc (clean): 0.8355 | Acc (poison): 0.8319 | Val Acc: 0.7819 | Time: 00:00:08
Epoch 033 | Seed 2001 | Rate 0.10 | Train Loss: 0.5286 | Val Loss: 1.2962 | Acc (clean): 0.8394 | Acc (poison): 0.8358 | Val Acc: 0.6393 | Time: 00:00:08
Epoch 034 | Seed 2001 | Rate 0.10 | Train Loss: 0.5285 | Val Loss: 0.9471 | Acc (clean): 0.8388 | Acc (poison): 0.8351 | Val Acc: 0.7111 | Time: 00:00:09
Epoch 035 | Seed 2001 | Rate 0.10 | Train Loss: 0.5218 | Val Loss: 0.7818 | Acc (clean): 0.8410 | Acc (poison): 0.8373 | Val Acc: 0.7596 | Time: 00:00:08
Epoch 036 | Seed 2001 | Rate 0.10 | Train Loss: 0.5294 | Val Loss: 1.0485 | Acc (clean): 0.8360 | Acc (poison): 0.8323 | Val Acc: 0.6959 | Time: 00:00:08
Epoch 037 | Seed 2001 | Rate 0.10 | Train Loss: 0.5177 | Val Loss: 1.2689 | Acc (clean): 0.8409 | Acc (poison): 0.8374 | Val Acc: 0.6437 | Time: 00:00:09
Epoch 038 | Seed 2001 | Rate 0.10 | Train Loss: 0.5325 | Val Loss: 1.0189 | Acc (clean): 0.8374 | Acc (poison): 0.8338 | Val Acc: 0.7144 | Time: 00:00:09
Epoch 039 | Seed 2001 | Rate 0.10 | Train Loss: 0.5252 | Val Loss: 0.8128 | Acc (clean): 0.8406 | Acc (poison): 0.8370 | Val Acc: 0.7541 | Time: 00:00:09
Epoch 040 | Seed 2001 | Rate 0.10 | Train Loss: 0.5049 | Val Loss: 0.8361 | Acc (clean): 0.8463 | Acc (poison): 0.8427 | Val Acc: 0.7407 | Time: 00:00:09
Epoch 041 | Seed 2001 | Rate 0.10 | Train Loss: 0.5051 | Val Loss: 1.4339 | Acc (clean): 0.8452 | Acc (poison): 0.8416 | Val Acc: 0.6022 | Time: 00:00:09
Epoch 042 | Seed 2001 | Rate 0.10 | Train Loss: 0.5238 | Val Loss: 0.9517 | Acc (clean): 0.8397 | Acc (poison): 0.8359 | Val Acc: 0.7256 | Time: 00:00:09
Epoch 043 | Seed 2001 | Rate 0.10 | Train Loss: 0.5022 | Val Loss: 0.8331 | Acc (clean): 0.8468 | Acc (poison): 0.8433 | Val Acc: 0.7444 | Time: 00:00:09
Epoch 044 | Seed 2001 | Rate 0.10 | Train Loss: 0.5080 | Val Loss: 1.0658 | Acc (clean): 0.8425 | Acc (poison): 0.8389 | Val Acc: 0.6922 | Time: 00:00:09
Epoch 045 | Seed 2001 | Rate 0.10 | Train Loss: 0.5097 | Val Loss: 1.2643 | Acc (clean): 0.8460 | Acc (poison): 0.8426 | Val Acc: 0.6411 | Time: 00:00:09
Epoch 046 | Seed 2001 | Rate 0.10 | Train Loss: 0.5111 | Val Loss: 0.9840 | Acc (clean): 0.8414 | Acc (poison): 0.8378 | Val Acc: 0.7137 | Time: 00:00:09
Epoch 047 | Seed 2001 | Rate 0.10 | Train Loss: 0.5082 | Val Loss: 1.1598 | Acc (clean): 0.8461 | Acc (poison): 0.8428 | Val Acc: 0.6778 | Time: 00:00:08
Epoch 048 | Seed 2001 | Rate 0.10 | Train Loss: 0.5059 | Val Loss: 1.5033 | Acc (clean): 0.8455 | Acc (poison): 0.8421 | Val Acc: 0.5963 | Time: 00:00:09
Epoch 049 | Seed 2001 | Rate 0.10 | Train Loss: 0.5146 | Val Loss: 1.0123 | Acc (clean): 0.8403 | Acc (poison): 0.8367 | Val Acc: 0.7067 | Time: 00:00:08
Epoch 050 | Seed 2001 | Rate 0.10 | Train Loss: 0.5031 | Val Loss: 0.9748 | Acc (clean): 0.8477 | Acc (poison): 0.8440 | Val Acc: 0.7063 | Time: 00:00:09
Epoch 051 | Seed 2001 | Rate 0.10 | Train Loss: 0.3093 | Val Loss: 0.3218 | Acc (clean): 0.9100 | Acc (poison): 0.9060 | Val Acc: 0.8919 | Time: 00:00:09
Epoch 052 | Seed 2001 | Rate 0.10 | Train Loss: 0.2354 | Val Loss: 0.2915 | Acc (clean): 0.9316 | Acc (poison): 0.9274 | Val Acc: 0.9067 | Time: 00:00:08
Epoch 053 | Seed 2001 | Rate 0.10 | Train Loss: 0.2158 | Val Loss: 0.2763 | Acc (clean): 0.9395 | Acc (poison): 0.9355 | Val Acc: 0.9085 | Time: 00:00:08
Epoch 054 | Seed 2001 | Rate 0.10 | Train Loss: 0.1989 | Val Loss: 0.2771 | Acc (clean): 0.9417 | Acc (poison): 0.9378 | Val Acc: 0.9085 | Time: 00:00:08
Epoch 055 | Seed 2001 | Rate 0.10 | Train Loss: 0.1871 | Val Loss: 0.2711 | Acc (clean): 0.9463 | Acc (poison): 0.9423 | Val Acc: 0.9170 | Time: 00:00:08
Epoch 056 | Seed 2001 | Rate 0.10 | Train Loss: 0.1749 | Val Loss: 0.2663 | Acc (clean): 0.9518 | Acc (poison): 0.9477 | Val Acc: 0.9141 | Time: 00:00:08
Epoch 057 | Seed 2001 | Rate 0.10 | Train Loss: 0.1663 | Val Loss: 0.2689 | Acc (clean): 0.9542 | Acc (poison): 0.9501 | Val Acc: 0.9119 | Time: 00:00:08
Epoch 058 | Seed 2001 | Rate 0.10 | Train Loss: 0.1600 | Val Loss: 0.2650 | Acc (clean): 0.9562 | Acc (poison): 0.9519 | Val Acc: 0.9159 | Time: 00:00:08
Epoch 059 | Seed 2001 | Rate 0.10 | Train Loss: 0.1582 | Val Loss: 0.2576 | Acc (clean): 0.9572 | Acc (poison): 0.9530 | Val Acc: 0.9196 | Time: 00:00:08
Epoch 060 | Seed 2001 | Rate 0.10 | Train Loss: 0.1456 | Val Loss: 0.2580 | Acc (clean): 0.9612 | Acc (poison): 0.9568 | Val Acc: 0.9159 | Time: 00:00:08
Epoch 061 | Seed 2001 | Rate 0.10 | Train Loss: 0.1393 | Val Loss: 0.2554 | Acc (clean): 0.9638 | Acc (poison): 0.9596 | Val Acc: 0.9207 | Time: 00:00:08
Epoch 062 | Seed 2001 | Rate 0.10 | Train Loss: 0.1316 | Val Loss: 0.2546 | Acc (clean): 0.9654 | Acc (poison): 0.9612 | Val Acc: 0.9215 | Time: 00:00:08
Epoch 063 | Seed 2001 | Rate 0.10 | Train Loss: 0.1281 | Val Loss: 0.2579 | Acc (clean): 0.9669 | Acc (poison): 0.9625 | Val Acc: 0.9207 | Time: 00:00:08
Epoch 064 | Seed 2001 | Rate 0.10 | Train Loss: 0.1259 | Val Loss: 0.2587 | Acc (clean): 0.9678 | Acc (poison): 0.9635 | Val Acc: 0.9189 | Time: 00:00:08
Epoch 065 | Seed 2001 | Rate 0.10 | Train Loss: 0.1244 | Val Loss: 0.2690 | Acc (clean): 0.9679 | Acc (poison): 0.9639 | Val Acc: 0.9148 | Time: 00:00:08
Epoch 066 | Seed 2001 | Rate 0.10 | Train Loss: 0.1178 | Val Loss: 0.2709 | Acc (clean): 0.9705 | Acc (poison): 0.9663 | Val Acc: 0.9152 | Time: 00:00:08
Epoch 067 | Seed 2001 | Rate 0.10 | Train Loss: 0.1137 | Val Loss: 0.2514 | Acc (clean): 0.9712 | Acc (poison): 0.9668 | Val Acc: 0.9207 | Time: 00:00:09
Epoch 068 | Seed 2001 | Rate 0.10 | Train Loss: 0.1116 | Val Loss: 0.2589 | Acc (clean): 0.9723 | Acc (poison): 0.9681 | Val Acc: 0.9204 | Time: 00:00:09
Epoch 069 | Seed 2001 | Rate 0.10 | Train Loss: 0.1083 | Val Loss: 0.2642 | Acc (clean): 0.9736 | Acc (poison): 0.9694 | Val Acc: 0.9200 | Time: 00:00:09
Epoch 070 | Seed 2001 | Rate 0.10 | Train Loss: 0.1069 | Val Loss: 0.2565 | Acc (clean): 0.9735 | Acc (poison): 0.9693 | Val Acc: 0.9233 | Time: 00:00:08
Epoch 071 | Seed 2001 | Rate 0.10 | Train Loss: 0.1018 | Val Loss: 0.2789 | Acc (clean): 0.9746 | Acc (poison): 0.9703 | Val Acc: 0.9163 | Time: 00:00:09
Epoch 072 | Seed 2001 | Rate 0.10 | Train Loss: 0.0998 | Val Loss: 0.2563 | Acc (clean): 0.9763 | Acc (poison): 0.9719 | Val Acc: 0.9226 | Time: 00:00:09
Epoch 073 | Seed 2001 | Rate 0.10 | Train Loss: 0.0973 | Val Loss: 0.2694 | Acc (clean): 0.9772 | Acc (poison): 0.9731 | Val Acc: 0.9185 | Time: 00:00:08
Epoch 074 | Seed 2001 | Rate 0.10 | Train Loss: 0.0966 | Val Loss: 0.2793 | Acc (clean): 0.9769 | Acc (poison): 0.9728 | Val Acc: 0.9152 | Time: 00:00:09
Epoch 075 | Seed 2001 | Rate 0.10 | Train Loss: 0.0975 | Val Loss: 0.2610 | Acc (clean): 0.9768 | Acc (poison): 0.9728 | Val Acc: 0.9219 | Time: 00:00:09
Epoch 076 | Seed 2001 | Rate 0.10 | Train Loss: 0.0782 | Val Loss: 0.2371 | Acc (clean): 0.9844 | Acc (poison): 0.9801 | Val Acc: 0.9289 | Time: 00:00:09
Epoch 077 | Seed 2001 | Rate 0.10 | Train Loss: 0.0713 | Val Loss: 0.2374 | Acc (clean): 0.9867 | Acc (poison): 0.9825 | Val Acc: 0.9307 | Time: 00:00:08
Epoch 078 | Seed 2001 | Rate 0.10 | Train Loss: 0.0683 | Val Loss: 0.2354 | Acc (clean): 0.9872 | Acc (poison): 0.9829 | Val Acc: 0.9293 | Time: 00:00:09
Epoch 079 | Seed 2001 | Rate 0.10 | Train Loss: 0.0676 | Val Loss: 0.2352 | Acc (clean): 0.9877 | Acc (poison): 0.9836 | Val Acc: 0.9281 | Time: 00:00:09
Epoch 080 | Seed 2001 | Rate 0.10 | Train Loss: 0.0661 | Val Loss: 0.2358 | Acc (clean): 0.9881 | Acc (poison): 0.9840 | Val Acc: 0.9270 | Time: 00:00:09
Epoch 081 | Seed 2001 | Rate 0.10 | Train Loss: 0.0638 | Val Loss: 0.2383 | Acc (clean): 0.9888 | Acc (poison): 0.9846 | Val Acc: 0.9252 | Time: 00:00:09
Epoch 082 | Seed 2001 | Rate 0.10 | Train Loss: 0.0634 | Val Loss: 0.2415 | Acc (clean): 0.9899 | Acc (poison): 0.9857 | Val Acc: 0.9263 | Time: 00:00:09
Epoch 083 | Seed 2001 | Rate 0.10 | Train Loss: 0.0641 | Val Loss: 0.2438 | Acc (clean): 0.9893 | Acc (poison): 0.9849 | Val Acc: 0.9244 | Time: 00:00:09
Epoch 084 | Seed 2001 | Rate 0.10 | Train Loss: 0.0616 | Val Loss: 0.2379 | Acc (clean): 0.9900 | Acc (poison): 0.9860 | Val Acc: 0.9270 | Time: 00:00:09
Epoch 085 | Seed 2001 | Rate 0.10 | Train Loss: 0.0622 | Val Loss: 0.2377 | Acc (clean): 0.9896 | Acc (poison): 0.9852 | Val Acc: 0.9270 | Time: 00:00:09
Epoch 086 | Seed 2001 | Rate 0.10 | Train Loss: 0.0611 | Val Loss: 0.2414 | Acc (clean): 0.9903 | Acc (poison): 0.9862 | Val Acc: 0.9278 | Time: 00:00:09
Epoch 087 | Seed 2001 | Rate 0.10 | Train Loss: 0.0625 | Val Loss: 0.2347 | Acc (clean): 0.9894 | Acc (poison): 0.9851 | Val Acc: 0.9289 | Time: 00:00:09
Epoch 088 | Seed 2001 | Rate 0.10 | Train Loss: 0.0588 | Val Loss: 0.2342 | Acc (clean): 0.9906 | Acc (poison): 0.9865 | Val Acc: 0.9285 | Time: 00:00:09
Epoch 089 | Seed 2001 | Rate 0.10 | Train Loss: 0.0593 | Val Loss: 0.2328 | Acc (clean): 0.9909 | Acc (poison): 0.9870 | Val Acc: 0.9296 | Time: 00:00:09
Epoch 090 | Seed 2001 | Rate 0.10 | Train Loss: 0.0603 | Val Loss: 0.2394 | Acc (clean): 0.9904 | Acc (poison): 0.9863 | Val Acc: 0.9274 | Time: 00:00:09
Epoch 091 | Seed 2001 | Rate 0.10 | Train Loss: 0.0581 | Val Loss: 0.2412 | Acc (clean): 0.9908 | Acc (poison): 0.9867 | Val Acc: 0.9270 | Time: 00:00:09
Epoch 092 | Seed 2001 | Rate 0.10 | Train Loss: 0.0574 | Val Loss: 0.2426 | Acc (clean): 0.9911 | Acc (poison): 0.9869 | Val Acc: 0.9222 | Time: 00:00:08
Epoch 093 | Seed 2001 | Rate 0.10 | Train Loss: 0.0573 | Val Loss: 0.2417 | Acc (clean): 0.9909 | Acc (poison): 0.9868 | Val Acc: 0.9274 | Time: 00:00:09
Epoch 094 | Seed 2001 | Rate 0.10 | Train Loss: 0.0580 | Val Loss: 0.2415 | Acc (clean): 0.9909 | Acc (poison): 0.9867 | Val Acc: 0.9256 | Time: 00:00:09
Epoch 095 | Seed 2001 | Rate 0.10 | Train Loss: 0.0562 | Val Loss: 0.2424 | Acc (clean): 0.9913 | Acc (poison): 0.9873 | Val Acc: 0.9281 | Time: 00:00:09
Epoch 096 | Seed 2001 | Rate 0.10 | Train Loss: 0.0555 | Val Loss: 0.2449 | Acc (clean): 0.9916 | Acc (poison): 0.9878 | Val Acc: 0.9256 | Time: 00:00:09
Epoch 097 | Seed 2001 | Rate 0.10 | Train Loss: 0.0570 | Val Loss: 0.2429 | Acc (clean): 0.9911 | Acc (poison): 0.9868 | Val Acc: 0.9248 | Time: 00:00:09
Epoch 098 | Seed 2001 | Rate 0.10 | Train Loss: 0.0580 | Val Loss: 0.2426 | Acc (clean): 0.9900 | Acc (poison): 0.9863 | Val Acc: 0.9304 | Time: 00:00:09
Epoch 099 | Seed 2001 | Rate 0.10 | Train Loss: 0.0559 | Val Loss: 0.2387 | Acc (clean): 0.9916 | Acc (poison): 0.9875 | Val Acc: 0.9315 | Time: 00:00:09
Epoch 100 | Seed 2001 | Rate 0.10 | Train Loss: 0.0564 | Val Loss: 0.2397 | Acc (clean): 0.9912 | Acc (poison): 0.9872 | Val Acc: 0.9285 | Time: 00:00:09
Loading train data from /home/yazanme/BachelorThesis/BachelorThesis/data/processed/resisc45/train.h5 with mapping /home/yazanme/BachelorThesis/BachelorThesis/data/processed/resisc45/poisoned/RQ2.2-dissim/seed_2001/labels_0.20.pt... (in_memory=True, workers=6)
Testing torch.compile support...
Successfully compiled model using torch.compile.
Epoch 001 | Seed 2001 | Rate 0.20 | Train Loss: 2.7513 | Val Loss: 2.2758 | Acc (clean): 0.2481 | Acc (poison): 0.2455 | Val Acc: 0.3700 | Time: 00:00:10
Epoch 002 | Seed 2001 | Rate 0.20 | Train Loss: 1.8560 | Val Loss: 2.1023 | Acc (clean): 0.4615 | Acc (poison): 0.4567 | Val Acc: 0.4252 | Time: 00:00:09
Epoch 003 | Seed 2001 | Rate 0.20 | Train Loss: 1.5352 | Val Loss: 1.7029 | Acc (clean): 0.5469 | Acc (poison): 0.5424 | Val Acc: 0.4907 | Time: 00:00:09
Epoch 004 | Seed 2001 | Rate 0.20 | Train Loss: 1.3362 | Val Loss: 1.3470 | Acc (clean): 0.6024 | Acc (poison): 0.5971 | Val Acc: 0.5985 | Time: 00:00:09
Epoch 005 | Seed 2001 | Rate 0.20 | Train Loss: 1.1777 | Val Loss: 1.4641 | Acc (clean): 0.6473 | Acc (poison): 0.6414 | Val Acc: 0.5641 | Time: 00:00:09
Epoch 006 | Seed 2001 | Rate 0.20 | Train Loss: 1.0385 | Val Loss: 1.4183 | Acc (clean): 0.6890 | Acc (poison): 0.6827 | Val Acc: 0.6167 | Time: 00:00:09
Epoch 007 | Seed 2001 | Rate 0.20 | Train Loss: 0.9209 | Val Loss: 1.1216 | Acc (clean): 0.7227 | Acc (poison): 0.7162 | Val Acc: 0.6659 | Time: 00:00:09
Epoch 008 | Seed 2001 | Rate 0.20 | Train Loss: 0.8346 | Val Loss: 1.0469 | Acc (clean): 0.7480 | Acc (poison): 0.7410 | Val Acc: 0.6852 | Time: 00:00:09
Epoch 009 | Seed 2001 | Rate 0.20 | Train Loss: 0.7661 | Val Loss: 0.9012 | Acc (clean): 0.7693 | Acc (poison): 0.7626 | Val Acc: 0.7278 | Time: 00:00:09
Epoch 010 | Seed 2001 | Rate 0.20 | Train Loss: 0.7095 | Val Loss: 1.1687 | Acc (clean): 0.7858 | Acc (poison): 0.7790 | Val Acc: 0.6593 | Time: 00:00:09
Epoch 011 | Seed 2001 | Rate 0.20 | Train Loss: 0.6918 | Val Loss: 0.9404 | Acc (clean): 0.7857 | Acc (poison): 0.7792 | Val Acc: 0.7178 | Time: 00:00:09
Epoch 012 | Seed 2001 | Rate 0.20 | Train Loss: 0.6630 | Val Loss: 0.9454 | Acc (clean): 0.7996 | Acc (poison): 0.7925 | Val Acc: 0.7137 | Time: 00:00:09
Epoch 013 | Seed 2001 | Rate 0.20 | Train Loss: 0.6293 | Val Loss: 1.2048 | Acc (clean): 0.8085 | Acc (poison): 0.8021 | Val Acc: 0.6585 | Time: 00:00:09
Epoch 014 | Seed 2001 | Rate 0.20 | Train Loss: 0.6286 | Val Loss: 0.8516 | Acc (clean): 0.8093 | Acc (poison): 0.8026 | Val Acc: 0.7378 | Time: 00:00:09
Epoch 015 | Seed 2001 | Rate 0.20 | Train Loss: 0.6084 | Val Loss: 0.9921 | Acc (clean): 0.8133 | Acc (poison): 0.8063 | Val Acc: 0.6981 | Time: 00:00:09
Epoch 016 | Seed 2001 | Rate 0.20 | Train Loss: 0.6065 | Val Loss: 1.3541 | Acc (clean): 0.8140 | Acc (poison): 0.8068 | Val Acc: 0.6222 | Time: 00:00:09
Epoch 017 | Seed 2001 | Rate 0.20 | Train Loss: 0.5901 | Val Loss: 0.8475 | Acc (clean): 0.8225 | Acc (poison): 0.8153 | Val Acc: 0.7556 | Time: 00:00:09
Epoch 018 | Seed 2001 | Rate 0.20 | Train Loss: 0.5809 | Val Loss: 0.8229 | Acc (clean): 0.8237 | Acc (poison): 0.8165 | Val Acc: 0.7530 | Time: 00:00:09
Epoch 019 | Seed 2001 | Rate 0.20 | Train Loss: 0.5794 | Val Loss: 0.9517 | Acc (clean): 0.8235 | Acc (poison): 0.8162 | Val Acc: 0.7141 | Time: 00:00:09
Epoch 020 | Seed 2001 | Rate 0.20 | Train Loss: 0.5837 | Val Loss: 0.9165 | Acc (clean): 0.8221 | Acc (poison): 0.8152 | Val Acc: 0.7215 | Time: 00:00:09
Epoch 021 | Seed 2001 | Rate 0.20 | Train Loss: 0.5702 | Val Loss: 0.8331 | Acc (clean): 0.8297 | Acc (poison): 0.8224 | Val Acc: 0.7589 | Time: 00:00:09
Epoch 022 | Seed 2001 | Rate 0.20 | Train Loss: 0.5658 | Val Loss: 1.0124 | Acc (clean): 0.8272 | Acc (poison): 0.8202 | Val Acc: 0.6993 | Time: 00:00:09
Epoch 023 | Seed 2001 | Rate 0.20 | Train Loss: 0.5753 | Val Loss: 1.6924 | Acc (clean): 0.8236 | Acc (poison): 0.8163 | Val Acc: 0.5667 | Time: 00:00:09
Epoch 024 | Seed 2001 | Rate 0.20 | Train Loss: 0.5619 | Val Loss: 0.7314 | Acc (clean): 0.8295 | Acc (poison): 0.8225 | Val Acc: 0.7811 | Time: 00:00:09
Epoch 025 | Seed 2001 | Rate 0.20 | Train Loss: 0.5714 | Val Loss: 1.1861 | Acc (clean): 0.8284 | Acc (poison): 0.8215 | Val Acc: 0.6626 | Time: 00:00:09
Epoch 026 | Seed 2001 | Rate 0.20 | Train Loss: 0.5497 | Val Loss: 0.9115 | Acc (clean): 0.8344 | Acc (poison): 0.8275 | Val Acc: 0.7322 | Time: 00:00:09
Epoch 027 | Seed 2001 | Rate 0.20 | Train Loss: 0.5705 | Val Loss: 1.0829 | Acc (clean): 0.8251 | Acc (poison): 0.8181 | Val Acc: 0.6922 | Time: 00:00:09
Epoch 028 | Seed 2001 | Rate 0.20 | Train Loss: 0.5572 | Val Loss: 0.9197 | Acc (clean): 0.8309 | Acc (poison): 0.8243 | Val Acc: 0.7181 | Time: 00:00:09
Epoch 029 | Seed 2001 | Rate 0.20 | Train Loss: 0.5509 | Val Loss: 0.9821 | Acc (clean): 0.8315 | Acc (poison): 0.8242 | Val Acc: 0.6993 | Time: 00:00:09
Epoch 030 | Seed 2001 | Rate 0.20 | Train Loss: 0.5517 | Val Loss: 0.9840 | Acc (clean): 0.8295 | Acc (poison): 0.8223 | Val Acc: 0.7007 | Time: 00:00:09
Epoch 031 | Seed 2001 | Rate 0.20 | Train Loss: 0.5488 | Val Loss: 0.8318 | Acc (clean): 0.8322 | Acc (poison): 0.8249 | Val Acc: 0.7563 | Time: 00:00:09
Epoch 032 | Seed 2001 | Rate 0.20 | Train Loss: 0.5461 | Val Loss: 0.9784 | Acc (clean): 0.8337 | Acc (poison): 0.8266 | Val Acc: 0.7067 | Time: 00:00:09
Epoch 033 | Seed 2001 | Rate 0.20 | Train Loss: 0.5560 | Val Loss: 0.7847 | Acc (clean): 0.8292 | Acc (poison): 0.8225 | Val Acc: 0.7644 | Time: 00:00:09
Epoch 034 | Seed 2001 | Rate 0.20 | Train Loss: 0.5377 | Val Loss: 0.9238 | Acc (clean): 0.8367 | Acc (poison): 0.8295 | Val Acc: 0.7237 | Time: 00:00:09
Epoch 035 | Seed 2001 | Rate 0.20 | Train Loss: 0.5411 | Val Loss: 0.7007 | Acc (clean): 0.8348 | Acc (poison): 0.8283 | Val Acc: 0.7841 | Time: 00:00:09
Epoch 036 | Seed 2001 | Rate 0.20 | Train Loss: 0.5373 | Val Loss: 0.7962 | Acc (clean): 0.8372 | Acc (poison): 0.8302 | Val Acc: 0.7463 | Time: 00:00:09
Epoch 037 | Seed 2001 | Rate 0.20 | Train Loss: 0.5322 | Val Loss: 1.1055 | Acc (clean): 0.8419 | Acc (poison): 0.8349 | Val Acc: 0.6874 | Time: 00:00:09
Epoch 038 | Seed 2001 | Rate 0.20 | Train Loss: 0.5475 | Val Loss: 1.0253 | Acc (clean): 0.8370 | Acc (poison): 0.8300 | Val Acc: 0.7056 | Time: 00:00:09
Epoch 039 | Seed 2001 | Rate 0.20 | Train Loss: 0.5423 | Val Loss: 0.8631 | Acc (clean): 0.8355 | Acc (poison): 0.8285 | Val Acc: 0.7444 | Time: 00:00:09
Epoch 040 | Seed 2001 | Rate 0.20 | Train Loss: 0.5415 | Val Loss: 1.3326 | Acc (clean): 0.8366 | Acc (poison): 0.8294 | Val Acc: 0.6319 | Time: 00:00:09
Epoch 041 | Seed 2001 | Rate 0.20 | Train Loss: 0.5447 | Val Loss: 0.9504 | Acc (clean): 0.8370 | Acc (poison): 0.8302 | Val Acc: 0.7144 | Time: 00:00:09
Epoch 042 | Seed 2001 | Rate 0.20 | Train Loss: 0.5425 | Val Loss: 1.0050 | Acc (clean): 0.8361 | Acc (poison): 0.8290 | Val Acc: 0.7107 | Time: 00:00:09
Epoch 043 | Seed 2001 | Rate 0.20 | Train Loss: 0.5457 | Val Loss: 1.0400 | Acc (clean): 0.8341 | Acc (poison): 0.8273 | Val Acc: 0.6933 | Time: 00:00:09
Epoch 044 | Seed 2001 | Rate 0.20 | Train Loss: 0.5247 | Val Loss: 1.0294 | Acc (clean): 0.8409 | Acc (poison): 0.8340 | Val Acc: 0.6900 | Time: 00:00:09
Epoch 045 | Seed 2001 | Rate 0.20 | Train Loss: 0.5351 | Val Loss: 0.8343 | Acc (clean): 0.8390 | Acc (poison): 0.8324 | Val Acc: 0.7326 | Time: 00:00:09
Epoch 046 | Seed 2001 | Rate 0.20 | Train Loss: 0.5234 | Val Loss: 0.9142 | Acc (clean): 0.8418 | Acc (poison): 0.8351 | Val Acc: 0.7241 | Time: 00:00:09
Epoch 047 | Seed 2001 | Rate 0.20 | Train Loss: 0.5311 | Val Loss: 1.0898 | Acc (clean): 0.8392 | Acc (poison): 0.8322 | Val Acc: 0.6867 | Time: 00:00:09
Epoch 048 | Seed 2001 | Rate 0.20 | Train Loss: 0.5356 | Val Loss: 1.1262 | Acc (clean): 0.8387 | Acc (poison): 0.8319 | Val Acc: 0.6719 | Time: 00:00:09
Epoch 049 | Seed 2001 | Rate 0.20 | Train Loss: 0.5201 | Val Loss: 1.4679 | Acc (clean): 0.8416 | Acc (poison): 0.8343 | Val Acc: 0.6233 | Time: 00:00:09
Epoch 050 | Seed 2001 | Rate 0.20 | Train Loss: 0.5303 | Val Loss: 0.8760 | Acc (clean): 0.8404 | Acc (poison): 0.8333 | Val Acc: 0.7356 | Time: 00:00:09
Epoch 051 | Seed 2001 | Rate 0.20 | Train Loss: 0.3234 | Val Loss: 0.3397 | Acc (clean): 0.9049 | Acc (poison): 0.8977 | Val Acc: 0.8952 | Time: 00:00:09
Epoch 052 | Seed 2001 | Rate 0.20 | Train Loss: 0.2471 | Val Loss: 0.3098 | Acc (clean): 0.9291 | Acc (poison): 0.9216 | Val Acc: 0.9019 | Time: 00:00:09
Epoch 053 | Seed 2001 | Rate 0.20 | Train Loss: 0.2253 | Val Loss: 0.2941 | Acc (clean): 0.9370 | Acc (poison): 0.9290 | Val Acc: 0.9070 | Time: 00:00:09
Epoch 054 | Seed 2001 | Rate 0.20 | Train Loss: 0.2119 | Val Loss: 0.2959 | Acc (clean): 0.9405 | Acc (poison): 0.9325 | Val Acc: 0.9056 | Time: 00:00:09
Epoch 055 | Seed 2001 | Rate 0.20 | Train Loss: 0.2004 | Val Loss: 0.2980 | Acc (clean): 0.9461 | Acc (poison): 0.9378 | Val Acc: 0.9067 | Time: 00:00:09
Epoch 056 | Seed 2001 | Rate 0.20 | Train Loss: 0.1865 | Val Loss: 0.2890 | Acc (clean): 0.9498 | Acc (poison): 0.9418 | Val Acc: 0.9104 | Time: 00:00:09
Epoch 057 | Seed 2001 | Rate 0.20 | Train Loss: 0.1821 | Val Loss: 0.2837 | Acc (clean): 0.9509 | Acc (poison): 0.9426 | Val Acc: 0.9081 | Time: 00:00:09
Epoch 058 | Seed 2001 | Rate 0.20 | Train Loss: 0.1688 | Val Loss: 0.2827 | Acc (clean): 0.9554 | Acc (poison): 0.9470 | Val Acc: 0.9159 | Time: 00:00:09
Epoch 059 | Seed 2001 | Rate 0.20 | Train Loss: 0.1645 | Val Loss: 0.2761 | Acc (clean): 0.9569 | Acc (poison): 0.9486 | Val Acc: 0.9152 | Time: 00:00:09
Epoch 060 | Seed 2001 | Rate 0.20 | Train Loss: 0.1553 | Val Loss: 0.2798 | Acc (clean): 0.9606 | Acc (poison): 0.9524 | Val Acc: 0.9130 | Time: 00:00:09
Epoch 061 | Seed 2001 | Rate 0.20 | Train Loss: 0.1478 | Val Loss: 0.2828 | Acc (clean): 0.9635 | Acc (poison): 0.9557 | Val Acc: 0.9152 | Time: 00:00:09
Epoch 062 | Seed 2001 | Rate 0.20 | Train Loss: 0.1437 | Val Loss: 0.2880 | Acc (clean): 0.9644 | Acc (poison): 0.9567 | Val Acc: 0.9089 | Time: 00:00:09
Epoch 063 | Seed 2001 | Rate 0.20 | Train Loss: 0.1387 | Val Loss: 0.2808 | Acc (clean): 0.9657 | Acc (poison): 0.9578 | Val Acc: 0.9156 | Time: 00:00:09
Epoch 064 | Seed 2001 | Rate 0.20 | Train Loss: 0.1377 | Val Loss: 0.2730 | Acc (clean): 0.9655 | Acc (poison): 0.9571 | Val Acc: 0.9167 | Time: 00:00:09
Epoch 065 | Seed 2001 | Rate 0.20 | Train Loss: 0.1317 | Val Loss: 0.2896 | Acc (clean): 0.9680 | Acc (poison): 0.9602 | Val Acc: 0.9107 | Time: 00:00:09
Epoch 066 | Seed 2001 | Rate 0.20 | Train Loss: 0.1268 | Val Loss: 0.2962 | Acc (clean): 0.9699 | Acc (poison): 0.9620 | Val Acc: 0.9119 | Time: 00:00:09
Epoch 067 | Seed 2001 | Rate 0.20 | Train Loss: 0.1231 | Val Loss: 0.2848 | Acc (clean): 0.9716 | Acc (poison): 0.9638 | Val Acc: 0.9126 | Time: 00:00:09
Epoch 068 | Seed 2001 | Rate 0.20 | Train Loss: 0.1193 | Val Loss: 0.2954 | Acc (clean): 0.9719 | Acc (poison): 0.9644 | Val Acc: 0.9078 | Time: 00:00:09
Epoch 069 | Seed 2001 | Rate 0.20 | Train Loss: 0.1170 | Val Loss: 0.2866 | Acc (clean): 0.9723 | Acc (poison): 0.9649 | Val Acc: 0.9096 | Time: 00:00:09
Epoch 070 | Seed 2001 | Rate 0.20 | Train Loss: 0.1120 | Val Loss: 0.2976 | Acc (clean): 0.9735 | Acc (poison): 0.9661 | Val Acc: 0.9089 | Time: 00:00:09
Epoch 071 | Seed 2001 | Rate 0.20 | Train Loss: 0.1104 | Val Loss: 0.2779 | Acc (clean): 0.9743 | Acc (poison): 0.9668 | Val Acc: 0.9141 | Time: 00:00:09
Epoch 072 | Seed 2001 | Rate 0.20 | Train Loss: 0.1083 | Val Loss: 0.2871 | Acc (clean): 0.9745 | Acc (poison): 0.9673 | Val Acc: 0.9096 | Time: 00:00:09
Epoch 073 | Seed 2001 | Rate 0.20 | Train Loss: 0.1084 | Val Loss: 0.2850 | Acc (clean): 0.9749 | Acc (poison): 0.9677 | Val Acc: 0.9170 | Time: 00:00:09
Epoch 074 | Seed 2001 | Rate 0.20 | Train Loss: 0.1026 | Val Loss: 0.2902 | Acc (clean): 0.9780 | Acc (poison): 0.9706 | Val Acc: 0.9063 | Time: 00:00:09
Epoch 075 | Seed 2001 | Rate 0.20 | Train Loss: 0.1019 | Val Loss: 0.2930 | Acc (clean): 0.9774 | Acc (poison): 0.9706 | Val Acc: 0.9093 | Time: 00:00:09
Epoch 076 | Seed 2001 | Rate 0.20 | Train Loss: 0.0831 | Val Loss: 0.2709 | Acc (clean): 0.9841 | Acc (poison): 0.9770 | Val Acc: 0.9207 | Time: 00:00:09
Epoch 077 | Seed 2001 | Rate 0.20 | Train Loss: 0.0769 | Val Loss: 0.2718 | Acc (clean): 0.9861 | Acc (poison): 0.9791 | Val Acc: 0.9170 | Time: 00:00:09
Epoch 078 | Seed 2001 | Rate 0.20 | Train Loss: 0.0736 | Val Loss: 0.2692 | Acc (clean): 0.9869 | Acc (poison): 0.9802 | Val Acc: 0.9200 | Time: 00:00:09
Epoch 079 | Seed 2001 | Rate 0.20 | Train Loss: 0.0750 | Val Loss: 0.2705 | Acc (clean): 0.9860 | Acc (poison): 0.9790 | Val Acc: 0.9204 | Time: 00:00:09
Epoch 080 | Seed 2001 | Rate 0.20 | Train Loss: 0.0715 | Val Loss: 0.2706 | Acc (clean): 0.9879 | Acc (poison): 0.9814 | Val Acc: 0.9178 | Time: 00:00:09
Epoch 081 | Seed 2001 | Rate 0.20 | Train Loss: 0.0701 | Val Loss: 0.2752 | Acc (clean): 0.9887 | Acc (poison): 0.9821 | Val Acc: 0.9170 | Time: 00:00:09
Epoch 082 | Seed 2001 | Rate 0.20 | Train Loss: 0.0700 | Val Loss: 0.2701 | Acc (clean): 0.9886 | Acc (poison): 0.9817 | Val Acc: 0.9193 | Time: 00:00:09
Epoch 083 | Seed 2001 | Rate 0.20 | Train Loss: 0.0684 | Val Loss: 0.2765 | Acc (clean): 0.9882 | Acc (poison): 0.9814 | Val Acc: 0.9156 | Time: 00:00:09
Epoch 084 | Seed 2001 | Rate 0.20 | Train Loss: 0.0689 | Val Loss: 0.2713 | Acc (clean): 0.9884 | Acc (poison): 0.9816 | Val Acc: 0.9181 | Time: 00:00:09
Epoch 085 | Seed 2001 | Rate 0.20 | Train Loss: 0.0683 | Val Loss: 0.2696 | Acc (clean): 0.9886 | Acc (poison): 0.9821 | Val Acc: 0.9211 | Time: 00:00:09
Epoch 086 | Seed 2001 | Rate 0.20 | Train Loss: 0.0677 | Val Loss: 0.2736 | Acc (clean): 0.9890 | Acc (poison): 0.9828 | Val Acc: 0.9167 | Time: 00:00:09
Epoch 087 | Seed 2001 | Rate 0.20 | Train Loss: 0.0680 | Val Loss: 0.2666 | Acc (clean): 0.9881 | Acc (poison): 0.9816 | Val Acc: 0.9178 | Time: 00:00:09
Epoch 088 | Seed 2001 | Rate 0.20 | Train Loss: 0.0666 | Val Loss: 0.2673 | Acc (clean): 0.9888 | Acc (poison): 0.9826 | Val Acc: 0.9185 | Time: 00:00:09
Epoch 089 | Seed 2001 | Rate 0.20 | Train Loss: 0.0667 | Val Loss: 0.2647 | Acc (clean): 0.9893 | Acc (poison): 0.9828 | Val Acc: 0.9159 | Time: 00:00:09
Epoch 090 | Seed 2001 | Rate 0.20 | Train Loss: 0.0659 | Val Loss: 0.2707 | Acc (clean): 0.9893 | Acc (poison): 0.9832 | Val Acc: 0.9148 | Time: 00:00:09
Epoch 091 | Seed 2001 | Rate 0.20 | Train Loss: 0.0642 | Val Loss: 0.2701 | Acc (clean): 0.9907 | Acc (poison): 0.9840 | Val Acc: 0.9170 | Time: 00:00:09
Epoch 092 | Seed 2001 | Rate 0.20 | Train Loss: 0.0630 | Val Loss: 0.2746 | Acc (clean): 0.9898 | Acc (poison): 0.9842 | Val Acc: 0.9189 | Time: 00:00:09
Epoch 093 | Seed 2001 | Rate 0.20 | Train Loss: 0.0632 | Val Loss: 0.2732 | Acc (clean): 0.9893 | Acc (poison): 0.9831 | Val Acc: 0.9178 | Time: 00:00:09
Epoch 094 | Seed 2001 | Rate 0.20 | Train Loss: 0.0639 | Val Loss: 0.2730 | Acc (clean): 0.9897 | Acc (poison): 0.9835 | Val Acc: 0.9196 | Time: 00:00:09
Epoch 095 | Seed 2001 | Rate 0.20 | Train Loss: 0.0620 | Val Loss: 0.2737 | Acc (clean): 0.9899 | Acc (poison): 0.9837 | Val Acc: 0.9185 | Time: 00:00:09
Epoch 096 | Seed 2001 | Rate 0.20 | Train Loss: 0.0633 | Val Loss: 0.2755 | Acc (clean): 0.9901 | Acc (poison): 0.9841 | Val Acc: 0.9144 | Time: 00:00:09
Epoch 097 | Seed 2001 | Rate 0.20 | Train Loss: 0.0628 | Val Loss: 0.2712 | Acc (clean): 0.9889 | Acc (poison): 0.9833 | Val Acc: 0.9174 | Time: 00:00:09
Epoch 098 | Seed 2001 | Rate 0.20 | Train Loss: 0.0631 | Val Loss: 0.2720 | Acc (clean): 0.9900 | Acc (poison): 0.9840 | Val Acc: 0.9185 | Time: 00:00:09
Epoch 099 | Seed 2001 | Rate 0.20 | Train Loss: 0.0610 | Val Loss: 0.2720 | Acc (clean): 0.9911 | Acc (poison): 0.9857 | Val Acc: 0.9163 | Time: 00:00:09
Epoch 100 | Seed 2001 | Rate 0.20 | Train Loss: 0.0619 | Val Loss: 0.2763 | Acc (clean): 0.9896 | Acc (poison): 0.9845 | Val Acc: 0.9167 | Time: 00:00:09
Loading train data from /home/yazanme/BachelorThesis/BachelorThesis/data/processed/resisc45/train.h5 with mapping /home/yazanme/BachelorThesis/BachelorThesis/data/processed/resisc45/poisoned/RQ2.2-dissim/seed_2001/labels_0.50.pt... (in_memory=True, workers=6)
Testing torch.compile support...
Successfully compiled model using torch.compile.
Epoch 001 | Seed 2001 | Rate 0.50 | Train Loss: 2.7869 | Val Loss: 2.4782 | Acc (clean): 0.2388 | Acc (poison): 0.2390 | Val Acc: 0.3026 | Time: 00:00:10
Epoch 002 | Seed 2001 | Rate 0.50 | Train Loss: 1.9581 | Val Loss: 2.1098 | Acc (clean): 0.4239 | Acc (poison): 0.4251 | Val Acc: 0.4011 | Time: 00:00:09
Epoch 003 | Seed 2001 | Rate 0.50 | Train Loss: 1.6200 | Val Loss: 1.6627 | Acc (clean): 0.5198 | Acc (poison): 0.5200 | Val Acc: 0.5026 | Time: 00:00:09
Epoch 004 | Seed 2001 | Rate 0.50 | Train Loss: 1.3922 | Val Loss: 1.5138 | Acc (clean): 0.5742 | Acc (poison): 0.5755 | Val Acc: 0.5485 | Time: 00:00:09
Epoch 005 | Seed 2001 | Rate 0.50 | Train Loss: 1.1986 | Val Loss: 1.4149 | Acc (clean): 0.6323 | Acc (poison): 0.6327 | Val Acc: 0.5767 | Time: 00:00:09
Epoch 006 | Seed 2001 | Rate 0.50 | Train Loss: 1.0520 | Val Loss: 1.3255 | Acc (clean): 0.6707 | Acc (poison): 0.6719 | Val Acc: 0.5944 | Time: 00:00:09
Epoch 007 | Seed 2001 | Rate 0.50 | Train Loss: 0.9285 | Val Loss: 1.2359 | Acc (clean): 0.7045 | Acc (poison): 0.7059 | Val Acc: 0.6367 | Time: 00:00:09
Epoch 008 | Seed 2001 | Rate 0.50 | Train Loss: 0.8522 | Val Loss: 1.1321 | Acc (clean): 0.7239 | Acc (poison): 0.7242 | Val Acc: 0.6407 | Time: 00:00:09
Epoch 009 | Seed 2001 | Rate 0.50 | Train Loss: 0.7928 | Val Loss: 1.2161 | Acc (clean): 0.7450 | Acc (poison): 0.7456 | Val Acc: 0.6341 | Time: 00:00:09
Epoch 010 | Seed 2001 | Rate 0.50 | Train Loss: 0.7355 | Val Loss: 1.0578 | Acc (clean): 0.7599 | Acc (poison): 0.7605 | Val Acc: 0.6648 | Time: 00:00:09
Epoch 011 | Seed 2001 | Rate 0.50 | Train Loss: 0.7130 | Val Loss: 1.0817 | Acc (clean): 0.7671 | Acc (poison): 0.7678 | Val Acc: 0.6600 | Time: 00:00:08
Epoch 012 | Seed 2001 | Rate 0.50 | Train Loss: 0.6863 | Val Loss: 1.2059 | Acc (clean): 0.7757 | Acc (poison): 0.7777 | Val Acc: 0.6393 | Time: 00:00:09
Epoch 013 | Seed 2001 | Rate 0.50 | Train Loss: 0.6519 | Val Loss: 1.0079 | Acc (clean): 0.7862 | Acc (poison): 0.7870 | Val Acc: 0.6996 | Time: 00:00:09
Epoch 014 | Seed 2001 | Rate 0.50 | Train Loss: 0.6428 | Val Loss: 0.9620 | Acc (clean): 0.7895 | Acc (poison): 0.7890 | Val Acc: 0.7078 | Time: 00:00:09
Epoch 015 | Seed 2001 | Rate 0.50 | Train Loss: 0.6279 | Val Loss: 0.7712 | Acc (clean): 0.7940 | Acc (poison): 0.7929 | Val Acc: 0.7578 | Time: 00:00:09
Epoch 016 | Seed 2001 | Rate 0.50 | Train Loss: 0.6349 | Val Loss: 0.8485 | Acc (clean): 0.7929 | Acc (poison): 0.7912 | Val Acc: 0.7326 | Time: 00:00:09
Epoch 017 | Seed 2001 | Rate 0.50 | Train Loss: 0.6115 | Val Loss: 1.2729 | Acc (clean): 0.7981 | Acc (poison): 0.8000 | Val Acc: 0.6159 | Time: 00:00:09
Epoch 018 | Seed 2001 | Rate 0.50 | Train Loss: 0.5918 | Val Loss: 0.8081 | Acc (clean): 0.8044 | Acc (poison): 0.8058 | Val Acc: 0.7511 | Time: 00:00:09
Epoch 019 | Seed 2001 | Rate 0.50 | Train Loss: 0.6034 | Val Loss: 1.1312 | Acc (clean): 0.8012 | Acc (poison): 0.8022 | Val Acc: 0.6604 | Time: 00:00:09
Epoch 020 | Seed 2001 | Rate 0.50 | Train Loss: 0.6044 | Val Loss: 1.0313 | Acc (clean): 0.8020 | Acc (poison): 0.8025 | Val Acc: 0.6930 | Time: 00:00:09
Epoch 021 | Seed 2001 | Rate 0.50 | Train Loss: 0.5955 | Val Loss: 1.0765 | Acc (clean): 0.8025 | Acc (poison): 0.8026 | Val Acc: 0.6630 | Time: 00:00:09
Epoch 022 | Seed 2001 | Rate 0.50 | Train Loss: 0.5887 | Val Loss: 1.0044 | Acc (clean): 0.8064 | Acc (poison): 0.8088 | Val Acc: 0.6948 | Time: 00:00:09
Epoch 023 | Seed 2001 | Rate 0.50 | Train Loss: 0.5787 | Val Loss: 1.3440 | Acc (clean): 0.8097 | Acc (poison): 0.8106 | Val Acc: 0.6130 | Time: 00:00:09
Epoch 024 | Seed 2001 | Rate 0.50 | Train Loss: 0.5795 | Val Loss: 0.8298 | Acc (clean): 0.8091 | Acc (poison): 0.8093 | Val Acc: 0.7270 | Time: 00:00:09
Epoch 025 | Seed 2001 | Rate 0.50 | Train Loss: 0.5870 | Val Loss: 1.2603 | Acc (clean): 0.8041 | Acc (poison): 0.8055 | Val Acc: 0.6444 | Time: 00:00:09
Epoch 026 | Seed 2001 | Rate 0.50 | Train Loss: 0.5719 | Val Loss: 0.9692 | Acc (clean): 0.8110 | Acc (poison): 0.8115 | Val Acc: 0.7067 | Time: 00:00:09
Epoch 027 | Seed 2001 | Rate 0.50 | Train Loss: 0.5680 | Val Loss: 1.1304 | Acc (clean): 0.8117 | Acc (poison): 0.8128 | Val Acc: 0.6715 | Time: 00:00:09
Epoch 028 | Seed 2001 | Rate 0.50 | Train Loss: 0.5619 | Val Loss: 0.9663 | Acc (clean): 0.8147 | Acc (poison): 0.8151 | Val Acc: 0.6926 | Time: 00:00:09
Epoch 029 | Seed 2001 | Rate 0.50 | Train Loss: 0.5714 | Val Loss: 1.2600 | Acc (clean): 0.8122 | Acc (poison): 0.8130 | Val Acc: 0.6433 | Time: 00:00:09
Epoch 030 | Seed 2001 | Rate 0.50 | Train Loss: 0.5570 | Val Loss: 0.9099 | Acc (clean): 0.8154 | Acc (poison): 0.8164 | Val Acc: 0.7141 | Time: 00:00:09
Epoch 031 | Seed 2001 | Rate 0.50 | Train Loss: 0.5603 | Val Loss: 0.7809 | Acc (clean): 0.8143 | Acc (poison): 0.8139 | Val Acc: 0.7667 | Time: 00:00:09
Epoch 032 | Seed 2001 | Rate 0.50 | Train Loss: 0.5643 | Val Loss: 0.8230 | Acc (clean): 0.8154 | Acc (poison): 0.8163 | Val Acc: 0.7304 | Time: 00:00:09
Epoch 033 | Seed 2001 | Rate 0.50 | Train Loss: 0.5576 | Val Loss: 0.8242 | Acc (clean): 0.8167 | Acc (poison): 0.8179 | Val Acc: 0.7307 | Time: 00:00:09
Epoch 034 | Seed 2001 | Rate 0.50 | Train Loss: 0.5357 | Val Loss: 0.8055 | Acc (clean): 0.8219 | Acc (poison): 0.8217 | Val Acc: 0.7407 | Time: 00:00:09
Epoch 035 | Seed 2001 | Rate 0.50 | Train Loss: 0.5464 | Val Loss: 0.9585 | Acc (clean): 0.8198 | Acc (poison): 0.8196 | Val Acc: 0.7026 | Time: 00:00:09
Epoch 036 | Seed 2001 | Rate 0.50 | Train Loss: 0.5539 | Val Loss: 1.0718 | Acc (clean): 0.8159 | Acc (poison): 0.8181 | Val Acc: 0.6770 | Time: 00:00:09
Epoch 037 | Seed 2001 | Rate 0.50 | Train Loss: 0.5545 | Val Loss: 1.0929 | Acc (clean): 0.8155 | Acc (poison): 0.8162 | Val Acc: 0.6674 | Time: 00:00:09
Epoch 038 | Seed 2001 | Rate 0.50 | Train Loss: 0.5496 | Val Loss: 0.8791 | Acc (clean): 0.8195 | Acc (poison): 0.8197 | Val Acc: 0.7367 | Time: 00:00:09
Epoch 039 | Seed 2001 | Rate 0.50 | Train Loss: 0.5417 | Val Loss: 0.9546 | Acc (clean): 0.8219 | Acc (poison): 0.8204 | Val Acc: 0.7030 | Time: 00:00:09
Epoch 040 | Seed 2001 | Rate 0.50 | Train Loss: 0.5377 | Val Loss: 1.5489 | Acc (clean): 0.8218 | Acc (poison): 0.8224 | Val Acc: 0.5730 | Time: 00:00:09
Epoch 041 | Seed 2001 | Rate 0.50 | Train Loss: 0.5230 | Val Loss: 0.7758 | Acc (clean): 0.8264 | Acc (poison): 0.8266 | Val Acc: 0.7648 | Time: 00:00:08
Epoch 042 | Seed 2001 | Rate 0.50 | Train Loss: 0.5535 | Val Loss: 0.6668 | Acc (clean): 0.8142 | Acc (poison): 0.8153 | Val Acc: 0.7944 | Time: 00:00:08
Epoch 043 | Seed 2001 | Rate 0.50 | Train Loss: 0.5432 | Val Loss: 0.9234 | Acc (clean): 0.8187 | Acc (poison): 0.8193 | Val Acc: 0.7230 | Time: 00:00:08
Epoch 044 | Seed 2001 | Rate 0.50 | Train Loss: 0.5361 | Val Loss: 1.4570 | Acc (clean): 0.8244 | Acc (poison): 0.8241 | Val Acc: 0.5837 | Time: 00:00:08
Epoch 045 | Seed 2001 | Rate 0.50 | Train Loss: 0.5223 | Val Loss: 1.3196 | Acc (clean): 0.8251 | Acc (poison): 0.8262 | Val Acc: 0.6281 | Time: 00:00:08
Epoch 046 | Seed 2001 | Rate 0.50 | Train Loss: 0.5334 | Val Loss: 1.0956 | Acc (clean): 0.8253 | Acc (poison): 0.8260 | Val Acc: 0.6626 | Time: 00:00:08
Epoch 047 | Seed 2001 | Rate 0.50 | Train Loss: 0.5318 | Val Loss: 0.6991 | Acc (clean): 0.8234 | Acc (poison): 0.8229 | Val Acc: 0.7763 | Time: 00:00:08
Epoch 048 | Seed 2001 | Rate 0.50 | Train Loss: 0.5169 | Val Loss: 0.9816 | Acc (clean): 0.8265 | Acc (poison): 0.8278 | Val Acc: 0.6989 | Time: 00:00:08
Epoch 049 | Seed 2001 | Rate 0.50 | Train Loss: 0.5232 | Val Loss: 1.1159 | Acc (clean): 0.8278 | Acc (poison): 0.8280 | Val Acc: 0.6500 | Time: 00:00:08
Epoch 050 | Seed 2001 | Rate 0.50 | Train Loss: 0.5269 | Val Loss: 1.0293 | Acc (clean): 0.8247 | Acc (poison): 0.8246 | Val Acc: 0.6841 | Time: 00:00:08
Epoch 051 | Seed 2001 | Rate 0.50 | Train Loss: 0.3263 | Val Loss: 0.3656 | Acc (clean): 0.8890 | Acc (poison): 0.8881 | Val Acc: 0.8693 | Time: 00:00:08
Epoch 052 | Seed 2001 | Rate 0.50 | Train Loss: 0.2546 | Val Loss: 0.3301 | Acc (clean): 0.9075 | Acc (poison): 0.9097 | Val Acc: 0.8919 | Time: 00:00:08
Epoch 053 | Seed 2001 | Rate 0.50 | Train Loss: 0.2321 | Val Loss: 0.3190 | Acc (clean): 0.9178 | Acc (poison): 0.9180 | Val Acc: 0.8844 | Time: 00:00:08
Epoch 054 | Seed 2001 | Rate 0.50 | Train Loss: 0.2153 | Val Loss: 0.3062 | Acc (clean): 0.9224 | Acc (poison): 0.9239 | Val Acc: 0.8889 | Time: 00:00:08
Epoch 055 | Seed 2001 | Rate 0.50 | Train Loss: 0.2066 | Val Loss: 0.3181 | Acc (clean): 0.9231 | Acc (poison): 0.9260 | Val Acc: 0.8937 | Time: 00:00:08
Epoch 056 | Seed 2001 | Rate 0.50 | Train Loss: 0.1958 | Val Loss: 0.3055 | Acc (clean): 0.9268 | Acc (poison): 0.9291 | Val Acc: 0.8904 | Time: 00:00:09
Epoch 057 | Seed 2001 | Rate 0.50 | Train Loss: 0.1849 | Val Loss: 0.3181 | Acc (clean): 0.9321 | Acc (poison): 0.9356 | Val Acc: 0.8922 | Time: 00:00:09
Epoch 058 | Seed 2001 | Rate 0.50 | Train Loss: 0.1776 | Val Loss: 0.3006 | Acc (clean): 0.9348 | Acc (poison): 0.9363 | Val Acc: 0.8922 | Time: 00:00:09
Epoch 059 | Seed 2001 | Rate 0.50 | Train Loss: 0.1768 | Val Loss: 0.2946 | Acc (clean): 0.9352 | Acc (poison): 0.9375 | Val Acc: 0.9000 | Time: 00:00:09
Epoch 060 | Seed 2001 | Rate 0.50 | Train Loss: 0.1620 | Val Loss: 0.3055 | Acc (clean): 0.9395 | Acc (poison): 0.9422 | Val Acc: 0.8944 | Time: 00:00:09
Epoch 061 | Seed 2001 | Rate 0.50 | Train Loss: 0.1584 | Val Loss: 0.3031 | Acc (clean): 0.9401 | Acc (poison): 0.9428 | Val Acc: 0.8889 | Time: 00:00:09
Epoch 062 | Seed 2001 | Rate 0.50 | Train Loss: 0.1538 | Val Loss: 0.2991 | Acc (clean): 0.9419 | Acc (poison): 0.9444 | Val Acc: 0.9041 | Time: 00:00:09
Epoch 063 | Seed 2001 | Rate 0.50 | Train Loss: 0.1477 | Val Loss: 0.3003 | Acc (clean): 0.9450 | Acc (poison): 0.9478 | Val Acc: 0.8974 | Time: 00:00:09
Epoch 064 | Seed 2001 | Rate 0.50 | Train Loss: 0.1428 | Val Loss: 0.3029 | Acc (clean): 0.9478 | Acc (poison): 0.9490 | Val Acc: 0.8911 | Time: 00:00:09
Epoch 065 | Seed 2001 | Rate 0.50 | Train Loss: 0.1352 | Val Loss: 0.3116 | Acc (clean): 0.9514 | Acc (poison): 0.9528 | Val Acc: 0.8911 | Time: 00:00:09
Epoch 066 | Seed 2001 | Rate 0.50 | Train Loss: 0.1352 | Val Loss: 0.3094 | Acc (clean): 0.9500 | Acc (poison): 0.9524 | Val Acc: 0.8904 | Time: 00:00:09
Epoch 067 | Seed 2001 | Rate 0.50 | Train Loss: 0.1340 | Val Loss: 0.2879 | Acc (clean): 0.9474 | Acc (poison): 0.9522 | Val Acc: 0.8937 | Time: 00:00:09
Epoch 068 | Seed 2001 | Rate 0.50 | Train Loss: 0.1284 | Val Loss: 0.3173 | Acc (clean): 0.9510 | Acc (poison): 0.9530 | Val Acc: 0.8833 | Time: 00:00:09
Epoch 069 | Seed 2001 | Rate 0.50 | Train Loss: 0.1258 | Val Loss: 0.3072 | Acc (clean): 0.9514 | Acc (poison): 0.9553 | Val Acc: 0.8904 | Time: 00:00:09
Epoch 070 | Seed 2001 | Rate 0.50 | Train Loss: 0.1207 | Val Loss: 0.3187 | Acc (clean): 0.9520 | Acc (poison): 0.9575 | Val Acc: 0.8937 | Time: 00:00:09
Epoch 071 | Seed 2001 | Rate 0.50 | Train Loss: 0.1228 | Val Loss: 0.3162 | Acc (clean): 0.9532 | Acc (poison): 0.9549 | Val Acc: 0.8981 | Time: 00:00:09
Epoch 072 | Seed 2001 | Rate 0.50 | Train Loss: 0.1214 | Val Loss: 0.3099 | Acc (clean): 0.9512 | Acc (poison): 0.9543 | Val Acc: 0.8926 | Time: 00:00:09
Epoch 073 | Seed 2001 | Rate 0.50 | Train Loss: 0.1199 | Val Loss: 0.3237 | Acc (clean): 0.9534 | Acc (poison): 0.9579 | Val Acc: 0.8885 | Time: 00:00:09
Epoch 074 | Seed 2001 | Rate 0.50 | Train Loss: 0.1147 | Val Loss: 0.3205 | Acc (clean): 0.9541 | Acc (poison): 0.9585 | Val Acc: 0.8893 | Time: 00:00:09
Epoch 075 | Seed 2001 | Rate 0.50 | Train Loss: 0.1167 | Val Loss: 0.3160 | Acc (clean): 0.9537 | Acc (poison): 0.9580 | Val Acc: 0.8915 | Time: 00:00:09
Epoch 076 | Seed 2001 | Rate 0.50 | Train Loss: 0.0950 | Val Loss: 0.2878 | Acc (clean): 0.9679 | Acc (poison): 0.9671 | Val Acc: 0.8989 | Time: 00:00:09
Epoch 077 | Seed 2001 | Rate 0.50 | Train Loss: 0.0884 | Val Loss: 0.2853 | Acc (clean): 0.9662 | Acc (poison): 0.9700 | Val Acc: 0.8970 | Time: 00:00:09
Epoch 078 | Seed 2001 | Rate 0.50 | Train Loss: 0.0865 | Val Loss: 0.2861 | Acc (clean): 0.9652 | Acc (poison): 0.9694 | Val Acc: 0.8970 | Time: 00:00:09
Epoch 079 | Seed 2001 | Rate 0.50 | Train Loss: 0.0845 | Val Loss: 0.2868 | Acc (clean): 0.9667 | Acc (poison): 0.9715 | Val Acc: 0.8970 | Time: 00:00:09
Epoch 080 | Seed 2001 | Rate 0.50 | Train Loss: 0.0819 | Val Loss: 0.2890 | Acc (clean): 0.9677 | Acc (poison): 0.9719 | Val Acc: 0.8963 | Time: 00:00:09
Epoch 081 | Seed 2001 | Rate 0.50 | Train Loss: 0.0818 | Val Loss: 0.2894 | Acc (clean): 0.9679 | Acc (poison): 0.9724 | Val Acc: 0.8974 | Time: 00:00:09
Epoch 082 | Seed 2001 | Rate 0.50 | Train Loss: 0.0821 | Val Loss: 0.2860 | Acc (clean): 0.9653 | Acc (poison): 0.9706 | Val Acc: 0.9019 | Time: 00:00:09
Epoch 083 | Seed 2001 | Rate 0.50 | Train Loss: 0.0799 | Val Loss: 0.2905 | Acc (clean): 0.9678 | Acc (poison): 0.9731 | Val Acc: 0.8967 | Time: 00:00:09
Epoch 084 | Seed 2001 | Rate 0.50 | Train Loss: 0.0804 | Val Loss: 0.2858 | Acc (clean): 0.9674 | Acc (poison): 0.9729 | Val Acc: 0.8959 | Time: 00:00:09
Epoch 085 | Seed 2001 | Rate 0.50 | Train Loss: 0.0787 | Val Loss: 0.2830 | Acc (clean): 0.9693 | Acc (poison): 0.9735 | Val Acc: 0.8985 | Time: 00:00:09
Epoch 086 | Seed 2001 | Rate 0.50 | Train Loss: 0.0790 | Val Loss: 0.2876 | Acc (clean): 0.9682 | Acc (poison): 0.9733 | Val Acc: 0.8974 | Time: 00:00:09
Epoch 087 | Seed 2001 | Rate 0.50 | Train Loss: 0.0781 | Val Loss: 0.2807 | Acc (clean): 0.9683 | Acc (poison): 0.9735 | Val Acc: 0.8989 | Time: 00:00:09
Epoch 088 | Seed 2001 | Rate 0.50 | Train Loss: 0.0770 | Val Loss: 0.2847 | Acc (clean): 0.9705 | Acc (poison): 0.9740 | Val Acc: 0.8989 | Time: 00:00:09
Epoch 089 | Seed 2001 | Rate 0.50 | Train Loss: 0.0762 | Val Loss: 0.2871 | Acc (clean): 0.9704 | Acc (poison): 0.9750 | Val Acc: 0.9007 | Time: 00:00:09
Epoch 090 | Seed 2001 | Rate 0.50 | Train Loss: 0.0777 | Val Loss: 0.2940 | Acc (clean): 0.9707 | Acc (poison): 0.9745 | Val Acc: 0.8974 | Time: 00:00:09
Epoch 091 | Seed 2001 | Rate 0.50 | Train Loss: 0.0765 | Val Loss: 0.2915 | Acc (clean): 0.9699 | Acc (poison): 0.9752 | Val Acc: 0.9000 | Time: 00:00:09
Epoch 092 | Seed 2001 | Rate 0.50 | Train Loss: 0.0736 | Val Loss: 0.2899 | Acc (clean): 0.9691 | Acc (poison): 0.9754 | Val Acc: 0.8989 | Time: 00:00:09
Epoch 093 | Seed 2001 | Rate 0.50 | Train Loss: 0.0747 | Val Loss: 0.2891 | Acc (clean): 0.9693 | Acc (poison): 0.9744 | Val Acc: 0.8989 | Time: 00:00:09
Epoch 094 | Seed 2001 | Rate 0.50 | Train Loss: 0.0753 | Val Loss: 0.2910 | Acc (clean): 0.9714 | Acc (poison): 0.9760 | Val Acc: 0.8989 | Time: 00:00:09
Epoch 095 | Seed 2001 | Rate 0.50 | Train Loss: 0.0744 | Val Loss: 0.2882 | Acc (clean): 0.9698 | Acc (poison): 0.9752 | Val Acc: 0.9011 | Time: 00:00:09
Epoch 096 | Seed 2001 | Rate 0.50 | Train Loss: 0.0737 | Val Loss: 0.2943 | Acc (clean): 0.9705 | Acc (poison): 0.9757 | Val Acc: 0.8970 | Time: 00:00:09
Epoch 097 | Seed 2001 | Rate 0.50 | Train Loss: 0.0731 | Val Loss: 0.2927 | Acc (clean): 0.9709 | Acc (poison): 0.9765 | Val Acc: 0.8937 | Time: 00:00:09
Epoch 098 | Seed 2001 | Rate 0.50 | Train Loss: 0.0749 | Val Loss: 0.2906 | Acc (clean): 0.9696 | Acc (poison): 0.9751 | Val Acc: 0.9011 | Time: 00:00:09
Epoch 099 | Seed 2001 | Rate 0.50 | Train Loss: 0.0718 | Val Loss: 0.2879 | Acc (clean): 0.9705 | Acc (poison): 0.9754 | Val Acc: 0.8996 | Time: 00:00:09
Epoch 100 | Seed 2001 | Rate 0.50 | Train Loss: 0.0731 | Val Loss: 0.2915 | Acc (clean): 0.9707 | Acc (poison): 0.9760 | Val Acc: 0.9000 | Time: 00:00:09
Loading train data from /home/yazanme/BachelorThesis/BachelorThesis/data/processed/resisc45/train.h5 with mapping /home/yazanme/BachelorThesis/BachelorThesis/data/processed/resisc45/poisoned/RQ2.2-dissim/seed_2001/labels_1.00.pt... (in_memory=True, workers=6)
Testing torch.compile support...
Successfully compiled model using torch.compile.
Epoch 001 | Seed 2001 | Rate 1.00 | Train Loss: 2.8171 | Val Loss: 3.2092 | Acc (clean): 0.2166 | Acc (poison): 0.2350 | Val Acc: 0.2504 | Time: 00:00:10
Epoch 002 | Seed 2001 | Rate 1.00 | Train Loss: 1.8819 | Val Loss: 2.4557 | Acc (clean): 0.4244 | Acc (poison): 0.4479 | Val Acc: 0.4037 | Time: 00:00:09
Epoch 003 | Seed 2001 | Rate 1.00 | Train Loss: 1.5420 | Val Loss: 2.1412 | Acc (clean): 0.5136 | Acc (poison): 0.5413 | Val Acc: 0.4852 | Time: 00:00:09
Epoch 004 | Seed 2001 | Rate 1.00 | Train Loss: 1.2996 | Val Loss: 2.4120 | Acc (clean): 0.5772 | Acc (poison): 0.6074 | Val Acc: 0.4270 | Time: 00:00:09
Epoch 005 | Seed 2001 | Rate 1.00 | Train Loss: 1.1126 | Val Loss: 1.9483 | Acc (clean): 0.6307 | Acc (poison): 0.6636 | Val Acc: 0.5589 | Time: 00:00:09
Epoch 006 | Seed 2001 | Rate 1.00 | Train Loss: 0.9673 | Val Loss: 1.8444 | Acc (clean): 0.6666 | Acc (poison): 0.7010 | Val Acc: 0.6011 | Time: 00:00:09
Epoch 007 | Seed 2001 | Rate 1.00 | Train Loss: 0.8617 | Val Loss: 1.7229 | Acc (clean): 0.6926 | Acc (poison): 0.7282 | Val Acc: 0.6104 | Time: 00:00:09
Epoch 008 | Seed 2001 | Rate 1.00 | Train Loss: 0.7868 | Val Loss: 1.6451 | Acc (clean): 0.7165 | Acc (poison): 0.7528 | Val Acc: 0.6537 | Time: 00:00:09
Epoch 009 | Seed 2001 | Rate 1.00 | Train Loss: 0.7395 | Val Loss: 1.4146 | Acc (clean): 0.7299 | Acc (poison): 0.7675 | Val Acc: 0.7033 | Time: 00:00:09
Epoch 010 | Seed 2001 | Rate 1.00 | Train Loss: 0.6892 | Val Loss: 1.8082 | Acc (clean): 0.7460 | Acc (poison): 0.7830 | Val Acc: 0.6007 | Time: 00:00:09
Epoch 011 | Seed 2001 | Rate 1.00 | Train Loss: 0.6635 | Val Loss: 1.8078 | Acc (clean): 0.7569 | Acc (poison): 0.7942 | Val Acc: 0.6044 | Time: 00:00:09
Epoch 012 | Seed 2001 | Rate 1.00 | Train Loss: 0.6484 | Val Loss: 1.7572 | Acc (clean): 0.7584 | Acc (poison): 0.7958 | Val Acc: 0.6330 | Time: 00:00:09
Epoch 013 | Seed 2001 | Rate 1.00 | Train Loss: 0.6253 | Val Loss: 1.6430 | Acc (clean): 0.7650 | Acc (poison): 0.8030 | Val Acc: 0.6707 | Time: 00:00:09
Epoch 014 | Seed 2001 | Rate 1.00 | Train Loss: 0.5984 | Val Loss: 1.6140 | Acc (clean): 0.7736 | Acc (poison): 0.8117 | Val Acc: 0.6537 | Time: 00:00:09
Epoch 015 | Seed 2001 | Rate 1.00 | Train Loss: 0.6000 | Val Loss: 1.5984 | Acc (clean): 0.7706 | Acc (poison): 0.8081 | Val Acc: 0.6633 | Time: 00:00:09
Epoch 016 | Seed 2001 | Rate 1.00 | Train Loss: 0.6017 | Val Loss: 1.6322 | Acc (clean): 0.7727 | Acc (poison): 0.8111 | Val Acc: 0.6430 | Time: 00:00:09
Epoch 017 | Seed 2001 | Rate 1.00 | Train Loss: 0.5771 | Val Loss: 1.4513 | Acc (clean): 0.7807 | Acc (poison): 0.8189 | Val Acc: 0.6804 | Time: 00:00:09
Epoch 018 | Seed 2001 | Rate 1.00 | Train Loss: 0.5637 | Val Loss: 1.5948 | Acc (clean): 0.7835 | Acc (poison): 0.8215 | Val Acc: 0.6337 | Time: 00:00:10
Epoch 019 | Seed 2001 | Rate 1.00 | Train Loss: 0.5667 | Val Loss: 1.6001 | Acc (clean): 0.7812 | Acc (poison): 0.8197 | Val Acc: 0.6852 | Time: 00:00:09
Epoch 020 | Seed 2001 | Rate 1.00 | Train Loss: 0.5675 | Val Loss: 1.6871 | Acc (clean): 0.7828 | Acc (poison): 0.8216 | Val Acc: 0.6515 | Time: 00:00:09
Epoch 021 | Seed 2001 | Rate 1.00 | Train Loss: 0.5660 | Val Loss: 1.3678 | Acc (clean): 0.7827 | Acc (poison): 0.8212 | Val Acc: 0.7081 | Time: 00:00:09
Epoch 022 | Seed 2001 | Rate 1.00 | Train Loss: 0.5547 | Val Loss: 1.4501 | Acc (clean): 0.7849 | Acc (poison): 0.8232 | Val Acc: 0.7181 | Time: 00:00:09
Epoch 023 | Seed 2001 | Rate 1.00 | Train Loss: 0.5557 | Val Loss: 1.6590 | Acc (clean): 0.7858 | Acc (poison): 0.8243 | Val Acc: 0.6270 | Time: 00:00:09
Epoch 024 | Seed 2001 | Rate 1.00 | Train Loss: 0.5447 | Val Loss: 1.6019 | Acc (clean): 0.7887 | Acc (poison): 0.8273 | Val Acc: 0.6748 | Time: 00:00:09
Epoch 025 | Seed 2001 | Rate 1.00 | Train Loss: 0.5435 | Val Loss: 1.4305 | Acc (clean): 0.7890 | Acc (poison): 0.8270 | Val Acc: 0.7159 | Time: 00:00:09
Epoch 026 | Seed 2001 | Rate 1.00 | Train Loss: 0.5372 | Val Loss: 1.5956 | Acc (clean): 0.7911 | Acc (poison): 0.8291 | Val Acc: 0.6730 | Time: 00:00:09
Epoch 027 | Seed 2001 | Rate 1.00 | Train Loss: 0.5419 | Val Loss: 1.5794 | Acc (clean): 0.7923 | Acc (poison): 0.8305 | Val Acc: 0.6793 | Time: 00:00:09
Epoch 028 | Seed 2001 | Rate 1.00 | Train Loss: 0.5325 | Val Loss: 1.7701 | Acc (clean): 0.7931 | Acc (poison): 0.8321 | Val Acc: 0.6330 | Time: 00:00:09
Epoch 029 | Seed 2001 | Rate 1.00 | Train Loss: 0.5343 | Val Loss: 1.7067 | Acc (clean): 0.7910 | Acc (poison): 0.8296 | Val Acc: 0.6533 | Time: 00:00:09
Epoch 030 | Seed 2001 | Rate 1.00 | Train Loss: 0.5295 | Val Loss: 1.6339 | Acc (clean): 0.7928 | Acc (poison): 0.8316 | Val Acc: 0.6704 | Time: 00:00:09
Epoch 031 | Seed 2001 | Rate 1.00 | Train Loss: 0.5297 | Val Loss: 1.3196 | Acc (clean): 0.7920 | Acc (poison): 0.8302 | Val Acc: 0.7270 | Time: 00:00:09
Epoch 032 | Seed 2001 | Rate 1.00 | Train Loss: 0.5374 | Val Loss: 1.5803 | Acc (clean): 0.7949 | Acc (poison): 0.8336 | Val Acc: 0.6837 | Time: 00:00:09
Epoch 033 | Seed 2001 | Rate 1.00 | Train Loss: 0.5219 | Val Loss: 1.6209 | Acc (clean): 0.7952 | Acc (poison): 0.8340 | Val Acc: 0.6563 | Time: 00:00:09
Epoch 034 | Seed 2001 | Rate 1.00 | Train Loss: 0.5188 | Val Loss: 2.1387 | Acc (clean): 0.7993 | Acc (poison): 0.8376 | Val Acc: 0.5737 | Time: 00:00:09
Epoch 035 | Seed 2001 | Rate 1.00 | Train Loss: 0.5241 | Val Loss: 1.7556 | Acc (clean): 0.7974 | Acc (poison): 0.8367 | Val Acc: 0.6519 | Time: 00:00:09
Epoch 036 | Seed 2001 | Rate 1.00 | Train Loss: 0.5206 | Val Loss: 1.7654 | Acc (clean): 0.7963 | Acc (poison): 0.8351 | Val Acc: 0.6411 | Time: 00:00:09
Epoch 037 | Seed 2001 | Rate 1.00 | Train Loss: 0.5179 | Val Loss: 1.4556 | Acc (clean): 0.7982 | Acc (poison): 0.8365 | Val Acc: 0.7170 | Time: 00:00:09
Epoch 038 | Seed 2001 | Rate 1.00 | Train Loss: 0.5244 | Val Loss: 1.5920 | Acc (clean): 0.7963 | Acc (poison): 0.8348 | Val Acc: 0.6856 | Time: 00:00:09
Epoch 039 | Seed 2001 | Rate 1.00 | Train Loss: 0.5253 | Val Loss: 1.8413 | Acc (clean): 0.7943 | Acc (poison): 0.8331 | Val Acc: 0.6074 | Time: 00:00:09
Epoch 040 | Seed 2001 | Rate 1.00 | Train Loss: 0.5167 | Val Loss: 1.7027 | Acc (clean): 0.7983 | Acc (poison): 0.8366 | Val Acc: 0.6522 | Time: 00:00:09
Epoch 041 | Seed 2001 | Rate 1.00 | Train Loss: 0.5272 | Val Loss: 1.5357 | Acc (clean): 0.7976 | Acc (poison): 0.8363 | Val Acc: 0.6993 | Time: 00:00:09
Epoch 042 | Seed 2001 | Rate 1.00 | Train Loss: 0.5192 | Val Loss: 1.9234 | Acc (clean): 0.7968 | Acc (poison): 0.8351 | Val Acc: 0.5870 | Time: 00:00:09
Epoch 043 | Seed 2001 | Rate 1.00 | Train Loss: 0.5129 | Val Loss: 1.4988 | Acc (clean): 0.7983 | Acc (poison): 0.8367 | Val Acc: 0.6830 | Time: 00:00:09
Epoch 044 | Seed 2001 | Rate 1.00 | Train Loss: 0.5147 | Val Loss: 1.9556 | Acc (clean): 0.7988 | Acc (poison): 0.8376 | Val Acc: 0.6156 | Time: 00:00:09
Epoch 045 | Seed 2001 | Rate 1.00 | Train Loss: 0.5116 | Val Loss: 1.5904 | Acc (clean): 0.7990 | Acc (poison): 0.8374 | Val Acc: 0.6567 | Time: 00:00:09
Epoch 046 | Seed 2001 | Rate 1.00 | Train Loss: 0.5088 | Val Loss: 1.7082 | Acc (clean): 0.8014 | Acc (poison): 0.8395 | Val Acc: 0.6456 | Time: 00:00:09
Epoch 047 | Seed 2001 | Rate 1.00 | Train Loss: 0.5106 | Val Loss: 1.9026 | Acc (clean): 0.8010 | Acc (poison): 0.8397 | Val Acc: 0.6226 | Time: 00:00:09
Epoch 048 | Seed 2001 | Rate 1.00 | Train Loss: 0.5074 | Val Loss: 1.5398 | Acc (clean): 0.8011 | Acc (poison): 0.8397 | Val Acc: 0.6826 | Time: 00:00:09
Epoch 049 | Seed 2001 | Rate 1.00 | Train Loss: 0.5149 | Val Loss: 2.2988 | Acc (clean): 0.7970 | Acc (poison): 0.8359 | Val Acc: 0.5204 | Time: 00:00:09
Epoch 050 | Seed 2001 | Rate 1.00 | Train Loss: 0.5089 | Val Loss: 1.6496 | Acc (clean): 0.7978 | Acc (poison): 0.8362 | Val Acc: 0.6641 | Time: 00:00:09
Epoch 051 | Seed 2001 | Rate 1.00 | Train Loss: 0.3130 | Val Loss: 1.0609 | Acc (clean): 0.8607 | Acc (poison): 0.9014 | Val Acc: 0.8481 | Time: 00:00:09
Epoch 052 | Seed 2001 | Rate 1.00 | Train Loss: 0.2388 | Val Loss: 1.0463 | Acc (clean): 0.8842 | Acc (poison): 0.9263 | Val Acc: 0.8596 | Time: 00:00:09
Epoch 053 | Seed 2001 | Rate 1.00 | Train Loss: 0.2140 | Val Loss: 1.0302 | Acc (clean): 0.8923 | Acc (poison): 0.9345 | Val Acc: 0.8644 | Time: 00:00:09
Epoch 054 | Seed 2001 | Rate 1.00 | Train Loss: 0.2000 | Val Loss: 1.0235 | Acc (clean): 0.8963 | Acc (poison): 0.9385 | Val Acc: 0.8656 | Time: 00:00:09
Epoch 055 | Seed 2001 | Rate 1.00 | Train Loss: 0.1851 | Val Loss: 1.0302 | Acc (clean): 0.9020 | Acc (poison): 0.9443 | Val Acc: 0.8641 | Time: 00:00:09
Epoch 056 | Seed 2001 | Rate 1.00 | Train Loss: 0.1771 | Val Loss: 1.0085 | Acc (clean): 0.9037 | Acc (poison): 0.9459 | Val Acc: 0.8733 | Time: 00:00:09
Epoch 057 | Seed 2001 | Rate 1.00 | Train Loss: 0.1671 | Val Loss: 1.0121 | Acc (clean): 0.9063 | Acc (poison): 0.9491 | Val Acc: 0.8715 | Time: 00:00:09
Epoch 058 | Seed 2001 | Rate 1.00 | Train Loss: 0.1607 | Val Loss: 1.0408 | Acc (clean): 0.9086 | Acc (poison): 0.9516 | Val Acc: 0.8719 | Time: 00:00:09
Epoch 059 | Seed 2001 | Rate 1.00 | Train Loss: 0.1541 | Val Loss: 1.0186 | Acc (clean): 0.9119 | Acc (poison): 0.9548 | Val Acc: 0.8700 | Time: 00:00:09
Epoch 060 | Seed 2001 | Rate 1.00 | Train Loss: 0.1477 | Val Loss: 1.0356 | Acc (clean): 0.9128 | Acc (poison): 0.9558 | Val Acc: 0.8741 | Time: 00:00:09
Epoch 061 | Seed 2001 | Rate 1.00 | Train Loss: 0.1402 | Val Loss: 1.0419 | Acc (clean): 0.9165 | Acc (poison): 0.9594 | Val Acc: 0.8733 | Time: 00:00:09
Epoch 062 | Seed 2001 | Rate 1.00 | Train Loss: 0.1323 | Val Loss: 1.0422 | Acc (clean): 0.9179 | Acc (poison): 0.9609 | Val Acc: 0.8744 | Time: 00:00:09
Epoch 063 | Seed 2001 | Rate 1.00 | Train Loss: 0.1311 | Val Loss: 1.0672 | Acc (clean): 0.9190 | Acc (poison): 0.9619 | Val Acc: 0.8763 | Time: 00:00:09
Epoch 064 | Seed 2001 | Rate 1.00 | Train Loss: 0.1287 | Val Loss: 1.0462 | Acc (clean): 0.9183 | Acc (poison): 0.9615 | Val Acc: 0.8748 | Time: 00:00:09
Epoch 065 | Seed 2001 | Rate 1.00 | Train Loss: 0.1191 | Val Loss: 1.0394 | Acc (clean): 0.9231 | Acc (poison): 0.9659 | Val Acc: 0.8674 | Time: 00:00:09
Epoch 066 | Seed 2001 | Rate 1.00 | Train Loss: 0.1153 | Val Loss: 1.0279 | Acc (clean): 0.9243 | Acc (poison): 0.9674 | Val Acc: 0.8737 | Time: 00:00:09
Epoch 067 | Seed 2001 | Rate 1.00 | Train Loss: 0.1140 | Val Loss: 1.0581 | Acc (clean): 0.9237 | Acc (poison): 0.9669 | Val Acc: 0.8722 | Time: 00:00:09
Epoch 068 | Seed 2001 | Rate 1.00 | Train Loss: 0.1081 | Val Loss: 1.0888 | Acc (clean): 0.9249 | Acc (poison): 0.9683 | Val Acc: 0.8707 | Time: 00:00:09
Epoch 069 | Seed 2001 | Rate 1.00 | Train Loss: 0.1082 | Val Loss: 1.0510 | Acc (clean): 0.9251 | Acc (poison): 0.9681 | Val Acc: 0.8715 | Time: 00:00:09
Epoch 070 | Seed 2001 | Rate 1.00 | Train Loss: 0.1022 | Val Loss: 1.0446 | Acc (clean): 0.9282 | Acc (poison): 0.9711 | Val Acc: 0.8667 | Time: 00:00:09
Epoch 071 | Seed 2001 | Rate 1.00 | Train Loss: 0.1027 | Val Loss: 1.0841 | Acc (clean): 0.9272 | Acc (poison): 0.9707 | Val Acc: 0.8722 | Time: 00:00:09
Epoch 072 | Seed 2001 | Rate 1.00 | Train Loss: 0.0985 | Val Loss: 1.0551 | Acc (clean): 0.9300 | Acc (poison): 0.9735 | Val Acc: 0.8722 | Time: 00:00:09
Epoch 073 | Seed 2001 | Rate 1.00 | Train Loss: 0.0987 | Val Loss: 1.0730 | Acc (clean): 0.9295 | Acc (poison): 0.9730 | Val Acc: 0.8659 | Time: 00:00:09
Epoch 074 | Seed 2001 | Rate 1.00 | Train Loss: 0.0917 | Val Loss: 1.0754 | Acc (clean): 0.9316 | Acc (poison): 0.9751 | Val Acc: 0.8681 | Time: 00:00:09
Epoch 075 | Seed 2001 | Rate 1.00 | Train Loss: 0.0938 | Val Loss: 1.1030 | Acc (clean): 0.9309 | Acc (poison): 0.9741 | Val Acc: 0.8630 | Time: 00:00:09
Epoch 076 | Seed 2001 | Rate 1.00 | Train Loss: 0.0756 | Val Loss: 1.0568 | Acc (clean): 0.9365 | Acc (poison): 0.9801 | Val Acc: 0.8737 | Time: 00:00:09
Epoch 077 | Seed 2001 | Rate 1.00 | Train Loss: 0.0656 | Val Loss: 1.0498 | Acc (clean): 0.9408 | Acc (poison): 0.9845 | Val Acc: 0.8770 | Time: 00:00:09
Epoch 078 | Seed 2001 | Rate 1.00 | Train Loss: 0.0634 | Val Loss: 1.0546 | Acc (clean): 0.9421 | Acc (poison): 0.9860 | Val Acc: 0.8789 | Time: 00:00:09
Epoch 079 | Seed 2001 | Rate 1.00 | Train Loss: 0.0632 | Val Loss: 1.0379 | Acc (clean): 0.9417 | Acc (poison): 0.9856 | Val Acc: 0.8778 | Time: 00:00:09
Epoch 080 | Seed 2001 | Rate 1.00 | Train Loss: 0.0613 | Val Loss: 1.0429 | Acc (clean): 0.9428 | Acc (poison): 0.9867 | Val Acc: 0.8770 | Time: 00:00:09
Epoch 081 | Seed 2001 | Rate 1.00 | Train Loss: 0.0583 | Val Loss: 1.0450 | Acc (clean): 0.9435 | Acc (poison): 0.9877 | Val Acc: 0.8744 | Time: 00:00:09
Epoch 082 | Seed 2001 | Rate 1.00 | Train Loss: 0.0585 | Val Loss: 1.0296 | Acc (clean): 0.9432 | Acc (poison): 0.9873 | Val Acc: 0.8789 | Time: 00:00:09
Epoch 083 | Seed 2001 | Rate 1.00 | Train Loss: 0.0584 | Val Loss: 1.0470 | Acc (clean): 0.9431 | Acc (poison): 0.9870 | Val Acc: 0.8774 | Time: 00:00:09
Epoch 084 | Seed 2001 | Rate 1.00 | Train Loss: 0.0573 | Val Loss: 1.0288 | Acc (clean): 0.9434 | Acc (poison): 0.9875 | Val Acc: 0.8785 | Time: 00:00:09
Epoch 085 | Seed 2001 | Rate 1.00 | Train Loss: 0.0572 | Val Loss: 1.0398 | Acc (clean): 0.9436 | Acc (poison): 0.9877 | Val Acc: 0.8781 | Time: 00:00:09
Epoch 086 | Seed 2001 | Rate 1.00 | Train Loss: 0.0543 | Val Loss: 1.0430 | Acc (clean): 0.9451 | Acc (poison): 0.9891 | Val Acc: 0.8756 | Time: 00:00:09
Epoch 087 | Seed 2001 | Rate 1.00 | Train Loss: 0.0581 | Val Loss: 1.0522 | Acc (clean): 0.9437 | Acc (poison): 0.9875 | Val Acc: 0.8759 | Time: 00:00:09
Epoch 088 | Seed 2001 | Rate 1.00 | Train Loss: 0.0550 | Val Loss: 1.0421 | Acc (clean): 0.9444 | Acc (poison): 0.9885 | Val Acc: 0.8770 | Time: 00:00:09
Epoch 089 | Seed 2001 | Rate 1.00 | Train Loss: 0.0545 | Val Loss: 1.0485 | Acc (clean): 0.9457 | Acc (poison): 0.9898 | Val Acc: 0.8785 | Time: 00:00:09
Epoch 090 | Seed 2001 | Rate 1.00 | Train Loss: 0.0548 | Val Loss: 1.0505 | Acc (clean): 0.9445 | Acc (poison): 0.9885 | Val Acc: 0.8759 | Time: 00:00:09
Epoch 091 | Seed 2001 | Rate 1.00 | Train Loss: 0.0540 | Val Loss: 1.0436 | Acc (clean): 0.9448 | Acc (poison): 0.9889 | Val Acc: 0.8759 | Time: 00:00:10
Epoch 092 | Seed 2001 | Rate 1.00 | Train Loss: 0.0520 | Val Loss: 1.0627 | Acc (clean): 0.9455 | Acc (poison): 0.9893 | Val Acc: 0.8763 | Time: 00:00:09
Epoch 093 | Seed 2001 | Rate 1.00 | Train Loss: 0.0516 | Val Loss: 1.0595 | Acc (clean): 0.9465 | Acc (poison): 0.9907 | Val Acc: 0.8789 | Time: 00:00:09
Epoch 094 | Seed 2001 | Rate 1.00 | Train Loss: 0.0530 | Val Loss: 1.0623 | Acc (clean): 0.9449 | Acc (poison): 0.9891 | Val Acc: 0.8763 | Time: 00:00:09
Epoch 095 | Seed 2001 | Rate 1.00 | Train Loss: 0.0524 | Val Loss: 1.0629 | Acc (clean): 0.9451 | Acc (poison): 0.9891 | Val Acc: 0.8793 | Time: 00:00:09
Epoch 096 | Seed 2001 | Rate 1.00 | Train Loss: 0.0507 | Val Loss: 1.0525 | Acc (clean): 0.9464 | Acc (poison): 0.9903 | Val Acc: 0.8763 | Time: 00:00:09
Epoch 097 | Seed 2001 | Rate 1.00 | Train Loss: 0.0499 | Val Loss: 1.0399 | Acc (clean): 0.9459 | Acc (poison): 0.9901 | Val Acc: 0.8763 | Time: 00:00:09
Epoch 098 | Seed 2001 | Rate 1.00 | Train Loss: 0.0518 | Val Loss: 1.0490 | Acc (clean): 0.9446 | Acc (poison): 0.9886 | Val Acc: 0.8826 | Time: 00:00:09
Epoch 099 | Seed 2001 | Rate 1.00 | Train Loss: 0.0489 | Val Loss: 1.0550 | Acc (clean): 0.9466 | Acc (poison): 0.9908 | Val Acc: 0.8781 | Time: 00:00:09
Epoch 100 | Seed 2001 | Rate 1.00 | Train Loss: 0.0509 | Val Loss: 1.0391 | Acc (clean): 0.9453 | Acc (poison): 0.9893 | Val Acc: 0.8811 | Time: 00:00:09
Loading train data from /home/yazanme/BachelorThesis/BachelorThesis/data/processed/resisc45/train.h5... (in_memory=True, workers=6)
Testing torch.compile support...
Successfully compiled model using torch.compile.
Epoch 001 | Seed 2026 | Rate 0.00 | Train Loss: 2.8401 | Val Loss: 2.5009 | Acc (clean): 0.2312 | Acc (poison): 0.2312 | Val Acc: 0.2844 | Time: 00:00:10
Epoch 002 | Seed 2026 | Rate 0.00 | Train Loss: 1.8970 | Val Loss: 1.9596 | Acc (clean): 0.4437 | Acc (poison): 0.4437 | Val Acc: 0.4219 | Time: 00:00:09
Epoch 003 | Seed 2026 | Rate 0.00 | Train Loss: 1.5508 | Val Loss: 1.7221 | Acc (clean): 0.5381 | Acc (poison): 0.5381 | Val Acc: 0.4963 | Time: 00:00:09
Epoch 004 | Seed 2026 | Rate 0.00 | Train Loss: 1.2983 | Val Loss: 1.6441 | Acc (clean): 0.6060 | Acc (poison): 0.6060 | Val Acc: 0.5411 | Time: 00:00:09
Epoch 005 | Seed 2026 | Rate 0.00 | Train Loss: 1.1161 | Val Loss: 1.2232 | Acc (clean): 0.6587 | Acc (poison): 0.6587 | Val Acc: 0.6333 | Time: 00:00:09
Epoch 006 | Seed 2026 | Rate 0.00 | Train Loss: 0.9806 | Val Loss: 1.2112 | Acc (clean): 0.6984 | Acc (poison): 0.6984 | Val Acc: 0.6326 | Time: 00:00:09
Epoch 007 | Seed 2026 | Rate 0.00 | Train Loss: 0.8605 | Val Loss: 1.1760 | Acc (clean): 0.7280 | Acc (poison): 0.7280 | Val Acc: 0.6459 | Time: 00:00:09
Epoch 008 | Seed 2026 | Rate 0.00 | Train Loss: 0.7746 | Val Loss: 1.2492 | Acc (clean): 0.7560 | Acc (poison): 0.7560 | Val Acc: 0.6315 | Time: 00:00:09
Epoch 009 | Seed 2026 | Rate 0.00 | Train Loss: 0.7164 | Val Loss: 0.9634 | Acc (clean): 0.7747 | Acc (poison): 0.7747 | Val Acc: 0.6937 | Time: 00:00:09
Epoch 010 | Seed 2026 | Rate 0.00 | Train Loss: 0.6753 | Val Loss: 0.9667 | Acc (clean): 0.7864 | Acc (poison): 0.7864 | Val Acc: 0.7030 | Time: 00:00:09
Epoch 011 | Seed 2026 | Rate 0.00 | Train Loss: 0.6531 | Val Loss: 0.9028 | Acc (clean): 0.7945 | Acc (poison): 0.7945 | Val Acc: 0.7285 | Time: 00:00:09
Epoch 012 | Seed 2026 | Rate 0.00 | Train Loss: 0.6186 | Val Loss: 0.9797 | Acc (clean): 0.8051 | Acc (poison): 0.8051 | Val Acc: 0.6996 | Time: 00:00:09
Epoch 013 | Seed 2026 | Rate 0.00 | Train Loss: 0.6001 | Val Loss: 0.8302 | Acc (clean): 0.8084 | Acc (poison): 0.8084 | Val Acc: 0.7404 | Time: 00:00:09
Epoch 014 | Seed 2026 | Rate 0.00 | Train Loss: 0.5850 | Val Loss: 1.0768 | Acc (clean): 0.8174 | Acc (poison): 0.8174 | Val Acc: 0.7000 | Time: 00:00:09
Epoch 015 | Seed 2026 | Rate 0.00 | Train Loss: 0.5690 | Val Loss: 1.1472 | Acc (clean): 0.8223 | Acc (poison): 0.8223 | Val Acc: 0.6730 | Time: 00:00:09
Epoch 016 | Seed 2026 | Rate 0.00 | Train Loss: 0.5677 | Val Loss: 1.2172 | Acc (clean): 0.8215 | Acc (poison): 0.8215 | Val Acc: 0.6574 | Time: 00:00:09
Epoch 017 | Seed 2026 | Rate 0.00 | Train Loss: 0.5587 | Val Loss: 0.9960 | Acc (clean): 0.8225 | Acc (poison): 0.8225 | Val Acc: 0.6937 | Time: 00:00:09
Epoch 018 | Seed 2026 | Rate 0.00 | Train Loss: 0.5577 | Val Loss: 1.0167 | Acc (clean): 0.8213 | Acc (poison): 0.8213 | Val Acc: 0.6952 | Time: 00:00:09
Epoch 019 | Seed 2026 | Rate 0.00 | Train Loss: 0.5423 | Val Loss: 0.8696 | Acc (clean): 0.8295 | Acc (poison): 0.8295 | Val Acc: 0.7348 | Time: 00:00:09
Epoch 020 | Seed 2026 | Rate 0.00 | Train Loss: 0.5459 | Val Loss: 0.8038 | Acc (clean): 0.8286 | Acc (poison): 0.8286 | Val Acc: 0.7530 | Time: 00:00:09
Epoch 021 | Seed 2026 | Rate 0.00 | Train Loss: 0.5406 | Val Loss: 1.0363 | Acc (clean): 0.8253 | Acc (poison): 0.8253 | Val Acc: 0.6863 | Time: 00:00:09
Epoch 022 | Seed 2026 | Rate 0.00 | Train Loss: 0.5437 | Val Loss: 1.1664 | Acc (clean): 0.8304 | Acc (poison): 0.8304 | Val Acc: 0.6552 | Time: 00:00:09
Epoch 023 | Seed 2026 | Rate 0.00 | Train Loss: 0.5355 | Val Loss: 0.8404 | Acc (clean): 0.8298 | Acc (poison): 0.8298 | Val Acc: 0.7356 | Time: 00:00:09
Epoch 024 | Seed 2026 | Rate 0.00 | Train Loss: 0.5371 | Val Loss: 1.1615 | Acc (clean): 0.8315 | Acc (poison): 0.8315 | Val Acc: 0.6759 | Time: 00:00:09
Epoch 025 | Seed 2026 | Rate 0.00 | Train Loss: 0.5390 | Val Loss: 1.2793 | Acc (clean): 0.8284 | Acc (poison): 0.8284 | Val Acc: 0.6470 | Time: 00:00:09
Epoch 026 | Seed 2026 | Rate 0.00 | Train Loss: 0.5287 | Val Loss: 0.8721 | Acc (clean): 0.8326 | Acc (poison): 0.8326 | Val Acc: 0.7448 | Time: 00:00:09
Epoch 027 | Seed 2026 | Rate 0.00 | Train Loss: 0.5293 | Val Loss: 0.8800 | Acc (clean): 0.8337 | Acc (poison): 0.8337 | Val Acc: 0.7296 | Time: 00:00:09
Epoch 028 | Seed 2026 | Rate 0.00 | Train Loss: 0.5259 | Val Loss: 1.2675 | Acc (clean): 0.8325 | Acc (poison): 0.8325 | Val Acc: 0.6622 | Time: 00:00:09
Epoch 029 | Seed 2026 | Rate 0.00 | Train Loss: 0.5168 | Val Loss: 1.0238 | Acc (clean): 0.8372 | Acc (poison): 0.8372 | Val Acc: 0.6993 | Time: 00:00:09
Epoch 030 | Seed 2026 | Rate 0.00 | Train Loss: 0.5314 | Val Loss: 0.9542 | Acc (clean): 0.8319 | Acc (poison): 0.8319 | Val Acc: 0.7185 | Time: 00:00:08
Epoch 031 | Seed 2026 | Rate 0.00 | Train Loss: 0.5226 | Val Loss: 0.9729 | Acc (clean): 0.8347 | Acc (poison): 0.8347 | Val Acc: 0.6985 | Time: 00:00:08
Epoch 032 | Seed 2026 | Rate 0.00 | Train Loss: 0.5206 | Val Loss: 1.1594 | Acc (clean): 0.8373 | Acc (poison): 0.8373 | Val Acc: 0.6681 | Time: 00:00:08
Epoch 033 | Seed 2026 | Rate 0.00 | Train Loss: 0.5181 | Val Loss: 1.1098 | Acc (clean): 0.8349 | Acc (poison): 0.8349 | Val Acc: 0.6748 | Time: 00:00:08
Epoch 034 | Seed 2026 | Rate 0.00 | Train Loss: 0.5183 | Val Loss: 1.0411 | Acc (clean): 0.8355 | Acc (poison): 0.8355 | Val Acc: 0.6848 | Time: 00:00:08
Epoch 035 | Seed 2026 | Rate 0.00 | Train Loss: 0.5123 | Val Loss: 1.0202 | Acc (clean): 0.8386 | Acc (poison): 0.8386 | Val Acc: 0.6993 | Time: 00:00:08
Epoch 036 | Seed 2026 | Rate 0.00 | Train Loss: 0.5127 | Val Loss: 1.2388 | Acc (clean): 0.8379 | Acc (poison): 0.8379 | Val Acc: 0.6519 | Time: 00:00:08
Epoch 037 | Seed 2026 | Rate 0.00 | Train Loss: 0.5138 | Val Loss: 1.6218 | Acc (clean): 0.8382 | Acc (poison): 0.8382 | Val Acc: 0.5978 | Time: 00:00:08
Epoch 038 | Seed 2026 | Rate 0.00 | Train Loss: 0.5088 | Val Loss: 1.0834 | Acc (clean): 0.8388 | Acc (poison): 0.8388 | Val Acc: 0.6796 | Time: 00:00:08
Epoch 039 | Seed 2026 | Rate 0.00 | Train Loss: 0.5109 | Val Loss: 0.9615 | Acc (clean): 0.8395 | Acc (poison): 0.8395 | Val Acc: 0.7104 | Time: 00:00:08
Epoch 040 | Seed 2026 | Rate 0.00 | Train Loss: 0.5159 | Val Loss: 0.8527 | Acc (clean): 0.8379 | Acc (poison): 0.8379 | Val Acc: 0.7493 | Time: 00:00:08
Epoch 041 | Seed 2026 | Rate 0.00 | Train Loss: 0.5156 | Val Loss: 1.0429 | Acc (clean): 0.8351 | Acc (poison): 0.8351 | Val Acc: 0.6926 | Time: 00:00:08
Epoch 042 | Seed 2026 | Rate 0.00 | Train Loss: 0.5117 | Val Loss: 1.1255 | Acc (clean): 0.8386 | Acc (poison): 0.8386 | Val Acc: 0.6659 | Time: 00:00:08
Epoch 043 | Seed 2026 | Rate 0.00 | Train Loss: 0.5075 | Val Loss: 1.0611 | Acc (clean): 0.8396 | Acc (poison): 0.8396 | Val Acc: 0.6756 | Time: 00:00:08
Epoch 044 | Seed 2026 | Rate 0.00 | Train Loss: 0.5011 | Val Loss: 0.9136 | Acc (clean): 0.8400 | Acc (poison): 0.8400 | Val Acc: 0.7244 | Time: 00:00:08
Epoch 045 | Seed 2026 | Rate 0.00 | Train Loss: 0.5067 | Val Loss: 0.9077 | Acc (clean): 0.8370 | Acc (poison): 0.8370 | Val Acc: 0.7344 | Time: 00:00:09
Epoch 046 | Seed 2026 | Rate 0.00 | Train Loss: 0.5066 | Val Loss: 0.9605 | Acc (clean): 0.8400 | Acc (poison): 0.8400 | Val Acc: 0.7085 | Time: 00:00:09
Epoch 047 | Seed 2026 | Rate 0.00 | Train Loss: 0.4986 | Val Loss: 1.1892 | Acc (clean): 0.8428 | Acc (poison): 0.8428 | Val Acc: 0.6644 | Time: 00:00:09
Epoch 048 | Seed 2026 | Rate 0.00 | Train Loss: 0.4963 | Val Loss: 0.9045 | Acc (clean): 0.8428 | Acc (poison): 0.8428 | Val Acc: 0.7259 | Time: 00:00:09
Epoch 049 | Seed 2026 | Rate 0.00 | Train Loss: 0.4930 | Val Loss: 0.9837 | Acc (clean): 0.8444 | Acc (poison): 0.8444 | Val Acc: 0.7185 | Time: 00:00:09
Epoch 050 | Seed 2026 | Rate 0.00 | Train Loss: 0.4989 | Val Loss: 1.1957 | Acc (clean): 0.8413 | Acc (poison): 0.8413 | Val Acc: 0.6730 | Time: 00:00:09
Epoch 051 | Seed 2026 | Rate 0.00 | Train Loss: 0.2932 | Val Loss: 0.3353 | Acc (clean): 0.9082 | Acc (poison): 0.9082 | Val Acc: 0.8896 | Time: 00:00:09
Epoch 052 | Seed 2026 | Rate 0.00 | Train Loss: 0.2301 | Val Loss: 0.3135 | Acc (clean): 0.9270 | Acc (poison): 0.9270 | Val Acc: 0.8989 | Time: 00:00:09
Epoch 053 | Seed 2026 | Rate 0.00 | Train Loss: 0.2052 | Val Loss: 0.3238 | Acc (clean): 0.9355 | Acc (poison): 0.9355 | Val Acc: 0.8926 | Time: 00:00:09
Epoch 054 | Seed 2026 | Rate 0.00 | Train Loss: 0.1881 | Val Loss: 0.2873 | Acc (clean): 0.9419 | Acc (poison): 0.9419 | Val Acc: 0.9111 | Time: 00:00:09
Epoch 055 | Seed 2026 | Rate 0.00 | Train Loss: 0.1752 | Val Loss: 0.3054 | Acc (clean): 0.9456 | Acc (poison): 0.9456 | Val Acc: 0.8970 | Time: 00:00:09
Epoch 056 | Seed 2026 | Rate 0.00 | Train Loss: 0.1659 | Val Loss: 0.2890 | Acc (clean): 0.9511 | Acc (poison): 0.9511 | Val Acc: 0.9089 | Time: 00:00:09
Epoch 057 | Seed 2026 | Rate 0.00 | Train Loss: 0.1592 | Val Loss: 0.2832 | Acc (clean): 0.9505 | Acc (poison): 0.9505 | Val Acc: 0.9067 | Time: 00:00:09
Epoch 058 | Seed 2026 | Rate 0.00 | Train Loss: 0.1480 | Val Loss: 0.2722 | Acc (clean): 0.9535 | Acc (poison): 0.9535 | Val Acc: 0.9067 | Time: 00:00:09
Epoch 059 | Seed 2026 | Rate 0.00 | Train Loss: 0.1470 | Val Loss: 0.2739 | Acc (clean): 0.9552 | Acc (poison): 0.9552 | Val Acc: 0.9122 | Time: 00:00:09
Epoch 060 | Seed 2026 | Rate 0.00 | Train Loss: 0.1403 | Val Loss: 0.2891 | Acc (clean): 0.9580 | Acc (poison): 0.9580 | Val Acc: 0.9007 | Time: 00:00:09
Epoch 061 | Seed 2026 | Rate 0.00 | Train Loss: 0.1332 | Val Loss: 0.2896 | Acc (clean): 0.9603 | Acc (poison): 0.9603 | Val Acc: 0.9089 | Time: 00:00:09
Epoch 062 | Seed 2026 | Rate 0.00 | Train Loss: 0.1266 | Val Loss: 0.2714 | Acc (clean): 0.9624 | Acc (poison): 0.9624 | Val Acc: 0.9122 | Time: 00:00:09
Epoch 063 | Seed 2026 | Rate 0.00 | Train Loss: 0.1208 | Val Loss: 0.2628 | Acc (clean): 0.9646 | Acc (poison): 0.9646 | Val Acc: 0.9133 | Time: 00:00:09
Epoch 064 | Seed 2026 | Rate 0.00 | Train Loss: 0.1176 | Val Loss: 0.2751 | Acc (clean): 0.9656 | Acc (poison): 0.9656 | Val Acc: 0.9078 | Time: 00:00:09
Epoch 065 | Seed 2026 | Rate 0.00 | Train Loss: 0.1131 | Val Loss: 0.2922 | Acc (clean): 0.9662 | Acc (poison): 0.9662 | Val Acc: 0.9063 | Time: 00:00:09
Epoch 066 | Seed 2026 | Rate 0.00 | Train Loss: 0.1085 | Val Loss: 0.2879 | Acc (clean): 0.9681 | Acc (poison): 0.9681 | Val Acc: 0.9089 | Time: 00:00:09
Epoch 067 | Seed 2026 | Rate 0.00 | Train Loss: 0.1091 | Val Loss: 0.2841 | Acc (clean): 0.9693 | Acc (poison): 0.9693 | Val Acc: 0.9137 | Time: 00:00:09
Epoch 068 | Seed 2026 | Rate 0.00 | Train Loss: 0.1027 | Val Loss: 0.2731 | Acc (clean): 0.9714 | Acc (poison): 0.9714 | Val Acc: 0.9144 | Time: 00:00:09
Epoch 069 | Seed 2026 | Rate 0.00 | Train Loss: 0.1035 | Val Loss: 0.2814 | Acc (clean): 0.9702 | Acc (poison): 0.9702 | Val Acc: 0.9093 | Time: 00:00:09
Epoch 070 | Seed 2026 | Rate 0.00 | Train Loss: 0.0957 | Val Loss: 0.2748 | Acc (clean): 0.9743 | Acc (poison): 0.9743 | Val Acc: 0.9159 | Time: 00:00:09
Epoch 071 | Seed 2026 | Rate 0.00 | Train Loss: 0.0971 | Val Loss: 0.2784 | Acc (clean): 0.9730 | Acc (poison): 0.9730 | Val Acc: 0.9133 | Time: 00:00:09
Epoch 072 | Seed 2026 | Rate 0.00 | Train Loss: 0.0908 | Val Loss: 0.2993 | Acc (clean): 0.9763 | Acc (poison): 0.9763 | Val Acc: 0.9081 | Time: 00:00:09
Epoch 073 | Seed 2026 | Rate 0.00 | Train Loss: 0.0904 | Val Loss: 0.2587 | Acc (clean): 0.9742 | Acc (poison): 0.9742 | Val Acc: 0.9219 | Time: 00:00:09
Epoch 074 | Seed 2026 | Rate 0.00 | Train Loss: 0.0848 | Val Loss: 0.2913 | Acc (clean): 0.9778 | Acc (poison): 0.9778 | Val Acc: 0.9122 | Time: 00:00:09
Epoch 075 | Seed 2026 | Rate 0.00 | Train Loss: 0.0881 | Val Loss: 0.2854 | Acc (clean): 0.9746 | Acc (poison): 0.9746 | Val Acc: 0.9100 | Time: 00:00:09
Epoch 076 | Seed 2026 | Rate 0.00 | Train Loss: 0.0690 | Val Loss: 0.2514 | Acc (clean): 0.9840 | Acc (poison): 0.9840 | Val Acc: 0.9204 | Time: 00:00:09
Epoch 077 | Seed 2026 | Rate 0.00 | Train Loss: 0.0614 | Val Loss: 0.2503 | Acc (clean): 0.9865 | Acc (poison): 0.9865 | Val Acc: 0.9211 | Time: 00:00:09
Epoch 078 | Seed 2026 | Rate 0.00 | Train Loss: 0.0594 | Val Loss: 0.2466 | Acc (clean): 0.9870 | Acc (poison): 0.9870 | Val Acc: 0.9226 | Time: 00:00:09
Epoch 079 | Seed 2026 | Rate 0.00 | Train Loss: 0.0563 | Val Loss: 0.2517 | Acc (clean): 0.9881 | Acc (poison): 0.9881 | Val Acc: 0.9230 | Time: 00:00:09
Epoch 080 | Seed 2026 | Rate 0.00 | Train Loss: 0.0554 | Val Loss: 0.2552 | Acc (clean): 0.9881 | Acc (poison): 0.9881 | Val Acc: 0.9193 | Time: 00:00:09
Epoch 081 | Seed 2026 | Rate 0.00 | Train Loss: 0.0519 | Val Loss: 0.2561 | Acc (clean): 0.9895 | Acc (poison): 0.9895 | Val Acc: 0.9222 | Time: 00:00:09
Epoch 082 | Seed 2026 | Rate 0.00 | Train Loss: 0.0551 | Val Loss: 0.2537 | Acc (clean): 0.9880 | Acc (poison): 0.9880 | Val Acc: 0.9219 | Time: 00:00:09
Epoch 083 | Seed 2026 | Rate 0.00 | Train Loss: 0.0555 | Val Loss: 0.2514 | Acc (clean): 0.9881 | Acc (poison): 0.9881 | Val Acc: 0.9233 | Time: 00:00:09
Epoch 084 | Seed 2026 | Rate 0.00 | Train Loss: 0.0538 | Val Loss: 0.2487 | Acc (clean): 0.9894 | Acc (poison): 0.9894 | Val Acc: 0.9263 | Time: 00:00:09
Epoch 085 | Seed 2026 | Rate 0.00 | Train Loss: 0.0512 | Val Loss: 0.2522 | Acc (clean): 0.9897 | Acc (poison): 0.9897 | Val Acc: 0.9211 | Time: 00:00:09
Epoch 086 | Seed 2026 | Rate 0.00 | Train Loss: 0.0500 | Val Loss: 0.2517 | Acc (clean): 0.9902 | Acc (poison): 0.9902 | Val Acc: 0.9263 | Time: 00:00:09
Epoch 087 | Seed 2026 | Rate 0.00 | Train Loss: 0.0486 | Val Loss: 0.2561 | Acc (clean): 0.9912 | Acc (poison): 0.9912 | Val Acc: 0.9222 | Time: 00:00:09
Epoch 088 | Seed 2026 | Rate 0.00 | Train Loss: 0.0494 | Val Loss: 0.2548 | Acc (clean): 0.9901 | Acc (poison): 0.9901 | Val Acc: 0.9219 | Time: 00:00:09
Epoch 089 | Seed 2026 | Rate 0.00 | Train Loss: 0.0493 | Val Loss: 0.2524 | Acc (clean): 0.9904 | Acc (poison): 0.9904 | Val Acc: 0.9256 | Time: 00:00:09
Epoch 090 | Seed 2026 | Rate 0.00 | Train Loss: 0.0482 | Val Loss: 0.2498 | Acc (clean): 0.9910 | Acc (poison): 0.9910 | Val Acc: 0.9252 | Time: 00:00:09
Epoch 091 | Seed 2026 | Rate 0.00 | Train Loss: 0.0469 | Val Loss: 0.2555 | Acc (clean): 0.9909 | Acc (poison): 0.9909 | Val Acc: 0.9259 | Time: 00:00:09
Epoch 092 | Seed 2026 | Rate 0.00 | Train Loss: 0.0486 | Val Loss: 0.2507 | Acc (clean): 0.9902 | Acc (poison): 0.9902 | Val Acc: 0.9259 | Time: 00:00:09
Epoch 093 | Seed 2026 | Rate 0.00 | Train Loss: 0.0496 | Val Loss: 0.2517 | Acc (clean): 0.9899 | Acc (poison): 0.9899 | Val Acc: 0.9252 | Time: 00:00:09
Epoch 094 | Seed 2026 | Rate 0.00 | Train Loss: 0.0473 | Val Loss: 0.2479 | Acc (clean): 0.9906 | Acc (poison): 0.9906 | Val Acc: 0.9256 | Time: 00:00:09
Epoch 095 | Seed 2026 | Rate 0.00 | Train Loss: 0.0466 | Val Loss: 0.2510 | Acc (clean): 0.9914 | Acc (poison): 0.9914 | Val Acc: 0.9226 | Time: 00:00:09
Epoch 096 | Seed 2026 | Rate 0.00 | Train Loss: 0.0470 | Val Loss: 0.2540 | Acc (clean): 0.9912 | Acc (poison): 0.9912 | Val Acc: 0.9244 | Time: 00:00:09
Epoch 097 | Seed 2026 | Rate 0.00 | Train Loss: 0.0454 | Val Loss: 0.2577 | Acc (clean): 0.9913 | Acc (poison): 0.9913 | Val Acc: 0.9244 | Time: 00:00:09
Epoch 098 | Seed 2026 | Rate 0.00 | Train Loss: 0.0448 | Val Loss: 0.2587 | Acc (clean): 0.9920 | Acc (poison): 0.9920 | Val Acc: 0.9256 | Time: 00:00:09
Epoch 099 | Seed 2026 | Rate 0.00 | Train Loss: 0.0446 | Val Loss: 0.2538 | Acc (clean): 0.9920 | Acc (poison): 0.9920 | Val Acc: 0.9252 | Time: 00:00:09
Epoch 100 | Seed 2026 | Rate 0.00 | Train Loss: 0.0452 | Val Loss: 0.2537 | Acc (clean): 0.9914 | Acc (poison): 0.9914 | Val Acc: 0.9237 | Time: 00:00:09
Loading train data from /home/yazanme/BachelorThesis/BachelorThesis/data/processed/resisc45/train.h5 with mapping /home/yazanme/BachelorThesis/BachelorThesis/data/processed/resisc45/poisoned/RQ2.2-dissim/seed_2026/labels_0.05.pt... (in_memory=True, workers=6)
Testing torch.compile support...
Successfully compiled model using torch.compile.
Epoch 001 | Seed 2026 | Rate 0.05 | Train Loss: 2.7440 | Val Loss: 2.2235 | Acc (clean): 0.2473 | Acc (poison): 0.2464 | Val Acc: 0.3593 | Time: 00:00:10
Epoch 002 | Seed 2026 | Rate 0.05 | Train Loss: 1.8727 | Val Loss: 3.6711 | Acc (clean): 0.4557 | Acc (poison): 0.4542 | Val Acc: 0.2015 | Time: 00:00:09
Epoch 003 | Seed 2026 | Rate 0.05 | Train Loss: 1.5542 | Val Loss: 1.5787 | Acc (clean): 0.5397 | Acc (poison): 0.5384 | Val Acc: 0.5233 | Time: 00:00:09
Epoch 004 | Seed 2026 | Rate 0.05 | Train Loss: 1.3141 | Val Loss: 1.4275 | Acc (clean): 0.6042 | Acc (poison): 0.6028 | Val Acc: 0.5633 | Time: 00:00:09
Epoch 005 | Seed 2026 | Rate 0.05 | Train Loss: 1.1123 | Val Loss: 1.4350 | Acc (clean): 0.6615 | Acc (poison): 0.6598 | Val Acc: 0.5789 | Time: 00:00:09
Epoch 006 | Seed 2026 | Rate 0.05 | Train Loss: 0.9519 | Val Loss: 1.1355 | Acc (clean): 0.7129 | Acc (poison): 0.7112 | Val Acc: 0.6600 | Time: 00:00:09
Epoch 007 | Seed 2026 | Rate 0.05 | Train Loss: 0.8550 | Val Loss: 0.9877 | Acc (clean): 0.7355 | Acc (poison): 0.7336 | Val Acc: 0.7026 | Time: 00:00:09
Epoch 008 | Seed 2026 | Rate 0.05 | Train Loss: 0.7759 | Val Loss: 1.0568 | Acc (clean): 0.7606 | Acc (poison): 0.7588 | Val Acc: 0.6774 | Time: 00:00:09
Epoch 009 | Seed 2026 | Rate 0.05 | Train Loss: 0.7296 | Val Loss: 1.2675 | Acc (clean): 0.7754 | Acc (poison): 0.7734 | Val Acc: 0.6211 | Time: 00:00:09
Epoch 010 | Seed 2026 | Rate 0.05 | Train Loss: 0.6951 | Val Loss: 0.9573 | Acc (clean): 0.7849 | Acc (poison): 0.7829 | Val Acc: 0.7067 | Time: 00:00:09
Epoch 011 | Seed 2026 | Rate 0.05 | Train Loss: 0.6607 | Val Loss: 0.9478 | Acc (clean): 0.7942 | Acc (poison): 0.7922 | Val Acc: 0.7163 | Time: 00:00:09
Epoch 012 | Seed 2026 | Rate 0.05 | Train Loss: 0.6374 | Val Loss: 0.9003 | Acc (clean): 0.8035 | Acc (poison): 0.8016 | Val Acc: 0.7244 | Time: 00:00:09
Epoch 013 | Seed 2026 | Rate 0.05 | Train Loss: 0.6218 | Val Loss: 1.5348 | Acc (clean): 0.8089 | Acc (poison): 0.8070 | Val Acc: 0.5715 | Time: 00:00:09
Epoch 014 | Seed 2026 | Rate 0.05 | Train Loss: 0.6045 | Val Loss: 0.8064 | Acc (clean): 0.8118 | Acc (poison): 0.8098 | Val Acc: 0.7544 | Time: 00:00:09
Epoch 015 | Seed 2026 | Rate 0.05 | Train Loss: 0.5849 | Val Loss: 0.9648 | Acc (clean): 0.8190 | Acc (poison): 0.8170 | Val Acc: 0.7041 | Time: 00:00:09
Epoch 016 | Seed 2026 | Rate 0.05 | Train Loss: 0.5681 | Val Loss: 0.9850 | Acc (clean): 0.8232 | Acc (poison): 0.8212 | Val Acc: 0.7074 | Time: 00:00:09
Epoch 017 | Seed 2026 | Rate 0.05 | Train Loss: 0.5663 | Val Loss: 0.8048 | Acc (clean): 0.8231 | Acc (poison): 0.8212 | Val Acc: 0.7500 | Time: 00:00:09
Epoch 018 | Seed 2026 | Rate 0.05 | Train Loss: 0.5753 | Val Loss: 0.9256 | Acc (clean): 0.8222 | Acc (poison): 0.8202 | Val Acc: 0.7300 | Time: 00:00:09
Epoch 019 | Seed 2026 | Rate 0.05 | Train Loss: 0.5568 | Val Loss: 1.0615 | Acc (clean): 0.8271 | Acc (poison): 0.8251 | Val Acc: 0.6841 | Time: 00:00:09
Epoch 020 | Seed 2026 | Rate 0.05 | Train Loss: 0.5422 | Val Loss: 0.8948 | Acc (clean): 0.8320 | Acc (poison): 0.8301 | Val Acc: 0.7300 | Time: 00:00:09
Epoch 021 | Seed 2026 | Rate 0.05 | Train Loss: 0.5515 | Val Loss: 1.4732 | Acc (clean): 0.8305 | Acc (poison): 0.8287 | Val Acc: 0.6189 | Time: 00:00:09
Epoch 022 | Seed 2026 | Rate 0.05 | Train Loss: 0.5484 | Val Loss: 0.9801 | Acc (clean): 0.8289 | Acc (poison): 0.8270 | Val Acc: 0.6970 | Time: 00:00:09
Epoch 023 | Seed 2026 | Rate 0.05 | Train Loss: 0.5395 | Val Loss: 1.4593 | Acc (clean): 0.8328 | Acc (poison): 0.8308 | Val Acc: 0.6078 | Time: 00:00:09
Epoch 024 | Seed 2026 | Rate 0.05 | Train Loss: 0.5617 | Val Loss: 1.0295 | Acc (clean): 0.8272 | Acc (poison): 0.8252 | Val Acc: 0.7011 | Time: 00:00:09
Epoch 025 | Seed 2026 | Rate 0.05 | Train Loss: 0.5285 | Val Loss: 1.0909 | Acc (clean): 0.8365 | Acc (poison): 0.8345 | Val Acc: 0.6878 | Time: 00:00:09
Epoch 026 | Seed 2026 | Rate 0.05 | Train Loss: 0.5396 | Val Loss: 1.1348 | Acc (clean): 0.8325 | Acc (poison): 0.8305 | Val Acc: 0.6722 | Time: 00:00:09
Epoch 027 | Seed 2026 | Rate 0.05 | Train Loss: 0.5480 | Val Loss: 0.9190 | Acc (clean): 0.8311 | Acc (poison): 0.8289 | Val Acc: 0.7285 | Time: 00:00:09
Epoch 028 | Seed 2026 | Rate 0.05 | Train Loss: 0.5259 | Val Loss: 1.4269 | Acc (clean): 0.8356 | Acc (poison): 0.8337 | Val Acc: 0.6193 | Time: 00:00:09
Epoch 029 | Seed 2026 | Rate 0.05 | Train Loss: 0.5338 | Val Loss: 0.9737 | Acc (clean): 0.8329 | Acc (poison): 0.8312 | Val Acc: 0.7248 | Time: 00:00:09
Epoch 030 | Seed 2026 | Rate 0.05 | Train Loss: 0.5285 | Val Loss: 1.3282 | Acc (clean): 0.8368 | Acc (poison): 0.8348 | Val Acc: 0.6311 | Time: 00:00:09
Epoch 031 | Seed 2026 | Rate 0.05 | Train Loss: 0.5301 | Val Loss: 1.0362 | Acc (clean): 0.8347 | Acc (poison): 0.8328 | Val Acc: 0.7048 | Time: 00:00:09
Epoch 032 | Seed 2026 | Rate 0.05 | Train Loss: 0.5223 | Val Loss: 1.2612 | Acc (clean): 0.8359 | Acc (poison): 0.8338 | Val Acc: 0.6400 | Time: 00:00:09
Epoch 033 | Seed 2026 | Rate 0.05 | Train Loss: 0.5264 | Val Loss: 1.1068 | Acc (clean): 0.8363 | Acc (poison): 0.8344 | Val Acc: 0.6859 | Time: 00:00:09
Epoch 034 | Seed 2026 | Rate 0.05 | Train Loss: 0.5373 | Val Loss: 1.3613 | Acc (clean): 0.8347 | Acc (poison): 0.8327 | Val Acc: 0.6570 | Time: 00:00:09
Epoch 035 | Seed 2026 | Rate 0.05 | Train Loss: 0.5197 | Val Loss: 0.9699 | Acc (clean): 0.8401 | Acc (poison): 0.8381 | Val Acc: 0.7130 | Time: 00:00:09
Epoch 036 | Seed 2026 | Rate 0.05 | Train Loss: 0.5238 | Val Loss: 0.9182 | Acc (clean): 0.8367 | Acc (poison): 0.8347 | Val Acc: 0.7211 | Time: 00:00:09
Epoch 037 | Seed 2026 | Rate 0.05 | Train Loss: 0.5212 | Val Loss: 0.9265 | Acc (clean): 0.8368 | Acc (poison): 0.8349 | Val Acc: 0.7311 | Time: 00:00:09
Epoch 038 | Seed 2026 | Rate 0.05 | Train Loss: 0.5054 | Val Loss: 1.1563 | Acc (clean): 0.8439 | Acc (poison): 0.8418 | Val Acc: 0.6756 | Time: 00:00:09
Epoch 039 | Seed 2026 | Rate 0.05 | Train Loss: 0.5084 | Val Loss: 1.5613 | Acc (clean): 0.8430 | Acc (poison): 0.8411 | Val Acc: 0.5733 | Time: 00:00:09
Epoch 040 | Seed 2026 | Rate 0.05 | Train Loss: 0.5243 | Val Loss: 0.8176 | Acc (clean): 0.8367 | Acc (poison): 0.8348 | Val Acc: 0.7537 | Time: 00:00:09
Epoch 041 | Seed 2026 | Rate 0.05 | Train Loss: 0.5275 | Val Loss: 1.0130 | Acc (clean): 0.8325 | Acc (poison): 0.8306 | Val Acc: 0.7011 | Time: 00:00:09
Epoch 042 | Seed 2026 | Rate 0.05 | Train Loss: 0.5198 | Val Loss: 0.8976 | Acc (clean): 0.8378 | Acc (poison): 0.8359 | Val Acc: 0.7241 | Time: 00:00:09
Epoch 043 | Seed 2026 | Rate 0.05 | Train Loss: 0.5106 | Val Loss: 0.8201 | Acc (clean): 0.8428 | Acc (poison): 0.8408 | Val Acc: 0.7530 | Time: 00:00:09
Epoch 044 | Seed 2026 | Rate 0.05 | Train Loss: 0.5024 | Val Loss: 0.8288 | Acc (clean): 0.8422 | Acc (poison): 0.8401 | Val Acc: 0.7396 | Time: 00:00:09
Epoch 045 | Seed 2026 | Rate 0.05 | Train Loss: 0.5169 | Val Loss: 1.4168 | Acc (clean): 0.8400 | Acc (poison): 0.8381 | Val Acc: 0.6141 | Time: 00:00:09
Epoch 046 | Seed 2026 | Rate 0.05 | Train Loss: 0.5127 | Val Loss: 1.5175 | Acc (clean): 0.8414 | Acc (poison): 0.8395 | Val Acc: 0.6063 | Time: 00:00:09
Epoch 047 | Seed 2026 | Rate 0.05 | Train Loss: 0.5062 | Val Loss: 1.0774 | Acc (clean): 0.8424 | Acc (poison): 0.8405 | Val Acc: 0.6878 | Time: 00:00:09
Epoch 048 | Seed 2026 | Rate 0.05 | Train Loss: 0.5153 | Val Loss: 0.7343 | Acc (clean): 0.8389 | Acc (poison): 0.8370 | Val Acc: 0.7737 | Time: 00:00:09
Epoch 049 | Seed 2026 | Rate 0.05 | Train Loss: 0.4912 | Val Loss: 0.8093 | Acc (clean): 0.8498 | Acc (poison): 0.8477 | Val Acc: 0.7496 | Time: 00:00:09
Epoch 050 | Seed 2026 | Rate 0.05 | Train Loss: 0.5019 | Val Loss: 0.8913 | Acc (clean): 0.8434 | Acc (poison): 0.8413 | Val Acc: 0.7407 | Time: 00:00:09
Epoch 051 | Seed 2026 | Rate 0.05 | Train Loss: 0.2957 | Val Loss: 0.3263 | Acc (clean): 0.9107 | Acc (poison): 0.9086 | Val Acc: 0.8956 | Time: 00:00:09
Epoch 052 | Seed 2026 | Rate 0.05 | Train Loss: 0.2331 | Val Loss: 0.3051 | Acc (clean): 0.9299 | Acc (poison): 0.9277 | Val Acc: 0.9019 | Time: 00:00:09
Epoch 053 | Seed 2026 | Rate 0.05 | Train Loss: 0.2103 | Val Loss: 0.2956 | Acc (clean): 0.9383 | Acc (poison): 0.9361 | Val Acc: 0.9015 | Time: 00:00:09
Epoch 054 | Seed 2026 | Rate 0.05 | Train Loss: 0.1914 | Val Loss: 0.2734 | Acc (clean): 0.9443 | Acc (poison): 0.9422 | Val Acc: 0.9167 | Time: 00:00:09
Epoch 055 | Seed 2026 | Rate 0.05 | Train Loss: 0.1825 | Val Loss: 0.2760 | Acc (clean): 0.9473 | Acc (poison): 0.9452 | Val Acc: 0.9115 | Time: 00:00:09
Epoch 056 | Seed 2026 | Rate 0.05 | Train Loss: 0.1732 | Val Loss: 0.2741 | Acc (clean): 0.9500 | Acc (poison): 0.9479 | Val Acc: 0.9122 | Time: 00:00:09
Epoch 057 | Seed 2026 | Rate 0.05 | Train Loss: 0.1639 | Val Loss: 0.2713 | Acc (clean): 0.9522 | Acc (poison): 0.9500 | Val Acc: 0.9152 | Time: 00:00:09
Epoch 058 | Seed 2026 | Rate 0.05 | Train Loss: 0.1549 | Val Loss: 0.2709 | Acc (clean): 0.9560 | Acc (poison): 0.9539 | Val Acc: 0.9104 | Time: 00:00:09
Epoch 059 | Seed 2026 | Rate 0.05 | Train Loss: 0.1495 | Val Loss: 0.2561 | Acc (clean): 0.9577 | Acc (poison): 0.9556 | Val Acc: 0.9222 | Time: 00:00:09
Epoch 060 | Seed 2026 | Rate 0.05 | Train Loss: 0.1422 | Val Loss: 0.2758 | Acc (clean): 0.9605 | Acc (poison): 0.9584 | Val Acc: 0.9115 | Time: 00:00:09
Epoch 061 | Seed 2026 | Rate 0.05 | Train Loss: 0.1387 | Val Loss: 0.2831 | Acc (clean): 0.9603 | Acc (poison): 0.9583 | Val Acc: 0.9093 | Time: 00:00:09
Epoch 062 | Seed 2026 | Rate 0.05 | Train Loss: 0.1329 | Val Loss: 0.2577 | Acc (clean): 0.9630 | Acc (poison): 0.9608 | Val Acc: 0.9185 | Time: 00:00:09
Epoch 063 | Seed 2026 | Rate 0.05 | Train Loss: 0.1274 | Val Loss: 0.2653 | Acc (clean): 0.9642 | Acc (poison): 0.9621 | Val Acc: 0.9167 | Time: 00:00:09
Epoch 064 | Seed 2026 | Rate 0.05 | Train Loss: 0.1228 | Val Loss: 0.2694 | Acc (clean): 0.9668 | Acc (poison): 0.9647 | Val Acc: 0.9159 | Time: 00:00:09
Epoch 065 | Seed 2026 | Rate 0.05 | Train Loss: 0.1184 | Val Loss: 0.2623 | Acc (clean): 0.9677 | Acc (poison): 0.9655 | Val Acc: 0.9178 | Time: 00:00:09
Epoch 066 | Seed 2026 | Rate 0.05 | Train Loss: 0.1176 | Val Loss: 0.2725 | Acc (clean): 0.9665 | Acc (poison): 0.9644 | Val Acc: 0.9163 | Time: 00:00:09
Epoch 067 | Seed 2026 | Rate 0.05 | Train Loss: 0.1128 | Val Loss: 0.2608 | Acc (clean): 0.9702 | Acc (poison): 0.9681 | Val Acc: 0.9167 | Time: 00:00:09
Epoch 068 | Seed 2026 | Rate 0.05 | Train Loss: 0.1081 | Val Loss: 0.2588 | Acc (clean): 0.9712 | Acc (poison): 0.9691 | Val Acc: 0.9170 | Time: 00:00:09
Epoch 069 | Seed 2026 | Rate 0.05 | Train Loss: 0.1063 | Val Loss: 0.2544 | Acc (clean): 0.9719 | Acc (poison): 0.9698 | Val Acc: 0.9204 | Time: 00:00:09
Epoch 070 | Seed 2026 | Rate 0.05 | Train Loss: 0.1035 | Val Loss: 0.2750 | Acc (clean): 0.9723 | Acc (poison): 0.9703 | Val Acc: 0.9144 | Time: 00:00:09
Epoch 071 | Seed 2026 | Rate 0.05 | Train Loss: 0.1001 | Val Loss: 0.2604 | Acc (clean): 0.9743 | Acc (poison): 0.9722 | Val Acc: 0.9193 | Time: 00:00:09
Epoch 072 | Seed 2026 | Rate 0.05 | Train Loss: 0.0993 | Val Loss: 0.2735 | Acc (clean): 0.9744 | Acc (poison): 0.9723 | Val Acc: 0.9211 | Time: 00:00:09
Epoch 073 | Seed 2026 | Rate 0.05 | Train Loss: 0.0933 | Val Loss: 0.2672 | Acc (clean): 0.9781 | Acc (poison): 0.9760 | Val Acc: 0.9215 | Time: 00:00:09
Epoch 074 | Seed 2026 | Rate 0.05 | Train Loss: 0.0911 | Val Loss: 0.2783 | Acc (clean): 0.9773 | Acc (poison): 0.9751 | Val Acc: 0.9130 | Time: 00:00:09
Epoch 075 | Seed 2026 | Rate 0.05 | Train Loss: 0.0958 | Val Loss: 0.2771 | Acc (clean): 0.9755 | Acc (poison): 0.9735 | Val Acc: 0.9107 | Time: 00:00:09
Epoch 076 | Seed 2026 | Rate 0.05 | Train Loss: 0.0761 | Val Loss: 0.2329 | Acc (clean): 0.9821 | Acc (poison): 0.9803 | Val Acc: 0.9256 | Time: 00:00:09
Epoch 077 | Seed 2026 | Rate 0.05 | Train Loss: 0.0684 | Val Loss: 0.2324 | Acc (clean): 0.9859 | Acc (poison): 0.9841 | Val Acc: 0.9285 | Time: 00:00:09
Epoch 078 | Seed 2026 | Rate 0.05 | Train Loss: 0.0624 | Val Loss: 0.2346 | Acc (clean): 0.9878 | Acc (poison): 0.9860 | Val Acc: 0.9259 | Time: 00:00:09
Epoch 079 | Seed 2026 | Rate 0.05 | Train Loss: 0.0625 | Val Loss: 0.2368 | Acc (clean): 0.9875 | Acc (poison): 0.9856 | Val Acc: 0.9296 | Time: 00:00:09
Epoch 080 | Seed 2026 | Rate 0.05 | Train Loss: 0.0601 | Val Loss: 0.2346 | Acc (clean): 0.9886 | Acc (poison): 0.9868 | Val Acc: 0.9263 | Time: 00:00:09
Epoch 081 | Seed 2026 | Rate 0.05 | Train Loss: 0.0595 | Val Loss: 0.2399 | Acc (clean): 0.9888 | Acc (poison): 0.9871 | Val Acc: 0.9248 | Time: 00:00:09
Epoch 082 | Seed 2026 | Rate 0.05 | Train Loss: 0.0605 | Val Loss: 0.2377 | Acc (clean): 0.9888 | Acc (poison): 0.9870 | Val Acc: 0.9263 | Time: 00:00:09
Epoch 083 | Seed 2026 | Rate 0.05 | Train Loss: 0.0583 | Val Loss: 0.2313 | Acc (clean): 0.9891 | Acc (poison): 0.9869 | Val Acc: 0.9315 | Time: 00:00:09
Epoch 084 | Seed 2026 | Rate 0.05 | Train Loss: 0.0581 | Val Loss: 0.2314 | Acc (clean): 0.9893 | Acc (poison): 0.9874 | Val Acc: 0.9304 | Time: 00:00:09
Epoch 085 | Seed 2026 | Rate 0.05 | Train Loss: 0.0575 | Val Loss: 0.2367 | Acc (clean): 0.9895 | Acc (poison): 0.9875 | Val Acc: 0.9274 | Time: 00:00:09
Epoch 086 | Seed 2026 | Rate 0.05 | Train Loss: 0.0570 | Val Loss: 0.2368 | Acc (clean): 0.9901 | Acc (poison): 0.9879 | Val Acc: 0.9281 | Time: 00:00:09
Epoch 087 | Seed 2026 | Rate 0.05 | Train Loss: 0.0552 | Val Loss: 0.2389 | Acc (clean): 0.9901 | Acc (poison): 0.9881 | Val Acc: 0.9281 | Time: 00:00:09
Epoch 088 | Seed 2026 | Rate 0.05 | Train Loss: 0.0547 | Val Loss: 0.2414 | Acc (clean): 0.9905 | Acc (poison): 0.9886 | Val Acc: 0.9259 | Time: 00:00:09
Epoch 089 | Seed 2026 | Rate 0.05 | Train Loss: 0.0566 | Val Loss: 0.2359 | Acc (clean): 0.9896 | Acc (poison): 0.9877 | Val Acc: 0.9237 | Time: 00:00:09
Epoch 090 | Seed 2026 | Rate 0.05 | Train Loss: 0.0544 | Val Loss: 0.2327 | Acc (clean): 0.9902 | Acc (poison): 0.9883 | Val Acc: 0.9278 | Time: 00:00:09
Epoch 091 | Seed 2026 | Rate 0.05 | Train Loss: 0.0552 | Val Loss: 0.2440 | Acc (clean): 0.9898 | Acc (poison): 0.9879 | Val Acc: 0.9248 | Time: 00:00:09
Epoch 092 | Seed 2026 | Rate 0.05 | Train Loss: 0.0544 | Val Loss: 0.2329 | Acc (clean): 0.9905 | Acc (poison): 0.9886 | Val Acc: 0.9289 | Time: 00:00:09
Epoch 093 | Seed 2026 | Rate 0.05 | Train Loss: 0.0549 | Val Loss: 0.2363 | Acc (clean): 0.9897 | Acc (poison): 0.9877 | Val Acc: 0.9244 | Time: 00:00:09
Epoch 094 | Seed 2026 | Rate 0.05 | Train Loss: 0.0537 | Val Loss: 0.2369 | Acc (clean): 0.9904 | Acc (poison): 0.9886 | Val Acc: 0.9270 | Time: 00:00:10
Epoch 095 | Seed 2026 | Rate 0.05 | Train Loss: 0.0534 | Val Loss: 0.2382 | Acc (clean): 0.9900 | Acc (poison): 0.9883 | Val Acc: 0.9274 | Time: 00:00:09
Epoch 096 | Seed 2026 | Rate 0.05 | Train Loss: 0.0528 | Val Loss: 0.2412 | Acc (clean): 0.9911 | Acc (poison): 0.9893 | Val Acc: 0.9256 | Time: 00:00:09
Epoch 097 | Seed 2026 | Rate 0.05 | Train Loss: 0.0520 | Val Loss: 0.2405 | Acc (clean): 0.9918 | Acc (poison): 0.9900 | Val Acc: 0.9270 | Time: 00:00:09
Epoch 098 | Seed 2026 | Rate 0.05 | Train Loss: 0.0520 | Val Loss: 0.2410 | Acc (clean): 0.9913 | Acc (poison): 0.9893 | Val Acc: 0.9278 | Time: 00:00:09
Epoch 099 | Seed 2026 | Rate 0.05 | Train Loss: 0.0506 | Val Loss: 0.2388 | Acc (clean): 0.9912 | Acc (poison): 0.9895 | Val Acc: 0.9289 | Time: 00:00:09
Epoch 100 | Seed 2026 | Rate 0.05 | Train Loss: 0.0502 | Val Loss: 0.2374 | Acc (clean): 0.9915 | Acc (poison): 0.9899 | Val Acc: 0.9304 | Time: 00:00:09
Loading train data from /home/yazanme/BachelorThesis/BachelorThesis/data/processed/resisc45/train.h5 with mapping /home/yazanme/BachelorThesis/BachelorThesis/data/processed/resisc45/poisoned/RQ2.2-dissim/seed_2026/labels_0.10.pt... (in_memory=True, workers=6)
Testing torch.compile support...
Successfully compiled model using torch.compile.
Epoch 001 | Seed 2026 | Rate 0.10 | Train Loss: 2.8178 | Val Loss: 2.8386 | Acc (clean): 0.2388 | Acc (poison): 0.2370 | Val Acc: 0.2430 | Time: 00:00:11
Epoch 002 | Seed 2026 | Rate 0.10 | Train Loss: 1.9021 | Val Loss: 2.0493 | Acc (clean): 0.4450 | Acc (poison): 0.4429 | Val Acc: 0.4041 | Time: 00:00:09
Epoch 003 | Seed 2026 | Rate 0.10 | Train Loss: 1.5650 | Val Loss: 1.8469 | Acc (clean): 0.5375 | Acc (poison): 0.5351 | Val Acc: 0.4711 | Time: 00:00:09
Epoch 004 | Seed 2026 | Rate 0.10 | Train Loss: 1.3322 | Val Loss: 1.5873 | Acc (clean): 0.6042 | Acc (poison): 0.6014 | Val Acc: 0.5352 | Time: 00:00:09
Epoch 005 | Seed 2026 | Rate 0.10 | Train Loss: 1.1648 | Val Loss: 1.9810 | Acc (clean): 0.6519 | Acc (poison): 0.6489 | Val Acc: 0.4526 | Time: 00:00:09
Epoch 006 | Seed 2026 | Rate 0.10 | Train Loss: 1.0375 | Val Loss: 1.2609 | Acc (clean): 0.6819 | Acc (poison): 0.6788 | Val Acc: 0.6141 | Time: 00:00:09
Epoch 007 | Seed 2026 | Rate 0.10 | Train Loss: 0.9137 | Val Loss: 1.0953 | Acc (clean): 0.7210 | Acc (poison): 0.7177 | Val Acc: 0.6656 | Time: 00:00:09
Epoch 008 | Seed 2026 | Rate 0.10 | Train Loss: 0.8254 | Val Loss: 1.4025 | Acc (clean): 0.7458 | Acc (poison): 0.7424 | Val Acc: 0.6263 | Time: 00:00:09
Epoch 009 | Seed 2026 | Rate 0.10 | Train Loss: 0.7659 | Val Loss: 0.9986 | Acc (clean): 0.7668 | Acc (poison): 0.7634 | Val Acc: 0.7033 | Time: 00:00:09
Epoch 010 | Seed 2026 | Rate 0.10 | Train Loss: 0.7164 | Val Loss: 0.9578 | Acc (clean): 0.7802 | Acc (poison): 0.7768 | Val Acc: 0.7033 | Time: 00:00:09
Epoch 011 | Seed 2026 | Rate 0.10 | Train Loss: 0.6838 | Val Loss: 1.0118 | Acc (clean): 0.7898 | Acc (poison): 0.7863 | Val Acc: 0.6859 | Time: 00:00:09
Epoch 012 | Seed 2026 | Rate 0.10 | Train Loss: 0.6538 | Val Loss: 1.0809 | Acc (clean): 0.7964 | Acc (poison): 0.7929 | Val Acc: 0.6770 | Time: 00:00:09
Epoch 013 | Seed 2026 | Rate 0.10 | Train Loss: 0.6315 | Val Loss: 1.1420 | Acc (clean): 0.8068 | Acc (poison): 0.8032 | Val Acc: 0.6567 | Time: 00:00:09
Epoch 014 | Seed 2026 | Rate 0.10 | Train Loss: 0.6187 | Val Loss: 0.9899 | Acc (clean): 0.8081 | Acc (poison): 0.8045 | Val Acc: 0.7070 | Time: 00:00:09
Epoch 015 | Seed 2026 | Rate 0.10 | Train Loss: 0.5974 | Val Loss: 1.6443 | Acc (clean): 0.8167 | Acc (poison): 0.8130 | Val Acc: 0.5670 | Time: 00:00:09
Epoch 016 | Seed 2026 | Rate 0.10 | Train Loss: 0.5849 | Val Loss: 1.0487 | Acc (clean): 0.8233 | Acc (poison): 0.8198 | Val Acc: 0.6804 | Time: 00:00:09
Epoch 017 | Seed 2026 | Rate 0.10 | Train Loss: 0.5800 | Val Loss: 0.9783 | Acc (clean): 0.8234 | Acc (poison): 0.8196 | Val Acc: 0.6974 | Time: 00:00:09
Epoch 018 | Seed 2026 | Rate 0.10 | Train Loss: 0.5921 | Val Loss: 1.1348 | Acc (clean): 0.8153 | Acc (poison): 0.8116 | Val Acc: 0.6570 | Time: 00:00:09
Epoch 019 | Seed 2026 | Rate 0.10 | Train Loss: 0.5685 | Val Loss: 1.1383 | Acc (clean): 0.8267 | Acc (poison): 0.8230 | Val Acc: 0.6693 | Time: 00:00:09
Epoch 020 | Seed 2026 | Rate 0.10 | Train Loss: 0.5670 | Val Loss: 0.9482 | Acc (clean): 0.8265 | Acc (poison): 0.8227 | Val Acc: 0.7181 | Time: 00:00:09
Epoch 021 | Seed 2026 | Rate 0.10 | Train Loss: 0.5584 | Val Loss: 0.9086 | Acc (clean): 0.8293 | Acc (poison): 0.8256 | Val Acc: 0.7374 | Time: 00:00:09
Epoch 022 | Seed 2026 | Rate 0.10 | Train Loss: 0.5698 | Val Loss: 1.2654 | Acc (clean): 0.8244 | Acc (poison): 0.8207 | Val Acc: 0.6307 | Time: 00:00:09
Epoch 023 | Seed 2026 | Rate 0.10 | Train Loss: 0.5588 | Val Loss: 1.0296 | Acc (clean): 0.8286 | Acc (poison): 0.8248 | Val Acc: 0.6978 | Time: 00:00:09
Epoch 024 | Seed 2026 | Rate 0.10 | Train Loss: 0.5599 | Val Loss: 0.8221 | Acc (clean): 0.8279 | Acc (poison): 0.8243 | Val Acc: 0.7526 | Time: 00:00:09
Epoch 025 | Seed 2026 | Rate 0.10 | Train Loss: 0.5383 | Val Loss: 1.1754 | Acc (clean): 0.8354 | Acc (poison): 0.8320 | Val Acc: 0.6533 | Time: 00:00:09
Epoch 026 | Seed 2026 | Rate 0.10 | Train Loss: 0.5452 | Val Loss: 0.7587 | Acc (clean): 0.8320 | Acc (poison): 0.8284 | Val Acc: 0.7589 | Time: 00:00:09
Epoch 027 | Seed 2026 | Rate 0.10 | Train Loss: 0.5441 | Val Loss: 1.1612 | Acc (clean): 0.8340 | Acc (poison): 0.8305 | Val Acc: 0.6641 | Time: 00:00:09
Epoch 028 | Seed 2026 | Rate 0.10 | Train Loss: 0.5432 | Val Loss: 1.1931 | Acc (clean): 0.8318 | Acc (poison): 0.8282 | Val Acc: 0.6667 | Time: 00:00:09
Epoch 029 | Seed 2026 | Rate 0.10 | Train Loss: 0.5352 | Val Loss: 0.9961 | Acc (clean): 0.8360 | Acc (poison): 0.8322 | Val Acc: 0.7041 | Time: 00:00:09
Epoch 030 | Seed 2026 | Rate 0.10 | Train Loss: 0.5391 | Val Loss: 2.0251 | Acc (clean): 0.8365 | Acc (poison): 0.8328 | Val Acc: 0.5204 | Time: 00:00:09
Epoch 031 | Seed 2026 | Rate 0.10 | Train Loss: 0.5317 | Val Loss: 1.1767 | Acc (clean): 0.8374 | Acc (poison): 0.8339 | Val Acc: 0.6630 | Time: 00:00:09
Epoch 032 | Seed 2026 | Rate 0.10 | Train Loss: 0.5207 | Val Loss: 0.8366 | Acc (clean): 0.8420 | Acc (poison): 0.8382 | Val Acc: 0.7426 | Time: 00:00:09
Epoch 033 | Seed 2026 | Rate 0.10 | Train Loss: 0.5238 | Val Loss: 1.6675 | Acc (clean): 0.8397 | Acc (poison): 0.8360 | Val Acc: 0.5759 | Time: 00:00:09
Epoch 034 | Seed 2026 | Rate 0.10 | Train Loss: 0.5246 | Val Loss: 1.2067 | Acc (clean): 0.8404 | Acc (poison): 0.8366 | Val Acc: 0.6630 | Time: 00:00:09
Epoch 035 | Seed 2026 | Rate 0.10 | Train Loss: 0.5272 | Val Loss: 0.9784 | Acc (clean): 0.8371 | Acc (poison): 0.8333 | Val Acc: 0.7119 | Time: 00:00:09
Epoch 036 | Seed 2026 | Rate 0.10 | Train Loss: 0.5286 | Val Loss: 0.9860 | Acc (clean): 0.8350 | Acc (poison): 0.8314 | Val Acc: 0.7096 | Time: 00:00:09
Epoch 037 | Seed 2026 | Rate 0.10 | Train Loss: 0.5209 | Val Loss: 1.3923 | Acc (clean): 0.8391 | Acc (poison): 0.8357 | Val Acc: 0.6233 | Time: 00:00:09
Epoch 038 | Seed 2026 | Rate 0.10 | Train Loss: 0.5270 | Val Loss: 1.1881 | Acc (clean): 0.8365 | Acc (poison): 0.8330 | Val Acc: 0.6552 | Time: 00:00:09
Epoch 039 | Seed 2026 | Rate 0.10 | Train Loss: 0.5282 | Val Loss: 2.0512 | Acc (clean): 0.8355 | Acc (poison): 0.8319 | Val Acc: 0.5378 | Time: 00:00:09
Epoch 040 | Seed 2026 | Rate 0.10 | Train Loss: 0.5326 | Val Loss: 1.1987 | Acc (clean): 0.8388 | Acc (poison): 0.8352 | Val Acc: 0.6544 | Time: 00:00:09
Epoch 041 | Seed 2026 | Rate 0.10 | Train Loss: 0.5359 | Val Loss: 1.1392 | Acc (clean): 0.8333 | Acc (poison): 0.8296 | Val Acc: 0.6778 | Time: 00:00:09
Epoch 042 | Seed 2026 | Rate 0.10 | Train Loss: 0.5388 | Val Loss: 0.8968 | Acc (clean): 0.8338 | Acc (poison): 0.8300 | Val Acc: 0.7230 | Time: 00:00:09
Epoch 043 | Seed 2026 | Rate 0.10 | Train Loss: 0.5257 | Val Loss: 0.9910 | Acc (clean): 0.8384 | Acc (poison): 0.8348 | Val Acc: 0.7089 | Time: 00:00:09
Epoch 044 | Seed 2026 | Rate 0.10 | Train Loss: 0.5290 | Val Loss: 0.8142 | Acc (clean): 0.8362 | Acc (poison): 0.8326 | Val Acc: 0.7463 | Time: 00:00:09
Epoch 045 | Seed 2026 | Rate 0.10 | Train Loss: 0.5262 | Val Loss: 0.9484 | Acc (clean): 0.8369 | Acc (poison): 0.8332 | Val Acc: 0.7274 | Time: 00:00:09
Epoch 046 | Seed 2026 | Rate 0.10 | Train Loss: 0.5189 | Val Loss: 0.9569 | Acc (clean): 0.8412 | Acc (poison): 0.8374 | Val Acc: 0.7370 | Time: 00:00:09
Epoch 047 | Seed 2026 | Rate 0.10 | Train Loss: 0.5140 | Val Loss: 0.9903 | Acc (clean): 0.8432 | Acc (poison): 0.8396 | Val Acc: 0.7185 | Time: 00:00:09
Epoch 048 | Seed 2026 | Rate 0.10 | Train Loss: 0.5285 | Val Loss: 0.7402 | Acc (clean): 0.8386 | Acc (poison): 0.8351 | Val Acc: 0.7737 | Time: 00:00:09
Epoch 049 | Seed 2026 | Rate 0.10 | Train Loss: 0.5039 | Val Loss: 1.2182 | Acc (clean): 0.8449 | Acc (poison): 0.8414 | Val Acc: 0.6585 | Time: 00:00:09
Epoch 050 | Seed 2026 | Rate 0.10 | Train Loss: 0.5221 | Val Loss: 1.3682 | Acc (clean): 0.8404 | Acc (poison): 0.8367 | Val Acc: 0.6341 | Time: 00:00:09
Epoch 051 | Seed 2026 | Rate 0.10 | Train Loss: 0.3125 | Val Loss: 0.3251 | Acc (clean): 0.9070 | Acc (poison): 0.9031 | Val Acc: 0.8926 | Time: 00:00:09
Epoch 052 | Seed 2026 | Rate 0.10 | Train Loss: 0.2459 | Val Loss: 0.3156 | Acc (clean): 0.9272 | Acc (poison): 0.9230 | Val Acc: 0.8996 | Time: 00:00:09
Epoch 053 | Seed 2026 | Rate 0.10 | Train Loss: 0.2230 | Val Loss: 0.2948 | Acc (clean): 0.9335 | Acc (poison): 0.9294 | Val Acc: 0.9056 | Time: 00:00:09
Epoch 054 | Seed 2026 | Rate 0.10 | Train Loss: 0.2018 | Val Loss: 0.2843 | Acc (clean): 0.9431 | Acc (poison): 0.9389 | Val Acc: 0.9111 | Time: 00:00:09
Epoch 055 | Seed 2026 | Rate 0.10 | Train Loss: 0.1911 | Val Loss: 0.2884 | Acc (clean): 0.9463 | Acc (poison): 0.9423 | Val Acc: 0.9111 | Time: 00:00:09
Epoch 056 | Seed 2026 | Rate 0.10 | Train Loss: 0.1839 | Val Loss: 0.2785 | Acc (clean): 0.9479 | Acc (poison): 0.9437 | Val Acc: 0.9085 | Time: 00:00:09
Epoch 057 | Seed 2026 | Rate 0.10 | Train Loss: 0.1749 | Val Loss: 0.2817 | Acc (clean): 0.9520 | Acc (poison): 0.9480 | Val Acc: 0.9085 | Time: 00:00:09
Epoch 058 | Seed 2026 | Rate 0.10 | Train Loss: 0.1651 | Val Loss: 0.2785 | Acc (clean): 0.9530 | Acc (poison): 0.9488 | Val Acc: 0.9067 | Time: 00:00:09
Epoch 059 | Seed 2026 | Rate 0.10 | Train Loss: 0.1602 | Val Loss: 0.2752 | Acc (clean): 0.9567 | Acc (poison): 0.9526 | Val Acc: 0.9107 | Time: 00:00:10
Epoch 060 | Seed 2026 | Rate 0.10 | Train Loss: 0.1516 | Val Loss: 0.2885 | Acc (clean): 0.9584 | Acc (poison): 0.9542 | Val Acc: 0.9048 | Time: 00:00:09
Epoch 061 | Seed 2026 | Rate 0.10 | Train Loss: 0.1474 | Val Loss: 0.2784 | Acc (clean): 0.9591 | Acc (poison): 0.9548 | Val Acc: 0.9119 | Time: 00:00:09
Epoch 062 | Seed 2026 | Rate 0.10 | Train Loss: 0.1395 | Val Loss: 0.2597 | Acc (clean): 0.9626 | Acc (poison): 0.9583 | Val Acc: 0.9185 | Time: 00:00:09
Epoch 063 | Seed 2026 | Rate 0.10 | Train Loss: 0.1351 | Val Loss: 0.2762 | Acc (clean): 0.9639 | Acc (poison): 0.9599 | Val Acc: 0.9104 | Time: 00:00:09
Epoch 064 | Seed 2026 | Rate 0.10 | Train Loss: 0.1327 | Val Loss: 0.2754 | Acc (clean): 0.9652 | Acc (poison): 0.9610 | Val Acc: 0.9144 | Time: 00:00:09
Epoch 065 | Seed 2026 | Rate 0.10 | Train Loss: 0.1287 | Val Loss: 0.2854 | Acc (clean): 0.9654 | Acc (poison): 0.9612 | Val Acc: 0.9081 | Time: 00:00:09
Epoch 066 | Seed 2026 | Rate 0.10 | Train Loss: 0.1243 | Val Loss: 0.2749 | Acc (clean): 0.9683 | Acc (poison): 0.9643 | Val Acc: 0.9111 | Time: 00:00:09
Epoch 067 | Seed 2026 | Rate 0.10 | Train Loss: 0.1233 | Val Loss: 0.2780 | Acc (clean): 0.9672 | Acc (poison): 0.9631 | Val Acc: 0.9111 | Time: 00:00:09
Epoch 068 | Seed 2026 | Rate 0.10 | Train Loss: 0.1208 | Val Loss: 0.2703 | Acc (clean): 0.9690 | Acc (poison): 0.9649 | Val Acc: 0.9137 | Time: 00:00:09
Epoch 069 | Seed 2026 | Rate 0.10 | Train Loss: 0.1163 | Val Loss: 0.2668 | Acc (clean): 0.9707 | Acc (poison): 0.9666 | Val Acc: 0.9144 | Time: 00:00:09
Epoch 070 | Seed 2026 | Rate 0.10 | Train Loss: 0.1141 | Val Loss: 0.2792 | Acc (clean): 0.9700 | Acc (poison): 0.9658 | Val Acc: 0.9104 | Time: 00:00:09
Epoch 071 | Seed 2026 | Rate 0.10 | Train Loss: 0.1076 | Val Loss: 0.2711 | Acc (clean): 0.9731 | Acc (poison): 0.9691 | Val Acc: 0.9152 | Time: 00:00:09
Epoch 072 | Seed 2026 | Rate 0.10 | Train Loss: 0.1036 | Val Loss: 0.2771 | Acc (clean): 0.9755 | Acc (poison): 0.9715 | Val Acc: 0.9093 | Time: 00:00:09
Epoch 073 | Seed 2026 | Rate 0.10 | Train Loss: 0.1045 | Val Loss: 0.2568 | Acc (clean): 0.9737 | Acc (poison): 0.9697 | Val Acc: 0.9219 | Time: 00:00:09
Epoch 074 | Seed 2026 | Rate 0.10 | Train Loss: 0.1010 | Val Loss: 0.2846 | Acc (clean): 0.9762 | Acc (poison): 0.9721 | Val Acc: 0.9070 | Time: 00:00:09
Epoch 075 | Seed 2026 | Rate 0.10 | Train Loss: 0.1021 | Val Loss: 0.2730 | Acc (clean): 0.9759 | Acc (poison): 0.9718 | Val Acc: 0.9100 | Time: 00:00:09
Epoch 076 | Seed 2026 | Rate 0.10 | Train Loss: 0.0839 | Val Loss: 0.2413 | Acc (clean): 0.9814 | Acc (poison): 0.9772 | Val Acc: 0.9222 | Time: 00:00:10
Epoch 077 | Seed 2026 | Rate 0.10 | Train Loss: 0.0749 | Val Loss: 0.2391 | Acc (clean): 0.9858 | Acc (poison): 0.9818 | Val Acc: 0.9252 | Time: 00:00:09
Epoch 078 | Seed 2026 | Rate 0.10 | Train Loss: 0.0728 | Val Loss: 0.2403 | Acc (clean): 0.9858 | Acc (poison): 0.9819 | Val Acc: 0.9222 | Time: 00:00:09
Epoch 079 | Seed 2026 | Rate 0.10 | Train Loss: 0.0704 | Val Loss: 0.2433 | Acc (clean): 0.9869 | Acc (poison): 0.9828 | Val Acc: 0.9248 | Time: 00:00:09
Epoch 080 | Seed 2026 | Rate 0.10 | Train Loss: 0.0686 | Val Loss: 0.2464 | Acc (clean): 0.9876 | Acc (poison): 0.9834 | Val Acc: 0.9233 | Time: 00:00:09
Epoch 081 | Seed 2026 | Rate 0.10 | Train Loss: 0.0662 | Val Loss: 0.2468 | Acc (clean): 0.9880 | Acc (poison): 0.9840 | Val Acc: 0.9222 | Time: 00:00:09
Epoch 082 | Seed 2026 | Rate 0.10 | Train Loss: 0.0679 | Val Loss: 0.2424 | Acc (clean): 0.9880 | Acc (poison): 0.9838 | Val Acc: 0.9267 | Time: 00:00:09
Epoch 083 | Seed 2026 | Rate 0.10 | Train Loss: 0.0681 | Val Loss: 0.2382 | Acc (clean): 0.9873 | Acc (poison): 0.9833 | Val Acc: 0.9256 | Time: 00:00:09
Epoch 084 | Seed 2026 | Rate 0.10 | Train Loss: 0.0665 | Val Loss: 0.2395 | Acc (clean): 0.9886 | Acc (poison): 0.9846 | Val Acc: 0.9244 | Time: 00:00:09
Epoch 085 | Seed 2026 | Rate 0.10 | Train Loss: 0.0649 | Val Loss: 0.2412 | Acc (clean): 0.9889 | Acc (poison): 0.9852 | Val Acc: 0.9233 | Time: 00:00:09
Epoch 086 | Seed 2026 | Rate 0.10 | Train Loss: 0.0639 | Val Loss: 0.2403 | Acc (clean): 0.9896 | Acc (poison): 0.9856 | Val Acc: 0.9241 | Time: 00:00:09
Epoch 087 | Seed 2026 | Rate 0.10 | Train Loss: 0.0634 | Val Loss: 0.2396 | Acc (clean): 0.9893 | Acc (poison): 0.9853 | Val Acc: 0.9244 | Time: 00:00:09
Epoch 088 | Seed 2026 | Rate 0.10 | Train Loss: 0.0628 | Val Loss: 0.2425 | Acc (clean): 0.9900 | Acc (poison): 0.9859 | Val Acc: 0.9207 | Time: 00:00:09
Epoch 089 | Seed 2026 | Rate 0.10 | Train Loss: 0.0640 | Val Loss: 0.2381 | Acc (clean): 0.9889 | Acc (poison): 0.9849 | Val Acc: 0.9252 | Time: 00:00:09
Epoch 090 | Seed 2026 | Rate 0.10 | Train Loss: 0.0625 | Val Loss: 0.2346 | Acc (clean): 0.9900 | Acc (poison): 0.9862 | Val Acc: 0.9270 | Time: 00:00:09
Epoch 091 | Seed 2026 | Rate 0.10 | Train Loss: 0.0626 | Val Loss: 0.2468 | Acc (clean): 0.9898 | Acc (poison): 0.9856 | Val Acc: 0.9259 | Time: 00:00:09
Epoch 092 | Seed 2026 | Rate 0.10 | Train Loss: 0.0623 | Val Loss: 0.2358 | Acc (clean): 0.9899 | Acc (poison): 0.9860 | Val Acc: 0.9244 | Time: 00:00:09
Epoch 093 | Seed 2026 | Rate 0.10 | Train Loss: 0.0628 | Val Loss: 0.2358 | Acc (clean): 0.9892 | Acc (poison): 0.9852 | Val Acc: 0.9219 | Time: 00:00:09
Epoch 094 | Seed 2026 | Rate 0.10 | Train Loss: 0.0614 | Val Loss: 0.2374 | Acc (clean): 0.9901 | Acc (poison): 0.9863 | Val Acc: 0.9263 | Time: 00:00:09
Epoch 095 | Seed 2026 | Rate 0.10 | Train Loss: 0.0602 | Val Loss: 0.2394 | Acc (clean): 0.9905 | Acc (poison): 0.9867 | Val Acc: 0.9259 | Time: 00:00:09
Epoch 096 | Seed 2026 | Rate 0.10 | Train Loss: 0.0604 | Val Loss: 0.2403 | Acc (clean): 0.9911 | Acc (poison): 0.9872 | Val Acc: 0.9226 | Time: 00:00:09
Epoch 097 | Seed 2026 | Rate 0.10 | Train Loss: 0.0598 | Val Loss: 0.2463 | Acc (clean): 0.9906 | Acc (poison): 0.9867 | Val Acc: 0.9248 | Time: 00:00:09
Epoch 098 | Seed 2026 | Rate 0.10 | Train Loss: 0.0599 | Val Loss: 0.2418 | Acc (clean): 0.9901 | Acc (poison): 0.9863 | Val Acc: 0.9230 | Time: 00:00:09
Epoch 099 | Seed 2026 | Rate 0.10 | Train Loss: 0.0589 | Val Loss: 0.2390 | Acc (clean): 0.9903 | Acc (poison): 0.9867 | Val Acc: 0.9263 | Time: 00:00:09
Epoch 100 | Seed 2026 | Rate 0.10 | Train Loss: 0.0588 | Val Loss: 0.2422 | Acc (clean): 0.9913 | Acc (poison): 0.9877 | Val Acc: 0.9233 | Time: 00:00:09
Loading train data from /home/yazanme/BachelorThesis/BachelorThesis/data/processed/resisc45/train.h5 with mapping /home/yazanme/BachelorThesis/BachelorThesis/data/processed/resisc45/poisoned/RQ2.2-dissim/seed_2026/labels_0.20.pt... (in_memory=True, workers=6)
Testing torch.compile support...
Successfully compiled model using torch.compile.
Epoch 001 | Seed 2026 | Rate 0.20 | Train Loss: 2.8067 | Val Loss: 2.4817 | Acc (clean): 0.2402 | Acc (poison): 0.2374 | Val Acc: 0.3148 | Time: 00:00:10
Epoch 002 | Seed 2026 | Rate 0.20 | Train Loss: 1.9220 | Val Loss: 2.3355 | Acc (clean): 0.4411 | Acc (poison): 0.4370 | Val Acc: 0.3570 | Time: 00:00:09
Epoch 003 | Seed 2026 | Rate 0.20 | Train Loss: 1.5774 | Val Loss: 1.8646 | Acc (clean): 0.5375 | Acc (poison): 0.5330 | Val Acc: 0.4578 | Time: 00:00:09
Epoch 004 | Seed 2026 | Rate 0.20 | Train Loss: 1.3580 | Val Loss: 1.3644 | Acc (clean): 0.6002 | Acc (poison): 0.5948 | Val Acc: 0.6004 | Time: 00:00:09
Epoch 005 | Seed 2026 | Rate 0.20 | Train Loss: 1.1830 | Val Loss: 1.4142 | Acc (clean): 0.6460 | Acc (poison): 0.6405 | Val Acc: 0.5748 | Time: 00:00:09
Epoch 006 | Seed 2026 | Rate 0.20 | Train Loss: 1.0402 | Val Loss: 1.3408 | Acc (clean): 0.6905 | Acc (poison): 0.6849 | Val Acc: 0.6033 | Time: 00:00:09
Epoch 007 | Seed 2026 | Rate 0.20 | Train Loss: 0.9360 | Val Loss: 1.0709 | Acc (clean): 0.7169 | Acc (poison): 0.7103 | Val Acc: 0.6737 | Time: 00:00:09
Epoch 008 | Seed 2026 | Rate 0.20 | Train Loss: 0.8422 | Val Loss: 0.9913 | Acc (clean): 0.7440 | Acc (poison): 0.7375 | Val Acc: 0.6907 | Time: 00:00:09
Epoch 009 | Seed 2026 | Rate 0.20 | Train Loss: 0.7773 | Val Loss: 0.9840 | Acc (clean): 0.7643 | Acc (poison): 0.7577 | Val Acc: 0.7041 | Time: 00:00:09
Epoch 010 | Seed 2026 | Rate 0.20 | Train Loss: 0.7371 | Val Loss: 1.1855 | Acc (clean): 0.7760 | Acc (poison): 0.7693 | Val Acc: 0.6515 | Time: 00:00:09
Epoch 011 | Seed 2026 | Rate 0.20 | Train Loss: 0.6826 | Val Loss: 0.9745 | Acc (clean): 0.7929 | Acc (poison): 0.7864 | Val Acc: 0.7004 | Time: 00:00:09
Epoch 012 | Seed 2026 | Rate 0.20 | Train Loss: 0.6673 | Val Loss: 1.0251 | Acc (clean): 0.7967 | Acc (poison): 0.7896 | Val Acc: 0.6944 | Time: 00:00:09
Epoch 013 | Seed 2026 | Rate 0.20 | Train Loss: 0.6359 | Val Loss: 1.2857 | Acc (clean): 0.8056 | Acc (poison): 0.7986 | Val Acc: 0.6215 | Time: 00:00:08
Epoch 014 | Seed 2026 | Rate 0.20 | Train Loss: 0.6227 | Val Loss: 0.9574 | Acc (clean): 0.8098 | Acc (poison): 0.8027 | Val Acc: 0.7222 | Time: 00:00:08
Epoch 015 | Seed 2026 | Rate 0.20 | Train Loss: 0.6012 | Val Loss: 0.9089 | Acc (clean): 0.8180 | Acc (poison): 0.8111 | Val Acc: 0.7204 | Time: 00:00:08
Epoch 016 | Seed 2026 | Rate 0.20 | Train Loss: 0.5929 | Val Loss: 0.9269 | Acc (clean): 0.8196 | Acc (poison): 0.8126 | Val Acc: 0.7226 | Time: 00:00:08
Epoch 017 | Seed 2026 | Rate 0.20 | Train Loss: 0.5952 | Val Loss: 0.7696 | Acc (clean): 0.8171 | Acc (poison): 0.8101 | Val Acc: 0.7593 | Time: 00:00:08
Epoch 018 | Seed 2026 | Rate 0.20 | Train Loss: 0.5922 | Val Loss: 0.8342 | Acc (clean): 0.8188 | Acc (poison): 0.8116 | Val Acc: 0.7548 | Time: 00:00:08
Epoch 019 | Seed 2026 | Rate 0.20 | Train Loss: 0.5721 | Val Loss: 0.8982 | Acc (clean): 0.8221 | Acc (poison): 0.8152 | Val Acc: 0.7352 | Time: 00:00:08
Epoch 020 | Seed 2026 | Rate 0.20 | Train Loss: 0.5565 | Val Loss: 1.0810 | Acc (clean): 0.8302 | Acc (poison): 0.8230 | Val Acc: 0.6885 | Time: 00:00:08
Epoch 021 | Seed 2026 | Rate 0.20 | Train Loss: 0.5742 | Val Loss: 0.8657 | Acc (clean): 0.8254 | Acc (poison): 0.8179 | Val Acc: 0.7415 | Time: 00:00:09
Epoch 022 | Seed 2026 | Rate 0.20 | Train Loss: 0.5668 | Val Loss: 1.1653 | Acc (clean): 0.8276 | Acc (poison): 0.8210 | Val Acc: 0.6663 | Time: 00:00:08
Epoch 023 | Seed 2026 | Rate 0.20 | Train Loss: 0.5566 | Val Loss: 0.7808 | Acc (clean): 0.8295 | Acc (poison): 0.8228 | Val Acc: 0.7574 | Time: 00:00:08
Epoch 024 | Seed 2026 | Rate 0.20 | Train Loss: 0.5582 | Val Loss: 1.0696 | Acc (clean): 0.8313 | Acc (poison): 0.8242 | Val Acc: 0.7044 | Time: 00:00:08
Epoch 025 | Seed 2026 | Rate 0.20 | Train Loss: 0.5627 | Val Loss: 0.9149 | Acc (clean): 0.8293 | Acc (poison): 0.8223 | Val Acc: 0.7319 | Time: 00:00:09
Epoch 026 | Seed 2026 | Rate 0.20 | Train Loss: 0.5525 | Val Loss: 0.9327 | Acc (clean): 0.8303 | Acc (poison): 0.8232 | Val Acc: 0.7230 | Time: 00:00:08
Epoch 027 | Seed 2026 | Rate 0.20 | Train Loss: 0.5607 | Val Loss: 1.0557 | Acc (clean): 0.8295 | Acc (poison): 0.8223 | Val Acc: 0.6885 | Time: 00:00:09
Epoch 028 | Seed 2026 | Rate 0.20 | Train Loss: 0.5478 | Val Loss: 0.9386 | Acc (clean): 0.8344 | Acc (poison): 0.8271 | Val Acc: 0.7311 | Time: 00:00:09
Epoch 029 | Seed 2026 | Rate 0.20 | Train Loss: 0.5440 | Val Loss: 1.4280 | Acc (clean): 0.8366 | Acc (poison): 0.8293 | Val Acc: 0.6089 | Time: 00:00:09
Epoch 030 | Seed 2026 | Rate 0.20 | Train Loss: 0.5672 | Val Loss: 0.9079 | Acc (clean): 0.8274 | Acc (poison): 0.8204 | Val Acc: 0.7311 | Time: 00:00:10
Epoch 031 | Seed 2026 | Rate 0.20 | Train Loss: 0.5467 | Val Loss: 1.9790 | Acc (clean): 0.8344 | Acc (poison): 0.8274 | Val Acc: 0.4878 | Time: 00:00:09
Epoch 032 | Seed 2026 | Rate 0.20 | Train Loss: 0.5465 | Val Loss: 0.9641 | Acc (clean): 0.8337 | Acc (poison): 0.8268 | Val Acc: 0.7167 | Time: 00:00:09
Epoch 033 | Seed 2026 | Rate 0.20 | Train Loss: 0.5499 | Val Loss: 1.1396 | Acc (clean): 0.8319 | Acc (poison): 0.8249 | Val Acc: 0.6930 | Time: 00:00:09
Epoch 034 | Seed 2026 | Rate 0.20 | Train Loss: 0.5467 | Val Loss: 0.8962 | Acc (clean): 0.8353 | Acc (poison): 0.8283 | Val Acc: 0.7270 | Time: 00:00:09
Epoch 035 | Seed 2026 | Rate 0.20 | Train Loss: 0.5386 | Val Loss: 0.9772 | Acc (clean): 0.8365 | Acc (poison): 0.8295 | Val Acc: 0.6993 | Time: 00:00:09
Epoch 036 | Seed 2026 | Rate 0.20 | Train Loss: 0.5429 | Val Loss: 0.8502 | Acc (clean): 0.8377 | Acc (poison): 0.8307 | Val Acc: 0.7493 | Time: 00:00:09
Epoch 037 | Seed 2026 | Rate 0.20 | Train Loss: 0.5389 | Val Loss: 1.0840 | Acc (clean): 0.8350 | Acc (poison): 0.8279 | Val Acc: 0.6674 | Time: 00:00:09
Epoch 038 | Seed 2026 | Rate 0.20 | Train Loss: 0.5315 | Val Loss: 1.0096 | Acc (clean): 0.8381 | Acc (poison): 0.8313 | Val Acc: 0.6989 | Time: 00:00:09
Epoch 039 | Seed 2026 | Rate 0.20 | Train Loss: 0.5450 | Val Loss: 1.0056 | Acc (clean): 0.8334 | Acc (poison): 0.8258 | Val Acc: 0.6978 | Time: 00:00:09
Epoch 040 | Seed 2026 | Rate 0.20 | Train Loss: 0.5479 | Val Loss: 1.2632 | Acc (clean): 0.8353 | Acc (poison): 0.8279 | Val Acc: 0.6422 | Time: 00:00:09
Epoch 041 | Seed 2026 | Rate 0.20 | Train Loss: 0.5365 | Val Loss: 0.9961 | Acc (clean): 0.8386 | Acc (poison): 0.8318 | Val Acc: 0.7115 | Time: 00:00:09
Epoch 042 | Seed 2026 | Rate 0.20 | Train Loss: 0.5441 | Val Loss: 0.7022 | Acc (clean): 0.8329 | Acc (poison): 0.8259 | Val Acc: 0.7863 | Time: 00:00:09
Epoch 043 | Seed 2026 | Rate 0.20 | Train Loss: 0.5372 | Val Loss: 0.8694 | Acc (clean): 0.8353 | Acc (poison): 0.8281 | Val Acc: 0.7519 | Time: 00:00:09
Epoch 044 | Seed 2026 | Rate 0.20 | Train Loss: 0.5299 | Val Loss: 1.1352 | Acc (clean): 0.8407 | Acc (poison): 0.8334 | Val Acc: 0.6793 | Time: 00:00:09
Epoch 045 | Seed 2026 | Rate 0.20 | Train Loss: 0.5331 | Val Loss: 1.2628 | Acc (clean): 0.8398 | Acc (poison): 0.8326 | Val Acc: 0.6444 | Time: 00:00:09
Epoch 046 | Seed 2026 | Rate 0.20 | Train Loss: 0.5378 | Val Loss: 1.1062 | Acc (clean): 0.8356 | Acc (poison): 0.8280 | Val Acc: 0.6919 | Time: 00:00:09
Epoch 047 | Seed 2026 | Rate 0.20 | Train Loss: 0.5292 | Val Loss: 0.9071 | Acc (clean): 0.8391 | Acc (poison): 0.8318 | Val Acc: 0.7244 | Time: 00:00:09
Epoch 048 | Seed 2026 | Rate 0.20 | Train Loss: 0.5293 | Val Loss: 0.7362 | Acc (clean): 0.8384 | Acc (poison): 0.8316 | Val Acc: 0.7807 | Time: 00:00:09
Epoch 049 | Seed 2026 | Rate 0.20 | Train Loss: 0.5246 | Val Loss: 1.3087 | Acc (clean): 0.8412 | Acc (poison): 0.8346 | Val Acc: 0.6481 | Time: 00:00:09
Epoch 050 | Seed 2026 | Rate 0.20 | Train Loss: 0.5280 | Val Loss: 1.0182 | Acc (clean): 0.8407 | Acc (poison): 0.8335 | Val Acc: 0.7019 | Time: 00:00:09
Epoch 051 | Seed 2026 | Rate 0.20 | Train Loss: 0.3183 | Val Loss: 0.3313 | Acc (clean): 0.9077 | Acc (poison): 0.8998 | Val Acc: 0.8974 | Time: 00:00:09
Epoch 052 | Seed 2026 | Rate 0.20 | Train Loss: 0.2522 | Val Loss: 0.3058 | Acc (clean): 0.9293 | Acc (poison): 0.9212 | Val Acc: 0.9048 | Time: 00:00:09
Epoch 053 | Seed 2026 | Rate 0.20 | Train Loss: 0.2305 | Val Loss: 0.2950 | Acc (clean): 0.9351 | Acc (poison): 0.9270 | Val Acc: 0.9070 | Time: 00:00:09
Epoch 054 | Seed 2026 | Rate 0.20 | Train Loss: 0.2113 | Val Loss: 0.2860 | Acc (clean): 0.9412 | Acc (poison): 0.9331 | Val Acc: 0.9115 | Time: 00:00:09
Epoch 055 | Seed 2026 | Rate 0.20 | Train Loss: 0.2000 | Val Loss: 0.2904 | Acc (clean): 0.9449 | Acc (poison): 0.9369 | Val Acc: 0.9093 | Time: 00:00:09
Epoch 056 | Seed 2026 | Rate 0.20 | Train Loss: 0.1878 | Val Loss: 0.2843 | Acc (clean): 0.9494 | Acc (poison): 0.9414 | Val Acc: 0.9111 | Time: 00:00:09
Epoch 057 | Seed 2026 | Rate 0.20 | Train Loss: 0.1836 | Val Loss: 0.2740 | Acc (clean): 0.9498 | Acc (poison): 0.9416 | Val Acc: 0.9133 | Time: 00:00:09
Epoch 058 | Seed 2026 | Rate 0.20 | Train Loss: 0.1734 | Val Loss: 0.2708 | Acc (clean): 0.9537 | Acc (poison): 0.9457 | Val Acc: 0.9181 | Time: 00:00:09
Epoch 059 | Seed 2026 | Rate 0.20 | Train Loss: 0.1681 | Val Loss: 0.2686 | Acc (clean): 0.9562 | Acc (poison): 0.9480 | Val Acc: 0.9148 | Time: 00:00:10
Epoch 060 | Seed 2026 | Rate 0.20 | Train Loss: 0.1590 | Val Loss: 0.2973 | Acc (clean): 0.9593 | Acc (poison): 0.9510 | Val Acc: 0.9081 | Time: 00:00:09
Epoch 061 | Seed 2026 | Rate 0.20 | Train Loss: 0.1540 | Val Loss: 0.2869 | Acc (clean): 0.9609 | Acc (poison): 0.9526 | Val Acc: 0.9126 | Time: 00:00:09
Epoch 062 | Seed 2026 | Rate 0.20 | Train Loss: 0.1472 | Val Loss: 0.2687 | Acc (clean): 0.9630 | Acc (poison): 0.9551 | Val Acc: 0.9178 | Time: 00:00:09
Epoch 063 | Seed 2026 | Rate 0.20 | Train Loss: 0.1432 | Val Loss: 0.2778 | Acc (clean): 0.9642 | Acc (poison): 0.9563 | Val Acc: 0.9133 | Time: 00:00:09
Epoch 064 | Seed 2026 | Rate 0.20 | Train Loss: 0.1390 | Val Loss: 0.2666 | Acc (clean): 0.9653 | Acc (poison): 0.9576 | Val Acc: 0.9193 | Time: 00:00:09
Epoch 065 | Seed 2026 | Rate 0.20 | Train Loss: 0.1323 | Val Loss: 0.2684 | Acc (clean): 0.9679 | Acc (poison): 0.9598 | Val Acc: 0.9200 | Time: 00:00:09
Epoch 066 | Seed 2026 | Rate 0.20 | Train Loss: 0.1296 | Val Loss: 0.2749 | Acc (clean): 0.9681 | Acc (poison): 0.9600 | Val Acc: 0.9144 | Time: 00:00:09
Epoch 067 | Seed 2026 | Rate 0.20 | Train Loss: 0.1291 | Val Loss: 0.2736 | Acc (clean): 0.9680 | Acc (poison): 0.9604 | Val Acc: 0.9144 | Time: 00:00:09
Epoch 068 | Seed 2026 | Rate 0.20 | Train Loss: 0.1234 | Val Loss: 0.2714 | Acc (clean): 0.9698 | Acc (poison): 0.9622 | Val Acc: 0.9181 | Time: 00:00:09
Epoch 069 | Seed 2026 | Rate 0.20 | Train Loss: 0.1232 | Val Loss: 0.2626 | Acc (clean): 0.9684 | Acc (poison): 0.9606 | Val Acc: 0.9219 | Time: 00:00:09
Epoch 070 | Seed 2026 | Rate 0.20 | Train Loss: 0.1179 | Val Loss: 0.2634 | Acc (clean): 0.9724 | Acc (poison): 0.9650 | Val Acc: 0.9244 | Time: 00:00:09
Epoch 071 | Seed 2026 | Rate 0.20 | Train Loss: 0.1135 | Val Loss: 0.2840 | Acc (clean): 0.9732 | Acc (poison): 0.9660 | Val Acc: 0.9115 | Time: 00:00:09
Epoch 072 | Seed 2026 | Rate 0.20 | Train Loss: 0.1100 | Val Loss: 0.2791 | Acc (clean): 0.9751 | Acc (poison): 0.9677 | Val Acc: 0.9144 | Time: 00:00:09
Epoch 073 | Seed 2026 | Rate 0.20 | Train Loss: 0.1080 | Val Loss: 0.2655 | Acc (clean): 0.9753 | Acc (poison): 0.9677 | Val Acc: 0.9189 | Time: 00:00:09
Epoch 074 | Seed 2026 | Rate 0.20 | Train Loss: 0.1071 | Val Loss: 0.2713 | Acc (clean): 0.9749 | Acc (poison): 0.9674 | Val Acc: 0.9196 | Time: 00:00:09
Epoch 075 | Seed 2026 | Rate 0.20 | Train Loss: 0.1065 | Val Loss: 0.2907 | Acc (clean): 0.9747 | Acc (poison): 0.9677 | Val Acc: 0.9107 | Time: 00:00:09
Epoch 076 | Seed 2026 | Rate 0.20 | Train Loss: 0.0875 | Val Loss: 0.2480 | Acc (clean): 0.9830 | Acc (poison): 0.9760 | Val Acc: 0.9215 | Time: 00:00:09
Epoch 077 | Seed 2026 | Rate 0.20 | Train Loss: 0.0797 | Val Loss: 0.2455 | Acc (clean): 0.9849 | Acc (poison): 0.9780 | Val Acc: 0.9263 | Time: 00:00:09
Epoch 078 | Seed 2026 | Rate 0.20 | Train Loss: 0.0774 | Val Loss: 0.2444 | Acc (clean): 0.9853 | Acc (poison): 0.9783 | Val Acc: 0.9230 | Time: 00:00:09
Epoch 079 | Seed 2026 | Rate 0.20 | Train Loss: 0.0742 | Val Loss: 0.2448 | Acc (clean): 0.9872 | Acc (poison): 0.9805 | Val Acc: 0.9267 | Time: 00:00:09
Epoch 080 | Seed 2026 | Rate 0.20 | Train Loss: 0.0721 | Val Loss: 0.2453 | Acc (clean): 0.9880 | Acc (poison): 0.9813 | Val Acc: 0.9274 | Time: 00:00:09
Epoch 081 | Seed 2026 | Rate 0.20 | Train Loss: 0.0709 | Val Loss: 0.2459 | Acc (clean): 0.9884 | Acc (poison): 0.9815 | Val Acc: 0.9270 | Time: 00:00:09
Epoch 082 | Seed 2026 | Rate 0.20 | Train Loss: 0.0735 | Val Loss: 0.2456 | Acc (clean): 0.9865 | Acc (poison): 0.9797 | Val Acc: 0.9267 | Time: 00:00:09
Epoch 083 | Seed 2026 | Rate 0.20 | Train Loss: 0.0719 | Val Loss: 0.2400 | Acc (clean): 0.9880 | Acc (poison): 0.9807 | Val Acc: 0.9278 | Time: 00:00:09
Epoch 084 | Seed 2026 | Rate 0.20 | Train Loss: 0.0720 | Val Loss: 0.2393 | Acc (clean): 0.9881 | Acc (poison): 0.9814 | Val Acc: 0.9304 | Time: 00:00:09
Epoch 085 | Seed 2026 | Rate 0.20 | Train Loss: 0.0698 | Val Loss: 0.2407 | Acc (clean): 0.9882 | Acc (poison): 0.9812 | Val Acc: 0.9285 | Time: 00:00:09
Epoch 086 | Seed 2026 | Rate 0.20 | Train Loss: 0.0696 | Val Loss: 0.2428 | Acc (clean): 0.9879 | Acc (poison): 0.9817 | Val Acc: 0.9285 | Time: 00:00:09
Epoch 087 | Seed 2026 | Rate 0.20 | Train Loss: 0.0682 | Val Loss: 0.2442 | Acc (clean): 0.9888 | Acc (poison): 0.9821 | Val Acc: 0.9270 | Time: 00:00:09
Epoch 088 | Seed 2026 | Rate 0.20 | Train Loss: 0.0681 | Val Loss: 0.2451 | Acc (clean): 0.9889 | Acc (poison): 0.9824 | Val Acc: 0.9278 | Time: 00:00:09
Epoch 089 | Seed 2026 | Rate 0.20 | Train Loss: 0.0698 | Val Loss: 0.2392 | Acc (clean): 0.9877 | Acc (poison): 0.9813 | Val Acc: 0.9307 | Time: 00:00:09
Epoch 090 | Seed 2026 | Rate 0.20 | Train Loss: 0.0652 | Val Loss: 0.2376 | Acc (clean): 0.9903 | Acc (poison): 0.9840 | Val Acc: 0.9289 | Time: 00:00:10
Epoch 091 | Seed 2026 | Rate 0.20 | Train Loss: 0.0673 | Val Loss: 0.2446 | Acc (clean): 0.9884 | Acc (poison): 0.9824 | Val Acc: 0.9274 | Time: 00:00:10
Epoch 092 | Seed 2026 | Rate 0.20 | Train Loss: 0.0682 | Val Loss: 0.2411 | Acc (clean): 0.9868 | Acc (poison): 0.9808 | Val Acc: 0.9278 | Time: 00:00:09
Epoch 093 | Seed 2026 | Rate 0.20 | Train Loss: 0.0677 | Val Loss: 0.2386 | Acc (clean): 0.9872 | Acc (poison): 0.9812 | Val Acc: 0.9293 | Time: 00:00:09
Epoch 094 | Seed 2026 | Rate 0.20 | Train Loss: 0.0648 | Val Loss: 0.2406 | Acc (clean): 0.9897 | Acc (poison): 0.9836 | Val Acc: 0.9285 | Time: 00:00:09
Epoch 095 | Seed 2026 | Rate 0.20 | Train Loss: 0.0637 | Val Loss: 0.2393 | Acc (clean): 0.9901 | Acc (poison): 0.9841 | Val Acc: 0.9315 | Time: 00:00:09
Epoch 096 | Seed 2026 | Rate 0.20 | Train Loss: 0.0642 | Val Loss: 0.2377 | Acc (clean): 0.9897 | Acc (poison): 0.9833 | Val Acc: 0.9289 | Time: 00:00:09
Epoch 097 | Seed 2026 | Rate 0.20 | Train Loss: 0.0653 | Val Loss: 0.2420 | Acc (clean): 0.9897 | Acc (poison): 0.9833 | Val Acc: 0.9285 | Time: 00:00:09
Epoch 098 | Seed 2026 | Rate 0.20 | Train Loss: 0.0632 | Val Loss: 0.2419 | Acc (clean): 0.9901 | Acc (poison): 0.9842 | Val Acc: 0.9289 | Time: 00:00:09
Epoch 099 | Seed 2026 | Rate 0.20 | Train Loss: 0.0645 | Val Loss: 0.2397 | Acc (clean): 0.9892 | Acc (poison): 0.9833 | Val Acc: 0.9293 | Time: 00:00:09
Epoch 100 | Seed 2026 | Rate 0.20 | Train Loss: 0.0618 | Val Loss: 0.2394 | Acc (clean): 0.9906 | Acc (poison): 0.9849 | Val Acc: 0.9278 | Time: 00:00:09
Loading train data from /home/yazanme/BachelorThesis/BachelorThesis/data/processed/resisc45/train.h5 with mapping /home/yazanme/BachelorThesis/BachelorThesis/data/processed/resisc45/poisoned/RQ2.2-dissim/seed_2026/labels_0.50.pt... (in_memory=True, workers=6)
Testing torch.compile support...
Successfully compiled model using torch.compile.
Epoch 001 | Seed 2026 | Rate 0.50 | Train Loss: 2.8295 | Val Loss: 2.6078 | Acc (clean): 0.2309 | Acc (poison): 0.2312 | Val Acc: 0.2930 | Time: 00:00:10
Epoch 002 | Seed 2026 | Rate 0.50 | Train Loss: 1.9205 | Val Loss: 2.0479 | Acc (clean): 0.4353 | Acc (poison): 0.4351 | Val Acc: 0.3981 | Time: 00:00:09
Epoch 003 | Seed 2026 | Rate 0.50 | Train Loss: 1.5786 | Val Loss: 1.7035 | Acc (clean): 0.5265 | Acc (poison): 0.5272 | Val Acc: 0.4778 | Time: 00:00:10
Epoch 004 | Seed 2026 | Rate 0.50 | Train Loss: 1.3469 | Val Loss: 1.5191 | Acc (clean): 0.5926 | Acc (poison): 0.5923 | Val Acc: 0.5559 | Time: 00:00:09
Epoch 005 | Seed 2026 | Rate 0.50 | Train Loss: 1.1748 | Val Loss: 1.2357 | Acc (clean): 0.6367 | Acc (poison): 0.6357 | Val Acc: 0.6144 | Time: 00:00:10
Epoch 006 | Seed 2026 | Rate 0.50 | Train Loss: 1.0325 | Val Loss: 1.3773 | Acc (clean): 0.6777 | Acc (poison): 0.6791 | Val Acc: 0.5733 | Time: 00:00:09
Epoch 007 | Seed 2026 | Rate 0.50 | Train Loss: 0.9234 | Val Loss: 0.9765 | Acc (clean): 0.7068 | Acc (poison): 0.7078 | Val Acc: 0.6941 | Time: 00:00:09
Epoch 008 | Seed 2026 | Rate 0.50 | Train Loss: 0.8236 | Val Loss: 1.4549 | Acc (clean): 0.7357 | Acc (poison): 0.7353 | Val Acc: 0.5696 | Time: 00:00:09
Epoch 009 | Seed 2026 | Rate 0.50 | Train Loss: 0.7693 | Val Loss: 1.0791 | Acc (clean): 0.7512 | Acc (poison): 0.7511 | Val Acc: 0.6652 | Time: 00:00:09
Epoch 010 | Seed 2026 | Rate 0.50 | Train Loss: 0.7330 | Val Loss: 1.1607 | Acc (clean): 0.7618 | Acc (poison): 0.7628 | Val Acc: 0.6544 | Time: 00:00:09
Epoch 011 | Seed 2026 | Rate 0.50 | Train Loss: 0.6932 | Val Loss: 0.9409 | Acc (clean): 0.7721 | Acc (poison): 0.7728 | Val Acc: 0.7074 | Time: 00:00:09
Epoch 012 | Seed 2026 | Rate 0.50 | Train Loss: 0.6815 | Val Loss: 0.9477 | Acc (clean): 0.7763 | Acc (poison): 0.7778 | Val Acc: 0.7007 | Time: 00:00:09
Epoch 013 | Seed 2026 | Rate 0.50 | Train Loss: 0.6656 | Val Loss: 0.9295 | Acc (clean): 0.7812 | Acc (poison): 0.7823 | Val Acc: 0.7104 | Time: 00:00:09
Epoch 014 | Seed 2026 | Rate 0.50 | Train Loss: 0.6255 | Val Loss: 1.1173 | Acc (clean): 0.7902 | Acc (poison): 0.7899 | Val Acc: 0.6644 | Time: 00:00:09
Epoch 015 | Seed 2026 | Rate 0.50 | Train Loss: 0.6196 | Val Loss: 1.0068 | Acc (clean): 0.7960 | Acc (poison): 0.7950 | Val Acc: 0.6896 | Time: 00:00:09
Epoch 016 | Seed 2026 | Rate 0.50 | Train Loss: 0.6254 | Val Loss: 1.1769 | Acc (clean): 0.7949 | Acc (poison): 0.7916 | Val Acc: 0.6522 | Time: 00:00:09
Epoch 017 | Seed 2026 | Rate 0.50 | Train Loss: 0.6054 | Val Loss: 1.0637 | Acc (clean): 0.8006 | Acc (poison): 0.8013 | Val Acc: 0.6807 | Time: 00:00:09
Epoch 018 | Seed 2026 | Rate 0.50 | Train Loss: 0.6006 | Val Loss: 0.9788 | Acc (clean): 0.8010 | Acc (poison): 0.8018 | Val Acc: 0.6978 | Time: 00:00:09
Epoch 019 | Seed 2026 | Rate 0.50 | Train Loss: 0.5932 | Val Loss: 0.7944 | Acc (clean): 0.8030 | Acc (poison): 0.8038 | Val Acc: 0.7707 | Time: 00:00:09
Epoch 020 | Seed 2026 | Rate 0.50 | Train Loss: 0.5786 | Val Loss: 0.7684 | Acc (clean): 0.8096 | Acc (poison): 0.8098 | Val Acc: 0.7511 | Time: 00:00:09
Epoch 021 | Seed 2026 | Rate 0.50 | Train Loss: 0.5899 | Val Loss: 1.0356 | Acc (clean): 0.8025 | Acc (poison): 0.8042 | Val Acc: 0.6863 | Time: 00:00:09
Epoch 022 | Seed 2026 | Rate 0.50 | Train Loss: 0.5824 | Val Loss: 0.9476 | Acc (clean): 0.8088 | Acc (poison): 0.8094 | Val Acc: 0.7089 | Time: 00:00:09
Epoch 023 | Seed 2026 | Rate 0.50 | Train Loss: 0.5761 | Val Loss: 0.9115 | Acc (clean): 0.8035 | Acc (poison): 0.8068 | Val Acc: 0.7300 | Time: 00:00:09
Epoch 024 | Seed 2026 | Rate 0.50 | Train Loss: 0.5839 | Val Loss: 0.7853 | Acc (clean): 0.8080 | Acc (poison): 0.8073 | Val Acc: 0.7407 | Time: 00:00:10
Epoch 025 | Seed 2026 | Rate 0.50 | Train Loss: 0.5744 | Val Loss: 0.8116 | Acc (clean): 0.8106 | Acc (poison): 0.8107 | Val Acc: 0.7385 | Time: 00:00:10
Epoch 026 | Seed 2026 | Rate 0.50 | Train Loss: 0.5727 | Val Loss: 1.0494 | Acc (clean): 0.8071 | Acc (poison): 0.8074 | Val Acc: 0.6733 | Time: 00:00:09
Epoch 027 | Seed 2026 | Rate 0.50 | Train Loss: 0.5711 | Val Loss: 1.1506 | Acc (clean): 0.8125 | Acc (poison): 0.8129 | Val Acc: 0.6363 | Time: 00:00:09
Epoch 028 | Seed 2026 | Rate 0.50 | Train Loss: 0.5637 | Val Loss: 0.9617 | Acc (clean): 0.8137 | Acc (poison): 0.8150 | Val Acc: 0.7056 | Time: 00:00:09
Epoch 029 | Seed 2026 | Rate 0.50 | Train Loss: 0.5562 | Val Loss: 1.6533 | Acc (clean): 0.8158 | Acc (poison): 0.8166 | Val Acc: 0.5804 | Time: 00:00:10
Epoch 030 | Seed 2026 | Rate 0.50 | Train Loss: 0.5639 | Val Loss: 1.5256 | Acc (clean): 0.8141 | Acc (poison): 0.8143 | Val Acc: 0.5611 | Time: 00:00:09
Epoch 031 | Seed 2026 | Rate 0.50 | Train Loss: 0.5589 | Val Loss: 1.1978 | Acc (clean): 0.8166 | Acc (poison): 0.8180 | Val Acc: 0.6404 | Time: 00:00:09
Epoch 032 | Seed 2026 | Rate 0.50 | Train Loss: 0.5448 | Val Loss: 1.1565 | Acc (clean): 0.8172 | Acc (poison): 0.8195 | Val Acc: 0.6489 | Time: 00:00:09
Epoch 033 | Seed 2026 | Rate 0.50 | Train Loss: 0.5596 | Val Loss: 0.8995 | Acc (clean): 0.8136 | Acc (poison): 0.8147 | Val Acc: 0.7226 | Time: 00:00:10
Epoch 034 | Seed 2026 | Rate 0.50 | Train Loss: 0.5613 | Val Loss: 0.8327 | Acc (clean): 0.8131 | Acc (poison): 0.8149 | Val Acc: 0.7541 | Time: 00:00:09
Epoch 035 | Seed 2026 | Rate 0.50 | Train Loss: 0.5471 | Val Loss: 0.9392 | Acc (clean): 0.8200 | Acc (poison): 0.8189 | Val Acc: 0.7085 | Time: 00:00:09
Epoch 036 | Seed 2026 | Rate 0.50 | Train Loss: 0.5512 | Val Loss: 1.0543 | Acc (clean): 0.8159 | Acc (poison): 0.8178 | Val Acc: 0.6848 | Time: 00:00:09
Epoch 037 | Seed 2026 | Rate 0.50 | Train Loss: 0.5515 | Val Loss: 1.1746 | Acc (clean): 0.8144 | Acc (poison): 0.8152 | Val Acc: 0.6385 | Time: 00:00:09
Epoch 038 | Seed 2026 | Rate 0.50 | Train Loss: 0.5469 | Val Loss: 1.1185 | Acc (clean): 0.8173 | Acc (poison): 0.8183 | Val Acc: 0.6719 | Time: 00:00:09
Epoch 039 | Seed 2026 | Rate 0.50 | Train Loss: 0.5469 | Val Loss: 0.8859 | Acc (clean): 0.8162 | Acc (poison): 0.8165 | Val Acc: 0.7130 | Time: 00:00:09
Epoch 040 | Seed 2026 | Rate 0.50 | Train Loss: 0.5564 | Val Loss: 1.1601 | Acc (clean): 0.8179 | Acc (poison): 0.8184 | Val Acc: 0.6685 | Time: 00:00:09
Epoch 041 | Seed 2026 | Rate 0.50 | Train Loss: 0.5444 | Val Loss: 0.8700 | Acc (clean): 0.8157 | Acc (poison): 0.8170 | Val Acc: 0.7315 | Time: 00:00:09
Epoch 042 | Seed 2026 | Rate 0.50 | Train Loss: 0.5493 | Val Loss: 1.0632 | Acc (clean): 0.8170 | Acc (poison): 0.8172 | Val Acc: 0.6878 | Time: 00:00:10
Epoch 043 | Seed 2026 | Rate 0.50 | Train Loss: 0.5466 | Val Loss: 1.2670 | Acc (clean): 0.8153 | Acc (poison): 0.8166 | Val Acc: 0.6504 | Time: 00:00:09
Epoch 044 | Seed 2026 | Rate 0.50 | Train Loss: 0.5478 | Val Loss: 0.8465 | Acc (clean): 0.8184 | Acc (poison): 0.8182 | Val Acc: 0.7163 | Time: 00:00:10
Epoch 045 | Seed 2026 | Rate 0.50 | Train Loss: 0.5326 | Val Loss: 1.4718 | Acc (clean): 0.8230 | Acc (poison): 0.8223 | Val Acc: 0.6048 | Time: 00:00:09
Epoch 046 | Seed 2026 | Rate 0.50 | Train Loss: 0.5451 | Val Loss: 1.0169 | Acc (clean): 0.8172 | Acc (poison): 0.8176 | Val Acc: 0.6978 | Time: 00:00:09
Epoch 047 | Seed 2026 | Rate 0.50 | Train Loss: 0.5420 | Val Loss: 1.2128 | Acc (clean): 0.8242 | Acc (poison): 0.8249 | Val Acc: 0.6448 | Time: 00:00:09
Epoch 048 | Seed 2026 | Rate 0.50 | Train Loss: 0.5356 | Val Loss: 0.7856 | Acc (clean): 0.8226 | Acc (poison): 0.8226 | Val Acc: 0.7570 | Time: 00:00:09
Epoch 049 | Seed 2026 | Rate 0.50 | Train Loss: 0.5283 | Val Loss: 0.8794 | Acc (clean): 0.8251 | Acc (poison): 0.8266 | Val Acc: 0.7441 | Time: 00:00:09
Epoch 050 | Seed 2026 | Rate 0.50 | Train Loss: 0.5437 | Val Loss: 0.8125 | Acc (clean): 0.8200 | Acc (poison): 0.8195 | Val Acc: 0.7563 | Time: 00:00:10
Epoch 051 | Seed 2026 | Rate 0.50 | Train Loss: 0.3289 | Val Loss: 0.3563 | Acc (clean): 0.8921 | Acc (poison): 0.8870 | Val Acc: 0.8730 | Time: 00:00:10
Epoch 052 | Seed 2026 | Rate 0.50 | Train Loss: 0.2595 | Val Loss: 0.3365 | Acc (clean): 0.9054 | Acc (poison): 0.9074 | Val Acc: 0.8730 | Time: 00:00:09
Epoch 053 | Seed 2026 | Rate 0.50 | Train Loss: 0.2385 | Val Loss: 0.3193 | Acc (clean): 0.9152 | Acc (poison): 0.9180 | Val Acc: 0.8833 | Time: 00:00:09
Epoch 054 | Seed 2026 | Rate 0.50 | Train Loss: 0.2214 | Val Loss: 0.3169 | Acc (clean): 0.9199 | Acc (poison): 0.9237 | Val Acc: 0.8863 | Time: 00:00:09
Epoch 055 | Seed 2026 | Rate 0.50 | Train Loss: 0.2070 | Val Loss: 0.3300 | Acc (clean): 0.9227 | Acc (poison): 0.9257 | Val Acc: 0.8878 | Time: 00:00:09
Epoch 056 | Seed 2026 | Rate 0.50 | Train Loss: 0.2003 | Val Loss: 0.3049 | Acc (clean): 0.9275 | Acc (poison): 0.9288 | Val Acc: 0.8874 | Time: 00:00:09
Epoch 057 | Seed 2026 | Rate 0.50 | Train Loss: 0.1920 | Val Loss: 0.3084 | Acc (clean): 0.9320 | Acc (poison): 0.9334 | Val Acc: 0.8870 | Time: 00:00:09
Epoch 058 | Seed 2026 | Rate 0.50 | Train Loss: 0.1841 | Val Loss: 0.3096 | Acc (clean): 0.9292 | Acc (poison): 0.9333 | Val Acc: 0.8852 | Time: 00:00:09
Epoch 059 | Seed 2026 | Rate 0.50 | Train Loss: 0.1770 | Val Loss: 0.2908 | Acc (clean): 0.9342 | Acc (poison): 0.9377 | Val Acc: 0.8933 | Time: 00:00:09
Epoch 060 | Seed 2026 | Rate 0.50 | Train Loss: 0.1684 | Val Loss: 0.3121 | Acc (clean): 0.9346 | Acc (poison): 0.9393 | Val Acc: 0.8867 | Time: 00:00:09
Epoch 061 | Seed 2026 | Rate 0.50 | Train Loss: 0.1623 | Val Loss: 0.3268 | Acc (clean): 0.9401 | Acc (poison): 0.9431 | Val Acc: 0.8885 | Time: 00:00:09
Epoch 062 | Seed 2026 | Rate 0.50 | Train Loss: 0.1564 | Val Loss: 0.2930 | Acc (clean): 0.9414 | Acc (poison): 0.9447 | Val Acc: 0.8993 | Time: 00:00:09
Epoch 063 | Seed 2026 | Rate 0.50 | Train Loss: 0.1492 | Val Loss: 0.2952 | Acc (clean): 0.9422 | Acc (poison): 0.9465 | Val Acc: 0.8952 | Time: 00:00:09
Epoch 064 | Seed 2026 | Rate 0.50 | Train Loss: 0.1506 | Val Loss: 0.2886 | Acc (clean): 0.9415 | Acc (poison): 0.9458 | Val Acc: 0.9067 | Time: 00:00:09
Epoch 065 | Seed 2026 | Rate 0.50 | Train Loss: 0.1435 | Val Loss: 0.3058 | Acc (clean): 0.9456 | Acc (poison): 0.9488 | Val Acc: 0.8970 | Time: 00:00:09
Epoch 066 | Seed 2026 | Rate 0.50 | Train Loss: 0.1406 | Val Loss: 0.3068 | Acc (clean): 0.9487 | Acc (poison): 0.9495 | Val Acc: 0.8900 | Time: 00:00:10
Epoch 067 | Seed 2026 | Rate 0.50 | Train Loss: 0.1376 | Val Loss: 0.3053 | Acc (clean): 0.9479 | Acc (poison): 0.9509 | Val Acc: 0.8881 | Time: 00:00:09
Epoch 068 | Seed 2026 | Rate 0.50 | Train Loss: 0.1351 | Val Loss: 0.3076 | Acc (clean): 0.9493 | Acc (poison): 0.9535 | Val Acc: 0.8874 | Time: 00:00:09
Epoch 069 | Seed 2026 | Rate 0.50 | Train Loss: 0.1341 | Val Loss: 0.3111 | Acc (clean): 0.9498 | Acc (poison): 0.9530 | Val Acc: 0.8874 | Time: 00:00:09
Epoch 070 | Seed 2026 | Rate 0.50 | Train Loss: 0.1294 | Val Loss: 0.3164 | Acc (clean): 0.9492 | Acc (poison): 0.9537 | Val Acc: 0.8874 | Time: 00:00:09
Epoch 071 | Seed 2026 | Rate 0.50 | Train Loss: 0.1233 | Val Loss: 0.2846 | Acc (clean): 0.9510 | Acc (poison): 0.9554 | Val Acc: 0.9007 | Time: 00:00:09
Epoch 072 | Seed 2026 | Rate 0.50 | Train Loss: 0.1237 | Val Loss: 0.3182 | Acc (clean): 0.9521 | Acc (poison): 0.9560 | Val Acc: 0.8922 | Time: 00:00:09
Epoch 073 | Seed 2026 | Rate 0.50 | Train Loss: 0.1205 | Val Loss: 0.2860 | Acc (clean): 0.9500 | Acc (poison): 0.9567 | Val Acc: 0.9004 | Time: 00:00:09
Epoch 074 | Seed 2026 | Rate 0.50 | Train Loss: 0.1175 | Val Loss: 0.3079 | Acc (clean): 0.9568 | Acc (poison): 0.9591 | Val Acc: 0.8893 | Time: 00:00:09
Epoch 075 | Seed 2026 | Rate 0.50 | Train Loss: 0.1190 | Val Loss: 0.3174 | Acc (clean): 0.9534 | Acc (poison): 0.9581 | Val Acc: 0.8885 | Time: 00:00:09
Epoch 076 | Seed 2026 | Rate 0.50 | Train Loss: 0.0987 | Val Loss: 0.2790 | Acc (clean): 0.9596 | Acc (poison): 0.9671 | Val Acc: 0.9000 | Time: 00:00:09
Epoch 077 | Seed 2026 | Rate 0.50 | Train Loss: 0.0902 | Val Loss: 0.2777 | Acc (clean): 0.9647 | Acc (poison): 0.9710 | Val Acc: 0.8978 | Time: 00:00:09
Epoch 078 | Seed 2026 | Rate 0.50 | Train Loss: 0.0865 | Val Loss: 0.2823 | Acc (clean): 0.9649 | Acc (poison): 0.9723 | Val Acc: 0.8967 | Time: 00:00:10
Epoch 079 | Seed 2026 | Rate 0.50 | Train Loss: 0.0858 | Val Loss: 0.2798 | Acc (clean): 0.9658 | Acc (poison): 0.9705 | Val Acc: 0.8970 | Time: 00:00:09
Epoch 080 | Seed 2026 | Rate 0.50 | Train Loss: 0.0839 | Val Loss: 0.2830 | Acc (clean): 0.9656 | Acc (poison): 0.9718 | Val Acc: 0.8985 | Time: 00:00:09
Epoch 081 | Seed 2026 | Rate 0.50 | Train Loss: 0.0826 | Val Loss: 0.2842 | Acc (clean): 0.9669 | Acc (poison): 0.9733 | Val Acc: 0.8985 | Time: 00:00:09
Epoch 082 | Seed 2026 | Rate 0.50 | Train Loss: 0.0838 | Val Loss: 0.2836 | Acc (clean): 0.9651 | Acc (poison): 0.9719 | Val Acc: 0.8996 | Time: 00:00:09
Epoch 083 | Seed 2026 | Rate 0.50 | Train Loss: 0.0826 | Val Loss: 0.2792 | Acc (clean): 0.9672 | Acc (poison): 0.9730 | Val Acc: 0.9004 | Time: 00:00:09
Epoch 084 | Seed 2026 | Rate 0.50 | Train Loss: 0.0821 | Val Loss: 0.2750 | Acc (clean): 0.9673 | Acc (poison): 0.9728 | Val Acc: 0.9015 | Time: 00:00:10
Epoch 085 | Seed 2026 | Rate 0.50 | Train Loss: 0.0803 | Val Loss: 0.2804 | Acc (clean): 0.9675 | Acc (poison): 0.9737 | Val Acc: 0.8989 | Time: 00:00:10
Epoch 086 | Seed 2026 | Rate 0.50 | Train Loss: 0.0781 | Val Loss: 0.2751 | Acc (clean): 0.9679 | Acc (poison): 0.9741 | Val Acc: 0.8996 | Time: 00:00:09
Epoch 087 | Seed 2026 | Rate 0.50 | Train Loss: 0.0784 | Val Loss: 0.2765 | Acc (clean): 0.9679 | Acc (poison): 0.9745 | Val Acc: 0.9026 | Time: 00:00:09
Epoch 088 | Seed 2026 | Rate 0.50 | Train Loss: 0.0777 | Val Loss: 0.2783 | Acc (clean): 0.9682 | Acc (poison): 0.9753 | Val Acc: 0.8985 | Time: 00:00:09
Epoch 089 | Seed 2026 | Rate 0.50 | Train Loss: 0.0789 | Val Loss: 0.2722 | Acc (clean): 0.9684 | Acc (poison): 0.9740 | Val Acc: 0.8993 | Time: 00:00:09
Epoch 090 | Seed 2026 | Rate 0.50 | Train Loss: 0.0765 | Val Loss: 0.2735 | Acc (clean): 0.9688 | Acc (poison): 0.9757 | Val Acc: 0.9019 | Time: 00:00:09
Epoch 091 | Seed 2026 | Rate 0.50 | Train Loss: 0.0767 | Val Loss: 0.2840 | Acc (clean): 0.9681 | Acc (poison): 0.9748 | Val Acc: 0.8978 | Time: 00:00:09
Epoch 092 | Seed 2026 | Rate 0.50 | Train Loss: 0.0778 | Val Loss: 0.2751 | Acc (clean): 0.9674 | Acc (poison): 0.9750 | Val Acc: 0.9004 | Time: 00:00:09
Epoch 093 | Seed 2026 | Rate 0.50 | Train Loss: 0.0774 | Val Loss: 0.2777 | Acc (clean): 0.9672 | Acc (poison): 0.9747 | Val Acc: 0.9000 | Time: 00:00:09
Epoch 094 | Seed 2026 | Rate 0.50 | Train Loss: 0.0752 | Val Loss: 0.2735 | Acc (clean): 0.9690 | Acc (poison): 0.9756 | Val Acc: 0.9011 | Time: 00:00:10
Epoch 095 | Seed 2026 | Rate 0.50 | Train Loss: 0.0748 | Val Loss: 0.2772 | Acc (clean): 0.9673 | Acc (poison): 0.9752 | Val Acc: 0.8996 | Time: 00:00:10
Epoch 096 | Seed 2026 | Rate 0.50 | Train Loss: 0.0762 | Val Loss: 0.2780 | Acc (clean): 0.9684 | Acc (poison): 0.9759 | Val Acc: 0.8978 | Time: 00:00:10
Epoch 097 | Seed 2026 | Rate 0.50 | Train Loss: 0.0747 | Val Loss: 0.2818 | Acc (clean): 0.9688 | Acc (poison): 0.9760 | Val Acc: 0.8970 | Time: 00:00:09
Epoch 098 | Seed 2026 | Rate 0.50 | Train Loss: 0.0728 | Val Loss: 0.2830 | Acc (clean): 0.9705 | Acc (poison): 0.9767 | Val Acc: 0.8974 | Time: 00:00:09
Epoch 099 | Seed 2026 | Rate 0.50 | Train Loss: 0.0754 | Val Loss: 0.2757 | Acc (clean): 0.9690 | Acc (poison): 0.9746 | Val Acc: 0.8996 | Time: 00:00:09
Epoch 100 | Seed 2026 | Rate 0.50 | Train Loss: 0.0735 | Val Loss: 0.2782 | Acc (clean): 0.9702 | Acc (poison): 0.9766 | Val Acc: 0.8989 | Time: 00:00:09
Loading train data from /home/yazanme/BachelorThesis/BachelorThesis/data/processed/resisc45/train.h5 with mapping /home/yazanme/BachelorThesis/BachelorThesis/data/processed/resisc45/poisoned/RQ2.2-dissim/seed_2026/labels_1.00.pt... (in_memory=True, workers=6)
Testing torch.compile support...
Successfully compiled model using torch.compile.
Epoch 001 | Seed 2026 | Rate 1.00 | Train Loss: 2.8684 | Val Loss: 3.0519 | Acc (clean): 0.2047 | Acc (poison): 0.2220 | Val Acc: 0.2437 | Time: 00:00:09
Epoch 002 | Seed 2026 | Rate 1.00 | Train Loss: 1.9450 | Val Loss: 2.3509 | Acc (clean): 0.4098 | Acc (poison): 0.4351 | Val Acc: 0.4093 | Time: 00:00:08
Epoch 003 | Seed 2026 | Rate 1.00 | Train Loss: 1.5829 | Val Loss: 2.6149 | Acc (clean): 0.5053 | Acc (poison): 0.5336 | Val Acc: 0.3581 | Time: 00:00:08
Epoch 004 | Seed 2026 | Rate 1.00 | Train Loss: 1.3443 | Val Loss: 2.2910 | Acc (clean): 0.5614 | Acc (poison): 0.5929 | Val Acc: 0.4596 | Time: 00:00:08
Epoch 005 | Seed 2026 | Rate 1.00 | Train Loss: 1.1440 | Val Loss: 1.8859 | Acc (clean): 0.6153 | Acc (poison): 0.6488 | Val Acc: 0.5515 | Time: 00:00:09
Epoch 006 | Seed 2026 | Rate 1.00 | Train Loss: 0.9895 | Val Loss: 1.9968 | Acc (clean): 0.6594 | Acc (poison): 0.6941 | Val Acc: 0.5448 | Time: 00:00:08
Epoch 007 | Seed 2026 | Rate 1.00 | Train Loss: 0.8729 | Val Loss: 2.4856 | Acc (clean): 0.6939 | Acc (poison): 0.7300 | Val Acc: 0.5311 | Time: 00:00:08
Epoch 008 | Seed 2026 | Rate 1.00 | Train Loss: 0.7810 | Val Loss: 1.4365 | Acc (clean): 0.7216 | Acc (poison): 0.7582 | Val Acc: 0.6907 | Time: 00:00:08
Epoch 009 | Seed 2026 | Rate 1.00 | Train Loss: 0.7313 | Val Loss: 1.9132 | Acc (clean): 0.7353 | Acc (poison): 0.7719 | Val Acc: 0.5707 | Time: 00:00:08
Epoch 010 | Seed 2026 | Rate 1.00 | Train Loss: 0.6860 | Val Loss: 1.5338 | Acc (clean): 0.7474 | Acc (poison): 0.7847 | Val Acc: 0.6511 | Time: 00:00:09
Epoch 011 | Seed 2026 | Rate 1.00 | Train Loss: 0.6537 | Val Loss: 1.6184 | Acc (clean): 0.7584 | Acc (poison): 0.7955 | Val Acc: 0.6511 | Time: 00:00:08
Epoch 012 | Seed 2026 | Rate 1.00 | Train Loss: 0.6302 | Val Loss: 1.4930 | Acc (clean): 0.7599 | Acc (poison): 0.7980 | Val Acc: 0.7019 | Time: 00:00:08
Epoch 013 | Seed 2026 | Rate 1.00 | Train Loss: 0.6108 | Val Loss: 1.5725 | Acc (clean): 0.7674 | Acc (poison): 0.8059 | Val Acc: 0.6737 | Time: 00:00:08
Epoch 014 | Seed 2026 | Rate 1.00 | Train Loss: 0.5898 | Val Loss: 1.6298 | Acc (clean): 0.7732 | Acc (poison): 0.8116 | Val Acc: 0.6515 | Time: 00:00:09
Epoch 015 | Seed 2026 | Rate 1.00 | Train Loss: 0.5700 | Val Loss: 1.5685 | Acc (clean): 0.7796 | Acc (poison): 0.8179 | Val Acc: 0.6763 | Time: 00:00:09
Epoch 016 | Seed 2026 | Rate 1.00 | Train Loss: 0.5624 | Val Loss: 1.7912 | Acc (clean): 0.7842 | Acc (poison): 0.8223 | Val Acc: 0.6833 | Time: 00:00:09
Epoch 017 | Seed 2026 | Rate 1.00 | Train Loss: 0.5687 | Val Loss: 1.6416 | Acc (clean): 0.7808 | Acc (poison): 0.8190 | Val Acc: 0.6407 | Time: 00:00:09
Epoch 018 | Seed 2026 | Rate 1.00 | Train Loss: 0.5697 | Val Loss: 1.5835 | Acc (clean): 0.7796 | Acc (poison): 0.8183 | Val Acc: 0.6985 | Time: 00:00:09
Epoch 019 | Seed 2026 | Rate 1.00 | Train Loss: 0.5478 | Val Loss: 1.5245 | Acc (clean): 0.7900 | Acc (poison): 0.8284 | Val Acc: 0.6819 | Time: 00:00:09
Epoch 020 | Seed 2026 | Rate 1.00 | Train Loss: 0.5427 | Val Loss: 1.7554 | Acc (clean): 0.7909 | Acc (poison): 0.8291 | Val Acc: 0.5819 | Time: 00:00:09
Epoch 021 | Seed 2026 | Rate 1.00 | Train Loss: 0.5421 | Val Loss: 1.5556 | Acc (clean): 0.7904 | Acc (poison): 0.8288 | Val Acc: 0.6567 | Time: 00:00:08
Epoch 022 | Seed 2026 | Rate 1.00 | Train Loss: 0.5393 | Val Loss: 1.4238 | Acc (clean): 0.7911 | Acc (poison): 0.8298 | Val Acc: 0.7370 | Time: 00:00:09
Epoch 023 | Seed 2026 | Rate 1.00 | Train Loss: 0.5319 | Val Loss: 1.6428 | Acc (clean): 0.7946 | Acc (poison): 0.8332 | Val Acc: 0.6770 | Time: 00:00:08
Epoch 024 | Seed 2026 | Rate 1.00 | Train Loss: 0.5498 | Val Loss: 1.5625 | Acc (clean): 0.7869 | Acc (poison): 0.8251 | Val Acc: 0.6956 | Time: 00:00:09
Epoch 025 | Seed 2026 | Rate 1.00 | Train Loss: 0.5226 | Val Loss: 1.6679 | Acc (clean): 0.7945 | Acc (poison): 0.8330 | Val Acc: 0.6174 | Time: 00:00:08
Epoch 026 | Seed 2026 | Rate 1.00 | Train Loss: 0.5295 | Val Loss: 1.5489 | Acc (clean): 0.7953 | Acc (poison): 0.8341 | Val Acc: 0.6793 | Time: 00:00:09
Epoch 027 | Seed 2026 | Rate 1.00 | Train Loss: 0.5342 | Val Loss: 1.5055 | Acc (clean): 0.7940 | Acc (poison): 0.8321 | Val Acc: 0.6826 | Time: 00:00:09
Epoch 028 | Seed 2026 | Rate 1.00 | Train Loss: 0.5319 | Val Loss: 3.1414 | Acc (clean): 0.7930 | Acc (poison): 0.8310 | Val Acc: 0.3737 | Time: 00:00:09
Epoch 029 | Seed 2026 | Rate 1.00 | Train Loss: 0.5169 | Val Loss: 1.6095 | Acc (clean): 0.7967 | Acc (poison): 0.8356 | Val Acc: 0.6622 | Time: 00:00:09
Epoch 030 | Seed 2026 | Rate 1.00 | Train Loss: 0.5264 | Val Loss: 2.3521 | Acc (clean): 0.7946 | Acc (poison): 0.8326 | Val Acc: 0.5504 | Time: 00:00:09
Epoch 031 | Seed 2026 | Rate 1.00 | Train Loss: 0.5102 | Val Loss: 1.7626 | Acc (clean): 0.8009 | Acc (poison): 0.8393 | Val Acc: 0.6285 | Time: 00:00:08
Epoch 032 | Seed 2026 | Rate 1.00 | Train Loss: 0.5160 | Val Loss: 1.2533 | Acc (clean): 0.7963 | Acc (poison): 0.8349 | Val Acc: 0.7563 | Time: 00:00:08
Epoch 033 | Seed 2026 | Rate 1.00 | Train Loss: 0.5232 | Val Loss: 1.4210 | Acc (clean): 0.7949 | Acc (poison): 0.8335 | Val Acc: 0.7441 | Time: 00:00:09
Epoch 034 | Seed 2026 | Rate 1.00 | Train Loss: 0.5235 | Val Loss: 1.4602 | Acc (clean): 0.7944 | Acc (poison): 0.8332 | Val Acc: 0.7193 | Time: 00:00:09
Epoch 035 | Seed 2026 | Rate 1.00 | Train Loss: 0.5227 | Val Loss: 1.7374 | Acc (clean): 0.7968 | Acc (poison): 0.8357 | Val Acc: 0.6481 | Time: 00:00:09
Epoch 036 | Seed 2026 | Rate 1.00 | Train Loss: 0.5000 | Val Loss: 1.5774 | Acc (clean): 0.8029 | Acc (poison): 0.8411 | Val Acc: 0.6915 | Time: 00:00:08
Epoch 037 | Seed 2026 | Rate 1.00 | Train Loss: 0.5089 | Val Loss: 1.5343 | Acc (clean): 0.7988 | Acc (poison): 0.8381 | Val Acc: 0.6681 | Time: 00:00:09
Epoch 038 | Seed 2026 | Rate 1.00 | Train Loss: 0.4971 | Val Loss: 1.8693 | Acc (clean): 0.8048 | Acc (poison): 0.8435 | Val Acc: 0.6037 | Time: 00:00:09
Epoch 039 | Seed 2026 | Rate 1.00 | Train Loss: 0.5087 | Val Loss: 1.7381 | Acc (clean): 0.8014 | Acc (poison): 0.8403 | Val Acc: 0.6863 | Time: 00:00:09
Epoch 040 | Seed 2026 | Rate 1.00 | Train Loss: 0.5191 | Val Loss: 1.5606 | Acc (clean): 0.7995 | Acc (poison): 0.8381 | Val Acc: 0.7067 | Time: 00:00:09
Epoch 041 | Seed 2026 | Rate 1.00 | Train Loss: 0.5104 | Val Loss: 1.6051 | Acc (clean): 0.7976 | Acc (poison): 0.8359 | Val Acc: 0.6681 | Time: 00:00:08
Epoch 042 | Seed 2026 | Rate 1.00 | Train Loss: 0.5086 | Val Loss: 1.5170 | Acc (clean): 0.8023 | Acc (poison): 0.8411 | Val Acc: 0.6781 | Time: 00:00:08
Epoch 043 | Seed 2026 | Rate 1.00 | Train Loss: 0.5081 | Val Loss: 1.4372 | Acc (clean): 0.8002 | Acc (poison): 0.8392 | Val Acc: 0.7148 | Time: 00:00:09
Epoch 044 | Seed 2026 | Rate 1.00 | Train Loss: 0.5042 | Val Loss: 1.8890 | Acc (clean): 0.8010 | Acc (poison): 0.8395 | Val Acc: 0.5819 | Time: 00:00:09
Epoch 045 | Seed 2026 | Rate 1.00 | Train Loss: 0.4942 | Val Loss: 1.5909 | Acc (clean): 0.8039 | Acc (poison): 0.8428 | Val Acc: 0.6537 | Time: 00:00:08
Epoch 046 | Seed 2026 | Rate 1.00 | Train Loss: 0.4999 | Val Loss: 2.1696 | Acc (clean): 0.8017 | Acc (poison): 0.8407 | Val Acc: 0.5270 | Time: 00:00:09
Epoch 047 | Seed 2026 | Rate 1.00 | Train Loss: 0.4943 | Val Loss: 1.4933 | Acc (clean): 0.8035 | Acc (poison): 0.8428 | Val Acc: 0.7193 | Time: 00:00:08
Epoch 048 | Seed 2026 | Rate 1.00 | Train Loss: 0.5021 | Val Loss: 1.7272 | Acc (clean): 0.8033 | Acc (poison): 0.8420 | Val Acc: 0.6422 | Time: 00:00:08
Epoch 049 | Seed 2026 | Rate 1.00 | Train Loss: 0.4904 | Val Loss: 1.5871 | Acc (clean): 0.8057 | Acc (poison): 0.8445 | Val Acc: 0.6881 | Time: 00:00:09
Epoch 050 | Seed 2026 | Rate 1.00 | Train Loss: 0.4901 | Val Loss: 1.8179 | Acc (clean): 0.8056 | Acc (poison): 0.8440 | Val Acc: 0.6296 | Time: 00:00:09
Epoch 051 | Seed 2026 | Rate 1.00 | Train Loss: 0.2941 | Val Loss: 1.0692 | Acc (clean): 0.8664 | Acc (poison): 0.9079 | Val Acc: 0.8574 | Time: 00:00:09
Epoch 052 | Seed 2026 | Rate 1.00 | Train Loss: 0.2254 | Val Loss: 1.0328 | Acc (clean): 0.8874 | Acc (poison): 0.9293 | Val Acc: 0.8678 | Time: 00:00:09
Epoch 053 | Seed 2026 | Rate 1.00 | Train Loss: 0.2015 | Val Loss: 1.0434 | Acc (clean): 0.8960 | Acc (poison): 0.9381 | Val Acc: 0.8641 | Time: 00:00:08
Epoch 054 | Seed 2026 | Rate 1.00 | Train Loss: 0.1886 | Val Loss: 1.0016 | Acc (clean): 0.9000 | Acc (poison): 0.9423 | Val Acc: 0.8685 | Time: 00:00:09
Epoch 055 | Seed 2026 | Rate 1.00 | Train Loss: 0.1772 | Val Loss: 1.0010 | Acc (clean): 0.9032 | Acc (poison): 0.9456 | Val Acc: 0.8693 | Time: 00:00:08
Epoch 056 | Seed 2026 | Rate 1.00 | Train Loss: 0.1680 | Val Loss: 1.0213 | Acc (clean): 0.9068 | Acc (poison): 0.9495 | Val Acc: 0.8689 | Time: 00:00:08
Epoch 057 | Seed 2026 | Rate 1.00 | Train Loss: 0.1578 | Val Loss: 1.0205 | Acc (clean): 0.9091 | Acc (poison): 0.9521 | Val Acc: 0.8659 | Time: 00:00:08
Epoch 058 | Seed 2026 | Rate 1.00 | Train Loss: 0.1490 | Val Loss: 1.0051 | Acc (clean): 0.9122 | Acc (poison): 0.9549 | Val Acc: 0.8711 | Time: 00:00:08
Epoch 059 | Seed 2026 | Rate 1.00 | Train Loss: 0.1419 | Val Loss: 1.0036 | Acc (clean): 0.9167 | Acc (poison): 0.9598 | Val Acc: 0.8726 | Time: 00:00:08
Epoch 060 | Seed 2026 | Rate 1.00 | Train Loss: 0.1352 | Val Loss: 1.0525 | Acc (clean): 0.9169 | Acc (poison): 0.9604 | Val Acc: 0.8678 | Time: 00:00:08
Epoch 061 | Seed 2026 | Rate 1.00 | Train Loss: 0.1323 | Val Loss: 1.0301 | Acc (clean): 0.9173 | Acc (poison): 0.9600 | Val Acc: 0.8644 | Time: 00:00:09
Epoch 062 | Seed 2026 | Rate 1.00 | Train Loss: 0.1227 | Val Loss: 1.0565 | Acc (clean): 0.9221 | Acc (poison): 0.9648 | Val Acc: 0.8696 | Time: 00:00:08
Epoch 063 | Seed 2026 | Rate 1.00 | Train Loss: 0.1174 | Val Loss: 1.0706 | Acc (clean): 0.9237 | Acc (poison): 0.9670 | Val Acc: 0.8670 | Time: 00:00:08
Epoch 064 | Seed 2026 | Rate 1.00 | Train Loss: 0.1155 | Val Loss: 1.0612 | Acc (clean): 0.9240 | Acc (poison): 0.9669 | Val Acc: 0.8711 | Time: 00:00:08
Epoch 065 | Seed 2026 | Rate 1.00 | Train Loss: 0.1111 | Val Loss: 1.0066 | Acc (clean): 0.9249 | Acc (poison): 0.9684 | Val Acc: 0.8707 | Time: 00:00:08
Epoch 066 | Seed 2026 | Rate 1.00 | Train Loss: 0.1066 | Val Loss: 1.0484 | Acc (clean): 0.9261 | Acc (poison): 0.9694 | Val Acc: 0.8696 | Time: 00:00:09
Epoch 067 | Seed 2026 | Rate 1.00 | Train Loss: 0.1062 | Val Loss: 1.0350 | Acc (clean): 0.9265 | Acc (poison): 0.9699 | Val Acc: 0.8659 | Time: 00:00:08
Epoch 068 | Seed 2026 | Rate 1.00 | Train Loss: 0.1008 | Val Loss: 1.0289 | Acc (clean): 0.9280 | Acc (poison): 0.9712 | Val Acc: 0.8733 | Time: 00:00:09
Epoch 069 | Seed 2026 | Rate 1.00 | Train Loss: 0.1014 | Val Loss: 1.0519 | Acc (clean): 0.9277 | Acc (poison): 0.9712 | Val Acc: 0.8715 | Time: 00:00:08
Epoch 070 | Seed 2026 | Rate 1.00 | Train Loss: 0.0943 | Val Loss: 1.0399 | Acc (clean): 0.9299 | Acc (poison): 0.9733 | Val Acc: 0.8637 | Time: 00:00:09
Epoch 071 | Seed 2026 | Rate 1.00 | Train Loss: 0.0923 | Val Loss: 0.9974 | Acc (clean): 0.9319 | Acc (poison): 0.9753 | Val Acc: 0.8737 | Time: 00:00:09
Epoch 072 | Seed 2026 | Rate 1.00 | Train Loss: 0.0901 | Val Loss: 1.0324 | Acc (clean): 0.9319 | Acc (poison): 0.9753 | Val Acc: 0.8648 | Time: 00:00:08
Epoch 073 | Seed 2026 | Rate 1.00 | Train Loss: 0.0841 | Val Loss: 1.0531 | Acc (clean): 0.9341 | Acc (poison): 0.9776 | Val Acc: 0.8693 | Time: 00:00:08
Epoch 074 | Seed 2026 | Rate 1.00 | Train Loss: 0.0853 | Val Loss: 1.0095 | Acc (clean): 0.9329 | Acc (poison): 0.9766 | Val Acc: 0.8685 | Time: 00:00:08
Epoch 075 | Seed 2026 | Rate 1.00 | Train Loss: 0.0867 | Val Loss: 1.0088 | Acc (clean): 0.9335 | Acc (poison): 0.9770 | Val Acc: 0.8744 | Time: 00:00:09
Epoch 076 | Seed 2026 | Rate 1.00 | Train Loss: 0.0668 | Val Loss: 1.0064 | Acc (clean): 0.9408 | Acc (poison): 0.9847 | Val Acc: 0.8796 | Time: 00:00:08
Epoch 077 | Seed 2026 | Rate 1.00 | Train Loss: 0.0591 | Val Loss: 1.0134 | Acc (clean): 0.9430 | Acc (poison): 0.9870 | Val Acc: 0.8822 | Time: 00:00:08
Epoch 078 | Seed 2026 | Rate 1.00 | Train Loss: 0.0558 | Val Loss: 1.0183 | Acc (clean): 0.9442 | Acc (poison): 0.9884 | Val Acc: 0.8800 | Time: 00:00:08
Epoch 079 | Seed 2026 | Rate 1.00 | Train Loss: 0.0548 | Val Loss: 1.0100 | Acc (clean): 0.9446 | Acc (poison): 0.9886 | Val Acc: 0.8804 | Time: 00:00:08
Epoch 080 | Seed 2026 | Rate 1.00 | Train Loss: 0.0528 | Val Loss: 1.0167 | Acc (clean): 0.9452 | Acc (poison): 0.9892 | Val Acc: 0.8789 | Time: 00:00:08
Epoch 081 | Seed 2026 | Rate 1.00 | Train Loss: 0.0509 | Val Loss: 1.0179 | Acc (clean): 0.9452 | Acc (poison): 0.9891 | Val Acc: 0.8752 | Time: 00:00:09
Epoch 082 | Seed 2026 | Rate 1.00 | Train Loss: 0.0530 | Val Loss: 1.0226 | Acc (clean): 0.9453 | Acc (poison): 0.9892 | Val Acc: 0.8800 | Time: 00:00:08
Epoch 083 | Seed 2026 | Rate 1.00 | Train Loss: 0.0526 | Val Loss: 1.0043 | Acc (clean): 0.9442 | Acc (poison): 0.9881 | Val Acc: 0.8837 | Time: 00:00:08
Epoch 084 | Seed 2026 | Rate 1.00 | Train Loss: 0.0522 | Val Loss: 1.0164 | Acc (clean): 0.9452 | Acc (poison): 0.9893 | Val Acc: 0.8844 | Time: 00:00:08
Epoch 085 | Seed 2026 | Rate 1.00 | Train Loss: 0.0496 | Val Loss: 1.0031 | Acc (clean): 0.9470 | Acc (poison): 0.9910 | Val Acc: 0.8793 | Time: 00:00:08
Epoch 086 | Seed 2026 | Rate 1.00 | Train Loss: 0.0496 | Val Loss: 1.0018 | Acc (clean): 0.9455 | Acc (poison): 0.9896 | Val Acc: 0.8796 | Time: 00:00:08
Epoch 087 | Seed 2026 | Rate 1.00 | Train Loss: 0.0493 | Val Loss: 1.0012 | Acc (clean): 0.9461 | Acc (poison): 0.9902 | Val Acc: 0.8811 | Time: 00:00:09
Epoch 088 | Seed 2026 | Rate 1.00 | Train Loss: 0.0486 | Val Loss: 1.0055 | Acc (clean): 0.9469 | Acc (poison): 0.9907 | Val Acc: 0.8804 | Time: 00:00:08
Epoch 089 | Seed 2026 | Rate 1.00 | Train Loss: 0.0484 | Val Loss: 1.0072 | Acc (clean): 0.9475 | Acc (poison): 0.9916 | Val Acc: 0.8811 | Time: 00:00:08
Epoch 090 | Seed 2026 | Rate 1.00 | Train Loss: 0.0465 | Val Loss: 0.9934 | Acc (clean): 0.9472 | Acc (poison): 0.9913 | Val Acc: 0.8841 | Time: 00:00:08
Epoch 091 | Seed 2026 | Rate 1.00 | Train Loss: 0.0465 | Val Loss: 1.0082 | Acc (clean): 0.9474 | Acc (poison): 0.9915 | Val Acc: 0.8800 | Time: 00:00:08
Epoch 092 | Seed 2026 | Rate 1.00 | Train Loss: 0.0469 | Val Loss: 1.0036 | Acc (clean): 0.9469 | Acc (poison): 0.9910 | Val Acc: 0.8830 | Time: 00:00:09
Epoch 093 | Seed 2026 | Rate 1.00 | Train Loss: 0.0469 | Val Loss: 1.0004 | Acc (clean): 0.9468 | Acc (poison): 0.9909 | Val Acc: 0.8822 | Time: 00:00:08
Epoch 094 | Seed 2026 | Rate 1.00 | Train Loss: 0.0461 | Val Loss: 0.9951 | Acc (clean): 0.9465 | Acc (poison): 0.9906 | Val Acc: 0.8856 | Time: 00:00:08
Epoch 095 | Seed 2026 | Rate 1.00 | Train Loss: 0.0454 | Val Loss: 1.0031 | Acc (clean): 0.9477 | Acc (poison): 0.9918 | Val Acc: 0.8844 | Time: 00:00:08
Epoch 096 | Seed 2026 | Rate 1.00 | Train Loss: 0.0455 | Val Loss: 1.0108 | Acc (clean): 0.9474 | Acc (poison): 0.9914 | Val Acc: 0.8848 | Time: 00:00:08
Epoch 097 | Seed 2026 | Rate 1.00 | Train Loss: 0.0445 | Val Loss: 1.0029 | Acc (clean): 0.9481 | Acc (poison): 0.9922 | Val Acc: 0.8807 | Time: 00:00:08
Epoch 098 | Seed 2026 | Rate 1.00 | Train Loss: 0.0430 | Val Loss: 1.0109 | Acc (clean): 0.9489 | Acc (poison): 0.9932 | Val Acc: 0.8785 | Time: 00:00:08
Epoch 099 | Seed 2026 | Rate 1.00 | Train Loss: 0.0442 | Val Loss: 1.0111 | Acc (clean): 0.9474 | Acc (poison): 0.9916 | Val Acc: 0.8811 | Time: 00:00:08
Epoch 100 | Seed 2026 | Rate 1.00 | Train Loss: 0.0438 | Val Loss: 1.0189 | Acc (clean): 0.9482 | Acc (poison): 0.9923 | Val Acc: 0.8815 | Time: 00:00:08

Endzeit: 2026-08-01 12:24:18 CEST
Laufzeit: 05:24:15
Exit-Code: 0

Abgeschlossene Laeufe (erwartet: 3 Seeds x 6 Raten = 18):
/home/yazanme/BachelorThesis/BachelorThesis/experiments/RQ2.2-dissim/mobilenetv2/seed_2001/rate_0.0
/home/yazanme/BachelorThesis/BachelorThesis/experiments/RQ2.2-dissim/mobilenetv2/seed_2001/rate_0.05
/home/yazanme/BachelorThesis/BachelorThesis/experiments/RQ2.2-dissim/mobilenetv2/seed_2001/rate_0.1
/home/yazanme/BachelorThesis/BachelorThesis/experiments/RQ2.2-dissim/mobilenetv2/seed_2001/rate_0.2
/home/yazanme/BachelorThesis/BachelorThesis/experiments/RQ2.2-dissim/mobilenetv2/seed_2001/rate_0.5
/home/yazanme/BachelorThesis/BachelorThesis/experiments/RQ2.2-dissim/mobilenetv2/seed_2001/rate_1.0
/home/yazanme/BachelorThesis/BachelorThesis/experiments/RQ2.2-dissim/mobilenetv2/seed_2026/rate_0.0
/home/yazanme/BachelorThesis/BachelorThesis/experiments/RQ2.2-dissim/mobilenetv2/seed_2026/rate_0.05
/home/yazanme/BachelorThesis/BachelorThesis/experiments/RQ2.2-dissim/mobilenetv2/seed_2026/rate_0.1
/home/yazanme/BachelorThesis/BachelorThesis/experiments/RQ2.2-dissim/mobilenetv2/seed_2026/rate_0.2
/home/yazanme/BachelorThesis/BachelorThesis/experiments/RQ2.2-dissim/mobilenetv2/seed_2026/rate_0.5
/home/yazanme/BachelorThesis/BachelorThesis/experiments/RQ2.2-dissim/mobilenetv2/seed_2026/rate_1.0
/home/yazanme/BachelorThesis/BachelorThesis/experiments/RQ2.2-dissim/mobilenetv2/seed_42/rate_0.0
/home/yazanme/BachelorThesis/BachelorThesis/experiments/RQ2.2-dissim/mobilenetv2/seed_42/rate_0.05
/home/yazanme/BachelorThesis/BachelorThesis/experiments/RQ2.2-dissim/mobilenetv2/seed_42/rate_0.1
/home/yazanme/BachelorThesis/BachelorThesis/experiments/RQ2.2-dissim/mobilenetv2/seed_42/rate_0.2
/home/yazanme/BachelorThesis/BachelorThesis/experiments/RQ2.2-dissim/mobilenetv2/seed_42/rate_0.5
/home/yazanme/BachelorThesis/BachelorThesis/experiments/RQ2.2-dissim/mobilenetv2/seed_42/rate_1.0
Anzahl: 18
