=========================================
1. SLURM ALLOKATIONS-INFO
=========================================
Job ID: 4870
Ausfuehrender Node: gpu01
Zugewiesene CPUs: 8
Zugewiesener Speicher: 32768 MB
Zugewiesene GPUs: 3
Zugewiesene GPUs ueber CUDA: 0
0, NVIDIA L40S, 46068 MiB, 535.309.01

Zeitzonen-Check -> Node-Uhr (UTC): 2026-08-02 06:00:09 UTC
Zeitzonen-Check -> korrigiert    : 2026-08-02 08:00:09 CEST

Python: /home/yazanme/miniforge3/envs/venv/bin/python
Version: Python 3.12.13

Forschungsfrage:  RQ2.2-sim
Modell:           resnet18
Trainings-Config: /home/yazanme/BachelorThesis/BachelorThesis/src/yaml/rq2/rq2_2_sim/rq2_2_sim_train_resnet18.yaml
Ausgabe:          /home/yazanme/BachelorThesis/BachelorThesis/experiments/RQ2.2-sim/resnet18

Startzeit: 2026-08-02 08:00:10 CEST

Starting main script...
Config: /home/yazanme/BachelorThesis/BachelorThesis/src/yaml/rq2/rq2_2_sim/rq2_2_sim_train_resnet18.yaml
Experiment: rq=RQ2.2-sim model=resnet18 rates=[0.0, 0.05, 0.1, 0.2, 0.5, 1.0]
Defense: none | Seeds: [42, 2001, 2026] | Attacks: (Einzelarm)
Set float32 matmul precision to: high
Initializing PyTorch and checking CUDA...
Set cudnn.benchmark to: True
Using device: cuda
Initializing base loaders...
Loading validation data from /home/yazanme/BachelorThesis/BachelorThesis/data/processed/resisc45/val.h5... (in_memory=True, workers=6)
Loading test data from /home/yazanme/BachelorThesis/BachelorThesis/data/processed/resisc45/test.h5... (in_memory=True, workers=6)
Starting experiment run...
Loading train data from /home/yazanme/BachelorThesis/BachelorThesis/data/processed/resisc45/train.h5... (in_memory=True, workers=6)
Testing torch.compile support...
Successfully compiled model using torch.compile.
Epoch 001 | Seed 42 | Rate 0.00 | Train Loss: 2.5508 | Val Loss: 2.2904 | Acc (clean): 0.3021 | Acc (poison): 0.3021 | Val Acc: 0.3578 | Time: 00:01:18
Epoch 002 | Seed 42 | Rate 0.00 | Train Loss: 1.7377 | Val Loss: 1.7776 | Acc (clean): 0.4890 | Acc (poison): 0.4890 | Val Acc: 0.4789 | Time: 00:00:11
Epoch 003 | Seed 42 | Rate 0.00 | Train Loss: 1.4273 | Val Loss: 2.2288 | Acc (clean): 0.5754 | Acc (poison): 0.5754 | Val Acc: 0.4059 | Time: 00:00:09
Epoch 004 | Seed 42 | Rate 0.00 | Train Loss: 1.2193 | Val Loss: 1.5137 | Acc (clean): 0.6308 | Acc (poison): 0.6308 | Val Acc: 0.5563 | Time: 00:00:11
Epoch 005 | Seed 42 | Rate 0.00 | Train Loss: 1.0456 | Val Loss: 1.5487 | Acc (clean): 0.6800 | Acc (poison): 0.6800 | Val Acc: 0.5622 | Time: 00:00:09
Epoch 006 | Seed 42 | Rate 0.00 | Train Loss: 0.8890 | Val Loss: 1.1455 | Acc (clean): 0.7262 | Acc (poison): 0.7262 | Val Acc: 0.6581 | Time: 00:00:10
Epoch 007 | Seed 42 | Rate 0.00 | Train Loss: 0.7594 | Val Loss: 1.2769 | Acc (clean): 0.7628 | Acc (poison): 0.7628 | Val Acc: 0.6348 | Time: 00:00:08
Epoch 008 | Seed 42 | Rate 0.00 | Train Loss: 0.6640 | Val Loss: 1.0088 | Acc (clean): 0.7917 | Acc (poison): 0.7917 | Val Acc: 0.6978 | Time: 00:00:10
Epoch 009 | Seed 42 | Rate 0.00 | Train Loss: 0.5806 | Val Loss: 0.8539 | Acc (clean): 0.8154 | Acc (poison): 0.8154 | Val Acc: 0.7344 | Time: 00:00:09
Epoch 010 | Seed 42 | Rate 0.00 | Train Loss: 0.5375 | Val Loss: 0.9296 | Acc (clean): 0.8303 | Acc (poison): 0.8303 | Val Acc: 0.7189 | Time: 00:00:09
Epoch 011 | Seed 42 | Rate 0.00 | Train Loss: 0.4939 | Val Loss: 0.7806 | Acc (clean): 0.8410 | Acc (poison): 0.8410 | Val Acc: 0.7652 | Time: 00:00:10
Epoch 012 | Seed 42 | Rate 0.00 | Train Loss: 0.4630 | Val Loss: 0.7513 | Acc (clean): 0.8533 | Acc (poison): 0.8533 | Val Acc: 0.7667 | Time: 00:00:10
Epoch 013 | Seed 42 | Rate 0.00 | Train Loss: 0.4417 | Val Loss: 1.0687 | Acc (clean): 0.8576 | Acc (poison): 0.8576 | Val Acc: 0.6874 | Time: 00:00:09
Epoch 014 | Seed 42 | Rate 0.00 | Train Loss: 0.4219 | Val Loss: 0.8563 | Acc (clean): 0.8652 | Acc (poison): 0.8652 | Val Acc: 0.7337 | Time: 00:00:09
Epoch 015 | Seed 42 | Rate 0.00 | Train Loss: 0.3985 | Val Loss: 0.5602 | Acc (clean): 0.8712 | Acc (poison): 0.8712 | Val Acc: 0.8389 | Time: 00:00:10
Epoch 016 | Seed 42 | Rate 0.00 | Train Loss: 0.3838 | Val Loss: 0.6749 | Acc (clean): 0.8767 | Acc (poison): 0.8767 | Val Acc: 0.7989 | Time: 00:00:09
Epoch 017 | Seed 42 | Rate 0.00 | Train Loss: 0.3733 | Val Loss: 0.9760 | Acc (clean): 0.8814 | Acc (poison): 0.8814 | Val Acc: 0.7230 | Time: 00:00:09
Epoch 018 | Seed 42 | Rate 0.00 | Train Loss: 0.3549 | Val Loss: 0.8611 | Acc (clean): 0.8851 | Acc (poison): 0.8851 | Val Acc: 0.7541 | Time: 00:00:08
Epoch 019 | Seed 42 | Rate 0.00 | Train Loss: 0.3398 | Val Loss: 0.7835 | Acc (clean): 0.8908 | Acc (poison): 0.8908 | Val Acc: 0.7704 | Time: 00:00:08
Epoch 020 | Seed 42 | Rate 0.00 | Train Loss: 0.3403 | Val Loss: 0.7384 | Acc (clean): 0.8899 | Acc (poison): 0.8899 | Val Acc: 0.7930 | Time: 00:00:09
Epoch 021 | Seed 42 | Rate 0.00 | Train Loss: 0.3283 | Val Loss: 0.6349 | Acc (clean): 0.8928 | Acc (poison): 0.8928 | Val Acc: 0.8052 | Time: 00:00:08
Epoch 022 | Seed 42 | Rate 0.00 | Train Loss: 0.3143 | Val Loss: 0.7474 | Acc (clean): 0.8993 | Acc (poison): 0.8993 | Val Acc: 0.7815 | Time: 00:00:09
Epoch 023 | Seed 42 | Rate 0.00 | Train Loss: 0.3277 | Val Loss: 0.7915 | Acc (clean): 0.8939 | Acc (poison): 0.8939 | Val Acc: 0.7578 | Time: 00:00:09
Epoch 024 | Seed 42 | Rate 0.00 | Train Loss: 0.3163 | Val Loss: 0.7417 | Acc (clean): 0.8987 | Acc (poison): 0.8987 | Val Acc: 0.7770 | Time: 00:00:09
Epoch 025 | Seed 42 | Rate 0.00 | Train Loss: 0.3058 | Val Loss: 1.0825 | Acc (clean): 0.9010 | Acc (poison): 0.9010 | Val Acc: 0.6993 | Time: 00:00:09
Epoch 026 | Seed 42 | Rate 0.00 | Train Loss: 0.3013 | Val Loss: 0.6945 | Acc (clean): 0.9034 | Acc (poison): 0.9034 | Val Acc: 0.7993 | Time: 00:00:09
Epoch 027 | Seed 42 | Rate 0.00 | Train Loss: 0.3041 | Val Loss: 0.7051 | Acc (clean): 0.9030 | Acc (poison): 0.9030 | Val Acc: 0.7948 | Time: 00:00:09
Epoch 028 | Seed 42 | Rate 0.00 | Train Loss: 0.2827 | Val Loss: 0.6729 | Acc (clean): 0.9093 | Acc (poison): 0.9093 | Val Acc: 0.8119 | Time: 00:00:09
Epoch 029 | Seed 42 | Rate 0.00 | Train Loss: 0.2793 | Val Loss: 0.9193 | Acc (clean): 0.9114 | Acc (poison): 0.9114 | Val Acc: 0.7585 | Time: 00:00:09
Epoch 030 | Seed 42 | Rate 0.00 | Train Loss: 0.2853 | Val Loss: 0.8087 | Acc (clean): 0.9087 | Acc (poison): 0.9087 | Val Acc: 0.7881 | Time: 00:00:09
Epoch 031 | Seed 42 | Rate 0.00 | Train Loss: 0.2827 | Val Loss: 0.8203 | Acc (clean): 0.9098 | Acc (poison): 0.9098 | Val Acc: 0.7696 | Time: 00:00:09
Epoch 032 | Seed 42 | Rate 0.00 | Train Loss: 0.2750 | Val Loss: 0.7416 | Acc (clean): 0.9130 | Acc (poison): 0.9130 | Val Acc: 0.7848 | Time: 00:00:09
Epoch 033 | Seed 42 | Rate 0.00 | Train Loss: 0.2602 | Val Loss: 0.5870 | Acc (clean): 0.9175 | Acc (poison): 0.9175 | Val Acc: 0.8211 | Time: 00:00:08
Epoch 034 | Seed 42 | Rate 0.00 | Train Loss: 0.2658 | Val Loss: 0.7357 | Acc (clean): 0.9153 | Acc (poison): 0.9153 | Val Acc: 0.7889 | Time: 00:00:08
Epoch 035 | Seed 42 | Rate 0.00 | Train Loss: 0.2704 | Val Loss: 0.5726 | Acc (clean): 0.9122 | Acc (poison): 0.9122 | Val Acc: 0.8241 | Time: 00:00:08
Epoch 036 | Seed 42 | Rate 0.00 | Train Loss: 0.2667 | Val Loss: 0.7186 | Acc (clean): 0.9138 | Acc (poison): 0.9138 | Val Acc: 0.7941 | Time: 00:00:09
Epoch 037 | Seed 42 | Rate 0.00 | Train Loss: 0.2745 | Val Loss: 0.7695 | Acc (clean): 0.9126 | Acc (poison): 0.9126 | Val Acc: 0.7870 | Time: 00:00:09
Epoch 038 | Seed 42 | Rate 0.00 | Train Loss: 0.2587 | Val Loss: 0.6229 | Acc (clean): 0.9154 | Acc (poison): 0.9154 | Val Acc: 0.8207 | Time: 00:00:09
Epoch 039 | Seed 42 | Rate 0.00 | Train Loss: 0.2645 | Val Loss: 0.5388 | Acc (clean): 0.9165 | Acc (poison): 0.9165 | Val Acc: 0.8367 | Time: 00:00:10
Epoch 040 | Seed 42 | Rate 0.00 | Train Loss: 0.2434 | Val Loss: 0.8186 | Acc (clean): 0.9226 | Acc (poison): 0.9226 | Val Acc: 0.7674 | Time: 00:00:09
Epoch 041 | Seed 42 | Rate 0.00 | Train Loss: 0.2678 | Val Loss: 0.6761 | Acc (clean): 0.9145 | Acc (poison): 0.9145 | Val Acc: 0.8019 | Time: 00:00:09
Epoch 042 | Seed 42 | Rate 0.00 | Train Loss: 0.2500 | Val Loss: 0.8457 | Acc (clean): 0.9205 | Acc (poison): 0.9205 | Val Acc: 0.7541 | Time: 00:00:09
Epoch 043 | Seed 42 | Rate 0.00 | Train Loss: 0.2447 | Val Loss: 0.7408 | Acc (clean): 0.9221 | Acc (poison): 0.9221 | Val Acc: 0.7822 | Time: 00:00:09
Epoch 044 | Seed 42 | Rate 0.00 | Train Loss: 0.2362 | Val Loss: 0.6019 | Acc (clean): 0.9261 | Acc (poison): 0.9261 | Val Acc: 0.8163 | Time: 00:00:09
Epoch 045 | Seed 42 | Rate 0.00 | Train Loss: 0.2346 | Val Loss: 0.9228 | Acc (clean): 0.9250 | Acc (poison): 0.9250 | Val Acc: 0.7374 | Time: 00:00:08
Epoch 046 | Seed 42 | Rate 0.00 | Train Loss: 0.2577 | Val Loss: 0.8873 | Acc (clean): 0.9191 | Acc (poison): 0.9191 | Val Acc: 0.7585 | Time: 00:00:08
Epoch 047 | Seed 42 | Rate 0.00 | Train Loss: 0.2335 | Val Loss: 0.5827 | Acc (clean): 0.9274 | Acc (poison): 0.9274 | Val Acc: 0.8333 | Time: 00:00:08
Epoch 048 | Seed 42 | Rate 0.00 | Train Loss: 0.2588 | Val Loss: 0.6900 | Acc (clean): 0.9155 | Acc (poison): 0.9155 | Val Acc: 0.8093 | Time: 00:00:08
Epoch 049 | Seed 42 | Rate 0.00 | Train Loss: 0.2380 | Val Loss: 0.5059 | Acc (clean): 0.9250 | Acc (poison): 0.9250 | Val Acc: 0.8478 | Time: 00:00:10
Epoch 050 | Seed 42 | Rate 0.00 | Train Loss: 0.2319 | Val Loss: 0.6862 | Acc (clean): 0.9270 | Acc (poison): 0.9270 | Val Acc: 0.8148 | Time: 00:00:09
Epoch 051 | Seed 42 | Rate 0.00 | Train Loss: 0.0899 | Val Loss: 0.2489 | Acc (clean): 0.9755 | Acc (poison): 0.9755 | Val Acc: 0.9233 | Time: 00:00:10
Epoch 052 | Seed 42 | Rate 0.00 | Train Loss: 0.0553 | Val Loss: 0.2429 | Acc (clean): 0.9863 | Acc (poison): 0.9863 | Val Acc: 0.9263 | Time: 00:00:10
Epoch 053 | Seed 42 | Rate 0.00 | Train Loss: 0.0451 | Val Loss: 0.2299 | Acc (clean): 0.9894 | Acc (poison): 0.9894 | Val Acc: 0.9289 | Time: 00:00:10
Epoch 054 | Seed 42 | Rate 0.00 | Train Loss: 0.0369 | Val Loss: 0.2300 | Acc (clean): 0.9922 | Acc (poison): 0.9922 | Val Acc: 0.9322 | Time: 00:00:09
Epoch 055 | Seed 42 | Rate 0.00 | Train Loss: 0.0347 | Val Loss: 0.2231 | Acc (clean): 0.9929 | Acc (poison): 0.9929 | Val Acc: 0.9315 | Time: 00:00:09
Epoch 056 | Seed 42 | Rate 0.00 | Train Loss: 0.0303 | Val Loss: 0.2291 | Acc (clean): 0.9951 | Acc (poison): 0.9951 | Val Acc: 0.9293 | Time: 00:00:09
Epoch 057 | Seed 42 | Rate 0.00 | Train Loss: 0.0286 | Val Loss: 0.2276 | Acc (clean): 0.9949 | Acc (poison): 0.9949 | Val Acc: 0.9304 | Time: 00:00:09
Epoch 058 | Seed 42 | Rate 0.00 | Train Loss: 0.0259 | Val Loss: 0.2307 | Acc (clean): 0.9950 | Acc (poison): 0.9950 | Val Acc: 0.9326 | Time: 00:00:09
Epoch 059 | Seed 42 | Rate 0.00 | Train Loss: 0.0232 | Val Loss: 0.2222 | Acc (clean): 0.9969 | Acc (poison): 0.9969 | Val Acc: 0.9356 | Time: 00:00:09
Epoch 060 | Seed 42 | Rate 0.00 | Train Loss: 0.0224 | Val Loss: 0.2259 | Acc (clean): 0.9970 | Acc (poison): 0.9970 | Val Acc: 0.9315 | Time: 00:00:09
Epoch 061 | Seed 42 | Rate 0.00 | Train Loss: 0.0227 | Val Loss: 0.2299 | Acc (clean): 0.9967 | Acc (poison): 0.9967 | Val Acc: 0.9322 | Time: 00:00:08
Epoch 062 | Seed 42 | Rate 0.00 | Train Loss: 0.0182 | Val Loss: 0.2241 | Acc (clean): 0.9975 | Acc (poison): 0.9975 | Val Acc: 0.9322 | Time: 00:00:09
Epoch 063 | Seed 42 | Rate 0.00 | Train Loss: 0.0194 | Val Loss: 0.2320 | Acc (clean): 0.9974 | Acc (poison): 0.9974 | Val Acc: 0.9319 | Time: 00:00:09
Epoch 064 | Seed 42 | Rate 0.00 | Train Loss: 0.0172 | Val Loss: 0.2198 | Acc (clean): 0.9983 | Acc (poison): 0.9983 | Val Acc: 0.9322 | Time: 00:00:09
Epoch 065 | Seed 42 | Rate 0.00 | Train Loss: 0.0179 | Val Loss: 0.2247 | Acc (clean): 0.9977 | Acc (poison): 0.9977 | Val Acc: 0.9304 | Time: 00:00:08
Epoch 066 | Seed 42 | Rate 0.00 | Train Loss: 0.0164 | Val Loss: 0.2219 | Acc (clean): 0.9979 | Acc (poison): 0.9979 | Val Acc: 0.9337 | Time: 00:00:09
Epoch 067 | Seed 42 | Rate 0.00 | Train Loss: 0.0152 | Val Loss: 0.2233 | Acc (clean): 0.9988 | Acc (poison): 0.9988 | Val Acc: 0.9367 | Time: 00:00:09
Epoch 068 | Seed 42 | Rate 0.00 | Train Loss: 0.0157 | Val Loss: 0.2280 | Acc (clean): 0.9979 | Acc (poison): 0.9979 | Val Acc: 0.9330 | Time: 00:00:08
Epoch 069 | Seed 42 | Rate 0.00 | Train Loss: 0.0145 | Val Loss: 0.2246 | Acc (clean): 0.9985 | Acc (poison): 0.9985 | Val Acc: 0.9359 | Time: 00:00:09
Epoch 070 | Seed 42 | Rate 0.00 | Train Loss: 0.0161 | Val Loss: 0.2187 | Acc (clean): 0.9982 | Acc (poison): 0.9982 | Val Acc: 0.9333 | Time: 00:00:09
Epoch 071 | Seed 42 | Rate 0.00 | Train Loss: 0.0139 | Val Loss: 0.2220 | Acc (clean): 0.9991 | Acc (poison): 0.9991 | Val Acc: 0.9344 | Time: 00:00:09
Epoch 072 | Seed 42 | Rate 0.00 | Train Loss: 0.0132 | Val Loss: 0.2186 | Acc (clean): 0.9988 | Acc (poison): 0.9988 | Val Acc: 0.9363 | Time: 00:00:09
Epoch 073 | Seed 42 | Rate 0.00 | Train Loss: 0.0135 | Val Loss: 0.2287 | Acc (clean): 0.9989 | Acc (poison): 0.9989 | Val Acc: 0.9341 | Time: 00:00:08
Epoch 074 | Seed 42 | Rate 0.00 | Train Loss: 0.0127 | Val Loss: 0.2206 | Acc (clean): 0.9991 | Acc (poison): 0.9991 | Val Acc: 0.9348 | Time: 00:00:09
Epoch 075 | Seed 42 | Rate 0.00 | Train Loss: 0.0124 | Val Loss: 0.2217 | Acc (clean): 0.9993 | Acc (poison): 0.9993 | Val Acc: 0.9337 | Time: 00:00:09
Epoch 076 | Seed 42 | Rate 0.00 | Train Loss: 0.0115 | Val Loss: 0.2197 | Acc (clean): 0.9993 | Acc (poison): 0.9993 | Val Acc: 0.9352 | Time: 00:00:08
Epoch 077 | Seed 42 | Rate 0.00 | Train Loss: 0.0112 | Val Loss: 0.2159 | Acc (clean): 0.9993 | Acc (poison): 0.9993 | Val Acc: 0.9385 | Time: 00:00:09
Epoch 078 | Seed 42 | Rate 0.00 | Train Loss: 0.0113 | Val Loss: 0.2194 | Acc (clean): 0.9991 | Acc (poison): 0.9991 | Val Acc: 0.9363 | Time: 00:00:08
Epoch 079 | Seed 42 | Rate 0.00 | Train Loss: 0.0107 | Val Loss: 0.2149 | Acc (clean): 0.9996 | Acc (poison): 0.9996 | Val Acc: 0.9378 | Time: 00:00:09
Epoch 080 | Seed 42 | Rate 0.00 | Train Loss: 0.0106 | Val Loss: 0.2192 | Acc (clean): 0.9995 | Acc (poison): 0.9995 | Val Acc: 0.9363 | Time: 00:00:08
Epoch 081 | Seed 42 | Rate 0.00 | Train Loss: 0.0107 | Val Loss: 0.2175 | Acc (clean): 0.9994 | Acc (poison): 0.9994 | Val Acc: 0.9356 | Time: 00:00:09
Epoch 082 | Seed 42 | Rate 0.00 | Train Loss: 0.0105 | Val Loss: 0.2162 | Acc (clean): 0.9994 | Acc (poison): 0.9994 | Val Acc: 0.9378 | Time: 00:00:08
Epoch 083 | Seed 42 | Rate 0.00 | Train Loss: 0.0100 | Val Loss: 0.2142 | Acc (clean): 0.9996 | Acc (poison): 0.9996 | Val Acc: 0.9370 | Time: 00:00:09
Epoch 084 | Seed 42 | Rate 0.00 | Train Loss: 0.0102 | Val Loss: 0.2145 | Acc (clean): 0.9996 | Acc (poison): 0.9996 | Val Acc: 0.9378 | Time: 00:00:08
Epoch 085 | Seed 42 | Rate 0.00 | Train Loss: 0.0114 | Val Loss: 0.2156 | Acc (clean): 0.9993 | Acc (poison): 0.9993 | Val Acc: 0.9359 | Time: 00:00:08
Epoch 086 | Seed 42 | Rate 0.00 | Train Loss: 0.0101 | Val Loss: 0.2148 | Acc (clean): 0.9995 | Acc (poison): 0.9995 | Val Acc: 0.9370 | Time: 00:00:09
Epoch 087 | Seed 42 | Rate 0.00 | Train Loss: 0.0102 | Val Loss: 0.2163 | Acc (clean): 0.9995 | Acc (poison): 0.9995 | Val Acc: 0.9356 | Time: 00:00:09
Epoch 088 | Seed 42 | Rate 0.00 | Train Loss: 0.0106 | Val Loss: 0.2165 | Acc (clean): 0.9993 | Acc (poison): 0.9993 | Val Acc: 0.9378 | Time: 00:00:09
Epoch 089 | Seed 42 | Rate 0.00 | Train Loss: 0.0110 | Val Loss: 0.2194 | Acc (clean): 0.9993 | Acc (poison): 0.9993 | Val Acc: 0.9344 | Time: 00:00:09
Epoch 090 | Seed 42 | Rate 0.00 | Train Loss: 0.0101 | Val Loss: 0.2181 | Acc (clean): 0.9995 | Acc (poison): 0.9995 | Val Acc: 0.9341 | Time: 00:00:08
Epoch 091 | Seed 42 | Rate 0.00 | Train Loss: 0.0105 | Val Loss: 0.2204 | Acc (clean): 0.9992 | Acc (poison): 0.9992 | Val Acc: 0.9348 | Time: 00:00:08
Epoch 092 | Seed 42 | Rate 0.00 | Train Loss: 0.0106 | Val Loss: 0.2179 | Acc (clean): 0.9992 | Acc (poison): 0.9992 | Val Acc: 0.9370 | Time: 00:00:08
Epoch 093 | Seed 42 | Rate 0.00 | Train Loss: 0.0101 | Val Loss: 0.2165 | Acc (clean): 0.9996 | Acc (poison): 0.9996 | Val Acc: 0.9363 | Time: 00:00:09
Epoch 094 | Seed 42 | Rate 0.00 | Train Loss: 0.0102 | Val Loss: 0.2184 | Acc (clean): 0.9996 | Acc (poison): 0.9996 | Val Acc: 0.9367 | Time: 00:00:09
Epoch 095 | Seed 42 | Rate 0.00 | Train Loss: 0.0100 | Val Loss: 0.2232 | Acc (clean): 0.9994 | Acc (poison): 0.9994 | Val Acc: 0.9352 | Time: 00:00:09
Epoch 096 | Seed 42 | Rate 0.00 | Train Loss: 0.0101 | Val Loss: 0.2183 | Acc (clean): 0.9997 | Acc (poison): 0.9997 | Val Acc: 0.9367 | Time: 00:00:08
Epoch 097 | Seed 42 | Rate 0.00 | Train Loss: 0.0099 | Val Loss: 0.2214 | Acc (clean): 0.9996 | Acc (poison): 0.9996 | Val Acc: 0.9359 | Time: 00:00:09
Epoch 098 | Seed 42 | Rate 0.00 | Train Loss: 0.0095 | Val Loss: 0.2168 | Acc (clean): 0.9998 | Acc (poison): 0.9998 | Val Acc: 0.9378 | Time: 00:00:08
Epoch 099 | Seed 42 | Rate 0.00 | Train Loss: 0.0097 | Val Loss: 0.2186 | Acc (clean): 0.9997 | Acc (poison): 0.9997 | Val Acc: 0.9352 | Time: 00:00:09
Epoch 100 | Seed 42 | Rate 0.00 | Train Loss: 0.0097 | Val Loss: 0.2226 | Acc (clean): 0.9997 | Acc (poison): 0.9997 | Val Acc: 0.9344 | Time: 00:00:09
Loading train data from /home/yazanme/BachelorThesis/BachelorThesis/data/processed/resisc45/train.h5 with mapping /home/yazanme/BachelorThesis/BachelorThesis/data/processed/resisc45/poisoned/RQ2.2-sim/seed_42/labels_0.05.pt... (in_memory=True, workers=6)
Testing torch.compile support...
Successfully compiled model using torch.compile.
Epoch 001 | Seed 42 | Rate 0.05 | Train Loss: 2.6100 | Val Loss: 2.2108 | Acc (clean): 0.2900 | Acc (poison): 0.2899 | Val Acc: 0.3563 | Time: 00:00:09
Epoch 002 | Seed 42 | Rate 0.05 | Train Loss: 1.7349 | Val Loss: 2.9800 | Acc (clean): 0.4910 | Acc (poison): 0.4907 | Val Acc: 0.3074 | Time: 00:00:08
Epoch 003 | Seed 42 | Rate 0.05 | Train Loss: 1.4242 | Val Loss: 1.5325 | Acc (clean): 0.5751 | Acc (poison): 0.5746 | Val Acc: 0.5437 | Time: 00:00:08
Epoch 004 | Seed 42 | Rate 0.05 | Train Loss: 1.2140 | Val Loss: 1.6418 | Acc (clean): 0.6311 | Acc (poison): 0.6307 | Val Acc: 0.5333 | Time: 00:00:08
Epoch 005 | Seed 42 | Rate 0.05 | Train Loss: 1.0475 | Val Loss: 1.2064 | Acc (clean): 0.6806 | Acc (poison): 0.6800 | Val Acc: 0.6389 | Time: 00:00:09
Epoch 006 | Seed 42 | Rate 0.05 | Train Loss: 0.9154 | Val Loss: 1.1885 | Acc (clean): 0.7191 | Acc (poison): 0.7185 | Val Acc: 0.6389 | Time: 00:00:08
Epoch 007 | Seed 42 | Rate 0.05 | Train Loss: 0.7688 | Val Loss: 1.2238 | Acc (clean): 0.7584 | Acc (poison): 0.7577 | Val Acc: 0.6411 | Time: 00:00:08
Epoch 008 | Seed 42 | Rate 0.05 | Train Loss: 0.6709 | Val Loss: 0.9044 | Acc (clean): 0.7880 | Acc (poison): 0.7874 | Val Acc: 0.7222 | Time: 00:00:08
Epoch 009 | Seed 42 | Rate 0.05 | Train Loss: 0.5956 | Val Loss: 1.0881 | Acc (clean): 0.8123 | Acc (poison): 0.8112 | Val Acc: 0.6922 | Time: 00:00:08
Epoch 010 | Seed 42 | Rate 0.05 | Train Loss: 0.5386 | Val Loss: 0.8605 | Acc (clean): 0.8277 | Acc (poison): 0.8268 | Val Acc: 0.7437 | Time: 00:00:08
Epoch 011 | Seed 42 | Rate 0.05 | Train Loss: 0.5012 | Val Loss: 0.7859 | Acc (clean): 0.8414 | Acc (poison): 0.8405 | Val Acc: 0.7578 | Time: 00:00:08
Epoch 012 | Seed 42 | Rate 0.05 | Train Loss: 0.4566 | Val Loss: 0.6812 | Acc (clean): 0.8550 | Acc (poison): 0.8543 | Val Acc: 0.7907 | Time: 00:00:08
Epoch 013 | Seed 42 | Rate 0.05 | Train Loss: 0.4348 | Val Loss: 0.7835 | Acc (clean): 0.8626 | Acc (poison): 0.8614 | Val Acc: 0.7563 | Time: 00:00:08
Epoch 014 | Seed 42 | Rate 0.05 | Train Loss: 0.4208 | Val Loss: 0.6966 | Acc (clean): 0.8653 | Acc (poison): 0.8645 | Val Acc: 0.7956 | Time: 00:00:08
Epoch 015 | Seed 42 | Rate 0.05 | Train Loss: 0.4052 | Val Loss: 0.8025 | Acc (clean): 0.8698 | Acc (poison): 0.8691 | Val Acc: 0.7626 | Time: 00:00:08
Epoch 016 | Seed 42 | Rate 0.05 | Train Loss: 0.4009 | Val Loss: 0.6614 | Acc (clean): 0.8723 | Acc (poison): 0.8717 | Val Acc: 0.8019 | Time: 00:00:08
Epoch 017 | Seed 42 | Rate 0.05 | Train Loss: 0.3772 | Val Loss: 0.7181 | Acc (clean): 0.8802 | Acc (poison): 0.8792 | Val Acc: 0.7837 | Time: 00:00:08
Epoch 018 | Seed 42 | Rate 0.05 | Train Loss: 0.3648 | Val Loss: 1.0499 | Acc (clean): 0.8835 | Acc (poison): 0.8823 | Val Acc: 0.7085 | Time: 00:00:08
Epoch 019 | Seed 42 | Rate 0.05 | Train Loss: 0.3445 | Val Loss: 0.7659 | Acc (clean): 0.8874 | Acc (poison): 0.8866 | Val Acc: 0.7719 | Time: 00:00:08
Epoch 020 | Seed 42 | Rate 0.05 | Train Loss: 0.3387 | Val Loss: 0.9702 | Acc (clean): 0.8921 | Acc (poison): 0.8916 | Val Acc: 0.7285 | Time: 00:00:08
Epoch 021 | Seed 42 | Rate 0.05 | Train Loss: 0.3467 | Val Loss: 0.6031 | Acc (clean): 0.8898 | Acc (poison): 0.8891 | Val Acc: 0.8241 | Time: 00:00:08
Epoch 022 | Seed 42 | Rate 0.05 | Train Loss: 0.3310 | Val Loss: 0.5775 | Acc (clean): 0.8937 | Acc (poison): 0.8930 | Val Acc: 0.8267 | Time: 00:00:08
Epoch 023 | Seed 42 | Rate 0.05 | Train Loss: 0.3095 | Val Loss: 0.6646 | Acc (clean): 0.9001 | Acc (poison): 0.8993 | Val Acc: 0.8130 | Time: 00:00:08
Epoch 024 | Seed 42 | Rate 0.05 | Train Loss: 0.3084 | Val Loss: 0.6919 | Acc (clean): 0.9012 | Acc (poison): 0.9009 | Val Acc: 0.7922 | Time: 00:00:08
Epoch 025 | Seed 42 | Rate 0.05 | Train Loss: 0.3272 | Val Loss: 0.6447 | Acc (clean): 0.8944 | Acc (poison): 0.8936 | Val Acc: 0.7974 | Time: 00:00:08
Epoch 026 | Seed 42 | Rate 0.05 | Train Loss: 0.3059 | Val Loss: 0.8595 | Acc (clean): 0.9015 | Acc (poison): 0.9006 | Val Acc: 0.7411 | Time: 00:00:08
Epoch 027 | Seed 42 | Rate 0.05 | Train Loss: 0.2893 | Val Loss: 0.8599 | Acc (clean): 0.9073 | Acc (poison): 0.9064 | Val Acc: 0.7544 | Time: 00:00:08
Epoch 028 | Seed 42 | Rate 0.05 | Train Loss: 0.2996 | Val Loss: 0.6207 | Acc (clean): 0.9043 | Acc (poison): 0.9038 | Val Acc: 0.8152 | Time: 00:00:08
Epoch 029 | Seed 42 | Rate 0.05 | Train Loss: 0.2902 | Val Loss: 0.6873 | Acc (clean): 0.9093 | Acc (poison): 0.9081 | Val Acc: 0.8048 | Time: 00:00:08
Epoch 030 | Seed 42 | Rate 0.05 | Train Loss: 0.2930 | Val Loss: 0.7772 | Acc (clean): 0.9070 | Acc (poison): 0.9063 | Val Acc: 0.7859 | Time: 00:00:08
Epoch 031 | Seed 42 | Rate 0.05 | Train Loss: 0.2816 | Val Loss: 0.8383 | Acc (clean): 0.9100 | Acc (poison): 0.9097 | Val Acc: 0.7589 | Time: 00:00:08
Epoch 032 | Seed 42 | Rate 0.05 | Train Loss: 0.2860 | Val Loss: 0.7114 | Acc (clean): 0.9083 | Acc (poison): 0.9080 | Val Acc: 0.7937 | Time: 00:00:08
Epoch 033 | Seed 42 | Rate 0.05 | Train Loss: 0.2767 | Val Loss: 0.6352 | Acc (clean): 0.9100 | Acc (poison): 0.9096 | Val Acc: 0.8219 | Time: 00:00:08
Epoch 034 | Seed 42 | Rate 0.05 | Train Loss: 0.2604 | Val Loss: 0.5115 | Acc (clean): 0.9186 | Acc (poison): 0.9178 | Val Acc: 0.8515 | Time: 00:00:08
Epoch 035 | Seed 42 | Rate 0.05 | Train Loss: 0.2688 | Val Loss: 0.8164 | Acc (clean): 0.9161 | Acc (poison): 0.9156 | Val Acc: 0.7800 | Time: 00:00:08
Epoch 036 | Seed 42 | Rate 0.05 | Train Loss: 0.2714 | Val Loss: 0.6876 | Acc (clean): 0.9146 | Acc (poison): 0.9137 | Val Acc: 0.7989 | Time: 00:00:08
Epoch 037 | Seed 42 | Rate 0.05 | Train Loss: 0.2849 | Val Loss: 0.6816 | Acc (clean): 0.9079 | Acc (poison): 0.9075 | Val Acc: 0.8081 | Time: 00:00:08
Epoch 038 | Seed 42 | Rate 0.05 | Train Loss: 0.2770 | Val Loss: 0.8529 | Acc (clean): 0.9112 | Acc (poison): 0.9105 | Val Acc: 0.7778 | Time: 00:00:08
Epoch 039 | Seed 42 | Rate 0.05 | Train Loss: 0.2545 | Val Loss: 0.7893 | Acc (clean): 0.9173 | Acc (poison): 0.9168 | Val Acc: 0.7722 | Time: 00:00:08
Epoch 040 | Seed 42 | Rate 0.05 | Train Loss: 0.2507 | Val Loss: 0.6417 | Acc (clean): 0.9213 | Acc (poison): 0.9205 | Val Acc: 0.8196 | Time: 00:00:08
Epoch 041 | Seed 42 | Rate 0.05 | Train Loss: 0.2581 | Val Loss: 0.6763 | Acc (clean): 0.9154 | Acc (poison): 0.9151 | Val Acc: 0.8093 | Time: 00:00:08
Epoch 042 | Seed 42 | Rate 0.05 | Train Loss: 0.2559 | Val Loss: 0.7486 | Acc (clean): 0.9165 | Acc (poison): 0.9164 | Val Acc: 0.7804 | Time: 00:00:08
Epoch 043 | Seed 42 | Rate 0.05 | Train Loss: 0.2469 | Val Loss: 0.5413 | Acc (clean): 0.9217 | Acc (poison): 0.9214 | Val Acc: 0.8352 | Time: 00:00:08
Epoch 044 | Seed 42 | Rate 0.05 | Train Loss: 0.2413 | Val Loss: 0.6459 | Acc (clean): 0.9244 | Acc (poison): 0.9242 | Val Acc: 0.8048 | Time: 00:00:08
Epoch 045 | Seed 42 | Rate 0.05 | Train Loss: 0.2473 | Val Loss: 0.7434 | Acc (clean): 0.9207 | Acc (poison): 0.9203 | Val Acc: 0.7889 | Time: 00:00:08
Epoch 046 | Seed 42 | Rate 0.05 | Train Loss: 0.2579 | Val Loss: 0.6991 | Acc (clean): 0.9167 | Acc (poison): 0.9167 | Val Acc: 0.8067 | Time: 00:00:08
Epoch 047 | Seed 42 | Rate 0.05 | Train Loss: 0.2540 | Val Loss: 0.5936 | Acc (clean): 0.9187 | Acc (poison): 0.9186 | Val Acc: 0.8278 | Time: 00:00:08
Epoch 048 | Seed 42 | Rate 0.05 | Train Loss: 0.2303 | Val Loss: 0.6576 | Acc (clean): 0.9273 | Acc (poison): 0.9274 | Val Acc: 0.8156 | Time: 00:00:08
Epoch 049 | Seed 42 | Rate 0.05 | Train Loss: 0.2568 | Val Loss: 0.7315 | Acc (clean): 0.9188 | Acc (poison): 0.9186 | Val Acc: 0.7848 | Time: 00:00:08
Epoch 050 | Seed 42 | Rate 0.05 | Train Loss: 0.2438 | Val Loss: 0.5830 | Acc (clean): 0.9233 | Acc (poison): 0.9229 | Val Acc: 0.8315 | Time: 00:00:08
Epoch 051 | Seed 42 | Rate 0.05 | Train Loss: 0.0974 | Val Loss: 0.2485 | Acc (clean): 0.9716 | Acc (poison): 0.9723 | Val Acc: 0.9215 | Time: 00:00:08
Epoch 052 | Seed 42 | Rate 0.05 | Train Loss: 0.0600 | Val Loss: 0.2319 | Acc (clean): 0.9844 | Acc (poison): 0.9852 | Val Acc: 0.9267 | Time: 00:00:09
Epoch 053 | Seed 42 | Rate 0.05 | Train Loss: 0.0475 | Val Loss: 0.2356 | Acc (clean): 0.9879 | Acc (poison): 0.9888 | Val Acc: 0.9244 | Time: 00:00:08
Epoch 054 | Seed 42 | Rate 0.05 | Train Loss: 0.0390 | Val Loss: 0.2282 | Acc (clean): 0.9909 | Acc (poison): 0.9921 | Val Acc: 0.9274 | Time: 00:00:08
Epoch 055 | Seed 42 | Rate 0.05 | Train Loss: 0.0350 | Val Loss: 0.2242 | Acc (clean): 0.9916 | Acc (poison): 0.9933 | Val Acc: 0.9296 | Time: 00:00:08
Epoch 056 | Seed 42 | Rate 0.05 | Train Loss: 0.0328 | Val Loss: 0.2207 | Acc (clean): 0.9929 | Acc (poison): 0.9944 | Val Acc: 0.9319 | Time: 00:00:08
Epoch 057 | Seed 42 | Rate 0.05 | Train Loss: 0.0295 | Val Loss: 0.2150 | Acc (clean): 0.9931 | Acc (poison): 0.9951 | Val Acc: 0.9322 | Time: 00:00:08
Epoch 058 | Seed 42 | Rate 0.05 | Train Loss: 0.0264 | Val Loss: 0.2233 | Acc (clean): 0.9941 | Acc (poison): 0.9963 | Val Acc: 0.9259 | Time: 00:00:08
Epoch 059 | Seed 42 | Rate 0.05 | Train Loss: 0.0239 | Val Loss: 0.2242 | Acc (clean): 0.9948 | Acc (poison): 0.9967 | Val Acc: 0.9307 | Time: 00:00:08
Epoch 060 | Seed 42 | Rate 0.05 | Train Loss: 0.0222 | Val Loss: 0.2169 | Acc (clean): 0.9954 | Acc (poison): 0.9972 | Val Acc: 0.9322 | Time: 00:00:08
Epoch 061 | Seed 42 | Rate 0.05 | Train Loss: 0.0219 | Val Loss: 0.2197 | Acc (clean): 0.9951 | Acc (poison): 0.9970 | Val Acc: 0.9293 | Time: 00:00:08
Epoch 062 | Seed 42 | Rate 0.05 | Train Loss: 0.0210 | Val Loss: 0.2225 | Acc (clean): 0.9954 | Acc (poison): 0.9976 | Val Acc: 0.9278 | Time: 00:00:08
Epoch 063 | Seed 42 | Rate 0.05 | Train Loss: 0.0186 | Val Loss: 0.2176 | Acc (clean): 0.9962 | Acc (poison): 0.9980 | Val Acc: 0.9319 | Time: 00:00:08
Epoch 064 | Seed 42 | Rate 0.05 | Train Loss: 0.0178 | Val Loss: 0.2257 | Acc (clean): 0.9960 | Acc (poison): 0.9982 | Val Acc: 0.9274 | Time: 00:00:08
Epoch 065 | Seed 42 | Rate 0.05 | Train Loss: 0.0168 | Val Loss: 0.2232 | Acc (clean): 0.9961 | Acc (poison): 0.9983 | Val Acc: 0.9322 | Time: 00:00:08
Epoch 066 | Seed 42 | Rate 0.05 | Train Loss: 0.0172 | Val Loss: 0.2210 | Acc (clean): 0.9959 | Acc (poison): 0.9979 | Val Acc: 0.9304 | Time: 00:00:08
Epoch 067 | Seed 42 | Rate 0.05 | Train Loss: 0.0159 | Val Loss: 0.2167 | Acc (clean): 0.9964 | Acc (poison): 0.9985 | Val Acc: 0.9304 | Time: 00:00:08
Epoch 068 | Seed 42 | Rate 0.05 | Train Loss: 0.0158 | Val Loss: 0.2162 | Acc (clean): 0.9963 | Acc (poison): 0.9984 | Val Acc: 0.9322 | Time: 00:00:08
Epoch 069 | Seed 42 | Rate 0.05 | Train Loss: 0.0158 | Val Loss: 0.2150 | Acc (clean): 0.9958 | Acc (poison): 0.9980 | Val Acc: 0.9333 | Time: 00:00:08
Epoch 070 | Seed 42 | Rate 0.05 | Train Loss: 0.0140 | Val Loss: 0.2159 | Acc (clean): 0.9966 | Acc (poison): 0.9987 | Val Acc: 0.9307 | Time: 00:00:08
Epoch 071 | Seed 42 | Rate 0.05 | Train Loss: 0.0157 | Val Loss: 0.2143 | Acc (clean): 0.9958 | Acc (poison): 0.9980 | Val Acc: 0.9322 | Time: 00:00:08
Epoch 072 | Seed 42 | Rate 0.05 | Train Loss: 0.0136 | Val Loss: 0.2094 | Acc (clean): 0.9970 | Acc (poison): 0.9990 | Val Acc: 0.9348 | Time: 00:00:08
Epoch 073 | Seed 42 | Rate 0.05 | Train Loss: 0.0128 | Val Loss: 0.2098 | Acc (clean): 0.9969 | Acc (poison): 0.9991 | Val Acc: 0.9378 | Time: 00:00:08
Epoch 074 | Seed 42 | Rate 0.05 | Train Loss: 0.0139 | Val Loss: 0.2290 | Acc (clean): 0.9965 | Acc (poison): 0.9987 | Val Acc: 0.9293 | Time: 00:00:08
Epoch 075 | Seed 42 | Rate 0.05 | Train Loss: 0.0132 | Val Loss: 0.2231 | Acc (clean): 0.9970 | Acc (poison): 0.9991 | Val Acc: 0.9315 | Time: 00:00:08
Epoch 076 | Seed 42 | Rate 0.05 | Train Loss: 0.0120 | Val Loss: 0.2150 | Acc (clean): 0.9971 | Acc (poison): 0.9993 | Val Acc: 0.9341 | Time: 00:00:08
Epoch 077 | Seed 42 | Rate 0.05 | Train Loss: 0.0115 | Val Loss: 0.2154 | Acc (clean): 0.9970 | Acc (poison): 0.9993 | Val Acc: 0.9322 | Time: 00:00:08
Epoch 078 | Seed 42 | Rate 0.05 | Train Loss: 0.0112 | Val Loss: 0.2100 | Acc (clean): 0.9971 | Acc (poison): 0.9993 | Val Acc: 0.9367 | Time: 00:00:08
Epoch 079 | Seed 42 | Rate 0.05 | Train Loss: 0.0111 | Val Loss: 0.2105 | Acc (clean): 0.9972 | Acc (poison): 0.9993 | Val Acc: 0.9352 | Time: 00:00:08
Epoch 080 | Seed 42 | Rate 0.05 | Train Loss: 0.0108 | Val Loss: 0.2097 | Acc (clean): 0.9972 | Acc (poison): 0.9994 | Val Acc: 0.9378 | Time: 00:00:08
Epoch 081 | Seed 42 | Rate 0.05 | Train Loss: 0.0105 | Val Loss: 0.2126 | Acc (clean): 0.9972 | Acc (poison): 0.9994 | Val Acc: 0.9367 | Time: 00:00:08
Epoch 082 | Seed 42 | Rate 0.05 | Train Loss: 0.0111 | Val Loss: 0.2103 | Acc (clean): 0.9972 | Acc (poison): 0.9993 | Val Acc: 0.9370 | Time: 00:00:08
Epoch 083 | Seed 42 | Rate 0.05 | Train Loss: 0.0105 | Val Loss: 0.2099 | Acc (clean): 0.9971 | Acc (poison): 0.9993 | Val Acc: 0.9370 | Time: 00:00:08
Epoch 084 | Seed 42 | Rate 0.05 | Train Loss: 0.0106 | Val Loss: 0.2076 | Acc (clean): 0.9972 | Acc (poison): 0.9995 | Val Acc: 0.9363 | Time: 00:00:09
Epoch 085 | Seed 42 | Rate 0.05 | Train Loss: 0.0104 | Val Loss: 0.2090 | Acc (clean): 0.9972 | Acc (poison): 0.9995 | Val Acc: 0.9374 | Time: 00:00:08
Epoch 086 | Seed 42 | Rate 0.05 | Train Loss: 0.0104 | Val Loss: 0.2078 | Acc (clean): 0.9974 | Acc (poison): 0.9995 | Val Acc: 0.9352 | Time: 00:00:08
Epoch 087 | Seed 42 | Rate 0.05 | Train Loss: 0.0107 | Val Loss: 0.2086 | Acc (clean): 0.9972 | Acc (poison): 0.9995 | Val Acc: 0.9359 | Time: 00:00:08
Epoch 088 | Seed 42 | Rate 0.05 | Train Loss: 0.0101 | Val Loss: 0.2095 | Acc (clean): 0.9972 | Acc (poison): 0.9994 | Val Acc: 0.9359 | Time: 00:00:08
Epoch 089 | Seed 42 | Rate 0.05 | Train Loss: 0.0112 | Val Loss: 0.2072 | Acc (clean): 0.9971 | Acc (poison): 0.9993 | Val Acc: 0.9359 | Time: 00:00:08
Epoch 090 | Seed 42 | Rate 0.05 | Train Loss: 0.0109 | Val Loss: 0.2107 | Acc (clean): 0.9973 | Acc (poison): 0.9995 | Val Acc: 0.9352 | Time: 00:00:08
Epoch 091 | Seed 42 | Rate 0.05 | Train Loss: 0.0099 | Val Loss: 0.2107 | Acc (clean): 0.9973 | Acc (poison): 0.9995 | Val Acc: 0.9333 | Time: 00:00:08
Epoch 092 | Seed 42 | Rate 0.05 | Train Loss: 0.0100 | Val Loss: 0.2105 | Acc (clean): 0.9974 | Acc (poison): 0.9996 | Val Acc: 0.9370 | Time: 00:00:08
Epoch 093 | Seed 42 | Rate 0.05 | Train Loss: 0.0105 | Val Loss: 0.2078 | Acc (clean): 0.9972 | Acc (poison): 0.9994 | Val Acc: 0.9341 | Time: 00:00:08
Epoch 094 | Seed 42 | Rate 0.05 | Train Loss: 0.0099 | Val Loss: 0.2061 | Acc (clean): 0.9974 | Acc (poison): 0.9996 | Val Acc: 0.9378 | Time: 00:00:08
Epoch 095 | Seed 42 | Rate 0.05 | Train Loss: 0.0105 | Val Loss: 0.2074 | Acc (clean): 0.9974 | Acc (poison): 0.9995 | Val Acc: 0.9374 | Time: 00:00:08
Epoch 096 | Seed 42 | Rate 0.05 | Train Loss: 0.0099 | Val Loss: 0.2133 | Acc (clean): 0.9974 | Acc (poison): 0.9996 | Val Acc: 0.9330 | Time: 00:00:08
Epoch 097 | Seed 42 | Rate 0.05 | Train Loss: 0.0105 | Val Loss: 0.2080 | Acc (clean): 0.9974 | Acc (poison): 0.9995 | Val Acc: 0.9348 | Time: 00:00:08
Epoch 098 | Seed 42 | Rate 0.05 | Train Loss: 0.0098 | Val Loss: 0.2103 | Acc (clean): 0.9975 | Acc (poison): 0.9997 | Val Acc: 0.9348 | Time: 00:00:08
Epoch 099 | Seed 42 | Rate 0.05 | Train Loss: 0.0098 | Val Loss: 0.2072 | Acc (clean): 0.9974 | Acc (poison): 0.9996 | Val Acc: 0.9367 | Time: 00:00:08
Epoch 100 | Seed 42 | Rate 0.05 | Train Loss: 0.0102 | Val Loss: 0.2097 | Acc (clean): 0.9973 | Acc (poison): 0.9995 | Val Acc: 0.9374 | Time: 00:00:08
Loading train data from /home/yazanme/BachelorThesis/BachelorThesis/data/processed/resisc45/train.h5 with mapping /home/yazanme/BachelorThesis/BachelorThesis/data/processed/resisc45/poisoned/RQ2.2-sim/seed_42/labels_0.10.pt... (in_memory=True, workers=6)
Testing torch.compile support...
Successfully compiled model using torch.compile.
Epoch 001 | Seed 42 | Rate 0.10 | Train Loss: 2.5960 | Val Loss: 2.2522 | Acc (clean): 0.2951 | Acc (poison): 0.2948 | Val Acc: 0.3611 | Time: 00:00:10
Epoch 002 | Seed 42 | Rate 0.10 | Train Loss: 1.7665 | Val Loss: 2.2125 | Acc (clean): 0.4849 | Acc (poison): 0.4844 | Val Acc: 0.4041 | Time: 00:00:08
Epoch 003 | Seed 42 | Rate 0.10 | Train Loss: 1.4550 | Val Loss: 1.7539 | Acc (clean): 0.5650 | Acc (poison): 0.5642 | Val Acc: 0.5007 | Time: 00:00:08
Epoch 004 | Seed 42 | Rate 0.10 | Train Loss: 1.2480 | Val Loss: 1.4082 | Acc (clean): 0.6263 | Acc (poison): 0.6256 | Val Acc: 0.5663 | Time: 00:00:09
Epoch 005 | Seed 42 | Rate 0.10 | Train Loss: 1.0665 | Val Loss: 1.1487 | Acc (clean): 0.6748 | Acc (poison): 0.6739 | Val Acc: 0.6530 | Time: 00:00:08
Epoch 006 | Seed 42 | Rate 0.10 | Train Loss: 0.9180 | Val Loss: 1.3687 | Acc (clean): 0.7167 | Acc (poison): 0.7161 | Val Acc: 0.5963 | Time: 00:00:08
Epoch 007 | Seed 42 | Rate 0.10 | Train Loss: 0.7937 | Val Loss: 0.9928 | Acc (clean): 0.7518 | Acc (poison): 0.7506 | Val Acc: 0.7000 | Time: 00:00:08
Epoch 008 | Seed 42 | Rate 0.10 | Train Loss: 0.6817 | Val Loss: 0.8590 | Acc (clean): 0.7849 | Acc (poison): 0.7837 | Val Acc: 0.7400 | Time: 00:00:08
Epoch 009 | Seed 42 | Rate 0.10 | Train Loss: 0.6116 | Val Loss: 1.0498 | Acc (clean): 0.8083 | Acc (poison): 0.8068 | Val Acc: 0.6893 | Time: 00:00:08
Epoch 010 | Seed 42 | Rate 0.10 | Train Loss: 0.5484 | Val Loss: 0.9177 | Acc (clean): 0.8261 | Acc (poison): 0.8248 | Val Acc: 0.7219 | Time: 00:00:08
Epoch 011 | Seed 42 | Rate 0.10 | Train Loss: 0.5098 | Val Loss: 0.7870 | Acc (clean): 0.8393 | Acc (poison): 0.8382 | Val Acc: 0.7630 | Time: 00:00:08
Epoch 012 | Seed 42 | Rate 0.10 | Train Loss: 0.4821 | Val Loss: 0.7391 | Acc (clean): 0.8462 | Acc (poison): 0.8449 | Val Acc: 0.7715 | Time: 00:00:08
Epoch 013 | Seed 42 | Rate 0.10 | Train Loss: 0.4470 | Val Loss: 0.6646 | Acc (clean): 0.8591 | Acc (poison): 0.8577 | Val Acc: 0.7893 | Time: 00:00:08
Epoch 014 | Seed 42 | Rate 0.10 | Train Loss: 0.4453 | Val Loss: 0.7427 | Acc (clean): 0.8577 | Acc (poison): 0.8561 | Val Acc: 0.7830 | Time: 00:00:08
Epoch 015 | Seed 42 | Rate 0.10 | Train Loss: 0.4137 | Val Loss: 0.8465 | Acc (clean): 0.8690 | Acc (poison): 0.8670 | Val Acc: 0.7530 | Time: 00:00:08
Epoch 016 | Seed 42 | Rate 0.10 | Train Loss: 0.3983 | Val Loss: 0.7290 | Acc (clean): 0.8716 | Acc (poison): 0.8702 | Val Acc: 0.7767 | Time: 00:00:08
Epoch 017 | Seed 42 | Rate 0.10 | Train Loss: 0.3781 | Val Loss: 0.6343 | Acc (clean): 0.8783 | Acc (poison): 0.8770 | Val Acc: 0.8037 | Time: 00:00:08
Epoch 018 | Seed 42 | Rate 0.10 | Train Loss: 0.3740 | Val Loss: 1.3192 | Acc (clean): 0.8816 | Acc (poison): 0.8798 | Val Acc: 0.6607 | Time: 00:00:08
Epoch 019 | Seed 42 | Rate 0.10 | Train Loss: 0.3569 | Val Loss: 0.6255 | Acc (clean): 0.8863 | Acc (poison): 0.8849 | Val Acc: 0.8085 | Time: 00:00:08
Epoch 020 | Seed 42 | Rate 0.10 | Train Loss: 0.3492 | Val Loss: 0.8032 | Acc (clean): 0.8878 | Acc (poison): 0.8860 | Val Acc: 0.7670 | Time: 00:00:08
Epoch 021 | Seed 42 | Rate 0.10 | Train Loss: 0.3521 | Val Loss: 0.6902 | Acc (clean): 0.8853 | Acc (poison): 0.8837 | Val Acc: 0.7993 | Time: 00:00:08
Epoch 022 | Seed 42 | Rate 0.10 | Train Loss: 0.3278 | Val Loss: 0.5918 | Acc (clean): 0.8928 | Acc (poison): 0.8909 | Val Acc: 0.8181 | Time: 00:00:08
Epoch 023 | Seed 42 | Rate 0.10 | Train Loss: 0.3204 | Val Loss: 0.6842 | Acc (clean): 0.8958 | Acc (poison): 0.8944 | Val Acc: 0.7911 | Time: 00:00:08
Epoch 024 | Seed 42 | Rate 0.10 | Train Loss: 0.3304 | Val Loss: 0.6548 | Acc (clean): 0.8947 | Acc (poison): 0.8933 | Val Acc: 0.7933 | Time: 00:00:08
Epoch 025 | Seed 42 | Rate 0.10 | Train Loss: 0.3302 | Val Loss: 0.6322 | Acc (clean): 0.8937 | Acc (poison): 0.8927 | Val Acc: 0.8063 | Time: 00:00:08
Epoch 026 | Seed 42 | Rate 0.10 | Train Loss: 0.3060 | Val Loss: 0.6790 | Acc (clean): 0.9010 | Acc (poison): 0.9003 | Val Acc: 0.7878 | Time: 00:00:08
Epoch 027 | Seed 42 | Rate 0.10 | Train Loss: 0.2939 | Val Loss: 0.5870 | Acc (clean): 0.9066 | Acc (poison): 0.9051 | Val Acc: 0.8281 | Time: 00:00:08
Epoch 028 | Seed 42 | Rate 0.10 | Train Loss: 0.3052 | Val Loss: 0.6312 | Acc (clean): 0.9033 | Acc (poison): 0.9020 | Val Acc: 0.8244 | Time: 00:00:08
Epoch 029 | Seed 42 | Rate 0.10 | Train Loss: 0.2829 | Val Loss: 0.6662 | Acc (clean): 0.9106 | Acc (poison): 0.9093 | Val Acc: 0.8026 | Time: 00:00:08
Epoch 030 | Seed 42 | Rate 0.10 | Train Loss: 0.3074 | Val Loss: 0.8036 | Acc (clean): 0.9020 | Acc (poison): 0.9005 | Val Acc: 0.7607 | Time: 00:00:08
Epoch 031 | Seed 42 | Rate 0.10 | Train Loss: 0.2834 | Val Loss: 0.7257 | Acc (clean): 0.9102 | Acc (poison): 0.9094 | Val Acc: 0.7978 | Time: 00:00:08
Epoch 032 | Seed 42 | Rate 0.10 | Train Loss: 0.2853 | Val Loss: 0.7298 | Acc (clean): 0.9090 | Acc (poison): 0.9077 | Val Acc: 0.7922 | Time: 00:00:08
Epoch 033 | Seed 42 | Rate 0.10 | Train Loss: 0.2854 | Val Loss: 0.7854 | Acc (clean): 0.9099 | Acc (poison): 0.9087 | Val Acc: 0.7726 | Time: 00:00:08
Epoch 034 | Seed 42 | Rate 0.10 | Train Loss: 0.2682 | Val Loss: 0.6458 | Acc (clean): 0.9145 | Acc (poison): 0.9140 | Val Acc: 0.8089 | Time: 00:00:08
Epoch 035 | Seed 42 | Rate 0.10 | Train Loss: 0.2708 | Val Loss: 0.5677 | Acc (clean): 0.9128 | Acc (poison): 0.9116 | Val Acc: 0.8330 | Time: 00:00:09
Epoch 036 | Seed 42 | Rate 0.10 | Train Loss: 0.2654 | Val Loss: 0.7444 | Acc (clean): 0.9172 | Acc (poison): 0.9156 | Val Acc: 0.7893 | Time: 00:00:08
Epoch 037 | Seed 42 | Rate 0.10 | Train Loss: 0.2797 | Val Loss: 0.8429 | Acc (clean): 0.9104 | Acc (poison): 0.9090 | Val Acc: 0.7693 | Time: 00:00:08
Epoch 038 | Seed 42 | Rate 0.10 | Train Loss: 0.2821 | Val Loss: 0.7341 | Acc (clean): 0.9110 | Acc (poison): 0.9103 | Val Acc: 0.7926 | Time: 00:00:08
Epoch 039 | Seed 42 | Rate 0.10 | Train Loss: 0.2487 | Val Loss: 0.9168 | Acc (clean): 0.9216 | Acc (poison): 0.9203 | Val Acc: 0.7448 | Time: 00:00:08
Epoch 040 | Seed 42 | Rate 0.10 | Train Loss: 0.2585 | Val Loss: 0.5731 | Acc (clean): 0.9192 | Acc (poison): 0.9185 | Val Acc: 0.8341 | Time: 00:00:08
Epoch 041 | Seed 42 | Rate 0.10 | Train Loss: 0.2586 | Val Loss: 0.5798 | Acc (clean): 0.9183 | Acc (poison): 0.9175 | Val Acc: 0.8322 | Time: 00:00:08
Epoch 042 | Seed 42 | Rate 0.10 | Train Loss: 0.2611 | Val Loss: 0.5643 | Acc (clean): 0.9171 | Acc (poison): 0.9164 | Val Acc: 0.8259 | Time: 00:00:08
Epoch 043 | Seed 42 | Rate 0.10 | Train Loss: 0.2501 | Val Loss: 0.6743 | Acc (clean): 0.9205 | Acc (poison): 0.9205 | Val Acc: 0.7981 | Time: 00:00:08
Epoch 044 | Seed 42 | Rate 0.10 | Train Loss: 0.2498 | Val Loss: 0.8205 | Acc (clean): 0.9201 | Acc (poison): 0.9195 | Val Acc: 0.7674 | Time: 00:00:08
Epoch 045 | Seed 42 | Rate 0.10 | Train Loss: 0.2548 | Val Loss: 0.9913 | Acc (clean): 0.9189 | Acc (poison): 0.9183 | Val Acc: 0.7244 | Time: 00:00:08
Epoch 046 | Seed 42 | Rate 0.10 | Train Loss: 0.2568 | Val Loss: 0.7123 | Acc (clean): 0.9186 | Acc (poison): 0.9188 | Val Acc: 0.7989 | Time: 00:00:08
Epoch 047 | Seed 42 | Rate 0.10 | Train Loss: 0.2564 | Val Loss: 0.5457 | Acc (clean): 0.9179 | Acc (poison): 0.9179 | Val Acc: 0.8389 | Time: 00:00:09
Epoch 048 | Seed 42 | Rate 0.10 | Train Loss: 0.2302 | Val Loss: 0.7055 | Acc (clean): 0.9277 | Acc (poison): 0.9269 | Val Acc: 0.8011 | Time: 00:00:08
Epoch 049 | Seed 42 | Rate 0.10 | Train Loss: 0.2533 | Val Loss: 0.9593 | Acc (clean): 0.9180 | Acc (poison): 0.9179 | Val Acc: 0.7422 | Time: 00:00:08
Epoch 050 | Seed 42 | Rate 0.10 | Train Loss: 0.2520 | Val Loss: 0.7495 | Acc (clean): 0.9203 | Acc (poison): 0.9203 | Val Acc: 0.7744 | Time: 00:00:08
Epoch 051 | Seed 42 | Rate 0.10 | Train Loss: 0.1041 | Val Loss: 0.2437 | Acc (clean): 0.9700 | Acc (poison): 0.9704 | Val Acc: 0.9211 | Time: 00:00:08
Epoch 052 | Seed 42 | Rate 0.10 | Train Loss: 0.0627 | Val Loss: 0.2372 | Acc (clean): 0.9831 | Acc (poison): 0.9841 | Val Acc: 0.9274 | Time: 00:00:08
Epoch 053 | Seed 42 | Rate 0.10 | Train Loss: 0.0498 | Val Loss: 0.2347 | Acc (clean): 0.9867 | Acc (poison): 0.9882 | Val Acc: 0.9244 | Time: 00:00:08
Epoch 054 | Seed 42 | Rate 0.10 | Train Loss: 0.0424 | Val Loss: 0.2305 | Acc (clean): 0.9898 | Acc (poison): 0.9911 | Val Acc: 0.9281 | Time: 00:00:08
Epoch 055 | Seed 42 | Rate 0.10 | Train Loss: 0.0382 | Val Loss: 0.2233 | Acc (clean): 0.9902 | Acc (poison): 0.9924 | Val Acc: 0.9311 | Time: 00:00:09
Epoch 056 | Seed 42 | Rate 0.10 | Train Loss: 0.0345 | Val Loss: 0.2204 | Acc (clean): 0.9904 | Acc (poison): 0.9934 | Val Acc: 0.9326 | Time: 00:00:08
Epoch 057 | Seed 42 | Rate 0.10 | Train Loss: 0.0297 | Val Loss: 0.2218 | Acc (clean): 0.9916 | Acc (poison): 0.9950 | Val Acc: 0.9304 | Time: 00:00:08
Epoch 058 | Seed 42 | Rate 0.10 | Train Loss: 0.0288 | Val Loss: 0.2230 | Acc (clean): 0.9914 | Acc (poison): 0.9947 | Val Acc: 0.9311 | Time: 00:00:08
Epoch 059 | Seed 42 | Rate 0.10 | Train Loss: 0.0255 | Val Loss: 0.2224 | Acc (clean): 0.9923 | Acc (poison): 0.9955 | Val Acc: 0.9333 | Time: 00:00:08
Epoch 060 | Seed 42 | Rate 0.10 | Train Loss: 0.0237 | Val Loss: 0.2183 | Acc (clean): 0.9929 | Acc (poison): 0.9963 | Val Acc: 0.9374 | Time: 00:00:08
Epoch 061 | Seed 42 | Rate 0.10 | Train Loss: 0.0224 | Val Loss: 0.2203 | Acc (clean): 0.9927 | Acc (poison): 0.9966 | Val Acc: 0.9322 | Time: 00:00:08
Epoch 062 | Seed 42 | Rate 0.10 | Train Loss: 0.0220 | Val Loss: 0.2284 | Acc (clean): 0.9923 | Acc (poison): 0.9965 | Val Acc: 0.9315 | Time: 00:00:08
Epoch 063 | Seed 42 | Rate 0.10 | Train Loss: 0.0186 | Val Loss: 0.2236 | Acc (clean): 0.9940 | Acc (poison): 0.9980 | Val Acc: 0.9333 | Time: 00:00:08
Epoch 064 | Seed 42 | Rate 0.10 | Train Loss: 0.0181 | Val Loss: 0.2326 | Acc (clean): 0.9937 | Acc (poison): 0.9979 | Val Acc: 0.9322 | Time: 00:00:08
Epoch 065 | Seed 42 | Rate 0.10 | Train Loss: 0.0173 | Val Loss: 0.2249 | Acc (clean): 0.9942 | Acc (poison): 0.9982 | Val Acc: 0.9341 | Time: 00:00:08
Epoch 066 | Seed 42 | Rate 0.10 | Train Loss: 0.0183 | Val Loss: 0.2285 | Acc (clean): 0.9933 | Acc (poison): 0.9976 | Val Acc: 0.9285 | Time: 00:00:08
Epoch 067 | Seed 42 | Rate 0.10 | Train Loss: 0.0162 | Val Loss: 0.2263 | Acc (clean): 0.9942 | Acc (poison): 0.9983 | Val Acc: 0.9319 | Time: 00:00:08
Epoch 068 | Seed 42 | Rate 0.10 | Train Loss: 0.0156 | Val Loss: 0.2252 | Acc (clean): 0.9945 | Acc (poison): 0.9989 | Val Acc: 0.9337 | Time: 00:00:08
Epoch 069 | Seed 42 | Rate 0.10 | Train Loss: 0.0164 | Val Loss: 0.2227 | Acc (clean): 0.9938 | Acc (poison): 0.9980 | Val Acc: 0.9348 | Time: 00:00:08
Epoch 070 | Seed 42 | Rate 0.10 | Train Loss: 0.0143 | Val Loss: 0.2298 | Acc (clean): 0.9943 | Acc (poison): 0.9988 | Val Acc: 0.9304 | Time: 00:00:08
Epoch 071 | Seed 42 | Rate 0.10 | Train Loss: 0.0162 | Val Loss: 0.2221 | Acc (clean): 0.9935 | Acc (poison): 0.9978 | Val Acc: 0.9344 | Time: 00:00:08
Epoch 072 | Seed 42 | Rate 0.10 | Train Loss: 0.0138 | Val Loss: 0.2215 | Acc (clean): 0.9945 | Acc (poison): 0.9990 | Val Acc: 0.9326 | Time: 00:00:08
Epoch 073 | Seed 42 | Rate 0.10 | Train Loss: 0.0132 | Val Loss: 0.2276 | Acc (clean): 0.9947 | Acc (poison): 0.9990 | Val Acc: 0.9344 | Time: 00:00:08
Epoch 074 | Seed 42 | Rate 0.10 | Train Loss: 0.0141 | Val Loss: 0.2426 | Acc (clean): 0.9944 | Acc (poison): 0.9986 | Val Acc: 0.9319 | Time: 00:00:08
Epoch 075 | Seed 42 | Rate 0.10 | Train Loss: 0.0134 | Val Loss: 0.2266 | Acc (clean): 0.9944 | Acc (poison): 0.9986 | Val Acc: 0.9300 | Time: 00:00:08
Epoch 076 | Seed 42 | Rate 0.10 | Train Loss: 0.0123 | Val Loss: 0.2204 | Acc (clean): 0.9949 | Acc (poison): 0.9993 | Val Acc: 0.9348 | Time: 00:00:08
Epoch 077 | Seed 42 | Rate 0.10 | Train Loss: 0.0114 | Val Loss: 0.2178 | Acc (clean): 0.9951 | Acc (poison): 0.9996 | Val Acc: 0.9344 | Time: 00:00:08
Epoch 078 | Seed 42 | Rate 0.10 | Train Loss: 0.0118 | Val Loss: 0.2168 | Acc (clean): 0.9947 | Acc (poison): 0.9991 | Val Acc: 0.9363 | Time: 00:00:08
Epoch 079 | Seed 42 | Rate 0.10 | Train Loss: 0.0115 | Val Loss: 0.2182 | Acc (clean): 0.9949 | Acc (poison): 0.9993 | Val Acc: 0.9337 | Time: 00:00:08
Epoch 080 | Seed 42 | Rate 0.10 | Train Loss: 0.0111 | Val Loss: 0.2152 | Acc (clean): 0.9950 | Acc (poison): 0.9994 | Val Acc: 0.9370 | Time: 00:00:09
Epoch 081 | Seed 42 | Rate 0.10 | Train Loss: 0.0106 | Val Loss: 0.2197 | Acc (clean): 0.9952 | Acc (poison): 0.9996 | Val Acc: 0.9344 | Time: 00:00:08
Epoch 082 | Seed 42 | Rate 0.10 | Train Loss: 0.0108 | Val Loss: 0.2175 | Acc (clean): 0.9950 | Acc (poison): 0.9994 | Val Acc: 0.9356 | Time: 00:00:08
Epoch 083 | Seed 42 | Rate 0.10 | Train Loss: 0.0104 | Val Loss: 0.2164 | Acc (clean): 0.9949 | Acc (poison): 0.9993 | Val Acc: 0.9363 | Time: 00:00:08
Epoch 084 | Seed 42 | Rate 0.10 | Train Loss: 0.0105 | Val Loss: 0.2140 | Acc (clean): 0.9953 | Acc (poison): 0.9995 | Val Acc: 0.9363 | Time: 00:00:08
Epoch 085 | Seed 42 | Rate 0.10 | Train Loss: 0.0112 | Val Loss: 0.2168 | Acc (clean): 0.9950 | Acc (poison): 0.9994 | Val Acc: 0.9363 | Time: 00:00:08
Epoch 086 | Seed 42 | Rate 0.10 | Train Loss: 0.0106 | Val Loss: 0.2160 | Acc (clean): 0.9949 | Acc (poison): 0.9994 | Val Acc: 0.9352 | Time: 00:00:08
Epoch 087 | Seed 42 | Rate 0.10 | Train Loss: 0.0103 | Val Loss: 0.2164 | Acc (clean): 0.9949 | Acc (poison): 0.9994 | Val Acc: 0.9352 | Time: 00:00:08
Epoch 088 | Seed 42 | Rate 0.10 | Train Loss: 0.0103 | Val Loss: 0.2185 | Acc (clean): 0.9951 | Acc (poison): 0.9996 | Val Acc: 0.9348 | Time: 00:00:08
Epoch 089 | Seed 42 | Rate 0.10 | Train Loss: 0.0110 | Val Loss: 0.2167 | Acc (clean): 0.9951 | Acc (poison): 0.9995 | Val Acc: 0.9356 | Time: 00:00:08
Epoch 090 | Seed 42 | Rate 0.10 | Train Loss: 0.0110 | Val Loss: 0.2175 | Acc (clean): 0.9949 | Acc (poison): 0.9994 | Val Acc: 0.9341 | Time: 00:00:08
Epoch 091 | Seed 42 | Rate 0.10 | Train Loss: 0.0103 | Val Loss: 0.2163 | Acc (clean): 0.9949 | Acc (poison): 0.9994 | Val Acc: 0.9356 | Time: 00:00:08
Epoch 092 | Seed 42 | Rate 0.10 | Train Loss: 0.0100 | Val Loss: 0.2169 | Acc (clean): 0.9950 | Acc (poison): 0.9994 | Val Acc: 0.9370 | Time: 00:00:08
Epoch 093 | Seed 42 | Rate 0.10 | Train Loss: 0.0105 | Val Loss: 0.2160 | Acc (clean): 0.9953 | Acc (poison): 0.9996 | Val Acc: 0.9374 | Time: 00:00:08
Epoch 094 | Seed 42 | Rate 0.10 | Train Loss: 0.0099 | Val Loss: 0.2139 | Acc (clean): 0.9953 | Acc (poison): 0.9997 | Val Acc: 0.9370 | Time: 00:00:08
Epoch 095 | Seed 42 | Rate 0.10 | Train Loss: 0.0103 | Val Loss: 0.2164 | Acc (clean): 0.9953 | Acc (poison): 0.9997 | Val Acc: 0.9370 | Time: 00:00:08
Epoch 096 | Seed 42 | Rate 0.10 | Train Loss: 0.0100 | Val Loss: 0.2237 | Acc (clean): 0.9950 | Acc (poison): 0.9995 | Val Acc: 0.9322 | Time: 00:00:08
Epoch 097 | Seed 42 | Rate 0.10 | Train Loss: 0.0105 | Val Loss: 0.2176 | Acc (clean): 0.9951 | Acc (poison): 0.9995 | Val Acc: 0.9333 | Time: 00:00:08
Epoch 098 | Seed 42 | Rate 0.10 | Train Loss: 0.0102 | Val Loss: 0.2185 | Acc (clean): 0.9951 | Acc (poison): 0.9996 | Val Acc: 0.9341 | Time: 00:00:08
Epoch 099 | Seed 42 | Rate 0.10 | Train Loss: 0.0101 | Val Loss: 0.2146 | Acc (clean): 0.9951 | Acc (poison): 0.9995 | Val Acc: 0.9363 | Time: 00:00:08
Epoch 100 | Seed 42 | Rate 0.10 | Train Loss: 0.0103 | Val Loss: 0.2161 | Acc (clean): 0.9951 | Acc (poison): 0.9994 | Val Acc: 0.9381 | Time: 00:00:08
Loading train data from /home/yazanme/BachelorThesis/BachelorThesis/data/processed/resisc45/train.h5 with mapping /home/yazanme/BachelorThesis/BachelorThesis/data/processed/resisc45/poisoned/RQ2.2-sim/seed_42/labels_0.20.pt... (in_memory=True, workers=6)
Testing torch.compile support...
Successfully compiled model using torch.compile.
Epoch 001 | Seed 42 | Rate 0.20 | Train Loss: 2.6519 | Val Loss: 2.1436 | Acc (clean): 0.2858 | Acc (poison): 0.2854 | Val Acc: 0.3763 | Time: 00:00:09
Epoch 002 | Seed 42 | Rate 0.20 | Train Loss: 1.7982 | Val Loss: 3.2449 | Acc (clean): 0.4749 | Acc (poison): 0.4740 | Val Acc: 0.2622 | Time: 00:00:08
Epoch 003 | Seed 42 | Rate 0.20 | Train Loss: 1.4843 | Val Loss: 1.7436 | Acc (clean): 0.5539 | Acc (poison): 0.5524 | Val Acc: 0.4900 | Time: 00:00:08
Epoch 004 | Seed 42 | Rate 0.20 | Train Loss: 1.2694 | Val Loss: 1.4886 | Acc (clean): 0.6196 | Acc (poison): 0.6187 | Val Acc: 0.5444 | Time: 00:00:08
Epoch 005 | Seed 42 | Rate 0.20 | Train Loss: 1.0910 | Val Loss: 1.3265 | Acc (clean): 0.6675 | Acc (poison): 0.6667 | Val Acc: 0.6096 | Time: 00:00:08
Epoch 006 | Seed 42 | Rate 0.20 | Train Loss: 0.9590 | Val Loss: 1.2601 | Acc (clean): 0.7046 | Acc (poison): 0.7028 | Val Acc: 0.6315 | Time: 00:00:08
Epoch 007 | Seed 42 | Rate 0.20 | Train Loss: 0.8276 | Val Loss: 0.9291 | Acc (clean): 0.7419 | Acc (poison): 0.7400 | Val Acc: 0.7200 | Time: 00:00:08
Epoch 008 | Seed 42 | Rate 0.20 | Train Loss: 0.7192 | Val Loss: 0.9637 | Acc (clean): 0.7758 | Acc (poison): 0.7730 | Val Acc: 0.7119 | Time: 00:00:08
Epoch 009 | Seed 42 | Rate 0.20 | Train Loss: 0.6412 | Val Loss: 0.9304 | Acc (clean): 0.7990 | Acc (poison): 0.7970 | Val Acc: 0.7174 | Time: 00:00:08
Epoch 010 | Seed 42 | Rate 0.20 | Train Loss: 0.5697 | Val Loss: 0.8167 | Acc (clean): 0.8196 | Acc (poison): 0.8178 | Val Acc: 0.7500 | Time: 00:00:08
Epoch 011 | Seed 42 | Rate 0.20 | Train Loss: 0.5276 | Val Loss: 0.8620 | Acc (clean): 0.8353 | Acc (poison): 0.8328 | Val Acc: 0.7300 | Time: 00:00:08
Epoch 012 | Seed 42 | Rate 0.20 | Train Loss: 0.4928 | Val Loss: 0.8755 | Acc (clean): 0.8411 | Acc (poison): 0.8386 | Val Acc: 0.7389 | Time: 00:00:08
Epoch 013 | Seed 42 | Rate 0.20 | Train Loss: 0.4689 | Val Loss: 0.7901 | Acc (clean): 0.8502 | Acc (poison): 0.8477 | Val Acc: 0.7596 | Time: 00:00:08
Epoch 014 | Seed 42 | Rate 0.20 | Train Loss: 0.4363 | Val Loss: 0.8074 | Acc (clean): 0.8584 | Acc (poison): 0.8566 | Val Acc: 0.7537 | Time: 00:00:08
Epoch 015 | Seed 42 | Rate 0.20 | Train Loss: 0.4181 | Val Loss: 0.9747 | Acc (clean): 0.8666 | Acc (poison): 0.8651 | Val Acc: 0.7159 | Time: 00:00:08
Epoch 016 | Seed 42 | Rate 0.20 | Train Loss: 0.4117 | Val Loss: 0.6240 | Acc (clean): 0.8665 | Acc (poison): 0.8637 | Val Acc: 0.8037 | Time: 00:00:08
Epoch 017 | Seed 42 | Rate 0.20 | Train Loss: 0.3791 | Val Loss: 0.6442 | Acc (clean): 0.8810 | Acc (poison): 0.8786 | Val Acc: 0.7996 | Time: 00:00:08
Epoch 018 | Seed 42 | Rate 0.20 | Train Loss: 0.3804 | Val Loss: 0.8206 | Acc (clean): 0.8790 | Acc (poison): 0.8765 | Val Acc: 0.7581 | Time: 00:00:08
Epoch 019 | Seed 42 | Rate 0.20 | Train Loss: 0.3690 | Val Loss: 0.7446 | Acc (clean): 0.8787 | Acc (poison): 0.8759 | Val Acc: 0.7733 | Time: 00:00:08
Epoch 020 | Seed 42 | Rate 0.20 | Train Loss: 0.3530 | Val Loss: 0.8975 | Acc (clean): 0.8858 | Acc (poison): 0.8836 | Val Acc: 0.7415 | Time: 00:00:08
Epoch 021 | Seed 42 | Rate 0.20 | Train Loss: 0.3482 | Val Loss: 0.6912 | Acc (clean): 0.8872 | Acc (poison): 0.8852 | Val Acc: 0.7956 | Time: 00:00:08
Epoch 022 | Seed 42 | Rate 0.20 | Train Loss: 0.3476 | Val Loss: 0.7002 | Acc (clean): 0.8877 | Acc (poison): 0.8853 | Val Acc: 0.7856 | Time: 00:00:08
Epoch 023 | Seed 42 | Rate 0.20 | Train Loss: 0.3203 | Val Loss: 0.6952 | Acc (clean): 0.8952 | Acc (poison): 0.8924 | Val Acc: 0.8015 | Time: 00:00:08
Epoch 024 | Seed 42 | Rate 0.20 | Train Loss: 0.3290 | Val Loss: 0.6111 | Acc (clean): 0.8942 | Acc (poison): 0.8917 | Val Acc: 0.8085 | Time: 00:00:08
Epoch 025 | Seed 42 | Rate 0.20 | Train Loss: 0.3305 | Val Loss: 0.6552 | Acc (clean): 0.8913 | Acc (poison): 0.8904 | Val Acc: 0.8122 | Time: 00:00:08
Epoch 026 | Seed 42 | Rate 0.20 | Train Loss: 0.3285 | Val Loss: 0.5871 | Acc (clean): 0.8918 | Acc (poison): 0.8899 | Val Acc: 0.8167 | Time: 00:00:08
Epoch 027 | Seed 42 | Rate 0.20 | Train Loss: 0.2999 | Val Loss: 0.9877 | Acc (clean): 0.9023 | Acc (poison): 0.9002 | Val Acc: 0.7189 | Time: 00:00:08
Epoch 028 | Seed 42 | Rate 0.20 | Train Loss: 0.3135 | Val Loss: 0.6453 | Acc (clean): 0.9003 | Acc (poison): 0.8988 | Val Acc: 0.8111 | Time: 00:00:08
Epoch 029 | Seed 42 | Rate 0.20 | Train Loss: 0.2937 | Val Loss: 0.7625 | Acc (clean): 0.9044 | Acc (poison): 0.9030 | Val Acc: 0.7819 | Time: 00:00:08
Epoch 030 | Seed 42 | Rate 0.20 | Train Loss: 0.2983 | Val Loss: 0.8168 | Acc (clean): 0.9039 | Acc (poison): 0.9026 | Val Acc: 0.7633 | Time: 00:00:08
Epoch 031 | Seed 42 | Rate 0.20 | Train Loss: 0.2833 | Val Loss: 0.6218 | Acc (clean): 0.9083 | Acc (poison): 0.9072 | Val Acc: 0.8163 | Time: 00:00:08
Epoch 032 | Seed 42 | Rate 0.20 | Train Loss: 0.2971 | Val Loss: 0.6114 | Acc (clean): 0.9028 | Acc (poison): 0.9019 | Val Acc: 0.8070 | Time: 00:00:08
Epoch 033 | Seed 42 | Rate 0.20 | Train Loss: 0.2777 | Val Loss: 0.6076 | Acc (clean): 0.9103 | Acc (poison): 0.9088 | Val Acc: 0.8185 | Time: 00:00:08
Epoch 034 | Seed 42 | Rate 0.20 | Train Loss: 0.2774 | Val Loss: 0.8392 | Acc (clean): 0.9103 | Acc (poison): 0.9100 | Val Acc: 0.7689 | Time: 00:00:08
Epoch 035 | Seed 42 | Rate 0.20 | Train Loss: 0.2778 | Val Loss: 0.7348 | Acc (clean): 0.9098 | Acc (poison): 0.9091 | Val Acc: 0.7826 | Time: 00:00:08
Epoch 036 | Seed 42 | Rate 0.20 | Train Loss: 0.2778 | Val Loss: 0.5934 | Acc (clean): 0.9081 | Acc (poison): 0.9075 | Val Acc: 0.8304 | Time: 00:00:08
Epoch 037 | Seed 42 | Rate 0.20 | Train Loss: 0.2691 | Val Loss: 0.6217 | Acc (clean): 0.9109 | Acc (poison): 0.9104 | Val Acc: 0.8056 | Time: 00:00:08
Epoch 038 | Seed 42 | Rate 0.20 | Train Loss: 0.2734 | Val Loss: 0.9376 | Acc (clean): 0.9106 | Acc (poison): 0.9095 | Val Acc: 0.7574 | Time: 00:00:08
Epoch 039 | Seed 42 | Rate 0.20 | Train Loss: 0.2773 | Val Loss: 0.8785 | Acc (clean): 0.9098 | Acc (poison): 0.9087 | Val Acc: 0.7578 | Time: 00:00:08
Epoch 040 | Seed 42 | Rate 0.20 | Train Loss: 0.2490 | Val Loss: 0.7625 | Acc (clean): 0.9199 | Acc (poison): 0.9199 | Val Acc: 0.7870 | Time: 00:00:08
Epoch 041 | Seed 42 | Rate 0.20 | Train Loss: 0.2567 | Val Loss: 0.5995 | Acc (clean): 0.9159 | Acc (poison): 0.9151 | Val Acc: 0.8241 | Time: 00:00:08
Epoch 042 | Seed 42 | Rate 0.20 | Train Loss: 0.2604 | Val Loss: 0.5374 | Acc (clean): 0.9144 | Acc (poison): 0.9151 | Val Acc: 0.8396 | Time: 00:00:08
Epoch 043 | Seed 42 | Rate 0.20 | Train Loss: 0.2536 | Val Loss: 0.6359 | Acc (clean): 0.9173 | Acc (poison): 0.9175 | Val Acc: 0.8093 | Time: 00:00:08
Epoch 044 | Seed 42 | Rate 0.20 | Train Loss: 0.2621 | Val Loss: 0.7575 | Acc (clean): 0.9135 | Acc (poison): 0.9143 | Val Acc: 0.7833 | Time: 00:00:08
Epoch 045 | Seed 42 | Rate 0.20 | Train Loss: 0.2560 | Val Loss: 0.7040 | Acc (clean): 0.9159 | Acc (poison): 0.9163 | Val Acc: 0.7930 | Time: 00:00:08
Epoch 046 | Seed 42 | Rate 0.20 | Train Loss: 0.2479 | Val Loss: 0.8249 | Acc (clean): 0.9198 | Acc (poison): 0.9197 | Val Acc: 0.7652 | Time: 00:00:08
Epoch 047 | Seed 42 | Rate 0.20 | Train Loss: 0.2681 | Val Loss: 0.6826 | Acc (clean): 0.9122 | Acc (poison): 0.9125 | Val Acc: 0.8007 | Time: 00:00:08
Epoch 048 | Seed 42 | Rate 0.20 | Train Loss: 0.2463 | Val Loss: 0.6159 | Acc (clean): 0.9208 | Acc (poison): 0.9212 | Val Acc: 0.8215 | Time: 00:00:08
Epoch 049 | Seed 42 | Rate 0.20 | Train Loss: 0.2578 | Val Loss: 0.5839 | Acc (clean): 0.9151 | Acc (poison): 0.9158 | Val Acc: 0.8226 | Time: 00:00:08
Epoch 050 | Seed 42 | Rate 0.20 | Train Loss: 0.2569 | Val Loss: 0.5835 | Acc (clean): 0.9180 | Acc (poison): 0.9179 | Val Acc: 0.8200 | Time: 00:00:08
Epoch 051 | Seed 42 | Rate 0.20 | Train Loss: 0.1126 | Val Loss: 0.2598 | Acc (clean): 0.9667 | Acc (poison): 0.9677 | Val Acc: 0.9115 | Time: 00:00:08
Epoch 052 | Seed 42 | Rate 0.20 | Train Loss: 0.0676 | Val Loss: 0.2449 | Acc (clean): 0.9797 | Acc (poison): 0.9830 | Val Acc: 0.9170 | Time: 00:00:08
Epoch 053 | Seed 42 | Rate 0.20 | Train Loss: 0.0529 | Val Loss: 0.2469 | Acc (clean): 0.9835 | Acc (poison): 0.9882 | Val Acc: 0.9178 | Time: 00:00:08
Epoch 054 | Seed 42 | Rate 0.20 | Train Loss: 0.0448 | Val Loss: 0.2499 | Acc (clean): 0.9850 | Acc (poison): 0.9900 | Val Acc: 0.9163 | Time: 00:00:08
Epoch 055 | Seed 42 | Rate 0.20 | Train Loss: 0.0395 | Val Loss: 0.2371 | Acc (clean): 0.9859 | Acc (poison): 0.9913 | Val Acc: 0.9215 | Time: 00:00:08
Epoch 056 | Seed 42 | Rate 0.20 | Train Loss: 0.0362 | Val Loss: 0.2386 | Acc (clean): 0.9863 | Acc (poison): 0.9927 | Val Acc: 0.9170 | Time: 00:00:08
Epoch 057 | Seed 42 | Rate 0.20 | Train Loss: 0.0327 | Val Loss: 0.2421 | Acc (clean): 0.9863 | Acc (poison): 0.9942 | Val Acc: 0.9226 | Time: 00:00:08
Epoch 058 | Seed 42 | Rate 0.20 | Train Loss: 0.0297 | Val Loss: 0.2426 | Acc (clean): 0.9879 | Acc (poison): 0.9956 | Val Acc: 0.9211 | Time: 00:00:08
Epoch 059 | Seed 42 | Rate 0.20 | Train Loss: 0.0260 | Val Loss: 0.2458 | Acc (clean): 0.9884 | Acc (poison): 0.9962 | Val Acc: 0.9226 | Time: 00:00:08
Epoch 060 | Seed 42 | Rate 0.20 | Train Loss: 0.0255 | Val Loss: 0.2373 | Acc (clean): 0.9886 | Acc (poison): 0.9965 | Val Acc: 0.9237 | Time: 00:00:08
Epoch 061 | Seed 42 | Rate 0.20 | Train Loss: 0.0234 | Val Loss: 0.2469 | Acc (clean): 0.9885 | Acc (poison): 0.9962 | Val Acc: 0.9196 | Time: 00:00:08
Epoch 062 | Seed 42 | Rate 0.20 | Train Loss: 0.0233 | Val Loss: 0.2582 | Acc (clean): 0.9886 | Acc (poison): 0.9966 | Val Acc: 0.9181 | Time: 00:00:08
Epoch 063 | Seed 42 | Rate 0.20 | Train Loss: 0.0191 | Val Loss: 0.2511 | Acc (clean): 0.9894 | Acc (poison): 0.9981 | Val Acc: 0.9211 | Time: 00:00:08
Epoch 064 | Seed 42 | Rate 0.20 | Train Loss: 0.0190 | Val Loss: 0.2527 | Acc (clean): 0.9893 | Acc (poison): 0.9975 | Val Acc: 0.9204 | Time: 00:00:08
Epoch 065 | Seed 42 | Rate 0.20 | Train Loss: 0.0180 | Val Loss: 0.2515 | Acc (clean): 0.9893 | Acc (poison): 0.9979 | Val Acc: 0.9233 | Time: 00:00:08
Epoch 066 | Seed 42 | Rate 0.20 | Train Loss: 0.0177 | Val Loss: 0.2568 | Acc (clean): 0.9895 | Acc (poison): 0.9982 | Val Acc: 0.9211 | Time: 00:00:08
Epoch 067 | Seed 42 | Rate 0.20 | Train Loss: 0.0171 | Val Loss: 0.2555 | Acc (clean): 0.9893 | Acc (poison): 0.9979 | Val Acc: 0.9230 | Time: 00:00:08
Epoch 068 | Seed 42 | Rate 0.20 | Train Loss: 0.0164 | Val Loss: 0.2477 | Acc (clean): 0.9897 | Acc (poison): 0.9983 | Val Acc: 0.9237 | Time: 00:00:08
Epoch 069 | Seed 42 | Rate 0.20 | Train Loss: 0.0157 | Val Loss: 0.2488 | Acc (clean): 0.9900 | Acc (poison): 0.9985 | Val Acc: 0.9281 | Time: 00:00:08
Epoch 070 | Seed 42 | Rate 0.20 | Train Loss: 0.0141 | Val Loss: 0.2469 | Acc (clean): 0.9902 | Acc (poison): 0.9990 | Val Acc: 0.9256 | Time: 00:00:08
Epoch 071 | Seed 42 | Rate 0.20 | Train Loss: 0.0161 | Val Loss: 0.2467 | Acc (clean): 0.9898 | Acc (poison): 0.9982 | Val Acc: 0.9244 | Time: 00:00:08
Epoch 072 | Seed 42 | Rate 0.20 | Train Loss: 0.0141 | Val Loss: 0.2533 | Acc (clean): 0.9901 | Acc (poison): 0.9988 | Val Acc: 0.9259 | Time: 00:00:08
Epoch 073 | Seed 42 | Rate 0.20 | Train Loss: 0.0132 | Val Loss: 0.2538 | Acc (clean): 0.9903 | Acc (poison): 0.9990 | Val Acc: 0.9233 | Time: 00:00:08
Epoch 074 | Seed 42 | Rate 0.20 | Train Loss: 0.0141 | Val Loss: 0.2570 | Acc (clean): 0.9899 | Acc (poison): 0.9986 | Val Acc: 0.9237 | Time: 00:00:08
Epoch 075 | Seed 42 | Rate 0.20 | Train Loss: 0.0135 | Val Loss: 0.2551 | Acc (clean): 0.9905 | Acc (poison): 0.9991 | Val Acc: 0.9237 | Time: 00:00:08
Epoch 076 | Seed 42 | Rate 0.20 | Train Loss: 0.0125 | Val Loss: 0.2466 | Acc (clean): 0.9907 | Acc (poison): 0.9993 | Val Acc: 0.9263 | Time: 00:00:08
Epoch 077 | Seed 42 | Rate 0.20 | Train Loss: 0.0114 | Val Loss: 0.2473 | Acc (clean): 0.9906 | Acc (poison): 0.9994 | Val Acc: 0.9263 | Time: 00:00:08
Epoch 078 | Seed 42 | Rate 0.20 | Train Loss: 0.0115 | Val Loss: 0.2438 | Acc (clean): 0.9904 | Acc (poison): 0.9992 | Val Acc: 0.9259 | Time: 00:00:08
Epoch 079 | Seed 42 | Rate 0.20 | Train Loss: 0.0113 | Val Loss: 0.2459 | Acc (clean): 0.9908 | Acc (poison): 0.9996 | Val Acc: 0.9267 | Time: 00:00:08
Epoch 080 | Seed 42 | Rate 0.20 | Train Loss: 0.0112 | Val Loss: 0.2423 | Acc (clean): 0.9902 | Acc (poison): 0.9991 | Val Acc: 0.9267 | Time: 00:00:08
Epoch 081 | Seed 42 | Rate 0.20 | Train Loss: 0.0110 | Val Loss: 0.2461 | Acc (clean): 0.9904 | Acc (poison): 0.9993 | Val Acc: 0.9252 | Time: 00:00:08
Epoch 082 | Seed 42 | Rate 0.20 | Train Loss: 0.0113 | Val Loss: 0.2458 | Acc (clean): 0.9905 | Acc (poison): 0.9993 | Val Acc: 0.9267 | Time: 00:00:08
Epoch 083 | Seed 42 | Rate 0.20 | Train Loss: 0.0107 | Val Loss: 0.2435 | Acc (clean): 0.9905 | Acc (poison): 0.9994 | Val Acc: 0.9256 | Time: 00:00:08
Epoch 084 | Seed 42 | Rate 0.20 | Train Loss: 0.0105 | Val Loss: 0.2414 | Acc (clean): 0.9906 | Acc (poison): 0.9995 | Val Acc: 0.9274 | Time: 00:00:08
Epoch 085 | Seed 42 | Rate 0.20 | Train Loss: 0.0110 | Val Loss: 0.2421 | Acc (clean): 0.9904 | Acc (poison): 0.9993 | Val Acc: 0.9252 | Time: 00:00:08
Epoch 086 | Seed 42 | Rate 0.20 | Train Loss: 0.0107 | Val Loss: 0.2423 | Acc (clean): 0.9907 | Acc (poison): 0.9995 | Val Acc: 0.9281 | Time: 00:00:08
Epoch 087 | Seed 42 | Rate 0.20 | Train Loss: 0.0106 | Val Loss: 0.2434 | Acc (clean): 0.9907 | Acc (poison): 0.9996 | Val Acc: 0.9252 | Time: 00:00:08
Epoch 088 | Seed 42 | Rate 0.20 | Train Loss: 0.0106 | Val Loss: 0.2453 | Acc (clean): 0.9905 | Acc (poison): 0.9994 | Val Acc: 0.9259 | Time: 00:00:08
Epoch 089 | Seed 42 | Rate 0.20 | Train Loss: 0.0111 | Val Loss: 0.2444 | Acc (clean): 0.9906 | Acc (poison): 0.9994 | Val Acc: 0.9252 | Time: 00:00:08
Epoch 090 | Seed 42 | Rate 0.20 | Train Loss: 0.0108 | Val Loss: 0.2433 | Acc (clean): 0.9907 | Acc (poison): 0.9994 | Val Acc: 0.9248 | Time: 00:00:08
Epoch 091 | Seed 42 | Rate 0.20 | Train Loss: 0.0101 | Val Loss: 0.2444 | Acc (clean): 0.9908 | Acc (poison): 0.9996 | Val Acc: 0.9256 | Time: 00:00:08
Epoch 092 | Seed 42 | Rate 0.20 | Train Loss: 0.0102 | Val Loss: 0.2472 | Acc (clean): 0.9907 | Acc (poison): 0.9996 | Val Acc: 0.9244 | Time: 00:00:08
Epoch 093 | Seed 42 | Rate 0.20 | Train Loss: 0.0106 | Val Loss: 0.2432 | Acc (clean): 0.9908 | Acc (poison): 0.9996 | Val Acc: 0.9259 | Time: 00:00:08
Epoch 094 | Seed 42 | Rate 0.20 | Train Loss: 0.0103 | Val Loss: 0.2437 | Acc (clean): 0.9908 | Acc (poison): 0.9996 | Val Acc: 0.9256 | Time: 00:00:08
Epoch 095 | Seed 42 | Rate 0.20 | Train Loss: 0.0103 | Val Loss: 0.2446 | Acc (clean): 0.9906 | Acc (poison): 0.9994 | Val Acc: 0.9274 | Time: 00:00:08
Epoch 096 | Seed 42 | Rate 0.20 | Train Loss: 0.0105 | Val Loss: 0.2490 | Acc (clean): 0.9906 | Acc (poison): 0.9994 | Val Acc: 0.9244 | Time: 00:00:08
Epoch 097 | Seed 42 | Rate 0.20 | Train Loss: 0.0105 | Val Loss: 0.2435 | Acc (clean): 0.9907 | Acc (poison): 0.9996 | Val Acc: 0.9270 | Time: 00:00:08
Epoch 098 | Seed 42 | Rate 0.20 | Train Loss: 0.0101 | Val Loss: 0.2459 | Acc (clean): 0.9907 | Acc (poison): 0.9996 | Val Acc: 0.9278 | Time: 00:00:08
Epoch 099 | Seed 42 | Rate 0.20 | Train Loss: 0.0098 | Val Loss: 0.2409 | Acc (clean): 0.9907 | Acc (poison): 0.9996 | Val Acc: 0.9274 | Time: 00:00:08
Epoch 100 | Seed 42 | Rate 0.20 | Train Loss: 0.0104 | Val Loss: 0.2442 | Acc (clean): 0.9906 | Acc (poison): 0.9994 | Val Acc: 0.9252 | Time: 00:00:08
Loading train data from /home/yazanme/BachelorThesis/BachelorThesis/data/processed/resisc45/train.h5 with mapping /home/yazanme/BachelorThesis/BachelorThesis/data/processed/resisc45/poisoned/RQ2.2-sim/seed_42/labels_0.50.pt... (in_memory=True, workers=6)
Testing torch.compile support...
Successfully compiled model using torch.compile.
Epoch 001 | Seed 42 | Rate 0.50 | Train Loss: 2.6219 | Val Loss: 2.1561 | Acc (clean): 0.2872 | Acc (poison): 0.2870 | Val Acc: 0.3689 | Time: 00:00:10
Epoch 002 | Seed 42 | Rate 0.50 | Train Loss: 1.7831 | Val Loss: 1.8172 | Acc (clean): 0.4767 | Acc (poison): 0.4769 | Val Acc: 0.4681 | Time: 00:00:08
Epoch 003 | Seed 42 | Rate 0.50 | Train Loss: 1.4573 | Val Loss: 1.8595 | Acc (clean): 0.5602 | Acc (poison): 0.5607 | Val Acc: 0.4685 | Time: 00:00:08
Epoch 004 | Seed 42 | Rate 0.50 | Train Loss: 1.2354 | Val Loss: 1.9650 | Acc (clean): 0.6244 | Acc (poison): 0.6252 | Val Acc: 0.4600 | Time: 00:00:08
Epoch 005 | Seed 42 | Rate 0.50 | Train Loss: 1.0724 | Val Loss: 1.6157 | Acc (clean): 0.6700 | Acc (poison): 0.6698 | Val Acc: 0.5622 | Time: 00:00:08
Epoch 006 | Seed 42 | Rate 0.50 | Train Loss: 0.9347 | Val Loss: 1.0543 | Acc (clean): 0.7105 | Acc (poison): 0.7098 | Val Acc: 0.6811 | Time: 00:00:08
Epoch 007 | Seed 42 | Rate 0.50 | Train Loss: 0.8038 | Val Loss: 1.0804 | Acc (clean): 0.7453 | Acc (poison): 0.7435 | Val Acc: 0.6656 | Time: 00:00:08
Epoch 008 | Seed 42 | Rate 0.50 | Train Loss: 0.6962 | Val Loss: 0.8735 | Acc (clean): 0.7759 | Acc (poison): 0.7761 | Val Acc: 0.7352 | Time: 00:00:08
Epoch 009 | Seed 42 | Rate 0.50 | Train Loss: 0.6257 | Val Loss: 0.9102 | Acc (clean): 0.7977 | Acc (poison): 0.7992 | Val Acc: 0.7115 | Time: 00:00:08
Epoch 010 | Seed 42 | Rate 0.50 | Train Loss: 0.5646 | Val Loss: 0.9694 | Acc (clean): 0.8142 | Acc (poison): 0.8147 | Val Acc: 0.7211 | Time: 00:00:08
Epoch 011 | Seed 42 | Rate 0.50 | Train Loss: 0.5362 | Val Loss: 0.7774 | Acc (clean): 0.8253 | Acc (poison): 0.8253 | Val Acc: 0.7633 | Time: 00:00:08
Epoch 012 | Seed 42 | Rate 0.50 | Train Loss: 0.4922 | Val Loss: 0.9666 | Acc (clean): 0.8377 | Acc (poison): 0.8365 | Val Acc: 0.7111 | Time: 00:00:08
Epoch 013 | Seed 42 | Rate 0.50 | Train Loss: 0.4614 | Val Loss: 0.8377 | Acc (clean): 0.8474 | Acc (poison): 0.8473 | Val Acc: 0.7374 | Time: 00:00:08
Epoch 014 | Seed 42 | Rate 0.50 | Train Loss: 0.4517 | Val Loss: 0.7402 | Acc (clean): 0.8483 | Acc (poison): 0.8486 | Val Acc: 0.7722 | Time: 00:00:08
Epoch 015 | Seed 42 | Rate 0.50 | Train Loss: 0.4300 | Val Loss: 1.3468 | Acc (clean): 0.8567 | Acc (poison): 0.8568 | Val Acc: 0.6478 | Time: 00:00:08
Epoch 016 | Seed 42 | Rate 0.50 | Train Loss: 0.4164 | Val Loss: 0.6020 | Acc (clean): 0.8591 | Acc (poison): 0.8595 | Val Acc: 0.8126 | Time: 00:00:09
Epoch 017 | Seed 42 | Rate 0.50 | Train Loss: 0.3942 | Val Loss: 0.6795 | Acc (clean): 0.8668 | Acc (poison): 0.8674 | Val Acc: 0.7911 | Time: 00:00:08
Epoch 018 | Seed 42 | Rate 0.50 | Train Loss: 0.3840 | Val Loss: 0.9180 | Acc (clean): 0.8680 | Acc (poison): 0.8700 | Val Acc: 0.7300 | Time: 00:00:08
Epoch 019 | Seed 42 | Rate 0.50 | Train Loss: 0.3765 | Val Loss: 0.7079 | Acc (clean): 0.8711 | Acc (poison): 0.8737 | Val Acc: 0.7737 | Time: 00:00:08
Epoch 020 | Seed 42 | Rate 0.50 | Train Loss: 0.3640 | Val Loss: 0.9313 | Acc (clean): 0.8766 | Acc (poison): 0.8779 | Val Acc: 0.7307 | Time: 00:00:08
Epoch 021 | Seed 42 | Rate 0.50 | Train Loss: 0.3558 | Val Loss: 0.6655 | Acc (clean): 0.8786 | Acc (poison): 0.8793 | Val Acc: 0.7930 | Time: 00:00:08
Epoch 022 | Seed 42 | Rate 0.50 | Train Loss: 0.3477 | Val Loss: 0.5101 | Acc (clean): 0.8805 | Acc (poison): 0.8803 | Val Acc: 0.8259 | Time: 00:00:08
Epoch 023 | Seed 42 | Rate 0.50 | Train Loss: 0.3371 | Val Loss: 0.7339 | Acc (clean): 0.8801 | Acc (poison): 0.8835 | Val Acc: 0.7889 | Time: 00:00:08
Epoch 024 | Seed 42 | Rate 0.50 | Train Loss: 0.3336 | Val Loss: 0.5052 | Acc (clean): 0.8833 | Acc (poison): 0.8856 | Val Acc: 0.8363 | Time: 00:00:08
Epoch 025 | Seed 42 | Rate 0.50 | Train Loss: 0.3391 | Val Loss: 0.6087 | Acc (clean): 0.8851 | Acc (poison): 0.8865 | Val Acc: 0.8089 | Time: 00:00:08
Epoch 026 | Seed 42 | Rate 0.50 | Train Loss: 0.3256 | Val Loss: 0.7782 | Acc (clean): 0.8865 | Acc (poison): 0.8882 | Val Acc: 0.7704 | Time: 00:00:08
Epoch 027 | Seed 42 | Rate 0.50 | Train Loss: 0.3134 | Val Loss: 0.6976 | Acc (clean): 0.8898 | Acc (poison): 0.8916 | Val Acc: 0.7904 | Time: 00:00:08
Epoch 028 | Seed 42 | Rate 0.50 | Train Loss: 0.3191 | Val Loss: 0.6508 | Acc (clean): 0.8915 | Acc (poison): 0.8940 | Val Acc: 0.7907 | Time: 00:00:08
Epoch 029 | Seed 42 | Rate 0.50 | Train Loss: 0.3092 | Val Loss: 0.6173 | Acc (clean): 0.8940 | Acc (poison): 0.8945 | Val Acc: 0.8100 | Time: 00:00:08
Epoch 030 | Seed 42 | Rate 0.50 | Train Loss: 0.2977 | Val Loss: 0.7867 | Acc (clean): 0.8960 | Acc (poison): 0.8973 | Val Acc: 0.7707 | Time: 00:00:08
Epoch 031 | Seed 42 | Rate 0.50 | Train Loss: 0.3075 | Val Loss: 0.6223 | Acc (clean): 0.8914 | Acc (poison): 0.8947 | Val Acc: 0.8193 | Time: 00:00:08
Epoch 032 | Seed 42 | Rate 0.50 | Train Loss: 0.2989 | Val Loss: 1.7001 | Acc (clean): 0.8957 | Acc (poison): 0.8975 | Val Acc: 0.6307 | Time: 00:00:08
Epoch 033 | Seed 42 | Rate 0.50 | Train Loss: 0.3015 | Val Loss: 0.7597 | Acc (clean): 0.8929 | Acc (poison): 0.8962 | Val Acc: 0.7737 | Time: 00:00:08
Epoch 034 | Seed 42 | Rate 0.50 | Train Loss: 0.2961 | Val Loss: 0.7042 | Acc (clean): 0.8964 | Acc (poison): 0.8983 | Val Acc: 0.7885 | Time: 00:00:08
Epoch 035 | Seed 42 | Rate 0.50 | Train Loss: 0.2822 | Val Loss: 0.7321 | Acc (clean): 0.9008 | Acc (poison): 0.9025 | Val Acc: 0.7844 | Time: 00:00:08
Epoch 036 | Seed 42 | Rate 0.50 | Train Loss: 0.2964 | Val Loss: 0.9140 | Acc (clean): 0.8965 | Acc (poison): 0.8979 | Val Acc: 0.7400 | Time: 00:00:08
Epoch 037 | Seed 42 | Rate 0.50 | Train Loss: 0.2895 | Val Loss: 1.0797 | Acc (clean): 0.8994 | Acc (poison): 0.9011 | Val Acc: 0.7089 | Time: 00:00:08
Epoch 038 | Seed 42 | Rate 0.50 | Train Loss: 0.2912 | Val Loss: 1.0039 | Acc (clean): 0.8980 | Acc (poison): 0.9007 | Val Acc: 0.7267 | Time: 00:00:08
Epoch 039 | Seed 42 | Rate 0.50 | Train Loss: 0.2757 | Val Loss: 0.8332 | Acc (clean): 0.9030 | Acc (poison): 0.9067 | Val Acc: 0.7552 | Time: 00:00:08
Epoch 040 | Seed 42 | Rate 0.50 | Train Loss: 0.2739 | Val Loss: 0.7339 | Acc (clean): 0.9030 | Acc (poison): 0.9057 | Val Acc: 0.7852 | Time: 00:00:08
Epoch 041 | Seed 42 | Rate 0.50 | Train Loss: 0.2643 | Val Loss: 0.8002 | Acc (clean): 0.9069 | Acc (poison): 0.9106 | Val Acc: 0.7744 | Time: 00:00:08
Epoch 042 | Seed 42 | Rate 0.50 | Train Loss: 0.2730 | Val Loss: 0.6185 | Acc (clean): 0.9032 | Acc (poison): 0.9060 | Val Acc: 0.8022 | Time: 00:00:08
Epoch 043 | Seed 42 | Rate 0.50 | Train Loss: 0.2797 | Val Loss: 0.6773 | Acc (clean): 0.9013 | Acc (poison): 0.9031 | Val Acc: 0.7956 | Time: 00:00:08
Epoch 044 | Seed 42 | Rate 0.50 | Train Loss: 0.2745 | Val Loss: 0.7768 | Acc (clean): 0.9008 | Acc (poison): 0.9049 | Val Acc: 0.7856 | Time: 00:00:08
Epoch 045 | Seed 42 | Rate 0.50 | Train Loss: 0.2650 | Val Loss: 0.6754 | Acc (clean): 0.9068 | Acc (poison): 0.9108 | Val Acc: 0.7996 | Time: 00:00:08
Epoch 046 | Seed 42 | Rate 0.50 | Train Loss: 0.2711 | Val Loss: 0.7118 | Acc (clean): 0.9028 | Acc (poison): 0.9067 | Val Acc: 0.7870 | Time: 00:00:08
Epoch 047 | Seed 42 | Rate 0.50 | Train Loss: 0.2763 | Val Loss: 0.5959 | Acc (clean): 0.9021 | Acc (poison): 0.9058 | Val Acc: 0.8137 | Time: 00:00:08
Epoch 048 | Seed 42 | Rate 0.50 | Train Loss: 0.2539 | Val Loss: 0.7845 | Acc (clean): 0.9119 | Acc (poison): 0.9143 | Val Acc: 0.7881 | Time: 00:00:08
Epoch 049 | Seed 42 | Rate 0.50 | Train Loss: 0.2729 | Val Loss: 0.8232 | Acc (clean): 0.9039 | Acc (poison): 0.9078 | Val Acc: 0.7574 | Time: 00:00:08
Epoch 050 | Seed 42 | Rate 0.50 | Train Loss: 0.2700 | Val Loss: 0.6529 | Acc (clean): 0.9048 | Acc (poison): 0.9077 | Val Acc: 0.8078 | Time: 00:00:08
Epoch 051 | Seed 42 | Rate 0.50 | Train Loss: 0.1220 | Val Loss: 0.2677 | Acc (clean): 0.9519 | Acc (poison): 0.9605 | Val Acc: 0.9033 | Time: 00:00:08
Epoch 052 | Seed 42 | Rate 0.50 | Train Loss: 0.0800 | Val Loss: 0.2425 | Acc (clean): 0.9649 | Acc (poison): 0.9763 | Val Acc: 0.9096 | Time: 00:00:08
Epoch 053 | Seed 42 | Rate 0.50 | Train Loss: 0.0689 | Val Loss: 0.2499 | Acc (clean): 0.9684 | Acc (poison): 0.9793 | Val Acc: 0.9130 | Time: 00:00:08
Epoch 054 | Seed 42 | Rate 0.50 | Train Loss: 0.0603 | Val Loss: 0.2429 | Acc (clean): 0.9708 | Acc (poison): 0.9835 | Val Acc: 0.9126 | Time: 00:00:08
Epoch 055 | Seed 42 | Rate 0.50 | Train Loss: 0.0552 | Val Loss: 0.2409 | Acc (clean): 0.9714 | Acc (poison): 0.9842 | Val Acc: 0.9163 | Time: 00:00:08
Epoch 056 | Seed 42 | Rate 0.50 | Train Loss: 0.0507 | Val Loss: 0.2437 | Acc (clean): 0.9725 | Acc (poison): 0.9864 | Val Acc: 0.9144 | Time: 00:00:08
Epoch 057 | Seed 42 | Rate 0.50 | Train Loss: 0.0466 | Val Loss: 0.2438 | Acc (clean): 0.9727 | Acc (poison): 0.9886 | Val Acc: 0.9167 | Time: 00:00:08
Epoch 058 | Seed 42 | Rate 0.50 | Train Loss: 0.0433 | Val Loss: 0.2499 | Acc (clean): 0.9745 | Acc (poison): 0.9892 | Val Acc: 0.9119 | Time: 00:00:08
Epoch 059 | Seed 42 | Rate 0.50 | Train Loss: 0.0388 | Val Loss: 0.2482 | Acc (clean): 0.9750 | Acc (poison): 0.9905 | Val Acc: 0.9148 | Time: 00:00:08
Epoch 060 | Seed 42 | Rate 0.50 | Train Loss: 0.0378 | Val Loss: 0.2487 | Acc (clean): 0.9750 | Acc (poison): 0.9909 | Val Acc: 0.9200 | Time: 00:00:08
Epoch 061 | Seed 42 | Rate 0.50 | Train Loss: 0.0352 | Val Loss: 0.2505 | Acc (clean): 0.9749 | Acc (poison): 0.9919 | Val Acc: 0.9193 | Time: 00:00:08
Epoch 062 | Seed 42 | Rate 0.50 | Train Loss: 0.0324 | Val Loss: 0.2582 | Acc (clean): 0.9753 | Acc (poison): 0.9931 | Val Acc: 0.9137 | Time: 00:00:08
Epoch 063 | Seed 42 | Rate 0.50 | Train Loss: 0.0278 | Val Loss: 0.2556 | Acc (clean): 0.9765 | Acc (poison): 0.9954 | Val Acc: 0.9159 | Time: 00:00:08
Epoch 064 | Seed 42 | Rate 0.50 | Train Loss: 0.0273 | Val Loss: 0.2665 | Acc (clean): 0.9755 | Acc (poison): 0.9948 | Val Acc: 0.9167 | Time: 00:00:08
Epoch 065 | Seed 42 | Rate 0.50 | Train Loss: 0.0243 | Val Loss: 0.2677 | Acc (clean): 0.9760 | Acc (poison): 0.9959 | Val Acc: 0.9159 | Time: 00:00:08
Epoch 066 | Seed 42 | Rate 0.50 | Train Loss: 0.0246 | Val Loss: 0.2638 | Acc (clean): 0.9757 | Acc (poison): 0.9963 | Val Acc: 0.9148 | Time: 00:00:08
Epoch 067 | Seed 42 | Rate 0.50 | Train Loss: 0.0228 | Val Loss: 0.2731 | Acc (clean): 0.9762 | Acc (poison): 0.9961 | Val Acc: 0.9196 | Time: 00:00:08
Epoch 068 | Seed 42 | Rate 0.50 | Train Loss: 0.0214 | Val Loss: 0.2655 | Acc (clean): 0.9757 | Acc (poison): 0.9970 | Val Acc: 0.9193 | Time: 00:00:08
Epoch 069 | Seed 42 | Rate 0.50 | Train Loss: 0.0218 | Val Loss: 0.2742 | Acc (clean): 0.9759 | Acc (poison): 0.9967 | Val Acc: 0.9189 | Time: 00:00:08
Epoch 070 | Seed 42 | Rate 0.50 | Train Loss: 0.0178 | Val Loss: 0.2900 | Acc (clean): 0.9765 | Acc (poison): 0.9979 | Val Acc: 0.9126 | Time: 00:00:08
Epoch 071 | Seed 42 | Rate 0.50 | Train Loss: 0.0186 | Val Loss: 0.2811 | Acc (clean): 0.9765 | Acc (poison): 0.9979 | Val Acc: 0.9159 | Time: 00:00:08
Epoch 072 | Seed 42 | Rate 0.50 | Train Loss: 0.0173 | Val Loss: 0.2683 | Acc (clean): 0.9764 | Acc (poison): 0.9979 | Val Acc: 0.9196 | Time: 00:00:08
Epoch 073 | Seed 42 | Rate 0.50 | Train Loss: 0.0164 | Val Loss: 0.2683 | Acc (clean): 0.9765 | Acc (poison): 0.9983 | Val Acc: 0.9170 | Time: 00:00:08
Epoch 074 | Seed 42 | Rate 0.50 | Train Loss: 0.0175 | Val Loss: 0.2906 | Acc (clean): 0.9769 | Acc (poison): 0.9977 | Val Acc: 0.9152 | Time: 00:00:08
Epoch 075 | Seed 42 | Rate 0.50 | Train Loss: 0.0160 | Val Loss: 0.2784 | Acc (clean): 0.9768 | Acc (poison): 0.9981 | Val Acc: 0.9137 | Time: 00:00:08
Epoch 076 | Seed 42 | Rate 0.50 | Train Loss: 0.0137 | Val Loss: 0.2679 | Acc (clean): 0.9771 | Acc (poison): 0.9991 | Val Acc: 0.9185 | Time: 00:00:09
Epoch 077 | Seed 42 | Rate 0.50 | Train Loss: 0.0123 | Val Loss: 0.2696 | Acc (clean): 0.9775 | Acc (poison): 0.9994 | Val Acc: 0.9211 | Time: 00:00:08
Epoch 078 | Seed 42 | Rate 0.50 | Train Loss: 0.0126 | Val Loss: 0.2702 | Acc (clean): 0.9772 | Acc (poison): 0.9993 | Val Acc: 0.9200 | Time: 00:00:08
Epoch 079 | Seed 42 | Rate 0.50 | Train Loss: 0.0123 | Val Loss: 0.2719 | Acc (clean): 0.9772 | Acc (poison): 0.9993 | Val Acc: 0.9196 | Time: 00:00:08
Epoch 080 | Seed 42 | Rate 0.50 | Train Loss: 0.0120 | Val Loss: 0.2719 | Acc (clean): 0.9772 | Acc (poison): 0.9992 | Val Acc: 0.9219 | Time: 00:00:08
Epoch 081 | Seed 42 | Rate 0.50 | Train Loss: 0.0113 | Val Loss: 0.2736 | Acc (clean): 0.9774 | Acc (poison): 0.9995 | Val Acc: 0.9215 | Time: 00:00:08
Epoch 082 | Seed 42 | Rate 0.50 | Train Loss: 0.0119 | Val Loss: 0.2723 | Acc (clean): 0.9771 | Acc (poison): 0.9993 | Val Acc: 0.9207 | Time: 00:00:08
Epoch 083 | Seed 42 | Rate 0.50 | Train Loss: 0.0115 | Val Loss: 0.2705 | Acc (clean): 0.9770 | Acc (poison): 0.9991 | Val Acc: 0.9207 | Time: 00:00:08
Epoch 084 | Seed 42 | Rate 0.50 | Train Loss: 0.0111 | Val Loss: 0.2673 | Acc (clean): 0.9774 | Acc (poison): 0.9995 | Val Acc: 0.9215 | Time: 00:00:08
Epoch 085 | Seed 42 | Rate 0.50 | Train Loss: 0.0117 | Val Loss: 0.2674 | Acc (clean): 0.9771 | Acc (poison): 0.9992 | Val Acc: 0.9222 | Time: 00:00:08
Epoch 086 | Seed 42 | Rate 0.50 | Train Loss: 0.0112 | Val Loss: 0.2676 | Acc (clean): 0.9773 | Acc (poison): 0.9993 | Val Acc: 0.9211 | Time: 00:00:08
Epoch 087 | Seed 42 | Rate 0.50 | Train Loss: 0.0114 | Val Loss: 0.2662 | Acc (clean): 0.9772 | Acc (poison): 0.9995 | Val Acc: 0.9204 | Time: 00:00:08
Epoch 088 | Seed 42 | Rate 0.50 | Train Loss: 0.0111 | Val Loss: 0.2696 | Acc (clean): 0.9774 | Acc (poison): 0.9993 | Val Acc: 0.9215 | Time: 00:00:08
Epoch 089 | Seed 42 | Rate 0.50 | Train Loss: 0.0119 | Val Loss: 0.2682 | Acc (clean): 0.9770 | Acc (poison): 0.9991 | Val Acc: 0.9207 | Time: 00:00:08
Epoch 090 | Seed 42 | Rate 0.50 | Train Loss: 0.0118 | Val Loss: 0.2694 | Acc (clean): 0.9770 | Acc (poison): 0.9990 | Val Acc: 0.9215 | Time: 00:00:08
Epoch 091 | Seed 42 | Rate 0.50 | Train Loss: 0.0107 | Val Loss: 0.2708 | Acc (clean): 0.9775 | Acc (poison): 0.9994 | Val Acc: 0.9207 | Time: 00:00:08
Epoch 092 | Seed 42 | Rate 0.50 | Train Loss: 0.0108 | Val Loss: 0.2712 | Acc (clean): 0.9771 | Acc (poison): 0.9992 | Val Acc: 0.9200 | Time: 00:00:08
Epoch 093 | Seed 42 | Rate 0.50 | Train Loss: 0.0110 | Val Loss: 0.2725 | Acc (clean): 0.9774 | Acc (poison): 0.9995 | Val Acc: 0.9207 | Time: 00:00:08
Epoch 094 | Seed 42 | Rate 0.50 | Train Loss: 0.0109 | Val Loss: 0.2663 | Acc (clean): 0.9774 | Acc (poison): 0.9993 | Val Acc: 0.9226 | Time: 00:00:08
Epoch 095 | Seed 42 | Rate 0.50 | Train Loss: 0.0110 | Val Loss: 0.2709 | Acc (clean): 0.9774 | Acc (poison): 0.9995 | Val Acc: 0.9226 | Time: 00:00:08
Epoch 096 | Seed 42 | Rate 0.50 | Train Loss: 0.0106 | Val Loss: 0.2769 | Acc (clean): 0.9772 | Acc (poison): 0.9993 | Val Acc: 0.9204 | Time: 00:00:08
Epoch 097 | Seed 42 | Rate 0.50 | Train Loss: 0.0108 | Val Loss: 0.2709 | Acc (clean): 0.9773 | Acc (poison): 0.9995 | Val Acc: 0.9189 | Time: 00:00:08
Epoch 098 | Seed 42 | Rate 0.50 | Train Loss: 0.0105 | Val Loss: 0.2715 | Acc (clean): 0.9773 | Acc (poison): 0.9994 | Val Acc: 0.9196 | Time: 00:00:08
Epoch 099 | Seed 42 | Rate 0.50 | Train Loss: 0.0102 | Val Loss: 0.2718 | Acc (clean): 0.9774 | Acc (poison): 0.9995 | Val Acc: 0.9200 | Time: 00:00:08
Epoch 100 | Seed 42 | Rate 0.50 | Train Loss: 0.0106 | Val Loss: 0.2704 | Acc (clean): 0.9773 | Acc (poison): 0.9994 | Val Acc: 0.9193 | Time: 00:00:08
Loading train data from /home/yazanme/BachelorThesis/BachelorThesis/data/processed/resisc45/train.h5 with mapping /home/yazanme/BachelorThesis/BachelorThesis/data/processed/resisc45/poisoned/RQ2.2-sim/seed_42/labels_1.00.pt... (in_memory=True, workers=6)
Testing torch.compile support...
Successfully compiled model using torch.compile.
Epoch 001 | Seed 42 | Rate 1.00 | Train Loss: 2.7588 | Val Loss: 2.5515 | Acc (clean): 0.2630 | Acc (poison): 0.2642 | Val Acc: 0.3081 | Time: 00:00:10
Epoch 002 | Seed 42 | Rate 1.00 | Train Loss: 1.8423 | Val Loss: 2.5779 | Acc (clean): 0.4594 | Acc (poison): 0.4660 | Val Acc: 0.3556 | Time: 00:00:08
Epoch 003 | Seed 42 | Rate 1.00 | Train Loss: 1.4949 | Val Loss: 2.0642 | Acc (clean): 0.5465 | Acc (poison): 0.5560 | Val Acc: 0.4507 | Time: 00:00:08
Epoch 004 | Seed 42 | Rate 1.00 | Train Loss: 1.2675 | Val Loss: 1.8292 | Acc (clean): 0.6093 | Acc (poison): 0.6190 | Val Acc: 0.4900 | Time: 00:00:08
Epoch 005 | Seed 42 | Rate 1.00 | Train Loss: 1.0921 | Val Loss: 1.2450 | Acc (clean): 0.6555 | Acc (poison): 0.6667 | Val Acc: 0.6219 | Time: 00:00:08
Epoch 006 | Seed 42 | Rate 1.00 | Train Loss: 0.9611 | Val Loss: 1.6091 | Acc (clean): 0.6903 | Acc (poison): 0.7041 | Val Acc: 0.5644 | Time: 00:00:08
Epoch 007 | Seed 42 | Rate 1.00 | Train Loss: 0.8437 | Val Loss: 1.1507 | Acc (clean): 0.7230 | Acc (poison): 0.7375 | Val Acc: 0.6593 | Time: 00:00:08
Epoch 008 | Seed 42 | Rate 1.00 | Train Loss: 0.7409 | Val Loss: 1.0896 | Acc (clean): 0.7494 | Acc (poison): 0.7673 | Val Acc: 0.6919 | Time: 00:00:08
Epoch 009 | Seed 42 | Rate 1.00 | Train Loss: 0.6500 | Val Loss: 0.9059 | Acc (clean): 0.7774 | Acc (poison): 0.7947 | Val Acc: 0.7219 | Time: 00:00:08
Epoch 010 | Seed 42 | Rate 1.00 | Train Loss: 0.5877 | Val Loss: 0.9346 | Acc (clean): 0.7947 | Acc (poison): 0.8147 | Val Acc: 0.7289 | Time: 00:00:08
Epoch 011 | Seed 42 | Rate 1.00 | Train Loss: 0.5377 | Val Loss: 0.8287 | Acc (clean): 0.8100 | Acc (poison): 0.8304 | Val Acc: 0.7441 | Time: 00:00:08
Epoch 012 | Seed 42 | Rate 1.00 | Train Loss: 0.5096 | Val Loss: 0.8137 | Acc (clean): 0.8156 | Acc (poison): 0.8387 | Val Acc: 0.7522 | Time: 00:00:08
Epoch 013 | Seed 42 | Rate 1.00 | Train Loss: 0.4659 | Val Loss: 0.8525 | Acc (clean): 0.8293 | Acc (poison): 0.8535 | Val Acc: 0.7559 | Time: 00:00:08
Epoch 014 | Seed 42 | Rate 1.00 | Train Loss: 0.4483 | Val Loss: 0.8692 | Acc (clean): 0.8307 | Acc (poison): 0.8559 | Val Acc: 0.7481 | Time: 00:00:08
Epoch 015 | Seed 42 | Rate 1.00 | Train Loss: 0.4163 | Val Loss: 0.8816 | Acc (clean): 0.8419 | Acc (poison): 0.8668 | Val Acc: 0.7385 | Time: 00:00:08
Epoch 016 | Seed 42 | Rate 1.00 | Train Loss: 0.4009 | Val Loss: 0.8466 | Acc (clean): 0.8473 | Acc (poison): 0.8726 | Val Acc: 0.7559 | Time: 00:00:08
Epoch 017 | Seed 42 | Rate 1.00 | Train Loss: 0.3772 | Val Loss: 0.8299 | Acc (clean): 0.8507 | Acc (poison): 0.8784 | Val Acc: 0.7600 | Time: 00:00:08
Epoch 018 | Seed 42 | Rate 1.00 | Train Loss: 0.3724 | Val Loss: 1.1179 | Acc (clean): 0.8538 | Acc (poison): 0.8802 | Val Acc: 0.6948 | Time: 00:00:08
Epoch 019 | Seed 42 | Rate 1.00 | Train Loss: 0.3680 | Val Loss: 0.8900 | Acc (clean): 0.8532 | Acc (poison): 0.8809 | Val Acc: 0.7296 | Time: 00:00:08
Epoch 020 | Seed 42 | Rate 1.00 | Train Loss: 0.3443 | Val Loss: 0.9137 | Acc (clean): 0.8614 | Acc (poison): 0.8895 | Val Acc: 0.7437 | Time: 00:00:08
Epoch 021 | Seed 42 | Rate 1.00 | Train Loss: 0.3449 | Val Loss: 0.8455 | Acc (clean): 0.8614 | Acc (poison): 0.8888 | Val Acc: 0.7630 | Time: 00:00:08
Epoch 022 | Seed 42 | Rate 1.00 | Train Loss: 0.3256 | Val Loss: 0.7004 | Acc (clean): 0.8664 | Acc (poison): 0.8956 | Val Acc: 0.7985 | Time: 00:00:08
Epoch 023 | Seed 42 | Rate 1.00 | Train Loss: 0.3123 | Val Loss: 0.9833 | Acc (clean): 0.8712 | Acc (poison): 0.8995 | Val Acc: 0.7122 | Time: 00:00:08
Epoch 024 | Seed 42 | Rate 1.00 | Train Loss: 0.3124 | Val Loss: 0.8593 | Acc (clean): 0.8709 | Acc (poison): 0.9004 | Val Acc: 0.7437 | Time: 00:00:08
Epoch 025 | Seed 42 | Rate 1.00 | Train Loss: 0.3175 | Val Loss: 0.8903 | Acc (clean): 0.8701 | Acc (poison): 0.8990 | Val Acc: 0.7478 | Time: 00:00:08
Epoch 026 | Seed 42 | Rate 1.00 | Train Loss: 0.3052 | Val Loss: 0.7297 | Acc (clean): 0.8715 | Acc (poison): 0.9023 | Val Acc: 0.7867 | Time: 00:00:08
Epoch 027 | Seed 42 | Rate 1.00 | Train Loss: 0.2865 | Val Loss: 1.0509 | Acc (clean): 0.8776 | Acc (poison): 0.9075 | Val Acc: 0.7189 | Time: 00:00:08
Epoch 028 | Seed 42 | Rate 1.00 | Train Loss: 0.2957 | Val Loss: 0.7053 | Acc (clean): 0.8736 | Acc (poison): 0.9046 | Val Acc: 0.7981 | Time: 00:00:08
Epoch 029 | Seed 42 | Rate 1.00 | Train Loss: 0.2779 | Val Loss: 0.7797 | Acc (clean): 0.8790 | Acc (poison): 0.9107 | Val Acc: 0.7907 | Time: 00:00:08
Epoch 030 | Seed 42 | Rate 1.00 | Train Loss: 0.2913 | Val Loss: 0.7726 | Acc (clean): 0.8746 | Acc (poison): 0.9056 | Val Acc: 0.7841 | Time: 00:00:08
Epoch 031 | Seed 42 | Rate 1.00 | Train Loss: 0.2840 | Val Loss: 0.8444 | Acc (clean): 0.8783 | Acc (poison): 0.9097 | Val Acc: 0.7726 | Time: 00:00:08
Epoch 032 | Seed 42 | Rate 1.00 | Train Loss: 0.2719 | Val Loss: 0.6736 | Acc (clean): 0.8835 | Acc (poison): 0.9149 | Val Acc: 0.8011 | Time: 00:00:08
Epoch 033 | Seed 42 | Rate 1.00 | Train Loss: 0.2676 | Val Loss: 0.8802 | Acc (clean): 0.8833 | Acc (poison): 0.9164 | Val Acc: 0.7752 | Time: 00:00:08
Epoch 034 | Seed 42 | Rate 1.00 | Train Loss: 0.2686 | Val Loss: 0.7643 | Acc (clean): 0.8824 | Acc (poison): 0.9140 | Val Acc: 0.7707 | Time: 00:00:08
Epoch 035 | Seed 42 | Rate 1.00 | Train Loss: 0.2602 | Val Loss: 0.7634 | Acc (clean): 0.8857 | Acc (poison): 0.9175 | Val Acc: 0.7807 | Time: 00:00:08
Epoch 036 | Seed 42 | Rate 1.00 | Train Loss: 0.2739 | Val Loss: 0.6788 | Acc (clean): 0.8810 | Acc (poison): 0.9123 | Val Acc: 0.8041 | Time: 00:00:08
Epoch 037 | Seed 42 | Rate 1.00 | Train Loss: 0.2607 | Val Loss: 1.2386 | Acc (clean): 0.8841 | Acc (poison): 0.9181 | Val Acc: 0.6844 | Time: 00:00:08
Epoch 038 | Seed 42 | Rate 1.00 | Train Loss: 0.2621 | Val Loss: 0.9653 | Acc (clean): 0.8840 | Acc (poison): 0.9177 | Val Acc: 0.7581 | Time: 00:00:08
Epoch 039 | Seed 42 | Rate 1.00 | Train Loss: 0.2459 | Val Loss: 0.7815 | Acc (clean): 0.8900 | Acc (poison): 0.9233 | Val Acc: 0.7826 | Time: 00:00:08
Epoch 040 | Seed 42 | Rate 1.00 | Train Loss: 0.2474 | Val Loss: 0.7891 | Acc (clean): 0.8879 | Acc (poison): 0.9212 | Val Acc: 0.7944 | Time: 00:00:08
Epoch 041 | Seed 42 | Rate 1.00 | Train Loss: 0.2465 | Val Loss: 0.7333 | Acc (clean): 0.8868 | Acc (poison): 0.9218 | Val Acc: 0.7926 | Time: 00:00:08
Epoch 042 | Seed 42 | Rate 1.00 | Train Loss: 0.2557 | Val Loss: 0.8185 | Acc (clean): 0.8855 | Acc (poison): 0.9181 | Val Acc: 0.7793 | Time: 00:00:08
Epoch 043 | Seed 42 | Rate 1.00 | Train Loss: 0.2552 | Val Loss: 0.7142 | Acc (clean): 0.8853 | Acc (poison): 0.9180 | Val Acc: 0.8015 | Time: 00:00:08
Epoch 044 | Seed 42 | Rate 1.00 | Train Loss: 0.2388 | Val Loss: 0.7277 | Acc (clean): 0.8896 | Acc (poison): 0.9233 | Val Acc: 0.8130 | Time: 00:00:08
Epoch 045 | Seed 42 | Rate 1.00 | Train Loss: 0.2517 | Val Loss: 0.8455 | Acc (clean): 0.8860 | Acc (poison): 0.9194 | Val Acc: 0.7659 | Time: 00:00:08
Epoch 046 | Seed 42 | Rate 1.00 | Train Loss: 0.2425 | Val Loss: 0.7766 | Acc (clean): 0.8895 | Acc (poison): 0.9219 | Val Acc: 0.7815 | Time: 00:00:08
Epoch 047 | Seed 42 | Rate 1.00 | Train Loss: 0.2450 | Val Loss: 0.8102 | Acc (clean): 0.8881 | Acc (poison): 0.9215 | Val Acc: 0.7796 | Time: 00:00:08
Epoch 048 | Seed 42 | Rate 1.00 | Train Loss: 0.2357 | Val Loss: 0.6539 | Acc (clean): 0.8925 | Acc (poison): 0.9257 | Val Acc: 0.8241 | Time: 00:00:08
Epoch 049 | Seed 42 | Rate 1.00 | Train Loss: 0.2473 | Val Loss: 0.9364 | Acc (clean): 0.8874 | Acc (poison): 0.9208 | Val Acc: 0.7256 | Time: 00:00:08
Epoch 050 | Seed 42 | Rate 1.00 | Train Loss: 0.2349 | Val Loss: 0.8036 | Acc (clean): 0.8909 | Acc (poison): 0.9252 | Val Acc: 0.7874 | Time: 00:00:08
Epoch 051 | Seed 42 | Rate 1.00 | Train Loss: 0.1000 | Val Loss: 0.4098 | Acc (clean): 0.9306 | Acc (poison): 0.9709 | Val Acc: 0.8904 | Time: 00:00:08
Epoch 052 | Seed 42 | Rate 1.00 | Train Loss: 0.0574 | Val Loss: 0.4189 | Acc (clean): 0.9441 | Acc (poison): 0.9861 | Val Acc: 0.8948 | Time: 00:00:08
Epoch 053 | Seed 42 | Rate 1.00 | Train Loss: 0.0444 | Val Loss: 0.4281 | Acc (clean): 0.9476 | Acc (poison): 0.9905 | Val Acc: 0.8963 | Time: 00:00:08
Epoch 054 | Seed 42 | Rate 1.00 | Train Loss: 0.0388 | Val Loss: 0.4423 | Acc (clean): 0.9492 | Acc (poison): 0.9921 | Val Acc: 0.8970 | Time: 00:00:08
Epoch 055 | Seed 42 | Rate 1.00 | Train Loss: 0.0342 | Val Loss: 0.4324 | Acc (clean): 0.9500 | Acc (poison): 0.9934 | Val Acc: 0.8996 | Time: 00:00:08
Epoch 056 | Seed 42 | Rate 1.00 | Train Loss: 0.0316 | Val Loss: 0.4319 | Acc (clean): 0.9506 | Acc (poison): 0.9943 | Val Acc: 0.9011 | Time: 00:00:08
Epoch 057 | Seed 42 | Rate 1.00 | Train Loss: 0.0277 | Val Loss: 0.4394 | Acc (clean): 0.9515 | Acc (poison): 0.9952 | Val Acc: 0.8963 | Time: 00:00:08
Epoch 058 | Seed 42 | Rate 1.00 | Train Loss: 0.0257 | Val Loss: 0.4492 | Acc (clean): 0.9518 | Acc (poison): 0.9958 | Val Acc: 0.8959 | Time: 00:00:08
Epoch 059 | Seed 42 | Rate 1.00 | Train Loss: 0.0242 | Val Loss: 0.4576 | Acc (clean): 0.9519 | Acc (poison): 0.9960 | Val Acc: 0.8993 | Time: 00:00:08
Epoch 060 | Seed 42 | Rate 1.00 | Train Loss: 0.0219 | Val Loss: 0.4449 | Acc (clean): 0.9526 | Acc (poison): 0.9968 | Val Acc: 0.9022 | Time: 00:00:08
Epoch 061 | Seed 42 | Rate 1.00 | Train Loss: 0.0211 | Val Loss: 0.4535 | Acc (clean): 0.9532 | Acc (poison): 0.9975 | Val Acc: 0.9022 | Time: 00:00:08
Epoch 062 | Seed 42 | Rate 1.00 | Train Loss: 0.0209 | Val Loss: 0.4593 | Acc (clean): 0.9528 | Acc (poison): 0.9970 | Val Acc: 0.8978 | Time: 00:00:08
Epoch 063 | Seed 42 | Rate 1.00 | Train Loss: 0.0176 | Val Loss: 0.4577 | Acc (clean): 0.9539 | Acc (poison): 0.9981 | Val Acc: 0.9044 | Time: 00:00:08
Epoch 064 | Seed 42 | Rate 1.00 | Train Loss: 0.0171 | Val Loss: 0.4705 | Acc (clean): 0.9540 | Acc (poison): 0.9983 | Val Acc: 0.9004 | Time: 00:00:08
Epoch 065 | Seed 42 | Rate 1.00 | Train Loss: 0.0166 | Val Loss: 0.4649 | Acc (clean): 0.9541 | Acc (poison): 0.9984 | Val Acc: 0.8996 | Time: 00:00:08
Epoch 066 | Seed 42 | Rate 1.00 | Train Loss: 0.0165 | Val Loss: 0.4627 | Acc (clean): 0.9541 | Acc (poison): 0.9985 | Val Acc: 0.8985 | Time: 00:00:08
Epoch 067 | Seed 42 | Rate 1.00 | Train Loss: 0.0151 | Val Loss: 0.4626 | Acc (clean): 0.9544 | Acc (poison): 0.9985 | Val Acc: 0.9004 | Time: 00:00:08
Epoch 068 | Seed 42 | Rate 1.00 | Train Loss: 0.0154 | Val Loss: 0.4709 | Acc (clean): 0.9542 | Acc (poison): 0.9986 | Val Acc: 0.9048 | Time: 00:00:08
Epoch 069 | Seed 42 | Rate 1.00 | Train Loss: 0.0155 | Val Loss: 0.4671 | Acc (clean): 0.9542 | Acc (poison): 0.9983 | Val Acc: 0.8993 | Time: 00:00:08
Epoch 070 | Seed 42 | Rate 1.00 | Train Loss: 0.0138 | Val Loss: 0.4690 | Acc (clean): 0.9546 | Acc (poison): 0.9991 | Val Acc: 0.9004 | Time: 00:00:08
Epoch 071 | Seed 42 | Rate 1.00 | Train Loss: 0.0147 | Val Loss: 0.4599 | Acc (clean): 0.9543 | Acc (poison): 0.9986 | Val Acc: 0.9026 | Time: 00:00:08
Epoch 072 | Seed 42 | Rate 1.00 | Train Loss: 0.0132 | Val Loss: 0.4715 | Acc (clean): 0.9544 | Acc (poison): 0.9989 | Val Acc: 0.9022 | Time: 00:00:08
Epoch 073 | Seed 42 | Rate 1.00 | Train Loss: 0.0126 | Val Loss: 0.4677 | Acc (clean): 0.9547 | Acc (poison): 0.9991 | Val Acc: 0.9048 | Time: 00:00:08
Epoch 074 | Seed 42 | Rate 1.00 | Train Loss: 0.0130 | Val Loss: 0.4895 | Acc (clean): 0.9546 | Acc (poison): 0.9990 | Val Acc: 0.9015 | Time: 00:00:08
Epoch 075 | Seed 42 | Rate 1.00 | Train Loss: 0.0127 | Val Loss: 0.4752 | Acc (clean): 0.9549 | Acc (poison): 0.9993 | Val Acc: 0.9033 | Time: 00:00:08
Epoch 076 | Seed 42 | Rate 1.00 | Train Loss: 0.0116 | Val Loss: 0.4663 | Acc (clean): 0.9550 | Acc (poison): 0.9994 | Val Acc: 0.9041 | Time: 00:00:08
Epoch 077 | Seed 42 | Rate 1.00 | Train Loss: 0.0110 | Val Loss: 0.4658 | Acc (clean): 0.9550 | Acc (poison): 0.9994 | Val Acc: 0.9033 | Time: 00:00:08
Epoch 078 | Seed 42 | Rate 1.00 | Train Loss: 0.0109 | Val Loss: 0.4656 | Acc (clean): 0.9549 | Acc (poison): 0.9994 | Val Acc: 0.9026 | Time: 00:00:08
Epoch 079 | Seed 42 | Rate 1.00 | Train Loss: 0.0110 | Val Loss: 0.4606 | Acc (clean): 0.9549 | Acc (poison): 0.9994 | Val Acc: 0.9056 | Time: 00:00:08
Epoch 080 | Seed 42 | Rate 1.00 | Train Loss: 0.0109 | Val Loss: 0.4619 | Acc (clean): 0.9549 | Acc (poison): 0.9993 | Val Acc: 0.9048 | Time: 00:00:08
Epoch 081 | Seed 42 | Rate 1.00 | Train Loss: 0.0104 | Val Loss: 0.4648 | Acc (clean): 0.9550 | Acc (poison): 0.9993 | Val Acc: 0.9037 | Time: 00:00:08
Epoch 082 | Seed 42 | Rate 1.00 | Train Loss: 0.0105 | Val Loss: 0.4663 | Acc (clean): 0.9550 | Acc (poison): 0.9995 | Val Acc: 0.9033 | Time: 00:00:08
Epoch 083 | Seed 42 | Rate 1.00 | Train Loss: 0.0104 | Val Loss: 0.4617 | Acc (clean): 0.9551 | Acc (poison): 0.9995 | Val Acc: 0.9037 | Time: 00:00:08
Epoch 084 | Seed 42 | Rate 1.00 | Train Loss: 0.0106 | Val Loss: 0.4602 | Acc (clean): 0.9551 | Acc (poison): 0.9994 | Val Acc: 0.9059 | Time: 00:00:08
Epoch 085 | Seed 42 | Rate 1.00 | Train Loss: 0.0106 | Val Loss: 0.4619 | Acc (clean): 0.9549 | Acc (poison): 0.9993 | Val Acc: 0.9037 | Time: 00:00:08
Epoch 086 | Seed 42 | Rate 1.00 | Train Loss: 0.0100 | Val Loss: 0.4629 | Acc (clean): 0.9552 | Acc (poison): 0.9996 | Val Acc: 0.9044 | Time: 00:00:08
Epoch 087 | Seed 42 | Rate 1.00 | Train Loss: 0.0106 | Val Loss: 0.4612 | Acc (clean): 0.9549 | Acc (poison): 0.9993 | Val Acc: 0.9048 | Time: 00:00:08
Epoch 088 | Seed 42 | Rate 1.00 | Train Loss: 0.0101 | Val Loss: 0.4657 | Acc (clean): 0.9552 | Acc (poison): 0.9996 | Val Acc: 0.9056 | Time: 00:00:08
Epoch 089 | Seed 42 | Rate 1.00 | Train Loss: 0.0105 | Val Loss: 0.4572 | Acc (clean): 0.9551 | Acc (poison): 0.9996 | Val Acc: 0.9044 | Time: 00:00:08
Epoch 090 | Seed 42 | Rate 1.00 | Train Loss: 0.0105 | Val Loss: 0.4650 | Acc (clean): 0.9551 | Acc (poison): 0.9996 | Val Acc: 0.9041 | Time: 00:00:08
Epoch 091 | Seed 42 | Rate 1.00 | Train Loss: 0.0099 | Val Loss: 0.4659 | Acc (clean): 0.9551 | Acc (poison): 0.9995 | Val Acc: 0.9030 | Time: 00:00:08
Epoch 092 | Seed 42 | Rate 1.00 | Train Loss: 0.0099 | Val Loss: 0.4674 | Acc (clean): 0.9551 | Acc (poison): 0.9995 | Val Acc: 0.9037 | Time: 00:00:08
Epoch 093 | Seed 42 | Rate 1.00 | Train Loss: 0.0101 | Val Loss: 0.4632 | Acc (clean): 0.9551 | Acc (poison): 0.9996 | Val Acc: 0.9056 | Time: 00:00:08
Epoch 094 | Seed 42 | Rate 1.00 | Train Loss: 0.0099 | Val Loss: 0.4658 | Acc (clean): 0.9552 | Acc (poison): 0.9995 | Val Acc: 0.9044 | Time: 00:00:08
Epoch 095 | Seed 42 | Rate 1.00 | Train Loss: 0.0099 | Val Loss: 0.4653 | Acc (clean): 0.9551 | Acc (poison): 0.9995 | Val Acc: 0.9044 | Time: 00:00:08
Epoch 096 | Seed 42 | Rate 1.00 | Train Loss: 0.0101 | Val Loss: 0.4662 | Acc (clean): 0.9549 | Acc (poison): 0.9993 | Val Acc: 0.9033 | Time: 00:00:08
Epoch 097 | Seed 42 | Rate 1.00 | Train Loss: 0.0102 | Val Loss: 0.4603 | Acc (clean): 0.9552 | Acc (poison): 0.9996 | Val Acc: 0.9048 | Time: 00:00:08
Epoch 098 | Seed 42 | Rate 1.00 | Train Loss: 0.0098 | Val Loss: 0.4671 | Acc (clean): 0.9553 | Acc (poison): 0.9997 | Val Acc: 0.9022 | Time: 00:00:08
Epoch 099 | Seed 42 | Rate 1.00 | Train Loss: 0.0100 | Val Loss: 0.4643 | Acc (clean): 0.9553 | Acc (poison): 0.9996 | Val Acc: 0.9059 | Time: 00:00:08
Epoch 100 | Seed 42 | Rate 1.00 | Train Loss: 0.0103 | Val Loss: 0.4643 | Acc (clean): 0.9549 | Acc (poison): 0.9994 | Val Acc: 0.9041 | Time: 00:00:08
Loading train data from /home/yazanme/BachelorThesis/BachelorThesis/data/processed/resisc45/train.h5... (in_memory=True, workers=6)
Testing torch.compile support...
Successfully compiled model using torch.compile.
Epoch 001 | Seed 2001 | Rate 0.00 | Train Loss: 2.8411 | Val Loss: 2.3957 | Acc (clean): 0.2480 | Acc (poison): 0.2480 | Val Acc: 0.3089 | Time: 00:00:10
Epoch 002 | Seed 2001 | Rate 0.00 | Train Loss: 1.9082 | Val Loss: 1.9147 | Acc (clean): 0.4437 | Acc (poison): 0.4437 | Val Acc: 0.4381 | Time: 00:00:08
Epoch 003 | Seed 2001 | Rate 0.00 | Train Loss: 1.5481 | Val Loss: 1.5343 | Acc (clean): 0.5419 | Acc (poison): 0.5419 | Val Acc: 0.5344 | Time: 00:00:08
Epoch 004 | Seed 2001 | Rate 0.00 | Train Loss: 1.3264 | Val Loss: 2.2023 | Acc (clean): 0.6022 | Acc (poison): 0.6022 | Val Acc: 0.4152 | Time: 00:00:08
Epoch 005 | Seed 2001 | Rate 0.00 | Train Loss: 1.1574 | Val Loss: 1.6112 | Acc (clean): 0.6483 | Acc (poison): 0.6483 | Val Acc: 0.5267 | Time: 00:00:08
Epoch 006 | Seed 2001 | Rate 0.00 | Train Loss: 1.0008 | Val Loss: 1.3201 | Acc (clean): 0.6957 | Acc (poison): 0.6957 | Val Acc: 0.6059 | Time: 00:00:08
Epoch 007 | Seed 2001 | Rate 0.00 | Train Loss: 0.8678 | Val Loss: 1.1623 | Acc (clean): 0.7332 | Acc (poison): 0.7332 | Val Acc: 0.6522 | Time: 00:00:09
Epoch 008 | Seed 2001 | Rate 0.00 | Train Loss: 0.7533 | Val Loss: 1.1400 | Acc (clean): 0.7634 | Acc (poison): 0.7634 | Val Acc: 0.6678 | Time: 00:00:08
Epoch 009 | Seed 2001 | Rate 0.00 | Train Loss: 0.6622 | Val Loss: 0.9677 | Acc (clean): 0.7927 | Acc (poison): 0.7927 | Val Acc: 0.7085 | Time: 00:00:08
Epoch 010 | Seed 2001 | Rate 0.00 | Train Loss: 0.6025 | Val Loss: 0.7870 | Acc (clean): 0.8105 | Acc (poison): 0.8105 | Val Acc: 0.7541 | Time: 00:00:08
Epoch 011 | Seed 2001 | Rate 0.00 | Train Loss: 0.5384 | Val Loss: 0.8370 | Acc (clean): 0.8316 | Acc (poison): 0.8316 | Val Acc: 0.7589 | Time: 00:00:08
Epoch 012 | Seed 2001 | Rate 0.00 | Train Loss: 0.4995 | Val Loss: 0.8219 | Acc (clean): 0.8385 | Acc (poison): 0.8385 | Val Acc: 0.7470 | Time: 00:00:08
Epoch 013 | Seed 2001 | Rate 0.00 | Train Loss: 0.4606 | Val Loss: 0.6270 | Acc (clean): 0.8514 | Acc (poison): 0.8514 | Val Acc: 0.8081 | Time: 00:00:08
Epoch 014 | Seed 2001 | Rate 0.00 | Train Loss: 0.4302 | Val Loss: 0.6259 | Acc (clean): 0.8638 | Acc (poison): 0.8638 | Val Acc: 0.8044 | Time: 00:00:08
Epoch 015 | Seed 2001 | Rate 0.00 | Train Loss: 0.4247 | Val Loss: 0.8589 | Acc (clean): 0.8642 | Acc (poison): 0.8642 | Val Acc: 0.7437 | Time: 00:00:08
Epoch 016 | Seed 2001 | Rate 0.00 | Train Loss: 0.3925 | Val Loss: 1.0760 | Acc (clean): 0.8745 | Acc (poison): 0.8745 | Val Acc: 0.6811 | Time: 00:00:08
Epoch 017 | Seed 2001 | Rate 0.00 | Train Loss: 0.3868 | Val Loss: 0.5505 | Acc (clean): 0.8765 | Acc (poison): 0.8765 | Val Acc: 0.8274 | Time: 00:00:09
Epoch 018 | Seed 2001 | Rate 0.00 | Train Loss: 0.3604 | Val Loss: 0.7491 | Acc (clean): 0.8826 | Acc (poison): 0.8826 | Val Acc: 0.7826 | Time: 00:00:08
Epoch 019 | Seed 2001 | Rate 0.00 | Train Loss: 0.3513 | Val Loss: 0.6528 | Acc (clean): 0.8868 | Acc (poison): 0.8868 | Val Acc: 0.8022 | Time: 00:00:08
Epoch 020 | Seed 2001 | Rate 0.00 | Train Loss: 0.3567 | Val Loss: 0.6801 | Acc (clean): 0.8853 | Acc (poison): 0.8853 | Val Acc: 0.7859 | Time: 00:00:08
Epoch 021 | Seed 2001 | Rate 0.00 | Train Loss: 0.3338 | Val Loss: 0.7262 | Acc (clean): 0.8930 | Acc (poison): 0.8930 | Val Acc: 0.7722 | Time: 00:00:08
Epoch 022 | Seed 2001 | Rate 0.00 | Train Loss: 0.3284 | Val Loss: 0.8012 | Acc (clean): 0.8952 | Acc (poison): 0.8952 | Val Acc: 0.7585 | Time: 00:00:08
Epoch 023 | Seed 2001 | Rate 0.00 | Train Loss: 0.3291 | Val Loss: 0.8215 | Acc (clean): 0.8966 | Acc (poison): 0.8966 | Val Acc: 0.7704 | Time: 00:00:08
Epoch 024 | Seed 2001 | Rate 0.00 | Train Loss: 0.3114 | Val Loss: 0.5950 | Acc (clean): 0.9013 | Acc (poison): 0.9013 | Val Acc: 0.8115 | Time: 00:00:08
Epoch 025 | Seed 2001 | Rate 0.00 | Train Loss: 0.3159 | Val Loss: 0.7267 | Acc (clean): 0.8994 | Acc (poison): 0.8994 | Val Acc: 0.7800 | Time: 00:00:08
Epoch 026 | Seed 2001 | Rate 0.00 | Train Loss: 0.3074 | Val Loss: 0.7515 | Acc (clean): 0.9005 | Acc (poison): 0.9005 | Val Acc: 0.7759 | Time: 00:00:08
Epoch 027 | Seed 2001 | Rate 0.00 | Train Loss: 0.2924 | Val Loss: 0.6136 | Acc (clean): 0.9091 | Acc (poison): 0.9091 | Val Acc: 0.8148 | Time: 00:00:08
Epoch 028 | Seed 2001 | Rate 0.00 | Train Loss: 0.2899 | Val Loss: 0.7649 | Acc (clean): 0.9056 | Acc (poison): 0.9056 | Val Acc: 0.7730 | Time: 00:00:08
Epoch 029 | Seed 2001 | Rate 0.00 | Train Loss: 0.3097 | Val Loss: 0.6772 | Acc (clean): 0.9015 | Acc (poison): 0.9015 | Val Acc: 0.7922 | Time: 00:00:08
Epoch 030 | Seed 2001 | Rate 0.00 | Train Loss: 0.2696 | Val Loss: 0.5883 | Acc (clean): 0.9136 | Acc (poison): 0.9136 | Val Acc: 0.8167 | Time: 00:00:08
Epoch 031 | Seed 2001 | Rate 0.00 | Train Loss: 0.2827 | Val Loss: 0.8506 | Acc (clean): 0.9076 | Acc (poison): 0.9076 | Val Acc: 0.7737 | Time: 00:00:08
Epoch 032 | Seed 2001 | Rate 0.00 | Train Loss: 0.2824 | Val Loss: 0.7177 | Acc (clean): 0.9078 | Acc (poison): 0.9078 | Val Acc: 0.7863 | Time: 00:00:08
Epoch 033 | Seed 2001 | Rate 0.00 | Train Loss: 0.2672 | Val Loss: 0.7199 | Acc (clean): 0.9145 | Acc (poison): 0.9145 | Val Acc: 0.7844 | Time: 00:00:08
Epoch 034 | Seed 2001 | Rate 0.00 | Train Loss: 0.2712 | Val Loss: 0.8676 | Acc (clean): 0.9128 | Acc (poison): 0.9128 | Val Acc: 0.7615 | Time: 00:00:08
Epoch 035 | Seed 2001 | Rate 0.00 | Train Loss: 0.2661 | Val Loss: 0.6923 | Acc (clean): 0.9138 | Acc (poison): 0.9138 | Val Acc: 0.8011 | Time: 00:00:08
Epoch 036 | Seed 2001 | Rate 0.00 | Train Loss: 0.2620 | Val Loss: 0.7418 | Acc (clean): 0.9159 | Acc (poison): 0.9159 | Val Acc: 0.7800 | Time: 00:00:08
Epoch 037 | Seed 2001 | Rate 0.00 | Train Loss: 0.2692 | Val Loss: 0.8502 | Acc (clean): 0.9162 | Acc (poison): 0.9162 | Val Acc: 0.7619 | Time: 00:00:08
Epoch 038 | Seed 2001 | Rate 0.00 | Train Loss: 0.2482 | Val Loss: 0.6408 | Acc (clean): 0.9205 | Acc (poison): 0.9205 | Val Acc: 0.8170 | Time: 00:00:08
Epoch 039 | Seed 2001 | Rate 0.00 | Train Loss: 0.2549 | Val Loss: 0.8026 | Acc (clean): 0.9188 | Acc (poison): 0.9188 | Val Acc: 0.7622 | Time: 00:00:08
Epoch 040 | Seed 2001 | Rate 0.00 | Train Loss: 0.2654 | Val Loss: 0.5842 | Acc (clean): 0.9124 | Acc (poison): 0.9124 | Val Acc: 0.8248 | Time: 00:00:08
Epoch 041 | Seed 2001 | Rate 0.00 | Train Loss: 0.2609 | Val Loss: 0.7374 | Acc (clean): 0.9166 | Acc (poison): 0.9166 | Val Acc: 0.7833 | Time: 00:00:08
Epoch 042 | Seed 2001 | Rate 0.00 | Train Loss: 0.2476 | Val Loss: 0.6798 | Acc (clean): 0.9213 | Acc (poison): 0.9213 | Val Acc: 0.8096 | Time: 00:00:08
Epoch 043 | Seed 2001 | Rate 0.00 | Train Loss: 0.2384 | Val Loss: 0.4958 | Acc (clean): 0.9242 | Acc (poison): 0.9242 | Val Acc: 0.8504 | Time: 00:00:08
Epoch 044 | Seed 2001 | Rate 0.00 | Train Loss: 0.2577 | Val Loss: 0.7694 | Acc (clean): 0.9164 | Acc (poison): 0.9164 | Val Acc: 0.7896 | Time: 00:00:08
Epoch 045 | Seed 2001 | Rate 0.00 | Train Loss: 0.2465 | Val Loss: 0.9251 | Acc (clean): 0.9232 | Acc (poison): 0.9232 | Val Acc: 0.7574 | Time: 00:00:08
Epoch 046 | Seed 2001 | Rate 0.00 | Train Loss: 0.2431 | Val Loss: 0.6393 | Acc (clean): 0.9216 | Acc (poison): 0.9216 | Val Acc: 0.8044 | Time: 00:00:08
Epoch 047 | Seed 2001 | Rate 0.00 | Train Loss: 0.2436 | Val Loss: 0.6507 | Acc (clean): 0.9232 | Acc (poison): 0.9232 | Val Acc: 0.8074 | Time: 00:00:08
Epoch 048 | Seed 2001 | Rate 0.00 | Train Loss: 0.2247 | Val Loss: 0.8294 | Acc (clean): 0.9282 | Acc (poison): 0.9282 | Val Acc: 0.7848 | Time: 00:00:08
Epoch 049 | Seed 2001 | Rate 0.00 | Train Loss: 0.2449 | Val Loss: 0.6487 | Acc (clean): 0.9227 | Acc (poison): 0.9227 | Val Acc: 0.8122 | Time: 00:00:08
Epoch 050 | Seed 2001 | Rate 0.00 | Train Loss: 0.2345 | Val Loss: 0.8299 | Acc (clean): 0.9263 | Acc (poison): 0.9263 | Val Acc: 0.7800 | Time: 00:00:08
Epoch 051 | Seed 2001 | Rate 0.00 | Train Loss: 0.1037 | Val Loss: 0.2699 | Acc (clean): 0.9710 | Acc (poison): 0.9710 | Val Acc: 0.9189 | Time: 00:00:09
Epoch 052 | Seed 2001 | Rate 0.00 | Train Loss: 0.0571 | Val Loss: 0.2483 | Acc (clean): 0.9858 | Acc (poison): 0.9858 | Val Acc: 0.9259 | Time: 00:00:08
Epoch 053 | Seed 2001 | Rate 0.00 | Train Loss: 0.0450 | Val Loss: 0.2467 | Acc (clean): 0.9900 | Acc (poison): 0.9900 | Val Acc: 0.9222 | Time: 00:00:08
Epoch 054 | Seed 2001 | Rate 0.00 | Train Loss: 0.0380 | Val Loss: 0.2324 | Acc (clean): 0.9923 | Acc (poison): 0.9923 | Val Acc: 0.9315 | Time: 00:00:08
Epoch 055 | Seed 2001 | Rate 0.00 | Train Loss: 0.0328 | Val Loss: 0.2287 | Acc (clean): 0.9939 | Acc (poison): 0.9939 | Val Acc: 0.9315 | Time: 00:00:08
Epoch 056 | Seed 2001 | Rate 0.00 | Train Loss: 0.0302 | Val Loss: 0.2330 | Acc (clean): 0.9951 | Acc (poison): 0.9951 | Val Acc: 0.9289 | Time: 00:00:08
Epoch 057 | Seed 2001 | Rate 0.00 | Train Loss: 0.0287 | Val Loss: 0.2264 | Acc (clean): 0.9953 | Acc (poison): 0.9953 | Val Acc: 0.9307 | Time: 00:00:09
Epoch 058 | Seed 2001 | Rate 0.00 | Train Loss: 0.0255 | Val Loss: 0.2284 | Acc (clean): 0.9955 | Acc (poison): 0.9955 | Val Acc: 0.9289 | Time: 00:00:08
Epoch 059 | Seed 2001 | Rate 0.00 | Train Loss: 0.0246 | Val Loss: 0.2302 | Acc (clean): 0.9966 | Acc (poison): 0.9966 | Val Acc: 0.9289 | Time: 00:00:08
Epoch 060 | Seed 2001 | Rate 0.00 | Train Loss: 0.0219 | Val Loss: 0.2261 | Acc (clean): 0.9974 | Acc (poison): 0.9974 | Val Acc: 0.9322 | Time: 00:00:08
Epoch 061 | Seed 2001 | Rate 0.00 | Train Loss: 0.0212 | Val Loss: 0.2242 | Acc (clean): 0.9972 | Acc (poison): 0.9972 | Val Acc: 0.9319 | Time: 00:00:08
Epoch 062 | Seed 2001 | Rate 0.00 | Train Loss: 0.0195 | Val Loss: 0.2182 | Acc (clean): 0.9975 | Acc (poison): 0.9975 | Val Acc: 0.9348 | Time: 00:00:09
Epoch 063 | Seed 2001 | Rate 0.00 | Train Loss: 0.0192 | Val Loss: 0.2246 | Acc (clean): 0.9979 | Acc (poison): 0.9979 | Val Acc: 0.9344 | Time: 00:00:08
Epoch 064 | Seed 2001 | Rate 0.00 | Train Loss: 0.0177 | Val Loss: 0.2249 | Acc (clean): 0.9980 | Acc (poison): 0.9980 | Val Acc: 0.9315 | Time: 00:00:08
Epoch 065 | Seed 2001 | Rate 0.00 | Train Loss: 0.0175 | Val Loss: 0.2248 | Acc (clean): 0.9979 | Acc (poison): 0.9979 | Val Acc: 0.9348 | Time: 00:00:08
Epoch 066 | Seed 2001 | Rate 0.00 | Train Loss: 0.0168 | Val Loss: 0.2232 | Acc (clean): 0.9983 | Acc (poison): 0.9983 | Val Acc: 0.9307 | Time: 00:00:08
Epoch 067 | Seed 2001 | Rate 0.00 | Train Loss: 0.0150 | Val Loss: 0.2241 | Acc (clean): 0.9989 | Acc (poison): 0.9989 | Val Acc: 0.9344 | Time: 00:00:08
Epoch 068 | Seed 2001 | Rate 0.00 | Train Loss: 0.0157 | Val Loss: 0.2205 | Acc (clean): 0.9982 | Acc (poison): 0.9982 | Val Acc: 0.9344 | Time: 00:00:08
Epoch 069 | Seed 2001 | Rate 0.00 | Train Loss: 0.0155 | Val Loss: 0.2212 | Acc (clean): 0.9986 | Acc (poison): 0.9986 | Val Acc: 0.9344 | Time: 00:00:08
Epoch 070 | Seed 2001 | Rate 0.00 | Train Loss: 0.0150 | Val Loss: 0.2194 | Acc (clean): 0.9987 | Acc (poison): 0.9987 | Val Acc: 0.9330 | Time: 00:00:08
Epoch 071 | Seed 2001 | Rate 0.00 | Train Loss: 0.0143 | Val Loss: 0.2258 | Acc (clean): 0.9989 | Acc (poison): 0.9989 | Val Acc: 0.9319 | Time: 00:00:08
Epoch 072 | Seed 2001 | Rate 0.00 | Train Loss: 0.0134 | Val Loss: 0.2193 | Acc (clean): 0.9989 | Acc (poison): 0.9989 | Val Acc: 0.9363 | Time: 00:00:08
Epoch 073 | Seed 2001 | Rate 0.00 | Train Loss: 0.0136 | Val Loss: 0.2242 | Acc (clean): 0.9986 | Acc (poison): 0.9986 | Val Acc: 0.9326 | Time: 00:00:08
Epoch 074 | Seed 2001 | Rate 0.00 | Train Loss: 0.0126 | Val Loss: 0.2164 | Acc (clean): 0.9991 | Acc (poison): 0.9991 | Val Acc: 0.9356 | Time: 00:00:08
Epoch 075 | Seed 2001 | Rate 0.00 | Train Loss: 0.0132 | Val Loss: 0.2233 | Acc (clean): 0.9991 | Acc (poison): 0.9991 | Val Acc: 0.9344 | Time: 00:00:08
Epoch 076 | Seed 2001 | Rate 0.00 | Train Loss: 0.0120 | Val Loss: 0.2143 | Acc (clean): 0.9992 | Acc (poison): 0.9992 | Val Acc: 0.9374 | Time: 00:00:08
Epoch 077 | Seed 2001 | Rate 0.00 | Train Loss: 0.0114 | Val Loss: 0.2129 | Acc (clean): 0.9994 | Acc (poison): 0.9994 | Val Acc: 0.9385 | Time: 00:00:08
Epoch 078 | Seed 2001 | Rate 0.00 | Train Loss: 0.0113 | Val Loss: 0.2151 | Acc (clean): 0.9995 | Acc (poison): 0.9995 | Val Acc: 0.9389 | Time: 00:00:08
Epoch 079 | Seed 2001 | Rate 0.00 | Train Loss: 0.0107 | Val Loss: 0.2156 | Acc (clean): 0.9996 | Acc (poison): 0.9996 | Val Acc: 0.9385 | Time: 00:00:08
Epoch 080 | Seed 2001 | Rate 0.00 | Train Loss: 0.0108 | Val Loss: 0.2131 | Acc (clean): 0.9996 | Acc (poison): 0.9996 | Val Acc: 0.9389 | Time: 00:00:08
Epoch 081 | Seed 2001 | Rate 0.00 | Train Loss: 0.0107 | Val Loss: 0.2164 | Acc (clean): 0.9998 | Acc (poison): 0.9998 | Val Acc: 0.9370 | Time: 00:00:08
Epoch 082 | Seed 2001 | Rate 0.00 | Train Loss: 0.0108 | Val Loss: 0.2150 | Acc (clean): 0.9993 | Acc (poison): 0.9993 | Val Acc: 0.9381 | Time: 00:00:08
Epoch 083 | Seed 2001 | Rate 0.00 | Train Loss: 0.0105 | Val Loss: 0.2143 | Acc (clean): 0.9996 | Acc (poison): 0.9996 | Val Acc: 0.9393 | Time: 00:00:08
Epoch 084 | Seed 2001 | Rate 0.00 | Train Loss: 0.0106 | Val Loss: 0.2115 | Acc (clean): 0.9993 | Acc (poison): 0.9993 | Val Acc: 0.9396 | Time: 00:00:08
Epoch 085 | Seed 2001 | Rate 0.00 | Train Loss: 0.0102 | Val Loss: 0.2178 | Acc (clean): 0.9996 | Acc (poison): 0.9996 | Val Acc: 0.9363 | Time: 00:00:08
Epoch 086 | Seed 2001 | Rate 0.00 | Train Loss: 0.0102 | Val Loss: 0.2154 | Acc (clean): 0.9995 | Acc (poison): 0.9995 | Val Acc: 0.9370 | Time: 00:00:08
Epoch 087 | Seed 2001 | Rate 0.00 | Train Loss: 0.0107 | Val Loss: 0.2142 | Acc (clean): 0.9994 | Acc (poison): 0.9994 | Val Acc: 0.9374 | Time: 00:00:08
Epoch 088 | Seed 2001 | Rate 0.00 | Train Loss: 0.0101 | Val Loss: 0.2138 | Acc (clean): 0.9995 | Acc (poison): 0.9995 | Val Acc: 0.9378 | Time: 00:00:08
Epoch 089 | Seed 2001 | Rate 0.00 | Train Loss: 0.0102 | Val Loss: 0.2167 | Acc (clean): 0.9995 | Acc (poison): 0.9995 | Val Acc: 0.9381 | Time: 00:00:08
Epoch 090 | Seed 2001 | Rate 0.00 | Train Loss: 0.0105 | Val Loss: 0.2159 | Acc (clean): 0.9996 | Acc (poison): 0.9996 | Val Acc: 0.9381 | Time: 00:00:08
Epoch 091 | Seed 2001 | Rate 0.00 | Train Loss: 0.0107 | Val Loss: 0.2139 | Acc (clean): 0.9994 | Acc (poison): 0.9994 | Val Acc: 0.9389 | Time: 00:00:08
Epoch 092 | Seed 2001 | Rate 0.00 | Train Loss: 0.0104 | Val Loss: 0.2160 | Acc (clean): 0.9995 | Acc (poison): 0.9995 | Val Acc: 0.9370 | Time: 00:00:08
Epoch 093 | Seed 2001 | Rate 0.00 | Train Loss: 0.0106 | Val Loss: 0.2143 | Acc (clean): 0.9993 | Acc (poison): 0.9993 | Val Acc: 0.9374 | Time: 00:00:08
Epoch 094 | Seed 2001 | Rate 0.00 | Train Loss: 0.0103 | Val Loss: 0.2181 | Acc (clean): 0.9996 | Acc (poison): 0.9996 | Val Acc: 0.9359 | Time: 00:00:08
Epoch 095 | Seed 2001 | Rate 0.00 | Train Loss: 0.0101 | Val Loss: 0.2148 | Acc (clean): 0.9995 | Acc (poison): 0.9995 | Val Acc: 0.9374 | Time: 00:00:08
Epoch 096 | Seed 2001 | Rate 0.00 | Train Loss: 0.0099 | Val Loss: 0.2186 | Acc (clean): 0.9998 | Acc (poison): 0.9998 | Val Acc: 0.9359 | Time: 00:00:08
Epoch 097 | Seed 2001 | Rate 0.00 | Train Loss: 0.0097 | Val Loss: 0.2103 | Acc (clean): 0.9995 | Acc (poison): 0.9995 | Val Acc: 0.9400 | Time: 00:00:08
Epoch 098 | Seed 2001 | Rate 0.00 | Train Loss: 0.0100 | Val Loss: 0.2155 | Acc (clean): 0.9998 | Acc (poison): 0.9998 | Val Acc: 0.9374 | Time: 00:00:08
Epoch 099 | Seed 2001 | Rate 0.00 | Train Loss: 0.0104 | Val Loss: 0.2154 | Acc (clean): 0.9994 | Acc (poison): 0.9994 | Val Acc: 0.9370 | Time: 00:00:08
Epoch 100 | Seed 2001 | Rate 0.00 | Train Loss: 0.0101 | Val Loss: 0.2095 | Acc (clean): 0.9994 | Acc (poison): 0.9994 | Val Acc: 0.9370 | Time: 00:00:08
Loading train data from /home/yazanme/BachelorThesis/BachelorThesis/data/processed/resisc45/train.h5 with mapping /home/yazanme/BachelorThesis/BachelorThesis/data/processed/resisc45/poisoned/RQ2.2-sim/seed_2001/labels_0.05.pt... (in_memory=True, workers=6)
Testing torch.compile support...
Successfully compiled model using torch.compile.
Epoch 001 | Seed 2001 | Rate 0.05 | Train Loss: 2.9011 | Val Loss: 2.2462 | Acc (clean): 0.2362 | Acc (poison): 0.2362 | Val Acc: 0.3304 | Time: 00:00:09
Epoch 002 | Seed 2001 | Rate 0.05 | Train Loss: 1.9523 | Val Loss: 2.0495 | Acc (clean): 0.4301 | Acc (poison): 0.4299 | Val Acc: 0.3993 | Time: 00:00:08
Epoch 003 | Seed 2001 | Rate 0.05 | Train Loss: 1.5902 | Val Loss: 1.6723 | Acc (clean): 0.5283 | Acc (poison): 0.5278 | Val Acc: 0.4996 | Time: 00:00:09
Epoch 004 | Seed 2001 | Rate 0.05 | Train Loss: 1.3503 | Val Loss: 1.8646 | Acc (clean): 0.5940 | Acc (poison): 0.5937 | Val Acc: 0.4785 | Time: 00:00:08
Epoch 005 | Seed 2001 | Rate 0.05 | Train Loss: 1.1784 | Val Loss: 1.9967 | Acc (clean): 0.6414 | Acc (poison): 0.6407 | Val Acc: 0.4504 | Time: 00:00:08
Epoch 006 | Seed 2001 | Rate 0.05 | Train Loss: 1.0216 | Val Loss: 1.2547 | Acc (clean): 0.6891 | Acc (poison): 0.6884 | Val Acc: 0.6256 | Time: 00:00:09
Epoch 007 | Seed 2001 | Rate 0.05 | Train Loss: 0.8766 | Val Loss: 0.9764 | Acc (clean): 0.7293 | Acc (poison): 0.7285 | Val Acc: 0.6981 | Time: 00:00:09
Epoch 008 | Seed 2001 | Rate 0.05 | Train Loss: 0.7630 | Val Loss: 1.1351 | Acc (clean): 0.7607 | Acc (poison): 0.7599 | Val Acc: 0.6596 | Time: 00:00:08
Epoch 009 | Seed 2001 | Rate 0.05 | Train Loss: 0.6682 | Val Loss: 1.1343 | Acc (clean): 0.7907 | Acc (poison): 0.7899 | Val Acc: 0.6537 | Time: 00:00:08
Epoch 010 | Seed 2001 | Rate 0.05 | Train Loss: 0.6043 | Val Loss: 0.9873 | Acc (clean): 0.8106 | Acc (poison): 0.8096 | Val Acc: 0.6989 | Time: 00:00:08
Epoch 011 | Seed 2001 | Rate 0.05 | Train Loss: 0.5505 | Val Loss: 1.0760 | Acc (clean): 0.8289 | Acc (poison): 0.8279 | Val Acc: 0.7122 | Time: 00:00:08
Epoch 012 | Seed 2001 | Rate 0.05 | Train Loss: 0.4968 | Val Loss: 0.7573 | Acc (clean): 0.8433 | Acc (poison): 0.8426 | Val Acc: 0.7693 | Time: 00:00:08
Epoch 013 | Seed 2001 | Rate 0.05 | Train Loss: 0.4724 | Val Loss: 0.6832 | Acc (clean): 0.8480 | Acc (poison): 0.8469 | Val Acc: 0.7900 | Time: 00:00:08
Epoch 014 | Seed 2001 | Rate 0.05 | Train Loss: 0.4492 | Val Loss: 0.6430 | Acc (clean): 0.8560 | Acc (poison): 0.8546 | Val Acc: 0.7933 | Time: 00:00:08
Epoch 015 | Seed 2001 | Rate 0.05 | Train Loss: 0.4299 | Val Loss: 1.0329 | Acc (clean): 0.8623 | Acc (poison): 0.8615 | Val Acc: 0.7015 | Time: 00:00:08
Epoch 016 | Seed 2001 | Rate 0.05 | Train Loss: 0.3978 | Val Loss: 0.7498 | Acc (clean): 0.8735 | Acc (poison): 0.8723 | Val Acc: 0.7656 | Time: 00:00:08
Epoch 017 | Seed 2001 | Rate 0.05 | Train Loss: 0.3932 | Val Loss: 0.6440 | Acc (clean): 0.8735 | Acc (poison): 0.8724 | Val Acc: 0.8033 | Time: 00:00:08
Epoch 018 | Seed 2001 | Rate 0.05 | Train Loss: 0.3733 | Val Loss: 0.7854 | Acc (clean): 0.8790 | Acc (poison): 0.8781 | Val Acc: 0.7770 | Time: 00:00:08
Epoch 019 | Seed 2001 | Rate 0.05 | Train Loss: 0.3547 | Val Loss: 0.8881 | Acc (clean): 0.8860 | Acc (poison): 0.8856 | Val Acc: 0.7315 | Time: 00:00:08
Epoch 020 | Seed 2001 | Rate 0.05 | Train Loss: 0.3661 | Val Loss: 0.7317 | Acc (clean): 0.8816 | Acc (poison): 0.8807 | Val Acc: 0.7737 | Time: 00:00:08
Epoch 021 | Seed 2001 | Rate 0.05 | Train Loss: 0.3391 | Val Loss: 0.8802 | Acc (clean): 0.8925 | Acc (poison): 0.8917 | Val Acc: 0.7396 | Time: 00:00:08
Epoch 022 | Seed 2001 | Rate 0.05 | Train Loss: 0.3318 | Val Loss: 0.7026 | Acc (clean): 0.8940 | Acc (poison): 0.8932 | Val Acc: 0.7859 | Time: 00:00:08
Epoch 023 | Seed 2001 | Rate 0.05 | Train Loss: 0.3253 | Val Loss: 0.5838 | Acc (clean): 0.8947 | Acc (poison): 0.8939 | Val Acc: 0.8263 | Time: 00:00:08
Epoch 024 | Seed 2001 | Rate 0.05 | Train Loss: 0.3016 | Val Loss: 0.6061 | Acc (clean): 0.9070 | Acc (poison): 0.9063 | Val Acc: 0.8211 | Time: 00:00:08
Epoch 025 | Seed 2001 | Rate 0.05 | Train Loss: 0.3086 | Val Loss: 0.5529 | Acc (clean): 0.8995 | Acc (poison): 0.8991 | Val Acc: 0.8304 | Time: 00:00:09
Epoch 026 | Seed 2001 | Rate 0.05 | Train Loss: 0.3134 | Val Loss: 0.7109 | Acc (clean): 0.9032 | Acc (poison): 0.9026 | Val Acc: 0.7937 | Time: 00:00:08
Epoch 027 | Seed 2001 | Rate 0.05 | Train Loss: 0.3024 | Val Loss: 0.7398 | Acc (clean): 0.9031 | Acc (poison): 0.9019 | Val Acc: 0.7796 | Time: 00:00:08
Epoch 028 | Seed 2001 | Rate 0.05 | Train Loss: 0.2953 | Val Loss: 0.7886 | Acc (clean): 0.9079 | Acc (poison): 0.9069 | Val Acc: 0.7759 | Time: 00:00:08
Epoch 029 | Seed 2001 | Rate 0.05 | Train Loss: 0.3040 | Val Loss: 0.7385 | Acc (clean): 0.9028 | Acc (poison): 0.9019 | Val Acc: 0.7715 | Time: 00:00:08
Epoch 030 | Seed 2001 | Rate 0.05 | Train Loss: 0.2889 | Val Loss: 0.7565 | Acc (clean): 0.9082 | Acc (poison): 0.9076 | Val Acc: 0.7919 | Time: 00:00:08
Epoch 031 | Seed 2001 | Rate 0.05 | Train Loss: 0.2756 | Val Loss: 0.6521 | Acc (clean): 0.9104 | Acc (poison): 0.9098 | Val Acc: 0.8033 | Time: 00:00:08
Epoch 032 | Seed 2001 | Rate 0.05 | Train Loss: 0.2892 | Val Loss: 0.9414 | Acc (clean): 0.9089 | Acc (poison): 0.9083 | Val Acc: 0.7448 | Time: 00:00:08
Epoch 033 | Seed 2001 | Rate 0.05 | Train Loss: 0.2747 | Val Loss: 0.8817 | Acc (clean): 0.9121 | Acc (poison): 0.9112 | Val Acc: 0.7507 | Time: 00:00:08
Epoch 034 | Seed 2001 | Rate 0.05 | Train Loss: 0.2643 | Val Loss: 0.7904 | Acc (clean): 0.9163 | Acc (poison): 0.9158 | Val Acc: 0.7844 | Time: 00:00:08
Epoch 035 | Seed 2001 | Rate 0.05 | Train Loss: 0.2795 | Val Loss: 0.6907 | Acc (clean): 0.9118 | Acc (poison): 0.9112 | Val Acc: 0.7985 | Time: 00:00:08
Epoch 036 | Seed 2001 | Rate 0.05 | Train Loss: 0.2761 | Val Loss: 0.5379 | Acc (clean): 0.9121 | Acc (poison): 0.9115 | Val Acc: 0.8415 | Time: 00:00:09
Epoch 037 | Seed 2001 | Rate 0.05 | Train Loss: 0.2589 | Val Loss: 0.5857 | Acc (clean): 0.9188 | Acc (poison): 0.9177 | Val Acc: 0.8241 | Time: 00:00:08
Epoch 038 | Seed 2001 | Rate 0.05 | Train Loss: 0.2654 | Val Loss: 0.6467 | Acc (clean): 0.9132 | Acc (poison): 0.9130 | Val Acc: 0.8111 | Time: 00:00:08
Epoch 039 | Seed 2001 | Rate 0.05 | Train Loss: 0.2810 | Val Loss: 0.8780 | Acc (clean): 0.9102 | Acc (poison): 0.9097 | Val Acc: 0.7656 | Time: 00:00:08
Epoch 040 | Seed 2001 | Rate 0.05 | Train Loss: 0.2499 | Val Loss: 0.6604 | Acc (clean): 0.9221 | Acc (poison): 0.9219 | Val Acc: 0.8037 | Time: 00:00:08
Epoch 041 | Seed 2001 | Rate 0.05 | Train Loss: 0.2680 | Val Loss: 0.5780 | Acc (clean): 0.9171 | Acc (poison): 0.9163 | Val Acc: 0.8322 | Time: 00:00:08
Epoch 042 | Seed 2001 | Rate 0.05 | Train Loss: 0.2471 | Val Loss: 0.6875 | Acc (clean): 0.9219 | Acc (poison): 0.9211 | Val Acc: 0.8056 | Time: 00:00:08
Epoch 043 | Seed 2001 | Rate 0.05 | Train Loss: 0.2426 | Val Loss: 0.6558 | Acc (clean): 0.9236 | Acc (poison): 0.9228 | Val Acc: 0.8067 | Time: 00:00:08
Epoch 044 | Seed 2001 | Rate 0.05 | Train Loss: 0.2568 | Val Loss: 0.9902 | Acc (clean): 0.9171 | Acc (poison): 0.9169 | Val Acc: 0.7248 | Time: 00:00:08
Epoch 045 | Seed 2001 | Rate 0.05 | Train Loss: 0.2543 | Val Loss: 0.7524 | Acc (clean): 0.9190 | Acc (poison): 0.9188 | Val Acc: 0.7881 | Time: 00:00:08
Epoch 046 | Seed 2001 | Rate 0.05 | Train Loss: 0.2509 | Val Loss: 0.6473 | Acc (clean): 0.9191 | Acc (poison): 0.9190 | Val Acc: 0.8119 | Time: 00:00:08
Epoch 047 | Seed 2001 | Rate 0.05 | Train Loss: 0.2328 | Val Loss: 0.6918 | Acc (clean): 0.9243 | Acc (poison): 0.9244 | Val Acc: 0.7970 | Time: 00:00:08
Epoch 048 | Seed 2001 | Rate 0.05 | Train Loss: 0.2387 | Val Loss: 0.7767 | Acc (clean): 0.9260 | Acc (poison): 0.9259 | Val Acc: 0.7778 | Time: 00:00:08
Epoch 049 | Seed 2001 | Rate 0.05 | Train Loss: 0.2381 | Val Loss: 0.8427 | Acc (clean): 0.9259 | Acc (poison): 0.9261 | Val Acc: 0.7637 | Time: 00:00:08
Epoch 050 | Seed 2001 | Rate 0.05 | Train Loss: 0.2399 | Val Loss: 0.6076 | Acc (clean): 0.9258 | Acc (poison): 0.9259 | Val Acc: 0.8278 | Time: 00:00:08
Epoch 051 | Seed 2001 | Rate 0.05 | Train Loss: 0.0989 | Val Loss: 0.2581 | Acc (clean): 0.9716 | Acc (poison): 0.9718 | Val Acc: 0.9189 | Time: 00:00:08
Epoch 052 | Seed 2001 | Rate 0.05 | Train Loss: 0.0578 | Val Loss: 0.2424 | Acc (clean): 0.9858 | Acc (poison): 0.9860 | Val Acc: 0.9226 | Time: 00:00:08
Epoch 053 | Seed 2001 | Rate 0.05 | Train Loss: 0.0467 | Val Loss: 0.2386 | Acc (clean): 0.9891 | Acc (poison): 0.9900 | Val Acc: 0.9241 | Time: 00:00:08
Epoch 054 | Seed 2001 | Rate 0.05 | Train Loss: 0.0399 | Val Loss: 0.2291 | Acc (clean): 0.9910 | Acc (poison): 0.9918 | Val Acc: 0.9285 | Time: 00:00:08
Epoch 055 | Seed 2001 | Rate 0.05 | Train Loss: 0.0343 | Val Loss: 0.2228 | Acc (clean): 0.9926 | Acc (poison): 0.9940 | Val Acc: 0.9304 | Time: 00:00:08
Epoch 056 | Seed 2001 | Rate 0.05 | Train Loss: 0.0310 | Val Loss: 0.2319 | Acc (clean): 0.9935 | Acc (poison): 0.9952 | Val Acc: 0.9315 | Time: 00:00:08
Epoch 057 | Seed 2001 | Rate 0.05 | Train Loss: 0.0290 | Val Loss: 0.2257 | Acc (clean): 0.9937 | Acc (poison): 0.9955 | Val Acc: 0.9311 | Time: 00:00:08
Epoch 058 | Seed 2001 | Rate 0.05 | Train Loss: 0.0266 | Val Loss: 0.2251 | Acc (clean): 0.9939 | Acc (poison): 0.9956 | Val Acc: 0.9311 | Time: 00:00:08
Epoch 059 | Seed 2001 | Rate 0.05 | Train Loss: 0.0258 | Val Loss: 0.2261 | Acc (clean): 0.9939 | Acc (poison): 0.9955 | Val Acc: 0.9333 | Time: 00:00:08
Epoch 060 | Seed 2001 | Rate 0.05 | Train Loss: 0.0233 | Val Loss: 0.2237 | Acc (clean): 0.9949 | Acc (poison): 0.9965 | Val Acc: 0.9319 | Time: 00:00:08
Epoch 061 | Seed 2001 | Rate 0.05 | Train Loss: 0.0222 | Val Loss: 0.2257 | Acc (clean): 0.9946 | Acc (poison): 0.9964 | Val Acc: 0.9322 | Time: 00:00:08
Epoch 062 | Seed 2001 | Rate 0.05 | Train Loss: 0.0207 | Val Loss: 0.2223 | Acc (clean): 0.9953 | Acc (poison): 0.9972 | Val Acc: 0.9330 | Time: 00:00:08
Epoch 063 | Seed 2001 | Rate 0.05 | Train Loss: 0.0191 | Val Loss: 0.2192 | Acc (clean): 0.9958 | Acc (poison): 0.9979 | Val Acc: 0.9330 | Time: 00:00:08
Epoch 064 | Seed 2001 | Rate 0.05 | Train Loss: 0.0182 | Val Loss: 0.2230 | Acc (clean): 0.9959 | Acc (poison): 0.9979 | Val Acc: 0.9311 | Time: 00:00:08
Epoch 065 | Seed 2001 | Rate 0.05 | Train Loss: 0.0172 | Val Loss: 0.2174 | Acc (clean): 0.9964 | Acc (poison): 0.9984 | Val Acc: 0.9322 | Time: 00:00:09
Epoch 066 | Seed 2001 | Rate 0.05 | Train Loss: 0.0165 | Val Loss: 0.2182 | Acc (clean): 0.9964 | Acc (poison): 0.9986 | Val Acc: 0.9348 | Time: 00:00:08
Epoch 067 | Seed 2001 | Rate 0.05 | Train Loss: 0.0153 | Val Loss: 0.2241 | Acc (clean): 0.9967 | Acc (poison): 0.9989 | Val Acc: 0.9300 | Time: 00:00:08
Epoch 068 | Seed 2001 | Rate 0.05 | Train Loss: 0.0155 | Val Loss: 0.2142 | Acc (clean): 0.9964 | Acc (poison): 0.9985 | Val Acc: 0.9363 | Time: 00:00:08
Epoch 069 | Seed 2001 | Rate 0.05 | Train Loss: 0.0151 | Val Loss: 0.2170 | Acc (clean): 0.9966 | Acc (poison): 0.9988 | Val Acc: 0.9344 | Time: 00:00:08
Epoch 070 | Seed 2001 | Rate 0.05 | Train Loss: 0.0146 | Val Loss: 0.2218 | Acc (clean): 0.9963 | Acc (poison): 0.9986 | Val Acc: 0.9341 | Time: 00:00:08
Epoch 071 | Seed 2001 | Rate 0.05 | Train Loss: 0.0150 | Val Loss: 0.2268 | Acc (clean): 0.9963 | Acc (poison): 0.9984 | Val Acc: 0.9322 | Time: 00:00:08
Epoch 072 | Seed 2001 | Rate 0.05 | Train Loss: 0.0141 | Val Loss: 0.2191 | Acc (clean): 0.9963 | Acc (poison): 0.9986 | Val Acc: 0.9300 | Time: 00:00:08
Epoch 073 | Seed 2001 | Rate 0.05 | Train Loss: 0.0141 | Val Loss: 0.2212 | Acc (clean): 0.9967 | Acc (poison): 0.9989 | Val Acc: 0.9333 | Time: 00:00:08
Epoch 074 | Seed 2001 | Rate 0.05 | Train Loss: 0.0130 | Val Loss: 0.2139 | Acc (clean): 0.9970 | Acc (poison): 0.9991 | Val Acc: 0.9333 | Time: 00:00:08
Epoch 075 | Seed 2001 | Rate 0.05 | Train Loss: 0.0134 | Val Loss: 0.2213 | Acc (clean): 0.9969 | Acc (poison): 0.9991 | Val Acc: 0.9333 | Time: 00:00:08
Epoch 076 | Seed 2001 | Rate 0.05 | Train Loss: 0.0118 | Val Loss: 0.2144 | Acc (clean): 0.9971 | Acc (poison): 0.9993 | Val Acc: 0.9356 | Time: 00:00:08
Epoch 077 | Seed 2001 | Rate 0.05 | Train Loss: 0.0115 | Val Loss: 0.2126 | Acc (clean): 0.9971 | Acc (poison): 0.9991 | Val Acc: 0.9363 | Time: 00:00:08
Epoch 078 | Seed 2001 | Rate 0.05 | Train Loss: 0.0111 | Val Loss: 0.2148 | Acc (clean): 0.9974 | Acc (poison): 0.9996 | Val Acc: 0.9344 | Time: 00:00:08
Epoch 079 | Seed 2001 | Rate 0.05 | Train Loss: 0.0109 | Val Loss: 0.2168 | Acc (clean): 0.9972 | Acc (poison): 0.9994 | Val Acc: 0.9348 | Time: 00:00:08
Epoch 080 | Seed 2001 | Rate 0.05 | Train Loss: 0.0106 | Val Loss: 0.2136 | Acc (clean): 0.9973 | Acc (poison): 0.9995 | Val Acc: 0.9367 | Time: 00:00:08
Epoch 081 | Seed 2001 | Rate 0.05 | Train Loss: 0.0108 | Val Loss: 0.2169 | Acc (clean): 0.9973 | Acc (poison): 0.9995 | Val Acc: 0.9359 | Time: 00:00:08
Epoch 082 | Seed 2001 | Rate 0.05 | Train Loss: 0.0106 | Val Loss: 0.2159 | Acc (clean): 0.9972 | Acc (poison): 0.9993 | Val Acc: 0.9370 | Time: 00:00:08
Epoch 083 | Seed 2001 | Rate 0.05 | Train Loss: 0.0103 | Val Loss: 0.2143 | Acc (clean): 0.9974 | Acc (poison): 0.9995 | Val Acc: 0.9359 | Time: 00:00:08
Epoch 084 | Seed 2001 | Rate 0.05 | Train Loss: 0.0109 | Val Loss: 0.2124 | Acc (clean): 0.9973 | Acc (poison): 0.9995 | Val Acc: 0.9367 | Time: 00:00:09
Epoch 085 | Seed 2001 | Rate 0.05 | Train Loss: 0.0106 | Val Loss: 0.2186 | Acc (clean): 0.9974 | Acc (poison): 0.9997 | Val Acc: 0.9359 | Time: 00:00:08
Epoch 086 | Seed 2001 | Rate 0.05 | Train Loss: 0.0102 | Val Loss: 0.2146 | Acc (clean): 0.9976 | Acc (poison): 0.9998 | Val Acc: 0.9359 | Time: 00:00:08
Epoch 087 | Seed 2001 | Rate 0.05 | Train Loss: 0.0108 | Val Loss: 0.2139 | Acc (clean): 0.9973 | Acc (poison): 0.9995 | Val Acc: 0.9359 | Time: 00:00:08
Epoch 088 | Seed 2001 | Rate 0.05 | Train Loss: 0.0103 | Val Loss: 0.2146 | Acc (clean): 0.9972 | Acc (poison): 0.9993 | Val Acc: 0.9385 | Time: 00:00:08
Epoch 089 | Seed 2001 | Rate 0.05 | Train Loss: 0.0099 | Val Loss: 0.2163 | Acc (clean): 0.9974 | Acc (poison): 0.9996 | Val Acc: 0.9374 | Time: 00:00:08
Epoch 090 | Seed 2001 | Rate 0.05 | Train Loss: 0.0104 | Val Loss: 0.2163 | Acc (clean): 0.9974 | Acc (poison): 0.9996 | Val Acc: 0.9356 | Time: 00:00:08
Epoch 091 | Seed 2001 | Rate 0.05 | Train Loss: 0.0104 | Val Loss: 0.2153 | Acc (clean): 0.9972 | Acc (poison): 0.9995 | Val Acc: 0.9367 | Time: 00:00:08
Epoch 092 | Seed 2001 | Rate 0.05 | Train Loss: 0.0104 | Val Loss: 0.2156 | Acc (clean): 0.9974 | Acc (poison): 0.9996 | Val Acc: 0.9367 | Time: 00:00:08
Epoch 093 | Seed 2001 | Rate 0.05 | Train Loss: 0.0107 | Val Loss: 0.2154 | Acc (clean): 0.9971 | Acc (poison): 0.9993 | Val Acc: 0.9370 | Time: 00:00:08
Epoch 094 | Seed 2001 | Rate 0.05 | Train Loss: 0.0103 | Val Loss: 0.2181 | Acc (clean): 0.9974 | Acc (poison): 0.9997 | Val Acc: 0.9359 | Time: 00:00:08
Epoch 095 | Seed 2001 | Rate 0.05 | Train Loss: 0.0103 | Val Loss: 0.2149 | Acc (clean): 0.9974 | Acc (poison): 0.9996 | Val Acc: 0.9363 | Time: 00:00:08
Epoch 096 | Seed 2001 | Rate 0.05 | Train Loss: 0.0100 | Val Loss: 0.2195 | Acc (clean): 0.9976 | Acc (poison): 0.9998 | Val Acc: 0.9333 | Time: 00:00:08
Epoch 097 | Seed 2001 | Rate 0.05 | Train Loss: 0.0096 | Val Loss: 0.2120 | Acc (clean): 0.9973 | Acc (poison): 0.9995 | Val Acc: 0.9385 | Time: 00:00:08
Epoch 098 | Seed 2001 | Rate 0.05 | Train Loss: 0.0098 | Val Loss: 0.2166 | Acc (clean): 0.9976 | Acc (poison): 0.9998 | Val Acc: 0.9370 | Time: 00:00:08
Epoch 099 | Seed 2001 | Rate 0.05 | Train Loss: 0.0101 | Val Loss: 0.2163 | Acc (clean): 0.9974 | Acc (poison): 0.9996 | Val Acc: 0.9363 | Time: 00:00:08
Epoch 100 | Seed 2001 | Rate 0.05 | Train Loss: 0.0096 | Val Loss: 0.2103 | Acc (clean): 0.9975 | Acc (poison): 0.9997 | Val Acc: 0.9381 | Time: 00:00:08
Loading train data from /home/yazanme/BachelorThesis/BachelorThesis/data/processed/resisc45/train.h5 with mapping /home/yazanme/BachelorThesis/BachelorThesis/data/processed/resisc45/poisoned/RQ2.2-sim/seed_2001/labels_0.10.pt... (in_memory=True, workers=6)
Testing torch.compile support...
Successfully compiled model using torch.compile.
Epoch 001 | Seed 2001 | Rate 0.10 | Train Loss: 2.9254 | Val Loss: 2.5736 | Acc (clean): 0.2362 | Acc (poison): 0.2359 | Val Acc: 0.2748 | Time: 00:00:10
Epoch 002 | Seed 2001 | Rate 0.10 | Train Loss: 1.9448 | Val Loss: 1.8391 | Acc (clean): 0.4367 | Acc (poison): 0.4365 | Val Acc: 0.4474 | Time: 00:00:08
Epoch 003 | Seed 2001 | Rate 0.10 | Train Loss: 1.5680 | Val Loss: 1.6865 | Acc (clean): 0.5347 | Acc (poison): 0.5340 | Val Acc: 0.5011 | Time: 00:00:09
Epoch 004 | Seed 2001 | Rate 0.10 | Train Loss: 1.3203 | Val Loss: 1.4762 | Acc (clean): 0.6018 | Acc (poison): 0.6015 | Val Acc: 0.5552 | Time: 00:00:08
Epoch 005 | Seed 2001 | Rate 0.10 | Train Loss: 1.1323 | Val Loss: 1.8113 | Acc (clean): 0.6564 | Acc (poison): 0.6554 | Val Acc: 0.5041 | Time: 00:00:08
Epoch 006 | Seed 2001 | Rate 0.10 | Train Loss: 0.9778 | Val Loss: 1.0102 | Acc (clean): 0.7012 | Acc (poison): 0.7003 | Val Acc: 0.6907 | Time: 00:00:08
Epoch 007 | Seed 2001 | Rate 0.10 | Train Loss: 0.8439 | Val Loss: 1.5024 | Acc (clean): 0.7381 | Acc (poison): 0.7369 | Val Acc: 0.5704 | Time: 00:00:08
Epoch 008 | Seed 2001 | Rate 0.10 | Train Loss: 0.7427 | Val Loss: 1.0975 | Acc (clean): 0.7666 | Acc (poison): 0.7655 | Val Acc: 0.6830 | Time: 00:00:08
Epoch 009 | Seed 2001 | Rate 0.10 | Train Loss: 0.6457 | Val Loss: 0.9054 | Acc (clean): 0.7965 | Acc (poison): 0.7954 | Val Acc: 0.7111 | Time: 00:00:08
Epoch 010 | Seed 2001 | Rate 0.10 | Train Loss: 0.5823 | Val Loss: 0.8005 | Acc (clean): 0.8174 | Acc (poison): 0.8161 | Val Acc: 0.7567 | Time: 00:00:08
Epoch 011 | Seed 2001 | Rate 0.10 | Train Loss: 0.5339 | Val Loss: 0.7177 | Acc (clean): 0.8328 | Acc (poison): 0.8316 | Val Acc: 0.7819 | Time: 00:00:08
Epoch 012 | Seed 2001 | Rate 0.10 | Train Loss: 0.4893 | Val Loss: 0.7612 | Acc (clean): 0.8443 | Acc (poison): 0.8431 | Val Acc: 0.7719 | Time: 00:00:08
Epoch 013 | Seed 2001 | Rate 0.10 | Train Loss: 0.4610 | Val Loss: 0.9294 | Acc (clean): 0.8500 | Acc (poison): 0.8489 | Val Acc: 0.7274 | Time: 00:00:08
Epoch 014 | Seed 2001 | Rate 0.10 | Train Loss: 0.4299 | Val Loss: 0.7566 | Acc (clean): 0.8640 | Acc (poison): 0.8633 | Val Acc: 0.7778 | Time: 00:00:08
Epoch 015 | Seed 2001 | Rate 0.10 | Train Loss: 0.4193 | Val Loss: 0.9547 | Acc (clean): 0.8664 | Acc (poison): 0.8645 | Val Acc: 0.7289 | Time: 00:00:08
Epoch 016 | Seed 2001 | Rate 0.10 | Train Loss: 0.3934 | Val Loss: 0.7585 | Acc (clean): 0.8740 | Acc (poison): 0.8728 | Val Acc: 0.7715 | Time: 00:00:08
Epoch 017 | Seed 2001 | Rate 0.10 | Train Loss: 0.3887 | Val Loss: 0.6004 | Acc (clean): 0.8759 | Acc (poison): 0.8745 | Val Acc: 0.8089 | Time: 00:00:08
Epoch 018 | Seed 2001 | Rate 0.10 | Train Loss: 0.3664 | Val Loss: 0.7445 | Acc (clean): 0.8831 | Acc (poison): 0.8818 | Val Acc: 0.7744 | Time: 00:00:08
Epoch 019 | Seed 2001 | Rate 0.10 | Train Loss: 0.3597 | Val Loss: 0.7310 | Acc (clean): 0.8844 | Acc (poison): 0.8832 | Val Acc: 0.7719 | Time: 00:00:08
Epoch 020 | Seed 2001 | Rate 0.10 | Train Loss: 0.3557 | Val Loss: 0.7312 | Acc (clean): 0.8863 | Acc (poison): 0.8851 | Val Acc: 0.7689 | Time: 00:00:08
Epoch 021 | Seed 2001 | Rate 0.10 | Train Loss: 0.3355 | Val Loss: 0.6908 | Acc (clean): 0.8934 | Acc (poison): 0.8919 | Val Acc: 0.7907 | Time: 00:00:08
Epoch 022 | Seed 2001 | Rate 0.10 | Train Loss: 0.3336 | Val Loss: 0.8623 | Acc (clean): 0.8945 | Acc (poison): 0.8930 | Val Acc: 0.7563 | Time: 00:00:08
Epoch 023 | Seed 2001 | Rate 0.10 | Train Loss: 0.3396 | Val Loss: 0.6935 | Acc (clean): 0.8913 | Acc (poison): 0.8905 | Val Acc: 0.7926 | Time: 00:00:08
Epoch 024 | Seed 2001 | Rate 0.10 | Train Loss: 0.3050 | Val Loss: 0.7930 | Acc (clean): 0.9037 | Acc (poison): 0.9020 | Val Acc: 0.7633 | Time: 00:00:08
Epoch 025 | Seed 2001 | Rate 0.10 | Train Loss: 0.3120 | Val Loss: 0.8077 | Acc (clean): 0.9021 | Acc (poison): 0.9008 | Val Acc: 0.7767 | Time: 00:00:08
Epoch 026 | Seed 2001 | Rate 0.10 | Train Loss: 0.3131 | Val Loss: 0.6386 | Acc (clean): 0.9018 | Acc (poison): 0.9005 | Val Acc: 0.8089 | Time: 00:00:08
Epoch 027 | Seed 2001 | Rate 0.10 | Train Loss: 0.3048 | Val Loss: 0.6852 | Acc (clean): 0.9019 | Acc (poison): 0.9012 | Val Acc: 0.7889 | Time: 00:00:08
Epoch 028 | Seed 2001 | Rate 0.10 | Train Loss: 0.2926 | Val Loss: 0.9016 | Acc (clean): 0.9055 | Acc (poison): 0.9046 | Val Acc: 0.7381 | Time: 00:00:08
Epoch 029 | Seed 2001 | Rate 0.10 | Train Loss: 0.2907 | Val Loss: 0.8026 | Acc (clean): 0.9091 | Acc (poison): 0.9081 | Val Acc: 0.7696 | Time: 00:00:08
Epoch 030 | Seed 2001 | Rate 0.10 | Train Loss: 0.2839 | Val Loss: 0.8042 | Acc (clean): 0.9095 | Acc (poison): 0.9084 | Val Acc: 0.7607 | Time: 00:00:08
Epoch 031 | Seed 2001 | Rate 0.10 | Train Loss: 0.2883 | Val Loss: 0.8365 | Acc (clean): 0.9057 | Acc (poison): 0.9045 | Val Acc: 0.7726 | Time: 00:00:08
Epoch 032 | Seed 2001 | Rate 0.10 | Train Loss: 0.2749 | Val Loss: 0.4967 | Acc (clean): 0.9114 | Acc (poison): 0.9107 | Val Acc: 0.8537 | Time: 00:00:08
Epoch 033 | Seed 2001 | Rate 0.10 | Train Loss: 0.2669 | Val Loss: 0.7296 | Acc (clean): 0.9148 | Acc (poison): 0.9141 | Val Acc: 0.7844 | Time: 00:00:08
Epoch 034 | Seed 2001 | Rate 0.10 | Train Loss: 0.2840 | Val Loss: 0.7017 | Acc (clean): 0.9081 | Acc (poison): 0.9077 | Val Acc: 0.8030 | Time: 00:00:08
Epoch 035 | Seed 2001 | Rate 0.10 | Train Loss: 0.2661 | Val Loss: 0.7263 | Acc (clean): 0.9152 | Acc (poison): 0.9149 | Val Acc: 0.7944 | Time: 00:00:08
Epoch 036 | Seed 2001 | Rate 0.10 | Train Loss: 0.2706 | Val Loss: 0.6175 | Acc (clean): 0.9119 | Acc (poison): 0.9114 | Val Acc: 0.8196 | Time: 00:00:08
Epoch 037 | Seed 2001 | Rate 0.10 | Train Loss: 0.2661 | Val Loss: 0.7978 | Acc (clean): 0.9140 | Acc (poison): 0.9134 | Val Acc: 0.7785 | Time: 00:00:08
Epoch 038 | Seed 2001 | Rate 0.10 | Train Loss: 0.2722 | Val Loss: 1.1214 | Acc (clean): 0.9139 | Acc (poison): 0.9134 | Val Acc: 0.7093 | Time: 00:00:08
Epoch 039 | Seed 2001 | Rate 0.10 | Train Loss: 0.2664 | Val Loss: 0.9087 | Acc (clean): 0.9147 | Acc (poison): 0.9137 | Val Acc: 0.7526 | Time: 00:00:08
Epoch 040 | Seed 2001 | Rate 0.10 | Train Loss: 0.2616 | Val Loss: 0.6615 | Acc (clean): 0.9181 | Acc (poison): 0.9176 | Val Acc: 0.8111 | Time: 00:00:08
Epoch 041 | Seed 2001 | Rate 0.10 | Train Loss: 0.2656 | Val Loss: 0.6274 | Acc (clean): 0.9154 | Acc (poison): 0.9149 | Val Acc: 0.8137 | Time: 00:00:08
Epoch 042 | Seed 2001 | Rate 0.10 | Train Loss: 0.2478 | Val Loss: 0.6737 | Acc (clean): 0.9220 | Acc (poison): 0.9208 | Val Acc: 0.8033 | Time: 00:00:08
Epoch 043 | Seed 2001 | Rate 0.10 | Train Loss: 0.2552 | Val Loss: 0.8060 | Acc (clean): 0.9181 | Acc (poison): 0.9177 | Val Acc: 0.7696 | Time: 00:00:08
Epoch 044 | Seed 2001 | Rate 0.10 | Train Loss: 0.2588 | Val Loss: 0.6268 | Acc (clean): 0.9171 | Acc (poison): 0.9172 | Val Acc: 0.8137 | Time: 00:00:08
Epoch 045 | Seed 2001 | Rate 0.10 | Train Loss: 0.2635 | Val Loss: 0.7616 | Acc (clean): 0.9142 | Acc (poison): 0.9146 | Val Acc: 0.7844 | Time: 00:00:08
Epoch 046 | Seed 2001 | Rate 0.10 | Train Loss: 0.2505 | Val Loss: 0.6518 | Acc (clean): 0.9205 | Acc (poison): 0.9205 | Val Acc: 0.8078 | Time: 00:00:08
Epoch 047 | Seed 2001 | Rate 0.10 | Train Loss: 0.2358 | Val Loss: 0.6628 | Acc (clean): 0.9240 | Acc (poison): 0.9240 | Val Acc: 0.8115 | Time: 00:00:08
Epoch 048 | Seed 2001 | Rate 0.10 | Train Loss: 0.2555 | Val Loss: 0.7986 | Acc (clean): 0.9174 | Acc (poison): 0.9172 | Val Acc: 0.7863 | Time: 00:00:08
Epoch 049 | Seed 2001 | Rate 0.10 | Train Loss: 0.2472 | Val Loss: 0.6959 | Acc (clean): 0.9214 | Acc (poison): 0.9213 | Val Acc: 0.7959 | Time: 00:00:08
Epoch 050 | Seed 2001 | Rate 0.10 | Train Loss: 0.2361 | Val Loss: 0.7113 | Acc (clean): 0.9263 | Acc (poison): 0.9260 | Val Acc: 0.7922 | Time: 00:00:08
Epoch 051 | Seed 2001 | Rate 0.10 | Train Loss: 0.1001 | Val Loss: 0.2669 | Acc (clean): 0.9699 | Acc (poison): 0.9707 | Val Acc: 0.9163 | Time: 00:00:08
Epoch 052 | Seed 2001 | Rate 0.10 | Train Loss: 0.0587 | Val Loss: 0.2508 | Acc (clean): 0.9837 | Acc (poison): 0.9848 | Val Acc: 0.9185 | Time: 00:00:08
Epoch 053 | Seed 2001 | Rate 0.10 | Train Loss: 0.0475 | Val Loss: 0.2421 | Acc (clean): 0.9866 | Acc (poison): 0.9887 | Val Acc: 0.9211 | Time: 00:00:08
Epoch 054 | Seed 2001 | Rate 0.10 | Train Loss: 0.0407 | Val Loss: 0.2303 | Acc (clean): 0.9888 | Acc (poison): 0.9912 | Val Acc: 0.9270 | Time: 00:00:08
Epoch 055 | Seed 2001 | Rate 0.10 | Train Loss: 0.0344 | Val Loss: 0.2298 | Acc (clean): 0.9900 | Acc (poison): 0.9932 | Val Acc: 0.9270 | Time: 00:00:08
Epoch 056 | Seed 2001 | Rate 0.10 | Train Loss: 0.0320 | Val Loss: 0.2324 | Acc (clean): 0.9918 | Acc (poison): 0.9948 | Val Acc: 0.9267 | Time: 00:00:08
Epoch 057 | Seed 2001 | Rate 0.10 | Train Loss: 0.0292 | Val Loss: 0.2257 | Acc (clean): 0.9912 | Acc (poison): 0.9949 | Val Acc: 0.9289 | Time: 00:00:09
Epoch 058 | Seed 2001 | Rate 0.10 | Train Loss: 0.0260 | Val Loss: 0.2330 | Acc (clean): 0.9921 | Acc (poison): 0.9957 | Val Acc: 0.9252 | Time: 00:00:08
Epoch 059 | Seed 2001 | Rate 0.10 | Train Loss: 0.0250 | Val Loss: 0.2314 | Acc (clean): 0.9924 | Acc (poison): 0.9963 | Val Acc: 0.9315 | Time: 00:00:08
Epoch 060 | Seed 2001 | Rate 0.10 | Train Loss: 0.0229 | Val Loss: 0.2309 | Acc (clean): 0.9931 | Acc (poison): 0.9970 | Val Acc: 0.9263 | Time: 00:00:08
Epoch 061 | Seed 2001 | Rate 0.10 | Train Loss: 0.0223 | Val Loss: 0.2269 | Acc (clean): 0.9926 | Acc (poison): 0.9966 | Val Acc: 0.9300 | Time: 00:00:08
Epoch 062 | Seed 2001 | Rate 0.10 | Train Loss: 0.0205 | Val Loss: 0.2212 | Acc (clean): 0.9933 | Acc (poison): 0.9974 | Val Acc: 0.9367 | Time: 00:00:09
Epoch 063 | Seed 2001 | Rate 0.10 | Train Loss: 0.0195 | Val Loss: 0.2245 | Acc (clean): 0.9939 | Acc (poison): 0.9979 | Val Acc: 0.9348 | Time: 00:00:08
Epoch 064 | Seed 2001 | Rate 0.10 | Train Loss: 0.0182 | Val Loss: 0.2270 | Acc (clean): 0.9940 | Acc (poison): 0.9980 | Val Acc: 0.9341 | Time: 00:00:08
Epoch 065 | Seed 2001 | Rate 0.10 | Train Loss: 0.0180 | Val Loss: 0.2228 | Acc (clean): 0.9938 | Acc (poison): 0.9979 | Val Acc: 0.9337 | Time: 00:00:08
Epoch 066 | Seed 2001 | Rate 0.10 | Train Loss: 0.0175 | Val Loss: 0.2247 | Acc (clean): 0.9939 | Acc (poison): 0.9981 | Val Acc: 0.9341 | Time: 00:00:08
Epoch 067 | Seed 2001 | Rate 0.10 | Train Loss: 0.0155 | Val Loss: 0.2261 | Acc (clean): 0.9944 | Acc (poison): 0.9986 | Val Acc: 0.9311 | Time: 00:00:08
Epoch 068 | Seed 2001 | Rate 0.10 | Train Loss: 0.0153 | Val Loss: 0.2206 | Acc (clean): 0.9942 | Acc (poison): 0.9985 | Val Acc: 0.9352 | Time: 00:00:08
Epoch 069 | Seed 2001 | Rate 0.10 | Train Loss: 0.0162 | Val Loss: 0.2243 | Acc (clean): 0.9941 | Acc (poison): 0.9984 | Val Acc: 0.9319 | Time: 00:00:08
Epoch 070 | Seed 2001 | Rate 0.10 | Train Loss: 0.0155 | Val Loss: 0.2226 | Acc (clean): 0.9939 | Acc (poison): 0.9983 | Val Acc: 0.9311 | Time: 00:00:08
Epoch 071 | Seed 2001 | Rate 0.10 | Train Loss: 0.0146 | Val Loss: 0.2229 | Acc (clean): 0.9947 | Acc (poison): 0.9988 | Val Acc: 0.9333 | Time: 00:00:08
Epoch 072 | Seed 2001 | Rate 0.10 | Train Loss: 0.0131 | Val Loss: 0.2155 | Acc (clean): 0.9948 | Acc (poison): 0.9991 | Val Acc: 0.9333 | Time: 00:00:08
Epoch 073 | Seed 2001 | Rate 0.10 | Train Loss: 0.0141 | Val Loss: 0.2255 | Acc (clean): 0.9943 | Acc (poison): 0.9987 | Val Acc: 0.9344 | Time: 00:00:08
Epoch 074 | Seed 2001 | Rate 0.10 | Train Loss: 0.0133 | Val Loss: 0.2220 | Acc (clean): 0.9944 | Acc (poison): 0.9987 | Val Acc: 0.9341 | Time: 00:00:08
Epoch 075 | Seed 2001 | Rate 0.10 | Train Loss: 0.0139 | Val Loss: 0.2236 | Acc (clean): 0.9947 | Acc (poison): 0.9988 | Val Acc: 0.9333 | Time: 00:00:08
Epoch 076 | Seed 2001 | Rate 0.10 | Train Loss: 0.0124 | Val Loss: 0.2192 | Acc (clean): 0.9948 | Acc (poison): 0.9991 | Val Acc: 0.9344 | Time: 00:00:08
Epoch 077 | Seed 2001 | Rate 0.10 | Train Loss: 0.0119 | Val Loss: 0.2182 | Acc (clean): 0.9946 | Acc (poison): 0.9990 | Val Acc: 0.9341 | Time: 00:00:08
Epoch 078 | Seed 2001 | Rate 0.10 | Train Loss: 0.0114 | Val Loss: 0.2210 | Acc (clean): 0.9950 | Acc (poison): 0.9994 | Val Acc: 0.9333 | Time: 00:00:08
Epoch 079 | Seed 2001 | Rate 0.10 | Train Loss: 0.0110 | Val Loss: 0.2213 | Acc (clean): 0.9950 | Acc (poison): 0.9994 | Val Acc: 0.9330 | Time: 00:00:08
Epoch 080 | Seed 2001 | Rate 0.10 | Train Loss: 0.0109 | Val Loss: 0.2179 | Acc (clean): 0.9952 | Acc (poison): 0.9995 | Val Acc: 0.9370 | Time: 00:00:08
Epoch 081 | Seed 2001 | Rate 0.10 | Train Loss: 0.0111 | Val Loss: 0.2220 | Acc (clean): 0.9949 | Acc (poison): 0.9993 | Val Acc: 0.9319 | Time: 00:00:08
Epoch 082 | Seed 2001 | Rate 0.10 | Train Loss: 0.0110 | Val Loss: 0.2210 | Acc (clean): 0.9950 | Acc (poison): 0.9994 | Val Acc: 0.9348 | Time: 00:00:08
Epoch 083 | Seed 2001 | Rate 0.10 | Train Loss: 0.0105 | Val Loss: 0.2193 | Acc (clean): 0.9952 | Acc (poison): 0.9996 | Val Acc: 0.9341 | Time: 00:00:08
Epoch 084 | Seed 2001 | Rate 0.10 | Train Loss: 0.0109 | Val Loss: 0.2164 | Acc (clean): 0.9950 | Acc (poison): 0.9993 | Val Acc: 0.9352 | Time: 00:00:08
Epoch 085 | Seed 2001 | Rate 0.10 | Train Loss: 0.0110 | Val Loss: 0.2235 | Acc (clean): 0.9953 | Acc (poison): 0.9995 | Val Acc: 0.9341 | Time: 00:00:08
Epoch 086 | Seed 2001 | Rate 0.10 | Train Loss: 0.0106 | Val Loss: 0.2196 | Acc (clean): 0.9951 | Acc (poison): 0.9995 | Val Acc: 0.9348 | Time: 00:00:08
Epoch 087 | Seed 2001 | Rate 0.10 | Train Loss: 0.0110 | Val Loss: 0.2187 | Acc (clean): 0.9949 | Acc (poison): 0.9993 | Val Acc: 0.9322 | Time: 00:00:08
Epoch 088 | Seed 2001 | Rate 0.10 | Train Loss: 0.0104 | Val Loss: 0.2181 | Acc (clean): 0.9950 | Acc (poison): 0.9994 | Val Acc: 0.9348 | Time: 00:00:08
Epoch 089 | Seed 2001 | Rate 0.10 | Train Loss: 0.0102 | Val Loss: 0.2229 | Acc (clean): 0.9953 | Acc (poison): 0.9996 | Val Acc: 0.9341 | Time: 00:00:08
Epoch 090 | Seed 2001 | Rate 0.10 | Train Loss: 0.0103 | Val Loss: 0.2211 | Acc (clean): 0.9952 | Acc (poison): 0.9997 | Val Acc: 0.9344 | Time: 00:00:08
Epoch 091 | Seed 2001 | Rate 0.10 | Train Loss: 0.0107 | Val Loss: 0.2183 | Acc (clean): 0.9950 | Acc (poison): 0.9994 | Val Acc: 0.9344 | Time: 00:00:08
Epoch 092 | Seed 2001 | Rate 0.10 | Train Loss: 0.0105 | Val Loss: 0.2174 | Acc (clean): 0.9951 | Acc (poison): 0.9995 | Val Acc: 0.9370 | Time: 00:00:08
Epoch 093 | Seed 2001 | Rate 0.10 | Train Loss: 0.0107 | Val Loss: 0.2193 | Acc (clean): 0.9948 | Acc (poison): 0.9993 | Val Acc: 0.9359 | Time: 00:00:08
Epoch 094 | Seed 2001 | Rate 0.10 | Train Loss: 0.0105 | Val Loss: 0.2211 | Acc (clean): 0.9950 | Acc (poison): 0.9993 | Val Acc: 0.9352 | Time: 00:00:08
Epoch 095 | Seed 2001 | Rate 0.10 | Train Loss: 0.0103 | Val Loss: 0.2164 | Acc (clean): 0.9952 | Acc (poison): 0.9995 | Val Acc: 0.9363 | Time: 00:00:08
Epoch 096 | Seed 2001 | Rate 0.10 | Train Loss: 0.0101 | Val Loss: 0.2226 | Acc (clean): 0.9953 | Acc (poison): 0.9997 | Val Acc: 0.9356 | Time: 00:00:08
Epoch 097 | Seed 2001 | Rate 0.10 | Train Loss: 0.0097 | Val Loss: 0.2137 | Acc (clean): 0.9952 | Acc (poison): 0.9997 | Val Acc: 0.9374 | Time: 00:00:08
Epoch 098 | Seed 2001 | Rate 0.10 | Train Loss: 0.0102 | Val Loss: 0.2194 | Acc (clean): 0.9951 | Acc (poison): 0.9995 | Val Acc: 0.9344 | Time: 00:00:08
Epoch 099 | Seed 2001 | Rate 0.10 | Train Loss: 0.0103 | Val Loss: 0.2196 | Acc (clean): 0.9950 | Acc (poison): 0.9994 | Val Acc: 0.9341 | Time: 00:00:08
Epoch 100 | Seed 2001 | Rate 0.10 | Train Loss: 0.0099 | Val Loss: 0.2113 | Acc (clean): 0.9951 | Acc (poison): 0.9996 | Val Acc: 0.9367 | Time: 00:00:08
Loading train data from /home/yazanme/BachelorThesis/BachelorThesis/data/processed/resisc45/train.h5 with mapping /home/yazanme/BachelorThesis/BachelorThesis/data/processed/resisc45/poisoned/RQ2.2-sim/seed_2001/labels_0.20.pt... (in_memory=True, workers=6)
Testing torch.compile support...
Successfully compiled model using torch.compile.
Epoch 001 | Seed 2001 | Rate 0.20 | Train Loss: 3.2721 | Val Loss: 2.5050 | Acc (clean): 0.1714 | Acc (poison): 0.1714 | Val Acc: 0.2830 | Time: 00:00:09
Epoch 002 | Seed 2001 | Rate 0.20 | Train Loss: 2.1799 | Val Loss: 1.9522 | Acc (clean): 0.3725 | Acc (poison): 0.3721 | Val Acc: 0.4204 | Time: 00:00:08
Epoch 003 | Seed 2001 | Rate 0.20 | Train Loss: 1.7111 | Val Loss: 1.6396 | Acc (clean): 0.4973 | Acc (poison): 0.4966 | Val Acc: 0.5059 | Time: 00:00:08
Epoch 004 | Seed 2001 | Rate 0.20 | Train Loss: 1.4287 | Val Loss: 1.6280 | Acc (clean): 0.5769 | Acc (poison): 0.5762 | Val Acc: 0.5085 | Time: 00:00:08
Epoch 005 | Seed 2001 | Rate 0.20 | Train Loss: 1.2337 | Val Loss: 1.8755 | Acc (clean): 0.6250 | Acc (poison): 0.6237 | Val Acc: 0.4815 | Time: 00:00:08
Epoch 006 | Seed 2001 | Rate 0.20 | Train Loss: 1.0650 | Val Loss: 1.1640 | Acc (clean): 0.6742 | Acc (poison): 0.6727 | Val Acc: 0.6504 | Time: 00:00:08
Epoch 007 | Seed 2001 | Rate 0.20 | Train Loss: 0.9386 | Val Loss: 1.0916 | Acc (clean): 0.7102 | Acc (poison): 0.7082 | Val Acc: 0.6689 | Time: 00:00:08
Epoch 008 | Seed 2001 | Rate 0.20 | Train Loss: 0.8258 | Val Loss: 1.4068 | Acc (clean): 0.7405 | Acc (poison): 0.7385 | Val Acc: 0.6026 | Time: 00:00:08
Epoch 009 | Seed 2001 | Rate 0.20 | Train Loss: 0.7102 | Val Loss: 0.9119 | Acc (clean): 0.7775 | Acc (poison): 0.7760 | Val Acc: 0.7174 | Time: 00:00:08
Epoch 010 | Seed 2001 | Rate 0.20 | Train Loss: 0.6361 | Val Loss: 0.8015 | Acc (clean): 0.8002 | Acc (poison): 0.7981 | Val Acc: 0.7585 | Time: 00:00:08
Epoch 011 | Seed 2001 | Rate 0.20 | Train Loss: 0.5853 | Val Loss: 0.9821 | Acc (clean): 0.8153 | Acc (poison): 0.8135 | Val Acc: 0.7152 | Time: 00:00:08
Epoch 012 | Seed 2001 | Rate 0.20 | Train Loss: 0.5211 | Val Loss: 0.8940 | Acc (clean): 0.8324 | Acc (poison): 0.8298 | Val Acc: 0.7256 | Time: 00:00:08
Epoch 013 | Seed 2001 | Rate 0.20 | Train Loss: 0.4864 | Val Loss: 0.7390 | Acc (clean): 0.8441 | Acc (poison): 0.8418 | Val Acc: 0.7693 | Time: 00:00:09
Epoch 014 | Seed 2001 | Rate 0.20 | Train Loss: 0.4597 | Val Loss: 0.6883 | Acc (clean): 0.8526 | Acc (poison): 0.8505 | Val Acc: 0.7930 | Time: 00:00:09
Epoch 015 | Seed 2001 | Rate 0.20 | Train Loss: 0.4493 | Val Loss: 0.6662 | Acc (clean): 0.8557 | Acc (poison): 0.8539 | Val Acc: 0.7970 | Time: 00:00:09
Epoch 016 | Seed 2001 | Rate 0.20 | Train Loss: 0.4194 | Val Loss: 1.0559 | Acc (clean): 0.8684 | Acc (poison): 0.8651 | Val Acc: 0.6930 | Time: 00:00:08
Epoch 017 | Seed 2001 | Rate 0.20 | Train Loss: 0.3992 | Val Loss: 0.6248 | Acc (clean): 0.8728 | Acc (poison): 0.8705 | Val Acc: 0.8004 | Time: 00:00:09
Epoch 018 | Seed 2001 | Rate 0.20 | Train Loss: 0.3883 | Val Loss: 0.5993 | Acc (clean): 0.8745 | Acc (poison): 0.8719 | Val Acc: 0.8133 | Time: 00:00:09
Epoch 019 | Seed 2001 | Rate 0.20 | Train Loss: 0.3705 | Val Loss: 0.6006 | Acc (clean): 0.8827 | Acc (poison): 0.8808 | Val Acc: 0.8152 | Time: 00:00:08
Epoch 020 | Seed 2001 | Rate 0.20 | Train Loss: 0.3701 | Val Loss: 0.7494 | Acc (clean): 0.8817 | Acc (poison): 0.8798 | Val Acc: 0.7670 | Time: 00:00:08
Epoch 021 | Seed 2001 | Rate 0.20 | Train Loss: 0.3528 | Val Loss: 0.5729 | Acc (clean): 0.8870 | Acc (poison): 0.8846 | Val Acc: 0.8167 | Time: 00:00:10
Epoch 022 | Seed 2001 | Rate 0.20 | Train Loss: 0.3420 | Val Loss: 0.7975 | Acc (clean): 0.8899 | Acc (poison): 0.8873 | Val Acc: 0.7637 | Time: 00:00:08
Epoch 023 | Seed 2001 | Rate 0.20 | Train Loss: 0.3343 | Val Loss: 0.7131 | Acc (clean): 0.8949 | Acc (poison): 0.8927 | Val Acc: 0.7881 | Time: 00:00:08
Epoch 024 | Seed 2001 | Rate 0.20 | Train Loss: 0.3276 | Val Loss: 0.7185 | Acc (clean): 0.8950 | Acc (poison): 0.8933 | Val Acc: 0.7874 | Time: 00:00:08
Epoch 025 | Seed 2001 | Rate 0.20 | Train Loss: 0.3227 | Val Loss: 0.6637 | Acc (clean): 0.8960 | Acc (poison): 0.8941 | Val Acc: 0.7978 | Time: 00:00:08
Epoch 026 | Seed 2001 | Rate 0.20 | Train Loss: 0.3200 | Val Loss: 0.8098 | Acc (clean): 0.8960 | Acc (poison): 0.8938 | Val Acc: 0.7737 | Time: 00:00:08
Epoch 027 | Seed 2001 | Rate 0.20 | Train Loss: 0.3117 | Val Loss: 0.5315 | Acc (clean): 0.8980 | Acc (poison): 0.8963 | Val Acc: 0.8330 | Time: 00:00:08
Epoch 028 | Seed 2001 | Rate 0.20 | Train Loss: 0.3148 | Val Loss: 0.8242 | Acc (clean): 0.8972 | Acc (poison): 0.8950 | Val Acc: 0.7837 | Time: 00:00:08
Epoch 029 | Seed 2001 | Rate 0.20 | Train Loss: 0.3134 | Val Loss: 0.5312 | Acc (clean): 0.8994 | Acc (poison): 0.8978 | Val Acc: 0.8341 | Time: 00:00:08
Epoch 030 | Seed 2001 | Rate 0.20 | Train Loss: 0.2924 | Val Loss: 0.9507 | Acc (clean): 0.9045 | Acc (poison): 0.9040 | Val Acc: 0.7241 | Time: 00:00:08
Epoch 031 | Seed 2001 | Rate 0.20 | Train Loss: 0.2985 | Val Loss: 0.6642 | Acc (clean): 0.9040 | Acc (poison): 0.9019 | Val Acc: 0.7885 | Time: 00:00:08
Epoch 032 | Seed 2001 | Rate 0.20 | Train Loss: 0.2846 | Val Loss: 1.2143 | Acc (clean): 0.9069 | Acc (poison): 0.9046 | Val Acc: 0.6856 | Time: 00:00:08
Epoch 033 | Seed 2001 | Rate 0.20 | Train Loss: 0.2859 | Val Loss: 0.7085 | Acc (clean): 0.9096 | Acc (poison): 0.9080 | Val Acc: 0.7919 | Time: 00:00:08
Epoch 034 | Seed 2001 | Rate 0.20 | Train Loss: 0.2836 | Val Loss: 0.7696 | Acc (clean): 0.9107 | Acc (poison): 0.9099 | Val Acc: 0.7678 | Time: 00:00:08
Epoch 035 | Seed 2001 | Rate 0.20 | Train Loss: 0.2777 | Val Loss: 0.6220 | Acc (clean): 0.9111 | Acc (poison): 0.9099 | Val Acc: 0.8259 | Time: 00:00:08
Epoch 036 | Seed 2001 | Rate 0.20 | Train Loss: 0.2747 | Val Loss: 0.6032 | Acc (clean): 0.9110 | Acc (poison): 0.9097 | Val Acc: 0.8189 | Time: 00:00:08
Epoch 037 | Seed 2001 | Rate 0.20 | Train Loss: 0.2723 | Val Loss: 0.6696 | Acc (clean): 0.9119 | Acc (poison): 0.9106 | Val Acc: 0.7967 | Time: 00:00:08
Epoch 038 | Seed 2001 | Rate 0.20 | Train Loss: 0.2738 | Val Loss: 0.6462 | Acc (clean): 0.9105 | Acc (poison): 0.9103 | Val Acc: 0.8011 | Time: 00:00:08
Epoch 039 | Seed 2001 | Rate 0.20 | Train Loss: 0.2756 | Val Loss: 0.6831 | Acc (clean): 0.9095 | Acc (poison): 0.9091 | Val Acc: 0.8026 | Time: 00:00:08
Epoch 040 | Seed 2001 | Rate 0.20 | Train Loss: 0.2785 | Val Loss: 0.6956 | Acc (clean): 0.9115 | Acc (poison): 0.9114 | Val Acc: 0.8033 | Time: 00:00:08
Epoch 041 | Seed 2001 | Rate 0.20 | Train Loss: 0.2748 | Val Loss: 0.6193 | Acc (clean): 0.9095 | Acc (poison): 0.9095 | Val Acc: 0.8063 | Time: 00:00:08
Epoch 042 | Seed 2001 | Rate 0.20 | Train Loss: 0.2463 | Val Loss: 0.5750 | Acc (clean): 0.9197 | Acc (poison): 0.9201 | Val Acc: 0.8359 | Time: 00:00:08
Epoch 043 | Seed 2001 | Rate 0.20 | Train Loss: 0.2542 | Val Loss: 0.7191 | Acc (clean): 0.9171 | Acc (poison): 0.9164 | Val Acc: 0.7948 | Time: 00:00:08
Epoch 044 | Seed 2001 | Rate 0.20 | Train Loss: 0.2618 | Val Loss: 0.6250 | Acc (clean): 0.9160 | Acc (poison): 0.9157 | Val Acc: 0.8096 | Time: 00:00:08
Epoch 045 | Seed 2001 | Rate 0.20 | Train Loss: 0.2692 | Val Loss: 0.7996 | Acc (clean): 0.9122 | Acc (poison): 0.9120 | Val Acc: 0.7741 | Time: 00:00:08
Epoch 046 | Seed 2001 | Rate 0.20 | Train Loss: 0.2594 | Val Loss: 0.9274 | Acc (clean): 0.9172 | Acc (poison): 0.9171 | Val Acc: 0.7433 | Time: 00:00:08
Epoch 047 | Seed 2001 | Rate 0.20 | Train Loss: 0.2390 | Val Loss: 0.6661 | Acc (clean): 0.9227 | Acc (poison): 0.9224 | Val Acc: 0.8004 | Time: 00:00:08
Epoch 048 | Seed 2001 | Rate 0.20 | Train Loss: 0.2666 | Val Loss: 0.5543 | Acc (clean): 0.9137 | Acc (poison): 0.9149 | Val Acc: 0.8330 | Time: 00:00:08
Epoch 049 | Seed 2001 | Rate 0.20 | Train Loss: 0.2521 | Val Loss: 0.6167 | Acc (clean): 0.9189 | Acc (poison): 0.9190 | Val Acc: 0.8181 | Time: 00:00:08
Epoch 050 | Seed 2001 | Rate 0.20 | Train Loss: 0.2437 | Val Loss: 0.6210 | Acc (clean): 0.9208 | Acc (poison): 0.9203 | Val Acc: 0.8170 | Time: 00:00:08
Epoch 051 | Seed 2001 | Rate 0.20 | Train Loss: 0.1085 | Val Loss: 0.2713 | Acc (clean): 0.9663 | Acc (poison): 0.9689 | Val Acc: 0.9137 | Time: 00:00:09
Epoch 052 | Seed 2001 | Rate 0.20 | Train Loss: 0.0617 | Val Loss: 0.2589 | Acc (clean): 0.9805 | Acc (poison): 0.9845 | Val Acc: 0.9170 | Time: 00:00:09
Epoch 053 | Seed 2001 | Rate 0.20 | Train Loss: 0.0507 | Val Loss: 0.2588 | Acc (clean): 0.9829 | Acc (poison): 0.9874 | Val Acc: 0.9226 | Time: 00:00:09
Epoch 054 | Seed 2001 | Rate 0.20 | Train Loss: 0.0444 | Val Loss: 0.2446 | Acc (clean): 0.9859 | Acc (poison): 0.9909 | Val Acc: 0.9270 | Time: 00:00:09
Epoch 055 | Seed 2001 | Rate 0.20 | Train Loss: 0.0377 | Val Loss: 0.2391 | Acc (clean): 0.9857 | Acc (poison): 0.9921 | Val Acc: 0.9256 | Time: 00:00:09
Epoch 056 | Seed 2001 | Rate 0.20 | Train Loss: 0.0339 | Val Loss: 0.2407 | Acc (clean): 0.9874 | Acc (poison): 0.9935 | Val Acc: 0.9289 | Time: 00:00:08
Epoch 057 | Seed 2001 | Rate 0.20 | Train Loss: 0.0320 | Val Loss: 0.2322 | Acc (clean): 0.9879 | Acc (poison): 0.9942 | Val Acc: 0.9296 | Time: 00:00:08
Epoch 058 | Seed 2001 | Rate 0.20 | Train Loss: 0.0288 | Val Loss: 0.2346 | Acc (clean): 0.9875 | Acc (poison): 0.9947 | Val Acc: 0.9289 | Time: 00:00:08
Epoch 059 | Seed 2001 | Rate 0.20 | Train Loss: 0.0281 | Val Loss: 0.2400 | Acc (clean): 0.9873 | Acc (poison): 0.9948 | Val Acc: 0.9289 | Time: 00:00:08
Epoch 060 | Seed 2001 | Rate 0.20 | Train Loss: 0.0250 | Val Loss: 0.2360 | Acc (clean): 0.9888 | Acc (poison): 0.9964 | Val Acc: 0.9278 | Time: 00:00:08
Epoch 061 | Seed 2001 | Rate 0.20 | Train Loss: 0.0237 | Val Loss: 0.2411 | Acc (clean): 0.9884 | Acc (poison): 0.9963 | Val Acc: 0.9259 | Time: 00:00:08
Epoch 062 | Seed 2001 | Rate 0.20 | Train Loss: 0.0219 | Val Loss: 0.2407 | Acc (clean): 0.9889 | Acc (poison): 0.9971 | Val Acc: 0.9300 | Time: 00:00:08
Epoch 063 | Seed 2001 | Rate 0.20 | Train Loss: 0.0213 | Val Loss: 0.2411 | Acc (clean): 0.9895 | Acc (poison): 0.9976 | Val Acc: 0.9296 | Time: 00:00:08
Epoch 064 | Seed 2001 | Rate 0.20 | Train Loss: 0.0197 | Val Loss: 0.2338 | Acc (clean): 0.9893 | Acc (poison): 0.9978 | Val Acc: 0.9307 | Time: 00:00:08
Epoch 065 | Seed 2001 | Rate 0.20 | Train Loss: 0.0187 | Val Loss: 0.2347 | Acc (clean): 0.9889 | Acc (poison): 0.9975 | Val Acc: 0.9304 | Time: 00:00:08
Epoch 066 | Seed 2001 | Rate 0.20 | Train Loss: 0.0181 | Val Loss: 0.2395 | Acc (clean): 0.9894 | Acc (poison): 0.9979 | Val Acc: 0.9270 | Time: 00:00:08
Epoch 067 | Seed 2001 | Rate 0.20 | Train Loss: 0.0172 | Val Loss: 0.2433 | Acc (clean): 0.9895 | Acc (poison): 0.9981 | Val Acc: 0.9274 | Time: 00:00:08
Epoch 068 | Seed 2001 | Rate 0.20 | Train Loss: 0.0169 | Val Loss: 0.2325 | Acc (clean): 0.9894 | Acc (poison): 0.9981 | Val Acc: 0.9319 | Time: 00:00:08
Epoch 069 | Seed 2001 | Rate 0.20 | Train Loss: 0.0165 | Val Loss: 0.2368 | Acc (clean): 0.9897 | Acc (poison): 0.9984 | Val Acc: 0.9300 | Time: 00:00:09
Epoch 070 | Seed 2001 | Rate 0.20 | Train Loss: 0.0162 | Val Loss: 0.2386 | Acc (clean): 0.9895 | Acc (poison): 0.9981 | Val Acc: 0.9281 | Time: 00:00:08
Epoch 071 | Seed 2001 | Rate 0.20 | Train Loss: 0.0157 | Val Loss: 0.2341 | Acc (clean): 0.9897 | Acc (poison): 0.9985 | Val Acc: 0.9304 | Time: 00:00:08
Epoch 072 | Seed 2001 | Rate 0.20 | Train Loss: 0.0142 | Val Loss: 0.2378 | Acc (clean): 0.9902 | Acc (poison): 0.9991 | Val Acc: 0.9307 | Time: 00:00:08
Epoch 073 | Seed 2001 | Rate 0.20 | Train Loss: 0.0149 | Val Loss: 0.2500 | Acc (clean): 0.9897 | Acc (poison): 0.9984 | Val Acc: 0.9281 | Time: 00:00:08
Epoch 074 | Seed 2001 | Rate 0.20 | Train Loss: 0.0136 | Val Loss: 0.2418 | Acc (clean): 0.9903 | Acc (poison): 0.9991 | Val Acc: 0.9285 | Time: 00:00:08
Epoch 075 | Seed 2001 | Rate 0.20 | Train Loss: 0.0143 | Val Loss: 0.2408 | Acc (clean): 0.9900 | Acc (poison): 0.9988 | Val Acc: 0.9274 | Time: 00:00:08
Epoch 076 | Seed 2001 | Rate 0.20 | Train Loss: 0.0131 | Val Loss: 0.2333 | Acc (clean): 0.9901 | Acc (poison): 0.9987 | Val Acc: 0.9293 | Time: 00:00:08
Epoch 077 | Seed 2001 | Rate 0.20 | Train Loss: 0.0121 | Val Loss: 0.2343 | Acc (clean): 0.9906 | Acc (poison): 0.9992 | Val Acc: 0.9296 | Time: 00:00:08
Epoch 078 | Seed 2001 | Rate 0.20 | Train Loss: 0.0121 | Val Loss: 0.2348 | Acc (clean): 0.9909 | Acc (poison): 0.9997 | Val Acc: 0.9315 | Time: 00:00:08
Epoch 079 | Seed 2001 | Rate 0.20 | Train Loss: 0.0113 | Val Loss: 0.2391 | Acc (clean): 0.9905 | Acc (poison): 0.9993 | Val Acc: 0.9293 | Time: 00:00:08
Epoch 080 | Seed 2001 | Rate 0.20 | Train Loss: 0.0115 | Val Loss: 0.2352 | Acc (clean): 0.9906 | Acc (poison): 0.9993 | Val Acc: 0.9278 | Time: 00:00:08
Epoch 081 | Seed 2001 | Rate 0.20 | Train Loss: 0.0115 | Val Loss: 0.2371 | Acc (clean): 0.9905 | Acc (poison): 0.9993 | Val Acc: 0.9278 | Time: 00:00:08
Epoch 082 | Seed 2001 | Rate 0.20 | Train Loss: 0.0113 | Val Loss: 0.2365 | Acc (clean): 0.9907 | Acc (poison): 0.9992 | Val Acc: 0.9289 | Time: 00:00:08
Epoch 083 | Seed 2001 | Rate 0.20 | Train Loss: 0.0111 | Val Loss: 0.2358 | Acc (clean): 0.9907 | Acc (poison): 0.9995 | Val Acc: 0.9304 | Time: 00:00:08
Epoch 084 | Seed 2001 | Rate 0.20 | Train Loss: 0.0108 | Val Loss: 0.2328 | Acc (clean): 0.9909 | Acc (poison): 0.9996 | Val Acc: 0.9307 | Time: 00:00:08
Epoch 085 | Seed 2001 | Rate 0.20 | Train Loss: 0.0110 | Val Loss: 0.2385 | Acc (clean): 0.9908 | Acc (poison): 0.9996 | Val Acc: 0.9289 | Time: 00:00:08
Epoch 086 | Seed 2001 | Rate 0.20 | Train Loss: 0.0111 | Val Loss: 0.2351 | Acc (clean): 0.9907 | Acc (poison): 0.9994 | Val Acc: 0.9285 | Time: 00:00:08
Epoch 087 | Seed 2001 | Rate 0.20 | Train Loss: 0.0111 | Val Loss: 0.2347 | Acc (clean): 0.9907 | Acc (poison): 0.9995 | Val Acc: 0.9300 | Time: 00:00:08
Epoch 088 | Seed 2001 | Rate 0.20 | Train Loss: 0.0109 | Val Loss: 0.2348 | Acc (clean): 0.9905 | Acc (poison): 0.9994 | Val Acc: 0.9319 | Time: 00:00:08
Epoch 089 | Seed 2001 | Rate 0.20 | Train Loss: 0.0110 | Val Loss: 0.2376 | Acc (clean): 0.9908 | Acc (poison): 0.9996 | Val Acc: 0.9300 | Time: 00:00:08
Epoch 090 | Seed 2001 | Rate 0.20 | Train Loss: 0.0112 | Val Loss: 0.2373 | Acc (clean): 0.9906 | Acc (poison): 0.9995 | Val Acc: 0.9300 | Time: 00:00:09
Epoch 091 | Seed 2001 | Rate 0.20 | Train Loss: 0.0108 | Val Loss: 0.2344 | Acc (clean): 0.9907 | Acc (poison): 0.9995 | Val Acc: 0.9315 | Time: 00:00:08
Epoch 092 | Seed 2001 | Rate 0.20 | Train Loss: 0.0107 | Val Loss: 0.2376 | Acc (clean): 0.9907 | Acc (poison): 0.9996 | Val Acc: 0.9285 | Time: 00:00:08
Epoch 093 | Seed 2001 | Rate 0.20 | Train Loss: 0.0113 | Val Loss: 0.2373 | Acc (clean): 0.9902 | Acc (poison): 0.9991 | Val Acc: 0.9304 | Time: 00:00:08
Epoch 094 | Seed 2001 | Rate 0.20 | Train Loss: 0.0108 | Val Loss: 0.2389 | Acc (clean): 0.9907 | Acc (poison): 0.9996 | Val Acc: 0.9315 | Time: 00:00:08
Epoch 095 | Seed 2001 | Rate 0.20 | Train Loss: 0.0107 | Val Loss: 0.2365 | Acc (clean): 0.9905 | Acc (poison): 0.9994 | Val Acc: 0.9315 | Time: 00:00:08
Epoch 096 | Seed 2001 | Rate 0.20 | Train Loss: 0.0107 | Val Loss: 0.2392 | Acc (clean): 0.9907 | Acc (poison): 0.9995 | Val Acc: 0.9285 | Time: 00:00:08
Epoch 097 | Seed 2001 | Rate 0.20 | Train Loss: 0.0107 | Val Loss: 0.2322 | Acc (clean): 0.9907 | Acc (poison): 0.9994 | Val Acc: 0.9341 | Time: 00:00:08
Epoch 098 | Seed 2001 | Rate 0.20 | Train Loss: 0.0103 | Val Loss: 0.2381 | Acc (clean): 0.9910 | Acc (poison): 0.9996 | Val Acc: 0.9293 | Time: 00:00:08
Epoch 099 | Seed 2001 | Rate 0.20 | Train Loss: 0.0114 | Val Loss: 0.2394 | Acc (clean): 0.9903 | Acc (poison): 0.9991 | Val Acc: 0.9289 | Time: 00:00:08
Epoch 100 | Seed 2001 | Rate 0.20 | Train Loss: 0.0107 | Val Loss: 0.2301 | Acc (clean): 0.9908 | Acc (poison): 0.9997 | Val Acc: 0.9322 | Time: 00:00:08
Loading train data from /home/yazanme/BachelorThesis/BachelorThesis/data/processed/resisc45/train.h5 with mapping /home/yazanme/BachelorThesis/BachelorThesis/data/processed/resisc45/poisoned/RQ2.2-sim/seed_2001/labels_0.50.pt... (in_memory=True, workers=6)
Testing torch.compile support...
Successfully compiled model using torch.compile.
Epoch 001 | Seed 2001 | Rate 0.50 | Train Loss: 2.8132 | Val Loss: 2.2223 | Acc (clean): 0.2548 | Acc (poison): 0.2547 | Val Acc: 0.3504 | Time: 00:00:10
Epoch 002 | Seed 2001 | Rate 0.50 | Train Loss: 1.9221 | Val Loss: 1.8068 | Acc (clean): 0.4359 | Acc (poison): 0.4367 | Val Acc: 0.4541 | Time: 00:00:08
Epoch 003 | Seed 2001 | Rate 0.50 | Train Loss: 1.5647 | Val Loss: 1.7485 | Acc (clean): 0.5338 | Acc (poison): 0.5339 | Val Acc: 0.4841 | Time: 00:00:08
Epoch 004 | Seed 2001 | Rate 0.50 | Train Loss: 1.3305 | Val Loss: 1.7672 | Acc (clean): 0.5980 | Acc (poison): 0.5979 | Val Acc: 0.4970 | Time: 00:00:08
Epoch 005 | Seed 2001 | Rate 0.50 | Train Loss: 1.1510 | Val Loss: 1.5902 | Acc (clean): 0.6437 | Acc (poison): 0.6440 | Val Acc: 0.5274 | Time: 00:00:09
Epoch 006 | Seed 2001 | Rate 0.50 | Train Loss: 0.9979 | Val Loss: 1.0740 | Acc (clean): 0.6876 | Acc (poison): 0.6896 | Val Acc: 0.6585 | Time: 00:00:09
Epoch 007 | Seed 2001 | Rate 0.50 | Train Loss: 0.8727 | Val Loss: 1.1168 | Acc (clean): 0.7250 | Acc (poison): 0.7249 | Val Acc: 0.6578 | Time: 00:00:08
Epoch 008 | Seed 2001 | Rate 0.50 | Train Loss: 0.7769 | Val Loss: 1.0692 | Acc (clean): 0.7472 | Acc (poison): 0.7488 | Val Acc: 0.6893 | Time: 00:00:09
Epoch 009 | Seed 2001 | Rate 0.50 | Train Loss: 0.6738 | Val Loss: 0.8886 | Acc (clean): 0.7822 | Acc (poison): 0.7837 | Val Acc: 0.7259 | Time: 00:00:09
Epoch 010 | Seed 2001 | Rate 0.50 | Train Loss: 0.6124 | Val Loss: 0.9038 | Acc (clean): 0.7991 | Acc (poison): 0.8010 | Val Acc: 0.7207 | Time: 00:00:08
Epoch 011 | Seed 2001 | Rate 0.50 | Train Loss: 0.5504 | Val Loss: 0.8027 | Acc (clean): 0.8186 | Acc (poison): 0.8219 | Val Acc: 0.7581 | Time: 00:00:09
Epoch 012 | Seed 2001 | Rate 0.50 | Train Loss: 0.5023 | Val Loss: 0.8022 | Acc (clean): 0.8330 | Acc (poison): 0.8349 | Val Acc: 0.7385 | Time: 00:00:09
Epoch 013 | Seed 2001 | Rate 0.50 | Train Loss: 0.4837 | Val Loss: 0.8085 | Acc (clean): 0.8368 | Acc (poison): 0.8393 | Val Acc: 0.7559 | Time: 00:00:08
Epoch 014 | Seed 2001 | Rate 0.50 | Train Loss: 0.4404 | Val Loss: 0.7446 | Acc (clean): 0.8539 | Acc (poison): 0.8554 | Val Acc: 0.7711 | Time: 00:00:09
Epoch 015 | Seed 2001 | Rate 0.50 | Train Loss: 0.4413 | Val Loss: 0.9401 | Acc (clean): 0.8502 | Acc (poison): 0.8533 | Val Acc: 0.7207 | Time: 00:00:08
Epoch 016 | Seed 2001 | Rate 0.50 | Train Loss: 0.4148 | Val Loss: 0.9766 | Acc (clean): 0.8570 | Acc (poison): 0.8600 | Val Acc: 0.6978 | Time: 00:00:08
Epoch 017 | Seed 2001 | Rate 0.50 | Train Loss: 0.3992 | Val Loss: 0.6278 | Acc (clean): 0.8621 | Acc (poison): 0.8635 | Val Acc: 0.7948 | Time: 00:00:09
Epoch 018 | Seed 2001 | Rate 0.50 | Train Loss: 0.3863 | Val Loss: 0.6008 | Acc (clean): 0.8647 | Acc (poison): 0.8663 | Val Acc: 0.8148 | Time: 00:00:09
Epoch 019 | Seed 2001 | Rate 0.50 | Train Loss: 0.3733 | Val Loss: 0.6497 | Acc (clean): 0.8694 | Acc (poison): 0.8746 | Val Acc: 0.7974 | Time: 00:00:08
Epoch 020 | Seed 2001 | Rate 0.50 | Train Loss: 0.3734 | Val Loss: 0.7696 | Acc (clean): 0.8710 | Acc (poison): 0.8736 | Val Acc: 0.7470 | Time: 00:00:08
Epoch 021 | Seed 2001 | Rate 0.50 | Train Loss: 0.3459 | Val Loss: 0.6441 | Acc (clean): 0.8799 | Acc (poison): 0.8833 | Val Acc: 0.8007 | Time: 00:00:08
Epoch 022 | Seed 2001 | Rate 0.50 | Train Loss: 0.3505 | Val Loss: 0.7283 | Acc (clean): 0.8786 | Acc (poison): 0.8826 | Val Acc: 0.7685 | Time: 00:00:08
Epoch 023 | Seed 2001 | Rate 0.50 | Train Loss: 0.3475 | Val Loss: 0.6119 | Acc (clean): 0.8804 | Acc (poison): 0.8839 | Val Acc: 0.8211 | Time: 00:00:08
Epoch 024 | Seed 2001 | Rate 0.50 | Train Loss: 0.3331 | Val Loss: 0.5890 | Acc (clean): 0.8824 | Acc (poison): 0.8860 | Val Acc: 0.8107 | Time: 00:00:09
Epoch 025 | Seed 2001 | Rate 0.50 | Train Loss: 0.3233 | Val Loss: 0.7152 | Acc (clean): 0.8853 | Acc (poison): 0.8893 | Val Acc: 0.7819 | Time: 00:00:08
Epoch 026 | Seed 2001 | Rate 0.50 | Train Loss: 0.3313 | Val Loss: 0.6140 | Acc (clean): 0.8828 | Acc (poison): 0.8873 | Val Acc: 0.8104 | Time: 00:00:08
Epoch 027 | Seed 2001 | Rate 0.50 | Train Loss: 0.3085 | Val Loss: 0.6175 | Acc (clean): 0.8890 | Acc (poison): 0.8924 | Val Acc: 0.8107 | Time: 00:00:08
Epoch 028 | Seed 2001 | Rate 0.50 | Train Loss: 0.3029 | Val Loss: 0.7643 | Acc (clean): 0.8918 | Acc (poison): 0.8972 | Val Acc: 0.7741 | Time: 00:00:08
Epoch 029 | Seed 2001 | Rate 0.50 | Train Loss: 0.3212 | Val Loss: 0.7703 | Acc (clean): 0.8867 | Acc (poison): 0.8914 | Val Acc: 0.7515 | Time: 00:00:08
Epoch 030 | Seed 2001 | Rate 0.50 | Train Loss: 0.2860 | Val Loss: 0.8418 | Acc (clean): 0.8987 | Acc (poison): 0.9039 | Val Acc: 0.7507 | Time: 00:00:08
Epoch 031 | Seed 2001 | Rate 0.50 | Train Loss: 0.2909 | Val Loss: 0.6410 | Acc (clean): 0.8943 | Acc (poison): 0.8984 | Val Acc: 0.8052 | Time: 00:00:08
Epoch 032 | Seed 2001 | Rate 0.50 | Train Loss: 0.2998 | Val Loss: 0.7076 | Acc (clean): 0.8960 | Acc (poison): 0.9002 | Val Acc: 0.7981 | Time: 00:00:08
Epoch 033 | Seed 2001 | Rate 0.50 | Train Loss: 0.2885 | Val Loss: 0.9860 | Acc (clean): 0.8966 | Acc (poison): 0.9026 | Val Acc: 0.7170 | Time: 00:00:08
Epoch 034 | Seed 2001 | Rate 0.50 | Train Loss: 0.2941 | Val Loss: 0.7714 | Acc (clean): 0.8945 | Acc (poison): 0.9008 | Val Acc: 0.7744 | Time: 00:00:08
Epoch 035 | Seed 2001 | Rate 0.50 | Train Loss: 0.2933 | Val Loss: 0.8805 | Acc (clean): 0.8939 | Acc (poison): 0.9005 | Val Acc: 0.7541 | Time: 00:00:08
Epoch 036 | Seed 2001 | Rate 0.50 | Train Loss: 0.2761 | Val Loss: 0.6503 | Acc (clean): 0.9017 | Acc (poison): 0.9069 | Val Acc: 0.7959 | Time: 00:00:08
Epoch 037 | Seed 2001 | Rate 0.50 | Train Loss: 0.2816 | Val Loss: 0.8093 | Acc (clean): 0.9010 | Acc (poison): 0.9067 | Val Acc: 0.7541 | Time: 00:00:08
Epoch 038 | Seed 2001 | Rate 0.50 | Train Loss: 0.2910 | Val Loss: 0.7795 | Acc (clean): 0.8935 | Acc (poison): 0.9009 | Val Acc: 0.7741 | Time: 00:00:08
Epoch 039 | Seed 2001 | Rate 0.50 | Train Loss: 0.2649 | Val Loss: 0.7369 | Acc (clean): 0.9061 | Acc (poison): 0.9124 | Val Acc: 0.7885 | Time: 00:00:08
Epoch 040 | Seed 2001 | Rate 0.50 | Train Loss: 0.2731 | Val Loss: 0.6762 | Acc (clean): 0.9028 | Acc (poison): 0.9078 | Val Acc: 0.7985 | Time: 00:00:08
Epoch 041 | Seed 2001 | Rate 0.50 | Train Loss: 0.2786 | Val Loss: 0.6253 | Acc (clean): 0.8996 | Acc (poison): 0.9056 | Val Acc: 0.8063 | Time: 00:00:08
Epoch 042 | Seed 2001 | Rate 0.50 | Train Loss: 0.2504 | Val Loss: 0.6945 | Acc (clean): 0.9108 | Acc (poison): 0.9169 | Val Acc: 0.8030 | Time: 00:00:08
Epoch 043 | Seed 2001 | Rate 0.50 | Train Loss: 0.2655 | Val Loss: 0.5907 | Acc (clean): 0.9021 | Acc (poison): 0.9087 | Val Acc: 0.8207 | Time: 00:00:08
Epoch 044 | Seed 2001 | Rate 0.50 | Train Loss: 0.2663 | Val Loss: 0.6452 | Acc (clean): 0.9056 | Acc (poison): 0.9109 | Val Acc: 0.8033 | Time: 00:00:08
Epoch 045 | Seed 2001 | Rate 0.50 | Train Loss: 0.2763 | Val Loss: 0.7242 | Acc (clean): 0.9000 | Acc (poison): 0.9071 | Val Acc: 0.7811 | Time: 00:00:08
Epoch 046 | Seed 2001 | Rate 0.50 | Train Loss: 0.2520 | Val Loss: 0.6917 | Acc (clean): 0.9075 | Acc (poison): 0.9150 | Val Acc: 0.8033 | Time: 00:00:08
Epoch 047 | Seed 2001 | Rate 0.50 | Train Loss: 0.2588 | Val Loss: 0.5903 | Acc (clean): 0.9042 | Acc (poison): 0.9126 | Val Acc: 0.8148 | Time: 00:00:08
Epoch 048 | Seed 2001 | Rate 0.50 | Train Loss: 0.2608 | Val Loss: 0.9572 | Acc (clean): 0.9038 | Acc (poison): 0.9123 | Val Acc: 0.7359 | Time: 00:00:08
Epoch 049 | Seed 2001 | Rate 0.50 | Train Loss: 0.2599 | Val Loss: 0.7976 | Acc (clean): 0.9040 | Acc (poison): 0.9119 | Val Acc: 0.7726 | Time: 00:00:08
Epoch 050 | Seed 2001 | Rate 0.50 | Train Loss: 0.2464 | Val Loss: 0.7377 | Acc (clean): 0.9101 | Acc (poison): 0.9180 | Val Acc: 0.7726 | Time: 00:00:08
Epoch 051 | Seed 2001 | Rate 0.50 | Train Loss: 0.1160 | Val Loss: 0.2922 | Acc (clean): 0.9516 | Acc (poison): 0.9652 | Val Acc: 0.9004 | Time: 00:00:08
Epoch 052 | Seed 2001 | Rate 0.50 | Train Loss: 0.0718 | Val Loss: 0.2802 | Acc (clean): 0.9655 | Acc (poison): 0.9807 | Val Acc: 0.9041 | Time: 00:00:08
Epoch 053 | Seed 2001 | Rate 0.50 | Train Loss: 0.0607 | Val Loss: 0.2764 | Acc (clean): 0.9682 | Acc (poison): 0.9837 | Val Acc: 0.9067 | Time: 00:00:09
Epoch 054 | Seed 2001 | Rate 0.50 | Train Loss: 0.0527 | Val Loss: 0.2707 | Acc (clean): 0.9704 | Acc (poison): 0.9863 | Val Acc: 0.9104 | Time: 00:00:09
Epoch 055 | Seed 2001 | Rate 0.50 | Train Loss: 0.0462 | Val Loss: 0.2697 | Acc (clean): 0.9729 | Acc (poison): 0.9895 | Val Acc: 0.9122 | Time: 00:00:10
Epoch 056 | Seed 2001 | Rate 0.50 | Train Loss: 0.0416 | Val Loss: 0.2690 | Acc (clean): 0.9729 | Acc (poison): 0.9914 | Val Acc: 0.9137 | Time: 00:00:09
Epoch 057 | Seed 2001 | Rate 0.50 | Train Loss: 0.0391 | Val Loss: 0.2698 | Acc (clean): 0.9739 | Acc (poison): 0.9918 | Val Acc: 0.9126 | Time: 00:00:08
Epoch 058 | Seed 2001 | Rate 0.50 | Train Loss: 0.0353 | Val Loss: 0.2725 | Acc (clean): 0.9727 | Acc (poison): 0.9919 | Val Acc: 0.9115 | Time: 00:00:08
Epoch 059 | Seed 2001 | Rate 0.50 | Train Loss: 0.0323 | Val Loss: 0.2825 | Acc (clean): 0.9747 | Acc (poison): 0.9945 | Val Acc: 0.9078 | Time: 00:00:08
Epoch 060 | Seed 2001 | Rate 0.50 | Train Loss: 0.0293 | Val Loss: 0.2831 | Acc (clean): 0.9751 | Acc (poison): 0.9951 | Val Acc: 0.9089 | Time: 00:00:08
Epoch 061 | Seed 2001 | Rate 0.50 | Train Loss: 0.0292 | Val Loss: 0.2751 | Acc (clean): 0.9746 | Acc (poison): 0.9944 | Val Acc: 0.9107 | Time: 00:00:08
Epoch 062 | Seed 2001 | Rate 0.50 | Train Loss: 0.0263 | Val Loss: 0.2823 | Acc (clean): 0.9748 | Acc (poison): 0.9953 | Val Acc: 0.9096 | Time: 00:00:08
Epoch 063 | Seed 2001 | Rate 0.50 | Train Loss: 0.0246 | Val Loss: 0.2817 | Acc (clean): 0.9756 | Acc (poison): 0.9963 | Val Acc: 0.9107 | Time: 00:00:08
Epoch 064 | Seed 2001 | Rate 0.50 | Train Loss: 0.0224 | Val Loss: 0.2808 | Acc (clean): 0.9757 | Acc (poison): 0.9965 | Val Acc: 0.9111 | Time: 00:00:08
Epoch 065 | Seed 2001 | Rate 0.50 | Train Loss: 0.0213 | Val Loss: 0.2906 | Acc (clean): 0.9757 | Acc (poison): 0.9970 | Val Acc: 0.9089 | Time: 00:00:08
Epoch 066 | Seed 2001 | Rate 0.50 | Train Loss: 0.0206 | Val Loss: 0.2847 | Acc (clean): 0.9765 | Acc (poison): 0.9974 | Val Acc: 0.9078 | Time: 00:00:08
Epoch 067 | Seed 2001 | Rate 0.50 | Train Loss: 0.0190 | Val Loss: 0.2941 | Acc (clean): 0.9765 | Acc (poison): 0.9977 | Val Acc: 0.9100 | Time: 00:00:08
Epoch 068 | Seed 2001 | Rate 0.50 | Train Loss: 0.0199 | Val Loss: 0.3014 | Acc (clean): 0.9762 | Acc (poison): 0.9973 | Val Acc: 0.9119 | Time: 00:00:08
Epoch 069 | Seed 2001 | Rate 0.50 | Train Loss: 0.0197 | Val Loss: 0.2896 | Acc (clean): 0.9757 | Acc (poison): 0.9970 | Val Acc: 0.9170 | Time: 00:00:08
Epoch 070 | Seed 2001 | Rate 0.50 | Train Loss: 0.0171 | Val Loss: 0.2815 | Acc (clean): 0.9766 | Acc (poison): 0.9982 | Val Acc: 0.9107 | Time: 00:00:08
Epoch 071 | Seed 2001 | Rate 0.50 | Train Loss: 0.0171 | Val Loss: 0.2896 | Acc (clean): 0.9766 | Acc (poison): 0.9979 | Val Acc: 0.9137 | Time: 00:00:08
Epoch 072 | Seed 2001 | Rate 0.50 | Train Loss: 0.0159 | Val Loss: 0.2907 | Acc (clean): 0.9770 | Acc (poison): 0.9984 | Val Acc: 0.9111 | Time: 00:00:08
Epoch 073 | Seed 2001 | Rate 0.50 | Train Loss: 0.0158 | Val Loss: 0.2968 | Acc (clean): 0.9765 | Acc (poison): 0.9982 | Val Acc: 0.9137 | Time: 00:00:08
Epoch 074 | Seed 2001 | Rate 0.50 | Train Loss: 0.0155 | Val Loss: 0.2842 | Acc (clean): 0.9768 | Acc (poison): 0.9983 | Val Acc: 0.9159 | Time: 00:00:08
Epoch 075 | Seed 2001 | Rate 0.50 | Train Loss: 0.0157 | Val Loss: 0.2937 | Acc (clean): 0.9768 | Acc (poison): 0.9986 | Val Acc: 0.9141 | Time: 00:00:08
Epoch 076 | Seed 2001 | Rate 0.50 | Train Loss: 0.0136 | Val Loss: 0.2921 | Acc (clean): 0.9769 | Acc (poison): 0.9990 | Val Acc: 0.9122 | Time: 00:00:08
Epoch 077 | Seed 2001 | Rate 0.50 | Train Loss: 0.0126 | Val Loss: 0.2938 | Acc (clean): 0.9772 | Acc (poison): 0.9991 | Val Acc: 0.9119 | Time: 00:00:08
Epoch 078 | Seed 2001 | Rate 0.50 | Train Loss: 0.0124 | Val Loss: 0.2885 | Acc (clean): 0.9770 | Acc (poison): 0.9988 | Val Acc: 0.9133 | Time: 00:00:08
Epoch 079 | Seed 2001 | Rate 0.50 | Train Loss: 0.0117 | Val Loss: 0.2933 | Acc (clean): 0.9774 | Acc (poison): 0.9994 | Val Acc: 0.9122 | Time: 00:00:08
Epoch 080 | Seed 2001 | Rate 0.50 | Train Loss: 0.0114 | Val Loss: 0.2917 | Acc (clean): 0.9774 | Acc (poison): 0.9995 | Val Acc: 0.9137 | Time: 00:00:08
Epoch 081 | Seed 2001 | Rate 0.50 | Train Loss: 0.0120 | Val Loss: 0.2936 | Acc (clean): 0.9773 | Acc (poison): 0.9993 | Val Acc: 0.9133 | Time: 00:00:08
Epoch 082 | Seed 2001 | Rate 0.50 | Train Loss: 0.0114 | Val Loss: 0.2925 | Acc (clean): 0.9773 | Acc (poison): 0.9994 | Val Acc: 0.9126 | Time: 00:00:08
Epoch 083 | Seed 2001 | Rate 0.50 | Train Loss: 0.0115 | Val Loss: 0.2941 | Acc (clean): 0.9775 | Acc (poison): 0.9994 | Val Acc: 0.9130 | Time: 00:00:08
Epoch 084 | Seed 2001 | Rate 0.50 | Train Loss: 0.0113 | Val Loss: 0.2917 | Acc (clean): 0.9773 | Acc (poison): 0.9995 | Val Acc: 0.9133 | Time: 00:00:08
Epoch 085 | Seed 2001 | Rate 0.50 | Train Loss: 0.0111 | Val Loss: 0.2953 | Acc (clean): 0.9775 | Acc (poison): 0.9998 | Val Acc: 0.9122 | Time: 00:00:08
Epoch 086 | Seed 2001 | Rate 0.50 | Train Loss: 0.0109 | Val Loss: 0.2957 | Acc (clean): 0.9774 | Acc (poison): 0.9994 | Val Acc: 0.9115 | Time: 00:00:08
Epoch 087 | Seed 2001 | Rate 0.50 | Train Loss: 0.0114 | Val Loss: 0.2923 | Acc (clean): 0.9772 | Acc (poison): 0.9992 | Val Acc: 0.9144 | Time: 00:00:08
Epoch 088 | Seed 2001 | Rate 0.50 | Train Loss: 0.0113 | Val Loss: 0.2920 | Acc (clean): 0.9773 | Acc (poison): 0.9992 | Val Acc: 0.9133 | Time: 00:00:08
Epoch 089 | Seed 2001 | Rate 0.50 | Train Loss: 0.0108 | Val Loss: 0.2939 | Acc (clean): 0.9774 | Acc (poison): 0.9996 | Val Acc: 0.9119 | Time: 00:00:08
Epoch 090 | Seed 2001 | Rate 0.50 | Train Loss: 0.0113 | Val Loss: 0.2939 | Acc (clean): 0.9772 | Acc (poison): 0.9992 | Val Acc: 0.9141 | Time: 00:00:08
Epoch 091 | Seed 2001 | Rate 0.50 | Train Loss: 0.0109 | Val Loss: 0.2911 | Acc (clean): 0.9776 | Acc (poison): 0.9996 | Val Acc: 0.9144 | Time: 00:00:08
Epoch 092 | Seed 2001 | Rate 0.50 | Train Loss: 0.0112 | Val Loss: 0.2935 | Acc (clean): 0.9775 | Acc (poison): 0.9994 | Val Acc: 0.9119 | Time: 00:00:08
Epoch 093 | Seed 2001 | Rate 0.50 | Train Loss: 0.0114 | Val Loss: 0.2937 | Acc (clean): 0.9770 | Acc (poison): 0.9991 | Val Acc: 0.9115 | Time: 00:00:08
Epoch 094 | Seed 2001 | Rate 0.50 | Train Loss: 0.0112 | Val Loss: 0.2969 | Acc (clean): 0.9772 | Acc (poison): 0.9991 | Val Acc: 0.9126 | Time: 00:00:08
Epoch 095 | Seed 2001 | Rate 0.50 | Train Loss: 0.0108 | Val Loss: 0.2899 | Acc (clean): 0.9773 | Acc (poison): 0.9994 | Val Acc: 0.9133 | Time: 00:00:08
Epoch 096 | Seed 2001 | Rate 0.50 | Train Loss: 0.0107 | Val Loss: 0.2945 | Acc (clean): 0.9775 | Acc (poison): 0.9995 | Val Acc: 0.9104 | Time: 00:00:08
Epoch 097 | Seed 2001 | Rate 0.50 | Train Loss: 0.0104 | Val Loss: 0.2898 | Acc (clean): 0.9775 | Acc (poison): 0.9996 | Val Acc: 0.9133 | Time: 00:00:08
Epoch 098 | Seed 2001 | Rate 0.50 | Train Loss: 0.0107 | Val Loss: 0.2945 | Acc (clean): 0.9775 | Acc (poison): 0.9996 | Val Acc: 0.9122 | Time: 00:00:08
Epoch 099 | Seed 2001 | Rate 0.50 | Train Loss: 0.0113 | Val Loss: 0.2954 | Acc (clean): 0.9772 | Acc (poison): 0.9993 | Val Acc: 0.9133 | Time: 00:00:08
Epoch 100 | Seed 2001 | Rate 0.50 | Train Loss: 0.0100 | Val Loss: 0.2920 | Acc (clean): 0.9775 | Acc (poison): 0.9998 | Val Acc: 0.9144 | Time: 00:00:08
Loading train data from /home/yazanme/BachelorThesis/BachelorThesis/data/processed/resisc45/train.h5 with mapping /home/yazanme/BachelorThesis/BachelorThesis/data/processed/resisc45/poisoned/RQ2.2-sim/seed_2001/labels_1.00.pt... (in_memory=True, workers=6)
Testing torch.compile support...
Successfully compiled model using torch.compile.
Epoch 001 | Seed 2001 | Rate 1.00 | Train Loss: 2.8315 | Val Loss: 2.2972 | Acc (clean): 0.2505 | Acc (poison): 0.2510 | Val Acc: 0.3404 | Time: 00:00:10
Epoch 002 | Seed 2001 | Rate 1.00 | Train Loss: 1.9478 | Val Loss: 2.0023 | Acc (clean): 0.4288 | Acc (poison): 0.4323 | Val Acc: 0.4278 | Time: 00:00:08
Epoch 003 | Seed 2001 | Rate 1.00 | Train Loss: 1.5765 | Val Loss: 1.9764 | Acc (clean): 0.5251 | Acc (poison): 0.5336 | Val Acc: 0.4504 | Time: 00:00:08
Epoch 004 | Seed 2001 | Rate 1.00 | Train Loss: 1.3396 | Val Loss: 1.7015 | Acc (clean): 0.5887 | Acc (poison): 0.5980 | Val Acc: 0.5081 | Time: 00:00:08
Epoch 005 | Seed 2001 | Rate 1.00 | Train Loss: 1.1624 | Val Loss: 1.9861 | Acc (clean): 0.6364 | Acc (poison): 0.6481 | Val Acc: 0.4541 | Time: 00:00:08
Epoch 006 | Seed 2001 | Rate 1.00 | Train Loss: 1.0127 | Val Loss: 1.1040 | Acc (clean): 0.6762 | Acc (poison): 0.6903 | Val Acc: 0.6593 | Time: 00:00:08
Epoch 007 | Seed 2001 | Rate 1.00 | Train Loss: 0.8801 | Val Loss: 1.3267 | Acc (clean): 0.7114 | Acc (poison): 0.7281 | Val Acc: 0.6233 | Time: 00:00:08
Epoch 008 | Seed 2001 | Rate 1.00 | Train Loss: 0.7662 | Val Loss: 1.0508 | Acc (clean): 0.7405 | Acc (poison): 0.7568 | Val Acc: 0.6844 | Time: 00:00:09
Epoch 009 | Seed 2001 | Rate 1.00 | Train Loss: 0.6660 | Val Loss: 0.8900 | Acc (clean): 0.7721 | Acc (poison): 0.7907 | Val Acc: 0.7259 | Time: 00:00:09
Epoch 010 | Seed 2001 | Rate 1.00 | Train Loss: 0.6026 | Val Loss: 0.8629 | Acc (clean): 0.7894 | Acc (poison): 0.8095 | Val Acc: 0.7385 | Time: 00:00:10
Epoch 011 | Seed 2001 | Rate 1.00 | Train Loss: 0.5477 | Val Loss: 1.0230 | Acc (clean): 0.8057 | Acc (poison): 0.8270 | Val Acc: 0.7156 | Time: 00:00:08
Epoch 012 | Seed 2001 | Rate 1.00 | Train Loss: 0.4938 | Val Loss: 1.0750 | Acc (clean): 0.8186 | Acc (poison): 0.8403 | Val Acc: 0.6900 | Time: 00:00:08
Epoch 013 | Seed 2001 | Rate 1.00 | Train Loss: 0.4723 | Val Loss: 0.8299 | Acc (clean): 0.8242 | Acc (poison): 0.8464 | Val Acc: 0.7407 | Time: 00:00:09
Epoch 014 | Seed 2001 | Rate 1.00 | Train Loss: 0.4386 | Val Loss: 0.8384 | Acc (clean): 0.8345 | Acc (poison): 0.8590 | Val Acc: 0.7467 | Time: 00:00:08
Epoch 015 | Seed 2001 | Rate 1.00 | Train Loss: 0.4268 | Val Loss: 0.7582 | Acc (clean): 0.8370 | Acc (poison): 0.8630 | Val Acc: 0.7744 | Time: 00:00:09
Epoch 016 | Seed 2001 | Rate 1.00 | Train Loss: 0.3936 | Val Loss: 0.7712 | Acc (clean): 0.8460 | Acc (poison): 0.8728 | Val Acc: 0.7722 | Time: 00:00:08
Epoch 017 | Seed 2001 | Rate 1.00 | Train Loss: 0.3813 | Val Loss: 0.8150 | Acc (clean): 0.8492 | Acc (poison): 0.8766 | Val Acc: 0.7637 | Time: 00:00:08
Epoch 018 | Seed 2001 | Rate 1.00 | Train Loss: 0.3752 | Val Loss: 0.7200 | Acc (clean): 0.8508 | Acc (poison): 0.8789 | Val Acc: 0.7693 | Time: 00:00:08
Epoch 019 | Seed 2001 | Rate 1.00 | Train Loss: 0.3562 | Val Loss: 1.0145 | Acc (clean): 0.8585 | Acc (poison): 0.8873 | Val Acc: 0.7089 | Time: 00:00:08
Epoch 020 | Seed 2001 | Rate 1.00 | Train Loss: 0.3501 | Val Loss: 0.7400 | Acc (clean): 0.8611 | Acc (poison): 0.8891 | Val Acc: 0.7819 | Time: 00:00:08
Epoch 021 | Seed 2001 | Rate 1.00 | Train Loss: 0.3396 | Val Loss: 0.7470 | Acc (clean): 0.8611 | Acc (poison): 0.8905 | Val Acc: 0.7781 | Time: 00:00:08
Epoch 022 | Seed 2001 | Rate 1.00 | Train Loss: 0.3356 | Val Loss: 0.9398 | Acc (clean): 0.8634 | Acc (poison): 0.8919 | Val Acc: 0.7363 | Time: 00:00:08
Epoch 023 | Seed 2001 | Rate 1.00 | Train Loss: 0.3206 | Val Loss: 0.7099 | Acc (clean): 0.8689 | Acc (poison): 0.8994 | Val Acc: 0.8015 | Time: 00:00:09
Epoch 024 | Seed 2001 | Rate 1.00 | Train Loss: 0.3054 | Val Loss: 0.8923 | Acc (clean): 0.8751 | Acc (poison): 0.9047 | Val Acc: 0.7456 | Time: 00:00:08
Epoch 025 | Seed 2001 | Rate 1.00 | Train Loss: 0.3138 | Val Loss: 0.7282 | Acc (clean): 0.8701 | Acc (poison): 0.9000 | Val Acc: 0.7893 | Time: 00:00:08
Epoch 026 | Seed 2001 | Rate 1.00 | Train Loss: 0.3105 | Val Loss: 0.7390 | Acc (clean): 0.8702 | Acc (poison): 0.9000 | Val Acc: 0.7878 | Time: 00:00:08
Epoch 027 | Seed 2001 | Rate 1.00 | Train Loss: 0.2846 | Val Loss: 0.6397 | Acc (clean): 0.8786 | Acc (poison): 0.9087 | Val Acc: 0.8248 | Time: 00:00:09
Epoch 028 | Seed 2001 | Rate 1.00 | Train Loss: 0.2852 | Val Loss: 0.8134 | Acc (clean): 0.8764 | Acc (poison): 0.9088 | Val Acc: 0.7730 | Time: 00:00:08
Epoch 029 | Seed 2001 | Rate 1.00 | Train Loss: 0.2914 | Val Loss: 0.8620 | Acc (clean): 0.8765 | Acc (poison): 0.9078 | Val Acc: 0.7567 | Time: 00:00:08
Epoch 030 | Seed 2001 | Rate 1.00 | Train Loss: 0.2845 | Val Loss: 1.1138 | Acc (clean): 0.8783 | Acc (poison): 0.9098 | Val Acc: 0.6904 | Time: 00:00:08
Epoch 031 | Seed 2001 | Rate 1.00 | Train Loss: 0.2913 | Val Loss: 0.6973 | Acc (clean): 0.8757 | Acc (poison): 0.9074 | Val Acc: 0.8007 | Time: 00:00:08
Epoch 032 | Seed 2001 | Rate 1.00 | Train Loss: 0.2829 | Val Loss: 0.7606 | Acc (clean): 0.8763 | Acc (poison): 0.9087 | Val Acc: 0.7885 | Time: 00:00:08
Epoch 033 | Seed 2001 | Rate 1.00 | Train Loss: 0.2670 | Val Loss: 0.8439 | Acc (clean): 0.8816 | Acc (poison): 0.9146 | Val Acc: 0.7585 | Time: 00:00:08
Epoch 034 | Seed 2001 | Rate 1.00 | Train Loss: 0.2757 | Val Loss: 0.8424 | Acc (clean): 0.8792 | Acc (poison): 0.9111 | Val Acc: 0.7752 | Time: 00:00:08
Epoch 035 | Seed 2001 | Rate 1.00 | Train Loss: 0.2682 | Val Loss: 0.7318 | Acc (clean): 0.8842 | Acc (poison): 0.9155 | Val Acc: 0.7915 | Time: 00:00:08
Epoch 036 | Seed 2001 | Rate 1.00 | Train Loss: 0.2655 | Val Loss: 0.7069 | Acc (clean): 0.8819 | Acc (poison): 0.9145 | Val Acc: 0.8096 | Time: 00:00:08
Epoch 037 | Seed 2001 | Rate 1.00 | Train Loss: 0.2531 | Val Loss: 0.8501 | Acc (clean): 0.8874 | Acc (poison): 0.9211 | Val Acc: 0.7659 | Time: 00:00:08
Epoch 038 | Seed 2001 | Rate 1.00 | Train Loss: 0.2599 | Val Loss: 0.8565 | Acc (clean): 0.8866 | Acc (poison): 0.9194 | Val Acc: 0.7641 | Time: 00:00:08
Epoch 039 | Seed 2001 | Rate 1.00 | Train Loss: 0.2602 | Val Loss: 0.8596 | Acc (clean): 0.8820 | Acc (poison): 0.9160 | Val Acc: 0.7711 | Time: 00:00:08
Epoch 040 | Seed 2001 | Rate 1.00 | Train Loss: 0.2527 | Val Loss: 0.8215 | Acc (clean): 0.8863 | Acc (poison): 0.9206 | Val Acc: 0.7844 | Time: 00:00:08
Epoch 041 | Seed 2001 | Rate 1.00 | Train Loss: 0.2657 | Val Loss: 0.7819 | Acc (clean): 0.8796 | Acc (poison): 0.9141 | Val Acc: 0.7815 | Time: 00:00:08
Epoch 042 | Seed 2001 | Rate 1.00 | Train Loss: 0.2381 | Val Loss: 0.7119 | Acc (clean): 0.8902 | Acc (poison): 0.9241 | Val Acc: 0.8067 | Time: 00:00:08
Epoch 043 | Seed 2001 | Rate 1.00 | Train Loss: 0.2488 | Val Loss: 0.7100 | Acc (clean): 0.8865 | Acc (poison): 0.9206 | Val Acc: 0.8104 | Time: 00:00:08
Epoch 044 | Seed 2001 | Rate 1.00 | Train Loss: 0.2546 | Val Loss: 0.7272 | Acc (clean): 0.8854 | Acc (poison): 0.9188 | Val Acc: 0.7948 | Time: 00:00:08
Epoch 045 | Seed 2001 | Rate 1.00 | Train Loss: 0.2426 | Val Loss: 0.7888 | Acc (clean): 0.8903 | Acc (poison): 0.9247 | Val Acc: 0.7730 | Time: 00:00:08
Epoch 046 | Seed 2001 | Rate 1.00 | Train Loss: 0.2320 | Val Loss: 0.6664 | Acc (clean): 0.8921 | Acc (poison): 0.9259 | Val Acc: 0.8096 | Time: 00:00:08
Epoch 047 | Seed 2001 | Rate 1.00 | Train Loss: 0.2454 | Val Loss: 0.8091 | Acc (clean): 0.8890 | Acc (poison): 0.9243 | Val Acc: 0.7748 | Time: 00:00:08
Epoch 048 | Seed 2001 | Rate 1.00 | Train Loss: 0.2356 | Val Loss: 0.8049 | Acc (clean): 0.8915 | Acc (poison): 0.9267 | Val Acc: 0.7981 | Time: 00:00:08
Epoch 049 | Seed 2001 | Rate 1.00 | Train Loss: 0.2457 | Val Loss: 1.2337 | Acc (clean): 0.8858 | Acc (poison): 0.9209 | Val Acc: 0.7041 | Time: 00:00:08
Epoch 050 | Seed 2001 | Rate 1.00 | Train Loss: 0.2298 | Val Loss: 0.8323 | Acc (clean): 0.8911 | Acc (poison): 0.9265 | Val Acc: 0.7752 | Time: 00:00:08
Epoch 051 | Seed 2001 | Rate 1.00 | Train Loss: 0.0959 | Val Loss: 0.4255 | Acc (clean): 0.9323 | Acc (poison): 0.9731 | Val Acc: 0.8904 | Time: 00:00:09
Epoch 052 | Seed 2001 | Rate 1.00 | Train Loss: 0.0545 | Val Loss: 0.4378 | Acc (clean): 0.9455 | Acc (poison): 0.9881 | Val Acc: 0.8963 | Time: 00:00:08
Epoch 053 | Seed 2001 | Rate 1.00 | Train Loss: 0.0435 | Val Loss: 0.4417 | Acc (clean): 0.9474 | Acc (poison): 0.9907 | Val Acc: 0.8956 | Time: 00:00:08
Epoch 054 | Seed 2001 | Rate 1.00 | Train Loss: 0.0383 | Val Loss: 0.4415 | Acc (clean): 0.9489 | Acc (poison): 0.9922 | Val Acc: 0.9022 | Time: 00:00:08
Epoch 055 | Seed 2001 | Rate 1.00 | Train Loss: 0.0327 | Val Loss: 0.4310 | Acc (clean): 0.9506 | Acc (poison): 0.9942 | Val Acc: 0.9000 | Time: 00:00:08
Epoch 056 | Seed 2001 | Rate 1.00 | Train Loss: 0.0293 | Val Loss: 0.4420 | Acc (clean): 0.9514 | Acc (poison): 0.9955 | Val Acc: 0.8996 | Time: 00:00:08
Epoch 057 | Seed 2001 | Rate 1.00 | Train Loss: 0.0285 | Val Loss: 0.4392 | Acc (clean): 0.9510 | Acc (poison): 0.9950 | Val Acc: 0.8993 | Time: 00:00:08
Epoch 058 | Seed 2001 | Rate 1.00 | Train Loss: 0.0246 | Val Loss: 0.4580 | Acc (clean): 0.9522 | Acc (poison): 0.9963 | Val Acc: 0.9000 | Time: 00:00:08
Epoch 059 | Seed 2001 | Rate 1.00 | Train Loss: 0.0241 | Val Loss: 0.4625 | Acc (clean): 0.9522 | Acc (poison): 0.9965 | Val Acc: 0.9000 | Time: 00:00:08
Epoch 060 | Seed 2001 | Rate 1.00 | Train Loss: 0.0223 | Val Loss: 0.4530 | Acc (clean): 0.9534 | Acc (poison): 0.9974 | Val Acc: 0.9052 | Time: 00:00:08
Epoch 061 | Seed 2001 | Rate 1.00 | Train Loss: 0.0217 | Val Loss: 0.4510 | Acc (clean): 0.9534 | Acc (poison): 0.9973 | Val Acc: 0.9015 | Time: 00:00:08
Epoch 062 | Seed 2001 | Rate 1.00 | Train Loss: 0.0201 | Val Loss: 0.4569 | Acc (clean): 0.9536 | Acc (poison): 0.9979 | Val Acc: 0.9011 | Time: 00:00:08
Epoch 063 | Seed 2001 | Rate 1.00 | Train Loss: 0.0189 | Val Loss: 0.4649 | Acc (clean): 0.9542 | Acc (poison): 0.9985 | Val Acc: 0.9015 | Time: 00:00:08
Epoch 064 | Seed 2001 | Rate 1.00 | Train Loss: 0.0176 | Val Loss: 0.4622 | Acc (clean): 0.9539 | Acc (poison): 0.9982 | Val Acc: 0.8996 | Time: 00:00:08
Epoch 065 | Seed 2001 | Rate 1.00 | Train Loss: 0.0171 | Val Loss: 0.4685 | Acc (clean): 0.9539 | Acc (poison): 0.9982 | Val Acc: 0.9004 | Time: 00:00:08
Epoch 066 | Seed 2001 | Rate 1.00 | Train Loss: 0.0167 | Val Loss: 0.4725 | Acc (clean): 0.9543 | Acc (poison): 0.9987 | Val Acc: 0.9030 | Time: 00:00:08
Epoch 067 | Seed 2001 | Rate 1.00 | Train Loss: 0.0156 | Val Loss: 0.4822 | Acc (clean): 0.9541 | Acc (poison): 0.9984 | Val Acc: 0.9019 | Time: 00:00:08
Epoch 068 | Seed 2001 | Rate 1.00 | Train Loss: 0.0157 | Val Loss: 0.4688 | Acc (clean): 0.9542 | Acc (poison): 0.9986 | Val Acc: 0.9052 | Time: 00:00:08
Epoch 069 | Seed 2001 | Rate 1.00 | Train Loss: 0.0157 | Val Loss: 0.4695 | Acc (clean): 0.9542 | Acc (poison): 0.9985 | Val Acc: 0.9030 | Time: 00:00:08
Epoch 070 | Seed 2001 | Rate 1.00 | Train Loss: 0.0149 | Val Loss: 0.4743 | Acc (clean): 0.9542 | Acc (poison): 0.9986 | Val Acc: 0.9044 | Time: 00:00:08
Epoch 071 | Seed 2001 | Rate 1.00 | Train Loss: 0.0140 | Val Loss: 0.4752 | Acc (clean): 0.9547 | Acc (poison): 0.9990 | Val Acc: 0.9044 | Time: 00:00:08
Epoch 072 | Seed 2001 | Rate 1.00 | Train Loss: 0.0131 | Val Loss: 0.4746 | Acc (clean): 0.9545 | Acc (poison): 0.9990 | Val Acc: 0.9048 | Time: 00:00:08
Epoch 073 | Seed 2001 | Rate 1.00 | Train Loss: 0.0138 | Val Loss: 0.4759 | Acc (clean): 0.9544 | Acc (poison): 0.9988 | Val Acc: 0.9052 | Time: 00:00:08
Epoch 074 | Seed 2001 | Rate 1.00 | Train Loss: 0.0130 | Val Loss: 0.4748 | Acc (clean): 0.9544 | Acc (poison): 0.9989 | Val Acc: 0.9048 | Time: 00:00:08
Epoch 075 | Seed 2001 | Rate 1.00 | Train Loss: 0.0136 | Val Loss: 0.4727 | Acc (clean): 0.9547 | Acc (poison): 0.9991 | Val Acc: 0.9037 | Time: 00:00:08
Epoch 076 | Seed 2001 | Rate 1.00 | Train Loss: 0.0125 | Val Loss: 0.4772 | Acc (clean): 0.9546 | Acc (poison): 0.9990 | Val Acc: 0.9048 | Time: 00:00:08
Epoch 077 | Seed 2001 | Rate 1.00 | Train Loss: 0.0119 | Val Loss: 0.4783 | Acc (clean): 0.9548 | Acc (poison): 0.9992 | Val Acc: 0.9041 | Time: 00:00:08
Epoch 078 | Seed 2001 | Rate 1.00 | Train Loss: 0.0115 | Val Loss: 0.4772 | Acc (clean): 0.9551 | Acc (poison): 0.9995 | Val Acc: 0.9037 | Time: 00:00:08
Epoch 079 | Seed 2001 | Rate 1.00 | Train Loss: 0.0115 | Val Loss: 0.4766 | Acc (clean): 0.9550 | Acc (poison): 0.9995 | Val Acc: 0.9030 | Time: 00:00:08
Epoch 080 | Seed 2001 | Rate 1.00 | Train Loss: 0.0109 | Val Loss: 0.4753 | Acc (clean): 0.9551 | Acc (poison): 0.9996 | Val Acc: 0.9037 | Time: 00:00:08
Epoch 081 | Seed 2001 | Rate 1.00 | Train Loss: 0.0113 | Val Loss: 0.4807 | Acc (clean): 0.9549 | Acc (poison): 0.9993 | Val Acc: 0.9052 | Time: 00:00:08
Epoch 082 | Seed 2001 | Rate 1.00 | Train Loss: 0.0113 | Val Loss: 0.4734 | Acc (clean): 0.9550 | Acc (poison): 0.9993 | Val Acc: 0.9063 | Time: 00:00:08
Epoch 083 | Seed 2001 | Rate 1.00 | Train Loss: 0.0107 | Val Loss: 0.4755 | Acc (clean): 0.9553 | Acc (poison): 0.9996 | Val Acc: 0.9044 | Time: 00:00:08
Epoch 084 | Seed 2001 | Rate 1.00 | Train Loss: 0.0108 | Val Loss: 0.4723 | Acc (clean): 0.9554 | Acc (poison): 0.9997 | Val Acc: 0.9044 | Time: 00:00:08
Epoch 085 | Seed 2001 | Rate 1.00 | Train Loss: 0.0108 | Val Loss: 0.4790 | Acc (clean): 0.9551 | Acc (poison): 0.9996 | Val Acc: 0.9037 | Time: 00:00:08
Epoch 086 | Seed 2001 | Rate 1.00 | Train Loss: 0.0108 | Val Loss: 0.4808 | Acc (clean): 0.9551 | Acc (poison): 0.9995 | Val Acc: 0.9033 | Time: 00:00:08
Epoch 087 | Seed 2001 | Rate 1.00 | Train Loss: 0.0109 | Val Loss: 0.4760 | Acc (clean): 0.9550 | Acc (poison): 0.9994 | Val Acc: 0.9037 | Time: 00:00:08
Epoch 088 | Seed 2001 | Rate 1.00 | Train Loss: 0.0105 | Val Loss: 0.4740 | Acc (clean): 0.9550 | Acc (poison): 0.9994 | Val Acc: 0.9052 | Time: 00:00:08
Epoch 089 | Seed 2001 | Rate 1.00 | Train Loss: 0.0103 | Val Loss: 0.4746 | Acc (clean): 0.9554 | Acc (poison): 0.9998 | Val Acc: 0.9052 | Time: 00:00:08
Epoch 090 | Seed 2001 | Rate 1.00 | Train Loss: 0.0107 | Val Loss: 0.4751 | Acc (clean): 0.9550 | Acc (poison): 0.9995 | Val Acc: 0.9044 | Time: 00:00:08
Epoch 091 | Seed 2001 | Rate 1.00 | Train Loss: 0.0106 | Val Loss: 0.4731 | Acc (clean): 0.9550 | Acc (poison): 0.9994 | Val Acc: 0.9059 | Time: 00:00:08
Epoch 092 | Seed 2001 | Rate 1.00 | Train Loss: 0.0109 | Val Loss: 0.4750 | Acc (clean): 0.9549 | Acc (poison): 0.9994 | Val Acc: 0.9030 | Time: 00:00:08
Epoch 093 | Seed 2001 | Rate 1.00 | Train Loss: 0.0107 | Val Loss: 0.4713 | Acc (clean): 0.9549 | Acc (poison): 0.9993 | Val Acc: 0.9048 | Time: 00:00:08
Epoch 094 | Seed 2001 | Rate 1.00 | Train Loss: 0.0105 | Val Loss: 0.4744 | Acc (clean): 0.9550 | Acc (poison): 0.9994 | Val Acc: 0.9044 | Time: 00:00:08
Epoch 095 | Seed 2001 | Rate 1.00 | Train Loss: 0.0104 | Val Loss: 0.4734 | Acc (clean): 0.9550 | Acc (poison): 0.9995 | Val Acc: 0.9044 | Time: 00:00:08
Epoch 096 | Seed 2001 | Rate 1.00 | Train Loss: 0.0101 | Val Loss: 0.4760 | Acc (clean): 0.9553 | Acc (poison): 0.9996 | Val Acc: 0.9059 | Time: 00:00:08
Epoch 097 | Seed 2001 | Rate 1.00 | Train Loss: 0.0100 | Val Loss: 0.4723 | Acc (clean): 0.9553 | Acc (poison): 0.9998 | Val Acc: 0.9070 | Time: 00:00:08
Epoch 098 | Seed 2001 | Rate 1.00 | Train Loss: 0.0103 | Val Loss: 0.4699 | Acc (clean): 0.9552 | Acc (poison): 0.9997 | Val Acc: 0.9037 | Time: 00:00:08
Epoch 099 | Seed 2001 | Rate 1.00 | Train Loss: 0.0107 | Val Loss: 0.4801 | Acc (clean): 0.9549 | Acc (poison): 0.9993 | Val Acc: 0.9037 | Time: 00:00:09
Epoch 100 | Seed 2001 | Rate 1.00 | Train Loss: 0.0100 | Val Loss: 0.4743 | Acc (clean): 0.9551 | Acc (poison): 0.9996 | Val Acc: 0.9044 | Time: 00:00:08
Loading train data from /home/yazanme/BachelorThesis/BachelorThesis/data/processed/resisc45/train.h5... (in_memory=True, workers=6)
Testing torch.compile support...
Successfully compiled model using torch.compile.
Epoch 001 | Seed 2026 | Rate 0.00 | Train Loss: 2.8259 | Val Loss: 2.1682 | Acc (clean): 0.2532 | Acc (poison): 0.2532 | Val Acc: 0.3544 | Time: 00:00:10
Epoch 002 | Seed 2026 | Rate 0.00 | Train Loss: 1.8971 | Val Loss: 1.8165 | Acc (clean): 0.4441 | Acc (poison): 0.4441 | Val Acc: 0.4604 | Time: 00:00:10
Epoch 003 | Seed 2026 | Rate 0.00 | Train Loss: 1.5043 | Val Loss: 1.8506 | Acc (clean): 0.5516 | Acc (poison): 0.5516 | Val Acc: 0.4911 | Time: 00:00:08
Epoch 004 | Seed 2026 | Rate 0.00 | Train Loss: 1.2585 | Val Loss: 1.3799 | Acc (clean): 0.6200 | Acc (poison): 0.6200 | Val Acc: 0.5778 | Time: 00:00:08
Epoch 005 | Seed 2026 | Rate 0.00 | Train Loss: 1.0627 | Val Loss: 1.3361 | Acc (clean): 0.6746 | Acc (poison): 0.6746 | Val Acc: 0.6037 | Time: 00:00:09
Epoch 006 | Seed 2026 | Rate 0.00 | Train Loss: 0.9297 | Val Loss: 1.4217 | Acc (clean): 0.7167 | Acc (poison): 0.7167 | Val Acc: 0.5819 | Time: 00:00:08
Epoch 007 | Seed 2026 | Rate 0.00 | Train Loss: 0.7868 | Val Loss: 0.9372 | Acc (clean): 0.7545 | Acc (poison): 0.7545 | Val Acc: 0.7119 | Time: 00:00:09
Epoch 008 | Seed 2026 | Rate 0.00 | Train Loss: 0.6902 | Val Loss: 1.1958 | Acc (clean): 0.7861 | Acc (poison): 0.7861 | Val Acc: 0.6574 | Time: 00:00:08
Epoch 009 | Seed 2026 | Rate 0.00 | Train Loss: 0.6151 | Val Loss: 0.8472 | Acc (clean): 0.8081 | Acc (poison): 0.8081 | Val Acc: 0.7422 | Time: 00:00:09
Epoch 010 | Seed 2026 | Rate 0.00 | Train Loss: 0.5537 | Val Loss: 0.8843 | Acc (clean): 0.8263 | Acc (poison): 0.8263 | Val Acc: 0.7274 | Time: 00:00:08
Epoch 011 | Seed 2026 | Rate 0.00 | Train Loss: 0.5165 | Val Loss: 0.7723 | Acc (clean): 0.8352 | Acc (poison): 0.8352 | Val Acc: 0.7641 | Time: 00:00:10
Epoch 012 | Seed 2026 | Rate 0.00 | Train Loss: 0.4694 | Val Loss: 0.6389 | Acc (clean): 0.8506 | Acc (poison): 0.8506 | Val Acc: 0.7978 | Time: 00:00:09
Epoch 013 | Seed 2026 | Rate 0.00 | Train Loss: 0.4395 | Val Loss: 0.6304 | Acc (clean): 0.8593 | Acc (poison): 0.8593 | Val Acc: 0.7922 | Time: 00:00:10
Epoch 014 | Seed 2026 | Rate 0.00 | Train Loss: 0.4339 | Val Loss: 0.7139 | Acc (clean): 0.8609 | Acc (poison): 0.8609 | Val Acc: 0.7885 | Time: 00:00:08
Epoch 015 | Seed 2026 | Rate 0.00 | Train Loss: 0.3952 | Val Loss: 0.6836 | Acc (clean): 0.8739 | Acc (poison): 0.8739 | Val Acc: 0.8019 | Time: 00:00:08
Epoch 016 | Seed 2026 | Rate 0.00 | Train Loss: 0.3868 | Val Loss: 0.7452 | Acc (clean): 0.8760 | Acc (poison): 0.8760 | Val Acc: 0.7767 | Time: 00:00:08
Epoch 017 | Seed 2026 | Rate 0.00 | Train Loss: 0.3707 | Val Loss: 0.6397 | Acc (clean): 0.8839 | Acc (poison): 0.8839 | Val Acc: 0.8041 | Time: 00:00:08
Epoch 018 | Seed 2026 | Rate 0.00 | Train Loss: 0.3718 | Val Loss: 0.7390 | Acc (clean): 0.8812 | Acc (poison): 0.8812 | Val Acc: 0.7826 | Time: 00:00:08
Epoch 019 | Seed 2026 | Rate 0.00 | Train Loss: 0.3521 | Val Loss: 0.7454 | Acc (clean): 0.8879 | Acc (poison): 0.8879 | Val Acc: 0.7837 | Time: 00:00:08
Epoch 020 | Seed 2026 | Rate 0.00 | Train Loss: 0.3490 | Val Loss: 0.7322 | Acc (clean): 0.8909 | Acc (poison): 0.8909 | Val Acc: 0.7930 | Time: 00:00:08
Epoch 021 | Seed 2026 | Rate 0.00 | Train Loss: 0.3341 | Val Loss: 0.6481 | Acc (clean): 0.8930 | Acc (poison): 0.8930 | Val Acc: 0.8015 | Time: 00:00:08
Epoch 022 | Seed 2026 | Rate 0.00 | Train Loss: 0.3262 | Val Loss: 0.7805 | Acc (clean): 0.8944 | Acc (poison): 0.8944 | Val Acc: 0.7781 | Time: 00:00:08
Epoch 023 | Seed 2026 | Rate 0.00 | Train Loss: 0.3178 | Val Loss: 0.6792 | Acc (clean): 0.8980 | Acc (poison): 0.8980 | Val Acc: 0.7919 | Time: 00:00:08
Epoch 024 | Seed 2026 | Rate 0.00 | Train Loss: 0.3053 | Val Loss: 0.8177 | Acc (clean): 0.9023 | Acc (poison): 0.9023 | Val Acc: 0.7585 | Time: 00:00:08
Epoch 025 | Seed 2026 | Rate 0.00 | Train Loss: 0.2993 | Val Loss: 0.9611 | Acc (clean): 0.9040 | Acc (poison): 0.9040 | Val Acc: 0.7389 | Time: 00:00:08
Epoch 026 | Seed 2026 | Rate 0.00 | Train Loss: 0.3035 | Val Loss: 0.7496 | Acc (clean): 0.9028 | Acc (poison): 0.9028 | Val Acc: 0.7878 | Time: 00:00:08
Epoch 027 | Seed 2026 | Rate 0.00 | Train Loss: 0.2908 | Val Loss: 0.6177 | Acc (clean): 0.9086 | Acc (poison): 0.9086 | Val Acc: 0.8119 | Time: 00:00:10
Epoch 028 | Seed 2026 | Rate 0.00 | Train Loss: 0.2832 | Val Loss: 0.6895 | Acc (clean): 0.9092 | Acc (poison): 0.9092 | Val Acc: 0.7985 | Time: 00:00:08
Epoch 029 | Seed 2026 | Rate 0.00 | Train Loss: 0.2829 | Val Loss: 0.6266 | Acc (clean): 0.9100 | Acc (poison): 0.9100 | Val Acc: 0.8156 | Time: 00:00:08
Epoch 030 | Seed 2026 | Rate 0.00 | Train Loss: 0.2794 | Val Loss: 0.7276 | Acc (clean): 0.9112 | Acc (poison): 0.9112 | Val Acc: 0.7970 | Time: 00:00:08
Epoch 031 | Seed 2026 | Rate 0.00 | Train Loss: 0.2738 | Val Loss: 1.0822 | Acc (clean): 0.9136 | Acc (poison): 0.9136 | Val Acc: 0.7281 | Time: 00:00:08
Epoch 032 | Seed 2026 | Rate 0.00 | Train Loss: 0.2749 | Val Loss: 0.7508 | Acc (clean): 0.9128 | Acc (poison): 0.9128 | Val Acc: 0.7944 | Time: 00:00:08
Epoch 033 | Seed 2026 | Rate 0.00 | Train Loss: 0.2787 | Val Loss: 0.7281 | Acc (clean): 0.9111 | Acc (poison): 0.9111 | Val Acc: 0.7848 | Time: 00:00:08
Epoch 034 | Seed 2026 | Rate 0.00 | Train Loss: 0.2642 | Val Loss: 0.7418 | Acc (clean): 0.9159 | Acc (poison): 0.9159 | Val Acc: 0.7996 | Time: 00:00:08
Epoch 035 | Seed 2026 | Rate 0.00 | Train Loss: 0.2610 | Val Loss: 0.5271 | Acc (clean): 0.9157 | Acc (poison): 0.9157 | Val Acc: 0.8356 | Time: 00:00:10
Epoch 036 | Seed 2026 | Rate 0.00 | Train Loss: 0.2572 | Val Loss: 0.5664 | Acc (clean): 0.9183 | Acc (poison): 0.9183 | Val Acc: 0.8293 | Time: 00:00:08
Epoch 037 | Seed 2026 | Rate 0.00 | Train Loss: 0.2584 | Val Loss: 0.7019 | Acc (clean): 0.9173 | Acc (poison): 0.9173 | Val Acc: 0.7885 | Time: 00:00:08
Epoch 038 | Seed 2026 | Rate 0.00 | Train Loss: 0.2464 | Val Loss: 0.6569 | Acc (clean): 0.9203 | Acc (poison): 0.9203 | Val Acc: 0.8096 | Time: 00:00:08
Epoch 039 | Seed 2026 | Rate 0.00 | Train Loss: 0.2558 | Val Loss: 0.6512 | Acc (clean): 0.9207 | Acc (poison): 0.9207 | Val Acc: 0.8107 | Time: 00:00:08
Epoch 040 | Seed 2026 | Rate 0.00 | Train Loss: 0.2500 | Val Loss: 0.6309 | Acc (clean): 0.9222 | Acc (poison): 0.9222 | Val Acc: 0.8222 | Time: 00:00:08
Epoch 041 | Seed 2026 | Rate 0.00 | Train Loss: 0.2497 | Val Loss: 0.7289 | Acc (clean): 0.9205 | Acc (poison): 0.9205 | Val Acc: 0.7796 | Time: 00:00:08
Epoch 042 | Seed 2026 | Rate 0.00 | Train Loss: 0.2540 | Val Loss: 0.6120 | Acc (clean): 0.9194 | Acc (poison): 0.9194 | Val Acc: 0.8215 | Time: 00:00:08
Epoch 043 | Seed 2026 | Rate 0.00 | Train Loss: 0.2546 | Val Loss: 0.5061 | Acc (clean): 0.9183 | Acc (poison): 0.9183 | Val Acc: 0.8463 | Time: 00:00:09
Epoch 044 | Seed 2026 | Rate 0.00 | Train Loss: 0.2367 | Val Loss: 0.8044 | Acc (clean): 0.9261 | Acc (poison): 0.9261 | Val Acc: 0.7693 | Time: 00:00:08
Epoch 045 | Seed 2026 | Rate 0.00 | Train Loss: 0.2497 | Val Loss: 0.5911 | Acc (clean): 0.9181 | Acc (poison): 0.9181 | Val Acc: 0.8263 | Time: 00:00:08
Epoch 046 | Seed 2026 | Rate 0.00 | Train Loss: 0.2323 | Val Loss: 0.5605 | Acc (clean): 0.9271 | Acc (poison): 0.9271 | Val Acc: 0.8333 | Time: 00:00:08
Epoch 047 | Seed 2026 | Rate 0.00 | Train Loss: 0.2448 | Val Loss: 0.6203 | Acc (clean): 0.9233 | Acc (poison): 0.9233 | Val Acc: 0.8274 | Time: 00:00:08
Epoch 048 | Seed 2026 | Rate 0.00 | Train Loss: 0.2369 | Val Loss: 0.8587 | Acc (clean): 0.9245 | Acc (poison): 0.9245 | Val Acc: 0.7611 | Time: 00:00:08
Epoch 049 | Seed 2026 | Rate 0.00 | Train Loss: 0.2317 | Val Loss: 0.6814 | Acc (clean): 0.9265 | Acc (poison): 0.9265 | Val Acc: 0.8070 | Time: 00:00:08
Epoch 050 | Seed 2026 | Rate 0.00 | Train Loss: 0.2335 | Val Loss: 0.7188 | Acc (clean): 0.9261 | Acc (poison): 0.9261 | Val Acc: 0.7981 | Time: 00:00:08
Epoch 051 | Seed 2026 | Rate 0.00 | Train Loss: 0.0973 | Val Loss: 0.2480 | Acc (clean): 0.9735 | Acc (poison): 0.9735 | Val Acc: 0.9248 | Time: 00:00:09
Epoch 052 | Seed 2026 | Rate 0.00 | Train Loss: 0.0544 | Val Loss: 0.2322 | Acc (clean): 0.9869 | Acc (poison): 0.9869 | Val Acc: 0.9322 | Time: 00:00:10
Epoch 053 | Seed 2026 | Rate 0.00 | Train Loss: 0.0440 | Val Loss: 0.2246 | Acc (clean): 0.9910 | Acc (poison): 0.9910 | Val Acc: 0.9333 | Time: 00:00:09
Epoch 054 | Seed 2026 | Rate 0.00 | Train Loss: 0.0371 | Val Loss: 0.2278 | Acc (clean): 0.9926 | Acc (poison): 0.9926 | Val Acc: 0.9307 | Time: 00:00:08
Epoch 055 | Seed 2026 | Rate 0.00 | Train Loss: 0.0313 | Val Loss: 0.2209 | Acc (clean): 0.9949 | Acc (poison): 0.9949 | Val Acc: 0.9319 | Time: 00:00:09
Epoch 056 | Seed 2026 | Rate 0.00 | Train Loss: 0.0303 | Val Loss: 0.2289 | Acc (clean): 0.9942 | Acc (poison): 0.9942 | Val Acc: 0.9315 | Time: 00:00:08
Epoch 057 | Seed 2026 | Rate 0.00 | Train Loss: 0.0272 | Val Loss: 0.2251 | Acc (clean): 0.9951 | Acc (poison): 0.9951 | Val Acc: 0.9315 | Time: 00:00:08
Epoch 058 | Seed 2026 | Rate 0.00 | Train Loss: 0.0238 | Val Loss: 0.2172 | Acc (clean): 0.9967 | Acc (poison): 0.9967 | Val Acc: 0.9359 | Time: 00:00:09
Epoch 059 | Seed 2026 | Rate 0.00 | Train Loss: 0.0241 | Val Loss: 0.2164 | Acc (clean): 0.9966 | Acc (poison): 0.9966 | Val Acc: 0.9326 | Time: 00:00:09
Epoch 060 | Seed 2026 | Rate 0.00 | Train Loss: 0.0211 | Val Loss: 0.2170 | Acc (clean): 0.9978 | Acc (poison): 0.9978 | Val Acc: 0.9370 | Time: 00:00:08
Epoch 061 | Seed 2026 | Rate 0.00 | Train Loss: 0.0205 | Val Loss: 0.2186 | Acc (clean): 0.9976 | Acc (poison): 0.9976 | Val Acc: 0.9315 | Time: 00:00:08
Epoch 062 | Seed 2026 | Rate 0.00 | Train Loss: 0.0194 | Val Loss: 0.2206 | Acc (clean): 0.9978 | Acc (poison): 0.9978 | Val Acc: 0.9304 | Time: 00:00:08
Epoch 063 | Seed 2026 | Rate 0.00 | Train Loss: 0.0191 | Val Loss: 0.2126 | Acc (clean): 0.9978 | Acc (poison): 0.9978 | Val Acc: 0.9367 | Time: 00:00:09
Epoch 064 | Seed 2026 | Rate 0.00 | Train Loss: 0.0174 | Val Loss: 0.2108 | Acc (clean): 0.9982 | Acc (poison): 0.9982 | Val Acc: 0.9378 | Time: 00:00:09
Epoch 065 | Seed 2026 | Rate 0.00 | Train Loss: 0.0167 | Val Loss: 0.2225 | Acc (clean): 0.9985 | Acc (poison): 0.9985 | Val Acc: 0.9296 | Time: 00:00:08
Epoch 066 | Seed 2026 | Rate 0.00 | Train Loss: 0.0161 | Val Loss: 0.2159 | Acc (clean): 0.9986 | Acc (poison): 0.9986 | Val Acc: 0.9356 | Time: 00:00:08
Epoch 067 | Seed 2026 | Rate 0.00 | Train Loss: 0.0179 | Val Loss: 0.2128 | Acc (clean): 0.9979 | Acc (poison): 0.9979 | Val Acc: 0.9370 | Time: 00:00:08
Epoch 068 | Seed 2026 | Rate 0.00 | Train Loss: 0.0157 | Val Loss: 0.2188 | Acc (clean): 0.9986 | Acc (poison): 0.9986 | Val Acc: 0.9337 | Time: 00:00:08
Epoch 069 | Seed 2026 | Rate 0.00 | Train Loss: 0.0144 | Val Loss: 0.2104 | Acc (clean): 0.9989 | Acc (poison): 0.9989 | Val Acc: 0.9367 | Time: 00:00:09
Epoch 070 | Seed 2026 | Rate 0.00 | Train Loss: 0.0142 | Val Loss: 0.2104 | Acc (clean): 0.9994 | Acc (poison): 0.9994 | Val Acc: 0.9352 | Time: 00:00:08
Epoch 071 | Seed 2026 | Rate 0.00 | Train Loss: 0.0143 | Val Loss: 0.2161 | Acc (clean): 0.9986 | Acc (poison): 0.9986 | Val Acc: 0.9381 | Time: 00:00:08
Epoch 072 | Seed 2026 | Rate 0.00 | Train Loss: 0.0141 | Val Loss: 0.2165 | Acc (clean): 0.9988 | Acc (poison): 0.9988 | Val Acc: 0.9356 | Time: 00:00:08
Epoch 073 | Seed 2026 | Rate 0.00 | Train Loss: 0.0133 | Val Loss: 0.2147 | Acc (clean): 0.9991 | Acc (poison): 0.9991 | Val Acc: 0.9363 | Time: 00:00:08
Epoch 074 | Seed 2026 | Rate 0.00 | Train Loss: 0.0128 | Val Loss: 0.2145 | Acc (clean): 0.9993 | Acc (poison): 0.9993 | Val Acc: 0.9359 | Time: 00:00:08
Epoch 075 | Seed 2026 | Rate 0.00 | Train Loss: 0.0120 | Val Loss: 0.2217 | Acc (clean): 0.9995 | Acc (poison): 0.9995 | Val Acc: 0.9341 | Time: 00:00:08
Epoch 076 | Seed 2026 | Rate 0.00 | Train Loss: 0.0117 | Val Loss: 0.2166 | Acc (clean): 0.9993 | Acc (poison): 0.9993 | Val Acc: 0.9356 | Time: 00:00:08
Epoch 077 | Seed 2026 | Rate 0.00 | Train Loss: 0.0117 | Val Loss: 0.2125 | Acc (clean): 0.9993 | Acc (poison): 0.9993 | Val Acc: 0.9367 | Time: 00:00:08
Epoch 078 | Seed 2026 | Rate 0.00 | Train Loss: 0.0117 | Val Loss: 0.2144 | Acc (clean): 0.9993 | Acc (poison): 0.9993 | Val Acc: 0.9348 | Time: 00:00:08
Epoch 079 | Seed 2026 | Rate 0.00 | Train Loss: 0.0105 | Val Loss: 0.2192 | Acc (clean): 0.9997 | Acc (poison): 0.9997 | Val Acc: 0.9348 | Time: 00:00:08
Epoch 080 | Seed 2026 | Rate 0.00 | Train Loss: 0.0111 | Val Loss: 0.2176 | Acc (clean): 0.9996 | Acc (poison): 0.9996 | Val Acc: 0.9348 | Time: 00:00:08
Epoch 081 | Seed 2026 | Rate 0.00 | Train Loss: 0.0107 | Val Loss: 0.2145 | Acc (clean): 0.9995 | Acc (poison): 0.9995 | Val Acc: 0.9359 | Time: 00:00:08
Epoch 082 | Seed 2026 | Rate 0.00 | Train Loss: 0.0114 | Val Loss: 0.2147 | Acc (clean): 0.9995 | Acc (poison): 0.9995 | Val Acc: 0.9359 | Time: 00:00:08
Epoch 083 | Seed 2026 | Rate 0.00 | Train Loss: 0.0112 | Val Loss: 0.2125 | Acc (clean): 0.9993 | Acc (poison): 0.9993 | Val Acc: 0.9370 | Time: 00:00:08
Epoch 084 | Seed 2026 | Rate 0.00 | Train Loss: 0.0107 | Val Loss: 0.2125 | Acc (clean): 0.9996 | Acc (poison): 0.9996 | Val Acc: 0.9356 | Time: 00:00:08
Epoch 085 | Seed 2026 | Rate 0.00 | Train Loss: 0.0104 | Val Loss: 0.2169 | Acc (clean): 0.9996 | Acc (poison): 0.9996 | Val Acc: 0.9367 | Time: 00:00:08
Epoch 086 | Seed 2026 | Rate 0.00 | Train Loss: 0.0111 | Val Loss: 0.2126 | Acc (clean): 0.9994 | Acc (poison): 0.9994 | Val Acc: 0.9374 | Time: 00:00:08
Epoch 087 | Seed 2026 | Rate 0.00 | Train Loss: 0.0107 | Val Loss: 0.2141 | Acc (clean): 0.9995 | Acc (poison): 0.9995 | Val Acc: 0.9348 | Time: 00:00:08
Epoch 088 | Seed 2026 | Rate 0.00 | Train Loss: 0.0110 | Val Loss: 0.2108 | Acc (clean): 0.9993 | Acc (poison): 0.9993 | Val Acc: 0.9348 | Time: 00:00:08
Epoch 089 | Seed 2026 | Rate 0.00 | Train Loss: 0.0106 | Val Loss: 0.2090 | Acc (clean): 0.9995 | Acc (poison): 0.9995 | Val Acc: 0.9359 | Time: 00:00:10
Epoch 090 | Seed 2026 | Rate 0.00 | Train Loss: 0.0103 | Val Loss: 0.2129 | Acc (clean): 0.9998 | Acc (poison): 0.9998 | Val Acc: 0.9359 | Time: 00:00:08
Epoch 091 | Seed 2026 | Rate 0.00 | Train Loss: 0.0105 | Val Loss: 0.2115 | Acc (clean): 0.9997 | Acc (poison): 0.9997 | Val Acc: 0.9385 | Time: 00:00:08
Epoch 092 | Seed 2026 | Rate 0.00 | Train Loss: 0.0105 | Val Loss: 0.2134 | Acc (clean): 0.9992 | Acc (poison): 0.9992 | Val Acc: 0.9352 | Time: 00:00:08
Epoch 093 | Seed 2026 | Rate 0.00 | Train Loss: 0.0106 | Val Loss: 0.2137 | Acc (clean): 0.9995 | Acc (poison): 0.9995 | Val Acc: 0.9367 | Time: 00:00:08
Epoch 094 | Seed 2026 | Rate 0.00 | Train Loss: 0.0103 | Val Loss: 0.2138 | Acc (clean): 0.9996 | Acc (poison): 0.9996 | Val Acc: 0.9363 | Time: 00:00:08
Epoch 095 | Seed 2026 | Rate 0.00 | Train Loss: 0.0104 | Val Loss: 0.2120 | Acc (clean): 0.9995 | Acc (poison): 0.9995 | Val Acc: 0.9359 | Time: 00:00:08
Epoch 096 | Seed 2026 | Rate 0.00 | Train Loss: 0.0101 | Val Loss: 0.2156 | Acc (clean): 0.9996 | Acc (poison): 0.9996 | Val Acc: 0.9356 | Time: 00:00:08
Epoch 097 | Seed 2026 | Rate 0.00 | Train Loss: 0.0110 | Val Loss: 0.2119 | Acc (clean): 0.9992 | Acc (poison): 0.9992 | Val Acc: 0.9356 | Time: 00:00:08
Epoch 098 | Seed 2026 | Rate 0.00 | Train Loss: 0.0101 | Val Loss: 0.2084 | Acc (clean): 0.9997 | Acc (poison): 0.9997 | Val Acc: 0.9374 | Time: 00:00:09
Epoch 099 | Seed 2026 | Rate 0.00 | Train Loss: 0.0100 | Val Loss: 0.2125 | Acc (clean): 0.9998 | Acc (poison): 0.9998 | Val Acc: 0.9370 | Time: 00:00:08
Epoch 100 | Seed 2026 | Rate 0.00 | Train Loss: 0.0106 | Val Loss: 0.2151 | Acc (clean): 0.9995 | Acc (poison): 0.9995 | Val Acc: 0.9359 | Time: 00:00:08
Loading train data from /home/yazanme/BachelorThesis/BachelorThesis/data/processed/resisc45/train.h5 with mapping /home/yazanme/BachelorThesis/BachelorThesis/data/processed/resisc45/poisoned/RQ2.2-sim/seed_2026/labels_0.05.pt... (in_memory=True, workers=6)
Testing torch.compile support...
Successfully compiled model using torch.compile.
Epoch 001 | Seed 2026 | Rate 0.05 | Train Loss: 2.8201 | Val Loss: 2.2184 | Acc (clean): 0.2521 | Acc (poison): 0.2519 | Val Acc: 0.3448 | Time: 00:00:09
Epoch 002 | Seed 2026 | Rate 0.05 | Train Loss: 1.9040 | Val Loss: 1.7450 | Acc (clean): 0.4451 | Acc (poison): 0.4447 | Val Acc: 0.4756 | Time: 00:00:08
Epoch 003 | Seed 2026 | Rate 0.05 | Train Loss: 1.5111 | Val Loss: 1.7274 | Acc (clean): 0.5515 | Acc (poison): 0.5514 | Val Acc: 0.5063 | Time: 00:00:08
Epoch 004 | Seed 2026 | Rate 0.05 | Train Loss: 1.2772 | Val Loss: 1.3281 | Acc (clean): 0.6169 | Acc (poison): 0.6165 | Val Acc: 0.5959 | Time: 00:00:08
Epoch 005 | Seed 2026 | Rate 0.05 | Train Loss: 1.0969 | Val Loss: 1.1882 | Acc (clean): 0.6664 | Acc (poison): 0.6658 | Val Acc: 0.6389 | Time: 00:00:09
Epoch 006 | Seed 2026 | Rate 0.05 | Train Loss: 0.9578 | Val Loss: 1.3823 | Acc (clean): 0.7063 | Acc (poison): 0.7060 | Val Acc: 0.5944 | Time: 00:00:08
Epoch 007 | Seed 2026 | Rate 0.05 | Train Loss: 0.8225 | Val Loss: 0.9564 | Acc (clean): 0.7479 | Acc (poison): 0.7471 | Val Acc: 0.7048 | Time: 00:00:09
Epoch 008 | Seed 2026 | Rate 0.05 | Train Loss: 0.7313 | Val Loss: 1.2610 | Acc (clean): 0.7728 | Acc (poison): 0.7722 | Val Acc: 0.6463 | Time: 00:00:08
Epoch 009 | Seed 2026 | Rate 0.05 | Train Loss: 0.6462 | Val Loss: 0.8706 | Acc (clean): 0.7988 | Acc (poison): 0.7981 | Val Acc: 0.7352 | Time: 00:00:09
Epoch 010 | Seed 2026 | Rate 0.05 | Train Loss: 0.5767 | Val Loss: 0.8825 | Acc (clean): 0.8181 | Acc (poison): 0.8170 | Val Acc: 0.7400 | Time: 00:00:08
Epoch 011 | Seed 2026 | Rate 0.05 | Train Loss: 0.5292 | Val Loss: 0.8389 | Acc (clean): 0.8334 | Acc (poison): 0.8329 | Val Acc: 0.7467 | Time: 00:00:08
Epoch 012 | Seed 2026 | Rate 0.05 | Train Loss: 0.4844 | Val Loss: 0.7129 | Acc (clean): 0.8458 | Acc (poison): 0.8452 | Val Acc: 0.7793 | Time: 00:00:09
Epoch 013 | Seed 2026 | Rate 0.05 | Train Loss: 0.4576 | Val Loss: 0.8040 | Acc (clean): 0.8565 | Acc (poison): 0.8557 | Val Acc: 0.7470 | Time: 00:00:08
Epoch 014 | Seed 2026 | Rate 0.05 | Train Loss: 0.4477 | Val Loss: 0.8664 | Acc (clean): 0.8551 | Acc (poison): 0.8540 | Val Acc: 0.7485 | Time: 00:00:08
Epoch 015 | Seed 2026 | Rate 0.05 | Train Loss: 0.4067 | Val Loss: 0.7725 | Acc (clean): 0.8728 | Acc (poison): 0.8716 | Val Acc: 0.7619 | Time: 00:00:08
Epoch 016 | Seed 2026 | Rate 0.05 | Train Loss: 0.3919 | Val Loss: 0.8179 | Acc (clean): 0.8747 | Acc (poison): 0.8736 | Val Acc: 0.7533 | Time: 00:00:08
Epoch 017 | Seed 2026 | Rate 0.05 | Train Loss: 0.3884 | Val Loss: 0.6368 | Acc (clean): 0.8758 | Acc (poison): 0.8752 | Val Acc: 0.8059 | Time: 00:00:09
Epoch 018 | Seed 2026 | Rate 0.05 | Train Loss: 0.3785 | Val Loss: 0.9508 | Acc (clean): 0.8794 | Acc (poison): 0.8784 | Val Acc: 0.7244 | Time: 00:00:08
Epoch 019 | Seed 2026 | Rate 0.05 | Train Loss: 0.3606 | Val Loss: 0.6495 | Acc (clean): 0.8858 | Acc (poison): 0.8852 | Val Acc: 0.8070 | Time: 00:00:08
Epoch 020 | Seed 2026 | Rate 0.05 | Train Loss: 0.3432 | Val Loss: 0.6943 | Acc (clean): 0.8909 | Acc (poison): 0.8902 | Val Acc: 0.7959 | Time: 00:00:08
Epoch 021 | Seed 2026 | Rate 0.05 | Train Loss: 0.3456 | Val Loss: 0.8108 | Acc (clean): 0.8907 | Acc (poison): 0.8902 | Val Acc: 0.7615 | Time: 00:00:08
Epoch 022 | Seed 2026 | Rate 0.05 | Train Loss: 0.3221 | Val Loss: 0.6835 | Acc (clean): 0.8953 | Acc (poison): 0.8946 | Val Acc: 0.7915 | Time: 00:00:08
Epoch 023 | Seed 2026 | Rate 0.05 | Train Loss: 0.3208 | Val Loss: 0.7218 | Acc (clean): 0.8969 | Acc (poison): 0.8965 | Val Acc: 0.7759 | Time: 00:00:08
Epoch 024 | Seed 2026 | Rate 0.05 | Train Loss: 0.3223 | Val Loss: 0.7923 | Acc (clean): 0.8971 | Acc (poison): 0.8965 | Val Acc: 0.7670 | Time: 00:00:08
Epoch 025 | Seed 2026 | Rate 0.05 | Train Loss: 0.3026 | Val Loss: 0.5566 | Acc (clean): 0.9039 | Acc (poison): 0.9030 | Val Acc: 0.8352 | Time: 00:00:09
Epoch 026 | Seed 2026 | Rate 0.05 | Train Loss: 0.3024 | Val Loss: 0.7901 | Acc (clean): 0.9041 | Acc (poison): 0.9034 | Val Acc: 0.7715 | Time: 00:00:08
Epoch 027 | Seed 2026 | Rate 0.05 | Train Loss: 0.3059 | Val Loss: 0.8536 | Acc (clean): 0.9033 | Acc (poison): 0.9023 | Val Acc: 0.7596 | Time: 00:00:08
Epoch 028 | Seed 2026 | Rate 0.05 | Train Loss: 0.2930 | Val Loss: 0.7312 | Acc (clean): 0.9066 | Acc (poison): 0.9061 | Val Acc: 0.7837 | Time: 00:00:08
Epoch 029 | Seed 2026 | Rate 0.05 | Train Loss: 0.2807 | Val Loss: 0.6445 | Acc (clean): 0.9112 | Acc (poison): 0.9107 | Val Acc: 0.8048 | Time: 00:00:08
Epoch 030 | Seed 2026 | Rate 0.05 | Train Loss: 0.2760 | Val Loss: 0.9442 | Acc (clean): 0.9126 | Acc (poison): 0.9118 | Val Acc: 0.7552 | Time: 00:00:08
Epoch 031 | Seed 2026 | Rate 0.05 | Train Loss: 0.2919 | Val Loss: 0.6904 | Acc (clean): 0.9074 | Acc (poison): 0.9067 | Val Acc: 0.8041 | Time: 00:00:08
Epoch 032 | Seed 2026 | Rate 0.05 | Train Loss: 0.2767 | Val Loss: 0.9016 | Acc (clean): 0.9106 | Acc (poison): 0.9103 | Val Acc: 0.7426 | Time: 00:00:08
Epoch 033 | Seed 2026 | Rate 0.05 | Train Loss: 0.2791 | Val Loss: 0.6068 | Acc (clean): 0.9126 | Acc (poison): 0.9119 | Val Acc: 0.8193 | Time: 00:00:08
Epoch 034 | Seed 2026 | Rate 0.05 | Train Loss: 0.2655 | Val Loss: 0.6814 | Acc (clean): 0.9140 | Acc (poison): 0.9142 | Val Acc: 0.7874 | Time: 00:00:08
Epoch 035 | Seed 2026 | Rate 0.05 | Train Loss: 0.2665 | Val Loss: 0.7924 | Acc (clean): 0.9147 | Acc (poison): 0.9141 | Val Acc: 0.7756 | Time: 00:00:08
Epoch 036 | Seed 2026 | Rate 0.05 | Train Loss: 0.2593 | Val Loss: 0.9391 | Acc (clean): 0.9175 | Acc (poison): 0.9173 | Val Acc: 0.7419 | Time: 00:00:08
Epoch 037 | Seed 2026 | Rate 0.05 | Train Loss: 0.2655 | Val Loss: 0.7014 | Acc (clean): 0.9147 | Acc (poison): 0.9139 | Val Acc: 0.7941 | Time: 00:00:08
Epoch 038 | Seed 2026 | Rate 0.05 | Train Loss: 0.2500 | Val Loss: 0.6798 | Acc (clean): 0.9191 | Acc (poison): 0.9189 | Val Acc: 0.7989 | Time: 00:00:08
Epoch 039 | Seed 2026 | Rate 0.05 | Train Loss: 0.2596 | Val Loss: 0.6578 | Acc (clean): 0.9168 | Acc (poison): 0.9168 | Val Acc: 0.8056 | Time: 00:00:08
Epoch 040 | Seed 2026 | Rate 0.05 | Train Loss: 0.2632 | Val Loss: 0.6488 | Acc (clean): 0.9167 | Acc (poison): 0.9163 | Val Acc: 0.8022 | Time: 00:00:08
Epoch 041 | Seed 2026 | Rate 0.05 | Train Loss: 0.2496 | Val Loss: 0.5562 | Acc (clean): 0.9213 | Acc (poison): 0.9215 | Val Acc: 0.8344 | Time: 00:00:09
Epoch 042 | Seed 2026 | Rate 0.05 | Train Loss: 0.2452 | Val Loss: 0.5831 | Acc (clean): 0.9217 | Acc (poison): 0.9214 | Val Acc: 0.8274 | Time: 00:00:08
Epoch 043 | Seed 2026 | Rate 0.05 | Train Loss: 0.2372 | Val Loss: 0.6215 | Acc (clean): 0.9241 | Acc (poison): 0.9242 | Val Acc: 0.8163 | Time: 00:00:08
Epoch 044 | Seed 2026 | Rate 0.05 | Train Loss: 0.2413 | Val Loss: 0.6466 | Acc (clean): 0.9239 | Acc (poison): 0.9235 | Val Acc: 0.8126 | Time: 00:00:08
Epoch 045 | Seed 2026 | Rate 0.05 | Train Loss: 0.2675 | Val Loss: 1.1324 | Acc (clean): 0.9153 | Acc (poison): 0.9151 | Val Acc: 0.7041 | Time: 00:00:08
Epoch 046 | Seed 2026 | Rate 0.05 | Train Loss: 0.2346 | Val Loss: 0.7544 | Acc (clean): 0.9240 | Acc (poison): 0.9241 | Val Acc: 0.7941 | Time: 00:00:08
Epoch 047 | Seed 2026 | Rate 0.05 | Train Loss: 0.2339 | Val Loss: 0.6833 | Acc (clean): 0.9276 | Acc (poison): 0.9271 | Val Acc: 0.8085 | Time: 00:00:08
Epoch 048 | Seed 2026 | Rate 0.05 | Train Loss: 0.2547 | Val Loss: 0.6657 | Acc (clean): 0.9207 | Acc (poison): 0.9205 | Val Acc: 0.8004 | Time: 00:00:08
Epoch 049 | Seed 2026 | Rate 0.05 | Train Loss: 0.2382 | Val Loss: 0.7619 | Acc (clean): 0.9240 | Acc (poison): 0.9241 | Val Acc: 0.7878 | Time: 00:00:08
Epoch 050 | Seed 2026 | Rate 0.05 | Train Loss: 0.2354 | Val Loss: 0.5814 | Acc (clean): 0.9251 | Acc (poison): 0.9249 | Val Acc: 0.8315 | Time: 00:00:08
Epoch 051 | Seed 2026 | Rate 0.05 | Train Loss: 0.0972 | Val Loss: 0.2581 | Acc (clean): 0.9728 | Acc (poison): 0.9734 | Val Acc: 0.9204 | Time: 00:00:09
Epoch 052 | Seed 2026 | Rate 0.05 | Train Loss: 0.0576 | Val Loss: 0.2493 | Acc (clean): 0.9853 | Acc (poison): 0.9861 | Val Acc: 0.9226 | Time: 00:00:09
Epoch 053 | Seed 2026 | Rate 0.05 | Train Loss: 0.0458 | Val Loss: 0.2351 | Acc (clean): 0.9891 | Acc (poison): 0.9902 | Val Acc: 0.9307 | Time: 00:00:08
Epoch 054 | Seed 2026 | Rate 0.05 | Train Loss: 0.0387 | Val Loss: 0.2365 | Acc (clean): 0.9912 | Acc (poison): 0.9923 | Val Acc: 0.9270 | Time: 00:00:08
Epoch 055 | Seed 2026 | Rate 0.05 | Train Loss: 0.0337 | Val Loss: 0.2393 | Acc (clean): 0.9921 | Acc (poison): 0.9936 | Val Acc: 0.9278 | Time: 00:00:08
Epoch 056 | Seed 2026 | Rate 0.05 | Train Loss: 0.0323 | Val Loss: 0.2477 | Acc (clean): 0.9921 | Acc (poison): 0.9937 | Val Acc: 0.9256 | Time: 00:00:08
Epoch 057 | Seed 2026 | Rate 0.05 | Train Loss: 0.0277 | Val Loss: 0.2369 | Acc (clean): 0.9936 | Acc (poison): 0.9952 | Val Acc: 0.9289 | Time: 00:00:08
Epoch 058 | Seed 2026 | Rate 0.05 | Train Loss: 0.0256 | Val Loss: 0.2288 | Acc (clean): 0.9944 | Acc (poison): 0.9963 | Val Acc: 0.9341 | Time: 00:00:09
Epoch 059 | Seed 2026 | Rate 0.05 | Train Loss: 0.0255 | Val Loss: 0.2305 | Acc (clean): 0.9947 | Acc (poison): 0.9963 | Val Acc: 0.9307 | Time: 00:00:08
Epoch 060 | Seed 2026 | Rate 0.05 | Train Loss: 0.0225 | Val Loss: 0.2316 | Acc (clean): 0.9955 | Acc (poison): 0.9972 | Val Acc: 0.9319 | Time: 00:00:08
Epoch 061 | Seed 2026 | Rate 0.05 | Train Loss: 0.0213 | Val Loss: 0.2310 | Acc (clean): 0.9953 | Acc (poison): 0.9972 | Val Acc: 0.9304 | Time: 00:00:08
Epoch 062 | Seed 2026 | Rate 0.05 | Train Loss: 0.0200 | Val Loss: 0.2289 | Acc (clean): 0.9956 | Acc (poison): 0.9977 | Val Acc: 0.9330 | Time: 00:00:08
Epoch 063 | Seed 2026 | Rate 0.05 | Train Loss: 0.0198 | Val Loss: 0.2271 | Acc (clean): 0.9957 | Acc (poison): 0.9978 | Val Acc: 0.9296 | Time: 00:00:08
Epoch 064 | Seed 2026 | Rate 0.05 | Train Loss: 0.0183 | Val Loss: 0.2265 | Acc (clean): 0.9961 | Acc (poison): 0.9982 | Val Acc: 0.9319 | Time: 00:00:08
Epoch 065 | Seed 2026 | Rate 0.05 | Train Loss: 0.0171 | Val Loss: 0.2298 | Acc (clean): 0.9959 | Acc (poison): 0.9979 | Val Acc: 0.9341 | Time: 00:00:08
Epoch 066 | Seed 2026 | Rate 0.05 | Train Loss: 0.0162 | Val Loss: 0.2256 | Acc (clean): 0.9963 | Acc (poison): 0.9984 | Val Acc: 0.9352 | Time: 00:00:09
Epoch 067 | Seed 2026 | Rate 0.05 | Train Loss: 0.0174 | Val Loss: 0.2200 | Acc (clean): 0.9961 | Acc (poison): 0.9984 | Val Acc: 0.9344 | Time: 00:00:09
Epoch 068 | Seed 2026 | Rate 0.05 | Train Loss: 0.0164 | Val Loss: 0.2233 | Acc (clean): 0.9963 | Acc (poison): 0.9984 | Val Acc: 0.9348 | Time: 00:00:08
Epoch 069 | Seed 2026 | Rate 0.05 | Train Loss: 0.0147 | Val Loss: 0.2248 | Acc (clean): 0.9968 | Acc (poison): 0.9988 | Val Acc: 0.9352 | Time: 00:00:08
Epoch 070 | Seed 2026 | Rate 0.05 | Train Loss: 0.0145 | Val Loss: 0.2189 | Acc (clean): 0.9970 | Acc (poison): 0.9991 | Val Acc: 0.9341 | Time: 00:00:09
Epoch 071 | Seed 2026 | Rate 0.05 | Train Loss: 0.0146 | Val Loss: 0.2216 | Acc (clean): 0.9963 | Acc (poison): 0.9984 | Val Acc: 0.9344 | Time: 00:00:08
Epoch 072 | Seed 2026 | Rate 0.05 | Train Loss: 0.0147 | Val Loss: 0.2222 | Acc (clean): 0.9966 | Acc (poison): 0.9986 | Val Acc: 0.9322 | Time: 00:00:08
Epoch 073 | Seed 2026 | Rate 0.05 | Train Loss: 0.0132 | Val Loss: 0.2189 | Acc (clean): 0.9969 | Acc (poison): 0.9991 | Val Acc: 0.9322 | Time: 00:00:08
Epoch 074 | Seed 2026 | Rate 0.05 | Train Loss: 0.0132 | Val Loss: 0.2202 | Acc (clean): 0.9970 | Acc (poison): 0.9992 | Val Acc: 0.9378 | Time: 00:00:08
Epoch 075 | Seed 2026 | Rate 0.05 | Train Loss: 0.0125 | Val Loss: 0.2245 | Acc (clean): 0.9969 | Acc (poison): 0.9991 | Val Acc: 0.9319 | Time: 00:00:08
Epoch 076 | Seed 2026 | Rate 0.05 | Train Loss: 0.0117 | Val Loss: 0.2202 | Acc (clean): 0.9973 | Acc (poison): 0.9994 | Val Acc: 0.9344 | Time: 00:00:08
Epoch 077 | Seed 2026 | Rate 0.05 | Train Loss: 0.0116 | Val Loss: 0.2189 | Acc (clean): 0.9972 | Acc (poison): 0.9993 | Val Acc: 0.9337 | Time: 00:00:09
Epoch 078 | Seed 2026 | Rate 0.05 | Train Loss: 0.0117 | Val Loss: 0.2184 | Acc (clean): 0.9971 | Acc (poison): 0.9993 | Val Acc: 0.9330 | Time: 00:00:09
Epoch 079 | Seed 2026 | Rate 0.05 | Train Loss: 0.0104 | Val Loss: 0.2219 | Acc (clean): 0.9974 | Acc (poison): 0.9996 | Val Acc: 0.9344 | Time: 00:00:08
Epoch 080 | Seed 2026 | Rate 0.05 | Train Loss: 0.0111 | Val Loss: 0.2204 | Acc (clean): 0.9972 | Acc (poison): 0.9994 | Val Acc: 0.9359 | Time: 00:00:08
Epoch 081 | Seed 2026 | Rate 0.05 | Train Loss: 0.0111 | Val Loss: 0.2196 | Acc (clean): 0.9973 | Acc (poison): 0.9995 | Val Acc: 0.9363 | Time: 00:00:08
Epoch 082 | Seed 2026 | Rate 0.05 | Train Loss: 0.0110 | Val Loss: 0.2186 | Acc (clean): 0.9973 | Acc (poison): 0.9993 | Val Acc: 0.9344 | Time: 00:00:08
Epoch 083 | Seed 2026 | Rate 0.05 | Train Loss: 0.0107 | Val Loss: 0.2188 | Acc (clean): 0.9973 | Acc (poison): 0.9995 | Val Acc: 0.9363 | Time: 00:00:08
Epoch 084 | Seed 2026 | Rate 0.05 | Train Loss: 0.0103 | Val Loss: 0.2173 | Acc (clean): 0.9975 | Acc (poison): 0.9998 | Val Acc: 0.9330 | Time: 00:00:09
Epoch 085 | Seed 2026 | Rate 0.05 | Train Loss: 0.0103 | Val Loss: 0.2217 | Acc (clean): 0.9977 | Acc (poison): 0.9997 | Val Acc: 0.9352 | Time: 00:00:08
Epoch 086 | Seed 2026 | Rate 0.05 | Train Loss: 0.0108 | Val Loss: 0.2180 | Acc (clean): 0.9972 | Acc (poison): 0.9993 | Val Acc: 0.9333 | Time: 00:00:08
Epoch 087 | Seed 2026 | Rate 0.05 | Train Loss: 0.0103 | Val Loss: 0.2188 | Acc (clean): 0.9974 | Acc (poison): 0.9997 | Val Acc: 0.9341 | Time: 00:00:08
Epoch 088 | Seed 2026 | Rate 0.05 | Train Loss: 0.0112 | Val Loss: 0.2157 | Acc (clean): 0.9971 | Acc (poison): 0.9993 | Val Acc: 0.9352 | Time: 00:00:09
Epoch 089 | Seed 2026 | Rate 0.05 | Train Loss: 0.0101 | Val Loss: 0.2144 | Acc (clean): 0.9975 | Acc (poison): 0.9998 | Val Acc: 0.9359 | Time: 00:00:09
Epoch 090 | Seed 2026 | Rate 0.05 | Train Loss: 0.0099 | Val Loss: 0.2177 | Acc (clean): 0.9977 | Acc (poison): 0.9997 | Val Acc: 0.9363 | Time: 00:00:08
Epoch 091 | Seed 2026 | Rate 0.05 | Train Loss: 0.0102 | Val Loss: 0.2180 | Acc (clean): 0.9975 | Acc (poison): 0.9997 | Val Acc: 0.9330 | Time: 00:00:08
Epoch 092 | Seed 2026 | Rate 0.05 | Train Loss: 0.0104 | Val Loss: 0.2185 | Acc (clean): 0.9972 | Acc (poison): 0.9994 | Val Acc: 0.9333 | Time: 00:00:08
Epoch 093 | Seed 2026 | Rate 0.05 | Train Loss: 0.0103 | Val Loss: 0.2194 | Acc (clean): 0.9972 | Acc (poison): 0.9995 | Val Acc: 0.9333 | Time: 00:00:08
Epoch 094 | Seed 2026 | Rate 0.05 | Train Loss: 0.0100 | Val Loss: 0.2195 | Acc (clean): 0.9974 | Acc (poison): 0.9996 | Val Acc: 0.9348 | Time: 00:00:08
Epoch 095 | Seed 2026 | Rate 0.05 | Train Loss: 0.0102 | Val Loss: 0.2160 | Acc (clean): 0.9973 | Acc (poison): 0.9995 | Val Acc: 0.9344 | Time: 00:00:08
Epoch 096 | Seed 2026 | Rate 0.05 | Train Loss: 0.0100 | Val Loss: 0.2187 | Acc (clean): 0.9974 | Acc (poison): 0.9997 | Val Acc: 0.9348 | Time: 00:00:08
Epoch 097 | Seed 2026 | Rate 0.05 | Train Loss: 0.0107 | Val Loss: 0.2169 | Acc (clean): 0.9972 | Acc (poison): 0.9993 | Val Acc: 0.9367 | Time: 00:00:08
Epoch 098 | Seed 2026 | Rate 0.05 | Train Loss: 0.0101 | Val Loss: 0.2143 | Acc (clean): 0.9974 | Acc (poison): 0.9997 | Val Acc: 0.9344 | Time: 00:00:10
Epoch 099 | Seed 2026 | Rate 0.05 | Train Loss: 0.0100 | Val Loss: 0.2169 | Acc (clean): 0.9975 | Acc (poison): 0.9997 | Val Acc: 0.9348 | Time: 00:00:08
Epoch 100 | Seed 2026 | Rate 0.05 | Train Loss: 0.0104 | Val Loss: 0.2186 | Acc (clean): 0.9972 | Acc (poison): 0.9995 | Val Acc: 0.9344 | Time: 00:00:08
Loading train data from /home/yazanme/BachelorThesis/BachelorThesis/data/processed/resisc45/train.h5 with mapping /home/yazanme/BachelorThesis/BachelorThesis/data/processed/resisc45/poisoned/RQ2.2-sim/seed_2026/labels_0.10.pt... (in_memory=True, workers=6)
Testing torch.compile support...
Successfully compiled model using torch.compile.
Epoch 001 | Seed 2026 | Rate 0.10 | Train Loss: 2.8356 | Val Loss: 2.2411 | Acc (clean): 0.2485 | Acc (poison): 0.2481 | Val Acc: 0.3463 | Time: 00:00:10
Epoch 002 | Seed 2026 | Rate 0.10 | Train Loss: 1.9323 | Val Loss: 2.0821 | Acc (clean): 0.4374 | Acc (poison): 0.4371 | Val Acc: 0.4278 | Time: 00:00:10
Epoch 003 | Seed 2026 | Rate 0.10 | Train Loss: 1.5224 | Val Loss: 1.5175 | Acc (clean): 0.5455 | Acc (poison): 0.5451 | Val Acc: 0.5581 | Time: 00:00:08
Epoch 004 | Seed 2026 | Rate 0.10 | Train Loss: 1.2669 | Val Loss: 1.3880 | Acc (clean): 0.6202 | Acc (poison): 0.6191 | Val Acc: 0.5800 | Time: 00:00:08
Epoch 005 | Seed 2026 | Rate 0.10 | Train Loss: 1.0957 | Val Loss: 1.3003 | Acc (clean): 0.6651 | Acc (poison): 0.6640 | Val Acc: 0.6067 | Time: 00:00:09
Epoch 006 | Seed 2026 | Rate 0.10 | Train Loss: 0.9593 | Val Loss: 1.4924 | Acc (clean): 0.7065 | Acc (poison): 0.7051 | Val Acc: 0.5819 | Time: 00:00:08
Epoch 007 | Seed 2026 | Rate 0.10 | Train Loss: 0.8309 | Val Loss: 1.1778 | Acc (clean): 0.7440 | Acc (poison): 0.7425 | Val Acc: 0.6611 | Time: 00:00:08
Epoch 008 | Seed 2026 | Rate 0.10 | Train Loss: 0.7285 | Val Loss: 1.1990 | Acc (clean): 0.7751 | Acc (poison): 0.7735 | Val Acc: 0.6478 | Time: 00:00:08
Epoch 009 | Seed 2026 | Rate 0.10 | Train Loss: 0.6381 | Val Loss: 0.7797 | Acc (clean): 0.8011 | Acc (poison): 0.7995 | Val Acc: 0.7548 | Time: 00:00:08
Epoch 010 | Seed 2026 | Rate 0.10 | Train Loss: 0.5713 | Val Loss: 0.9238 | Acc (clean): 0.8224 | Acc (poison): 0.8204 | Val Acc: 0.7230 | Time: 00:00:08
Epoch 011 | Seed 2026 | Rate 0.10 | Train Loss: 0.5298 | Val Loss: 0.6718 | Acc (clean): 0.8335 | Acc (poison): 0.8317 | Val Acc: 0.7919 | Time: 00:00:09
Epoch 012 | Seed 2026 | Rate 0.10 | Train Loss: 0.4760 | Val Loss: 0.7260 | Acc (clean): 0.8497 | Acc (poison): 0.8484 | Val Acc: 0.7752 | Time: 00:00:08
Epoch 013 | Seed 2026 | Rate 0.10 | Train Loss: 0.4572 | Val Loss: 0.8332 | Acc (clean): 0.8575 | Acc (poison): 0.8554 | Val Acc: 0.7578 | Time: 00:00:08
Epoch 014 | Seed 2026 | Rate 0.10 | Train Loss: 0.4414 | Val Loss: 0.6978 | Acc (clean): 0.8600 | Acc (poison): 0.8582 | Val Acc: 0.7711 | Time: 00:00:08
Epoch 015 | Seed 2026 | Rate 0.10 | Train Loss: 0.4197 | Val Loss: 0.6929 | Acc (clean): 0.8659 | Acc (poison): 0.8647 | Val Acc: 0.7948 | Time: 00:00:08
Epoch 016 | Seed 2026 | Rate 0.10 | Train Loss: 0.3964 | Val Loss: 0.7589 | Acc (clean): 0.8731 | Acc (poison): 0.8712 | Val Acc: 0.7781 | Time: 00:00:08
Epoch 017 | Seed 2026 | Rate 0.10 | Train Loss: 0.3814 | Val Loss: 0.6830 | Acc (clean): 0.8786 | Acc (poison): 0.8768 | Val Acc: 0.7885 | Time: 00:00:08
Epoch 018 | Seed 2026 | Rate 0.10 | Train Loss: 0.3810 | Val Loss: 0.8799 | Acc (clean): 0.8789 | Acc (poison): 0.8777 | Val Acc: 0.7370 | Time: 00:00:08
Epoch 019 | Seed 2026 | Rate 0.10 | Train Loss: 0.3651 | Val Loss: 0.8497 | Acc (clean): 0.8840 | Acc (poison): 0.8828 | Val Acc: 0.7593 | Time: 00:00:08
Epoch 020 | Seed 2026 | Rate 0.10 | Train Loss: 0.3507 | Val Loss: 0.6382 | Acc (clean): 0.8885 | Acc (poison): 0.8876 | Val Acc: 0.8070 | Time: 00:00:10
Epoch 021 | Seed 2026 | Rate 0.10 | Train Loss: 0.3486 | Val Loss: 1.1625 | Acc (clean): 0.8886 | Acc (poison): 0.8869 | Val Acc: 0.7000 | Time: 00:00:08
Epoch 022 | Seed 2026 | Rate 0.10 | Train Loss: 0.3338 | Val Loss: 0.7333 | Acc (clean): 0.8930 | Acc (poison): 0.8916 | Val Acc: 0.7848 | Time: 00:00:08
Epoch 023 | Seed 2026 | Rate 0.10 | Train Loss: 0.3353 | Val Loss: 0.7161 | Acc (clean): 0.8938 | Acc (poison): 0.8924 | Val Acc: 0.7904 | Time: 00:00:08
Epoch 024 | Seed 2026 | Rate 0.10 | Train Loss: 0.3254 | Val Loss: 0.6285 | Acc (clean): 0.8952 | Acc (poison): 0.8941 | Val Acc: 0.8152 | Time: 00:00:10
Epoch 025 | Seed 2026 | Rate 0.10 | Train Loss: 0.3022 | Val Loss: 0.6282 | Acc (clean): 0.9049 | Acc (poison): 0.9030 | Val Acc: 0.8078 | Time: 00:00:11
Epoch 026 | Seed 2026 | Rate 0.10 | Train Loss: 0.3178 | Val Loss: 0.6194 | Acc (clean): 0.8997 | Acc (poison): 0.8984 | Val Acc: 0.8115 | Time: 00:00:10
Epoch 027 | Seed 2026 | Rate 0.10 | Train Loss: 0.2943 | Val Loss: 0.5379 | Acc (clean): 0.9040 | Acc (poison): 0.9032 | Val Acc: 0.8281 | Time: 00:00:11
Epoch 028 | Seed 2026 | Rate 0.10 | Train Loss: 0.2933 | Val Loss: 0.6201 | Acc (clean): 0.9067 | Acc (poison): 0.9061 | Val Acc: 0.8170 | Time: 00:00:08
Epoch 029 | Seed 2026 | Rate 0.10 | Train Loss: 0.2891 | Val Loss: 0.7185 | Acc (clean): 0.9072 | Acc (poison): 0.9066 | Val Acc: 0.7959 | Time: 00:00:08
Epoch 030 | Seed 2026 | Rate 0.10 | Train Loss: 0.2956 | Val Loss: 0.8183 | Acc (clean): 0.9056 | Acc (poison): 0.9052 | Val Acc: 0.7637 | Time: 00:00:08
Epoch 031 | Seed 2026 | Rate 0.10 | Train Loss: 0.2805 | Val Loss: 0.9174 | Acc (clean): 0.9109 | Acc (poison): 0.9096 | Val Acc: 0.7441 | Time: 00:00:08
Epoch 032 | Seed 2026 | Rate 0.10 | Train Loss: 0.2770 | Val Loss: 1.0208 | Acc (clean): 0.9120 | Acc (poison): 0.9112 | Val Acc: 0.7159 | Time: 00:00:08
Epoch 033 | Seed 2026 | Rate 0.10 | Train Loss: 0.2710 | Val Loss: 0.5954 | Acc (clean): 0.9120 | Acc (poison): 0.9112 | Val Acc: 0.8248 | Time: 00:00:08
Epoch 034 | Seed 2026 | Rate 0.10 | Train Loss: 0.2786 | Val Loss: 0.7777 | Acc (clean): 0.9100 | Acc (poison): 0.9088 | Val Acc: 0.7759 | Time: 00:00:08
Epoch 035 | Seed 2026 | Rate 0.10 | Train Loss: 0.2766 | Val Loss: 0.6525 | Acc (clean): 0.9110 | Acc (poison): 0.9109 | Val Acc: 0.8174 | Time: 00:00:08
Epoch 036 | Seed 2026 | Rate 0.10 | Train Loss: 0.2637 | Val Loss: 0.9324 | Acc (clean): 0.9156 | Acc (poison): 0.9152 | Val Acc: 0.7474 | Time: 00:00:08
Epoch 037 | Seed 2026 | Rate 0.10 | Train Loss: 0.2560 | Val Loss: 0.5761 | Acc (clean): 0.9194 | Acc (poison): 0.9186 | Val Acc: 0.8263 | Time: 00:00:08
Epoch 038 | Seed 2026 | Rate 0.10 | Train Loss: 0.2722 | Val Loss: 0.5641 | Acc (clean): 0.9130 | Acc (poison): 0.9128 | Val Acc: 0.8344 | Time: 00:00:08
Epoch 039 | Seed 2026 | Rate 0.10 | Train Loss: 0.2656 | Val Loss: 0.7023 | Acc (clean): 0.9162 | Acc (poison): 0.9156 | Val Acc: 0.7844 | Time: 00:00:08
Epoch 040 | Seed 2026 | Rate 0.10 | Train Loss: 0.2535 | Val Loss: 0.6635 | Acc (clean): 0.9178 | Acc (poison): 0.9181 | Val Acc: 0.8126 | Time: 00:00:08
Epoch 041 | Seed 2026 | Rate 0.10 | Train Loss: 0.2602 | Val Loss: 0.5777 | Acc (clean): 0.9162 | Acc (poison): 0.9163 | Val Acc: 0.8241 | Time: 00:00:08
Epoch 042 | Seed 2026 | Rate 0.10 | Train Loss: 0.2463 | Val Loss: 0.4856 | Acc (clean): 0.9215 | Acc (poison): 0.9214 | Val Acc: 0.8537 | Time: 00:00:12
Epoch 043 | Seed 2026 | Rate 0.10 | Train Loss: 0.2500 | Val Loss: 0.6547 | Acc (clean): 0.9200 | Acc (poison): 0.9202 | Val Acc: 0.8107 | Time: 00:00:08
Epoch 044 | Seed 2026 | Rate 0.10 | Train Loss: 0.2416 | Val Loss: 0.7521 | Acc (clean): 0.9239 | Acc (poison): 0.9237 | Val Acc: 0.7904 | Time: 00:00:08
Epoch 045 | Seed 2026 | Rate 0.10 | Train Loss: 0.2586 | Val Loss: 0.7609 | Acc (clean): 0.9173 | Acc (poison): 0.9180 | Val Acc: 0.7881 | Time: 00:00:08
Epoch 046 | Seed 2026 | Rate 0.10 | Train Loss: 0.2457 | Val Loss: 0.7576 | Acc (clean): 0.9210 | Acc (poison): 0.9213 | Val Acc: 0.7885 | Time: 00:00:08
Epoch 047 | Seed 2026 | Rate 0.10 | Train Loss: 0.2512 | Val Loss: 0.6650 | Acc (clean): 0.9195 | Acc (poison): 0.9201 | Val Acc: 0.8041 | Time: 00:00:08
Epoch 048 | Seed 2026 | Rate 0.10 | Train Loss: 0.2413 | Val Loss: 0.6422 | Acc (clean): 0.9246 | Acc (poison): 0.9257 | Val Acc: 0.8111 | Time: 00:00:08
Epoch 049 | Seed 2026 | Rate 0.10 | Train Loss: 0.2311 | Val Loss: 0.6532 | Acc (clean): 0.9257 | Acc (poison): 0.9261 | Val Acc: 0.8141 | Time: 00:00:08
Epoch 050 | Seed 2026 | Rate 0.10 | Train Loss: 0.2480 | Val Loss: 0.5886 | Acc (clean): 0.9181 | Acc (poison): 0.9188 | Val Acc: 0.8237 | Time: 00:00:08
Epoch 051 | Seed 2026 | Rate 0.10 | Train Loss: 0.1020 | Val Loss: 0.2537 | Acc (clean): 0.9710 | Acc (poison): 0.9723 | Val Acc: 0.9211 | Time: 00:00:12
Epoch 052 | Seed 2026 | Rate 0.10 | Train Loss: 0.0594 | Val Loss: 0.2439 | Acc (clean): 0.9844 | Acc (poison): 0.9862 | Val Acc: 0.9256 | Time: 00:00:12
Epoch 053 | Seed 2026 | Rate 0.10 | Train Loss: 0.0488 | Val Loss: 0.2336 | Acc (clean): 0.9874 | Acc (poison): 0.9898 | Val Acc: 0.9263 | Time: 00:00:11
Epoch 054 | Seed 2026 | Rate 0.10 | Train Loss: 0.0410 | Val Loss: 0.2439 | Acc (clean): 0.9892 | Acc (poison): 0.9917 | Val Acc: 0.9207 | Time: 00:00:08
Epoch 055 | Seed 2026 | Rate 0.10 | Train Loss: 0.0352 | Val Loss: 0.2361 | Acc (clean): 0.9903 | Acc (poison): 0.9933 | Val Acc: 0.9248 | Time: 00:00:08
Epoch 056 | Seed 2026 | Rate 0.10 | Train Loss: 0.0325 | Val Loss: 0.2438 | Acc (clean): 0.9909 | Acc (poison): 0.9942 | Val Acc: 0.9244 | Time: 00:00:08
Epoch 057 | Seed 2026 | Rate 0.10 | Train Loss: 0.0286 | Val Loss: 0.2448 | Acc (clean): 0.9919 | Acc (poison): 0.9957 | Val Acc: 0.9252 | Time: 00:00:08
Epoch 058 | Seed 2026 | Rate 0.10 | Train Loss: 0.0260 | Val Loss: 0.2329 | Acc (clean): 0.9920 | Acc (poison): 0.9957 | Val Acc: 0.9263 | Time: 00:00:09
Epoch 059 | Seed 2026 | Rate 0.10 | Train Loss: 0.0263 | Val Loss: 0.2375 | Acc (clean): 0.9919 | Acc (poison): 0.9958 | Val Acc: 0.9237 | Time: 00:00:08
Epoch 060 | Seed 2026 | Rate 0.10 | Train Loss: 0.0226 | Val Loss: 0.2387 | Acc (clean): 0.9929 | Acc (poison): 0.9970 | Val Acc: 0.9278 | Time: 00:00:08
Epoch 061 | Seed 2026 | Rate 0.10 | Train Loss: 0.0219 | Val Loss: 0.2362 | Acc (clean): 0.9930 | Acc (poison): 0.9972 | Val Acc: 0.9256 | Time: 00:00:08
Epoch 062 | Seed 2026 | Rate 0.10 | Train Loss: 0.0203 | Val Loss: 0.2381 | Acc (clean): 0.9934 | Acc (poison): 0.9976 | Val Acc: 0.9230 | Time: 00:00:08
Epoch 063 | Seed 2026 | Rate 0.10 | Train Loss: 0.0198 | Val Loss: 0.2305 | Acc (clean): 0.9937 | Acc (poison): 0.9978 | Val Acc: 0.9307 | Time: 00:00:09
Epoch 064 | Seed 2026 | Rate 0.10 | Train Loss: 0.0177 | Val Loss: 0.2278 | Acc (clean): 0.9940 | Acc (poison): 0.9981 | Val Acc: 0.9304 | Time: 00:00:09
Epoch 065 | Seed 2026 | Rate 0.10 | Train Loss: 0.0177 | Val Loss: 0.2403 | Acc (clean): 0.9938 | Acc (poison): 0.9981 | Val Acc: 0.9252 | Time: 00:00:08
Epoch 066 | Seed 2026 | Rate 0.10 | Train Loss: 0.0170 | Val Loss: 0.2284 | Acc (clean): 0.9941 | Acc (poison): 0.9983 | Val Acc: 0.9289 | Time: 00:00:08
Epoch 067 | Seed 2026 | Rate 0.10 | Train Loss: 0.0175 | Val Loss: 0.2229 | Acc (clean): 0.9939 | Acc (poison): 0.9983 | Val Acc: 0.9296 | Time: 00:00:09
Epoch 068 | Seed 2026 | Rate 0.10 | Train Loss: 0.0169 | Val Loss: 0.2359 | Acc (clean): 0.9940 | Acc (poison): 0.9983 | Val Acc: 0.9281 | Time: 00:00:08
Epoch 069 | Seed 2026 | Rate 0.10 | Train Loss: 0.0148 | Val Loss: 0.2255 | Acc (clean): 0.9947 | Acc (poison): 0.9989 | Val Acc: 0.9304 | Time: 00:00:08
Epoch 070 | Seed 2026 | Rate 0.10 | Train Loss: 0.0155 | Val Loss: 0.2289 | Acc (clean): 0.9945 | Acc (poison): 0.9987 | Val Acc: 0.9278 | Time: 00:00:08
Epoch 071 | Seed 2026 | Rate 0.10 | Train Loss: 0.0149 | Val Loss: 0.2313 | Acc (clean): 0.9943 | Acc (poison): 0.9986 | Val Acc: 0.9304 | Time: 00:00:08
Epoch 072 | Seed 2026 | Rate 0.10 | Train Loss: 0.0138 | Val Loss: 0.2283 | Acc (clean): 0.9948 | Acc (poison): 0.9991 | Val Acc: 0.9300 | Time: 00:00:08
Epoch 073 | Seed 2026 | Rate 0.10 | Train Loss: 0.0144 | Val Loss: 0.2276 | Acc (clean): 0.9944 | Acc (poison): 0.9988 | Val Acc: 0.9278 | Time: 00:00:08
Epoch 074 | Seed 2026 | Rate 0.10 | Train Loss: 0.0130 | Val Loss: 0.2309 | Acc (clean): 0.9949 | Acc (poison): 0.9993 | Val Acc: 0.9263 | Time: 00:00:08
Epoch 075 | Seed 2026 | Rate 0.10 | Train Loss: 0.0123 | Val Loss: 0.2292 | Acc (clean): 0.9951 | Acc (poison): 0.9995 | Val Acc: 0.9300 | Time: 00:00:08
Epoch 076 | Seed 2026 | Rate 0.10 | Train Loss: 0.0122 | Val Loss: 0.2270 | Acc (clean): 0.9950 | Acc (poison): 0.9994 | Val Acc: 0.9274 | Time: 00:00:08
Epoch 077 | Seed 2026 | Rate 0.10 | Train Loss: 0.0116 | Val Loss: 0.2219 | Acc (clean): 0.9949 | Acc (poison): 0.9993 | Val Acc: 0.9315 | Time: 00:00:09
Epoch 078 | Seed 2026 | Rate 0.10 | Train Loss: 0.0123 | Val Loss: 0.2236 | Acc (clean): 0.9949 | Acc (poison): 0.9992 | Val Acc: 0.9304 | Time: 00:00:08
Epoch 079 | Seed 2026 | Rate 0.10 | Train Loss: 0.0111 | Val Loss: 0.2275 | Acc (clean): 0.9953 | Acc (poison): 0.9996 | Val Acc: 0.9289 | Time: 00:00:08
Epoch 080 | Seed 2026 | Rate 0.10 | Train Loss: 0.0119 | Val Loss: 0.2265 | Acc (clean): 0.9950 | Acc (poison): 0.9994 | Val Acc: 0.9300 | Time: 00:00:08
Epoch 081 | Seed 2026 | Rate 0.10 | Train Loss: 0.0113 | Val Loss: 0.2239 | Acc (clean): 0.9950 | Acc (poison): 0.9993 | Val Acc: 0.9289 | Time: 00:00:08
Epoch 082 | Seed 2026 | Rate 0.10 | Train Loss: 0.0117 | Val Loss: 0.2243 | Acc (clean): 0.9950 | Acc (poison): 0.9995 | Val Acc: 0.9307 | Time: 00:00:08
Epoch 083 | Seed 2026 | Rate 0.10 | Train Loss: 0.0114 | Val Loss: 0.2233 | Acc (clean): 0.9949 | Acc (poison): 0.9991 | Val Acc: 0.9311 | Time: 00:00:08
Epoch 084 | Seed 2026 | Rate 0.10 | Train Loss: 0.0109 | Val Loss: 0.2228 | Acc (clean): 0.9950 | Acc (poison): 0.9994 | Val Acc: 0.9300 | Time: 00:00:08
Epoch 085 | Seed 2026 | Rate 0.10 | Train Loss: 0.0109 | Val Loss: 0.2279 | Acc (clean): 0.9952 | Acc (poison): 0.9996 | Val Acc: 0.9300 | Time: 00:00:08
Epoch 086 | Seed 2026 | Rate 0.10 | Train Loss: 0.0111 | Val Loss: 0.2230 | Acc (clean): 0.9949 | Acc (poison): 0.9993 | Val Acc: 0.9304 | Time: 00:00:08
Epoch 087 | Seed 2026 | Rate 0.10 | Train Loss: 0.0113 | Val Loss: 0.2247 | Acc (clean): 0.9950 | Acc (poison): 0.9993 | Val Acc: 0.9300 | Time: 00:00:08
Epoch 088 | Seed 2026 | Rate 0.10 | Train Loss: 0.0114 | Val Loss: 0.2198 | Acc (clean): 0.9950 | Acc (poison): 0.9993 | Val Acc: 0.9307 | Time: 00:00:09
Epoch 089 | Seed 2026 | Rate 0.10 | Train Loss: 0.0107 | Val Loss: 0.2213 | Acc (clean): 0.9952 | Acc (poison): 0.9995 | Val Acc: 0.9319 | Time: 00:00:08
Epoch 090 | Seed 2026 | Rate 0.10 | Train Loss: 0.0106 | Val Loss: 0.2250 | Acc (clean): 0.9953 | Acc (poison): 0.9998 | Val Acc: 0.9289 | Time: 00:00:08
Epoch 091 | Seed 2026 | Rate 0.10 | Train Loss: 0.0107 | Val Loss: 0.2244 | Acc (clean): 0.9951 | Acc (poison): 0.9995 | Val Acc: 0.9285 | Time: 00:00:08
Epoch 092 | Seed 2026 | Rate 0.10 | Train Loss: 0.0108 | Val Loss: 0.2268 | Acc (clean): 0.9949 | Acc (poison): 0.9993 | Val Acc: 0.9281 | Time: 00:00:08
Epoch 093 | Seed 2026 | Rate 0.10 | Train Loss: 0.0107 | Val Loss: 0.2256 | Acc (clean): 0.9953 | Acc (poison): 0.9995 | Val Acc: 0.9296 | Time: 00:00:08
Epoch 094 | Seed 2026 | Rate 0.10 | Train Loss: 0.0104 | Val Loss: 0.2259 | Acc (clean): 0.9951 | Acc (poison): 0.9995 | Val Acc: 0.9304 | Time: 00:00:08
Epoch 095 | Seed 2026 | Rate 0.10 | Train Loss: 0.0110 | Val Loss: 0.2243 | Acc (clean): 0.9950 | Acc (poison): 0.9994 | Val Acc: 0.9315 | Time: 00:00:08
Epoch 096 | Seed 2026 | Rate 0.10 | Train Loss: 0.0105 | Val Loss: 0.2286 | Acc (clean): 0.9953 | Acc (poison): 0.9996 | Val Acc: 0.9293 | Time: 00:00:08
Epoch 097 | Seed 2026 | Rate 0.10 | Train Loss: 0.0108 | Val Loss: 0.2265 | Acc (clean): 0.9952 | Acc (poison): 0.9995 | Val Acc: 0.9304 | Time: 00:00:08
Epoch 098 | Seed 2026 | Rate 0.10 | Train Loss: 0.0101 | Val Loss: 0.2201 | Acc (clean): 0.9953 | Acc (poison): 0.9998 | Val Acc: 0.9304 | Time: 00:00:08
Epoch 099 | Seed 2026 | Rate 0.10 | Train Loss: 0.0104 | Val Loss: 0.2240 | Acc (clean): 0.9951 | Acc (poison): 0.9993 | Val Acc: 0.9315 | Time: 00:00:08
Epoch 100 | Seed 2026 | Rate 0.10 | Train Loss: 0.0109 | Val Loss: 0.2273 | Acc (clean): 0.9949 | Acc (poison): 0.9992 | Val Acc: 0.9304 | Time: 00:00:08
Loading train data from /home/yazanme/BachelorThesis/BachelorThesis/data/processed/resisc45/train.h5 with mapping /home/yazanme/BachelorThesis/BachelorThesis/data/processed/resisc45/poisoned/RQ2.2-sim/seed_2026/labels_0.20.pt... (in_memory=True, workers=6)
Testing torch.compile support...
Successfully compiled model using torch.compile.
Epoch 001 | Seed 2026 | Rate 0.20 | Train Loss: 2.7685 | Val Loss: 2.4449 | Acc (clean): 0.2627 | Acc (poison): 0.2625 | Val Acc: 0.3026 | Time: 00:00:10
Epoch 002 | Seed 2026 | Rate 0.20 | Train Loss: 1.8703 | Val Loss: 1.7964 | Acc (clean): 0.4515 | Acc (poison): 0.4512 | Val Acc: 0.4667 | Time: 00:00:09
Epoch 003 | Seed 2026 | Rate 0.20 | Train Loss: 1.4985 | Val Loss: 1.6950 | Acc (clean): 0.5553 | Acc (poison): 0.5543 | Val Acc: 0.5133 | Time: 00:00:08
Epoch 004 | Seed 2026 | Rate 0.20 | Train Loss: 1.2609 | Val Loss: 1.4193 | Acc (clean): 0.6202 | Acc (poison): 0.6189 | Val Acc: 0.5741 | Time: 00:00:09
Epoch 005 | Seed 2026 | Rate 0.20 | Train Loss: 1.0764 | Val Loss: 1.3264 | Acc (clean): 0.6724 | Acc (poison): 0.6714 | Val Acc: 0.6044 | Time: 00:00:09
Epoch 006 | Seed 2026 | Rate 0.20 | Train Loss: 0.9229 | Val Loss: 1.0990 | Acc (clean): 0.7141 | Acc (poison): 0.7118 | Val Acc: 0.6667 | Time: 00:00:09
Epoch 007 | Seed 2026 | Rate 0.20 | Train Loss: 0.7889 | Val Loss: 0.8848 | Acc (clean): 0.7540 | Acc (poison): 0.7521 | Val Acc: 0.7237 | Time: 00:00:08
Epoch 008 | Seed 2026 | Rate 0.20 | Train Loss: 0.6951 | Val Loss: 1.0482 | Acc (clean): 0.7833 | Acc (poison): 0.7811 | Val Acc: 0.6930 | Time: 00:00:08
Epoch 009 | Seed 2026 | Rate 0.20 | Train Loss: 0.6240 | Val Loss: 0.9198 | Acc (clean): 0.8035 | Acc (poison): 0.8010 | Val Acc: 0.7141 | Time: 00:00:08
Epoch 010 | Seed 2026 | Rate 0.20 | Train Loss: 0.5561 | Val Loss: 0.8699 | Acc (clean): 0.8221 | Acc (poison): 0.8196 | Val Acc: 0.7396 | Time: 00:00:08
Epoch 011 | Seed 2026 | Rate 0.20 | Train Loss: 0.5191 | Val Loss: 0.6763 | Acc (clean): 0.8357 | Acc (poison): 0.8338 | Val Acc: 0.7811 | Time: 00:00:08
Epoch 012 | Seed 2026 | Rate 0.20 | Train Loss: 0.4775 | Val Loss: 0.6056 | Acc (clean): 0.8465 | Acc (poison): 0.8438 | Val Acc: 0.8078 | Time: 00:00:08
Epoch 013 | Seed 2026 | Rate 0.20 | Train Loss: 0.4620 | Val Loss: 0.7785 | Acc (clean): 0.8507 | Acc (poison): 0.8491 | Val Acc: 0.7644 | Time: 00:00:08
Epoch 014 | Seed 2026 | Rate 0.20 | Train Loss: 0.4399 | Val Loss: 0.7389 | Acc (clean): 0.8608 | Acc (poison): 0.8587 | Val Acc: 0.7674 | Time: 00:00:08
Epoch 015 | Seed 2026 | Rate 0.20 | Train Loss: 0.4098 | Val Loss: 0.6570 | Acc (clean): 0.8673 | Acc (poison): 0.8650 | Val Acc: 0.8063 | Time: 00:00:08
Epoch 016 | Seed 2026 | Rate 0.20 | Train Loss: 0.3995 | Val Loss: 0.6237 | Acc (clean): 0.8723 | Acc (poison): 0.8699 | Val Acc: 0.8074 | Time: 00:00:08
Epoch 017 | Seed 2026 | Rate 0.20 | Train Loss: 0.3919 | Val Loss: 0.5648 | Acc (clean): 0.8725 | Acc (poison): 0.8699 | Val Acc: 0.8207 | Time: 00:00:09
Epoch 018 | Seed 2026 | Rate 0.20 | Train Loss: 0.3773 | Val Loss: 0.9852 | Acc (clean): 0.8769 | Acc (poison): 0.8739 | Val Acc: 0.7078 | Time: 00:00:08
Epoch 019 | Seed 2026 | Rate 0.20 | Train Loss: 0.3710 | Val Loss: 0.8912 | Acc (clean): 0.8800 | Acc (poison): 0.8774 | Val Acc: 0.7500 | Time: 00:00:08
Epoch 020 | Seed 2026 | Rate 0.20 | Train Loss: 0.3607 | Val Loss: 0.6108 | Acc (clean): 0.8853 | Acc (poison): 0.8820 | Val Acc: 0.8096 | Time: 00:00:08
Epoch 021 | Seed 2026 | Rate 0.20 | Train Loss: 0.3544 | Val Loss: 1.0510 | Acc (clean): 0.8861 | Acc (poison): 0.8829 | Val Acc: 0.7226 | Time: 00:00:08
Epoch 022 | Seed 2026 | Rate 0.20 | Train Loss: 0.3486 | Val Loss: 0.6607 | Acc (clean): 0.8895 | Acc (poison): 0.8868 | Val Acc: 0.7944 | Time: 00:00:08
Epoch 023 | Seed 2026 | Rate 0.20 | Train Loss: 0.3288 | Val Loss: 0.6331 | Acc (clean): 0.8949 | Acc (poison): 0.8928 | Val Acc: 0.8037 | Time: 00:00:08
Epoch 024 | Seed 2026 | Rate 0.20 | Train Loss: 0.3254 | Val Loss: 0.8225 | Acc (clean): 0.8951 | Acc (poison): 0.8933 | Val Acc: 0.7767 | Time: 00:00:08
Epoch 025 | Seed 2026 | Rate 0.20 | Train Loss: 0.3151 | Val Loss: 0.8295 | Acc (clean): 0.8977 | Acc (poison): 0.8963 | Val Acc: 0.7619 | Time: 00:00:08
Epoch 026 | Seed 2026 | Rate 0.20 | Train Loss: 0.3138 | Val Loss: 0.7797 | Acc (clean): 0.9011 | Acc (poison): 0.8984 | Val Acc: 0.7778 | Time: 00:00:08
Epoch 027 | Seed 2026 | Rate 0.20 | Train Loss: 0.3122 | Val Loss: 0.7438 | Acc (clean): 0.8991 | Acc (poison): 0.8973 | Val Acc: 0.7841 | Time: 00:00:08
Epoch 028 | Seed 2026 | Rate 0.20 | Train Loss: 0.2940 | Val Loss: 0.6424 | Acc (clean): 0.9060 | Acc (poison): 0.9044 | Val Acc: 0.8148 | Time: 00:00:08
Epoch 029 | Seed 2026 | Rate 0.20 | Train Loss: 0.2939 | Val Loss: 0.7555 | Acc (clean): 0.9047 | Acc (poison): 0.9042 | Val Acc: 0.7722 | Time: 00:00:08
Epoch 030 | Seed 2026 | Rate 0.20 | Train Loss: 0.2982 | Val Loss: 0.6027 | Acc (clean): 0.9039 | Acc (poison): 0.9009 | Val Acc: 0.8189 | Time: 00:00:08
Epoch 031 | Seed 2026 | Rate 0.20 | Train Loss: 0.2844 | Val Loss: 0.8256 | Acc (clean): 0.9081 | Acc (poison): 0.9059 | Val Acc: 0.7493 | Time: 00:00:08
Epoch 032 | Seed 2026 | Rate 0.20 | Train Loss: 0.3002 | Val Loss: 0.9952 | Acc (clean): 0.9043 | Acc (poison): 0.9020 | Val Acc: 0.7144 | Time: 00:00:08
Epoch 033 | Seed 2026 | Rate 0.20 | Train Loss: 0.2955 | Val Loss: 0.7527 | Acc (clean): 0.9043 | Acc (poison): 0.9026 | Val Acc: 0.7844 | Time: 00:00:08
Epoch 034 | Seed 2026 | Rate 0.20 | Train Loss: 0.2745 | Val Loss: 0.6334 | Acc (clean): 0.9119 | Acc (poison): 0.9104 | Val Acc: 0.8133 | Time: 00:00:08
Epoch 035 | Seed 2026 | Rate 0.20 | Train Loss: 0.2847 | Val Loss: 0.8026 | Acc (clean): 0.9079 | Acc (poison): 0.9074 | Val Acc: 0.7537 | Time: 00:00:08
Epoch 036 | Seed 2026 | Rate 0.20 | Train Loss: 0.2833 | Val Loss: 1.2009 | Acc (clean): 0.9086 | Acc (poison): 0.9071 | Val Acc: 0.6704 | Time: 00:00:08
Epoch 037 | Seed 2026 | Rate 0.20 | Train Loss: 0.2713 | Val Loss: 0.5663 | Acc (clean): 0.9111 | Acc (poison): 0.9097 | Val Acc: 0.8367 | Time: 00:00:08
Epoch 038 | Seed 2026 | Rate 0.20 | Train Loss: 0.2726 | Val Loss: 0.7505 | Acc (clean): 0.9117 | Acc (poison): 0.9093 | Val Acc: 0.7852 | Time: 00:00:08
Epoch 039 | Seed 2026 | Rate 0.20 | Train Loss: 0.2604 | Val Loss: 0.7130 | Acc (clean): 0.9154 | Acc (poison): 0.9132 | Val Acc: 0.7885 | Time: 00:00:08
Epoch 040 | Seed 2026 | Rate 0.20 | Train Loss: 0.2768 | Val Loss: 0.7214 | Acc (clean): 0.9115 | Acc (poison): 0.9103 | Val Acc: 0.7893 | Time: 00:00:08
Epoch 041 | Seed 2026 | Rate 0.20 | Train Loss: 0.2684 | Val Loss: 0.6306 | Acc (clean): 0.9142 | Acc (poison): 0.9130 | Val Acc: 0.8167 | Time: 00:00:08
Epoch 042 | Seed 2026 | Rate 0.20 | Train Loss: 0.2577 | Val Loss: 0.6591 | Acc (clean): 0.9155 | Acc (poison): 0.9141 | Val Acc: 0.7981 | Time: 00:00:08
Epoch 043 | Seed 2026 | Rate 0.20 | Train Loss: 0.2608 | Val Loss: 0.7152 | Acc (clean): 0.9161 | Acc (poison): 0.9149 | Val Acc: 0.7933 | Time: 00:00:08
Epoch 044 | Seed 2026 | Rate 0.20 | Train Loss: 0.2555 | Val Loss: 0.7049 | Acc (clean): 0.9172 | Acc (poison): 0.9161 | Val Acc: 0.7974 | Time: 00:00:08
Epoch 045 | Seed 2026 | Rate 0.20 | Train Loss: 0.2774 | Val Loss: 0.5481 | Acc (clean): 0.9101 | Acc (poison): 0.9098 | Val Acc: 0.8252 | Time: 00:00:08
Epoch 046 | Seed 2026 | Rate 0.20 | Train Loss: 0.2535 | Val Loss: 0.6254 | Acc (clean): 0.9179 | Acc (poison): 0.9175 | Val Acc: 0.8189 | Time: 00:00:08
Epoch 047 | Seed 2026 | Rate 0.20 | Train Loss: 0.2512 | Val Loss: 0.9104 | Acc (clean): 0.9198 | Acc (poison): 0.9187 | Val Acc: 0.7641 | Time: 00:00:08
Epoch 048 | Seed 2026 | Rate 0.20 | Train Loss: 0.2561 | Val Loss: 0.6470 | Acc (clean): 0.9179 | Acc (poison): 0.9170 | Val Acc: 0.8137 | Time: 00:00:08
Epoch 049 | Seed 2026 | Rate 0.20 | Train Loss: 0.2467 | Val Loss: 0.5699 | Acc (clean): 0.9207 | Acc (poison): 0.9195 | Val Acc: 0.8293 | Time: 00:00:08
Epoch 050 | Seed 2026 | Rate 0.20 | Train Loss: 0.2394 | Val Loss: 0.7313 | Acc (clean): 0.9233 | Acc (poison): 0.9226 | Val Acc: 0.7870 | Time: 00:00:08
Epoch 051 | Seed 2026 | Rate 0.20 | Train Loss: 0.1091 | Val Loss: 0.2574 | Acc (clean): 0.9658 | Acc (poison): 0.9672 | Val Acc: 0.9252 | Time: 00:00:09
Epoch 052 | Seed 2026 | Rate 0.20 | Train Loss: 0.0660 | Val Loss: 0.2523 | Acc (clean): 0.9798 | Acc (poison): 0.9831 | Val Acc: 0.9211 | Time: 00:00:08
Epoch 053 | Seed 2026 | Rate 0.20 | Train Loss: 0.0507 | Val Loss: 0.2375 | Acc (clean): 0.9843 | Acc (poison): 0.9891 | Val Acc: 0.9248 | Time: 00:00:08
Epoch 054 | Seed 2026 | Rate 0.20 | Train Loss: 0.0453 | Val Loss: 0.2454 | Acc (clean): 0.9851 | Acc (poison): 0.9898 | Val Acc: 0.9211 | Time: 00:00:08
Epoch 055 | Seed 2026 | Rate 0.20 | Train Loss: 0.0395 | Val Loss: 0.2455 | Acc (clean): 0.9855 | Acc (poison): 0.9914 | Val Acc: 0.9222 | Time: 00:00:08
Epoch 056 | Seed 2026 | Rate 0.20 | Train Loss: 0.0365 | Val Loss: 0.2459 | Acc (clean): 0.9856 | Acc (poison): 0.9916 | Val Acc: 0.9237 | Time: 00:00:08
Epoch 057 | Seed 2026 | Rate 0.20 | Train Loss: 0.0323 | Val Loss: 0.2455 | Acc (clean): 0.9869 | Acc (poison): 0.9934 | Val Acc: 0.9259 | Time: 00:00:08
Epoch 058 | Seed 2026 | Rate 0.20 | Train Loss: 0.0283 | Val Loss: 0.2372 | Acc (clean): 0.9879 | Acc (poison): 0.9951 | Val Acc: 0.9274 | Time: 00:00:09
Epoch 059 | Seed 2026 | Rate 0.20 | Train Loss: 0.0289 | Val Loss: 0.2375 | Acc (clean): 0.9872 | Acc (poison): 0.9949 | Val Acc: 0.9278 | Time: 00:00:08
Epoch 060 | Seed 2026 | Rate 0.20 | Train Loss: 0.0248 | Val Loss: 0.2400 | Acc (clean): 0.9889 | Acc (poison): 0.9963 | Val Acc: 0.9267 | Time: 00:00:08
Epoch 061 | Seed 2026 | Rate 0.20 | Train Loss: 0.0239 | Val Loss: 0.2427 | Acc (clean): 0.9890 | Acc (poison): 0.9968 | Val Acc: 0.9274 | Time: 00:00:08
Epoch 062 | Seed 2026 | Rate 0.20 | Train Loss: 0.0228 | Val Loss: 0.2407 | Acc (clean): 0.9888 | Acc (poison): 0.9964 | Val Acc: 0.9278 | Time: 00:00:08
Epoch 063 | Seed 2026 | Rate 0.20 | Train Loss: 0.0217 | Val Loss: 0.2436 | Acc (clean): 0.9886 | Acc (poison): 0.9967 | Val Acc: 0.9211 | Time: 00:00:08
Epoch 064 | Seed 2026 | Rate 0.20 | Train Loss: 0.0202 | Val Loss: 0.2371 | Acc (clean): 0.9889 | Acc (poison): 0.9973 | Val Acc: 0.9274 | Time: 00:00:09
Epoch 065 | Seed 2026 | Rate 0.20 | Train Loss: 0.0197 | Val Loss: 0.2478 | Acc (clean): 0.9893 | Acc (poison): 0.9974 | Val Acc: 0.9300 | Time: 00:00:08
Epoch 066 | Seed 2026 | Rate 0.20 | Train Loss: 0.0184 | Val Loss: 0.2448 | Acc (clean): 0.9892 | Acc (poison): 0.9976 | Val Acc: 0.9267 | Time: 00:00:08
Epoch 067 | Seed 2026 | Rate 0.20 | Train Loss: 0.0186 | Val Loss: 0.2377 | Acc (clean): 0.9893 | Acc (poison): 0.9978 | Val Acc: 0.9311 | Time: 00:00:08
Epoch 068 | Seed 2026 | Rate 0.20 | Train Loss: 0.0174 | Val Loss: 0.2395 | Acc (clean): 0.9897 | Acc (poison): 0.9983 | Val Acc: 0.9281 | Time: 00:00:08
Epoch 069 | Seed 2026 | Rate 0.20 | Train Loss: 0.0161 | Val Loss: 0.2366 | Acc (clean): 0.9902 | Acc (poison): 0.9984 | Val Acc: 0.9337 | Time: 00:00:09
Epoch 070 | Seed 2026 | Rate 0.20 | Train Loss: 0.0160 | Val Loss: 0.2333 | Acc (clean): 0.9899 | Acc (poison): 0.9984 | Val Acc: 0.9307 | Time: 00:00:08
Epoch 071 | Seed 2026 | Rate 0.20 | Train Loss: 0.0160 | Val Loss: 0.2354 | Acc (clean): 0.9893 | Acc (poison): 0.9977 | Val Acc: 0.9307 | Time: 00:00:08
Epoch 072 | Seed 2026 | Rate 0.20 | Train Loss: 0.0152 | Val Loss: 0.2407 | Acc (clean): 0.9898 | Acc (poison): 0.9986 | Val Acc: 0.9270 | Time: 00:00:08
Epoch 073 | Seed 2026 | Rate 0.20 | Train Loss: 0.0151 | Val Loss: 0.2368 | Acc (clean): 0.9898 | Acc (poison): 0.9985 | Val Acc: 0.9307 | Time: 00:00:08
Epoch 074 | Seed 2026 | Rate 0.20 | Train Loss: 0.0138 | Val Loss: 0.2394 | Acc (clean): 0.9902 | Acc (poison): 0.9988 | Val Acc: 0.9300 | Time: 00:00:08
Epoch 075 | Seed 2026 | Rate 0.20 | Train Loss: 0.0135 | Val Loss: 0.2382 | Acc (clean): 0.9905 | Acc (poison): 0.9991 | Val Acc: 0.9289 | Time: 00:00:08
Epoch 076 | Seed 2026 | Rate 0.20 | Train Loss: 0.0121 | Val Loss: 0.2345 | Acc (clean): 0.9907 | Acc (poison): 0.9994 | Val Acc: 0.9289 | Time: 00:00:08
Epoch 077 | Seed 2026 | Rate 0.20 | Train Loss: 0.0122 | Val Loss: 0.2337 | Acc (clean): 0.9902 | Acc (poison): 0.9991 | Val Acc: 0.9304 | Time: 00:00:08
Epoch 078 | Seed 2026 | Rate 0.20 | Train Loss: 0.0121 | Val Loss: 0.2355 | Acc (clean): 0.9903 | Acc (poison): 0.9990 | Val Acc: 0.9285 | Time: 00:00:08
Epoch 079 | Seed 2026 | Rate 0.20 | Train Loss: 0.0108 | Val Loss: 0.2394 | Acc (clean): 0.9907 | Acc (poison): 0.9996 | Val Acc: 0.9304 | Time: 00:00:08
Epoch 080 | Seed 2026 | Rate 0.20 | Train Loss: 0.0114 | Val Loss: 0.2369 | Acc (clean): 0.9905 | Acc (poison): 0.9991 | Val Acc: 0.9311 | Time: 00:00:08
Epoch 081 | Seed 2026 | Rate 0.20 | Train Loss: 0.0112 | Val Loss: 0.2360 | Acc (clean): 0.9906 | Acc (poison): 0.9994 | Val Acc: 0.9300 | Time: 00:00:08
Epoch 082 | Seed 2026 | Rate 0.20 | Train Loss: 0.0113 | Val Loss: 0.2350 | Acc (clean): 0.9906 | Acc (poison): 0.9994 | Val Acc: 0.9307 | Time: 00:00:08
Epoch 083 | Seed 2026 | Rate 0.20 | Train Loss: 0.0115 | Val Loss: 0.2347 | Acc (clean): 0.9904 | Acc (poison): 0.9992 | Val Acc: 0.9333 | Time: 00:00:08
Epoch 084 | Seed 2026 | Rate 0.20 | Train Loss: 0.0109 | Val Loss: 0.2334 | Acc (clean): 0.9906 | Acc (poison): 0.9994 | Val Acc: 0.9300 | Time: 00:00:08
Epoch 085 | Seed 2026 | Rate 0.20 | Train Loss: 0.0107 | Val Loss: 0.2396 | Acc (clean): 0.9906 | Acc (poison): 0.9995 | Val Acc: 0.9319 | Time: 00:00:08
Epoch 086 | Seed 2026 | Rate 0.20 | Train Loss: 0.0113 | Val Loss: 0.2349 | Acc (clean): 0.9907 | Acc (poison): 0.9993 | Val Acc: 0.9307 | Time: 00:00:08
Epoch 087 | Seed 2026 | Rate 0.20 | Train Loss: 0.0111 | Val Loss: 0.2342 | Acc (clean): 0.9904 | Acc (poison): 0.9992 | Val Acc: 0.9326 | Time: 00:00:08
Epoch 088 | Seed 2026 | Rate 0.20 | Train Loss: 0.0108 | Val Loss: 0.2319 | Acc (clean): 0.9905 | Acc (poison): 0.9993 | Val Acc: 0.9337 | Time: 00:00:08
Epoch 089 | Seed 2026 | Rate 0.20 | Train Loss: 0.0106 | Val Loss: 0.2316 | Acc (clean): 0.9909 | Acc (poison): 0.9997 | Val Acc: 0.9322 | Time: 00:00:08
Epoch 090 | Seed 2026 | Rate 0.20 | Train Loss: 0.0103 | Val Loss: 0.2346 | Acc (clean): 0.9909 | Acc (poison): 0.9997 | Val Acc: 0.9326 | Time: 00:00:08
Epoch 091 | Seed 2026 | Rate 0.20 | Train Loss: 0.0106 | Val Loss: 0.2341 | Acc (clean): 0.9909 | Acc (poison): 0.9996 | Val Acc: 0.9326 | Time: 00:00:08
Epoch 092 | Seed 2026 | Rate 0.20 | Train Loss: 0.0105 | Val Loss: 0.2370 | Acc (clean): 0.9906 | Acc (poison): 0.9994 | Val Acc: 0.9300 | Time: 00:00:08
Epoch 093 | Seed 2026 | Rate 0.20 | Train Loss: 0.0111 | Val Loss: 0.2362 | Acc (clean): 0.9906 | Acc (poison): 0.9993 | Val Acc: 0.9322 | Time: 00:00:08
Epoch 094 | Seed 2026 | Rate 0.20 | Train Loss: 0.0100 | Val Loss: 0.2383 | Acc (clean): 0.9909 | Acc (poison): 0.9997 | Val Acc: 0.9307 | Time: 00:00:08
Epoch 095 | Seed 2026 | Rate 0.20 | Train Loss: 0.0103 | Val Loss: 0.2348 | Acc (clean): 0.9908 | Acc (poison): 0.9996 | Val Acc: 0.9322 | Time: 00:00:08
Epoch 096 | Seed 2026 | Rate 0.20 | Train Loss: 0.0102 | Val Loss: 0.2394 | Acc (clean): 0.9908 | Acc (poison): 0.9996 | Val Acc: 0.9285 | Time: 00:00:08
Epoch 097 | Seed 2026 | Rate 0.20 | Train Loss: 0.0108 | Val Loss: 0.2356 | Acc (clean): 0.9905 | Acc (poison): 0.9993 | Val Acc: 0.9293 | Time: 00:00:08
Epoch 098 | Seed 2026 | Rate 0.20 | Train Loss: 0.0102 | Val Loss: 0.2318 | Acc (clean): 0.9907 | Acc (poison): 0.9996 | Val Acc: 0.9315 | Time: 00:00:08
Epoch 099 | Seed 2026 | Rate 0.20 | Train Loss: 0.0103 | Val Loss: 0.2360 | Acc (clean): 0.9908 | Acc (poison): 0.9996 | Val Acc: 0.9304 | Time: 00:00:08
Epoch 100 | Seed 2026 | Rate 0.20 | Train Loss: 0.0109 | Val Loss: 0.2380 | Acc (clean): 0.9905 | Acc (poison): 0.9992 | Val Acc: 0.9311 | Time: 00:00:08
Loading train data from /home/yazanme/BachelorThesis/BachelorThesis/data/processed/resisc45/train.h5 with mapping /home/yazanme/BachelorThesis/BachelorThesis/data/processed/resisc45/poisoned/RQ2.2-sim/seed_2026/labels_0.50.pt... (in_memory=True, workers=6)
Testing torch.compile support...
Successfully compiled model using torch.compile.
Epoch 001 | Seed 2026 | Rate 0.50 | Train Loss: 2.7755 | Val Loss: 2.5908 | Acc (clean): 0.2656 | Acc (poison): 0.2658 | Val Acc: 0.2767 | Time: 00:00:09
Epoch 002 | Seed 2026 | Rate 0.50 | Train Loss: 1.8618 | Val Loss: 1.8948 | Acc (clean): 0.4547 | Acc (poison): 0.4549 | Val Acc: 0.4444 | Time: 00:00:09
Epoch 003 | Seed 2026 | Rate 0.50 | Train Loss: 1.4892 | Val Loss: 1.8774 | Acc (clean): 0.5544 | Acc (poison): 0.5538 | Val Acc: 0.4830 | Time: 00:00:08
Epoch 004 | Seed 2026 | Rate 0.50 | Train Loss: 1.2681 | Val Loss: 1.4466 | Acc (clean): 0.6163 | Acc (poison): 0.6167 | Val Acc: 0.5733 | Time: 00:00:08
Epoch 005 | Seed 2026 | Rate 0.50 | Train Loss: 1.0939 | Val Loss: 1.9387 | Acc (clean): 0.6621 | Acc (poison): 0.6621 | Val Acc: 0.4970 | Time: 00:00:08
Epoch 006 | Seed 2026 | Rate 0.50 | Train Loss: 0.9577 | Val Loss: 1.0851 | Acc (clean): 0.7022 | Acc (poison): 0.7010 | Val Acc: 0.6722 | Time: 00:00:09
Epoch 007 | Seed 2026 | Rate 0.50 | Train Loss: 0.8146 | Val Loss: 0.8064 | Acc (clean): 0.7422 | Acc (poison): 0.7427 | Val Acc: 0.7507 | Time: 00:00:08
Epoch 008 | Seed 2026 | Rate 0.50 | Train Loss: 0.7147 | Val Loss: 1.0880 | Acc (clean): 0.7735 | Acc (poison): 0.7738 | Val Acc: 0.6656 | Time: 00:00:08
Epoch 009 | Seed 2026 | Rate 0.50 | Train Loss: 0.6418 | Val Loss: 0.8560 | Acc (clean): 0.7911 | Acc (poison): 0.7919 | Val Acc: 0.7356 | Time: 00:00:08
Epoch 010 | Seed 2026 | Rate 0.50 | Train Loss: 0.5825 | Val Loss: 1.0490 | Acc (clean): 0.8099 | Acc (poison): 0.8100 | Val Acc: 0.6922 | Time: 00:00:08
Epoch 011 | Seed 2026 | Rate 0.50 | Train Loss: 0.5419 | Val Loss: 0.7394 | Acc (clean): 0.8203 | Acc (poison): 0.8221 | Val Acc: 0.7685 | Time: 00:00:09
Epoch 012 | Seed 2026 | Rate 0.50 | Train Loss: 0.4893 | Val Loss: 0.9256 | Acc (clean): 0.8350 | Acc (poison): 0.8370 | Val Acc: 0.7141 | Time: 00:00:08
Epoch 013 | Seed 2026 | Rate 0.50 | Train Loss: 0.4658 | Val Loss: 0.7543 | Acc (clean): 0.8424 | Acc (poison): 0.8440 | Val Acc: 0.7556 | Time: 00:00:08
Epoch 014 | Seed 2026 | Rate 0.50 | Train Loss: 0.4608 | Val Loss: 0.6105 | Acc (clean): 0.8467 | Acc (poison): 0.8477 | Val Acc: 0.7930 | Time: 00:00:09
Epoch 015 | Seed 2026 | Rate 0.50 | Train Loss: 0.4323 | Val Loss: 0.6223 | Acc (clean): 0.8547 | Acc (poison): 0.8570 | Val Acc: 0.8063 | Time: 00:00:08
Epoch 016 | Seed 2026 | Rate 0.50 | Train Loss: 0.4102 | Val Loss: 0.9107 | Acc (clean): 0.8607 | Acc (poison): 0.8621 | Val Acc: 0.7237 | Time: 00:00:08
Epoch 017 | Seed 2026 | Rate 0.50 | Train Loss: 0.4089 | Val Loss: 0.7037 | Acc (clean): 0.8616 | Acc (poison): 0.8641 | Val Acc: 0.7804 | Time: 00:00:08
Epoch 018 | Seed 2026 | Rate 0.50 | Train Loss: 0.3909 | Val Loss: 0.9703 | Acc (clean): 0.8653 | Acc (poison): 0.8677 | Val Acc: 0.7044 | Time: 00:00:08
Epoch 019 | Seed 2026 | Rate 0.50 | Train Loss: 0.3849 | Val Loss: 0.6693 | Acc (clean): 0.8694 | Acc (poison): 0.8709 | Val Acc: 0.7974 | Time: 00:00:08
Epoch 020 | Seed 2026 | Rate 0.50 | Train Loss: 0.3632 | Val Loss: 0.8171 | Acc (clean): 0.8751 | Acc (poison): 0.8786 | Val Acc: 0.7615 | Time: 00:00:08
Epoch 021 | Seed 2026 | Rate 0.50 | Train Loss: 0.3615 | Val Loss: 0.9464 | Acc (clean): 0.8763 | Acc (poison): 0.8781 | Val Acc: 0.7193 | Time: 00:00:08
Epoch 022 | Seed 2026 | Rate 0.50 | Train Loss: 0.3486 | Val Loss: 0.9463 | Acc (clean): 0.8807 | Acc (poison): 0.8822 | Val Acc: 0.7211 | Time: 00:00:08
Epoch 023 | Seed 2026 | Rate 0.50 | Train Loss: 0.3433 | Val Loss: 0.6087 | Acc (clean): 0.8812 | Acc (poison): 0.8833 | Val Acc: 0.8159 | Time: 00:00:09
Epoch 024 | Seed 2026 | Rate 0.50 | Train Loss: 0.3410 | Val Loss: 0.6837 | Acc (clean): 0.8823 | Acc (poison): 0.8840 | Val Acc: 0.7885 | Time: 00:00:08
Epoch 025 | Seed 2026 | Rate 0.50 | Train Loss: 0.3317 | Val Loss: 0.8508 | Acc (clean): 0.8842 | Acc (poison): 0.8876 | Val Acc: 0.7593 | Time: 00:00:08
Epoch 026 | Seed 2026 | Rate 0.50 | Train Loss: 0.3211 | Val Loss: 0.7331 | Acc (clean): 0.8877 | Acc (poison): 0.8896 | Val Acc: 0.7770 | Time: 00:00:08
Epoch 027 | Seed 2026 | Rate 0.50 | Train Loss: 0.3202 | Val Loss: 0.6733 | Acc (clean): 0.8881 | Acc (poison): 0.8906 | Val Acc: 0.7852 | Time: 00:00:08
Epoch 028 | Seed 2026 | Rate 0.50 | Train Loss: 0.3184 | Val Loss: 0.6480 | Acc (clean): 0.8894 | Acc (poison): 0.8919 | Val Acc: 0.7996 | Time: 00:00:08
Epoch 029 | Seed 2026 | Rate 0.50 | Train Loss: 0.3147 | Val Loss: 0.7524 | Acc (clean): 0.8907 | Acc (poison): 0.8937 | Val Acc: 0.7744 | Time: 00:00:08
Epoch 030 | Seed 2026 | Rate 0.50 | Train Loss: 0.3070 | Val Loss: 0.6196 | Acc (clean): 0.8928 | Acc (poison): 0.8953 | Val Acc: 0.8089 | Time: 00:00:08
Epoch 031 | Seed 2026 | Rate 0.50 | Train Loss: 0.3010 | Val Loss: 0.6797 | Acc (clean): 0.8937 | Acc (poison): 0.8972 | Val Acc: 0.7907 | Time: 00:00:08
Epoch 032 | Seed 2026 | Rate 0.50 | Train Loss: 0.2953 | Val Loss: 0.6530 | Acc (clean): 0.8967 | Acc (poison): 0.8995 | Val Acc: 0.7989 | Time: 00:00:08
Epoch 033 | Seed 2026 | Rate 0.50 | Train Loss: 0.3037 | Val Loss: 0.7644 | Acc (clean): 0.8945 | Acc (poison): 0.8972 | Val Acc: 0.7759 | Time: 00:00:08
Epoch 034 | Seed 2026 | Rate 0.50 | Train Loss: 0.2992 | Val Loss: 0.5962 | Acc (clean): 0.8937 | Acc (poison): 0.8984 | Val Acc: 0.8215 | Time: 00:00:09
Epoch 035 | Seed 2026 | Rate 0.50 | Train Loss: 0.2799 | Val Loss: 0.7039 | Acc (clean): 0.9011 | Acc (poison): 0.9049 | Val Acc: 0.7881 | Time: 00:00:08
Epoch 036 | Seed 2026 | Rate 0.50 | Train Loss: 0.2868 | Val Loss: 0.7122 | Acc (clean): 0.8977 | Acc (poison): 0.9017 | Val Acc: 0.7904 | Time: 00:00:08
Epoch 037 | Seed 2026 | Rate 0.50 | Train Loss: 0.2878 | Val Loss: 0.8358 | Acc (clean): 0.8977 | Acc (poison): 0.9004 | Val Acc: 0.7700 | Time: 00:00:08
Epoch 038 | Seed 2026 | Rate 0.50 | Train Loss: 0.2821 | Val Loss: 0.5517 | Acc (clean): 0.8993 | Acc (poison): 0.9032 | Val Acc: 0.8296 | Time: 00:00:09
Epoch 039 | Seed 2026 | Rate 0.50 | Train Loss: 0.2863 | Val Loss: 0.6862 | Acc (clean): 0.8967 | Acc (poison): 0.9018 | Val Acc: 0.7926 | Time: 00:00:08
Epoch 040 | Seed 2026 | Rate 0.50 | Train Loss: 0.2726 | Val Loss: 0.6175 | Acc (clean): 0.9048 | Acc (poison): 0.9070 | Val Acc: 0.8122 | Time: 00:00:08
Epoch 041 | Seed 2026 | Rate 0.50 | Train Loss: 0.2854 | Val Loss: 0.5929 | Acc (clean): 0.8998 | Acc (poison): 0.9043 | Val Acc: 0.8181 | Time: 00:00:08
Epoch 042 | Seed 2026 | Rate 0.50 | Train Loss: 0.2608 | Val Loss: 0.5983 | Acc (clean): 0.9042 | Acc (poison): 0.9098 | Val Acc: 0.8230 | Time: 00:00:08
Epoch 043 | Seed 2026 | Rate 0.50 | Train Loss: 0.2881 | Val Loss: 0.6278 | Acc (clean): 0.8953 | Acc (poison): 0.9001 | Val Acc: 0.8026 | Time: 00:00:08
Epoch 044 | Seed 2026 | Rate 0.50 | Train Loss: 0.2533 | Val Loss: 0.7182 | Acc (clean): 0.9099 | Acc (poison): 0.9131 | Val Acc: 0.7885 | Time: 00:00:08
Epoch 045 | Seed 2026 | Rate 0.50 | Train Loss: 0.2838 | Val Loss: 0.5482 | Acc (clean): 0.9001 | Acc (poison): 0.9056 | Val Acc: 0.8222 | Time: 00:00:09
Epoch 046 | Seed 2026 | Rate 0.50 | Train Loss: 0.2686 | Val Loss: 0.8039 | Acc (clean): 0.9026 | Acc (poison): 0.9076 | Val Acc: 0.7722 | Time: 00:00:08
Epoch 047 | Seed 2026 | Rate 0.50 | Train Loss: 0.2714 | Val Loss: 0.7549 | Acc (clean): 0.9051 | Acc (poison): 0.9100 | Val Acc: 0.7681 | Time: 00:00:08
Epoch 048 | Seed 2026 | Rate 0.50 | Train Loss: 0.2629 | Val Loss: 0.5760 | Acc (clean): 0.9060 | Acc (poison): 0.9111 | Val Acc: 0.8207 | Time: 00:00:08
Epoch 049 | Seed 2026 | Rate 0.50 | Train Loss: 0.2525 | Val Loss: 1.4530 | Acc (clean): 0.9101 | Acc (poison): 0.9157 | Val Acc: 0.6537 | Time: 00:00:08
Epoch 050 | Seed 2026 | Rate 0.50 | Train Loss: 0.2426 | Val Loss: 0.8318 | Acc (clean): 0.9127 | Acc (poison): 0.9191 | Val Acc: 0.7693 | Time: 00:00:08
Epoch 051 | Seed 2026 | Rate 0.50 | Train Loss: 0.1169 | Val Loss: 0.2698 | Acc (clean): 0.9523 | Acc (poison): 0.9626 | Val Acc: 0.9078 | Time: 00:00:08
Epoch 052 | Seed 2026 | Rate 0.50 | Train Loss: 0.0751 | Val Loss: 0.2604 | Acc (clean): 0.9656 | Acc (poison): 0.9779 | Val Acc: 0.9070 | Time: 00:00:08
Epoch 053 | Seed 2026 | Rate 0.50 | Train Loss: 0.0635 | Val Loss: 0.2574 | Acc (clean): 0.9680 | Acc (poison): 0.9815 | Val Acc: 0.9122 | Time: 00:00:09
Epoch 054 | Seed 2026 | Rate 0.50 | Train Loss: 0.0554 | Val Loss: 0.2599 | Acc (clean): 0.9703 | Acc (poison): 0.9844 | Val Acc: 0.9141 | Time: 00:00:08
Epoch 055 | Seed 2026 | Rate 0.50 | Train Loss: 0.0494 | Val Loss: 0.2566 | Acc (clean): 0.9705 | Acc (poison): 0.9863 | Val Acc: 0.9122 | Time: 00:00:09
Epoch 056 | Seed 2026 | Rate 0.50 | Train Loss: 0.0475 | Val Loss: 0.2667 | Acc (clean): 0.9705 | Acc (poison): 0.9870 | Val Acc: 0.9107 | Time: 00:00:08
Epoch 057 | Seed 2026 | Rate 0.50 | Train Loss: 0.0428 | Val Loss: 0.2561 | Acc (clean): 0.9723 | Acc (poison): 0.9886 | Val Acc: 0.9167 | Time: 00:00:09
Epoch 058 | Seed 2026 | Rate 0.50 | Train Loss: 0.0391 | Val Loss: 0.2532 | Acc (clean): 0.9739 | Acc (poison): 0.9908 | Val Acc: 0.9137 | Time: 00:00:08
Epoch 059 | Seed 2026 | Rate 0.50 | Train Loss: 0.0370 | Val Loss: 0.2607 | Acc (clean): 0.9745 | Acc (poison): 0.9919 | Val Acc: 0.9144 | Time: 00:00:08
Epoch 060 | Seed 2026 | Rate 0.50 | Train Loss: 0.0323 | Val Loss: 0.2657 | Acc (clean): 0.9755 | Acc (poison): 0.9937 | Val Acc: 0.9167 | Time: 00:00:08
Epoch 061 | Seed 2026 | Rate 0.50 | Train Loss: 0.0317 | Val Loss: 0.2658 | Acc (clean): 0.9743 | Acc (poison): 0.9936 | Val Acc: 0.9141 | Time: 00:00:08
Epoch 062 | Seed 2026 | Rate 0.50 | Train Loss: 0.0280 | Val Loss: 0.2687 | Acc (clean): 0.9756 | Acc (poison): 0.9949 | Val Acc: 0.9167 | Time: 00:00:08
Epoch 063 | Seed 2026 | Rate 0.50 | Train Loss: 0.0273 | Val Loss: 0.2686 | Acc (clean): 0.9755 | Acc (poison): 0.9950 | Val Acc: 0.9156 | Time: 00:00:08
Epoch 064 | Seed 2026 | Rate 0.50 | Train Loss: 0.0258 | Val Loss: 0.2658 | Acc (clean): 0.9756 | Acc (poison): 0.9952 | Val Acc: 0.9170 | Time: 00:00:08
Epoch 065 | Seed 2026 | Rate 0.50 | Train Loss: 0.0229 | Val Loss: 0.2810 | Acc (clean): 0.9761 | Acc (poison): 0.9965 | Val Acc: 0.9141 | Time: 00:00:08
Epoch 066 | Seed 2026 | Rate 0.50 | Train Loss: 0.0215 | Val Loss: 0.2767 | Acc (clean): 0.9758 | Acc (poison): 0.9971 | Val Acc: 0.9181 | Time: 00:00:08
Epoch 067 | Seed 2026 | Rate 0.50 | Train Loss: 0.0220 | Val Loss: 0.2606 | Acc (clean): 0.9757 | Acc (poison): 0.9966 | Val Acc: 0.9196 | Time: 00:00:08
Epoch 068 | Seed 2026 | Rate 0.50 | Train Loss: 0.0211 | Val Loss: 0.2693 | Acc (clean): 0.9764 | Acc (poison): 0.9974 | Val Acc: 0.9256 | Time: 00:00:08
Epoch 069 | Seed 2026 | Rate 0.50 | Train Loss: 0.0179 | Val Loss: 0.2660 | Acc (clean): 0.9768 | Acc (poison): 0.9980 | Val Acc: 0.9189 | Time: 00:00:08
Epoch 070 | Seed 2026 | Rate 0.50 | Train Loss: 0.0178 | Val Loss: 0.2717 | Acc (clean): 0.9763 | Acc (poison): 0.9981 | Val Acc: 0.9193 | Time: 00:00:08
Epoch 071 | Seed 2026 | Rate 0.50 | Train Loss: 0.0174 | Val Loss: 0.2772 | Acc (clean): 0.9762 | Acc (poison): 0.9977 | Val Acc: 0.9200 | Time: 00:00:08
Epoch 072 | Seed 2026 | Rate 0.50 | Train Loss: 0.0166 | Val Loss: 0.2819 | Acc (clean): 0.9768 | Acc (poison): 0.9983 | Val Acc: 0.9219 | Time: 00:00:08
Epoch 073 | Seed 2026 | Rate 0.50 | Train Loss: 0.0173 | Val Loss: 0.2779 | Acc (clean): 0.9760 | Acc (poison): 0.9978 | Val Acc: 0.9193 | Time: 00:00:08
Epoch 074 | Seed 2026 | Rate 0.50 | Train Loss: 0.0160 | Val Loss: 0.2862 | Acc (clean): 0.9770 | Acc (poison): 0.9984 | Val Acc: 0.9196 | Time: 00:00:08
Epoch 075 | Seed 2026 | Rate 0.50 | Train Loss: 0.0143 | Val Loss: 0.2703 | Acc (clean): 0.9770 | Acc (poison): 0.9986 | Val Acc: 0.9219 | Time: 00:00:08
Epoch 076 | Seed 2026 | Rate 0.50 | Train Loss: 0.0135 | Val Loss: 0.2697 | Acc (clean): 0.9772 | Acc (poison): 0.9990 | Val Acc: 0.9200 | Time: 00:00:08
Epoch 077 | Seed 2026 | Rate 0.50 | Train Loss: 0.0128 | Val Loss: 0.2688 | Acc (clean): 0.9772 | Acc (poison): 0.9990 | Val Acc: 0.9215 | Time: 00:00:08
Epoch 078 | Seed 2026 | Rate 0.50 | Train Loss: 0.0122 | Val Loss: 0.2716 | Acc (clean): 0.9772 | Acc (poison): 0.9993 | Val Acc: 0.9204 | Time: 00:00:08
Epoch 079 | Seed 2026 | Rate 0.50 | Train Loss: 0.0115 | Val Loss: 0.2737 | Acc (clean): 0.9773 | Acc (poison): 0.9993 | Val Acc: 0.9204 | Time: 00:00:08
Epoch 080 | Seed 2026 | Rate 0.50 | Train Loss: 0.0122 | Val Loss: 0.2727 | Acc (clean): 0.9772 | Acc (poison): 0.9991 | Val Acc: 0.9193 | Time: 00:00:08
Epoch 081 | Seed 2026 | Rate 0.50 | Train Loss: 0.0116 | Val Loss: 0.2691 | Acc (clean): 0.9771 | Acc (poison): 0.9993 | Val Acc: 0.9226 | Time: 00:00:08
Epoch 082 | Seed 2026 | Rate 0.50 | Train Loss: 0.0120 | Val Loss: 0.2679 | Acc (clean): 0.9772 | Acc (poison): 0.9993 | Val Acc: 0.9211 | Time: 00:00:08
Epoch 083 | Seed 2026 | Rate 0.50 | Train Loss: 0.0118 | Val Loss: 0.2700 | Acc (clean): 0.9771 | Acc (poison): 0.9991 | Val Acc: 0.9207 | Time: 00:00:08
Epoch 084 | Seed 2026 | Rate 0.50 | Train Loss: 0.0113 | Val Loss: 0.2686 | Acc (clean): 0.9773 | Acc (poison): 0.9992 | Val Acc: 0.9230 | Time: 00:00:08
Epoch 085 | Seed 2026 | Rate 0.50 | Train Loss: 0.0112 | Val Loss: 0.2721 | Acc (clean): 0.9774 | Acc (poison): 0.9994 | Val Acc: 0.9193 | Time: 00:00:08
Epoch 086 | Seed 2026 | Rate 0.50 | Train Loss: 0.0117 | Val Loss: 0.2709 | Acc (clean): 0.9771 | Acc (poison): 0.9991 | Val Acc: 0.9237 | Time: 00:00:08
Epoch 087 | Seed 2026 | Rate 0.50 | Train Loss: 0.0113 | Val Loss: 0.2717 | Acc (clean): 0.9771 | Acc (poison): 0.9992 | Val Acc: 0.9211 | Time: 00:00:08
Epoch 088 | Seed 2026 | Rate 0.50 | Train Loss: 0.0118 | Val Loss: 0.2681 | Acc (clean): 0.9770 | Acc (poison): 0.9992 | Val Acc: 0.9241 | Time: 00:00:08
Epoch 089 | Seed 2026 | Rate 0.50 | Train Loss: 0.0108 | Val Loss: 0.2715 | Acc (clean): 0.9772 | Acc (poison): 0.9993 | Val Acc: 0.9230 | Time: 00:00:08
Epoch 090 | Seed 2026 | Rate 0.50 | Train Loss: 0.0105 | Val Loss: 0.2722 | Acc (clean): 0.9775 | Acc (poison): 0.9997 | Val Acc: 0.9222 | Time: 00:00:08
Epoch 091 | Seed 2026 | Rate 0.50 | Train Loss: 0.0108 | Val Loss: 0.2715 | Acc (clean): 0.9773 | Acc (poison): 0.9995 | Val Acc: 0.9211 | Time: 00:00:08
Epoch 092 | Seed 2026 | Rate 0.50 | Train Loss: 0.0111 | Val Loss: 0.2718 | Acc (clean): 0.9769 | Acc (poison): 0.9991 | Val Acc: 0.9237 | Time: 00:00:08
Epoch 093 | Seed 2026 | Rate 0.50 | Train Loss: 0.0109 | Val Loss: 0.2734 | Acc (clean): 0.9774 | Acc (poison): 0.9994 | Val Acc: 0.9226 | Time: 00:00:08
Epoch 094 | Seed 2026 | Rate 0.50 | Train Loss: 0.0106 | Val Loss: 0.2707 | Acc (clean): 0.9774 | Acc (poison): 0.9995 | Val Acc: 0.9237 | Time: 00:00:08
Epoch 095 | Seed 2026 | Rate 0.50 | Train Loss: 0.0106 | Val Loss: 0.2715 | Acc (clean): 0.9772 | Acc (poison): 0.9993 | Val Acc: 0.9222 | Time: 00:00:08
Epoch 096 | Seed 2026 | Rate 0.50 | Train Loss: 0.0109 | Val Loss: 0.2763 | Acc (clean): 0.9773 | Acc (poison): 0.9993 | Val Acc: 0.9215 | Time: 00:00:08
Epoch 097 | Seed 2026 | Rate 0.50 | Train Loss: 0.0110 | Val Loss: 0.2730 | Acc (clean): 0.9772 | Acc (poison): 0.9992 | Val Acc: 0.9237 | Time: 00:00:08
Epoch 098 | Seed 2026 | Rate 0.50 | Train Loss: 0.0105 | Val Loss: 0.2660 | Acc (clean): 0.9775 | Acc (poison): 0.9995 | Val Acc: 0.9252 | Time: 00:00:08
Epoch 099 | Seed 2026 | Rate 0.50 | Train Loss: 0.0103 | Val Loss: 0.2706 | Acc (clean): 0.9774 | Acc (poison): 0.9997 | Val Acc: 0.9226 | Time: 00:00:08
Epoch 100 | Seed 2026 | Rate 0.50 | Train Loss: 0.0109 | Val Loss: 0.2741 | Acc (clean): 0.9773 | Acc (poison): 0.9993 | Val Acc: 0.9230 | Time: 00:00:08
Loading train data from /home/yazanme/BachelorThesis/BachelorThesis/data/processed/resisc45/train.h5 with mapping /home/yazanme/BachelorThesis/BachelorThesis/data/processed/resisc45/poisoned/RQ2.2-sim/seed_2026/labels_1.00.pt... (in_memory=True, workers=6)
Testing torch.compile support...
Successfully compiled model using torch.compile.
Epoch 001 | Seed 2026 | Rate 1.00 | Train Loss: 2.7348 | Val Loss: 2.3197 | Acc (clean): 0.2721 | Acc (poison): 0.2734 | Val Acc: 0.3426 | Time: 00:00:09
Epoch 002 | Seed 2026 | Rate 1.00 | Train Loss: 1.8307 | Val Loss: 1.8148 | Acc (clean): 0.4614 | Acc (poison): 0.4658 | Val Acc: 0.4689 | Time: 00:00:09
Epoch 003 | Seed 2026 | Rate 1.00 | Train Loss: 1.4844 | Val Loss: 1.7791 | Acc (clean): 0.5502 | Acc (poison): 0.5575 | Val Acc: 0.4970 | Time: 00:00:08
Epoch 004 | Seed 2026 | Rate 1.00 | Train Loss: 1.2544 | Val Loss: 1.4699 | Acc (clean): 0.6120 | Acc (poison): 0.6228 | Val Acc: 0.5689 | Time: 00:00:09
Epoch 005 | Seed 2026 | Rate 1.00 | Train Loss: 1.0958 | Val Loss: 1.4192 | Acc (clean): 0.6543 | Acc (poison): 0.6659 | Val Acc: 0.5841 | Time: 00:00:08
Epoch 006 | Seed 2026 | Rate 1.00 | Train Loss: 0.9558 | Val Loss: 1.4446 | Acc (clean): 0.6913 | Acc (poison): 0.7039 | Val Acc: 0.5796 | Time: 00:00:08
Epoch 007 | Seed 2026 | Rate 1.00 | Train Loss: 0.8206 | Val Loss: 0.9306 | Acc (clean): 0.7310 | Acc (poison): 0.7475 | Val Acc: 0.7181 | Time: 00:00:08
Epoch 008 | Seed 2026 | Rate 1.00 | Train Loss: 0.7200 | Val Loss: 1.0971 | Acc (clean): 0.7577 | Acc (poison): 0.7768 | Val Acc: 0.6774 | Time: 00:00:08
Epoch 009 | Seed 2026 | Rate 1.00 | Train Loss: 0.6394 | Val Loss: 0.9423 | Acc (clean): 0.7792 | Acc (poison): 0.7965 | Val Acc: 0.7200 | Time: 00:00:08
Epoch 010 | Seed 2026 | Rate 1.00 | Train Loss: 0.5611 | Val Loss: 0.8564 | Acc (clean): 0.7998 | Acc (poison): 0.8220 | Val Acc: 0.7430 | Time: 00:00:08
Epoch 011 | Seed 2026 | Rate 1.00 | Train Loss: 0.5261 | Val Loss: 0.8966 | Acc (clean): 0.8079 | Acc (poison): 0.8305 | Val Acc: 0.7326 | Time: 00:00:08
Epoch 012 | Seed 2026 | Rate 1.00 | Train Loss: 0.4843 | Val Loss: 0.8977 | Acc (clean): 0.8221 | Acc (poison): 0.8456 | Val Acc: 0.7415 | Time: 00:00:08
Epoch 013 | Seed 2026 | Rate 1.00 | Train Loss: 0.4514 | Val Loss: 0.8126 | Acc (clean): 0.8316 | Acc (poison): 0.8542 | Val Acc: 0.7611 | Time: 00:00:08
Epoch 014 | Seed 2026 | Rate 1.00 | Train Loss: 0.4317 | Val Loss: 0.8375 | Acc (clean): 0.8370 | Acc (poison): 0.8632 | Val Acc: 0.7474 | Time: 00:00:08
Epoch 015 | Seed 2026 | Rate 1.00 | Train Loss: 0.3997 | Val Loss: 0.9085 | Acc (clean): 0.8476 | Acc (poison): 0.8737 | Val Acc: 0.7281 | Time: 00:00:08
Epoch 016 | Seed 2026 | Rate 1.00 | Train Loss: 0.3824 | Val Loss: 0.8734 | Acc (clean): 0.8504 | Acc (poison): 0.8770 | Val Acc: 0.7463 | Time: 00:00:08
Epoch 017 | Seed 2026 | Rate 1.00 | Train Loss: 0.3772 | Val Loss: 0.7914 | Acc (clean): 0.8542 | Acc (poison): 0.8815 | Val Acc: 0.7670 | Time: 00:00:08
Epoch 018 | Seed 2026 | Rate 1.00 | Train Loss: 0.3686 | Val Loss: 1.1946 | Acc (clean): 0.8540 | Acc (poison): 0.8808 | Val Acc: 0.6715 | Time: 00:00:08
Epoch 019 | Seed 2026 | Rate 1.00 | Train Loss: 0.3594 | Val Loss: 0.7147 | Acc (clean): 0.8542 | Acc (poison): 0.8827 | Val Acc: 0.8026 | Time: 00:00:08
Epoch 020 | Seed 2026 | Rate 1.00 | Train Loss: 0.3478 | Val Loss: 0.7383 | Acc (clean): 0.8598 | Acc (poison): 0.8883 | Val Acc: 0.7819 | Time: 00:00:08
Epoch 021 | Seed 2026 | Rate 1.00 | Train Loss: 0.3380 | Val Loss: 0.9871 | Acc (clean): 0.8648 | Acc (poison): 0.8939 | Val Acc: 0.7122 | Time: 00:00:08
Epoch 022 | Seed 2026 | Rate 1.00 | Train Loss: 0.3220 | Val Loss: 0.8869 | Acc (clean): 0.8674 | Acc (poison): 0.8965 | Val Acc: 0.7470 | Time: 00:00:08
Epoch 023 | Seed 2026 | Rate 1.00 | Train Loss: 0.3244 | Val Loss: 0.8922 | Acc (clean): 0.8661 | Acc (poison): 0.8951 | Val Acc: 0.7626 | Time: 00:00:08
Epoch 024 | Seed 2026 | Rate 1.00 | Train Loss: 0.3146 | Val Loss: 0.9489 | Acc (clean): 0.8670 | Acc (poison): 0.8962 | Val Acc: 0.7478 | Time: 00:00:08
Epoch 025 | Seed 2026 | Rate 1.00 | Train Loss: 0.3160 | Val Loss: 0.8802 | Acc (clean): 0.8687 | Acc (poison): 0.8991 | Val Acc: 0.7541 | Time: 00:00:08
Epoch 026 | Seed 2026 | Rate 1.00 | Train Loss: 0.2917 | Val Loss: 0.7781 | Acc (clean): 0.8768 | Acc (poison): 0.9071 | Val Acc: 0.7711 | Time: 00:00:08
Epoch 027 | Seed 2026 | Rate 1.00 | Train Loss: 0.2980 | Val Loss: 0.9811 | Acc (clean): 0.8702 | Acc (poison): 0.9020 | Val Acc: 0.7319 | Time: 00:00:08
Epoch 028 | Seed 2026 | Rate 1.00 | Train Loss: 0.2885 | Val Loss: 0.7753 | Acc (clean): 0.8758 | Acc (poison): 0.9074 | Val Acc: 0.7781 | Time: 00:00:08
Epoch 029 | Seed 2026 | Rate 1.00 | Train Loss: 0.2799 | Val Loss: 0.7820 | Acc (clean): 0.8791 | Acc (poison): 0.9110 | Val Acc: 0.7774 | Time: 00:00:08
Epoch 030 | Seed 2026 | Rate 1.00 | Train Loss: 0.2797 | Val Loss: 0.8862 | Acc (clean): 0.8775 | Acc (poison): 0.9098 | Val Acc: 0.7648 | Time: 00:00:08
Epoch 031 | Seed 2026 | Rate 1.00 | Train Loss: 0.2792 | Val Loss: 1.2294 | Acc (clean): 0.8802 | Acc (poison): 0.9121 | Val Acc: 0.6889 | Time: 00:00:08
Epoch 032 | Seed 2026 | Rate 1.00 | Train Loss: 0.2635 | Val Loss: 1.0018 | Acc (clean): 0.8826 | Acc (poison): 0.9156 | Val Acc: 0.7433 | Time: 00:00:08
Epoch 033 | Seed 2026 | Rate 1.00 | Train Loss: 0.2832 | Val Loss: 0.9054 | Acc (clean): 0.8780 | Acc (poison): 0.9082 | Val Acc: 0.7663 | Time: 00:00:08
Epoch 034 | Seed 2026 | Rate 1.00 | Train Loss: 0.2651 | Val Loss: 0.7287 | Acc (clean): 0.8836 | Acc (poison): 0.9167 | Val Acc: 0.8037 | Time: 00:00:08
Epoch 035 | Seed 2026 | Rate 1.00 | Train Loss: 0.2678 | Val Loss: 0.7572 | Acc (clean): 0.8807 | Acc (poison): 0.9132 | Val Acc: 0.7933 | Time: 00:00:08
Epoch 036 | Seed 2026 | Rate 1.00 | Train Loss: 0.2570 | Val Loss: 0.7533 | Acc (clean): 0.8852 | Acc (poison): 0.9172 | Val Acc: 0.7944 | Time: 00:00:08
Epoch 037 | Seed 2026 | Rate 1.00 | Train Loss: 0.2517 | Val Loss: 0.9065 | Acc (clean): 0.8862 | Acc (poison): 0.9194 | Val Acc: 0.7722 | Time: 00:00:08
Epoch 038 | Seed 2026 | Rate 1.00 | Train Loss: 0.2544 | Val Loss: 0.7194 | Acc (clean): 0.8873 | Acc (poison): 0.9188 | Val Acc: 0.7952 | Time: 00:00:08
Epoch 039 | Seed 2026 | Rate 1.00 | Train Loss: 0.2585 | Val Loss: 0.7336 | Acc (clean): 0.8816 | Acc (poison): 0.9159 | Val Acc: 0.8059 | Time: 00:00:08
Epoch 040 | Seed 2026 | Rate 1.00 | Train Loss: 0.2472 | Val Loss: 0.7433 | Acc (clean): 0.8872 | Acc (poison): 0.9213 | Val Acc: 0.8000 | Time: 00:00:08
Epoch 041 | Seed 2026 | Rate 1.00 | Train Loss: 0.2421 | Val Loss: 0.7661 | Acc (clean): 0.8893 | Acc (poison): 0.9226 | Val Acc: 0.7893 | Time: 00:00:08
Epoch 042 | Seed 2026 | Rate 1.00 | Train Loss: 0.2443 | Val Loss: 0.7199 | Acc (clean): 0.8865 | Acc (poison): 0.9220 | Val Acc: 0.8067 | Time: 00:00:08
Epoch 043 | Seed 2026 | Rate 1.00 | Train Loss: 0.2508 | Val Loss: 0.6872 | Acc (clean): 0.8872 | Acc (poison): 0.9207 | Val Acc: 0.8000 | Time: 00:00:08
Epoch 044 | Seed 2026 | Rate 1.00 | Train Loss: 0.2345 | Val Loss: 0.8791 | Acc (clean): 0.8923 | Acc (poison): 0.9272 | Val Acc: 0.7648 | Time: 00:00:08
Epoch 045 | Seed 2026 | Rate 1.00 | Train Loss: 0.2478 | Val Loss: 0.9418 | Acc (clean): 0.8876 | Acc (poison): 0.9196 | Val Acc: 0.7559 | Time: 00:00:08
Epoch 046 | Seed 2026 | Rate 1.00 | Train Loss: 0.2424 | Val Loss: 0.8126 | Acc (clean): 0.8895 | Acc (poison): 0.9236 | Val Acc: 0.7819 | Time: 00:00:08
Epoch 047 | Seed 2026 | Rate 1.00 | Train Loss: 0.2434 | Val Loss: 0.8092 | Acc (clean): 0.8902 | Acc (poison): 0.9239 | Val Acc: 0.7796 | Time: 00:00:08
Epoch 048 | Seed 2026 | Rate 1.00 | Train Loss: 0.2406 | Val Loss: 0.7276 | Acc (clean): 0.8901 | Acc (poison): 0.9245 | Val Acc: 0.8089 | Time: 00:00:08
Epoch 049 | Seed 2026 | Rate 1.00 | Train Loss: 0.2271 | Val Loss: 0.7852 | Acc (clean): 0.8932 | Acc (poison): 0.9282 | Val Acc: 0.7830 | Time: 00:00:08
Epoch 050 | Seed 2026 | Rate 1.00 | Train Loss: 0.2399 | Val Loss: 0.7473 | Acc (clean): 0.8914 | Acc (poison): 0.9252 | Val Acc: 0.8137 | Time: 00:00:08
Epoch 051 | Seed 2026 | Rate 1.00 | Train Loss: 0.1009 | Val Loss: 0.4186 | Acc (clean): 0.9316 | Acc (poison): 0.9723 | Val Acc: 0.8885 | Time: 00:00:08
Epoch 052 | Seed 2026 | Rate 1.00 | Train Loss: 0.0575 | Val Loss: 0.4253 | Acc (clean): 0.9446 | Acc (poison): 0.9871 | Val Acc: 0.8907 | Time: 00:00:08
Epoch 053 | Seed 2026 | Rate 1.00 | Train Loss: 0.0452 | Val Loss: 0.4255 | Acc (clean): 0.9472 | Acc (poison): 0.9904 | Val Acc: 0.8956 | Time: 00:00:08
Epoch 054 | Seed 2026 | Rate 1.00 | Train Loss: 0.0387 | Val Loss: 0.4307 | Acc (clean): 0.9494 | Acc (poison): 0.9928 | Val Acc: 0.8941 | Time: 00:00:08
Epoch 055 | Seed 2026 | Rate 1.00 | Train Loss: 0.0325 | Val Loss: 0.4459 | Acc (clean): 0.9501 | Acc (poison): 0.9938 | Val Acc: 0.8959 | Time: 00:00:08
Epoch 056 | Seed 2026 | Rate 1.00 | Train Loss: 0.0313 | Val Loss: 0.4444 | Acc (clean): 0.9506 | Acc (poison): 0.9941 | Val Acc: 0.8933 | Time: 00:00:08
Epoch 057 | Seed 2026 | Rate 1.00 | Train Loss: 0.0279 | Val Loss: 0.4599 | Acc (clean): 0.9516 | Acc (poison): 0.9956 | Val Acc: 0.8930 | Time: 00:00:08
Epoch 058 | Seed 2026 | Rate 1.00 | Train Loss: 0.0245 | Val Loss: 0.4532 | Acc (clean): 0.9529 | Acc (poison): 0.9969 | Val Acc: 0.9004 | Time: 00:00:08
Epoch 059 | Seed 2026 | Rate 1.00 | Train Loss: 0.0248 | Val Loss: 0.4506 | Acc (clean): 0.9521 | Acc (poison): 0.9962 | Val Acc: 0.9019 | Time: 00:00:08
Epoch 060 | Seed 2026 | Rate 1.00 | Train Loss: 0.0210 | Val Loss: 0.4563 | Acc (clean): 0.9533 | Acc (poison): 0.9976 | Val Acc: 0.8996 | Time: 00:00:08
Epoch 061 | Seed 2026 | Rate 1.00 | Train Loss: 0.0207 | Val Loss: 0.4556 | Acc (clean): 0.9527 | Acc (poison): 0.9970 | Val Acc: 0.9000 | Time: 00:00:08
Epoch 062 | Seed 2026 | Rate 1.00 | Train Loss: 0.0193 | Val Loss: 0.4680 | Acc (clean): 0.9535 | Acc (poison): 0.9976 | Val Acc: 0.9026 | Time: 00:00:08
Epoch 063 | Seed 2026 | Rate 1.00 | Train Loss: 0.0191 | Val Loss: 0.4734 | Acc (clean): 0.9533 | Acc (poison): 0.9974 | Val Acc: 0.9007 | Time: 00:00:08
Epoch 064 | Seed 2026 | Rate 1.00 | Train Loss: 0.0178 | Val Loss: 0.4579 | Acc (clean): 0.9536 | Acc (poison): 0.9981 | Val Acc: 0.9022 | Time: 00:00:08
Epoch 065 | Seed 2026 | Rate 1.00 | Train Loss: 0.0171 | Val Loss: 0.4712 | Acc (clean): 0.9540 | Acc (poison): 0.9984 | Val Acc: 0.8985 | Time: 00:00:08
Epoch 066 | Seed 2026 | Rate 1.00 | Train Loss: 0.0164 | Val Loss: 0.4671 | Acc (clean): 0.9539 | Acc (poison): 0.9982 | Val Acc: 0.9030 | Time: 00:00:08
Epoch 067 | Seed 2026 | Rate 1.00 | Train Loss: 0.0168 | Val Loss: 0.4598 | Acc (clean): 0.9539 | Acc (poison): 0.9981 | Val Acc: 0.9030 | Time: 00:00:08
Epoch 068 | Seed 2026 | Rate 1.00 | Train Loss: 0.0159 | Val Loss: 0.4715 | Acc (clean): 0.9542 | Acc (poison): 0.9984 | Val Acc: 0.9000 | Time: 00:00:08
Epoch 069 | Seed 2026 | Rate 1.00 | Train Loss: 0.0138 | Val Loss: 0.4617 | Acc (clean): 0.9547 | Acc (poison): 0.9991 | Val Acc: 0.9041 | Time: 00:00:08
Epoch 070 | Seed 2026 | Rate 1.00 | Train Loss: 0.0142 | Val Loss: 0.4638 | Acc (clean): 0.9544 | Acc (poison): 0.9988 | Val Acc: 0.9037 | Time: 00:00:09
Epoch 071 | Seed 2026 | Rate 1.00 | Train Loss: 0.0141 | Val Loss: 0.4757 | Acc (clean): 0.9543 | Acc (poison): 0.9988 | Val Acc: 0.9011 | Time: 00:00:08
Epoch 072 | Seed 2026 | Rate 1.00 | Train Loss: 0.0137 | Val Loss: 0.4733 | Acc (clean): 0.9545 | Acc (poison): 0.9990 | Val Acc: 0.9022 | Time: 00:00:08
Epoch 073 | Seed 2026 | Rate 1.00 | Train Loss: 0.0136 | Val Loss: 0.4742 | Acc (clean): 0.9545 | Acc (poison): 0.9989 | Val Acc: 0.9026 | Time: 00:00:08
Epoch 074 | Seed 2026 | Rate 1.00 | Train Loss: 0.0126 | Val Loss: 0.4696 | Acc (clean): 0.9549 | Acc (poison): 0.9994 | Val Acc: 0.9022 | Time: 00:00:08
Epoch 075 | Seed 2026 | Rate 1.00 | Train Loss: 0.0122 | Val Loss: 0.4732 | Acc (clean): 0.9549 | Acc (poison): 0.9993 | Val Acc: 0.9026 | Time: 00:00:08
Epoch 076 | Seed 2026 | Rate 1.00 | Train Loss: 0.0118 | Val Loss: 0.4716 | Acc (clean): 0.9550 | Acc (poison): 0.9994 | Val Acc: 0.9041 | Time: 00:00:08
Epoch 077 | Seed 2026 | Rate 1.00 | Train Loss: 0.0115 | Val Loss: 0.4742 | Acc (clean): 0.9549 | Acc (poison): 0.9993 | Val Acc: 0.9037 | Time: 00:00:08
Epoch 078 | Seed 2026 | Rate 1.00 | Train Loss: 0.0113 | Val Loss: 0.4714 | Acc (clean): 0.9549 | Acc (poison): 0.9993 | Val Acc: 0.9030 | Time: 00:00:08
Epoch 079 | Seed 2026 | Rate 1.00 | Train Loss: 0.0103 | Val Loss: 0.4764 | Acc (clean): 0.9553 | Acc (poison): 0.9997 | Val Acc: 0.9030 | Time: 00:00:08
Epoch 080 | Seed 2026 | Rate 1.00 | Train Loss: 0.0110 | Val Loss: 0.4747 | Acc (clean): 0.9552 | Acc (poison): 0.9996 | Val Acc: 0.9030 | Time: 00:00:08
Epoch 081 | Seed 2026 | Rate 1.00 | Train Loss: 0.0107 | Val Loss: 0.4747 | Acc (clean): 0.9550 | Acc (poison): 0.9994 | Val Acc: 0.9037 | Time: 00:00:08
Epoch 082 | Seed 2026 | Rate 1.00 | Train Loss: 0.0108 | Val Loss: 0.4732 | Acc (clean): 0.9552 | Acc (poison): 0.9997 | Val Acc: 0.9044 | Time: 00:00:08
Epoch 083 | Seed 2026 | Rate 1.00 | Train Loss: 0.0108 | Val Loss: 0.4726 | Acc (clean): 0.9551 | Acc (poison): 0.9996 | Val Acc: 0.9037 | Time: 00:00:08
Epoch 084 | Seed 2026 | Rate 1.00 | Train Loss: 0.0101 | Val Loss: 0.4709 | Acc (clean): 0.9554 | Acc (poison): 0.9998 | Val Acc: 0.9041 | Time: 00:00:08
Epoch 085 | Seed 2026 | Rate 1.00 | Train Loss: 0.0102 | Val Loss: 0.4785 | Acc (clean): 0.9552 | Acc (poison): 0.9996 | Val Acc: 0.9022 | Time: 00:00:08
Epoch 086 | Seed 2026 | Rate 1.00 | Train Loss: 0.0106 | Val Loss: 0.4718 | Acc (clean): 0.9550 | Acc (poison): 0.9994 | Val Acc: 0.9037 | Time: 00:00:08
Epoch 087 | Seed 2026 | Rate 1.00 | Train Loss: 0.0103 | Val Loss: 0.4747 | Acc (clean): 0.9550 | Acc (poison): 0.9995 | Val Acc: 0.9041 | Time: 00:00:08
Epoch 088 | Seed 2026 | Rate 1.00 | Train Loss: 0.0107 | Val Loss: 0.4703 | Acc (clean): 0.9550 | Acc (poison): 0.9994 | Val Acc: 0.9056 | Time: 00:00:08
Epoch 089 | Seed 2026 | Rate 1.00 | Train Loss: 0.0100 | Val Loss: 0.4724 | Acc (clean): 0.9552 | Acc (poison): 0.9997 | Val Acc: 0.9041 | Time: 00:00:08
Epoch 090 | Seed 2026 | Rate 1.00 | Train Loss: 0.0102 | Val Loss: 0.4705 | Acc (clean): 0.9553 | Acc (poison): 0.9997 | Val Acc: 0.9044 | Time: 00:00:08
Epoch 091 | Seed 2026 | Rate 1.00 | Train Loss: 0.0102 | Val Loss: 0.4728 | Acc (clean): 0.9552 | Acc (poison): 0.9995 | Val Acc: 0.9026 | Time: 00:00:08
Epoch 092 | Seed 2026 | Rate 1.00 | Train Loss: 0.0103 | Val Loss: 0.4747 | Acc (clean): 0.9550 | Acc (poison): 0.9994 | Val Acc: 0.9015 | Time: 00:00:08
Epoch 093 | Seed 2026 | Rate 1.00 | Train Loss: 0.0103 | Val Loss: 0.4705 | Acc (clean): 0.9550 | Acc (poison): 0.9994 | Val Acc: 0.9019 | Time: 00:00:08
Epoch 094 | Seed 2026 | Rate 1.00 | Train Loss: 0.0102 | Val Loss: 0.4712 | Acc (clean): 0.9551 | Acc (poison): 0.9995 | Val Acc: 0.9044 | Time: 00:00:08
Epoch 095 | Seed 2026 | Rate 1.00 | Train Loss: 0.0100 | Val Loss: 0.4729 | Acc (clean): 0.9551 | Acc (poison): 0.9996 | Val Acc: 0.9026 | Time: 00:00:08
Epoch 096 | Seed 2026 | Rate 1.00 | Train Loss: 0.0100 | Val Loss: 0.4761 | Acc (clean): 0.9553 | Acc (poison): 0.9998 | Val Acc: 0.9041 | Time: 00:00:08
Epoch 097 | Seed 2026 | Rate 1.00 | Train Loss: 0.0103 | Val Loss: 0.4742 | Acc (clean): 0.9551 | Acc (poison): 0.9995 | Val Acc: 0.9026 | Time: 00:00:08
Epoch 098 | Seed 2026 | Rate 1.00 | Train Loss: 0.0100 | Val Loss: 0.4699 | Acc (clean): 0.9552 | Acc (poison): 0.9996 | Val Acc: 0.9059 | Time: 00:00:08
Epoch 099 | Seed 2026 | Rate 1.00 | Train Loss: 0.0100 | Val Loss: 0.4725 | Acc (clean): 0.9552 | Acc (poison): 0.9997 | Val Acc: 0.9056 | Time: 00:00:08
Epoch 100 | Seed 2026 | Rate 1.00 | Train Loss: 0.0106 | Val Loss: 0.4758 | Acc (clean): 0.9550 | Acc (poison): 0.9995 | Val Acc: 0.9033 | Time: 00:00:08

Endzeit: 2026-08-02 12:56:56 CEST
Laufzeit: 04:56:46
Exit-Code: 0

Abgeschlossene Laeufe (erwartet: 3 Seeds x 6 Raten = 18):
/home/yazanme/BachelorThesis/BachelorThesis/experiments/RQ2.2-sim/resnet18/seed_2001/rate_0.0
/home/yazanme/BachelorThesis/BachelorThesis/experiments/RQ2.2-sim/resnet18/seed_2001/rate_0.05
/home/yazanme/BachelorThesis/BachelorThesis/experiments/RQ2.2-sim/resnet18/seed_2001/rate_0.1
/home/yazanme/BachelorThesis/BachelorThesis/experiments/RQ2.2-sim/resnet18/seed_2001/rate_0.2
/home/yazanme/BachelorThesis/BachelorThesis/experiments/RQ2.2-sim/resnet18/seed_2001/rate_0.5
/home/yazanme/BachelorThesis/BachelorThesis/experiments/RQ2.2-sim/resnet18/seed_2001/rate_1.0
/home/yazanme/BachelorThesis/BachelorThesis/experiments/RQ2.2-sim/resnet18/seed_2026/rate_0.0
/home/yazanme/BachelorThesis/BachelorThesis/experiments/RQ2.2-sim/resnet18/seed_2026/rate_0.05
/home/yazanme/BachelorThesis/BachelorThesis/experiments/RQ2.2-sim/resnet18/seed_2026/rate_0.1
/home/yazanme/BachelorThesis/BachelorThesis/experiments/RQ2.2-sim/resnet18/seed_2026/rate_0.2
/home/yazanme/BachelorThesis/BachelorThesis/experiments/RQ2.2-sim/resnet18/seed_2026/rate_0.5
/home/yazanme/BachelorThesis/BachelorThesis/experiments/RQ2.2-sim/resnet18/seed_2026/rate_1.0
/home/yazanme/BachelorThesis/BachelorThesis/experiments/RQ2.2-sim/resnet18/seed_42/rate_0.0
/home/yazanme/BachelorThesis/BachelorThesis/experiments/RQ2.2-sim/resnet18/seed_42/rate_0.05
/home/yazanme/BachelorThesis/BachelorThesis/experiments/RQ2.2-sim/resnet18/seed_42/rate_0.1
/home/yazanme/BachelorThesis/BachelorThesis/experiments/RQ2.2-sim/resnet18/seed_42/rate_0.2
/home/yazanme/BachelorThesis/BachelorThesis/experiments/RQ2.2-sim/resnet18/seed_42/rate_0.5
/home/yazanme/BachelorThesis/BachelorThesis/experiments/RQ2.2-sim/resnet18/seed_42/rate_1.0
Anzahl: 18
