=========================================
1. SLURM ALLOKATIONS-INFO
=========================================
Job ID: 5168 (Array 5158, Task 0)
Job Name: rq3_mixup_mobilenetv2
Ausfuehrender Node: gpu01
Zugewiesene CPUs: 6
Zugewiesener Speicher: 32768 MB
Zugewiesene GPUs: 0
Zugewiesene GPUs ueber CUDA: 0
0, Tesla V100S-PCIE-32GB, 32768 MiB, 535.309.01

Zeitzonen-Check -> Node-Uhr (UTC): 2026-08-08 09:00:42 UTC
Zeitzonen-Check -> korrigiert    : 2026-08-08 11:00:42 CEST

Python: /home/yazanme/miniforge3/envs/venv/bin/python
Version: Python 3.12.13

Preflight ok: RQ2-Labels mit 16 Paaren / 32 angegriffenen Klassen.
Modell:           mobilenetv2
Verteidigung:     mixup
Seed:             42
Trainings-Config: /home/yazanme/BachelorThesis/BachelorThesis/src/yaml/rq3/rq3_train_mobilenetv2.yaml
Daten-Config:     /home/yazanme/BachelorThesis/BachelorThesis/src/implementation/data_preparation/config.yaml
Ausgabe:          /home/yazanme/BachelorThesis/BachelorThesis/experiments/RQ3/mixup/mobilenetv2/{clean,RQ1,RQ2}
Preflight ok: 3 HDF5-Splits + 10 Label-Tensoren (RQ1+RQ2) fuer Seed 42.
Erwartet: 1 clean + 2 Angriffe x 5 Raten = 11 Laeufe (~3.3 h).

Startzeit: 2026-08-08 11:00:43 CEST

Starting main script...
Config: /home/yazanme/BachelorThesis/BachelorThesis/src/yaml/rq3/rq3_train_mobilenetv2.yaml
Experiment: rq=RQ3 model=mobilenetv2 rates=[0.0, 0.01, 0.02, 0.05, 0.1, 0.2]
Defense: mixup | Seeds: [42] | Attacks: ['clean', 'RQ1', 'RQ2']
Set float32 matmul precision to: high
Initializing PyTorch and checking CUDA...
Set cudnn.benchmark to: True
Using device: cuda
Initializing base loaders...
Loading validation data from /home/yazanme/BachelorThesis/BachelorThesis/data/processed/resisc45/val.h5... (in_memory=True, workers=4)
Loading test data from /home/yazanme/BachelorThesis/BachelorThesis/data/processed/resisc45/test.h5... (in_memory=True, workers=4)
Starting experiment run...

=== defense=mixup attack=clean seed=42 rate=0.0 ===
Loading train data from /home/yazanme/BachelorThesis/BachelorThesis/data/processed/resisc45/train.h5... (in_memory=True, workers=4)
Testing torch.compile support...
Successfully compiled model using torch.compile.
Epoch 001 | Seed 42 | Rate 0.00 | Train Loss: 3.0803 | Val Loss: 2.4650 | Acc (clean): 0.2267 | Acc (poison): 0.2267 | Val Acc: 0.3130 | Time: 00:03:36
Epoch 002 | Seed 42 | Rate 0.00 | Train Loss: 2.3533 | Val Loss: 2.4221 | Acc (clean): 0.4302 | Acc (poison): 0.4302 | Val Acc: 0.3333 | Time: 00:00:12
Epoch 003 | Seed 42 | Rate 0.00 | Train Loss: 2.1044 | Val Loss: 2.3384 | Acc (clean): 0.5198 | Acc (poison): 0.5198 | Val Acc: 0.3437 | Time: 00:00:13
Epoch 004 | Seed 42 | Rate 0.00 | Train Loss: 1.9411 | Val Loss: 1.5213 | Acc (clean): 0.5908 | Acc (poison): 0.5908 | Val Acc: 0.5689 | Time: 00:00:13
Epoch 005 | Seed 42 | Rate 0.00 | Train Loss: 1.7335 | Val Loss: 1.3901 | Acc (clean): 0.6447 | Acc (poison): 0.6447 | Val Acc: 0.6030 | Time: 00:00:12
Epoch 006 | Seed 42 | Rate 0.00 | Train Loss: 1.5970 | Val Loss: 1.4224 | Acc (clean): 0.6873 | Acc (poison): 0.6873 | Val Acc: 0.5933 | Time: 00:00:12
Epoch 007 | Seed 42 | Rate 0.00 | Train Loss: 1.4832 | Val Loss: 1.3394 | Acc (clean): 0.7244 | Acc (poison): 0.7244 | Val Acc: 0.6048 | Time: 00:00:12
Epoch 008 | Seed 42 | Rate 0.00 | Train Loss: 1.4269 | Val Loss: 1.1289 | Acc (clean): 0.7524 | Acc (poison): 0.7524 | Val Acc: 0.6885 | Time: 00:00:12
Epoch 009 | Seed 42 | Rate 0.00 | Train Loss: 1.4491 | Val Loss: 1.0953 | Acc (clean): 0.7714 | Acc (poison): 0.7714 | Val Acc: 0.6956 | Time: 00:00:13
Epoch 010 | Seed 42 | Rate 0.00 | Train Loss: 1.3592 | Val Loss: 1.1405 | Acc (clean): 0.7870 | Acc (poison): 0.7870 | Val Acc: 0.6578 | Time: 00:00:13
Epoch 011 | Seed 42 | Rate 0.00 | Train Loss: 1.3105 | Val Loss: 1.1190 | Acc (clean): 0.7981 | Acc (poison): 0.7981 | Val Acc: 0.6800 | Time: 00:00:13
Epoch 012 | Seed 42 | Rate 0.00 | Train Loss: 1.3421 | Val Loss: 0.9965 | Acc (clean): 0.8111 | Acc (poison): 0.8111 | Val Acc: 0.7270 | Time: 00:00:13
Epoch 013 | Seed 42 | Rate 0.00 | Train Loss: 1.1706 | Val Loss: 1.6539 | Acc (clean): 0.8083 | Acc (poison): 0.8083 | Val Acc: 0.5363 | Time: 00:00:13
Epoch 014 | Seed 42 | Rate 0.00 | Train Loss: 1.2512 | Val Loss: 0.9376 | Acc (clean): 0.8179 | Acc (poison): 0.8179 | Val Acc: 0.7559 | Time: 00:00:13
Epoch 015 | Seed 42 | Rate 0.00 | Train Loss: 1.2699 | Val Loss: 0.8504 | Acc (clean): 0.8263 | Acc (poison): 0.8263 | Val Acc: 0.7585 | Time: 00:00:13
Epoch 016 | Seed 42 | Rate 0.00 | Train Loss: 1.1631 | Val Loss: 0.7578 | Acc (clean): 0.8230 | Acc (poison): 0.8230 | Val Acc: 0.7967 | Time: 00:00:13
Epoch 017 | Seed 42 | Rate 0.00 | Train Loss: 1.1994 | Val Loss: 0.9526 | Acc (clean): 0.8288 | Acc (poison): 0.8288 | Val Acc: 0.7407 | Time: 00:00:13
Epoch 018 | Seed 42 | Rate 0.00 | Train Loss: 1.1472 | Val Loss: 1.0345 | Acc (clean): 0.8329 | Acc (poison): 0.8329 | Val Acc: 0.7085 | Time: 00:00:13
Epoch 019 | Seed 42 | Rate 0.00 | Train Loss: 1.1665 | Val Loss: 0.7885 | Acc (clean): 0.8355 | Acc (poison): 0.8355 | Val Acc: 0.7781 | Time: 00:00:13
Epoch 020 | Seed 42 | Rate 0.00 | Train Loss: 1.1469 | Val Loss: 0.8907 | Acc (clean): 0.8381 | Acc (poison): 0.8381 | Val Acc: 0.7474 | Time: 00:00:13
Epoch 021 | Seed 42 | Rate 0.00 | Train Loss: 1.1190 | Val Loss: 1.2097 | Acc (clean): 0.8384 | Acc (poison): 0.8384 | Val Acc: 0.6415 | Time: 00:00:13
Epoch 022 | Seed 42 | Rate 0.00 | Train Loss: 1.0837 | Val Loss: 1.2291 | Acc (clean): 0.8384 | Acc (poison): 0.8384 | Val Acc: 0.6515 | Time: 00:00:13
Epoch 023 | Seed 42 | Rate 0.00 | Train Loss: 1.1873 | Val Loss: 0.8810 | Acc (clean): 0.8446 | Acc (poison): 0.8446 | Val Acc: 0.7556 | Time: 00:00:13
Epoch 024 | Seed 42 | Rate 0.00 | Train Loss: 1.1026 | Val Loss: 1.5217 | Acc (clean): 0.8440 | Acc (poison): 0.8440 | Val Acc: 0.5774 | Time: 00:00:12
Epoch 025 | Seed 42 | Rate 0.00 | Train Loss: 1.1069 | Val Loss: 1.2230 | Acc (clean): 0.8445 | Acc (poison): 0.8445 | Val Acc: 0.6481 | Time: 00:00:13
Epoch 026 | Seed 42 | Rate 0.00 | Train Loss: 1.1395 | Val Loss: 0.9179 | Acc (clean): 0.8456 | Acc (poison): 0.8456 | Val Acc: 0.7470 | Time: 00:00:13
Epoch 027 | Seed 42 | Rate 0.00 | Train Loss: 1.1551 | Val Loss: 1.1000 | Acc (clean): 0.8466 | Acc (poison): 0.8466 | Val Acc: 0.6930 | Time: 00:00:13
Epoch 028 | Seed 42 | Rate 0.00 | Train Loss: 1.1968 | Val Loss: 0.9526 | Acc (clean): 0.8410 | Acc (poison): 0.8410 | Val Acc: 0.7463 | Time: 00:00:12
Epoch 029 | Seed 42 | Rate 0.00 | Train Loss: 1.1682 | Val Loss: 0.9367 | Acc (clean): 0.8499 | Acc (poison): 0.8499 | Val Acc: 0.7467 | Time: 00:00:13
Epoch 030 | Seed 42 | Rate 0.00 | Train Loss: 1.2215 | Val Loss: 0.9576 | Acc (clean): 0.8466 | Acc (poison): 0.8466 | Val Acc: 0.7133 | Time: 00:00:13
Epoch 031 | Seed 42 | Rate 0.00 | Train Loss: 1.1559 | Val Loss: 0.8031 | Acc (clean): 0.8504 | Acc (poison): 0.8504 | Val Acc: 0.7852 | Time: 00:00:13
Epoch 032 | Seed 42 | Rate 0.00 | Train Loss: 1.0542 | Val Loss: 1.0044 | Acc (clean): 0.8487 | Acc (poison): 0.8487 | Val Acc: 0.7085 | Time: 00:00:13
Epoch 033 | Seed 42 | Rate 0.00 | Train Loss: 1.1011 | Val Loss: 1.2498 | Acc (clean): 0.8502 | Acc (poison): 0.8502 | Val Acc: 0.6441 | Time: 00:00:13
Epoch 034 | Seed 42 | Rate 0.00 | Train Loss: 1.1764 | Val Loss: 0.8862 | Acc (clean): 0.8500 | Acc (poison): 0.8500 | Val Acc: 0.7363 | Time: 00:00:13
Epoch 035 | Seed 42 | Rate 0.00 | Train Loss: 1.1138 | Val Loss: 1.9166 | Acc (clean): 0.8547 | Acc (poison): 0.8547 | Val Acc: 0.4963 | Time: 00:00:13
Epoch 036 | Seed 42 | Rate 0.00 | Train Loss: 1.1510 | Val Loss: 0.7931 | Acc (clean): 0.8508 | Acc (poison): 0.8508 | Val Acc: 0.7967 | Time: 00:00:13
Epoch 037 | Seed 42 | Rate 0.00 | Train Loss: 1.0941 | Val Loss: 0.9401 | Acc (clean): 0.8512 | Acc (poison): 0.8512 | Val Acc: 0.7204 | Time: 00:00:13
Epoch 038 | Seed 42 | Rate 0.00 | Train Loss: 1.0951 | Val Loss: 1.2743 | Acc (clean): 0.8568 | Acc (poison): 0.8568 | Val Acc: 0.6526 | Time: 00:00:12
Epoch 039 | Seed 42 | Rate 0.00 | Train Loss: 1.0008 | Val Loss: 1.3472 | Acc (clean): 0.8504 | Acc (poison): 0.8504 | Val Acc: 0.6133 | Time: 00:00:12
Epoch 040 | Seed 42 | Rate 0.00 | Train Loss: 1.0797 | Val Loss: 1.0221 | Acc (clean): 0.8495 | Acc (poison): 0.8495 | Val Acc: 0.7167 | Time: 00:00:13
Epoch 041 | Seed 42 | Rate 0.00 | Train Loss: 1.0137 | Val Loss: 0.9306 | Acc (clean): 0.8529 | Acc (poison): 0.8529 | Val Acc: 0.7193 | Time: 00:00:12
Epoch 042 | Seed 42 | Rate 0.00 | Train Loss: 1.1680 | Val Loss: 0.7334 | Acc (clean): 0.8489 | Acc (poison): 0.8489 | Val Acc: 0.7978 | Time: 00:00:13
Epoch 043 | Seed 42 | Rate 0.00 | Train Loss: 1.1198 | Val Loss: 0.9975 | Acc (clean): 0.8571 | Acc (poison): 0.8571 | Val Acc: 0.7248 | Time: 00:00:13
Epoch 044 | Seed 42 | Rate 0.00 | Train Loss: 1.1411 | Val Loss: 0.6877 | Acc (clean): 0.8577 | Acc (poison): 0.8577 | Val Acc: 0.8200 | Time: 00:00:13
Epoch 045 | Seed 42 | Rate 0.00 | Train Loss: 1.0392 | Val Loss: 1.3536 | Acc (clean): 0.8535 | Acc (poison): 0.8535 | Val Acc: 0.6004 | Time: 00:00:13
Epoch 046 | Seed 42 | Rate 0.00 | Train Loss: 1.1035 | Val Loss: 0.9914 | Acc (clean): 0.8526 | Acc (poison): 0.8526 | Val Acc: 0.7252 | Time: 00:00:13
Epoch 047 | Seed 42 | Rate 0.00 | Train Loss: 1.1130 | Val Loss: 0.6542 | Acc (clean): 0.8591 | Acc (poison): 0.8591 | Val Acc: 0.8322 | Time: 00:00:13
Epoch 048 | Seed 42 | Rate 0.00 | Train Loss: 1.0640 | Val Loss: 1.0417 | Acc (clean): 0.8540 | Acc (poison): 0.8540 | Val Acc: 0.7130 | Time: 00:00:13
Epoch 049 | Seed 42 | Rate 0.00 | Train Loss: 1.1177 | Val Loss: 0.8217 | Acc (clean): 0.8558 | Acc (poison): 0.8558 | Val Acc: 0.7585 | Time: 00:00:13
Epoch 050 | Seed 42 | Rate 0.00 | Train Loss: 1.0953 | Val Loss: 1.3056 | Acc (clean): 0.8504 | Acc (poison): 0.8504 | Val Acc: 0.6404 | Time: 00:00:13
Epoch 051 | Seed 42 | Rate 0.00 | Train Loss: 0.9551 | Val Loss: 0.3741 | Acc (clean): 0.9119 | Acc (poison): 0.9119 | Val Acc: 0.9037 | Time: 00:00:13
Epoch 052 | Seed 42 | Rate 0.00 | Train Loss: 0.8882 | Val Loss: 0.3511 | Acc (clean): 0.9321 | Acc (poison): 0.9321 | Val Acc: 0.9096 | Time: 00:00:13
Epoch 053 | Seed 42 | Rate 0.00 | Train Loss: 0.8341 | Val Loss: 0.4114 | Acc (clean): 0.9389 | Acc (poison): 0.9389 | Val Acc: 0.9056 | Time: 00:00:13
Epoch 054 | Seed 42 | Rate 0.00 | Train Loss: 0.7981 | Val Loss: 0.3641 | Acc (clean): 0.9430 | Acc (poison): 0.9430 | Val Acc: 0.9122 | Time: 00:00:13
Epoch 055 | Seed 42 | Rate 0.00 | Train Loss: 0.8011 | Val Loss: 0.3629 | Acc (clean): 0.9486 | Acc (poison): 0.9486 | Val Acc: 0.9126 | Time: 00:00:13
Epoch 056 | Seed 42 | Rate 0.00 | Train Loss: 0.8276 | Val Loss: 0.3159 | Acc (clean): 0.9512 | Acc (poison): 0.9512 | Val Acc: 0.9204 | Time: 00:00:13
Epoch 057 | Seed 42 | Rate 0.00 | Train Loss: 0.8352 | Val Loss: 0.3528 | Acc (clean): 0.9515 | Acc (poison): 0.9515 | Val Acc: 0.9178 | Time: 00:00:13
Epoch 058 | Seed 42 | Rate 0.00 | Train Loss: 0.8531 | Val Loss: 0.3356 | Acc (clean): 0.9542 | Acc (poison): 0.9542 | Val Acc: 0.9215 | Time: 00:00:13
Epoch 059 | Seed 42 | Rate 0.00 | Train Loss: 0.8321 | Val Loss: 0.3460 | Acc (clean): 0.9565 | Acc (poison): 0.9565 | Val Acc: 0.9204 | Time: 00:00:13
Epoch 060 | Seed 42 | Rate 0.00 | Train Loss: 0.7438 | Val Loss: 0.3605 | Acc (clean): 0.9590 | Acc (poison): 0.9590 | Val Acc: 0.9159 | Time: 00:00:12
Epoch 061 | Seed 42 | Rate 0.00 | Train Loss: 0.7820 | Val Loss: 0.3188 | Acc (clean): 0.9591 | Acc (poison): 0.9591 | Val Acc: 0.9233 | Time: 00:00:13
Epoch 062 | Seed 42 | Rate 0.00 | Train Loss: 0.6516 | Val Loss: 0.3072 | Acc (clean): 0.9620 | Acc (poison): 0.9620 | Val Acc: 0.9193 | Time: 00:00:13
Epoch 063 | Seed 42 | Rate 0.00 | Train Loss: 0.7364 | Val Loss: 0.3293 | Acc (clean): 0.9630 | Acc (poison): 0.9630 | Val Acc: 0.9174 | Time: 00:00:13
Epoch 064 | Seed 42 | Rate 0.00 | Train Loss: 0.8097 | Val Loss: 0.3357 | Acc (clean): 0.9642 | Acc (poison): 0.9642 | Val Acc: 0.9156 | Time: 00:00:13
Epoch 065 | Seed 42 | Rate 0.00 | Train Loss: 0.7800 | Val Loss: 0.3390 | Acc (clean): 0.9655 | Acc (poison): 0.9655 | Val Acc: 0.9130 | Time: 00:00:13
Epoch 066 | Seed 42 | Rate 0.00 | Train Loss: 0.7618 | Val Loss: 0.3218 | Acc (clean): 0.9663 | Acc (poison): 0.9663 | Val Acc: 0.9233 | Time: 00:00:13
Epoch 067 | Seed 42 | Rate 0.00 | Train Loss: 0.7357 | Val Loss: 0.3282 | Acc (clean): 0.9672 | Acc (poison): 0.9672 | Val Acc: 0.9159 | Time: 00:00:13
Epoch 068 | Seed 42 | Rate 0.00 | Train Loss: 0.7361 | Val Loss: 0.3039 | Acc (clean): 0.9684 | Acc (poison): 0.9684 | Val Acc: 0.9211 | Time: 00:00:13
Epoch 069 | Seed 42 | Rate 0.00 | Train Loss: 0.7360 | Val Loss: 0.3355 | Acc (clean): 0.9707 | Acc (poison): 0.9707 | Val Acc: 0.9174 | Time: 00:00:12
Epoch 070 | Seed 42 | Rate 0.00 | Train Loss: 0.7841 | Val Loss: 0.3328 | Acc (clean): 0.9680 | Acc (poison): 0.9680 | Val Acc: 0.9207 | Time: 00:00:13
Epoch 071 | Seed 42 | Rate 0.00 | Train Loss: 0.7733 | Val Loss: 0.3450 | Acc (clean): 0.9693 | Acc (poison): 0.9693 | Val Acc: 0.9152 | Time: 00:00:13
Epoch 072 | Seed 42 | Rate 0.00 | Train Loss: 0.7259 | Val Loss: 0.3103 | Acc (clean): 0.9688 | Acc (poison): 0.9688 | Val Acc: 0.9200 | Time: 00:00:13
Epoch 073 | Seed 42 | Rate 0.00 | Train Loss: 0.7413 | Val Loss: 0.3205 | Acc (clean): 0.9721 | Acc (poison): 0.9721 | Val Acc: 0.9100 | Time: 00:00:13
Epoch 074 | Seed 42 | Rate 0.00 | Train Loss: 0.7750 | Val Loss: 0.3255 | Acc (clean): 0.9718 | Acc (poison): 0.9718 | Val Acc: 0.9126 | Time: 00:00:13
Epoch 075 | Seed 42 | Rate 0.00 | Train Loss: 0.7563 | Val Loss: 0.2933 | Acc (clean): 0.9714 | Acc (poison): 0.9714 | Val Acc: 0.9237 | Time: 00:00:13
Epoch 076 | Seed 42 | Rate 0.00 | Train Loss: 0.6817 | Val Loss: 0.2917 | Acc (clean): 0.9793 | Acc (poison): 0.9793 | Val Acc: 0.9233 | Time: 00:00:13
Epoch 077 | Seed 42 | Rate 0.00 | Train Loss: 0.6697 | Val Loss: 0.2842 | Acc (clean): 0.9830 | Acc (poison): 0.9830 | Val Acc: 0.9267 | Time: 00:00:13
Epoch 078 | Seed 42 | Rate 0.00 | Train Loss: 0.7019 | Val Loss: 0.2846 | Acc (clean): 0.9826 | Acc (poison): 0.9826 | Val Acc: 0.9285 | Time: 00:00:13
Epoch 079 | Seed 42 | Rate 0.00 | Train Loss: 0.7172 | Val Loss: 0.3054 | Acc (clean): 0.9829 | Acc (poison): 0.9829 | Val Acc: 0.9259 | Time: 00:00:13
Epoch 080 | Seed 42 | Rate 0.00 | Train Loss: 0.6786 | Val Loss: 0.2692 | Acc (clean): 0.9835 | Acc (poison): 0.9835 | Val Acc: 0.9274 | Time: 00:00:13
Epoch 081 | Seed 42 | Rate 0.00 | Train Loss: 0.5753 | Val Loss: 0.2695 | Acc (clean): 0.9835 | Acc (poison): 0.9835 | Val Acc: 0.9274 | Time: 00:00:13
Epoch 082 | Seed 42 | Rate 0.00 | Train Loss: 0.7580 | Val Loss: 0.3038 | Acc (clean): 0.9853 | Acc (poison): 0.9853 | Val Acc: 0.9222 | Time: 00:00:13
Epoch 083 | Seed 42 | Rate 0.00 | Train Loss: 0.6069 | Val Loss: 0.3122 | Acc (clean): 0.9847 | Acc (poison): 0.9847 | Val Acc: 0.9226 | Time: 00:00:13
Epoch 084 | Seed 42 | Rate 0.00 | Train Loss: 0.6560 | Val Loss: 0.2676 | Acc (clean): 0.9859 | Acc (poison): 0.9859 | Val Acc: 0.9267 | Time: 00:00:12
Epoch 085 | Seed 42 | Rate 0.00 | Train Loss: 0.6034 | Val Loss: 0.2551 | Acc (clean): 0.9849 | Acc (poison): 0.9849 | Val Acc: 0.9307 | Time: 00:00:13
Epoch 086 | Seed 42 | Rate 0.00 | Train Loss: 0.7323 | Val Loss: 0.2975 | Acc (clean): 0.9850 | Acc (poison): 0.9850 | Val Acc: 0.9259 | Time: 00:00:13
Epoch 087 | Seed 42 | Rate 0.00 | Train Loss: 0.6768 | Val Loss: 0.3135 | Acc (clean): 0.9863 | Acc (poison): 0.9863 | Val Acc: 0.9222 | Time: 00:00:13
Epoch 088 | Seed 42 | Rate 0.00 | Train Loss: 0.7028 | Val Loss: 0.2740 | Acc (clean): 0.9865 | Acc (poison): 0.9865 | Val Acc: 0.9263 | Time: 00:00:13
Epoch 089 | Seed 42 | Rate 0.00 | Train Loss: 0.6709 | Val Loss: 0.2997 | Acc (clean): 0.9863 | Acc (poison): 0.9863 | Val Acc: 0.9267 | Time: 00:00:13
Epoch 090 | Seed 42 | Rate 0.00 | Train Loss: 0.6272 | Val Loss: 0.2615 | Acc (clean): 0.9858 | Acc (poison): 0.9858 | Val Acc: 0.9270 | Time: 00:00:13
Epoch 091 | Seed 42 | Rate 0.00 | Train Loss: 0.7345 | Val Loss: 0.3708 | Acc (clean): 0.9868 | Acc (poison): 0.9868 | Val Acc: 0.9207 | Time: 00:00:13
Epoch 092 | Seed 42 | Rate 0.00 | Train Loss: 0.6751 | Val Loss: 0.2882 | Acc (clean): 0.9860 | Acc (poison): 0.9860 | Val Acc: 0.9252 | Time: 00:00:13
Epoch 093 | Seed 42 | Rate 0.00 | Train Loss: 0.7079 | Val Loss: 0.2932 | Acc (clean): 0.9864 | Acc (poison): 0.9864 | Val Acc: 0.9248 | Time: 00:00:13
Epoch 094 | Seed 42 | Rate 0.00 | Train Loss: 0.7648 | Val Loss: 0.3423 | Acc (clean): 0.9863 | Acc (poison): 0.9863 | Val Acc: 0.9204 | Time: 00:00:13
Epoch 095 | Seed 42 | Rate 0.00 | Train Loss: 0.6470 | Val Loss: 0.2678 | Acc (clean): 0.9865 | Acc (poison): 0.9865 | Val Acc: 0.9285 | Time: 00:00:13
Epoch 096 | Seed 42 | Rate 0.00 | Train Loss: 0.5465 | Val Loss: 0.2922 | Acc (clean): 0.9877 | Acc (poison): 0.9877 | Val Acc: 0.9263 | Time: 00:00:13
Epoch 097 | Seed 42 | Rate 0.00 | Train Loss: 0.6127 | Val Loss: 0.2669 | Acc (clean): 0.9875 | Acc (poison): 0.9875 | Val Acc: 0.9307 | Time: 00:00:13
Epoch 098 | Seed 42 | Rate 0.00 | Train Loss: 0.7292 | Val Loss: 0.2814 | Acc (clean): 0.9883 | Acc (poison): 0.9883 | Val Acc: 0.9270 | Time: 00:00:13
Epoch 099 | Seed 42 | Rate 0.00 | Train Loss: 0.7554 | Val Loss: 0.2848 | Acc (clean): 0.9866 | Acc (poison): 0.9866 | Val Acc: 0.9237 | Time: 00:00:13
Epoch 100 | Seed 42 | Rate 0.00 | Train Loss: 0.7142 | Val Loss: 0.3064 | Acc (clean): 0.9888 | Acc (poison): 0.9888 | Val Acc: 0.9270 | Time: 00:00:12

=== defense=mixup attack=RQ1 seed=42 rate=0.01 ===
Loading train data from /home/yazanme/BachelorThesis/BachelorThesis/data/processed/resisc45/train.h5 with mapping /home/yazanme/BachelorThesis/BachelorThesis/data/processed/resisc45/poisoned/RQ1/seed_42/labels_0.01.pt... (in_memory=True, workers=4)
Testing torch.compile support...
Successfully compiled model using torch.compile.
Epoch 001 | Seed 42 | Rate 0.01 | Train Loss: 3.1019 | Val Loss: 2.4083 | Acc (clean): 0.2253 | Acc (poison): 0.2233 | Val Acc: 0.3093 | Time: 00:00:13
Epoch 002 | Seed 42 | Rate 0.01 | Train Loss: 2.3663 | Val Loss: 2.1876 | Acc (clean): 0.4371 | Acc (poison): 0.4330 | Val Acc: 0.3722 | Time: 00:00:12
Epoch 003 | Seed 42 | Rate 0.01 | Train Loss: 2.1273 | Val Loss: 1.8840 | Acc (clean): 0.5205 | Acc (poison): 0.5151 | Val Acc: 0.4426 | Time: 00:00:12
Epoch 004 | Seed 42 | Rate 0.01 | Train Loss: 1.9845 | Val Loss: 1.6026 | Acc (clean): 0.5836 | Acc (poison): 0.5780 | Val Acc: 0.5274 | Time: 00:00:12
Epoch 005 | Seed 42 | Rate 0.01 | Train Loss: 1.7733 | Val Loss: 1.4065 | Acc (clean): 0.6436 | Acc (poison): 0.6375 | Val Acc: 0.5804 | Time: 00:00:12
Epoch 006 | Seed 42 | Rate 0.01 | Train Loss: 1.6382 | Val Loss: 1.3792 | Acc (clean): 0.6896 | Acc (poison): 0.6830 | Val Acc: 0.6152 | Time: 00:00:12
Epoch 007 | Seed 42 | Rate 0.01 | Train Loss: 1.5290 | Val Loss: 1.1344 | Acc (clean): 0.7290 | Acc (poison): 0.7216 | Val Acc: 0.6752 | Time: 00:00:12
Epoch 008 | Seed 42 | Rate 0.01 | Train Loss: 1.4683 | Val Loss: 1.0644 | Acc (clean): 0.7513 | Acc (poison): 0.7438 | Val Acc: 0.7007 | Time: 00:00:13
Epoch 009 | Seed 42 | Rate 0.01 | Train Loss: 1.5047 | Val Loss: 1.4296 | Acc (clean): 0.7681 | Acc (poison): 0.7605 | Val Acc: 0.5907 | Time: 00:00:13
Epoch 010 | Seed 42 | Rate 0.01 | Train Loss: 1.4178 | Val Loss: 0.9023 | Acc (clean): 0.7859 | Acc (poison): 0.7781 | Val Acc: 0.7426 | Time: 00:00:12
Epoch 011 | Seed 42 | Rate 0.01 | Train Loss: 1.3700 | Val Loss: 1.0539 | Acc (clean): 0.7917 | Acc (poison): 0.7838 | Val Acc: 0.7033 | Time: 00:00:12
Epoch 012 | Seed 42 | Rate 0.01 | Train Loss: 1.4103 | Val Loss: 0.9756 | Acc (clean): 0.8033 | Acc (poison): 0.7954 | Val Acc: 0.7233 | Time: 00:00:12
Epoch 013 | Seed 42 | Rate 0.01 | Train Loss: 1.2264 | Val Loss: 1.0580 | Acc (clean): 0.8061 | Acc (poison): 0.7984 | Val Acc: 0.7126 | Time: 00:00:13
Epoch 014 | Seed 42 | Rate 0.01 | Train Loss: 1.3080 | Val Loss: 1.1614 | Acc (clean): 0.8114 | Acc (poison): 0.8031 | Val Acc: 0.6896 | Time: 00:00:13
Epoch 015 | Seed 42 | Rate 0.01 | Train Loss: 1.3407 | Val Loss: 1.0055 | Acc (clean): 0.8191 | Acc (poison): 0.8108 | Val Acc: 0.7115 | Time: 00:00:13
Epoch 016 | Seed 42 | Rate 0.01 | Train Loss: 1.2341 | Val Loss: 1.3169 | Acc (clean): 0.8201 | Acc (poison): 0.8122 | Val Acc: 0.6300 | Time: 00:00:13
Epoch 017 | Seed 42 | Rate 0.01 | Train Loss: 1.2675 | Val Loss: 1.0686 | Acc (clean): 0.8234 | Acc (poison): 0.8153 | Val Acc: 0.7081 | Time: 00:00:13
Epoch 018 | Seed 42 | Rate 0.01 | Train Loss: 1.2077 | Val Loss: 1.4777 | Acc (clean): 0.8294 | Acc (poison): 0.8212 | Val Acc: 0.5996 | Time: 00:00:13
Epoch 019 | Seed 42 | Rate 0.01 | Train Loss: 1.2372 | Val Loss: 1.6239 | Acc (clean): 0.8285 | Acc (poison): 0.8204 | Val Acc: 0.5289 | Time: 00:00:12
Epoch 020 | Seed 42 | Rate 0.01 | Train Loss: 1.2240 | Val Loss: 0.7996 | Acc (clean): 0.8282 | Acc (poison): 0.8201 | Val Acc: 0.7844 | Time: 00:00:13
Epoch 021 | Seed 42 | Rate 0.01 | Train Loss: 1.1942 | Val Loss: 1.2543 | Acc (clean): 0.8280 | Acc (poison): 0.8199 | Val Acc: 0.6356 | Time: 00:00:13
Epoch 022 | Seed 42 | Rate 0.01 | Train Loss: 1.1510 | Val Loss: 1.1004 | Acc (clean): 0.8353 | Acc (poison): 0.8268 | Val Acc: 0.6830 | Time: 00:00:12
Epoch 023 | Seed 42 | Rate 0.01 | Train Loss: 1.2538 | Val Loss: 0.8572 | Acc (clean): 0.8356 | Acc (poison): 0.8273 | Val Acc: 0.7637 | Time: 00:00:13
Epoch 024 | Seed 42 | Rate 0.01 | Train Loss: 1.1873 | Val Loss: 0.9691 | Acc (clean): 0.8379 | Acc (poison): 0.8293 | Val Acc: 0.7515 | Time: 00:00:12
Epoch 025 | Seed 42 | Rate 0.01 | Train Loss: 1.1937 | Val Loss: 0.8745 | Acc (clean): 0.8326 | Acc (poison): 0.8245 | Val Acc: 0.7711 | Time: 00:00:12
Epoch 026 | Seed 42 | Rate 0.01 | Train Loss: 1.2070 | Val Loss: 1.1441 | Acc (clean): 0.8417 | Acc (poison): 0.8334 | Val Acc: 0.6767 | Time: 00:00:13
Epoch 027 | Seed 42 | Rate 0.01 | Train Loss: 1.2264 | Val Loss: 0.8630 | Acc (clean): 0.8414 | Acc (poison): 0.8330 | Val Acc: 0.7441 | Time: 00:00:13
Epoch 028 | Seed 42 | Rate 0.01 | Train Loss: 1.2579 | Val Loss: 0.9981 | Acc (clean): 0.8407 | Acc (poison): 0.8322 | Val Acc: 0.7296 | Time: 00:00:13
Epoch 029 | Seed 42 | Rate 0.01 | Train Loss: 1.2396 | Val Loss: 1.1872 | Acc (clean): 0.8465 | Acc (poison): 0.8380 | Val Acc: 0.6548 | Time: 00:00:12
Epoch 030 | Seed 42 | Rate 0.01 | Train Loss: 1.2882 | Val Loss: 0.7898 | Acc (clean): 0.8405 | Acc (poison): 0.8319 | Val Acc: 0.7804 | Time: 00:00:13
Epoch 031 | Seed 42 | Rate 0.01 | Train Loss: 1.2212 | Val Loss: 1.1215 | Acc (clean): 0.8412 | Acc (poison): 0.8330 | Val Acc: 0.6804 | Time: 00:00:12
Epoch 032 | Seed 42 | Rate 0.01 | Train Loss: 1.1333 | Val Loss: 0.9116 | Acc (clean): 0.8403 | Acc (poison): 0.8319 | Val Acc: 0.7389 | Time: 00:00:12
Epoch 033 | Seed 42 | Rate 0.01 | Train Loss: 1.1781 | Val Loss: 1.2642 | Acc (clean): 0.8461 | Acc (poison): 0.8379 | Val Acc: 0.6726 | Time: 00:00:12
Epoch 034 | Seed 42 | Rate 0.01 | Train Loss: 1.2316 | Val Loss: 0.6724 | Acc (clean): 0.8486 | Acc (poison): 0.8399 | Val Acc: 0.8089 | Time: 00:00:13
Epoch 035 | Seed 42 | Rate 0.01 | Train Loss: 1.1912 | Val Loss: 1.4080 | Acc (clean): 0.8443 | Acc (poison): 0.8363 | Val Acc: 0.6104 | Time: 00:00:13
Epoch 036 | Seed 42 | Rate 0.01 | Train Loss: 1.2263 | Val Loss: 1.3325 | Acc (clean): 0.8461 | Acc (poison): 0.8377 | Val Acc: 0.6426 | Time: 00:00:12
Epoch 037 | Seed 42 | Rate 0.01 | Train Loss: 1.1542 | Val Loss: 1.5659 | Acc (clean): 0.8491 | Acc (poison): 0.8405 | Val Acc: 0.5656 | Time: 00:00:12
Epoch 038 | Seed 42 | Rate 0.01 | Train Loss: 1.1730 | Val Loss: 1.2096 | Acc (clean): 0.8473 | Acc (poison): 0.8386 | Val Acc: 0.6793 | Time: 00:00:12
Epoch 039 | Seed 42 | Rate 0.01 | Train Loss: 1.0644 | Val Loss: 1.0522 | Acc (clean): 0.8454 | Acc (poison): 0.8369 | Val Acc: 0.7022 | Time: 00:00:12
Epoch 040 | Seed 42 | Rate 0.01 | Train Loss: 1.1394 | Val Loss: 1.2052 | Acc (clean): 0.8443 | Acc (poison): 0.8361 | Val Acc: 0.6556 | Time: 00:00:12
Epoch 041 | Seed 42 | Rate 0.01 | Train Loss: 1.0819 | Val Loss: 1.7981 | Acc (clean): 0.8486 | Acc (poison): 0.8400 | Val Acc: 0.5274 | Time: 00:00:12
Epoch 042 | Seed 42 | Rate 0.01 | Train Loss: 1.2222 | Val Loss: 0.8044 | Acc (clean): 0.8467 | Acc (poison): 0.8386 | Val Acc: 0.7804 | Time: 00:00:12
Epoch 043 | Seed 42 | Rate 0.01 | Train Loss: 1.1883 | Val Loss: 0.8932 | Acc (clean): 0.8556 | Acc (poison): 0.8472 | Val Acc: 0.7559 | Time: 00:00:12
Epoch 044 | Seed 42 | Rate 0.01 | Train Loss: 1.2061 | Val Loss: 0.7607 | Acc (clean): 0.8558 | Acc (poison): 0.8472 | Val Acc: 0.7867 | Time: 00:00:12
Epoch 045 | Seed 42 | Rate 0.01 | Train Loss: 1.0966 | Val Loss: 1.3076 | Acc (clean): 0.8493 | Acc (poison): 0.8410 | Val Acc: 0.6404 | Time: 00:00:13
Epoch 046 | Seed 42 | Rate 0.01 | Train Loss: 1.1689 | Val Loss: 1.5715 | Acc (clean): 0.8477 | Acc (poison): 0.8394 | Val Acc: 0.5715 | Time: 00:00:12
Epoch 047 | Seed 42 | Rate 0.01 | Train Loss: 1.1793 | Val Loss: 1.1893 | Acc (clean): 0.8514 | Acc (poison): 0.8431 | Val Acc: 0.6848 | Time: 00:00:12
Epoch 048 | Seed 42 | Rate 0.01 | Train Loss: 1.1251 | Val Loss: 0.7293 | Acc (clean): 0.8512 | Acc (poison): 0.8428 | Val Acc: 0.8007 | Time: 00:00:12
Epoch 049 | Seed 42 | Rate 0.01 | Train Loss: 1.1977 | Val Loss: 1.2964 | Acc (clean): 0.8512 | Acc (poison): 0.8428 | Val Acc: 0.6370 | Time: 00:00:12
Epoch 050 | Seed 42 | Rate 0.01 | Train Loss: 1.1667 | Val Loss: 1.1371 | Acc (clean): 0.8494 | Acc (poison): 0.8411 | Val Acc: 0.6804 | Time: 00:00:12
Epoch 051 | Seed 42 | Rate 0.01 | Train Loss: 1.0132 | Val Loss: 0.3918 | Acc (clean): 0.9104 | Acc (poison): 0.9017 | Val Acc: 0.8963 | Time: 00:00:12
Epoch 052 | Seed 42 | Rate 0.01 | Train Loss: 0.9498 | Val Loss: 0.3989 | Acc (clean): 0.9289 | Acc (poison): 0.9199 | Val Acc: 0.8970 | Time: 00:00:12
Epoch 053 | Seed 42 | Rate 0.01 | Train Loss: 0.9015 | Val Loss: 0.4556 | Acc (clean): 0.9347 | Acc (poison): 0.9257 | Val Acc: 0.9004 | Time: 00:00:12
Epoch 054 | Seed 42 | Rate 0.01 | Train Loss: 0.8627 | Val Loss: 0.3933 | Acc (clean): 0.9407 | Acc (poison): 0.9317 | Val Acc: 0.9070 | Time: 00:00:12
Epoch 055 | Seed 42 | Rate 0.01 | Train Loss: 0.8704 | Val Loss: 0.3856 | Acc (clean): 0.9435 | Acc (poison): 0.9345 | Val Acc: 0.9033 | Time: 00:00:12
Epoch 056 | Seed 42 | Rate 0.01 | Train Loss: 0.8916 | Val Loss: 0.3648 | Acc (clean): 0.9460 | Acc (poison): 0.9369 | Val Acc: 0.9037 | Time: 00:00:12
Epoch 057 | Seed 42 | Rate 0.01 | Train Loss: 0.8917 | Val Loss: 0.3690 | Acc (clean): 0.9498 | Acc (poison): 0.9404 | Val Acc: 0.9070 | Time: 00:00:12
Epoch 058 | Seed 42 | Rate 0.01 | Train Loss: 0.9090 | Val Loss: 0.3783 | Acc (clean): 0.9521 | Acc (poison): 0.9432 | Val Acc: 0.9070 | Time: 00:00:12
Epoch 059 | Seed 42 | Rate 0.01 | Train Loss: 0.8863 | Val Loss: 0.3617 | Acc (clean): 0.9527 | Acc (poison): 0.9437 | Val Acc: 0.9070 | Time: 00:00:12
Epoch 060 | Seed 42 | Rate 0.01 | Train Loss: 0.8055 | Val Loss: 0.4198 | Acc (clean): 0.9562 | Acc (poison): 0.9471 | Val Acc: 0.9048 | Time: 00:00:13
Epoch 061 | Seed 42 | Rate 0.01 | Train Loss: 0.8383 | Val Loss: 0.3639 | Acc (clean): 0.9572 | Acc (poison): 0.9482 | Val Acc: 0.9048 | Time: 00:00:12
Epoch 062 | Seed 42 | Rate 0.01 | Train Loss: 0.7125 | Val Loss: 0.3302 | Acc (clean): 0.9594 | Acc (poison): 0.9503 | Val Acc: 0.9126 | Time: 00:00:12
Epoch 063 | Seed 42 | Rate 0.01 | Train Loss: 0.7966 | Val Loss: 0.3702 | Acc (clean): 0.9619 | Acc (poison): 0.9526 | Val Acc: 0.9119 | Time: 00:00:12
Epoch 064 | Seed 42 | Rate 0.01 | Train Loss: 0.8650 | Val Loss: 0.3425 | Acc (clean): 0.9609 | Acc (poison): 0.9520 | Val Acc: 0.9178 | Time: 00:00:12
Epoch 065 | Seed 42 | Rate 0.01 | Train Loss: 0.8366 | Val Loss: 0.3584 | Acc (clean): 0.9626 | Acc (poison): 0.9537 | Val Acc: 0.9104 | Time: 00:00:12
Epoch 066 | Seed 42 | Rate 0.01 | Train Loss: 0.8152 | Val Loss: 0.3571 | Acc (clean): 0.9633 | Acc (poison): 0.9544 | Val Acc: 0.9119 | Time: 00:00:12
Epoch 067 | Seed 42 | Rate 0.01 | Train Loss: 0.8003 | Val Loss: 0.3534 | Acc (clean): 0.9640 | Acc (poison): 0.9549 | Val Acc: 0.9170 | Time: 00:00:12
Epoch 068 | Seed 42 | Rate 0.01 | Train Loss: 0.7939 | Val Loss: 0.3243 | Acc (clean): 0.9665 | Acc (poison): 0.9575 | Val Acc: 0.9156 | Time: 00:00:12
Epoch 069 | Seed 42 | Rate 0.01 | Train Loss: 0.7973 | Val Loss: 0.3383 | Acc (clean): 0.9663 | Acc (poison): 0.9572 | Val Acc: 0.9167 | Time: 00:00:12
Epoch 070 | Seed 42 | Rate 0.01 | Train Loss: 0.8373 | Val Loss: 0.3674 | Acc (clean): 0.9665 | Acc (poison): 0.9577 | Val Acc: 0.9070 | Time: 00:00:12
Epoch 071 | Seed 42 | Rate 0.01 | Train Loss: 0.8361 | Val Loss: 0.3745 | Acc (clean): 0.9651 | Acc (poison): 0.9565 | Val Acc: 0.9115 | Time: 00:00:12
Epoch 072 | Seed 42 | Rate 0.01 | Train Loss: 0.7819 | Val Loss: 0.3173 | Acc (clean): 0.9685 | Acc (poison): 0.9597 | Val Acc: 0.9196 | Time: 00:00:12
Epoch 073 | Seed 42 | Rate 0.01 | Train Loss: 0.7949 | Val Loss: 0.3489 | Acc (clean): 0.9685 | Acc (poison): 0.9597 | Val Acc: 0.9107 | Time: 00:00:12
Epoch 074 | Seed 42 | Rate 0.01 | Train Loss: 0.8357 | Val Loss: 0.3344 | Acc (clean): 0.9681 | Acc (poison): 0.9595 | Val Acc: 0.9148 | Time: 00:00:12
Epoch 075 | Seed 42 | Rate 0.01 | Train Loss: 0.8095 | Val Loss: 0.3372 | Acc (clean): 0.9680 | Acc (poison): 0.9589 | Val Acc: 0.9115 | Time: 00:00:12
Epoch 076 | Seed 42 | Rate 0.01 | Train Loss: 0.7314 | Val Loss: 0.3097 | Acc (clean): 0.9766 | Acc (poison): 0.9679 | Val Acc: 0.9200 | Time: 00:00:12
Epoch 077 | Seed 42 | Rate 0.01 | Train Loss: 0.7226 | Val Loss: 0.3164 | Acc (clean): 0.9789 | Acc (poison): 0.9701 | Val Acc: 0.9178 | Time: 00:00:12
Epoch 078 | Seed 42 | Rate 0.01 | Train Loss: 0.7512 | Val Loss: 0.3071 | Acc (clean): 0.9810 | Acc (poison): 0.9726 | Val Acc: 0.9215 | Time: 00:00:12
Epoch 079 | Seed 42 | Rate 0.01 | Train Loss: 0.7651 | Val Loss: 0.3249 | Acc (clean): 0.9812 | Acc (poison): 0.9726 | Val Acc: 0.9207 | Time: 00:00:12
Epoch 080 | Seed 42 | Rate 0.01 | Train Loss: 0.7277 | Val Loss: 0.2883 | Acc (clean): 0.9803 | Acc (poison): 0.9714 | Val Acc: 0.9278 | Time: 00:00:13
Epoch 081 | Seed 42 | Rate 0.01 | Train Loss: 0.6235 | Val Loss: 0.2945 | Acc (clean): 0.9823 | Acc (poison): 0.9737 | Val Acc: 0.9270 | Time: 00:00:13
Epoch 082 | Seed 42 | Rate 0.01 | Train Loss: 0.8097 | Val Loss: 0.3140 | Acc (clean): 0.9825 | Acc (poison): 0.9740 | Val Acc: 0.9230 | Time: 00:00:12
Epoch 083 | Seed 42 | Rate 0.01 | Train Loss: 0.6565 | Val Loss: 0.3342 | Acc (clean): 0.9828 | Acc (poison): 0.9740 | Val Acc: 0.9215 | Time: 00:00:12
Epoch 084 | Seed 42 | Rate 0.01 | Train Loss: 0.7092 | Val Loss: 0.2980 | Acc (clean): 0.9823 | Acc (poison): 0.9736 | Val Acc: 0.9270 | Time: 00:00:13
Epoch 085 | Seed 42 | Rate 0.01 | Train Loss: 0.6566 | Val Loss: 0.2841 | Acc (clean): 0.9833 | Acc (poison): 0.9744 | Val Acc: 0.9274 | Time: 00:00:13
Epoch 086 | Seed 42 | Rate 0.01 | Train Loss: 0.7702 | Val Loss: 0.3045 | Acc (clean): 0.9833 | Acc (poison): 0.9747 | Val Acc: 0.9244 | Time: 00:00:13
Epoch 087 | Seed 42 | Rate 0.01 | Train Loss: 0.7293 | Val Loss: 0.3488 | Acc (clean): 0.9839 | Acc (poison): 0.9753 | Val Acc: 0.9174 | Time: 00:00:12
Epoch 088 | Seed 42 | Rate 0.01 | Train Loss: 0.7509 | Val Loss: 0.2916 | Acc (clean): 0.9840 | Acc (poison): 0.9753 | Val Acc: 0.9267 | Time: 00:00:13
Epoch 089 | Seed 42 | Rate 0.01 | Train Loss: 0.7187 | Val Loss: 0.3208 | Acc (clean): 0.9840 | Acc (poison): 0.9751 | Val Acc: 0.9230 | Time: 00:00:13
Epoch 090 | Seed 42 | Rate 0.01 | Train Loss: 0.6773 | Val Loss: 0.2863 | Acc (clean): 0.9854 | Acc (poison): 0.9770 | Val Acc: 0.9256 | Time: 00:00:13
Epoch 091 | Seed 42 | Rate 0.01 | Train Loss: 0.7853 | Val Loss: 0.4070 | Acc (clean): 0.9857 | Acc (poison): 0.9770 | Val Acc: 0.9119 | Time: 00:00:13
Epoch 092 | Seed 42 | Rate 0.01 | Train Loss: 0.7221 | Val Loss: 0.3074 | Acc (clean): 0.9848 | Acc (poison): 0.9762 | Val Acc: 0.9222 | Time: 00:00:13
Epoch 093 | Seed 42 | Rate 0.01 | Train Loss: 0.7506 | Val Loss: 0.3126 | Acc (clean): 0.9851 | Acc (poison): 0.9767 | Val Acc: 0.9230 | Time: 00:00:13
Epoch 094 | Seed 42 | Rate 0.01 | Train Loss: 0.8136 | Val Loss: 0.3799 | Acc (clean): 0.9855 | Acc (poison): 0.9772 | Val Acc: 0.9196 | Time: 00:00:13
Epoch 095 | Seed 42 | Rate 0.01 | Train Loss: 0.6927 | Val Loss: 0.2820 | Acc (clean): 0.9847 | Acc (poison): 0.9761 | Val Acc: 0.9270 | Time: 00:00:13
Epoch 096 | Seed 42 | Rate 0.01 | Train Loss: 0.5976 | Val Loss: 0.3221 | Acc (clean): 0.9851 | Acc (poison): 0.9764 | Val Acc: 0.9252 | Time: 00:00:12
Epoch 097 | Seed 42 | Rate 0.01 | Train Loss: 0.6563 | Val Loss: 0.2856 | Acc (clean): 0.9847 | Acc (poison): 0.9760 | Val Acc: 0.9256 | Time: 00:00:12
Epoch 098 | Seed 42 | Rate 0.01 | Train Loss: 0.7776 | Val Loss: 0.3017 | Acc (clean): 0.9856 | Acc (poison): 0.9771 | Val Acc: 0.9248 | Time: 00:00:13
Epoch 099 | Seed 42 | Rate 0.01 | Train Loss: 0.7978 | Val Loss: 0.3011 | Acc (clean): 0.9866 | Acc (poison): 0.9784 | Val Acc: 0.9281 | Time: 00:00:12
Epoch 100 | Seed 42 | Rate 0.01 | Train Loss: 0.7618 | Val Loss: 0.3332 | Acc (clean): 0.9860 | Acc (poison): 0.9774 | Val Acc: 0.9207 | Time: 00:00:12

=== defense=mixup attack=RQ1 seed=42 rate=0.02 ===
Loading train data from /home/yazanme/BachelorThesis/BachelorThesis/data/processed/resisc45/train.h5 with mapping /home/yazanme/BachelorThesis/BachelorThesis/data/processed/resisc45/poisoned/RQ1/seed_42/labels_0.02.pt... (in_memory=True, workers=4)
Testing torch.compile support...
Successfully compiled model using torch.compile.
Epoch 001 | Seed 42 | Rate 0.02 | Train Loss: 3.0931 | Val Loss: 2.4150 | Acc (clean): 0.2376 | Acc (poison): 0.2336 | Val Acc: 0.3107 | Time: 00:00:16
Epoch 002 | Seed 42 | Rate 0.02 | Train Loss: 2.4094 | Val Loss: 2.1546 | Acc (clean): 0.4338 | Acc (poison): 0.4258 | Val Acc: 0.3970 | Time: 00:00:15
Epoch 003 | Seed 42 | Rate 0.02 | Train Loss: 2.1764 | Val Loss: 1.9852 | Acc (clean): 0.5141 | Acc (poison): 0.5046 | Val Acc: 0.4185 | Time: 00:00:15
Epoch 004 | Seed 42 | Rate 0.02 | Train Loss: 2.0515 | Val Loss: 1.8815 | Acc (clean): 0.5743 | Acc (poison): 0.5643 | Val Acc: 0.4837 | Time: 00:00:15
Epoch 005 | Seed 42 | Rate 0.02 | Train Loss: 1.8838 | Val Loss: 1.4782 | Acc (clean): 0.6237 | Acc (poison): 0.6128 | Val Acc: 0.5630 | Time: 00:00:15
Epoch 006 | Seed 42 | Rate 0.02 | Train Loss: 1.7727 | Val Loss: 1.7161 | Acc (clean): 0.6560 | Acc (poison): 0.6436 | Val Acc: 0.5185 | Time: 00:00:14
Epoch 007 | Seed 42 | Rate 0.02 | Train Loss: 1.6507 | Val Loss: 1.1997 | Acc (clean): 0.7004 | Acc (poison): 0.6867 | Val Acc: 0.6478 | Time: 00:00:14
Epoch 008 | Seed 42 | Rate 0.02 | Train Loss: 1.5662 | Val Loss: 1.1409 | Acc (clean): 0.7342 | Acc (poison): 0.7207 | Val Acc: 0.6893 | Time: 00:00:15
Epoch 009 | Seed 42 | Rate 0.02 | Train Loss: 1.5787 | Val Loss: 1.1543 | Acc (clean): 0.7550 | Acc (poison): 0.7408 | Val Acc: 0.6793 | Time: 00:00:15
Epoch 010 | Seed 42 | Rate 0.02 | Train Loss: 1.4941 | Val Loss: 1.3502 | Acc (clean): 0.7720 | Acc (poison): 0.7575 | Val Acc: 0.6030 | Time: 00:00:15
Epoch 011 | Seed 42 | Rate 0.02 | Train Loss: 1.4351 | Val Loss: 1.0736 | Acc (clean): 0.7873 | Acc (poison): 0.7724 | Val Acc: 0.6952 | Time: 00:00:15
Epoch 012 | Seed 42 | Rate 0.02 | Train Loss: 1.4640 | Val Loss: 1.0996 | Acc (clean): 0.7976 | Acc (poison): 0.7825 | Val Acc: 0.6863 | Time: 00:00:14
Epoch 013 | Seed 42 | Rate 0.02 | Train Loss: 1.2894 | Val Loss: 1.0062 | Acc (clean): 0.8006 | Acc (poison): 0.7852 | Val Acc: 0.7330 | Time: 00:00:15
Epoch 014 | Seed 42 | Rate 0.02 | Train Loss: 1.3721 | Val Loss: 1.3363 | Acc (clean): 0.8083 | Acc (poison): 0.7927 | Val Acc: 0.6500 | Time: 00:00:14
Epoch 015 | Seed 42 | Rate 0.02 | Train Loss: 1.3968 | Val Loss: 1.0010 | Acc (clean): 0.8174 | Acc (poison): 0.8019 | Val Acc: 0.7137 | Time: 00:00:14
Epoch 016 | Seed 42 | Rate 0.02 | Train Loss: 1.3011 | Val Loss: 1.0483 | Acc (clean): 0.8137 | Acc (poison): 0.7982 | Val Acc: 0.7211 | Time: 00:00:15
Epoch 017 | Seed 42 | Rate 0.02 | Train Loss: 1.3302 | Val Loss: 1.2655 | Acc (clean): 0.8171 | Acc (poison): 0.8017 | Val Acc: 0.6500 | Time: 00:00:15
Epoch 018 | Seed 42 | Rate 0.02 | Train Loss: 1.2769 | Val Loss: 1.1544 | Acc (clean): 0.8232 | Acc (poison): 0.8075 | Val Acc: 0.6759 | Time: 00:00:15
Epoch 019 | Seed 42 | Rate 0.02 | Train Loss: 1.2966 | Val Loss: 1.1396 | Acc (clean): 0.8219 | Acc (poison): 0.8060 | Val Acc: 0.6863 | Time: 00:00:15
Epoch 020 | Seed 42 | Rate 0.02 | Train Loss: 1.2784 | Val Loss: 1.0684 | Acc (clean): 0.8261 | Acc (poison): 0.8105 | Val Acc: 0.7085 | Time: 00:00:15
Epoch 021 | Seed 42 | Rate 0.02 | Train Loss: 1.2572 | Val Loss: 1.4353 | Acc (clean): 0.8278 | Acc (poison): 0.8125 | Val Acc: 0.6037 | Time: 00:00:15
Epoch 022 | Seed 42 | Rate 0.02 | Train Loss: 1.2175 | Val Loss: 0.8992 | Acc (clean): 0.8300 | Acc (poison): 0.8140 | Val Acc: 0.7456 | Time: 00:00:15
Epoch 023 | Seed 42 | Rate 0.02 | Train Loss: 1.3067 | Val Loss: 1.3252 | Acc (clean): 0.8354 | Acc (poison): 0.8198 | Val Acc: 0.6293 | Time: 00:00:15
Epoch 024 | Seed 42 | Rate 0.02 | Train Loss: 1.2465 | Val Loss: 1.0488 | Acc (clean): 0.8322 | Acc (poison): 0.8163 | Val Acc: 0.7185 | Time: 00:00:15
Epoch 025 | Seed 42 | Rate 0.02 | Train Loss: 1.2440 | Val Loss: 1.1336 | Acc (clean): 0.8317 | Acc (poison): 0.8157 | Val Acc: 0.6785 | Time: 00:00:15
Epoch 026 | Seed 42 | Rate 0.02 | Train Loss: 1.2650 | Val Loss: 0.8800 | Acc (clean): 0.8362 | Acc (poison): 0.8208 | Val Acc: 0.7552 | Time: 00:00:15
Epoch 027 | Seed 42 | Rate 0.02 | Train Loss: 1.2862 | Val Loss: 0.8085 | Acc (clean): 0.8379 | Acc (poison): 0.8222 | Val Acc: 0.7748 | Time: 00:00:15
Epoch 028 | Seed 42 | Rate 0.02 | Train Loss: 1.3089 | Val Loss: 0.8251 | Acc (clean): 0.8364 | Acc (poison): 0.8202 | Val Acc: 0.7919 | Time: 00:00:15
Epoch 029 | Seed 42 | Rate 0.02 | Train Loss: 1.2977 | Val Loss: 2.6235 | Acc (clean): 0.8392 | Acc (poison): 0.8232 | Val Acc: 0.3430 | Time: 00:00:15
Epoch 030 | Seed 42 | Rate 0.02 | Train Loss: 1.3440 | Val Loss: 0.8461 | Acc (clean): 0.8383 | Acc (poison): 0.8217 | Val Acc: 0.7689 | Time: 00:00:15
Epoch 031 | Seed 42 | Rate 0.02 | Train Loss: 1.2882 | Val Loss: 0.8858 | Acc (clean): 0.8391 | Acc (poison): 0.8233 | Val Acc: 0.7611 | Time: 00:00:15
Epoch 032 | Seed 42 | Rate 0.02 | Train Loss: 1.1975 | Val Loss: 0.9051 | Acc (clean): 0.8340 | Acc (poison): 0.8183 | Val Acc: 0.7496 | Time: 00:00:14
Epoch 033 | Seed 42 | Rate 0.02 | Train Loss: 1.2437 | Val Loss: 1.1567 | Acc (clean): 0.8402 | Acc (poison): 0.8240 | Val Acc: 0.6785 | Time: 00:00:15
Epoch 034 | Seed 42 | Rate 0.02 | Train Loss: 1.2938 | Val Loss: 0.9464 | Acc (clean): 0.8398 | Acc (poison): 0.8239 | Val Acc: 0.7278 | Time: 00:00:15
Epoch 035 | Seed 42 | Rate 0.02 | Train Loss: 1.2550 | Val Loss: 1.0881 | Acc (clean): 0.8395 | Acc (poison): 0.8230 | Val Acc: 0.7096 | Time: 00:00:15
Epoch 036 | Seed 42 | Rate 0.02 | Train Loss: 1.2760 | Val Loss: 0.8763 | Acc (clean): 0.8416 | Acc (poison): 0.8252 | Val Acc: 0.7707 | Time: 00:00:15
Epoch 037 | Seed 42 | Rate 0.02 | Train Loss: 1.2146 | Val Loss: 1.1127 | Acc (clean): 0.8480 | Acc (poison): 0.8316 | Val Acc: 0.6815 | Time: 00:00:15
Epoch 038 | Seed 42 | Rate 0.02 | Train Loss: 1.2361 | Val Loss: 1.2248 | Acc (clean): 0.8425 | Acc (poison): 0.8261 | Val Acc: 0.6633 | Time: 00:00:15
Epoch 039 | Seed 42 | Rate 0.02 | Train Loss: 1.1306 | Val Loss: 1.2264 | Acc (clean): 0.8428 | Acc (poison): 0.8263 | Val Acc: 0.6526 | Time: 00:00:15
Epoch 040 | Seed 42 | Rate 0.02 | Train Loss: 1.2014 | Val Loss: 0.9551 | Acc (clean): 0.8416 | Acc (poison): 0.8259 | Val Acc: 0.7411 | Time: 00:00:15
Epoch 041 | Seed 42 | Rate 0.02 | Train Loss: 1.1460 | Val Loss: 1.5911 | Acc (clean): 0.8431 | Acc (poison): 0.8277 | Val Acc: 0.5656 | Time: 00:00:15
Epoch 042 | Seed 42 | Rate 0.02 | Train Loss: 1.2875 | Val Loss: 0.9414 | Acc (clean): 0.8413 | Acc (poison): 0.8252 | Val Acc: 0.7481 | Time: 00:00:15
Epoch 043 | Seed 42 | Rate 0.02 | Train Loss: 1.2528 | Val Loss: 0.8319 | Acc (clean): 0.8447 | Acc (poison): 0.8291 | Val Acc: 0.7722 | Time: 00:00:14
Epoch 044 | Seed 42 | Rate 0.02 | Train Loss: 1.2733 | Val Loss: 1.1180 | Acc (clean): 0.8477 | Acc (poison): 0.8312 | Val Acc: 0.6689 | Time: 00:00:15
Epoch 045 | Seed 42 | Rate 0.02 | Train Loss: 1.1714 | Val Loss: 1.4268 | Acc (clean): 0.8416 | Acc (poison): 0.8254 | Val Acc: 0.5944 | Time: 00:00:15
Epoch 046 | Seed 42 | Rate 0.02 | Train Loss: 1.2319 | Val Loss: 0.7411 | Acc (clean): 0.8435 | Acc (poison): 0.8281 | Val Acc: 0.7948 | Time: 00:00:15
Epoch 047 | Seed 42 | Rate 0.02 | Train Loss: 1.2386 | Val Loss: 1.1614 | Acc (clean): 0.8468 | Acc (poison): 0.8304 | Val Acc: 0.6915 | Time: 00:00:15
Epoch 048 | Seed 42 | Rate 0.02 | Train Loss: 1.1871 | Val Loss: 0.7826 | Acc (clean): 0.8476 | Acc (poison): 0.8313 | Val Acc: 0.7978 | Time: 00:00:15
Epoch 049 | Seed 42 | Rate 0.02 | Train Loss: 1.2526 | Val Loss: 0.9907 | Acc (clean): 0.8472 | Acc (poison): 0.8314 | Val Acc: 0.7096 | Time: 00:00:15
Epoch 050 | Seed 42 | Rate 0.02 | Train Loss: 1.2286 | Val Loss: 1.2802 | Acc (clean): 0.8407 | Acc (poison): 0.8244 | Val Acc: 0.6511 | Time: 00:00:16
Epoch 051 | Seed 42 | Rate 0.02 | Train Loss: 1.0726 | Val Loss: 0.4035 | Acc (clean): 0.9074 | Acc (poison): 0.8902 | Val Acc: 0.8970 | Time: 00:00:15
Epoch 052 | Seed 42 | Rate 0.02 | Train Loss: 1.0150 | Val Loss: 0.4239 | Acc (clean): 0.9251 | Acc (poison): 0.9072 | Val Acc: 0.8900 | Time: 00:00:15
Epoch 053 | Seed 42 | Rate 0.02 | Train Loss: 0.9602 | Val Loss: 0.4664 | Acc (clean): 0.9342 | Acc (poison): 0.9162 | Val Acc: 0.8919 | Time: 00:00:15
Epoch 054 | Seed 42 | Rate 0.02 | Train Loss: 0.9242 | Val Loss: 0.4080 | Acc (clean): 0.9358 | Acc (poison): 0.9183 | Val Acc: 0.9026 | Time: 00:00:15
Epoch 055 | Seed 42 | Rate 0.02 | Train Loss: 0.9353 | Val Loss: 0.4157 | Acc (clean): 0.9397 | Acc (poison): 0.9219 | Val Acc: 0.9041 | Time: 00:00:14
Epoch 056 | Seed 42 | Rate 0.02 | Train Loss: 0.9569 | Val Loss: 0.3629 | Acc (clean): 0.9405 | Acc (poison): 0.9224 | Val Acc: 0.9119 | Time: 00:00:15
Epoch 057 | Seed 42 | Rate 0.02 | Train Loss: 0.9501 | Val Loss: 0.3752 | Acc (clean): 0.9460 | Acc (poison): 0.9284 | Val Acc: 0.9115 | Time: 00:00:15
Epoch 058 | Seed 42 | Rate 0.02 | Train Loss: 0.9670 | Val Loss: 0.3915 | Acc (clean): 0.9479 | Acc (poison): 0.9302 | Val Acc: 0.9074 | Time: 00:00:15
Epoch 059 | Seed 42 | Rate 0.02 | Train Loss: 0.9449 | Val Loss: 0.3794 | Acc (clean): 0.9514 | Acc (poison): 0.9337 | Val Acc: 0.9130 | Time: 00:00:15
Epoch 060 | Seed 42 | Rate 0.02 | Train Loss: 0.8651 | Val Loss: 0.4305 | Acc (clean): 0.9517 | Acc (poison): 0.9344 | Val Acc: 0.9052 | Time: 00:00:15
Epoch 061 | Seed 42 | Rate 0.02 | Train Loss: 0.9000 | Val Loss: 0.3754 | Acc (clean): 0.9529 | Acc (poison): 0.9352 | Val Acc: 0.9074 | Time: 00:00:15
Epoch 062 | Seed 42 | Rate 0.02 | Train Loss: 0.7751 | Val Loss: 0.3288 | Acc (clean): 0.9543 | Acc (poison): 0.9363 | Val Acc: 0.9196 | Time: 00:00:15
Epoch 063 | Seed 42 | Rate 0.02 | Train Loss: 0.8544 | Val Loss: 0.3758 | Acc (clean): 0.9557 | Acc (poison): 0.9383 | Val Acc: 0.9081 | Time: 00:00:15
Epoch 064 | Seed 42 | Rate 0.02 | Train Loss: 0.9245 | Val Loss: 0.3513 | Acc (clean): 0.9580 | Acc (poison): 0.9410 | Val Acc: 0.9133 | Time: 00:00:15
Epoch 065 | Seed 42 | Rate 0.02 | Train Loss: 0.8936 | Val Loss: 0.3776 | Acc (clean): 0.9595 | Acc (poison): 0.9424 | Val Acc: 0.9122 | Time: 00:00:15
Epoch 066 | Seed 42 | Rate 0.02 | Train Loss: 0.8742 | Val Loss: 0.3694 | Acc (clean): 0.9599 | Acc (poison): 0.9429 | Val Acc: 0.9141 | Time: 00:00:15
Epoch 067 | Seed 42 | Rate 0.02 | Train Loss: 0.8603 | Val Loss: 0.3732 | Acc (clean): 0.9603 | Acc (poison): 0.9430 | Val Acc: 0.9111 | Time: 00:00:15
Epoch 068 | Seed 42 | Rate 0.02 | Train Loss: 0.8537 | Val Loss: 0.3431 | Acc (clean): 0.9629 | Acc (poison): 0.9452 | Val Acc: 0.9185 | Time: 00:00:15
Epoch 069 | Seed 42 | Rate 0.02 | Train Loss: 0.8549 | Val Loss: 0.3764 | Acc (clean): 0.9634 | Acc (poison): 0.9459 | Val Acc: 0.9052 | Time: 00:00:15
Epoch 070 | Seed 42 | Rate 0.02 | Train Loss: 0.8954 | Val Loss: 0.3822 | Acc (clean): 0.9622 | Acc (poison): 0.9451 | Val Acc: 0.9119 | Time: 00:00:15
Epoch 071 | Seed 42 | Rate 0.02 | Train Loss: 0.8881 | Val Loss: 0.3890 | Acc (clean): 0.9626 | Acc (poison): 0.9456 | Val Acc: 0.9119 | Time: 00:00:15
Epoch 072 | Seed 42 | Rate 0.02 | Train Loss: 0.8378 | Val Loss: 0.3312 | Acc (clean): 0.9651 | Acc (poison): 0.9484 | Val Acc: 0.9159 | Time: 00:00:15
Epoch 073 | Seed 42 | Rate 0.02 | Train Loss: 0.8519 | Val Loss: 0.3438 | Acc (clean): 0.9629 | Acc (poison): 0.9460 | Val Acc: 0.9148 | Time: 00:00:15
Epoch 074 | Seed 42 | Rate 0.02 | Train Loss: 0.8909 | Val Loss: 0.3504 | Acc (clean): 0.9649 | Acc (poison): 0.9481 | Val Acc: 0.9104 | Time: 00:00:15
Epoch 075 | Seed 42 | Rate 0.02 | Train Loss: 0.8635 | Val Loss: 0.3396 | Acc (clean): 0.9657 | Acc (poison): 0.9488 | Val Acc: 0.9148 | Time: 00:00:15
Epoch 076 | Seed 42 | Rate 0.02 | Train Loss: 0.7842 | Val Loss: 0.3239 | Acc (clean): 0.9726 | Acc (poison): 0.9562 | Val Acc: 0.9233 | Time: 00:00:15
Epoch 077 | Seed 42 | Rate 0.02 | Train Loss: 0.7752 | Val Loss: 0.3290 | Acc (clean): 0.9770 | Acc (poison): 0.9600 | Val Acc: 0.9244 | Time: 00:00:15
Epoch 078 | Seed 42 | Rate 0.02 | Train Loss: 0.8018 | Val Loss: 0.3173 | Acc (clean): 0.9781 | Acc (poison): 0.9617 | Val Acc: 0.9259 | Time: 00:00:15
Epoch 079 | Seed 42 | Rate 0.02 | Train Loss: 0.8181 | Val Loss: 0.3450 | Acc (clean): 0.9776 | Acc (poison): 0.9614 | Val Acc: 0.9244 | Time: 00:00:15
Epoch 080 | Seed 42 | Rate 0.02 | Train Loss: 0.7763 | Val Loss: 0.3041 | Acc (clean): 0.9799 | Acc (poison): 0.9627 | Val Acc: 0.9285 | Time: 00:00:15
Epoch 081 | Seed 42 | Rate 0.02 | Train Loss: 0.6733 | Val Loss: 0.3108 | Acc (clean): 0.9805 | Acc (poison): 0.9639 | Val Acc: 0.9274 | Time: 00:00:15
Epoch 082 | Seed 42 | Rate 0.02 | Train Loss: 0.8594 | Val Loss: 0.3319 | Acc (clean): 0.9788 | Acc (poison): 0.9623 | Val Acc: 0.9267 | Time: 00:00:15
Epoch 083 | Seed 42 | Rate 0.02 | Train Loss: 0.7069 | Val Loss: 0.3519 | Acc (clean): 0.9800 | Acc (poison): 0.9633 | Val Acc: 0.9233 | Time: 00:00:15
Epoch 084 | Seed 42 | Rate 0.02 | Train Loss: 0.7596 | Val Loss: 0.3149 | Acc (clean): 0.9801 | Acc (poison): 0.9638 | Val Acc: 0.9263 | Time: 00:00:15
Epoch 085 | Seed 42 | Rate 0.02 | Train Loss: 0.7053 | Val Loss: 0.3010 | Acc (clean): 0.9811 | Acc (poison): 0.9649 | Val Acc: 0.9267 | Time: 00:00:15
Epoch 086 | Seed 42 | Rate 0.02 | Train Loss: 0.8186 | Val Loss: 0.3275 | Acc (clean): 0.9816 | Acc (poison): 0.9651 | Val Acc: 0.9259 | Time: 00:00:15
Epoch 087 | Seed 42 | Rate 0.02 | Train Loss: 0.7765 | Val Loss: 0.3628 | Acc (clean): 0.9816 | Acc (poison): 0.9646 | Val Acc: 0.9233 | Time: 00:00:15
Epoch 088 | Seed 42 | Rate 0.02 | Train Loss: 0.8023 | Val Loss: 0.3056 | Acc (clean): 0.9818 | Acc (poison): 0.9656 | Val Acc: 0.9267 | Time: 00:00:15
Epoch 089 | Seed 42 | Rate 0.02 | Train Loss: 0.7684 | Val Loss: 0.3398 | Acc (clean): 0.9821 | Acc (poison): 0.9664 | Val Acc: 0.9233 | Time: 00:00:15
Epoch 090 | Seed 42 | Rate 0.02 | Train Loss: 0.7285 | Val Loss: 0.2955 | Acc (clean): 0.9803 | Acc (poison): 0.9646 | Val Acc: 0.9270 | Time: 00:00:15
Epoch 091 | Seed 42 | Rate 0.02 | Train Loss: 0.8352 | Val Loss: 0.4123 | Acc (clean): 0.9809 | Acc (poison): 0.9655 | Val Acc: 0.9174 | Time: 00:00:15
Epoch 092 | Seed 42 | Rate 0.02 | Train Loss: 0.7728 | Val Loss: 0.3211 | Acc (clean): 0.9815 | Acc (poison): 0.9652 | Val Acc: 0.9248 | Time: 00:00:15
Epoch 093 | Seed 42 | Rate 0.02 | Train Loss: 0.7983 | Val Loss: 0.3256 | Acc (clean): 0.9829 | Acc (poison): 0.9670 | Val Acc: 0.9274 | Time: 00:00:15
Epoch 094 | Seed 42 | Rate 0.02 | Train Loss: 0.8634 | Val Loss: 0.3928 | Acc (clean): 0.9815 | Acc (poison): 0.9654 | Val Acc: 0.9167 | Time: 00:00:15
Epoch 095 | Seed 42 | Rate 0.02 | Train Loss: 0.7452 | Val Loss: 0.3004 | Acc (clean): 0.9817 | Acc (poison): 0.9659 | Val Acc: 0.9267 | Time: 00:00:15
Epoch 096 | Seed 42 | Rate 0.02 | Train Loss: 0.6469 | Val Loss: 0.3404 | Acc (clean): 0.9824 | Acc (poison): 0.9666 | Val Acc: 0.9230 | Time: 00:00:15
Epoch 097 | Seed 42 | Rate 0.02 | Train Loss: 0.7041 | Val Loss: 0.2986 | Acc (clean): 0.9824 | Acc (poison): 0.9672 | Val Acc: 0.9281 | Time: 00:00:15
Epoch 098 | Seed 42 | Rate 0.02 | Train Loss: 0.8296 | Val Loss: 0.3197 | Acc (clean): 0.9828 | Acc (poison): 0.9672 | Val Acc: 0.9263 | Time: 00:00:15
Epoch 099 | Seed 42 | Rate 0.02 | Train Loss: 0.8483 | Val Loss: 0.3214 | Acc (clean): 0.9850 | Acc (poison): 0.9687 | Val Acc: 0.9274 | Time: 00:00:15
Epoch 100 | Seed 42 | Rate 0.02 | Train Loss: 0.8098 | Val Loss: 0.3576 | Acc (clean): 0.9835 | Acc (poison): 0.9678 | Val Acc: 0.9226 | Time: 00:00:15

=== defense=mixup attack=RQ1 seed=42 rate=0.05 ===
Loading train data from /home/yazanme/BachelorThesis/BachelorThesis/data/processed/resisc45/train.h5 with mapping /home/yazanme/BachelorThesis/BachelorThesis/data/processed/resisc45/poisoned/RQ1/seed_42/labels_0.05.pt... (in_memory=True, workers=4)
Testing torch.compile support...
Successfully compiled model using torch.compile.
Epoch 001 | Seed 42 | Rate 0.05 | Train Loss: 3.1733 | Val Loss: 2.5861 | Acc (clean): 0.2223 | Acc (poison): 0.2144 | Val Acc: 0.2807 | Time: 00:00:14
Epoch 002 | Seed 42 | Rate 0.05 | Train Loss: 2.5419 | Val Loss: 2.4281 | Acc (clean): 0.4134 | Acc (poison): 0.3944 | Val Acc: 0.3489 | Time: 00:00:13
Epoch 003 | Seed 42 | Rate 0.05 | Train Loss: 2.3017 | Val Loss: 2.0805 | Acc (clean): 0.5077 | Acc (poison): 0.4854 | Val Acc: 0.4111 | Time: 00:00:13
Epoch 004 | Seed 42 | Rate 0.05 | Train Loss: 2.1771 | Val Loss: 1.7323 | Acc (clean): 0.5690 | Acc (poison): 0.5430 | Val Acc: 0.5196 | Time: 00:00:13
Epoch 005 | Seed 42 | Rate 0.05 | Train Loss: 2.0033 | Val Loss: 1.6422 | Acc (clean): 0.6193 | Acc (poison): 0.5909 | Val Acc: 0.5285 | Time: 00:00:13
Epoch 006 | Seed 42 | Rate 0.05 | Train Loss: 1.8910 | Val Loss: 1.6285 | Acc (clean): 0.6609 | Acc (poison): 0.6304 | Val Acc: 0.5515 | Time: 00:00:13
Epoch 007 | Seed 42 | Rate 0.05 | Train Loss: 1.7790 | Val Loss: 1.5905 | Acc (clean): 0.6994 | Acc (poison): 0.6666 | Val Acc: 0.5378 | Time: 00:00:13
Epoch 008 | Seed 42 | Rate 0.05 | Train Loss: 1.7097 | Val Loss: 1.3681 | Acc (clean): 0.7266 | Acc (poison): 0.6932 | Val Acc: 0.6319 | Time: 00:00:12
Epoch 009 | Seed 42 | Rate 0.05 | Train Loss: 1.7176 | Val Loss: 1.0915 | Acc (clean): 0.7496 | Acc (poison): 0.7148 | Val Acc: 0.7170 | Time: 00:00:13
Epoch 010 | Seed 42 | Rate 0.05 | Train Loss: 1.6487 | Val Loss: 2.0157 | Acc (clean): 0.7651 | Acc (poison): 0.7281 | Val Acc: 0.4626 | Time: 00:00:13
Epoch 011 | Seed 42 | Rate 0.05 | Train Loss: 1.5946 | Val Loss: 1.4608 | Acc (clean): 0.7774 | Acc (poison): 0.7402 | Val Acc: 0.6107 | Time: 00:00:13
Epoch 012 | Seed 42 | Rate 0.05 | Train Loss: 1.6220 | Val Loss: 1.1216 | Acc (clean): 0.7839 | Acc (poison): 0.7473 | Val Acc: 0.6844 | Time: 00:00:13
Epoch 013 | Seed 42 | Rate 0.05 | Train Loss: 1.4583 | Val Loss: 1.3706 | Acc (clean): 0.7901 | Acc (poison): 0.7529 | Val Acc: 0.6181 | Time: 00:00:13
Epoch 014 | Seed 42 | Rate 0.05 | Train Loss: 1.5312 | Val Loss: 1.7522 | Acc (clean): 0.7963 | Acc (poison): 0.7583 | Val Acc: 0.5370 | Time: 00:00:12
Epoch 015 | Seed 42 | Rate 0.05 | Train Loss: 1.5509 | Val Loss: 1.1817 | Acc (clean): 0.8082 | Acc (poison): 0.7704 | Val Acc: 0.6815 | Time: 00:00:13
Epoch 016 | Seed 42 | Rate 0.05 | Train Loss: 1.4625 | Val Loss: 1.0973 | Acc (clean): 0.8036 | Acc (poison): 0.7658 | Val Acc: 0.7163 | Time: 00:00:12
Epoch 017 | Seed 42 | Rate 0.05 | Train Loss: 1.4788 | Val Loss: 2.4328 | Acc (clean): 0.8124 | Acc (poison): 0.7738 | Val Acc: 0.3644 | Time: 00:00:13
Epoch 018 | Seed 42 | Rate 0.05 | Train Loss: 1.4323 | Val Loss: 1.1551 | Acc (clean): 0.8166 | Acc (poison): 0.7782 | Val Acc: 0.6893 | Time: 00:00:13
Epoch 019 | Seed 42 | Rate 0.05 | Train Loss: 1.4593 | Val Loss: 1.0689 | Acc (clean): 0.8114 | Acc (poison): 0.7730 | Val Acc: 0.7044 | Time: 00:00:13
Epoch 020 | Seed 42 | Rate 0.05 | Train Loss: 1.4314 | Val Loss: 2.6240 | Acc (clean): 0.8183 | Acc (poison): 0.7797 | Val Acc: 0.3578 | Time: 00:00:13
Epoch 021 | Seed 42 | Rate 0.05 | Train Loss: 1.4251 | Val Loss: 1.4181 | Acc (clean): 0.8165 | Acc (poison): 0.7773 | Val Acc: 0.6026 | Time: 00:00:13
Epoch 022 | Seed 42 | Rate 0.05 | Train Loss: 1.3787 | Val Loss: 1.3886 | Acc (clean): 0.8224 | Acc (poison): 0.7825 | Val Acc: 0.6170 | Time: 00:00:13
Epoch 023 | Seed 42 | Rate 0.05 | Train Loss: 1.4648 | Val Loss: 1.2890 | Acc (clean): 0.8279 | Acc (poison): 0.7880 | Val Acc: 0.6730 | Time: 00:00:13
Epoch 024 | Seed 42 | Rate 0.05 | Train Loss: 1.4035 | Val Loss: 1.9463 | Acc (clean): 0.8253 | Acc (poison): 0.7850 | Val Acc: 0.4744 | Time: 00:00:12
Epoch 025 | Seed 42 | Rate 0.05 | Train Loss: 1.4007 | Val Loss: 1.4526 | Acc (clean): 0.8277 | Acc (poison): 0.7889 | Val Acc: 0.6081 | Time: 00:00:13
Epoch 026 | Seed 42 | Rate 0.05 | Train Loss: 1.4286 | Val Loss: 1.2283 | Acc (clean): 0.8281 | Acc (poison): 0.7891 | Val Acc: 0.6619 | Time: 00:00:13
Epoch 027 | Seed 42 | Rate 0.05 | Train Loss: 1.4466 | Val Loss: 0.8414 | Acc (clean): 0.8300 | Acc (poison): 0.7900 | Val Acc: 0.7785 | Time: 00:00:13
Epoch 028 | Seed 42 | Rate 0.05 | Train Loss: 1.4611 | Val Loss: 1.0732 | Acc (clean): 0.8326 | Acc (poison): 0.7922 | Val Acc: 0.7267 | Time: 00:00:13
Epoch 029 | Seed 42 | Rate 0.05 | Train Loss: 1.4530 | Val Loss: 1.0267 | Acc (clean): 0.8341 | Acc (poison): 0.7940 | Val Acc: 0.7300 | Time: 00:00:13
Epoch 030 | Seed 42 | Rate 0.05 | Train Loss: 1.4863 | Val Loss: 1.4642 | Acc (clean): 0.8314 | Acc (poison): 0.7917 | Val Acc: 0.5904 | Time: 00:00:13
Epoch 031 | Seed 42 | Rate 0.05 | Train Loss: 1.4378 | Val Loss: 2.1870 | Acc (clean): 0.8347 | Acc (poison): 0.7943 | Val Acc: 0.4515 | Time: 00:00:12
Epoch 032 | Seed 42 | Rate 0.05 | Train Loss: 1.3572 | Val Loss: 1.0868 | Acc (clean): 0.8298 | Acc (poison): 0.7900 | Val Acc: 0.7011 | Time: 00:00:13
Epoch 033 | Seed 42 | Rate 0.05 | Train Loss: 1.4040 | Val Loss: 1.0716 | Acc (clean): 0.8335 | Acc (poison): 0.7947 | Val Acc: 0.7222 | Time: 00:00:12
Epoch 034 | Seed 42 | Rate 0.05 | Train Loss: 1.4482 | Val Loss: 1.2686 | Acc (clean): 0.8418 | Acc (poison): 0.8013 | Val Acc: 0.6530 | Time: 00:00:13
Epoch 035 | Seed 42 | Rate 0.05 | Train Loss: 1.4069 | Val Loss: 2.2643 | Acc (clean): 0.8360 | Acc (poison): 0.7957 | Val Acc: 0.3941 | Time: 00:00:12
Epoch 036 | Seed 42 | Rate 0.05 | Train Loss: 1.4282 | Val Loss: 1.1708 | Acc (clean): 0.8377 | Acc (poison): 0.7972 | Val Acc: 0.6852 | Time: 00:00:13
Epoch 037 | Seed 42 | Rate 0.05 | Train Loss: 1.3731 | Val Loss: 1.1552 | Acc (clean): 0.8404 | Acc (poison): 0.7997 | Val Acc: 0.6896 | Time: 00:00:13
Epoch 038 | Seed 42 | Rate 0.05 | Train Loss: 1.3896 | Val Loss: 1.2309 | Acc (clean): 0.8345 | Acc (poison): 0.7948 | Val Acc: 0.6915 | Time: 00:00:13
Epoch 039 | Seed 42 | Rate 0.05 | Train Loss: 1.2952 | Val Loss: 1.2839 | Acc (clean): 0.8368 | Acc (poison): 0.7958 | Val Acc: 0.6437 | Time: 00:00:13
Epoch 040 | Seed 42 | Rate 0.05 | Train Loss: 1.3632 | Val Loss: 1.9172 | Acc (clean): 0.8375 | Acc (poison): 0.7972 | Val Acc: 0.4644 | Time: 00:00:13
Epoch 041 | Seed 42 | Rate 0.05 | Train Loss: 1.3120 | Val Loss: 1.3806 | Acc (clean): 0.8389 | Acc (poison): 0.7986 | Val Acc: 0.6137 | Time: 00:00:13
Epoch 042 | Seed 42 | Rate 0.05 | Train Loss: 1.4335 | Val Loss: 1.5836 | Acc (clean): 0.8386 | Acc (poison): 0.7994 | Val Acc: 0.5678 | Time: 00:00:13
Epoch 043 | Seed 42 | Rate 0.05 | Train Loss: 1.4111 | Val Loss: 1.2388 | Acc (clean): 0.8405 | Acc (poison): 0.8007 | Val Acc: 0.6637 | Time: 00:00:13
Epoch 044 | Seed 42 | Rate 0.05 | Train Loss: 1.4243 | Val Loss: 1.0392 | Acc (clean): 0.8418 | Acc (poison): 0.8015 | Val Acc: 0.7193 | Time: 00:00:13
Epoch 045 | Seed 42 | Rate 0.05 | Train Loss: 1.3372 | Val Loss: 2.3382 | Acc (clean): 0.8365 | Acc (poison): 0.7972 | Val Acc: 0.3926 | Time: 00:00:12
Epoch 046 | Seed 42 | Rate 0.05 | Train Loss: 1.3809 | Val Loss: 1.7331 | Acc (clean): 0.8414 | Acc (poison): 0.8016 | Val Acc: 0.5322 | Time: 00:00:13
Epoch 047 | Seed 42 | Rate 0.05 | Train Loss: 1.4014 | Val Loss: 1.1120 | Acc (clean): 0.8412 | Acc (poison): 0.8013 | Val Acc: 0.7185 | Time: 00:00:13
Epoch 048 | Seed 42 | Rate 0.05 | Train Loss: 1.3421 | Val Loss: 1.9259 | Acc (clean): 0.8430 | Acc (poison): 0.8023 | Val Acc: 0.4778 | Time: 00:00:13
Epoch 049 | Seed 42 | Rate 0.05 | Train Loss: 1.4178 | Val Loss: 0.8209 | Acc (clean): 0.8395 | Acc (poison): 0.7997 | Val Acc: 0.7778 | Time: 00:00:13
Epoch 050 | Seed 42 | Rate 0.05 | Train Loss: 1.3892 | Val Loss: 1.1084 | Acc (clean): 0.8407 | Acc (poison): 0.8014 | Val Acc: 0.7041 | Time: 00:00:13
Epoch 051 | Seed 42 | Rate 0.05 | Train Loss: 1.2366 | Val Loss: 0.4737 | Acc (clean): 0.8991 | Acc (poison): 0.8556 | Val Acc: 0.8837 | Time: 00:00:13
Epoch 052 | Seed 42 | Rate 0.05 | Train Loss: 1.1715 | Val Loss: 0.4560 | Acc (clean): 0.9199 | Acc (poison): 0.8754 | Val Acc: 0.8963 | Time: 00:00:12
Epoch 053 | Seed 42 | Rate 0.05 | Train Loss: 1.1151 | Val Loss: 0.5052 | Acc (clean): 0.9267 | Acc (poison): 0.8827 | Val Acc: 0.8967 | Time: 00:00:13
Epoch 054 | Seed 42 | Rate 0.05 | Train Loss: 1.0779 | Val Loss: 0.4537 | Acc (clean): 0.9315 | Acc (poison): 0.8871 | Val Acc: 0.9015 | Time: 00:00:13
Epoch 055 | Seed 42 | Rate 0.05 | Train Loss: 1.0879 | Val Loss: 0.4356 | Acc (clean): 0.9357 | Acc (poison): 0.8915 | Val Acc: 0.9026 | Time: 00:00:13
Epoch 056 | Seed 42 | Rate 0.05 | Train Loss: 1.1049 | Val Loss: 0.4128 | Acc (clean): 0.9388 | Acc (poison): 0.8942 | Val Acc: 0.9070 | Time: 00:00:13
Epoch 057 | Seed 42 | Rate 0.05 | Train Loss: 1.0992 | Val Loss: 0.4154 | Acc (clean): 0.9434 | Acc (poison): 0.8987 | Val Acc: 0.9037 | Time: 00:00:13
Epoch 058 | Seed 42 | Rate 0.05 | Train Loss: 1.1139 | Val Loss: 0.4516 | Acc (clean): 0.9434 | Acc (poison): 0.8993 | Val Acc: 0.8985 | Time: 00:00:13
Epoch 059 | Seed 42 | Rate 0.05 | Train Loss: 1.0916 | Val Loss: 0.4195 | Acc (clean): 0.9450 | Acc (poison): 0.9001 | Val Acc: 0.9048 | Time: 00:00:13
Epoch 060 | Seed 42 | Rate 0.05 | Train Loss: 1.0184 | Val Loss: 0.4968 | Acc (clean): 0.9471 | Acc (poison): 0.9033 | Val Acc: 0.8893 | Time: 00:00:13
Epoch 061 | Seed 42 | Rate 0.05 | Train Loss: 1.0509 | Val Loss: 0.4109 | Acc (clean): 0.9502 | Acc (poison): 0.9058 | Val Acc: 0.9044 | Time: 00:00:13
Epoch 062 | Seed 42 | Rate 0.05 | Train Loss: 0.9313 | Val Loss: 0.3724 | Acc (clean): 0.9502 | Acc (poison): 0.9059 | Val Acc: 0.9115 | Time: 00:00:13
Epoch 063 | Seed 42 | Rate 0.05 | Train Loss: 1.0028 | Val Loss: 0.4217 | Acc (clean): 0.9509 | Acc (poison): 0.9064 | Val Acc: 0.9000 | Time: 00:00:13
Epoch 064 | Seed 42 | Rate 0.05 | Train Loss: 1.0697 | Val Loss: 0.4131 | Acc (clean): 0.9527 | Acc (poison): 0.9086 | Val Acc: 0.9048 | Time: 00:00:13
Epoch 065 | Seed 42 | Rate 0.05 | Train Loss: 1.0392 | Val Loss: 0.4328 | Acc (clean): 0.9544 | Acc (poison): 0.9105 | Val Acc: 0.9030 | Time: 00:00:13
Epoch 066 | Seed 42 | Rate 0.05 | Train Loss: 1.0227 | Val Loss: 0.4233 | Acc (clean): 0.9556 | Acc (poison): 0.9117 | Val Acc: 0.9026 | Time: 00:00:13
Epoch 067 | Seed 42 | Rate 0.05 | Train Loss: 1.0039 | Val Loss: 0.4527 | Acc (clean): 0.9570 | Acc (poison): 0.9131 | Val Acc: 0.9004 | Time: 00:00:12
Epoch 068 | Seed 42 | Rate 0.05 | Train Loss: 1.0032 | Val Loss: 0.3948 | Acc (clean): 0.9568 | Acc (poison): 0.9133 | Val Acc: 0.9122 | Time: 00:00:13
Epoch 069 | Seed 42 | Rate 0.05 | Train Loss: 1.0074 | Val Loss: 0.4401 | Acc (clean): 0.9574 | Acc (poison): 0.9143 | Val Acc: 0.9026 | Time: 00:00:13
Epoch 070 | Seed 42 | Rate 0.05 | Train Loss: 1.0388 | Val Loss: 0.4644 | Acc (clean): 0.9585 | Acc (poison): 0.9163 | Val Acc: 0.8985 | Time: 00:00:13
Epoch 071 | Seed 42 | Rate 0.05 | Train Loss: 1.0352 | Val Loss: 0.4589 | Acc (clean): 0.9558 | Acc (poison): 0.9130 | Val Acc: 0.8963 | Time: 00:00:12
Epoch 072 | Seed 42 | Rate 0.05 | Train Loss: 0.9833 | Val Loss: 0.4084 | Acc (clean): 0.9573 | Acc (poison): 0.9147 | Val Acc: 0.9033 | Time: 00:00:13
Epoch 073 | Seed 42 | Rate 0.05 | Train Loss: 0.9956 | Val Loss: 0.3978 | Acc (clean): 0.9584 | Acc (poison): 0.9155 | Val Acc: 0.9063 | Time: 00:00:13
Epoch 074 | Seed 42 | Rate 0.05 | Train Loss: 1.0343 | Val Loss: 0.4488 | Acc (clean): 0.9590 | Acc (poison): 0.9170 | Val Acc: 0.8944 | Time: 00:00:13
Epoch 075 | Seed 42 | Rate 0.05 | Train Loss: 1.0104 | Val Loss: 0.4397 | Acc (clean): 0.9605 | Acc (poison): 0.9180 | Val Acc: 0.8930 | Time: 00:00:13
Epoch 076 | Seed 42 | Rate 0.05 | Train Loss: 0.9216 | Val Loss: 0.3661 | Acc (clean): 0.9672 | Acc (poison): 0.9256 | Val Acc: 0.9178 | Time: 00:00:13
Epoch 077 | Seed 42 | Rate 0.05 | Train Loss: 0.9114 | Val Loss: 0.3759 | Acc (clean): 0.9727 | Acc (poison): 0.9309 | Val Acc: 0.9170 | Time: 00:00:13
Epoch 078 | Seed 42 | Rate 0.05 | Train Loss: 0.9308 | Val Loss: 0.3646 | Acc (clean): 0.9744 | Acc (poison): 0.9325 | Val Acc: 0.9230 | Time: 00:00:13
Epoch 079 | Seed 42 | Rate 0.05 | Train Loss: 0.9471 | Val Loss: 0.3866 | Acc (clean): 0.9727 | Acc (poison): 0.9321 | Val Acc: 0.9181 | Time: 00:00:13
Epoch 080 | Seed 42 | Rate 0.05 | Train Loss: 0.9086 | Val Loss: 0.3551 | Acc (clean): 0.9747 | Acc (poison): 0.9322 | Val Acc: 0.9196 | Time: 00:00:13
Epoch 081 | Seed 42 | Rate 0.05 | Train Loss: 0.8054 | Val Loss: 0.3569 | Acc (clean): 0.9745 | Acc (poison): 0.9337 | Val Acc: 0.9237 | Time: 00:00:13
Epoch 082 | Seed 42 | Rate 0.05 | Train Loss: 0.9869 | Val Loss: 0.3846 | Acc (clean): 0.9752 | Acc (poison): 0.9340 | Val Acc: 0.9211 | Time: 00:00:13
Epoch 083 | Seed 42 | Rate 0.05 | Train Loss: 0.8394 | Val Loss: 0.3998 | Acc (clean): 0.9763 | Acc (poison): 0.9348 | Val Acc: 0.9141 | Time: 00:00:13
Epoch 084 | Seed 42 | Rate 0.05 | Train Loss: 0.8844 | Val Loss: 0.3652 | Acc (clean): 0.9753 | Acc (poison): 0.9349 | Val Acc: 0.9207 | Time: 00:00:13
Epoch 085 | Seed 42 | Rate 0.05 | Train Loss: 0.8351 | Val Loss: 0.3519 | Acc (clean): 0.9763 | Acc (poison): 0.9363 | Val Acc: 0.9200 | Time: 00:00:13
Epoch 086 | Seed 42 | Rate 0.05 | Train Loss: 0.9440 | Val Loss: 0.3780 | Acc (clean): 0.9770 | Acc (poison): 0.9365 | Val Acc: 0.9174 | Time: 00:00:12
Epoch 087 | Seed 42 | Rate 0.05 | Train Loss: 0.9045 | Val Loss: 0.4137 | Acc (clean): 0.9754 | Acc (poison): 0.9354 | Val Acc: 0.9141 | Time: 00:00:13
Epoch 088 | Seed 42 | Rate 0.05 | Train Loss: 0.9308 | Val Loss: 0.3558 | Acc (clean): 0.9774 | Acc (poison): 0.9370 | Val Acc: 0.9207 | Time: 00:00:12
Epoch 089 | Seed 42 | Rate 0.05 | Train Loss: 0.8998 | Val Loss: 0.3915 | Acc (clean): 0.9768 | Acc (poison): 0.9368 | Val Acc: 0.9174 | Time: 00:00:13
Epoch 090 | Seed 42 | Rate 0.05 | Train Loss: 0.8552 | Val Loss: 0.3463 | Acc (clean): 0.9765 | Acc (poison): 0.9364 | Val Acc: 0.9241 | Time: 00:00:13
Epoch 091 | Seed 42 | Rate 0.05 | Train Loss: 0.9563 | Val Loss: 0.4723 | Acc (clean): 0.9775 | Acc (poison): 0.9378 | Val Acc: 0.9093 | Time: 00:00:13
Epoch 092 | Seed 42 | Rate 0.05 | Train Loss: 0.9005 | Val Loss: 0.3729 | Acc (clean): 0.9761 | Acc (poison): 0.9360 | Val Acc: 0.9185 | Time: 00:00:13
Epoch 093 | Seed 42 | Rate 0.05 | Train Loss: 0.9201 | Val Loss: 0.3791 | Acc (clean): 0.9767 | Acc (poison): 0.9372 | Val Acc: 0.9189 | Time: 00:00:13
Epoch 094 | Seed 42 | Rate 0.05 | Train Loss: 0.9839 | Val Loss: 0.4523 | Acc (clean): 0.9765 | Acc (poison): 0.9365 | Val Acc: 0.9056 | Time: 00:00:12
Epoch 095 | Seed 42 | Rate 0.05 | Train Loss: 0.8674 | Val Loss: 0.3490 | Acc (clean): 0.9776 | Acc (poison): 0.9371 | Val Acc: 0.9226 | Time: 00:00:13
Epoch 096 | Seed 42 | Rate 0.05 | Train Loss: 0.7741 | Val Loss: 0.3965 | Acc (clean): 0.9770 | Acc (poison): 0.9376 | Val Acc: 0.9200 | Time: 00:00:13
Epoch 097 | Seed 42 | Rate 0.05 | Train Loss: 0.8317 | Val Loss: 0.3462 | Acc (clean): 0.9779 | Acc (poison): 0.9382 | Val Acc: 0.9222 | Time: 00:00:13
Epoch 098 | Seed 42 | Rate 0.05 | Train Loss: 0.9527 | Val Loss: 0.3733 | Acc (clean): 0.9771 | Acc (poison): 0.9384 | Val Acc: 0.9222 | Time: 00:00:13
Epoch 099 | Seed 42 | Rate 0.05 | Train Loss: 0.9710 | Val Loss: 0.3703 | Acc (clean): 0.9789 | Acc (poison): 0.9392 | Val Acc: 0.9170 | Time: 00:00:12
Epoch 100 | Seed 42 | Rate 0.05 | Train Loss: 0.9327 | Val Loss: 0.4071 | Acc (clean): 0.9788 | Acc (poison): 0.9393 | Val Acc: 0.9130 | Time: 00:00:12

=== defense=mixup attack=RQ1 seed=42 rate=0.1 ===
Loading train data from /home/yazanme/BachelorThesis/BachelorThesis/data/processed/resisc45/train.h5 with mapping /home/yazanme/BachelorThesis/BachelorThesis/data/processed/resisc45/poisoned/RQ1/seed_42/labels_0.10.pt... (in_memory=True, workers=4)
Testing torch.compile support...
Successfully compiled model using torch.compile.
Epoch 001 | Seed 42 | Rate 0.10 | Train Loss: 3.2769 | Val Loss: 2.5566 | Acc (clean): 0.2140 | Acc (poison): 0.1959 | Val Acc: 0.2989 | Time: 00:00:13
Epoch 002 | Seed 42 | Rate 0.10 | Train Loss: 2.7379 | Val Loss: 2.1159 | Acc (clean): 0.3939 | Acc (poison): 0.3552 | Val Acc: 0.4304 | Time: 00:00:13
Epoch 003 | Seed 42 | Rate 0.10 | Train Loss: 2.5257 | Val Loss: 2.3970 | Acc (clean): 0.4759 | Acc (poison): 0.4294 | Val Acc: 0.3530 | Time: 00:00:13
Epoch 004 | Seed 42 | Rate 0.10 | Train Loss: 2.4048 | Val Loss: 1.9890 | Acc (clean): 0.5380 | Acc (poison): 0.4869 | Val Acc: 0.4467 | Time: 00:00:13
Epoch 005 | Seed 42 | Rate 0.10 | Train Loss: 2.2554 | Val Loss: 1.9000 | Acc (clean): 0.5863 | Acc (poison): 0.5316 | Val Acc: 0.4696 | Time: 00:00:13
Epoch 006 | Seed 42 | Rate 0.10 | Train Loss: 2.1550 | Val Loss: 1.8390 | Acc (clean): 0.6243 | Acc (poison): 0.5647 | Val Acc: 0.5015 | Time: 00:00:13
Epoch 007 | Seed 42 | Rate 0.10 | Train Loss: 2.0469 | Val Loss: 1.5125 | Acc (clean): 0.6684 | Acc (poison): 0.6033 | Val Acc: 0.5815 | Time: 00:00:12
Epoch 008 | Seed 42 | Rate 0.10 | Train Loss: 1.9851 | Val Loss: 1.7184 | Acc (clean): 0.6970 | Acc (poison): 0.6302 | Val Acc: 0.5389 | Time: 00:00:12
Epoch 009 | Seed 42 | Rate 0.10 | Train Loss: 1.9739 | Val Loss: 1.3053 | Acc (clean): 0.7239 | Acc (poison): 0.6553 | Val Acc: 0.6504 | Time: 00:00:13
Epoch 010 | Seed 42 | Rate 0.10 | Train Loss: 1.9057 | Val Loss: 1.2631 | Acc (clean): 0.7379 | Acc (poison): 0.6669 | Val Acc: 0.6426 | Time: 00:00:13
Epoch 011 | Seed 42 | Rate 0.10 | Train Loss: 1.8485 | Val Loss: 1.3980 | Acc (clean): 0.7556 | Acc (poison): 0.6823 | Val Acc: 0.6237 | Time: 00:00:12
Epoch 012 | Seed 42 | Rate 0.10 | Train Loss: 1.8741 | Val Loss: 1.3084 | Acc (clean): 0.7630 | Acc (poison): 0.6883 | Val Acc: 0.6344 | Time: 00:00:13
Epoch 013 | Seed 42 | Rate 0.10 | Train Loss: 1.7293 | Val Loss: 1.5311 | Acc (clean): 0.7705 | Acc (poison): 0.6973 | Val Acc: 0.5867 | Time: 00:00:13
Epoch 014 | Seed 42 | Rate 0.10 | Train Loss: 1.7870 | Val Loss: 1.6272 | Acc (clean): 0.7779 | Acc (poison): 0.7013 | Val Acc: 0.5919 | Time: 00:00:13
Epoch 015 | Seed 42 | Rate 0.10 | Train Loss: 1.8096 | Val Loss: 1.2826 | Acc (clean): 0.7888 | Acc (poison): 0.7123 | Val Acc: 0.6685 | Time: 00:00:13
Epoch 016 | Seed 42 | Rate 0.10 | Train Loss: 1.7200 | Val Loss: 1.3002 | Acc (clean): 0.7872 | Acc (poison): 0.7122 | Val Acc: 0.6659 | Time: 00:00:13
Epoch 017 | Seed 42 | Rate 0.10 | Train Loss: 1.7429 | Val Loss: 1.2666 | Acc (clean): 0.7942 | Acc (poison): 0.7170 | Val Acc: 0.6593 | Time: 00:00:12
Epoch 018 | Seed 42 | Rate 0.10 | Train Loss: 1.6963 | Val Loss: 1.2055 | Acc (clean): 0.7944 | Acc (poison): 0.7177 | Val Acc: 0.6811 | Time: 00:00:13
Epoch 019 | Seed 42 | Rate 0.10 | Train Loss: 1.7165 | Val Loss: 1.4429 | Acc (clean): 0.7962 | Acc (poison): 0.7188 | Val Acc: 0.6026 | Time: 00:00:13
Epoch 020 | Seed 42 | Rate 0.10 | Train Loss: 1.6933 | Val Loss: 1.0080 | Acc (clean): 0.8021 | Acc (poison): 0.7255 | Val Acc: 0.7411 | Time: 00:00:13
Epoch 021 | Seed 42 | Rate 0.10 | Train Loss: 1.6828 | Val Loss: 1.0959 | Acc (clean): 0.8037 | Acc (poison): 0.7250 | Val Acc: 0.7104 | Time: 00:00:13
Epoch 022 | Seed 42 | Rate 0.10 | Train Loss: 1.6461 | Val Loss: 1.6573 | Acc (clean): 0.8006 | Acc (poison): 0.7233 | Val Acc: 0.5430 | Time: 00:00:13
Epoch 023 | Seed 42 | Rate 0.10 | Train Loss: 1.7204 | Val Loss: 1.1591 | Acc (clean): 0.8105 | Acc (poison): 0.7321 | Val Acc: 0.7096 | Time: 00:00:13
Epoch 024 | Seed 42 | Rate 0.10 | Train Loss: 1.6718 | Val Loss: 1.3245 | Acc (clean): 0.8058 | Acc (poison): 0.7288 | Val Acc: 0.6726 | Time: 00:00:13
Epoch 025 | Seed 42 | Rate 0.10 | Train Loss: 1.6663 | Val Loss: 1.2715 | Acc (clean): 0.8077 | Acc (poison): 0.7298 | Val Acc: 0.6670 | Time: 00:00:13
Epoch 026 | Seed 42 | Rate 0.10 | Train Loss: 1.6890 | Val Loss: 0.9986 | Acc (clean): 0.8098 | Acc (poison): 0.7325 | Val Acc: 0.7163 | Time: 00:00:13
Epoch 027 | Seed 42 | Rate 0.10 | Train Loss: 1.6991 | Val Loss: 1.2385 | Acc (clean): 0.8107 | Acc (poison): 0.7331 | Val Acc: 0.6781 | Time: 00:00:13
Epoch 028 | Seed 42 | Rate 0.10 | Train Loss: 1.7161 | Val Loss: 1.2183 | Acc (clean): 0.8151 | Acc (poison): 0.7373 | Val Acc: 0.7048 | Time: 00:00:13
Epoch 029 | Seed 42 | Rate 0.10 | Train Loss: 1.7116 | Val Loss: 1.1429 | Acc (clean): 0.8189 | Acc (poison): 0.7394 | Val Acc: 0.7059 | Time: 00:00:13
Epoch 030 | Seed 42 | Rate 0.10 | Train Loss: 1.7430 | Val Loss: 1.3490 | Acc (clean): 0.8158 | Acc (poison): 0.7365 | Val Acc: 0.6422 | Time: 00:00:12
Epoch 031 | Seed 42 | Rate 0.10 | Train Loss: 1.6968 | Val Loss: 1.1698 | Acc (clean): 0.8177 | Acc (poison): 0.7385 | Val Acc: 0.6885 | Time: 00:00:13
Epoch 032 | Seed 42 | Rate 0.10 | Train Loss: 1.6267 | Val Loss: 0.9546 | Acc (clean): 0.8109 | Acc (poison): 0.7330 | Val Acc: 0.7500 | Time: 00:00:13
Epoch 033 | Seed 42 | Rate 0.10 | Train Loss: 1.6635 | Val Loss: 1.4787 | Acc (clean): 0.8168 | Acc (poison): 0.7382 | Val Acc: 0.6093 | Time: 00:00:13
Epoch 034 | Seed 42 | Rate 0.10 | Train Loss: 1.7110 | Val Loss: 1.0691 | Acc (clean): 0.8205 | Acc (poison): 0.7398 | Val Acc: 0.7219 | Time: 00:00:13
Epoch 035 | Seed 42 | Rate 0.10 | Train Loss: 1.6707 | Val Loss: 1.1673 | Acc (clean): 0.8200 | Acc (poison): 0.7399 | Val Acc: 0.7093 | Time: 00:00:13
Epoch 036 | Seed 42 | Rate 0.10 | Train Loss: 1.6829 | Val Loss: 1.2915 | Acc (clean): 0.8185 | Acc (poison): 0.7402 | Val Acc: 0.6656 | Time: 00:00:13
Epoch 037 | Seed 42 | Rate 0.10 | Train Loss: 1.6352 | Val Loss: 1.1830 | Acc (clean): 0.8221 | Acc (poison): 0.7423 | Val Acc: 0.6859 | Time: 00:00:13
Epoch 038 | Seed 42 | Rate 0.10 | Train Loss: 1.6541 | Val Loss: 1.2337 | Acc (clean): 0.8175 | Acc (poison): 0.7378 | Val Acc: 0.7063 | Time: 00:00:13
Epoch 039 | Seed 42 | Rate 0.10 | Train Loss: 1.5682 | Val Loss: 1.1031 | Acc (clean): 0.8261 | Acc (poison): 0.7453 | Val Acc: 0.7011 | Time: 00:00:13
Epoch 040 | Seed 42 | Rate 0.10 | Train Loss: 1.6235 | Val Loss: 1.0675 | Acc (clean): 0.8196 | Acc (poison): 0.7412 | Val Acc: 0.7404 | Time: 00:00:13
Epoch 041 | Seed 42 | Rate 0.10 | Train Loss: 1.5801 | Val Loss: 1.7928 | Acc (clean): 0.8225 | Acc (poison): 0.7432 | Val Acc: 0.5270 | Time: 00:00:12
Epoch 042 | Seed 42 | Rate 0.10 | Train Loss: 1.6915 | Val Loss: 1.2744 | Acc (clean): 0.8191 | Acc (poison): 0.7388 | Val Acc: 0.6707 | Time: 00:00:13
Epoch 043 | Seed 42 | Rate 0.10 | Train Loss: 1.6611 | Val Loss: 0.9710 | Acc (clean): 0.8230 | Acc (poison): 0.7453 | Val Acc: 0.7530 | Time: 00:00:12
Epoch 044 | Seed 42 | Rate 0.10 | Train Loss: 1.6828 | Val Loss: 1.4309 | Acc (clean): 0.8265 | Acc (poison): 0.7470 | Val Acc: 0.6278 | Time: 00:00:12
Epoch 045 | Seed 42 | Rate 0.10 | Train Loss: 1.6048 | Val Loss: 1.5675 | Acc (clean): 0.8214 | Acc (poison): 0.7421 | Val Acc: 0.5804 | Time: 00:00:13
Epoch 046 | Seed 42 | Rate 0.10 | Train Loss: 1.6354 | Val Loss: 0.8467 | Acc (clean): 0.8310 | Acc (poison): 0.7511 | Val Acc: 0.7893 | Time: 00:00:13
Epoch 047 | Seed 42 | Rate 0.10 | Train Loss: 1.6589 | Val Loss: 1.2844 | Acc (clean): 0.8259 | Acc (poison): 0.7465 | Val Acc: 0.6556 | Time: 00:00:13
Epoch 048 | Seed 42 | Rate 0.10 | Train Loss: 1.6171 | Val Loss: 1.1832 | Acc (clean): 0.8241 | Acc (poison): 0.7451 | Val Acc: 0.7052 | Time: 00:00:13
Epoch 049 | Seed 42 | Rate 0.10 | Train Loss: 1.6648 | Val Loss: 0.8978 | Acc (clean): 0.8281 | Acc (poison): 0.7490 | Val Acc: 0.7596 | Time: 00:00:13
Epoch 050 | Seed 42 | Rate 0.10 | Train Loss: 1.6468 | Val Loss: 1.1666 | Acc (clean): 0.8239 | Acc (poison): 0.7448 | Val Acc: 0.7059 | Time: 00:00:13
Epoch 051 | Seed 42 | Rate 0.10 | Train Loss: 1.4891 | Val Loss: 0.5155 | Acc (clean): 0.8886 | Acc (poison): 0.8030 | Val Acc: 0.8859 | Time: 00:00:13
Epoch 052 | Seed 42 | Rate 0.10 | Train Loss: 1.4213 | Val Loss: 0.5416 | Acc (clean): 0.9126 | Acc (poison): 0.8252 | Val Acc: 0.8852 | Time: 00:00:13
Epoch 053 | Seed 42 | Rate 0.10 | Train Loss: 1.3743 | Val Loss: 0.5743 | Acc (clean): 0.9155 | Acc (poison): 0.8291 | Val Acc: 0.8933 | Time: 00:00:13
Epoch 054 | Seed 42 | Rate 0.10 | Train Loss: 1.3378 | Val Loss: 0.5283 | Acc (clean): 0.9209 | Acc (poison): 0.8335 | Val Acc: 0.8926 | Time: 00:00:13
Epoch 055 | Seed 42 | Rate 0.10 | Train Loss: 1.3482 | Val Loss: 0.5134 | Acc (clean): 0.9227 | Acc (poison): 0.8345 | Val Acc: 0.8922 | Time: 00:00:13
Epoch 056 | Seed 42 | Rate 0.10 | Train Loss: 1.3591 | Val Loss: 0.4843 | Acc (clean): 0.9275 | Acc (poison): 0.8393 | Val Acc: 0.8978 | Time: 00:00:13
Epoch 057 | Seed 42 | Rate 0.10 | Train Loss: 1.3548 | Val Loss: 0.5141 | Acc (clean): 0.9316 | Acc (poison): 0.8437 | Val Acc: 0.8904 | Time: 00:00:13
Epoch 058 | Seed 42 | Rate 0.10 | Train Loss: 1.3671 | Val Loss: 0.5014 | Acc (clean): 0.9328 | Acc (poison): 0.8448 | Val Acc: 0.9037 | Time: 00:00:12
Epoch 059 | Seed 42 | Rate 0.10 | Train Loss: 1.3451 | Val Loss: 0.5085 | Acc (clean): 0.9336 | Acc (poison): 0.8460 | Val Acc: 0.8930 | Time: 00:00:13
Epoch 060 | Seed 42 | Rate 0.10 | Train Loss: 1.2685 | Val Loss: 0.5565 | Acc (clean): 0.9346 | Acc (poison): 0.8479 | Val Acc: 0.8904 | Time: 00:00:13
Epoch 061 | Seed 42 | Rate 0.10 | Train Loss: 1.3076 | Val Loss: 0.4816 | Acc (clean): 0.9374 | Acc (poison): 0.8497 | Val Acc: 0.8996 | Time: 00:00:13
Epoch 062 | Seed 42 | Rate 0.10 | Train Loss: 1.1954 | Val Loss: 0.4567 | Acc (clean): 0.9377 | Acc (poison): 0.8498 | Val Acc: 0.9041 | Time: 00:00:13
Epoch 063 | Seed 42 | Rate 0.10 | Train Loss: 1.2603 | Val Loss: 0.5773 | Acc (clean): 0.9389 | Acc (poison): 0.8516 | Val Acc: 0.8830 | Time: 00:00:13
Epoch 064 | Seed 42 | Rate 0.10 | Train Loss: 1.3176 | Val Loss: 0.4743 | Acc (clean): 0.9414 | Acc (poison): 0.8536 | Val Acc: 0.9022 | Time: 00:00:13
Epoch 065 | Seed 42 | Rate 0.10 | Train Loss: 1.2884 | Val Loss: 0.5209 | Acc (clean): 0.9420 | Acc (poison): 0.8553 | Val Acc: 0.8848 | Time: 00:00:13
Epoch 066 | Seed 42 | Rate 0.10 | Train Loss: 1.2642 | Val Loss: 0.4994 | Acc (clean): 0.9422 | Acc (poison): 0.8566 | Val Acc: 0.8974 | Time: 00:00:13
Epoch 067 | Seed 42 | Rate 0.10 | Train Loss: 1.2494 | Val Loss: 0.5359 | Acc (clean): 0.9439 | Acc (poison): 0.8574 | Val Acc: 0.8915 | Time: 00:00:12
Epoch 068 | Seed 42 | Rate 0.10 | Train Loss: 1.2534 | Val Loss: 0.4822 | Acc (clean): 0.9440 | Acc (poison): 0.8579 | Val Acc: 0.8993 | Time: 00:00:13
Epoch 069 | Seed 42 | Rate 0.10 | Train Loss: 1.2557 | Val Loss: 0.4877 | Acc (clean): 0.9432 | Acc (poison): 0.8585 | Val Acc: 0.9019 | Time: 00:00:13
Epoch 070 | Seed 42 | Rate 0.10 | Train Loss: 1.2831 | Val Loss: 0.5624 | Acc (clean): 0.9442 | Acc (poison): 0.8600 | Val Acc: 0.8741 | Time: 00:00:13
Epoch 071 | Seed 42 | Rate 0.10 | Train Loss: 1.2769 | Val Loss: 0.5095 | Acc (clean): 0.9447 | Acc (poison): 0.8603 | Val Acc: 0.8948 | Time: 00:00:13
Epoch 072 | Seed 42 | Rate 0.10 | Train Loss: 1.2306 | Val Loss: 0.4714 | Acc (clean): 0.9450 | Acc (poison): 0.8601 | Val Acc: 0.8933 | Time: 00:00:12
Epoch 073 | Seed 42 | Rate 0.10 | Train Loss: 1.2447 | Val Loss: 0.5612 | Acc (clean): 0.9441 | Acc (poison): 0.8600 | Val Acc: 0.8704 | Time: 00:00:12
Epoch 074 | Seed 42 | Rate 0.10 | Train Loss: 1.2789 | Val Loss: 0.5049 | Acc (clean): 0.9440 | Acc (poison): 0.8600 | Val Acc: 0.8926 | Time: 00:00:12
Epoch 075 | Seed 42 | Rate 0.10 | Train Loss: 1.2515 | Val Loss: 0.4771 | Acc (clean): 0.9465 | Acc (poison): 0.8627 | Val Acc: 0.8974 | Time: 00:00:13
Epoch 076 | Seed 42 | Rate 0.10 | Train Loss: 1.1537 | Val Loss: 0.4444 | Acc (clean): 0.9571 | Acc (poison): 0.8723 | Val Acc: 0.9089 | Time: 00:00:12
Epoch 077 | Seed 42 | Rate 0.10 | Train Loss: 1.1432 | Val Loss: 0.4608 | Acc (clean): 0.9615 | Acc (poison): 0.8768 | Val Acc: 0.9074 | Time: 00:00:13
Epoch 078 | Seed 42 | Rate 0.10 | Train Loss: 1.1599 | Val Loss: 0.4516 | Acc (clean): 0.9640 | Acc (poison): 0.8791 | Val Acc: 0.9115 | Time: 00:00:13
Epoch 079 | Seed 42 | Rate 0.10 | Train Loss: 1.1744 | Val Loss: 0.4825 | Acc (clean): 0.9621 | Acc (poison): 0.8792 | Val Acc: 0.9070 | Time: 00:00:13
Epoch 080 | Seed 42 | Rate 0.10 | Train Loss: 1.1368 | Val Loss: 0.4401 | Acc (clean): 0.9642 | Acc (poison): 0.8800 | Val Acc: 0.9148 | Time: 00:00:13
Epoch 081 | Seed 42 | Rate 0.10 | Train Loss: 1.0386 | Val Loss: 0.4435 | Acc (clean): 0.9647 | Acc (poison): 0.8810 | Val Acc: 0.9100 | Time: 00:00:13
Epoch 082 | Seed 42 | Rate 0.10 | Train Loss: 1.2136 | Val Loss: 0.4771 | Acc (clean): 0.9639 | Acc (poison): 0.8815 | Val Acc: 0.9085 | Time: 00:00:13
Epoch 083 | Seed 42 | Rate 0.10 | Train Loss: 1.0679 | Val Loss: 0.4923 | Acc (clean): 0.9648 | Acc (poison): 0.8828 | Val Acc: 0.9056 | Time: 00:00:13
Epoch 084 | Seed 42 | Rate 0.10 | Train Loss: 1.1087 | Val Loss: 0.4468 | Acc (clean): 0.9647 | Acc (poison): 0.8828 | Val Acc: 0.9078 | Time: 00:00:13
Epoch 085 | Seed 42 | Rate 0.10 | Train Loss: 1.0669 | Val Loss: 0.4349 | Acc (clean): 0.9665 | Acc (poison): 0.8840 | Val Acc: 0.9085 | Time: 00:00:13
Epoch 086 | Seed 42 | Rate 0.10 | Train Loss: 1.1633 | Val Loss: 0.4633 | Acc (clean): 0.9652 | Acc (poison): 0.8832 | Val Acc: 0.9085 | Time: 00:00:12
Epoch 087 | Seed 42 | Rate 0.10 | Train Loss: 1.1266 | Val Loss: 0.5005 | Acc (clean): 0.9653 | Acc (poison): 0.8841 | Val Acc: 0.9041 | Time: 00:00:12
Epoch 088 | Seed 42 | Rate 0.10 | Train Loss: 1.1531 | Val Loss: 0.4516 | Acc (clean): 0.9650 | Acc (poison): 0.8839 | Val Acc: 0.9081 | Time: 00:00:12
Epoch 089 | Seed 42 | Rate 0.10 | Train Loss: 1.1215 | Val Loss: 0.4829 | Acc (clean): 0.9665 | Acc (poison): 0.8847 | Val Acc: 0.9070 | Time: 00:00:13
Epoch 090 | Seed 42 | Rate 0.10 | Train Loss: 1.0771 | Val Loss: 0.4347 | Acc (clean): 0.9651 | Acc (poison): 0.8854 | Val Acc: 0.9085 | Time: 00:00:12
Epoch 091 | Seed 42 | Rate 0.10 | Train Loss: 1.1736 | Val Loss: 0.5581 | Acc (clean): 0.9665 | Acc (poison): 0.8865 | Val Acc: 0.9000 | Time: 00:00:12
Epoch 092 | Seed 42 | Rate 0.10 | Train Loss: 1.1196 | Val Loss: 0.4565 | Acc (clean): 0.9659 | Acc (poison): 0.8851 | Val Acc: 0.9078 | Time: 00:00:13
Epoch 093 | Seed 42 | Rate 0.10 | Train Loss: 1.1398 | Val Loss: 0.4636 | Acc (clean): 0.9647 | Acc (poison): 0.8851 | Val Acc: 0.9096 | Time: 00:00:13
Epoch 094 | Seed 42 | Rate 0.10 | Train Loss: 1.2002 | Val Loss: 0.5496 | Acc (clean): 0.9685 | Acc (poison): 0.8867 | Val Acc: 0.8974 | Time: 00:00:13
Epoch 095 | Seed 42 | Rate 0.10 | Train Loss: 1.0893 | Val Loss: 0.4384 | Acc (clean): 0.9677 | Acc (poison): 0.8870 | Val Acc: 0.9111 | Time: 00:00:12
Epoch 096 | Seed 42 | Rate 0.10 | Train Loss: 0.9999 | Val Loss: 0.4847 | Acc (clean): 0.9663 | Acc (poison): 0.8860 | Val Acc: 0.9033 | Time: 00:00:12
Epoch 097 | Seed 42 | Rate 0.10 | Train Loss: 1.0551 | Val Loss: 0.4383 | Acc (clean): 0.9666 | Acc (poison): 0.8870 | Val Acc: 0.9089 | Time: 00:00:12
Epoch 098 | Seed 42 | Rate 0.10 | Train Loss: 1.1695 | Val Loss: 0.4683 | Acc (clean): 0.9658 | Acc (poison): 0.8873 | Val Acc: 0.9070 | Time: 00:00:13
Epoch 099 | Seed 42 | Rate 0.10 | Train Loss: 1.1842 | Val Loss: 0.4619 | Acc (clean): 0.9660 | Acc (poison): 0.8863 | Val Acc: 0.9048 | Time: 00:00:12
Epoch 100 | Seed 42 | Rate 0.10 | Train Loss: 1.1452 | Val Loss: 0.5099 | Acc (clean): 0.9673 | Acc (poison): 0.8879 | Val Acc: 0.9015 | Time: 00:00:12

=== defense=mixup attack=RQ1 seed=42 rate=0.2 ===
Loading train data from /home/yazanme/BachelorThesis/BachelorThesis/data/processed/resisc45/train.h5 with mapping /home/yazanme/BachelorThesis/BachelorThesis/data/processed/resisc45/poisoned/RQ1/seed_42/labels_0.20.pt... (in_memory=True, workers=4)
Testing torch.compile support...
Successfully compiled model using torch.compile.
Epoch 001 | Seed 42 | Rate 0.20 | Train Loss: 3.4630 | Val Loss: 2.7106 | Acc (clean): 0.1899 | Acc (poison): 0.1559 | Val Acc: 0.2730 | Time: 00:00:13
Epoch 002 | Seed 42 | Rate 0.20 | Train Loss: 3.0084 | Val Loss: 2.2799 | Acc (clean): 0.3646 | Acc (poison): 0.2944 | Val Acc: 0.3970 | Time: 00:00:12
Epoch 003 | Seed 42 | Rate 0.20 | Train Loss: 2.8367 | Val Loss: 2.1856 | Acc (clean): 0.4479 | Acc (poison): 0.3623 | Val Acc: 0.3970 | Time: 00:00:12
Epoch 004 | Seed 42 | Rate 0.20 | Train Loss: 2.7472 | Val Loss: 2.3296 | Acc (clean): 0.5020 | Acc (poison): 0.4058 | Val Acc: 0.3852 | Time: 00:00:13
Epoch 005 | Seed 42 | Rate 0.20 | Train Loss: 2.6293 | Val Loss: 2.0363 | Acc (clean): 0.5460 | Acc (poison): 0.4416 | Val Acc: 0.4489 | Time: 00:00:12
Epoch 006 | Seed 42 | Rate 0.20 | Train Loss: 2.5617 | Val Loss: 1.9624 | Acc (clean): 0.5777 | Acc (poison): 0.4653 | Val Acc: 0.4900 | Time: 00:00:12
Epoch 007 | Seed 42 | Rate 0.20 | Train Loss: 2.4757 | Val Loss: 1.9868 | Acc (clean): 0.6167 | Acc (poison): 0.4975 | Val Acc: 0.4663 | Time: 00:00:12
Epoch 008 | Seed 42 | Rate 0.20 | Train Loss: 2.4387 | Val Loss: 1.7245 | Acc (clean): 0.6387 | Acc (poison): 0.5162 | Val Acc: 0.5493 | Time: 00:00:13
Epoch 009 | Seed 42 | Rate 0.20 | Train Loss: 2.4224 | Val Loss: 1.8131 | Acc (clean): 0.6686 | Acc (poison): 0.5386 | Val Acc: 0.5407 | Time: 00:00:12
Epoch 010 | Seed 42 | Rate 0.20 | Train Loss: 2.3599 | Val Loss: 1.7608 | Acc (clean): 0.6861 | Acc (poison): 0.5534 | Val Acc: 0.5196 | Time: 00:00:13
Epoch 011 | Seed 42 | Rate 0.20 | Train Loss: 2.3072 | Val Loss: 1.9878 | Acc (clean): 0.7061 | Acc (poison): 0.5686 | Val Acc: 0.4804 | Time: 00:00:12
Epoch 012 | Seed 42 | Rate 0.20 | Train Loss: 2.3136 | Val Loss: 1.3633 | Acc (clean): 0.7203 | Acc (poison): 0.5802 | Val Acc: 0.6607 | Time: 00:00:13
Epoch 013 | Seed 42 | Rate 0.20 | Train Loss: 2.1971 | Val Loss: 1.4453 | Acc (clean): 0.7262 | Acc (poison): 0.5857 | Val Acc: 0.6352 | Time: 00:00:13
Epoch 014 | Seed 42 | Rate 0.20 | Train Loss: 2.2409 | Val Loss: 1.6860 | Acc (clean): 0.7350 | Acc (poison): 0.5939 | Val Acc: 0.5974 | Time: 00:00:13
Epoch 015 | Seed 42 | Rate 0.20 | Train Loss: 2.2486 | Val Loss: 1.6322 | Acc (clean): 0.7438 | Acc (poison): 0.5999 | Val Acc: 0.5922 | Time: 00:00:13
Epoch 016 | Seed 42 | Rate 0.20 | Train Loss: 2.1824 | Val Loss: 1.3837 | Acc (clean): 0.7494 | Acc (poison): 0.6055 | Val Acc: 0.6552 | Time: 00:00:13
Epoch 017 | Seed 42 | Rate 0.20 | Train Loss: 2.1970 | Val Loss: 1.4710 | Acc (clean): 0.7553 | Acc (poison): 0.6094 | Val Acc: 0.6441 | Time: 00:00:12
Epoch 018 | Seed 42 | Rate 0.20 | Train Loss: 2.1508 | Val Loss: 1.5644 | Acc (clean): 0.7610 | Acc (poison): 0.6139 | Val Acc: 0.6026 | Time: 00:00:13
Epoch 019 | Seed 42 | Rate 0.20 | Train Loss: 2.1671 | Val Loss: 1.5487 | Acc (clean): 0.7580 | Acc (poison): 0.6119 | Val Acc: 0.6048 | Time: 00:00:13
Epoch 020 | Seed 42 | Rate 0.20 | Train Loss: 2.1489 | Val Loss: 1.8879 | Acc (clean): 0.7644 | Acc (poison): 0.6175 | Val Acc: 0.5044 | Time: 00:00:13
Epoch 021 | Seed 42 | Rate 0.20 | Train Loss: 2.1381 | Val Loss: 1.6460 | Acc (clean): 0.7715 | Acc (poison): 0.6229 | Val Acc: 0.5781 | Time: 00:00:13
Epoch 022 | Seed 42 | Rate 0.20 | Train Loss: 2.1021 | Val Loss: 1.5665 | Acc (clean): 0.7686 | Acc (poison): 0.6212 | Val Acc: 0.5967 | Time: 00:00:13
Epoch 023 | Seed 42 | Rate 0.20 | Train Loss: 2.1553 | Val Loss: 1.2443 | Acc (clean): 0.7770 | Acc (poison): 0.6286 | Val Acc: 0.7130 | Time: 00:00:13
Epoch 024 | Seed 42 | Rate 0.20 | Train Loss: 2.1183 | Val Loss: 1.5281 | Acc (clean): 0.7747 | Acc (poison): 0.6256 | Val Acc: 0.6344 | Time: 00:00:13
Epoch 025 | Seed 42 | Rate 0.20 | Train Loss: 2.1216 | Val Loss: 1.3544 | Acc (clean): 0.7733 | Acc (poison): 0.6240 | Val Acc: 0.6763 | Time: 00:00:13
Epoch 026 | Seed 42 | Rate 0.20 | Train Loss: 2.1650 | Val Loss: 1.3040 | Acc (clean): 0.7632 | Acc (poison): 0.6175 | Val Acc: 0.6748 | Time: 00:00:12
Epoch 027 | Seed 42 | Rate 0.20 | Train Loss: 2.1521 | Val Loss: 1.3264 | Acc (clean): 0.7770 | Acc (poison): 0.6273 | Val Acc: 0.6685 | Time: 00:00:13
Epoch 028 | Seed 42 | Rate 0.20 | Train Loss: 2.1623 | Val Loss: 1.2264 | Acc (clean): 0.7805 | Acc (poison): 0.6319 | Val Acc: 0.7270 | Time: 00:00:13
Epoch 029 | Seed 42 | Rate 0.20 | Train Loss: 2.1573 | Val Loss: 1.2216 | Acc (clean): 0.7775 | Acc (poison): 0.6280 | Val Acc: 0.7130 | Time: 00:00:12
Epoch 030 | Seed 42 | Rate 0.20 | Train Loss: 2.1825 | Val Loss: 1.7426 | Acc (clean): 0.7818 | Acc (poison): 0.6312 | Val Acc: 0.5307 | Time: 00:00:12
Epoch 031 | Seed 42 | Rate 0.20 | Train Loss: 2.1472 | Val Loss: 1.2052 | Acc (clean): 0.7820 | Acc (poison): 0.6315 | Val Acc: 0.7133 | Time: 00:00:13
Epoch 032 | Seed 42 | Rate 0.20 | Train Loss: 2.0890 | Val Loss: 1.5750 | Acc (clean): 0.7751 | Acc (poison): 0.6260 | Val Acc: 0.5978 | Time: 00:00:12
Epoch 033 | Seed 42 | Rate 0.20 | Train Loss: 2.1200 | Val Loss: 1.3483 | Acc (clean): 0.7812 | Acc (poison): 0.6322 | Val Acc: 0.6685 | Time: 00:00:12
Epoch 034 | Seed 42 | Rate 0.20 | Train Loss: 2.1505 | Val Loss: 1.2145 | Acc (clean): 0.7877 | Acc (poison): 0.6356 | Val Acc: 0.7122 | Time: 00:00:13
Epoch 035 | Seed 42 | Rate 0.20 | Train Loss: 2.1288 | Val Loss: 1.5099 | Acc (clean): 0.7822 | Acc (poison): 0.6310 | Val Acc: 0.6207 | Time: 00:00:13
Epoch 036 | Seed 42 | Rate 0.20 | Train Loss: 2.1335 | Val Loss: 1.6330 | Acc (clean): 0.7842 | Acc (poison): 0.6328 | Val Acc: 0.5774 | Time: 00:00:12
Epoch 037 | Seed 42 | Rate 0.20 | Train Loss: 2.0992 | Val Loss: 1.6288 | Acc (clean): 0.7856 | Acc (poison): 0.6345 | Val Acc: 0.5685 | Time: 00:00:12
Epoch 038 | Seed 42 | Rate 0.20 | Train Loss: 2.1089 | Val Loss: 1.5236 | Acc (clean): 0.7862 | Acc (poison): 0.6349 | Val Acc: 0.6296 | Time: 00:00:12
Epoch 039 | Seed 42 | Rate 0.20 | Train Loss: 2.0416 | Val Loss: 1.6105 | Acc (clean): 0.7858 | Acc (poison): 0.6340 | Val Acc: 0.5952 | Time: 00:00:12
Epoch 040 | Seed 42 | Rate 0.20 | Train Loss: 2.0838 | Val Loss: 1.3475 | Acc (clean): 0.7814 | Acc (poison): 0.6319 | Val Acc: 0.6781 | Time: 00:00:13
Epoch 041 | Seed 42 | Rate 0.20 | Train Loss: 2.0523 | Val Loss: 1.2763 | Acc (clean): 0.7850 | Acc (poison): 0.6329 | Val Acc: 0.6811 | Time: 00:00:12
Epoch 042 | Seed 42 | Rate 0.20 | Train Loss: 2.1434 | Val Loss: 1.2843 | Acc (clean): 0.7828 | Acc (poison): 0.6315 | Val Acc: 0.7137 | Time: 00:00:13
Epoch 043 | Seed 42 | Rate 0.20 | Train Loss: 2.1194 | Val Loss: 1.2513 | Acc (clean): 0.7936 | Acc (poison): 0.6406 | Val Acc: 0.7185 | Time: 00:00:13
Epoch 044 | Seed 42 | Rate 0.20 | Train Loss: 2.1220 | Val Loss: 1.6309 | Acc (clean): 0.7987 | Acc (poison): 0.6435 | Val Acc: 0.5937 | Time: 00:00:13
Epoch 045 | Seed 42 | Rate 0.20 | Train Loss: 2.0697 | Val Loss: 1.4624 | Acc (clean): 0.7852 | Acc (poison): 0.6349 | Val Acc: 0.6689 | Time: 00:00:13
Epoch 046 | Seed 42 | Rate 0.20 | Train Loss: 2.1065 | Val Loss: 1.3314 | Acc (clean): 0.7855 | Acc (poison): 0.6365 | Val Acc: 0.6726 | Time: 00:00:13
Epoch 047 | Seed 42 | Rate 0.20 | Train Loss: 2.1157 | Val Loss: 1.3559 | Acc (clean): 0.7895 | Acc (poison): 0.6384 | Val Acc: 0.6733 | Time: 00:00:12
Epoch 048 | Seed 42 | Rate 0.20 | Train Loss: 2.0751 | Val Loss: 1.4752 | Acc (clean): 0.7891 | Acc (poison): 0.6375 | Val Acc: 0.6230 | Time: 00:00:13
Epoch 049 | Seed 42 | Rate 0.20 | Train Loss: 2.1160 | Val Loss: 1.2102 | Acc (clean): 0.7942 | Acc (poison): 0.6402 | Val Acc: 0.6989 | Time: 00:00:12
Epoch 050 | Seed 42 | Rate 0.20 | Train Loss: 2.1057 | Val Loss: 1.5386 | Acc (clean): 0.7922 | Acc (poison): 0.6402 | Val Acc: 0.6107 | Time: 00:00:13
Epoch 051 | Seed 42 | Rate 0.20 | Train Loss: 1.9439 | Val Loss: 0.7145 | Acc (clean): 0.8599 | Acc (poison): 0.6946 | Val Acc: 0.8585 | Time: 00:00:13
Epoch 052 | Seed 42 | Rate 0.20 | Train Loss: 1.8824 | Val Loss: 0.7531 | Acc (clean): 0.8828 | Acc (poison): 0.7135 | Val Acc: 0.8641 | Time: 00:00:13
Epoch 053 | Seed 42 | Rate 0.20 | Train Loss: 1.8347 | Val Loss: 0.7772 | Acc (clean): 0.8892 | Acc (poison): 0.7202 | Val Acc: 0.8681 | Time: 00:00:12
Epoch 054 | Seed 42 | Rate 0.20 | Train Loss: 1.8075 | Val Loss: 0.7319 | Acc (clean): 0.8964 | Acc (poison): 0.7251 | Val Acc: 0.8689 | Time: 00:00:13
Epoch 055 | Seed 42 | Rate 0.20 | Train Loss: 1.8129 | Val Loss: 0.7171 | Acc (clean): 0.8972 | Acc (poison): 0.7273 | Val Acc: 0.8726 | Time: 00:00:12
Epoch 056 | Seed 42 | Rate 0.20 | Train Loss: 1.8162 | Val Loss: 0.6742 | Acc (clean): 0.9020 | Acc (poison): 0.7306 | Val Acc: 0.8741 | Time: 00:00:12
Epoch 057 | Seed 42 | Rate 0.20 | Train Loss: 1.8117 | Val Loss: 0.6840 | Acc (clean): 0.9046 | Acc (poison): 0.7339 | Val Acc: 0.8707 | Time: 00:00:12
Epoch 058 | Seed 42 | Rate 0.20 | Train Loss: 1.8226 | Val Loss: 0.7004 | Acc (clean): 0.9051 | Acc (poison): 0.7344 | Val Acc: 0.8763 | Time: 00:00:12
Epoch 059 | Seed 42 | Rate 0.20 | Train Loss: 1.7965 | Val Loss: 0.7051 | Acc (clean): 0.9102 | Acc (poison): 0.7394 | Val Acc: 0.8726 | Time: 00:00:12
Epoch 060 | Seed 42 | Rate 0.20 | Train Loss: 1.7335 | Val Loss: 0.7411 | Acc (clean): 0.9077 | Acc (poison): 0.7383 | Val Acc: 0.8704 | Time: 00:00:13
Epoch 061 | Seed 42 | Rate 0.20 | Train Loss: 1.7624 | Val Loss: 0.6840 | Acc (clean): 0.9123 | Acc (poison): 0.7426 | Val Acc: 0.8707 | Time: 00:00:13
Epoch 062 | Seed 42 | Rate 0.20 | Train Loss: 1.6754 | Val Loss: 0.6600 | Acc (clean): 0.9099 | Acc (poison): 0.7404 | Val Acc: 0.8793 | Time: 00:00:12
Epoch 063 | Seed 42 | Rate 0.20 | Train Loss: 1.7209 | Val Loss: 0.6958 | Acc (clean): 0.9109 | Acc (poison): 0.7416 | Val Acc: 0.8778 | Time: 00:00:12
Epoch 064 | Seed 42 | Rate 0.20 | Train Loss: 1.7691 | Val Loss: 0.6675 | Acc (clean): 0.9122 | Acc (poison): 0.7442 | Val Acc: 0.8778 | Time: 00:00:12
Epoch 065 | Seed 42 | Rate 0.20 | Train Loss: 1.7437 | Val Loss: 0.6879 | Acc (clean): 0.9153 | Acc (poison): 0.7458 | Val Acc: 0.8807 | Time: 00:00:12
Epoch 066 | Seed 42 | Rate 0.20 | Train Loss: 1.7229 | Val Loss: 0.7154 | Acc (clean): 0.9146 | Acc (poison): 0.7470 | Val Acc: 0.8656 | Time: 00:00:12
Epoch 067 | Seed 42 | Rate 0.20 | Train Loss: 1.7073 | Val Loss: 0.7836 | Acc (clean): 0.9158 | Acc (poison): 0.7485 | Val Acc: 0.8552 | Time: 00:00:12
Epoch 068 | Seed 42 | Rate 0.20 | Train Loss: 1.7100 | Val Loss: 0.7029 | Acc (clean): 0.9173 | Acc (poison): 0.7503 | Val Acc: 0.8648 | Time: 00:00:12
Epoch 069 | Seed 42 | Rate 0.20 | Train Loss: 1.7128 | Val Loss: 0.7342 | Acc (clean): 0.9147 | Acc (poison): 0.7493 | Val Acc: 0.8670 | Time: 00:00:12
Epoch 070 | Seed 42 | Rate 0.20 | Train Loss: 1.7368 | Val Loss: 0.7132 | Acc (clean): 0.9165 | Acc (poison): 0.7494 | Val Acc: 0.8689 | Time: 00:00:12
Epoch 071 | Seed 42 | Rate 0.20 | Train Loss: 1.7273 | Val Loss: 0.7179 | Acc (clean): 0.9153 | Acc (poison): 0.7504 | Val Acc: 0.8741 | Time: 00:00:12
Epoch 072 | Seed 42 | Rate 0.20 | Train Loss: 1.6830 | Val Loss: 0.6932 | Acc (clean): 0.9153 | Acc (poison): 0.7508 | Val Acc: 0.8626 | Time: 00:00:12
Epoch 073 | Seed 42 | Rate 0.20 | Train Loss: 1.6927 | Val Loss: 0.7052 | Acc (clean): 0.9168 | Acc (poison): 0.7506 | Val Acc: 0.8744 | Time: 00:00:12
Epoch 074 | Seed 42 | Rate 0.20 | Train Loss: 1.7222 | Val Loss: 0.7125 | Acc (clean): 0.9173 | Acc (poison): 0.7535 | Val Acc: 0.8637 | Time: 00:00:12
Epoch 075 | Seed 42 | Rate 0.20 | Train Loss: 1.7014 | Val Loss: 0.6952 | Acc (clean): 0.9149 | Acc (poison): 0.7526 | Val Acc: 0.8711 | Time: 00:00:12
Epoch 076 | Seed 42 | Rate 0.20 | Train Loss: 1.5946 | Val Loss: 0.6477 | Acc (clean): 0.9308 | Acc (poison): 0.7647 | Val Acc: 0.8844 | Time: 00:00:12
Epoch 077 | Seed 42 | Rate 0.20 | Train Loss: 1.5798 | Val Loss: 0.6547 | Acc (clean): 0.9360 | Acc (poison): 0.7705 | Val Acc: 0.8811 | Time: 00:00:12
Epoch 078 | Seed 42 | Rate 0.20 | Train Loss: 1.5906 | Val Loss: 0.6342 | Acc (clean): 0.9377 | Acc (poison): 0.7735 | Val Acc: 0.8856 | Time: 00:00:12
Epoch 079 | Seed 42 | Rate 0.20 | Train Loss: 1.6067 | Val Loss: 0.6767 | Acc (clean): 0.9382 | Acc (poison): 0.7733 | Val Acc: 0.8800 | Time: 00:00:13
Epoch 080 | Seed 42 | Rate 0.20 | Train Loss: 1.5709 | Val Loss: 0.6250 | Acc (clean): 0.9399 | Acc (poison): 0.7752 | Val Acc: 0.8830 | Time: 00:00:13
Epoch 081 | Seed 42 | Rate 0.20 | Train Loss: 1.4814 | Val Loss: 0.6313 | Acc (clean): 0.9367 | Acc (poison): 0.7735 | Val Acc: 0.8841 | Time: 00:00:12
Epoch 082 | Seed 42 | Rate 0.20 | Train Loss: 1.6343 | Val Loss: 0.6688 | Acc (clean): 0.9387 | Acc (poison): 0.7750 | Val Acc: 0.8781 | Time: 00:00:12
Epoch 083 | Seed 42 | Rate 0.20 | Train Loss: 1.5055 | Val Loss: 0.6910 | Acc (clean): 0.9411 | Acc (poison): 0.7772 | Val Acc: 0.8774 | Time: 00:00:12
Epoch 084 | Seed 42 | Rate 0.20 | Train Loss: 1.5371 | Val Loss: 0.6368 | Acc (clean): 0.9388 | Acc (poison): 0.7781 | Val Acc: 0.8800 | Time: 00:00:12
Epoch 085 | Seed 42 | Rate 0.20 | Train Loss: 1.4975 | Val Loss: 0.6248 | Acc (clean): 0.9402 | Acc (poison): 0.7784 | Val Acc: 0.8837 | Time: 00:00:13
Epoch 086 | Seed 42 | Rate 0.20 | Train Loss: 1.5796 | Val Loss: 0.6611 | Acc (clean): 0.9402 | Acc (poison): 0.7794 | Val Acc: 0.8793 | Time: 00:00:12
Epoch 087 | Seed 42 | Rate 0.20 | Train Loss: 1.5485 | Val Loss: 0.7053 | Acc (clean): 0.9369 | Acc (poison): 0.7767 | Val Acc: 0.8733 | Time: 00:00:13
Epoch 088 | Seed 42 | Rate 0.20 | Train Loss: 1.5792 | Val Loss: 0.6435 | Acc (clean): 0.9367 | Acc (poison): 0.7779 | Val Acc: 0.8848 | Time: 00:00:12
Epoch 089 | Seed 42 | Rate 0.20 | Train Loss: 1.5397 | Val Loss: 0.6783 | Acc (clean): 0.9394 | Acc (poison): 0.7795 | Val Acc: 0.8796 | Time: 00:00:12
Epoch 090 | Seed 42 | Rate 0.20 | Train Loss: 1.5044 | Val Loss: 0.6215 | Acc (clean): 0.9402 | Acc (poison): 0.7797 | Val Acc: 0.8807 | Time: 00:00:13
Epoch 091 | Seed 42 | Rate 0.20 | Train Loss: 1.5848 | Val Loss: 0.7625 | Acc (clean): 0.9399 | Acc (poison): 0.7817 | Val Acc: 0.8674 | Time: 00:00:12
Epoch 092 | Seed 42 | Rate 0.20 | Train Loss: 1.5410 | Val Loss: 0.6420 | Acc (clean): 0.9392 | Acc (poison): 0.7821 | Val Acc: 0.8830 | Time: 00:00:12
Epoch 093 | Seed 42 | Rate 0.20 | Train Loss: 1.5556 | Val Loss: 0.6656 | Acc (clean): 0.9384 | Acc (poison): 0.7803 | Val Acc: 0.8778 | Time: 00:00:12
Epoch 094 | Seed 42 | Rate 0.20 | Train Loss: 1.6028 | Val Loss: 0.7493 | Acc (clean): 0.9402 | Acc (poison): 0.7830 | Val Acc: 0.8711 | Time: 00:00:13
Epoch 095 | Seed 42 | Rate 0.20 | Train Loss: 1.5094 | Val Loss: 0.6289 | Acc (clean): 0.9389 | Acc (poison): 0.7819 | Val Acc: 0.8848 | Time: 00:00:12
Epoch 096 | Seed 42 | Rate 0.20 | Train Loss: 1.4300 | Val Loss: 0.6843 | Acc (clean): 0.9393 | Acc (poison): 0.7827 | Val Acc: 0.8744 | Time: 00:00:12
Epoch 097 | Seed 42 | Rate 0.20 | Train Loss: 1.4731 | Val Loss: 0.6318 | Acc (clean): 0.9416 | Acc (poison): 0.7856 | Val Acc: 0.8807 | Time: 00:00:12
Epoch 098 | Seed 42 | Rate 0.20 | Train Loss: 1.5823 | Val Loss: 0.6599 | Acc (clean): 0.9400 | Acc (poison): 0.7851 | Val Acc: 0.8807 | Time: 00:00:12
Epoch 099 | Seed 42 | Rate 0.20 | Train Loss: 1.5872 | Val Loss: 0.6538 | Acc (clean): 0.9398 | Acc (poison): 0.7844 | Val Acc: 0.8785 | Time: 00:00:12
Epoch 100 | Seed 42 | Rate 0.20 | Train Loss: 1.5527 | Val Loss: 0.7062 | Acc (clean): 0.9391 | Acc (poison): 0.7858 | Val Acc: 0.8719 | Time: 00:00:12

=== defense=mixup attack=RQ2 seed=42 rate=0.01 ===
Loading train data from /home/yazanme/BachelorThesis/BachelorThesis/data/processed/resisc45/train.h5 with mapping /home/yazanme/BachelorThesis/BachelorThesis/data/processed/resisc45/poisoned/RQ2/seed_42/labels_0.01.pt... (in_memory=True, workers=4)
Testing torch.compile support...
Successfully compiled model using torch.compile.
Epoch 001 | Seed 42 | Rate 0.01 | Train Loss: 3.0686 | Val Loss: 2.3789 | Acc (clean): 0.2294 | Acc (poison): 0.2291 | Val Acc: 0.3174 | Time: 00:00:13
Epoch 002 | Seed 42 | Rate 0.01 | Train Loss: 2.3638 | Val Loss: 2.1313 | Acc (clean): 0.4285 | Acc (poison): 0.4261 | Val Acc: 0.3937 | Time: 00:00:12
Epoch 003 | Seed 42 | Rate 0.01 | Train Loss: 2.1071 | Val Loss: 2.8354 | Acc (clean): 0.5192 | Acc (poison): 0.5161 | Val Acc: 0.2826 | Time: 00:00:13
Epoch 004 | Seed 42 | Rate 0.01 | Train Loss: 1.9582 | Val Loss: 1.6665 | Acc (clean): 0.5888 | Acc (poison): 0.5841 | Val Acc: 0.5048 | Time: 00:00:13
Epoch 005 | Seed 42 | Rate 0.01 | Train Loss: 1.7713 | Val Loss: 1.4818 | Acc (clean): 0.6360 | Acc (poison): 0.6312 | Val Acc: 0.5596 | Time: 00:00:13
Epoch 006 | Seed 42 | Rate 0.01 | Train Loss: 1.6481 | Val Loss: 1.4217 | Acc (clean): 0.6802 | Acc (poison): 0.6756 | Val Acc: 0.6074 | Time: 00:00:12
Epoch 007 | Seed 42 | Rate 0.01 | Train Loss: 1.5268 | Val Loss: 1.2815 | Acc (clean): 0.7192 | Acc (poison): 0.7138 | Val Acc: 0.6126 | Time: 00:00:12
Epoch 008 | Seed 42 | Rate 0.01 | Train Loss: 1.4573 | Val Loss: 1.1139 | Acc (clean): 0.7469 | Acc (poison): 0.7413 | Val Acc: 0.6930 | Time: 00:00:12
Epoch 009 | Seed 42 | Rate 0.01 | Train Loss: 1.4830 | Val Loss: 0.9836 | Acc (clean): 0.7664 | Acc (poison): 0.7602 | Val Acc: 0.7178 | Time: 00:00:12
Epoch 010 | Seed 42 | Rate 0.01 | Train Loss: 1.3904 | Val Loss: 1.1059 | Acc (clean): 0.7830 | Acc (poison): 0.7769 | Val Acc: 0.6619 | Time: 00:00:12
Epoch 011 | Seed 42 | Rate 0.01 | Train Loss: 1.3401 | Val Loss: 0.9279 | Acc (clean): 0.7909 | Acc (poison): 0.7848 | Val Acc: 0.7493 | Time: 00:00:13
Epoch 012 | Seed 42 | Rate 0.01 | Train Loss: 1.3796 | Val Loss: 0.9859 | Acc (clean): 0.8031 | Acc (poison): 0.7970 | Val Acc: 0.7126 | Time: 00:00:12
Epoch 013 | Seed 42 | Rate 0.01 | Train Loss: 1.1918 | Val Loss: 1.2245 | Acc (clean): 0.8072 | Acc (poison): 0.8010 | Val Acc: 0.6630 | Time: 00:00:12
Epoch 014 | Seed 42 | Rate 0.01 | Train Loss: 1.2773 | Val Loss: 1.1494 | Acc (clean): 0.8098 | Acc (poison): 0.8034 | Val Acc: 0.6744 | Time: 00:00:12
Epoch 015 | Seed 42 | Rate 0.01 | Train Loss: 1.3004 | Val Loss: 0.7542 | Acc (clean): 0.8226 | Acc (poison): 0.8159 | Val Acc: 0.7841 | Time: 00:00:13
Epoch 016 | Seed 42 | Rate 0.01 | Train Loss: 1.1936 | Val Loss: 1.0658 | Acc (clean): 0.8243 | Acc (poison): 0.8176 | Val Acc: 0.6970 | Time: 00:00:12
Epoch 017 | Seed 42 | Rate 0.01 | Train Loss: 1.2277 | Val Loss: 1.1682 | Acc (clean): 0.8277 | Acc (poison): 0.8214 | Val Acc: 0.6804 | Time: 00:00:12
Epoch 018 | Seed 42 | Rate 0.01 | Train Loss: 1.1751 | Val Loss: 0.9338 | Acc (clean): 0.8292 | Acc (poison): 0.8224 | Val Acc: 0.7315 | Time: 00:00:12
Epoch 019 | Seed 42 | Rate 0.01 | Train Loss: 1.1981 | Val Loss: 1.2382 | Acc (clean): 0.8284 | Acc (poison): 0.8210 | Val Acc: 0.6596 | Time: 00:00:13
Epoch 020 | Seed 42 | Rate 0.01 | Train Loss: 1.1810 | Val Loss: 0.8307 | Acc (clean): 0.8332 | Acc (poison): 0.8267 | Val Acc: 0.7715 | Time: 00:00:13
Epoch 021 | Seed 42 | Rate 0.01 | Train Loss: 1.1532 | Val Loss: 1.3144 | Acc (clean): 0.8360 | Acc (poison): 0.8290 | Val Acc: 0.6319 | Time: 00:00:13
Epoch 022 | Seed 42 | Rate 0.01 | Train Loss: 1.1172 | Val Loss: 0.7027 | Acc (clean): 0.8331 | Acc (poison): 0.8263 | Val Acc: 0.7989 | Time: 00:00:13
Epoch 023 | Seed 42 | Rate 0.01 | Train Loss: 1.2061 | Val Loss: 0.8988 | Acc (clean): 0.8419 | Acc (poison): 0.8345 | Val Acc: 0.7467 | Time: 00:00:13
Epoch 024 | Seed 42 | Rate 0.01 | Train Loss: 1.1383 | Val Loss: 0.8894 | Acc (clean): 0.8402 | Acc (poison): 0.8339 | Val Acc: 0.7570 | Time: 00:00:12
Epoch 025 | Seed 42 | Rate 0.01 | Train Loss: 1.1513 | Val Loss: 0.7362 | Acc (clean): 0.8368 | Acc (poison): 0.8299 | Val Acc: 0.7907 | Time: 00:00:12
Epoch 026 | Seed 42 | Rate 0.01 | Train Loss: 1.1725 | Val Loss: 1.0536 | Acc (clean): 0.8407 | Acc (poison): 0.8336 | Val Acc: 0.6956 | Time: 00:00:13
Epoch 027 | Seed 42 | Rate 0.01 | Train Loss: 1.1819 | Val Loss: 0.7830 | Acc (clean): 0.8479 | Acc (poison): 0.8412 | Val Acc: 0.7685 | Time: 00:00:12
Epoch 028 | Seed 42 | Rate 0.01 | Train Loss: 1.2137 | Val Loss: 0.9095 | Acc (clean): 0.8435 | Acc (poison): 0.8366 | Val Acc: 0.7633 | Time: 00:00:12
Epoch 029 | Seed 42 | Rate 0.01 | Train Loss: 1.1979 | Val Loss: 1.0684 | Acc (clean): 0.8504 | Acc (poison): 0.8426 | Val Acc: 0.6907 | Time: 00:00:12
Epoch 030 | Seed 42 | Rate 0.01 | Train Loss: 1.2460 | Val Loss: 0.8906 | Acc (clean): 0.8427 | Acc (poison): 0.8356 | Val Acc: 0.7515 | Time: 00:00:12
Epoch 031 | Seed 42 | Rate 0.01 | Train Loss: 1.1868 | Val Loss: 0.9353 | Acc (clean): 0.8428 | Acc (poison): 0.8352 | Val Acc: 0.7148 | Time: 00:00:12
Epoch 032 | Seed 42 | Rate 0.01 | Train Loss: 1.0945 | Val Loss: 0.9963 | Acc (clean): 0.8416 | Acc (poison): 0.8339 | Val Acc: 0.7115 | Time: 00:00:12
Epoch 033 | Seed 42 | Rate 0.01 | Train Loss: 1.1427 | Val Loss: 1.2041 | Acc (clean): 0.8461 | Acc (poison): 0.8387 | Val Acc: 0.6574 | Time: 00:00:12
Epoch 034 | Seed 42 | Rate 0.01 | Train Loss: 1.1966 | Val Loss: 0.8216 | Acc (clean): 0.8502 | Acc (poison): 0.8437 | Val Acc: 0.7611 | Time: 00:00:12
Epoch 035 | Seed 42 | Rate 0.01 | Train Loss: 1.1600 | Val Loss: 0.9945 | Acc (clean): 0.8488 | Acc (poison): 0.8415 | Val Acc: 0.7281 | Time: 00:00:13
Epoch 036 | Seed 42 | Rate 0.01 | Train Loss: 1.1865 | Val Loss: 1.0677 | Acc (clean): 0.8457 | Acc (poison): 0.8380 | Val Acc: 0.7015 | Time: 00:00:13
Epoch 037 | Seed 42 | Rate 0.01 | Train Loss: 1.1201 | Val Loss: 0.8364 | Acc (clean): 0.8512 | Acc (poison): 0.8442 | Val Acc: 0.7581 | Time: 00:00:12
Epoch 038 | Seed 42 | Rate 0.01 | Train Loss: 1.1401 | Val Loss: 1.3187 | Acc (clean): 0.8484 | Acc (poison): 0.8414 | Val Acc: 0.6481 | Time: 00:00:12
Epoch 039 | Seed 42 | Rate 0.01 | Train Loss: 1.0337 | Val Loss: 1.1045 | Acc (clean): 0.8478 | Acc (poison): 0.8410 | Val Acc: 0.6685 | Time: 00:00:12
Epoch 040 | Seed 42 | Rate 0.01 | Train Loss: 1.1099 | Val Loss: 0.7508 | Acc (clean): 0.8478 | Acc (poison): 0.8405 | Val Acc: 0.7796 | Time: 00:00:12
Epoch 041 | Seed 42 | Rate 0.01 | Train Loss: 1.0517 | Val Loss: 0.8407 | Acc (clean): 0.8494 | Acc (poison): 0.8423 | Val Acc: 0.7519 | Time: 00:00:12
Epoch 042 | Seed 42 | Rate 0.01 | Train Loss: 1.1877 | Val Loss: 1.1979 | Acc (clean): 0.8491 | Acc (poison): 0.8423 | Val Acc: 0.6670 | Time: 00:00:12
Epoch 043 | Seed 42 | Rate 0.01 | Train Loss: 1.1574 | Val Loss: 0.8884 | Acc (clean): 0.8516 | Acc (poison): 0.8450 | Val Acc: 0.7496 | Time: 00:00:12
Epoch 044 | Seed 42 | Rate 0.01 | Train Loss: 1.1765 | Val Loss: 1.0204 | Acc (clean): 0.8536 | Acc (poison): 0.8462 | Val Acc: 0.7119 | Time: 00:00:12
Epoch 045 | Seed 42 | Rate 0.01 | Train Loss: 1.0687 | Val Loss: 1.1575 | Acc (clean): 0.8499 | Acc (poison): 0.8430 | Val Acc: 0.6689 | Time: 00:00:12
Epoch 046 | Seed 42 | Rate 0.01 | Train Loss: 1.1392 | Val Loss: 0.8909 | Acc (clean): 0.8497 | Acc (poison): 0.8429 | Val Acc: 0.7496 | Time: 00:00:12
Epoch 047 | Seed 42 | Rate 0.01 | Train Loss: 1.1423 | Val Loss: 1.0193 | Acc (clean): 0.8525 | Acc (poison): 0.8458 | Val Acc: 0.7315 | Time: 00:00:12
Epoch 048 | Seed 42 | Rate 0.01 | Train Loss: 1.0900 | Val Loss: 1.3310 | Acc (clean): 0.8565 | Acc (poison): 0.8491 | Val Acc: 0.6237 | Time: 00:00:12
Epoch 049 | Seed 42 | Rate 0.01 | Train Loss: 1.1605 | Val Loss: 0.9782 | Acc (clean): 0.8521 | Acc (poison): 0.8451 | Val Acc: 0.7104 | Time: 00:00:12
Epoch 050 | Seed 42 | Rate 0.01 | Train Loss: 1.1310 | Val Loss: 1.2839 | Acc (clean): 0.8466 | Acc (poison): 0.8390 | Val Acc: 0.6381 | Time: 00:00:12
Epoch 051 | Seed 42 | Rate 0.01 | Train Loss: 0.9854 | Val Loss: 0.3659 | Acc (clean): 0.9110 | Acc (poison): 0.9031 | Val Acc: 0.9026 | Time: 00:00:12
Epoch 052 | Seed 42 | Rate 0.01 | Train Loss: 0.9192 | Val Loss: 0.3785 | Acc (clean): 0.9319 | Acc (poison): 0.9243 | Val Acc: 0.9059 | Time: 00:00:12
Epoch 053 | Seed 42 | Rate 0.01 | Train Loss: 0.8679 | Val Loss: 0.4297 | Acc (clean): 0.9384 | Acc (poison): 0.9302 | Val Acc: 0.9000 | Time: 00:00:12
Epoch 054 | Seed 42 | Rate 0.01 | Train Loss: 0.8266 | Val Loss: 0.3711 | Acc (clean): 0.9423 | Acc (poison): 0.9347 | Val Acc: 0.9141 | Time: 00:00:12
Epoch 055 | Seed 42 | Rate 0.01 | Train Loss: 0.8374 | Val Loss: 0.3668 | Acc (clean): 0.9444 | Acc (poison): 0.9366 | Val Acc: 0.9067 | Time: 00:00:12
Epoch 056 | Seed 42 | Rate 0.01 | Train Loss: 0.8604 | Val Loss: 0.3229 | Acc (clean): 0.9470 | Acc (poison): 0.9391 | Val Acc: 0.9122 | Time: 00:00:12
Epoch 057 | Seed 42 | Rate 0.01 | Train Loss: 0.8623 | Val Loss: 0.3345 | Acc (clean): 0.9501 | Acc (poison): 0.9424 | Val Acc: 0.9178 | Time: 00:00:12
Epoch 058 | Seed 42 | Rate 0.01 | Train Loss: 0.8824 | Val Loss: 0.3380 | Acc (clean): 0.9521 | Acc (poison): 0.9448 | Val Acc: 0.9170 | Time: 00:00:13
Epoch 059 | Seed 42 | Rate 0.01 | Train Loss: 0.8560 | Val Loss: 0.3282 | Acc (clean): 0.9563 | Acc (poison): 0.9489 | Val Acc: 0.9233 | Time: 00:00:13
Epoch 060 | Seed 42 | Rate 0.01 | Train Loss: 0.7776 | Val Loss: 0.3787 | Acc (clean): 0.9562 | Acc (poison): 0.9484 | Val Acc: 0.9130 | Time: 00:00:13
Epoch 061 | Seed 42 | Rate 0.01 | Train Loss: 0.8083 | Val Loss: 0.3346 | Acc (clean): 0.9588 | Acc (poison): 0.9513 | Val Acc: 0.9144 | Time: 00:00:13
Epoch 062 | Seed 42 | Rate 0.01 | Train Loss: 0.6823 | Val Loss: 0.3013 | Acc (clean): 0.9585 | Acc (poison): 0.9507 | Val Acc: 0.9219 | Time: 00:00:13
Epoch 063 | Seed 42 | Rate 0.01 | Train Loss: 0.7675 | Val Loss: 0.3346 | Acc (clean): 0.9603 | Acc (poison): 0.9530 | Val Acc: 0.9152 | Time: 00:00:12
Epoch 064 | Seed 42 | Rate 0.01 | Train Loss: 0.8386 | Val Loss: 0.2985 | Acc (clean): 0.9618 | Acc (poison): 0.9541 | Val Acc: 0.9226 | Time: 00:00:13
Epoch 065 | Seed 42 | Rate 0.01 | Train Loss: 0.8072 | Val Loss: 0.3369 | Acc (clean): 0.9630 | Acc (poison): 0.9555 | Val Acc: 0.9174 | Time: 00:00:13
Epoch 066 | Seed 42 | Rate 0.01 | Train Loss: 0.7889 | Val Loss: 0.3295 | Acc (clean): 0.9647 | Acc (poison): 0.9577 | Val Acc: 0.9185 | Time: 00:00:13
Epoch 067 | Seed 42 | Rate 0.01 | Train Loss: 0.7691 | Val Loss: 0.3375 | Acc (clean): 0.9644 | Acc (poison): 0.9580 | Val Acc: 0.9185 | Time: 00:00:13
Epoch 068 | Seed 42 | Rate 0.01 | Train Loss: 0.7675 | Val Loss: 0.3087 | Acc (clean): 0.9648 | Acc (poison): 0.9575 | Val Acc: 0.9200 | Time: 00:00:13
Epoch 069 | Seed 42 | Rate 0.01 | Train Loss: 0.7670 | Val Loss: 0.3093 | Acc (clean): 0.9658 | Acc (poison): 0.9592 | Val Acc: 0.9196 | Time: 00:00:13
Epoch 070 | Seed 42 | Rate 0.01 | Train Loss: 0.8067 | Val Loss: 0.3351 | Acc (clean): 0.9667 | Acc (poison): 0.9602 | Val Acc: 0.9170 | Time: 00:00:13
Epoch 071 | Seed 42 | Rate 0.01 | Train Loss: 0.8064 | Val Loss: 0.3361 | Acc (clean): 0.9649 | Acc (poison): 0.9583 | Val Acc: 0.9181 | Time: 00:00:13
Epoch 072 | Seed 42 | Rate 0.01 | Train Loss: 0.7518 | Val Loss: 0.3038 | Acc (clean): 0.9679 | Acc (poison): 0.9621 | Val Acc: 0.9200 | Time: 00:00:13
Epoch 073 | Seed 42 | Rate 0.01 | Train Loss: 0.7721 | Val Loss: 0.3030 | Acc (clean): 0.9667 | Acc (poison): 0.9596 | Val Acc: 0.9185 | Time: 00:00:13
Epoch 074 | Seed 42 | Rate 0.01 | Train Loss: 0.8048 | Val Loss: 0.3177 | Acc (clean): 0.9678 | Acc (poison): 0.9613 | Val Acc: 0.9148 | Time: 00:00:12
Epoch 075 | Seed 42 | Rate 0.01 | Train Loss: 0.7794 | Val Loss: 0.3040 | Acc (clean): 0.9686 | Acc (poison): 0.9625 | Val Acc: 0.9163 | Time: 00:00:12
Epoch 076 | Seed 42 | Rate 0.01 | Train Loss: 0.7018 | Val Loss: 0.2738 | Acc (clean): 0.9765 | Acc (poison): 0.9697 | Val Acc: 0.9281 | Time: 00:00:12
Epoch 077 | Seed 42 | Rate 0.01 | Train Loss: 0.6939 | Val Loss: 0.2858 | Acc (clean): 0.9784 | Acc (poison): 0.9730 | Val Acc: 0.9252 | Time: 00:00:12
Epoch 078 | Seed 42 | Rate 0.01 | Train Loss: 0.7206 | Val Loss: 0.2741 | Acc (clean): 0.9813 | Acc (poison): 0.9758 | Val Acc: 0.9252 | Time: 00:00:12
Epoch 079 | Seed 42 | Rate 0.01 | Train Loss: 0.7402 | Val Loss: 0.2900 | Acc (clean): 0.9802 | Acc (poison): 0.9741 | Val Acc: 0.9248 | Time: 00:00:12
Epoch 080 | Seed 42 | Rate 0.01 | Train Loss: 0.6950 | Val Loss: 0.2571 | Acc (clean): 0.9814 | Acc (poison): 0.9758 | Val Acc: 0.9267 | Time: 00:00:13
Epoch 081 | Seed 42 | Rate 0.01 | Train Loss: 0.5964 | Val Loss: 0.2648 | Acc (clean): 0.9805 | Acc (poison): 0.9756 | Val Acc: 0.9293 | Time: 00:00:12
Epoch 082 | Seed 42 | Rate 0.01 | Train Loss: 0.7831 | Val Loss: 0.2783 | Acc (clean): 0.9816 | Acc (poison): 0.9766 | Val Acc: 0.9252 | Time: 00:00:12
Epoch 083 | Seed 42 | Rate 0.01 | Train Loss: 0.6275 | Val Loss: 0.3005 | Acc (clean): 0.9819 | Acc (poison): 0.9767 | Val Acc: 0.9248 | Time: 00:00:12
Epoch 084 | Seed 42 | Rate 0.01 | Train Loss: 0.6809 | Val Loss: 0.2674 | Acc (clean): 0.9814 | Acc (poison): 0.9761 | Val Acc: 0.9281 | Time: 00:00:12
Epoch 085 | Seed 42 | Rate 0.01 | Train Loss: 0.6271 | Val Loss: 0.2514 | Acc (clean): 0.9823 | Acc (poison): 0.9767 | Val Acc: 0.9293 | Time: 00:00:12
Epoch 086 | Seed 42 | Rate 0.01 | Train Loss: 0.7443 | Val Loss: 0.2714 | Acc (clean): 0.9821 | Acc (poison): 0.9774 | Val Acc: 0.9281 | Time: 00:00:12
Epoch 087 | Seed 42 | Rate 0.01 | Train Loss: 0.7013 | Val Loss: 0.3160 | Acc (clean): 0.9817 | Acc (poison): 0.9770 | Val Acc: 0.9222 | Time: 00:00:12
Epoch 088 | Seed 42 | Rate 0.01 | Train Loss: 0.7204 | Val Loss: 0.2611 | Acc (clean): 0.9831 | Acc (poison): 0.9784 | Val Acc: 0.9259 | Time: 00:00:12
Epoch 089 | Seed 42 | Rate 0.01 | Train Loss: 0.6914 | Val Loss: 0.2889 | Acc (clean): 0.9833 | Acc (poison): 0.9791 | Val Acc: 0.9278 | Time: 00:00:12
Epoch 090 | Seed 42 | Rate 0.01 | Train Loss: 0.6508 | Val Loss: 0.2525 | Acc (clean): 0.9833 | Acc (poison): 0.9784 | Val Acc: 0.9285 | Time: 00:00:13
Epoch 091 | Seed 42 | Rate 0.01 | Train Loss: 0.7576 | Val Loss: 0.3627 | Acc (clean): 0.9850 | Acc (poison): 0.9798 | Val Acc: 0.9219 | Time: 00:00:12
Epoch 092 | Seed 42 | Rate 0.01 | Train Loss: 0.6901 | Val Loss: 0.2709 | Acc (clean): 0.9840 | Acc (poison): 0.9793 | Val Acc: 0.9293 | Time: 00:00:13
Epoch 093 | Seed 42 | Rate 0.01 | Train Loss: 0.7223 | Val Loss: 0.2793 | Acc (clean): 0.9847 | Acc (poison): 0.9802 | Val Acc: 0.9278 | Time: 00:00:13
Epoch 094 | Seed 42 | Rate 0.01 | Train Loss: 0.7896 | Val Loss: 0.3462 | Acc (clean): 0.9839 | Acc (poison): 0.9793 | Val Acc: 0.9200 | Time: 00:00:12
Epoch 095 | Seed 42 | Rate 0.01 | Train Loss: 0.6669 | Val Loss: 0.2515 | Acc (clean): 0.9832 | Acc (poison): 0.9788 | Val Acc: 0.9300 | Time: 00:00:12
Epoch 096 | Seed 42 | Rate 0.01 | Train Loss: 0.5704 | Val Loss: 0.2883 | Acc (clean): 0.9828 | Acc (poison): 0.9791 | Val Acc: 0.9248 | Time: 00:00:13
Epoch 097 | Seed 42 | Rate 0.01 | Train Loss: 0.6316 | Val Loss: 0.2514 | Acc (clean): 0.9840 | Acc (poison): 0.9798 | Val Acc: 0.9304 | Time: 00:00:13
Epoch 098 | Seed 42 | Rate 0.01 | Train Loss: 0.7501 | Val Loss: 0.2690 | Acc (clean): 0.9844 | Acc (poison): 0.9794 | Val Acc: 0.9278 | Time: 00:00:13
Epoch 099 | Seed 42 | Rate 0.01 | Train Loss: 0.7738 | Val Loss: 0.2729 | Acc (clean): 0.9851 | Acc (poison): 0.9802 | Val Acc: 0.9300 | Time: 00:00:13
Epoch 100 | Seed 42 | Rate 0.01 | Train Loss: 0.7348 | Val Loss: 0.3072 | Acc (clean): 0.9840 | Acc (poison): 0.9791 | Val Acc: 0.9241 | Time: 00:00:13

=== defense=mixup attack=RQ2 seed=42 rate=0.02 ===
Loading train data from /home/yazanme/BachelorThesis/BachelorThesis/data/processed/resisc45/train.h5 with mapping /home/yazanme/BachelorThesis/BachelorThesis/data/processed/resisc45/poisoned/RQ2/seed_42/labels_0.02.pt... (in_memory=True, workers=4)
Testing torch.compile support...
Successfully compiled model using torch.compile.
Epoch 001 | Seed 42 | Rate 0.02 | Train Loss: 3.1057 | Val Loss: 2.5767 | Acc (clean): 0.2279 | Acc (poison): 0.2258 | Val Acc: 0.2737 | Time: 00:00:14
Epoch 002 | Seed 42 | Rate 0.02 | Train Loss: 2.3788 | Val Loss: 2.1625 | Acc (clean): 0.4298 | Acc (poison): 0.4245 | Val Acc: 0.3944 | Time: 00:00:13
Epoch 003 | Seed 42 | Rate 0.02 | Train Loss: 2.1006 | Val Loss: 1.9650 | Acc (clean): 0.5312 | Acc (poison): 0.5233 | Val Acc: 0.4352 | Time: 00:00:14
Epoch 004 | Seed 42 | Rate 0.02 | Train Loss: 1.9497 | Val Loss: 1.5207 | Acc (clean): 0.5954 | Acc (poison): 0.5860 | Val Acc: 0.5648 | Time: 00:00:14
Epoch 005 | Seed 42 | Rate 0.02 | Train Loss: 1.7422 | Val Loss: 1.3482 | Acc (clean): 0.6576 | Acc (poison): 0.6466 | Val Acc: 0.5956 | Time: 00:00:14
Epoch 006 | Seed 42 | Rate 0.02 | Train Loss: 1.6184 | Val Loss: 1.9300 | Acc (clean): 0.6956 | Acc (poison): 0.6839 | Val Acc: 0.4726 | Time: 00:00:14
Epoch 007 | Seed 42 | Rate 0.02 | Train Loss: 1.5118 | Val Loss: 1.1559 | Acc (clean): 0.7329 | Acc (poison): 0.7200 | Val Acc: 0.6641 | Time: 00:00:14
Epoch 008 | Seed 42 | Rate 0.02 | Train Loss: 1.4518 | Val Loss: 1.2366 | Acc (clean): 0.7547 | Acc (poison): 0.7418 | Val Acc: 0.6619 | Time: 00:00:14
Epoch 009 | Seed 42 | Rate 0.02 | Train Loss: 1.4836 | Val Loss: 1.1270 | Acc (clean): 0.7736 | Acc (poison): 0.7592 | Val Acc: 0.6807 | Time: 00:00:14
Epoch 010 | Seed 42 | Rate 0.02 | Train Loss: 1.4050 | Val Loss: 0.9840 | Acc (clean): 0.7860 | Acc (poison): 0.7732 | Val Acc: 0.7085 | Time: 00:00:14
Epoch 011 | Seed 42 | Rate 0.02 | Train Loss: 1.3639 | Val Loss: 1.2074 | Acc (clean): 0.7923 | Acc (poison): 0.7785 | Val Acc: 0.6611 | Time: 00:00:14
Epoch 012 | Seed 42 | Rate 0.02 | Train Loss: 1.3933 | Val Loss: 1.8500 | Acc (clean): 0.8034 | Acc (poison): 0.7895 | Val Acc: 0.4896 | Time: 00:00:14
Epoch 013 | Seed 42 | Rate 0.02 | Train Loss: 1.2148 | Val Loss: 0.9096 | Acc (clean): 0.8084 | Acc (poison): 0.7952 | Val Acc: 0.7507 | Time: 00:00:14
Epoch 014 | Seed 42 | Rate 0.02 | Train Loss: 1.2972 | Val Loss: 1.7218 | Acc (clean): 0.8158 | Acc (poison): 0.8013 | Val Acc: 0.5307 | Time: 00:00:14
Epoch 015 | Seed 42 | Rate 0.02 | Train Loss: 1.3365 | Val Loss: 1.0968 | Acc (clean): 0.8169 | Acc (poison): 0.8029 | Val Acc: 0.6822 | Time: 00:00:14
Epoch 016 | Seed 42 | Rate 0.02 | Train Loss: 1.2232 | Val Loss: 1.0345 | Acc (clean): 0.8198 | Acc (poison): 0.8056 | Val Acc: 0.7081 | Time: 00:00:13
Epoch 017 | Seed 42 | Rate 0.02 | Train Loss: 1.2611 | Val Loss: 1.1224 | Acc (clean): 0.8205 | Acc (poison): 0.8065 | Val Acc: 0.7011 | Time: 00:00:14
Epoch 018 | Seed 42 | Rate 0.02 | Train Loss: 1.2004 | Val Loss: 0.8430 | Acc (clean): 0.8293 | Acc (poison): 0.8153 | Val Acc: 0.7722 | Time: 00:00:14
Epoch 019 | Seed 42 | Rate 0.02 | Train Loss: 1.2243 | Val Loss: 1.0670 | Acc (clean): 0.8308 | Acc (poison): 0.8159 | Val Acc: 0.6911 | Time: 00:00:14
Epoch 020 | Seed 42 | Rate 0.02 | Train Loss: 1.2114 | Val Loss: 0.9498 | Acc (clean): 0.8309 | Acc (poison): 0.8170 | Val Acc: 0.7344 | Time: 00:00:14
Epoch 021 | Seed 42 | Rate 0.02 | Train Loss: 1.1866 | Val Loss: 0.8564 | Acc (clean): 0.8306 | Acc (poison): 0.8159 | Val Acc: 0.7530 | Time: 00:00:14
Epoch 022 | Seed 42 | Rate 0.02 | Train Loss: 1.1462 | Val Loss: 1.0130 | Acc (clean): 0.8312 | Acc (poison): 0.8164 | Val Acc: 0.7044 | Time: 00:00:14
Epoch 023 | Seed 42 | Rate 0.02 | Train Loss: 1.2391 | Val Loss: 0.8195 | Acc (clean): 0.8393 | Acc (poison): 0.8241 | Val Acc: 0.7811 | Time: 00:00:14
Epoch 024 | Seed 42 | Rate 0.02 | Train Loss: 1.1821 | Val Loss: 1.2597 | Acc (clean): 0.8333 | Acc (poison): 0.8187 | Val Acc: 0.6515 | Time: 00:00:13
Epoch 025 | Seed 42 | Rate 0.02 | Train Loss: 1.1816 | Val Loss: 0.9615 | Acc (clean): 0.8335 | Acc (poison): 0.8186 | Val Acc: 0.7389 | Time: 00:00:14
Epoch 026 | Seed 42 | Rate 0.02 | Train Loss: 1.2102 | Val Loss: 0.8153 | Acc (clean): 0.8396 | Acc (poison): 0.8246 | Val Acc: 0.7700 | Time: 00:00:14
Epoch 027 | Seed 42 | Rate 0.02 | Train Loss: 1.2224 | Val Loss: 1.0322 | Acc (clean): 0.8403 | Acc (poison): 0.8255 | Val Acc: 0.6985 | Time: 00:00:13
Epoch 028 | Seed 42 | Rate 0.02 | Train Loss: 1.2506 | Val Loss: 1.0186 | Acc (clean): 0.8397 | Acc (poison): 0.8251 | Val Acc: 0.7437 | Time: 00:00:14
Epoch 029 | Seed 42 | Rate 0.02 | Train Loss: 1.2376 | Val Loss: 1.0010 | Acc (clean): 0.8435 | Acc (poison): 0.8288 | Val Acc: 0.7181 | Time: 00:00:14
Epoch 030 | Seed 42 | Rate 0.02 | Train Loss: 1.2802 | Val Loss: 0.8240 | Acc (clean): 0.8430 | Acc (poison): 0.8275 | Val Acc: 0.7585 | Time: 00:00:14
Epoch 031 | Seed 42 | Rate 0.02 | Train Loss: 1.2182 | Val Loss: 1.1062 | Acc (clean): 0.8435 | Acc (poison): 0.8278 | Val Acc: 0.6711 | Time: 00:00:14
Epoch 032 | Seed 42 | Rate 0.02 | Train Loss: 1.1372 | Val Loss: 1.2271 | Acc (clean): 0.8373 | Acc (poison): 0.8222 | Val Acc: 0.6581 | Time: 00:00:14
Epoch 033 | Seed 42 | Rate 0.02 | Train Loss: 1.1820 | Val Loss: 0.9054 | Acc (clean): 0.8427 | Acc (poison): 0.8274 | Val Acc: 0.7422 | Time: 00:00:14
Epoch 034 | Seed 42 | Rate 0.02 | Train Loss: 1.2393 | Val Loss: 1.0557 | Acc (clean): 0.8437 | Acc (poison): 0.8290 | Val Acc: 0.7052 | Time: 00:00:14
Epoch 035 | Seed 42 | Rate 0.02 | Train Loss: 1.1899 | Val Loss: 0.8666 | Acc (clean): 0.8480 | Acc (poison): 0.8325 | Val Acc: 0.7593 | Time: 00:00:14
Epoch 036 | Seed 42 | Rate 0.02 | Train Loss: 1.2151 | Val Loss: 1.0429 | Acc (clean): 0.8462 | Acc (poison): 0.8314 | Val Acc: 0.7200 | Time: 00:00:14
Epoch 037 | Seed 42 | Rate 0.02 | Train Loss: 1.1498 | Val Loss: 1.1896 | Acc (clean): 0.8475 | Acc (poison): 0.8332 | Val Acc: 0.6589 | Time: 00:00:14
Epoch 038 | Seed 42 | Rate 0.02 | Train Loss: 1.1794 | Val Loss: 1.7201 | Acc (clean): 0.8453 | Acc (poison): 0.8305 | Val Acc: 0.5419 | Time: 00:00:14
Epoch 039 | Seed 42 | Rate 0.02 | Train Loss: 1.0656 | Val Loss: 1.0745 | Acc (clean): 0.8469 | Acc (poison): 0.8319 | Val Acc: 0.6900 | Time: 00:00:14
Epoch 040 | Seed 42 | Rate 0.02 | Train Loss: 1.1420 | Val Loss: 1.1073 | Acc (clean): 0.8433 | Acc (poison): 0.8276 | Val Acc: 0.6856 | Time: 00:00:14
Epoch 041 | Seed 42 | Rate 0.02 | Train Loss: 1.0932 | Val Loss: 1.1473 | Acc (clean): 0.8452 | Acc (poison): 0.8300 | Val Acc: 0.6715 | Time: 00:00:13
Epoch 042 | Seed 42 | Rate 0.02 | Train Loss: 1.2282 | Val Loss: 0.8556 | Acc (clean): 0.8447 | Acc (poison): 0.8302 | Val Acc: 0.7778 | Time: 00:00:13
Epoch 043 | Seed 42 | Rate 0.02 | Train Loss: 1.1881 | Val Loss: 0.7662 | Acc (clean): 0.8520 | Acc (poison): 0.8372 | Val Acc: 0.7848 | Time: 00:00:14
Epoch 044 | Seed 42 | Rate 0.02 | Train Loss: 1.2124 | Val Loss: 1.1834 | Acc (clean): 0.8486 | Acc (poison): 0.8335 | Val Acc: 0.6630 | Time: 00:00:14
Epoch 045 | Seed 42 | Rate 0.02 | Train Loss: 1.1109 | Val Loss: 1.2776 | Acc (clean): 0.8460 | Acc (poison): 0.8317 | Val Acc: 0.6496 | Time: 00:00:14
Epoch 046 | Seed 42 | Rate 0.02 | Train Loss: 1.1737 | Val Loss: 1.1790 | Acc (clean): 0.8479 | Acc (poison): 0.8331 | Val Acc: 0.6700 | Time: 00:00:14
Epoch 047 | Seed 42 | Rate 0.02 | Train Loss: 1.1823 | Val Loss: 1.0856 | Acc (clean): 0.8463 | Acc (poison): 0.8316 | Val Acc: 0.6881 | Time: 00:00:14
Epoch 048 | Seed 42 | Rate 0.02 | Train Loss: 1.1311 | Val Loss: 0.8373 | Acc (clean): 0.8464 | Acc (poison): 0.8312 | Val Acc: 0.7663 | Time: 00:00:13
Epoch 049 | Seed 42 | Rate 0.02 | Train Loss: 1.1962 | Val Loss: 1.2647 | Acc (clean): 0.8497 | Acc (poison): 0.8351 | Val Acc: 0.6378 | Time: 00:00:14
Epoch 050 | Seed 42 | Rate 0.02 | Train Loss: 1.1682 | Val Loss: 0.9603 | Acc (clean): 0.8456 | Acc (poison): 0.8298 | Val Acc: 0.7270 | Time: 00:00:14
Epoch 051 | Seed 42 | Rate 0.02 | Train Loss: 1.0290 | Val Loss: 0.4058 | Acc (clean): 0.9068 | Acc (poison): 0.8907 | Val Acc: 0.8915 | Time: 00:00:14
Epoch 052 | Seed 42 | Rate 0.02 | Train Loss: 0.9618 | Val Loss: 0.3966 | Acc (clean): 0.9271 | Acc (poison): 0.9104 | Val Acc: 0.9011 | Time: 00:00:14
Epoch 053 | Seed 42 | Rate 0.02 | Train Loss: 0.9121 | Val Loss: 0.4502 | Acc (clean): 0.9335 | Acc (poison): 0.9169 | Val Acc: 0.9000 | Time: 00:00:13
Epoch 054 | Seed 42 | Rate 0.02 | Train Loss: 0.8757 | Val Loss: 0.3893 | Acc (clean): 0.9385 | Acc (poison): 0.9219 | Val Acc: 0.9052 | Time: 00:00:14
Epoch 055 | Seed 42 | Rate 0.02 | Train Loss: 0.8850 | Val Loss: 0.3676 | Acc (clean): 0.9400 | Acc (poison): 0.9231 | Val Acc: 0.9078 | Time: 00:00:14
Epoch 056 | Seed 42 | Rate 0.02 | Train Loss: 0.9048 | Val Loss: 0.3389 | Acc (clean): 0.9435 | Acc (poison): 0.9271 | Val Acc: 0.9141 | Time: 00:00:14
Epoch 057 | Seed 42 | Rate 0.02 | Train Loss: 0.9018 | Val Loss: 0.3636 | Acc (clean): 0.9474 | Acc (poison): 0.9314 | Val Acc: 0.9085 | Time: 00:00:14
Epoch 058 | Seed 42 | Rate 0.02 | Train Loss: 0.9234 | Val Loss: 0.3676 | Acc (clean): 0.9495 | Acc (poison): 0.9331 | Val Acc: 0.9126 | Time: 00:00:13
Epoch 059 | Seed 42 | Rate 0.02 | Train Loss: 0.8979 | Val Loss: 0.3591 | Acc (clean): 0.9509 | Acc (poison): 0.9340 | Val Acc: 0.9093 | Time: 00:00:13
Epoch 060 | Seed 42 | Rate 0.02 | Train Loss: 0.8200 | Val Loss: 0.3957 | Acc (clean): 0.9522 | Acc (poison): 0.9355 | Val Acc: 0.9033 | Time: 00:00:14
Epoch 061 | Seed 42 | Rate 0.02 | Train Loss: 0.8535 | Val Loss: 0.3707 | Acc (clean): 0.9535 | Acc (poison): 0.9370 | Val Acc: 0.9070 | Time: 00:00:13
Epoch 062 | Seed 42 | Rate 0.02 | Train Loss: 0.7270 | Val Loss: 0.3373 | Acc (clean): 0.9564 | Acc (poison): 0.9398 | Val Acc: 0.9089 | Time: 00:00:14
Epoch 063 | Seed 42 | Rate 0.02 | Train Loss: 0.8084 | Val Loss: 0.3624 | Acc (clean): 0.9569 | Acc (poison): 0.9410 | Val Acc: 0.9085 | Time: 00:00:13
Epoch 064 | Seed 42 | Rate 0.02 | Train Loss: 0.8798 | Val Loss: 0.3239 | Acc (clean): 0.9574 | Acc (poison): 0.9411 | Val Acc: 0.9185 | Time: 00:00:14
Epoch 065 | Seed 42 | Rate 0.02 | Train Loss: 0.8485 | Val Loss: 0.3682 | Acc (clean): 0.9574 | Acc (poison): 0.9426 | Val Acc: 0.9078 | Time: 00:00:14
Epoch 066 | Seed 42 | Rate 0.02 | Train Loss: 0.8316 | Val Loss: 0.3668 | Acc (clean): 0.9591 | Acc (poison): 0.9433 | Val Acc: 0.9100 | Time: 00:00:13
Epoch 067 | Seed 42 | Rate 0.02 | Train Loss: 0.8147 | Val Loss: 0.3649 | Acc (clean): 0.9600 | Acc (poison): 0.9450 | Val Acc: 0.9096 | Time: 00:00:14
Epoch 068 | Seed 42 | Rate 0.02 | Train Loss: 0.8099 | Val Loss: 0.3305 | Acc (clean): 0.9632 | Acc (poison): 0.9478 | Val Acc: 0.9141 | Time: 00:00:13
Epoch 069 | Seed 42 | Rate 0.02 | Train Loss: 0.8129 | Val Loss: 0.3423 | Acc (clean): 0.9626 | Acc (poison): 0.9473 | Val Acc: 0.9126 | Time: 00:00:13
Epoch 070 | Seed 42 | Rate 0.02 | Train Loss: 0.8491 | Val Loss: 0.3694 | Acc (clean): 0.9595 | Acc (poison): 0.9449 | Val Acc: 0.9119 | Time: 00:00:14
Epoch 071 | Seed 42 | Rate 0.02 | Train Loss: 0.8464 | Val Loss: 0.3715 | Acc (clean): 0.9610 | Acc (poison): 0.9468 | Val Acc: 0.9126 | Time: 00:00:14
Epoch 072 | Seed 42 | Rate 0.02 | Train Loss: 0.7977 | Val Loss: 0.3303 | Acc (clean): 0.9624 | Acc (poison): 0.9477 | Val Acc: 0.9148 | Time: 00:00:14
Epoch 073 | Seed 42 | Rate 0.02 | Train Loss: 0.8079 | Val Loss: 0.3345 | Acc (clean): 0.9633 | Acc (poison): 0.9484 | Val Acc: 0.9152 | Time: 00:00:14
Epoch 074 | Seed 42 | Rate 0.02 | Train Loss: 0.8476 | Val Loss: 0.3288 | Acc (clean): 0.9637 | Acc (poison): 0.9497 | Val Acc: 0.9100 | Time: 00:00:13
Epoch 075 | Seed 42 | Rate 0.02 | Train Loss: 0.8224 | Val Loss: 0.3355 | Acc (clean): 0.9639 | Acc (poison): 0.9496 | Val Acc: 0.9104 | Time: 00:00:14
Epoch 076 | Seed 42 | Rate 0.02 | Train Loss: 0.7442 | Val Loss: 0.3103 | Acc (clean): 0.9709 | Acc (poison): 0.9574 | Val Acc: 0.9233 | Time: 00:00:13
Epoch 077 | Seed 42 | Rate 0.02 | Train Loss: 0.7312 | Val Loss: 0.3161 | Acc (clean): 0.9747 | Acc (poison): 0.9614 | Val Acc: 0.9207 | Time: 00:00:14
Epoch 078 | Seed 42 | Rate 0.02 | Train Loss: 0.7612 | Val Loss: 0.3077 | Acc (clean): 0.9765 | Acc (poison): 0.9637 | Val Acc: 0.9207 | Time: 00:00:14
Epoch 079 | Seed 42 | Rate 0.02 | Train Loss: 0.7760 | Val Loss: 0.3271 | Acc (clean): 0.9759 | Acc (poison): 0.9638 | Val Acc: 0.9174 | Time: 00:00:14
Epoch 080 | Seed 42 | Rate 0.02 | Train Loss: 0.7324 | Val Loss: 0.2912 | Acc (clean): 0.9776 | Acc (poison): 0.9651 | Val Acc: 0.9233 | Time: 00:00:14
Epoch 081 | Seed 42 | Rate 0.02 | Train Loss: 0.6351 | Val Loss: 0.2944 | Acc (clean): 0.9778 | Acc (poison): 0.9654 | Val Acc: 0.9207 | Time: 00:00:14
Epoch 082 | Seed 42 | Rate 0.02 | Train Loss: 0.8190 | Val Loss: 0.3120 | Acc (clean): 0.9777 | Acc (poison): 0.9659 | Val Acc: 0.9207 | Time: 00:00:14
Epoch 083 | Seed 42 | Rate 0.02 | Train Loss: 0.6699 | Val Loss: 0.3363 | Acc (clean): 0.9781 | Acc (poison): 0.9666 | Val Acc: 0.9200 | Time: 00:00:13
Epoch 084 | Seed 42 | Rate 0.02 | Train Loss: 0.7192 | Val Loss: 0.2977 | Acc (clean): 0.9784 | Acc (poison): 0.9667 | Val Acc: 0.9222 | Time: 00:00:14
Epoch 085 | Seed 42 | Rate 0.02 | Train Loss: 0.6627 | Val Loss: 0.2855 | Acc (clean): 0.9779 | Acc (poison): 0.9660 | Val Acc: 0.9230 | Time: 00:00:14
Epoch 086 | Seed 42 | Rate 0.02 | Train Loss: 0.7815 | Val Loss: 0.3045 | Acc (clean): 0.9802 | Acc (poison): 0.9685 | Val Acc: 0.9230 | Time: 00:00:14
Epoch 087 | Seed 42 | Rate 0.02 | Train Loss: 0.7417 | Val Loss: 0.3472 | Acc (clean): 0.9781 | Acc (poison): 0.9667 | Val Acc: 0.9152 | Time: 00:00:14
Epoch 088 | Seed 42 | Rate 0.02 | Train Loss: 0.7606 | Val Loss: 0.2907 | Acc (clean): 0.9789 | Acc (poison): 0.9674 | Val Acc: 0.9248 | Time: 00:00:14
Epoch 089 | Seed 42 | Rate 0.02 | Train Loss: 0.7306 | Val Loss: 0.3235 | Acc (clean): 0.9792 | Acc (poison): 0.9679 | Val Acc: 0.9189 | Time: 00:00:13
Epoch 090 | Seed 42 | Rate 0.02 | Train Loss: 0.6893 | Val Loss: 0.2831 | Acc (clean): 0.9795 | Acc (poison): 0.9687 | Val Acc: 0.9252 | Time: 00:00:14
Epoch 091 | Seed 42 | Rate 0.02 | Train Loss: 0.7946 | Val Loss: 0.3900 | Acc (clean): 0.9794 | Acc (poison): 0.9681 | Val Acc: 0.9122 | Time: 00:00:14
Epoch 092 | Seed 42 | Rate 0.02 | Train Loss: 0.7287 | Val Loss: 0.3066 | Acc (clean): 0.9797 | Acc (poison): 0.9679 | Val Acc: 0.9215 | Time: 00:00:14
Epoch 093 | Seed 42 | Rate 0.02 | Train Loss: 0.7593 | Val Loss: 0.3115 | Acc (clean): 0.9800 | Acc (poison): 0.9690 | Val Acc: 0.9219 | Time: 00:00:14
Epoch 094 | Seed 42 | Rate 0.02 | Train Loss: 0.8234 | Val Loss: 0.3733 | Acc (clean): 0.9809 | Acc (poison): 0.9702 | Val Acc: 0.9141 | Time: 00:00:14
Epoch 095 | Seed 42 | Rate 0.02 | Train Loss: 0.7013 | Val Loss: 0.2853 | Acc (clean): 0.9806 | Acc (poison): 0.9702 | Val Acc: 0.9241 | Time: 00:00:13
Epoch 096 | Seed 42 | Rate 0.02 | Train Loss: 0.6095 | Val Loss: 0.3239 | Acc (clean): 0.9785 | Acc (poison): 0.9678 | Val Acc: 0.9200 | Time: 00:00:13
Epoch 097 | Seed 42 | Rate 0.02 | Train Loss: 0.6670 | Val Loss: 0.2852 | Acc (clean): 0.9813 | Acc (poison): 0.9706 | Val Acc: 0.9244 | Time: 00:00:14
Epoch 098 | Seed 42 | Rate 0.02 | Train Loss: 0.7879 | Val Loss: 0.3042 | Acc (clean): 0.9807 | Acc (poison): 0.9703 | Val Acc: 0.9237 | Time: 00:00:14
Epoch 099 | Seed 42 | Rate 0.02 | Train Loss: 0.8123 | Val Loss: 0.3068 | Acc (clean): 0.9807 | Acc (poison): 0.9702 | Val Acc: 0.9233 | Time: 00:00:14
Epoch 100 | Seed 42 | Rate 0.02 | Train Loss: 0.7683 | Val Loss: 0.3442 | Acc (clean): 0.9798 | Acc (poison): 0.9697 | Val Acc: 0.9167 | Time: 00:00:13

=== defense=mixup attack=RQ2 seed=42 rate=0.05 ===
Loading train data from /home/yazanme/BachelorThesis/BachelorThesis/data/processed/resisc45/train.h5 with mapping /home/yazanme/BachelorThesis/BachelorThesis/data/processed/resisc45/poisoned/RQ2/seed_42/labels_0.05.pt... (in_memory=True, workers=4)
Testing torch.compile support...
Successfully compiled model using torch.compile.
Epoch 001 | Seed 42 | Rate 0.05 | Train Loss: 3.0819 | Val Loss: 2.4475 | Acc (clean): 0.2375 | Acc (poison): 0.2330 | Val Acc: 0.3052 | Time: 00:00:12
Epoch 002 | Seed 42 | Rate 0.05 | Train Loss: 2.4058 | Val Loss: 1.9290 | Acc (clean): 0.4267 | Acc (poison): 0.4149 | Val Acc: 0.4485 | Time: 00:00:13
Epoch 003 | Seed 42 | Rate 0.05 | Train Loss: 2.1608 | Val Loss: 2.0087 | Acc (clean): 0.5122 | Acc (poison): 0.4968 | Val Acc: 0.4056 | Time: 00:00:13
Epoch 004 | Seed 42 | Rate 0.05 | Train Loss: 1.9919 | Val Loss: 1.5005 | Acc (clean): 0.5895 | Acc (poison): 0.5679 | Val Acc: 0.5615 | Time: 00:00:13
Epoch 005 | Seed 42 | Rate 0.05 | Train Loss: 1.8028 | Val Loss: 1.4581 | Acc (clean): 0.6445 | Acc (poison): 0.6206 | Val Acc: 0.5648 | Time: 00:00:13
Epoch 006 | Seed 42 | Rate 0.05 | Train Loss: 1.6730 | Val Loss: 1.2510 | Acc (clean): 0.6838 | Acc (poison): 0.6563 | Val Acc: 0.6433 | Time: 00:00:12
Epoch 007 | Seed 42 | Rate 0.05 | Train Loss: 1.5683 | Val Loss: 1.4748 | Acc (clean): 0.7224 | Acc (poison): 0.6942 | Val Acc: 0.5581 | Time: 00:00:13
Epoch 008 | Seed 42 | Rate 0.05 | Train Loss: 1.5155 | Val Loss: 1.1596 | Acc (clean): 0.7468 | Acc (poison): 0.7167 | Val Acc: 0.6678 | Time: 00:00:13
Epoch 009 | Seed 42 | Rate 0.05 | Train Loss: 1.5449 | Val Loss: 1.0146 | Acc (clean): 0.7670 | Acc (poison): 0.7354 | Val Acc: 0.7215 | Time: 00:00:12
Epoch 010 | Seed 42 | Rate 0.05 | Train Loss: 1.4697 | Val Loss: 0.8908 | Acc (clean): 0.7718 | Acc (poison): 0.7404 | Val Acc: 0.7289 | Time: 00:00:13
Epoch 011 | Seed 42 | Rate 0.05 | Train Loss: 1.4287 | Val Loss: 1.1007 | Acc (clean): 0.7814 | Acc (poison): 0.7495 | Val Acc: 0.6744 | Time: 00:00:13
Epoch 012 | Seed 42 | Rate 0.05 | Train Loss: 1.4574 | Val Loss: 0.8677 | Acc (clean): 0.7974 | Acc (poison): 0.7641 | Val Acc: 0.7526 | Time: 00:00:13
Epoch 013 | Seed 42 | Rate 0.05 | Train Loss: 1.2942 | Val Loss: 1.2091 | Acc (clean): 0.7957 | Acc (poison): 0.7630 | Val Acc: 0.6659 | Time: 00:00:13
Epoch 014 | Seed 42 | Rate 0.05 | Train Loss: 1.3697 | Val Loss: 1.1325 | Acc (clean): 0.8030 | Acc (poison): 0.7702 | Val Acc: 0.6815 | Time: 00:00:12
Epoch 015 | Seed 42 | Rate 0.05 | Train Loss: 1.3945 | Val Loss: 1.1638 | Acc (clean): 0.8115 | Acc (poison): 0.7767 | Val Acc: 0.6730 | Time: 00:00:12
Epoch 016 | Seed 42 | Rate 0.05 | Train Loss: 1.2973 | Val Loss: 0.9198 | Acc (clean): 0.8130 | Acc (poison): 0.7799 | Val Acc: 0.7393 | Time: 00:00:12
Epoch 017 | Seed 42 | Rate 0.05 | Train Loss: 1.3308 | Val Loss: 1.5232 | Acc (clean): 0.8154 | Acc (poison): 0.7802 | Val Acc: 0.5711 | Time: 00:00:13
Epoch 018 | Seed 42 | Rate 0.05 | Train Loss: 1.2698 | Val Loss: 1.9264 | Acc (clean): 0.8205 | Acc (poison): 0.7865 | Val Acc: 0.4878 | Time: 00:00:13
Epoch 019 | Seed 42 | Rate 0.05 | Train Loss: 1.3013 | Val Loss: 1.0750 | Acc (clean): 0.8167 | Acc (poison): 0.7818 | Val Acc: 0.6919 | Time: 00:00:12
Epoch 020 | Seed 42 | Rate 0.05 | Train Loss: 1.2817 | Val Loss: 0.9399 | Acc (clean): 0.8235 | Acc (poison): 0.7881 | Val Acc: 0.7452 | Time: 00:00:13
Epoch 021 | Seed 42 | Rate 0.05 | Train Loss: 1.2598 | Val Loss: 0.9568 | Acc (clean): 0.8213 | Acc (poison): 0.7869 | Val Acc: 0.7167 | Time: 00:00:13
Epoch 022 | Seed 42 | Rate 0.05 | Train Loss: 1.2267 | Val Loss: 0.8889 | Acc (clean): 0.8209 | Acc (poison): 0.7863 | Val Acc: 0.7607 | Time: 00:00:13
Epoch 023 | Seed 42 | Rate 0.05 | Train Loss: 1.3122 | Val Loss: 1.1767 | Acc (clean): 0.8275 | Acc (poison): 0.7930 | Val Acc: 0.6685 | Time: 00:00:12
Epoch 024 | Seed 42 | Rate 0.05 | Train Loss: 1.2536 | Val Loss: 0.9416 | Acc (clean): 0.8261 | Acc (poison): 0.7921 | Val Acc: 0.7422 | Time: 00:00:12
Epoch 025 | Seed 42 | Rate 0.05 | Train Loss: 1.2508 | Val Loss: 0.8702 | Acc (clean): 0.8273 | Acc (poison): 0.7933 | Val Acc: 0.7589 | Time: 00:00:13
Epoch 026 | Seed 42 | Rate 0.05 | Train Loss: 1.2830 | Val Loss: 0.8153 | Acc (clean): 0.8276 | Acc (poison): 0.7937 | Val Acc: 0.7696 | Time: 00:00:13
Epoch 027 | Seed 42 | Rate 0.05 | Train Loss: 1.2879 | Val Loss: 1.3176 | Acc (clean): 0.8366 | Acc (poison): 0.8009 | Val Acc: 0.6215 | Time: 00:00:12
Epoch 028 | Seed 42 | Rate 0.05 | Train Loss: 1.3250 | Val Loss: 1.0001 | Acc (clean): 0.8307 | Acc (poison): 0.7959 | Val Acc: 0.7289 | Time: 00:00:13
Epoch 029 | Seed 42 | Rate 0.05 | Train Loss: 1.3093 | Val Loss: 1.0215 | Acc (clean): 0.8326 | Acc (poison): 0.7977 | Val Acc: 0.7085 | Time: 00:00:13
Epoch 030 | Seed 42 | Rate 0.05 | Train Loss: 1.3450 | Val Loss: 1.1632 | Acc (clean): 0.8323 | Acc (poison): 0.7972 | Val Acc: 0.6681 | Time: 00:00:13
Epoch 031 | Seed 42 | Rate 0.05 | Train Loss: 1.2958 | Val Loss: 1.1370 | Acc (clean): 0.8307 | Acc (poison): 0.7962 | Val Acc: 0.6748 | Time: 00:00:13
Epoch 032 | Seed 42 | Rate 0.05 | Train Loss: 1.2045 | Val Loss: 0.8721 | Acc (clean): 0.8315 | Acc (poison): 0.7957 | Val Acc: 0.7581 | Time: 00:00:13
Epoch 033 | Seed 42 | Rate 0.05 | Train Loss: 1.2518 | Val Loss: 0.8901 | Acc (clean): 0.8355 | Acc (poison): 0.8002 | Val Acc: 0.7541 | Time: 00:00:13
Epoch 034 | Seed 42 | Rate 0.05 | Train Loss: 1.3052 | Val Loss: 0.7997 | Acc (clean): 0.8370 | Acc (poison): 0.8014 | Val Acc: 0.7752 | Time: 00:00:13
Epoch 035 | Seed 42 | Rate 0.05 | Train Loss: 1.2689 | Val Loss: 1.0448 | Acc (clean): 0.8356 | Acc (poison): 0.8003 | Val Acc: 0.7200 | Time: 00:00:13
Epoch 036 | Seed 42 | Rate 0.05 | Train Loss: 1.2924 | Val Loss: 1.0369 | Acc (clean): 0.8371 | Acc (poison): 0.8025 | Val Acc: 0.7111 | Time: 00:00:13
Epoch 037 | Seed 42 | Rate 0.05 | Train Loss: 1.2313 | Val Loss: 0.8306 | Acc (clean): 0.8359 | Acc (poison): 0.8008 | Val Acc: 0.7667 | Time: 00:00:12
Epoch 038 | Seed 42 | Rate 0.05 | Train Loss: 1.2545 | Val Loss: 1.1446 | Acc (clean): 0.8309 | Acc (poison): 0.7963 | Val Acc: 0.7033 | Time: 00:00:12
Epoch 039 | Seed 42 | Rate 0.05 | Train Loss: 1.1424 | Val Loss: 1.1608 | Acc (clean): 0.8349 | Acc (poison): 0.7985 | Val Acc: 0.6607 | Time: 00:00:13
Epoch 040 | Seed 42 | Rate 0.05 | Train Loss: 1.2233 | Val Loss: 1.1090 | Acc (clean): 0.8326 | Acc (poison): 0.7970 | Val Acc: 0.6889 | Time: 00:00:13
Epoch 041 | Seed 42 | Rate 0.05 | Train Loss: 1.1682 | Val Loss: 0.9403 | Acc (clean): 0.8329 | Acc (poison): 0.7974 | Val Acc: 0.7263 | Time: 00:00:13
Epoch 042 | Seed 42 | Rate 0.05 | Train Loss: 1.2913 | Val Loss: 1.1587 | Acc (clean): 0.8390 | Acc (poison): 0.8035 | Val Acc: 0.6919 | Time: 00:00:12
Epoch 043 | Seed 42 | Rate 0.05 | Train Loss: 1.2655 | Val Loss: 0.9028 | Acc (clean): 0.8400 | Acc (poison): 0.8045 | Val Acc: 0.7493 | Time: 00:00:12
Epoch 044 | Seed 42 | Rate 0.05 | Train Loss: 1.2804 | Val Loss: 0.8257 | Acc (clean): 0.8437 | Acc (poison): 0.8081 | Val Acc: 0.7681 | Time: 00:00:12
Epoch 045 | Seed 42 | Rate 0.05 | Train Loss: 1.1874 | Val Loss: 0.9618 | Acc (clean): 0.8339 | Acc (poison): 0.7984 | Val Acc: 0.7396 | Time: 00:00:13
Epoch 046 | Seed 42 | Rate 0.05 | Train Loss: 1.2469 | Val Loss: 0.9607 | Acc (clean): 0.8356 | Acc (poison): 0.7993 | Val Acc: 0.7248 | Time: 00:00:12
Epoch 047 | Seed 42 | Rate 0.05 | Train Loss: 1.2546 | Val Loss: 0.8242 | Acc (clean): 0.8388 | Acc (poison): 0.8029 | Val Acc: 0.7837 | Time: 00:00:12
Epoch 048 | Seed 42 | Rate 0.05 | Train Loss: 1.2034 | Val Loss: 0.8758 | Acc (clean): 0.8402 | Acc (poison): 0.8057 | Val Acc: 0.7696 | Time: 00:00:13
Epoch 049 | Seed 42 | Rate 0.05 | Train Loss: 1.2647 | Val Loss: 1.5996 | Acc (clean): 0.8401 | Acc (poison): 0.8049 | Val Acc: 0.5456 | Time: 00:00:13
Epoch 050 | Seed 42 | Rate 0.05 | Train Loss: 1.2394 | Val Loss: 0.9624 | Acc (clean): 0.8345 | Acc (poison): 0.8005 | Val Acc: 0.7274 | Time: 00:00:13
Epoch 051 | Seed 42 | Rate 0.05 | Train Loss: 1.0967 | Val Loss: 0.4222 | Acc (clean): 0.8992 | Acc (poison): 0.8599 | Val Acc: 0.8881 | Time: 00:00:13
Epoch 052 | Seed 42 | Rate 0.05 | Train Loss: 1.0331 | Val Loss: 0.4246 | Acc (clean): 0.9212 | Acc (poison): 0.8804 | Val Acc: 0.8926 | Time: 00:00:12
Epoch 053 | Seed 42 | Rate 0.05 | Train Loss: 0.9839 | Val Loss: 0.4814 | Acc (clean): 0.9279 | Acc (poison): 0.8865 | Val Acc: 0.8941 | Time: 00:00:12
Epoch 054 | Seed 42 | Rate 0.05 | Train Loss: 0.9489 | Val Loss: 0.4152 | Acc (clean): 0.9301 | Acc (poison): 0.8895 | Val Acc: 0.8996 | Time: 00:00:13
Epoch 055 | Seed 42 | Rate 0.05 | Train Loss: 0.9589 | Val Loss: 0.4243 | Acc (clean): 0.9336 | Acc (poison): 0.8929 | Val Acc: 0.8915 | Time: 00:00:13
Epoch 056 | Seed 42 | Rate 0.05 | Train Loss: 0.9804 | Val Loss: 0.3825 | Acc (clean): 0.9333 | Acc (poison): 0.8930 | Val Acc: 0.9070 | Time: 00:00:13
Epoch 057 | Seed 42 | Rate 0.05 | Train Loss: 0.9765 | Val Loss: 0.4119 | Acc (clean): 0.9402 | Acc (poison): 0.8998 | Val Acc: 0.8974 | Time: 00:00:13
Epoch 058 | Seed 42 | Rate 0.05 | Train Loss: 0.9974 | Val Loss: 0.4103 | Acc (clean): 0.9407 | Acc (poison): 0.9000 | Val Acc: 0.9000 | Time: 00:00:13
Epoch 059 | Seed 42 | Rate 0.05 | Train Loss: 0.9692 | Val Loss: 0.3969 | Acc (clean): 0.9440 | Acc (poison): 0.9042 | Val Acc: 0.9004 | Time: 00:00:13
Epoch 060 | Seed 42 | Rate 0.05 | Train Loss: 0.8975 | Val Loss: 0.4337 | Acc (clean): 0.9441 | Acc (poison): 0.9040 | Val Acc: 0.9022 | Time: 00:00:13
Epoch 061 | Seed 42 | Rate 0.05 | Train Loss: 0.9296 | Val Loss: 0.3913 | Acc (clean): 0.9482 | Acc (poison): 0.9070 | Val Acc: 0.9085 | Time: 00:00:13
Epoch 062 | Seed 42 | Rate 0.05 | Train Loss: 0.8018 | Val Loss: 0.3603 | Acc (clean): 0.9481 | Acc (poison): 0.9082 | Val Acc: 0.9096 | Time: 00:00:13
Epoch 063 | Seed 42 | Rate 0.05 | Train Loss: 0.8788 | Val Loss: 0.4074 | Acc (clean): 0.9491 | Acc (poison): 0.9093 | Val Acc: 0.9000 | Time: 00:00:13
Epoch 064 | Seed 42 | Rate 0.05 | Train Loss: 0.9518 | Val Loss: 0.3739 | Acc (clean): 0.9511 | Acc (poison): 0.9121 | Val Acc: 0.9089 | Time: 00:00:13
Epoch 065 | Seed 42 | Rate 0.05 | Train Loss: 0.9200 | Val Loss: 0.3971 | Acc (clean): 0.9520 | Acc (poison): 0.9135 | Val Acc: 0.8989 | Time: 00:00:13
Epoch 066 | Seed 42 | Rate 0.05 | Train Loss: 0.9026 | Val Loss: 0.3729 | Acc (clean): 0.9516 | Acc (poison): 0.9132 | Val Acc: 0.9063 | Time: 00:00:13
Epoch 067 | Seed 42 | Rate 0.05 | Train Loss: 0.8812 | Val Loss: 0.3925 | Acc (clean): 0.9537 | Acc (poison): 0.9146 | Val Acc: 0.9026 | Time: 00:00:13
Epoch 068 | Seed 42 | Rate 0.05 | Train Loss: 0.8834 | Val Loss: 0.3573 | Acc (clean): 0.9538 | Acc (poison): 0.9163 | Val Acc: 0.9104 | Time: 00:00:13
Epoch 069 | Seed 42 | Rate 0.05 | Train Loss: 0.8846 | Val Loss: 0.3612 | Acc (clean): 0.9531 | Acc (poison): 0.9160 | Val Acc: 0.9085 | Time: 00:00:13
Epoch 070 | Seed 42 | Rate 0.05 | Train Loss: 0.9172 | Val Loss: 0.4084 | Acc (clean): 0.9553 | Acc (poison): 0.9172 | Val Acc: 0.9015 | Time: 00:00:13
Epoch 071 | Seed 42 | Rate 0.05 | Train Loss: 0.9205 | Val Loss: 0.4199 | Acc (clean): 0.9540 | Acc (poison): 0.9160 | Val Acc: 0.9019 | Time: 00:00:12
Epoch 072 | Seed 42 | Rate 0.05 | Train Loss: 0.8640 | Val Loss: 0.3729 | Acc (clean): 0.9569 | Acc (poison): 0.9202 | Val Acc: 0.9056 | Time: 00:00:12
Epoch 073 | Seed 42 | Rate 0.05 | Train Loss: 0.8794 | Val Loss: 0.3816 | Acc (clean): 0.9547 | Acc (poison): 0.9175 | Val Acc: 0.9007 | Time: 00:00:13
Epoch 074 | Seed 42 | Rate 0.05 | Train Loss: 0.9149 | Val Loss: 0.3757 | Acc (clean): 0.9548 | Acc (poison): 0.9198 | Val Acc: 0.9004 | Time: 00:00:12
Epoch 075 | Seed 42 | Rate 0.05 | Train Loss: 0.8878 | Val Loss: 0.3606 | Acc (clean): 0.9553 | Acc (poison): 0.9199 | Val Acc: 0.9019 | Time: 00:00:12
Epoch 076 | Seed 42 | Rate 0.05 | Train Loss: 0.8114 | Val Loss: 0.3398 | Acc (clean): 0.9643 | Acc (poison): 0.9303 | Val Acc: 0.9141 | Time: 00:00:13
Epoch 077 | Seed 42 | Rate 0.05 | Train Loss: 0.7996 | Val Loss: 0.3440 | Acc (clean): 0.9679 | Acc (poison): 0.9337 | Val Acc: 0.9141 | Time: 00:00:12
Epoch 078 | Seed 42 | Rate 0.05 | Train Loss: 0.8263 | Val Loss: 0.3371 | Acc (clean): 0.9703 | Acc (poison): 0.9364 | Val Acc: 0.9178 | Time: 00:00:13
Epoch 079 | Seed 42 | Rate 0.05 | Train Loss: 0.8418 | Val Loss: 0.3576 | Acc (clean): 0.9701 | Acc (poison): 0.9364 | Val Acc: 0.9111 | Time: 00:00:12
Epoch 080 | Seed 42 | Rate 0.05 | Train Loss: 0.7997 | Val Loss: 0.3202 | Acc (clean): 0.9695 | Acc (poison): 0.9363 | Val Acc: 0.9185 | Time: 00:00:13
Epoch 081 | Seed 42 | Rate 0.05 | Train Loss: 0.6998 | Val Loss: 0.3276 | Acc (clean): 0.9712 | Acc (poison): 0.9380 | Val Acc: 0.9163 | Time: 00:00:13
Epoch 082 | Seed 42 | Rate 0.05 | Train Loss: 0.8828 | Val Loss: 0.3465 | Acc (clean): 0.9696 | Acc (poison): 0.9381 | Val Acc: 0.9152 | Time: 00:00:13
Epoch 083 | Seed 42 | Rate 0.05 | Train Loss: 0.7305 | Val Loss: 0.3729 | Acc (clean): 0.9705 | Acc (poison): 0.9404 | Val Acc: 0.9096 | Time: 00:00:12
Epoch 084 | Seed 42 | Rate 0.05 | Train Loss: 0.7819 | Val Loss: 0.3311 | Acc (clean): 0.9708 | Acc (poison): 0.9387 | Val Acc: 0.9141 | Time: 00:00:12
Epoch 085 | Seed 42 | Rate 0.05 | Train Loss: 0.7302 | Val Loss: 0.3171 | Acc (clean): 0.9712 | Acc (poison): 0.9400 | Val Acc: 0.9193 | Time: 00:00:13
Epoch 086 | Seed 42 | Rate 0.05 | Train Loss: 0.8441 | Val Loss: 0.3397 | Acc (clean): 0.9707 | Acc (poison): 0.9394 | Val Acc: 0.9163 | Time: 00:00:12
Epoch 087 | Seed 42 | Rate 0.05 | Train Loss: 0.8031 | Val Loss: 0.3854 | Acc (clean): 0.9706 | Acc (poison): 0.9395 | Val Acc: 0.9067 | Time: 00:00:12
Epoch 088 | Seed 42 | Rate 0.05 | Train Loss: 0.8236 | Val Loss: 0.3280 | Acc (clean): 0.9695 | Acc (poison): 0.9405 | Val Acc: 0.9193 | Time: 00:00:12
Epoch 089 | Seed 42 | Rate 0.05 | Train Loss: 0.7913 | Val Loss: 0.3566 | Acc (clean): 0.9716 | Acc (poison): 0.9410 | Val Acc: 0.9133 | Time: 00:00:12
Epoch 090 | Seed 42 | Rate 0.05 | Train Loss: 0.7538 | Val Loss: 0.3157 | Acc (clean): 0.9698 | Acc (poison): 0.9409 | Val Acc: 0.9193 | Time: 00:00:13
Epoch 091 | Seed 42 | Rate 0.05 | Train Loss: 0.8575 | Val Loss: 0.4343 | Acc (clean): 0.9717 | Acc (poison): 0.9425 | Val Acc: 0.9022 | Time: 00:00:13
Epoch 092 | Seed 42 | Rate 0.05 | Train Loss: 0.7906 | Val Loss: 0.3433 | Acc (clean): 0.9735 | Acc (poison): 0.9430 | Val Acc: 0.9130 | Time: 00:00:13
Epoch 093 | Seed 42 | Rate 0.05 | Train Loss: 0.8222 | Val Loss: 0.3460 | Acc (clean): 0.9718 | Acc (poison): 0.9429 | Val Acc: 0.9126 | Time: 00:00:13
Epoch 094 | Seed 42 | Rate 0.05 | Train Loss: 0.8832 | Val Loss: 0.4180 | Acc (clean): 0.9715 | Acc (poison): 0.9426 | Val Acc: 0.9026 | Time: 00:00:12
Epoch 095 | Seed 42 | Rate 0.05 | Train Loss: 0.7648 | Val Loss: 0.3171 | Acc (clean): 0.9701 | Acc (poison): 0.9416 | Val Acc: 0.9207 | Time: 00:00:12
Epoch 096 | Seed 42 | Rate 0.05 | Train Loss: 0.6719 | Val Loss: 0.3574 | Acc (clean): 0.9707 | Acc (poison): 0.9429 | Val Acc: 0.9100 | Time: 00:00:12
Epoch 097 | Seed 42 | Rate 0.05 | Train Loss: 0.7314 | Val Loss: 0.3186 | Acc (clean): 0.9721 | Acc (poison): 0.9440 | Val Acc: 0.9185 | Time: 00:00:12
Epoch 098 | Seed 42 | Rate 0.05 | Train Loss: 0.8466 | Val Loss: 0.3354 | Acc (clean): 0.9712 | Acc (poison): 0.9435 | Val Acc: 0.9193 | Time: 00:00:12
Epoch 099 | Seed 42 | Rate 0.05 | Train Loss: 0.8718 | Val Loss: 0.3381 | Acc (clean): 0.9726 | Acc (poison): 0.9451 | Val Acc: 0.9185 | Time: 00:00:12
Epoch 100 | Seed 42 | Rate 0.05 | Train Loss: 0.8332 | Val Loss: 0.3820 | Acc (clean): 0.9706 | Acc (poison): 0.9434 | Val Acc: 0.9070 | Time: 00:00:13

=== defense=mixup attack=RQ2 seed=42 rate=0.1 ===
Loading train data from /home/yazanme/BachelorThesis/BachelorThesis/data/processed/resisc45/train.h5 with mapping /home/yazanme/BachelorThesis/BachelorThesis/data/processed/resisc45/poisoned/RQ2/seed_42/labels_0.10.pt... (in_memory=True, workers=4)
Testing torch.compile support...
Successfully compiled model using torch.compile.
Epoch 001 | Seed 42 | Rate 0.10 | Train Loss: 3.1575 | Val Loss: 2.4304 | Acc (clean): 0.2115 | Acc (poison): 0.2051 | Val Acc: 0.3015 | Time: 00:00:13
Epoch 002 | Seed 42 | Rate 0.10 | Train Loss: 2.4744 | Val Loss: 2.2821 | Acc (clean): 0.4109 | Acc (poison): 0.3891 | Val Acc: 0.3548 | Time: 00:00:12
Epoch 003 | Seed 42 | Rate 0.10 | Train Loss: 2.2153 | Val Loss: 2.0972 | Acc (clean): 0.5008 | Acc (poison): 0.4719 | Val Acc: 0.3911 | Time: 00:00:12
Epoch 004 | Seed 42 | Rate 0.10 | Train Loss: 2.0765 | Val Loss: 1.5203 | Acc (clean): 0.5597 | Acc (poison): 0.5221 | Val Acc: 0.5593 | Time: 00:00:13
Epoch 005 | Seed 42 | Rate 0.10 | Train Loss: 1.8898 | Val Loss: 1.6986 | Acc (clean): 0.6152 | Acc (poison): 0.5733 | Val Acc: 0.5133 | Time: 00:00:13
Epoch 006 | Seed 42 | Rate 0.10 | Train Loss: 1.7668 | Val Loss: 1.4795 | Acc (clean): 0.6546 | Acc (poison): 0.6078 | Val Acc: 0.5781 | Time: 00:00:13
Epoch 007 | Seed 42 | Rate 0.10 | Train Loss: 1.6809 | Val Loss: 1.1388 | Acc (clean): 0.6858 | Acc (poison): 0.6338 | Val Acc: 0.6693 | Time: 00:00:12
Epoch 008 | Seed 42 | Rate 0.10 | Train Loss: 1.6113 | Val Loss: 1.2613 | Acc (clean): 0.7168 | Acc (poison): 0.6617 | Val Acc: 0.6411 | Time: 00:00:13
Epoch 009 | Seed 42 | Rate 0.10 | Train Loss: 1.6325 | Val Loss: 1.1102 | Acc (clean): 0.7364 | Acc (poison): 0.6819 | Val Acc: 0.6822 | Time: 00:00:13
Epoch 010 | Seed 42 | Rate 0.10 | Train Loss: 1.5623 | Val Loss: 1.2301 | Acc (clean): 0.7475 | Acc (poison): 0.6904 | Val Acc: 0.6337 | Time: 00:00:13
Epoch 011 | Seed 42 | Rate 0.10 | Train Loss: 1.5135 | Val Loss: 1.3162 | Acc (clean): 0.7599 | Acc (poison): 0.7008 | Val Acc: 0.6315 | Time: 00:00:12
Epoch 012 | Seed 42 | Rate 0.10 | Train Loss: 1.5514 | Val Loss: 1.3588 | Acc (clean): 0.7727 | Acc (poison): 0.7107 | Val Acc: 0.6181 | Time: 00:00:13
Epoch 013 | Seed 42 | Rate 0.10 | Train Loss: 1.3835 | Val Loss: 1.4533 | Acc (clean): 0.7728 | Acc (poison): 0.7108 | Val Acc: 0.5863 | Time: 00:00:12
Epoch 014 | Seed 42 | Rate 0.10 | Train Loss: 1.4582 | Val Loss: 1.8006 | Acc (clean): 0.7811 | Acc (poison): 0.7193 | Val Acc: 0.5222 | Time: 00:00:12
Epoch 015 | Seed 42 | Rate 0.10 | Train Loss: 1.4828 | Val Loss: 1.0870 | Acc (clean): 0.7928 | Acc (poison): 0.7279 | Val Acc: 0.6796 | Time: 00:00:13
Epoch 016 | Seed 42 | Rate 0.10 | Train Loss: 1.3920 | Val Loss: 0.9689 | Acc (clean): 0.7843 | Acc (poison): 0.7210 | Val Acc: 0.7419 | Time: 00:00:12
Epoch 017 | Seed 42 | Rate 0.10 | Train Loss: 1.4079 | Val Loss: 1.4013 | Acc (clean): 0.7923 | Acc (poison): 0.7301 | Val Acc: 0.6085 | Time: 00:00:13
Epoch 018 | Seed 42 | Rate 0.10 | Train Loss: 1.3573 | Val Loss: 1.2185 | Acc (clean): 0.7986 | Acc (poison): 0.7347 | Val Acc: 0.6548 | Time: 00:00:12
Epoch 019 | Seed 42 | Rate 0.10 | Train Loss: 1.3878 | Val Loss: 1.8313 | Acc (clean): 0.7986 | Acc (poison): 0.7332 | Val Acc: 0.4933 | Time: 00:00:12
Epoch 020 | Seed 42 | Rate 0.10 | Train Loss: 1.3751 | Val Loss: 0.8520 | Acc (clean): 0.7996 | Acc (poison): 0.7344 | Val Acc: 0.7722 | Time: 00:00:12
Epoch 021 | Seed 42 | Rate 0.10 | Train Loss: 1.3526 | Val Loss: 1.1823 | Acc (clean): 0.8015 | Acc (poison): 0.7355 | Val Acc: 0.6511 | Time: 00:00:12
Epoch 022 | Seed 42 | Rate 0.10 | Train Loss: 1.3165 | Val Loss: 1.3153 | Acc (clean): 0.7989 | Acc (poison): 0.7352 | Val Acc: 0.6263 | Time: 00:00:12
Epoch 023 | Seed 42 | Rate 0.10 | Train Loss: 1.3923 | Val Loss: 1.0803 | Acc (clean): 0.8126 | Acc (poison): 0.7477 | Val Acc: 0.7048 | Time: 00:00:12
Epoch 024 | Seed 42 | Rate 0.10 | Train Loss: 1.3403 | Val Loss: 0.8879 | Acc (clean): 0.8023 | Acc (poison): 0.7384 | Val Acc: 0.7607 | Time: 00:00:12
Epoch 025 | Seed 42 | Rate 0.10 | Train Loss: 1.3365 | Val Loss: 1.3779 | Acc (clean): 0.8079 | Acc (poison): 0.7413 | Val Acc: 0.6156 | Time: 00:00:13
Epoch 026 | Seed 42 | Rate 0.10 | Train Loss: 1.3646 | Val Loss: 1.3229 | Acc (clean): 0.8106 | Acc (poison): 0.7454 | Val Acc: 0.6119 | Time: 00:00:12
Epoch 027 | Seed 42 | Rate 0.10 | Train Loss: 1.3725 | Val Loss: 1.1020 | Acc (clean): 0.8132 | Acc (poison): 0.7469 | Val Acc: 0.6778 | Time: 00:00:13
Epoch 028 | Seed 42 | Rate 0.10 | Train Loss: 1.3978 | Val Loss: 1.2732 | Acc (clean): 0.8147 | Acc (poison): 0.7495 | Val Acc: 0.6496 | Time: 00:00:12
Epoch 029 | Seed 42 | Rate 0.10 | Train Loss: 1.3796 | Val Loss: 1.5956 | Acc (clean): 0.8135 | Acc (poison): 0.7481 | Val Acc: 0.5526 | Time: 00:00:12
Epoch 030 | Seed 42 | Rate 0.10 | Train Loss: 1.4302 | Val Loss: 2.0091 | Acc (clean): 0.8120 | Acc (poison): 0.7458 | Val Acc: 0.4307 | Time: 00:00:12
Epoch 031 | Seed 42 | Rate 0.10 | Train Loss: 1.3762 | Val Loss: 1.1398 | Acc (clean): 0.8083 | Acc (poison): 0.7430 | Val Acc: 0.6604 | Time: 00:00:12
Epoch 032 | Seed 42 | Rate 0.10 | Train Loss: 1.2834 | Val Loss: 0.9827 | Acc (clean): 0.8138 | Acc (poison): 0.7479 | Val Acc: 0.7156 | Time: 00:00:12
Epoch 033 | Seed 42 | Rate 0.10 | Train Loss: 1.3383 | Val Loss: 1.2074 | Acc (clean): 0.8098 | Acc (poison): 0.7428 | Val Acc: 0.6852 | Time: 00:00:12
Epoch 034 | Seed 42 | Rate 0.10 | Train Loss: 1.3863 | Val Loss: 1.1138 | Acc (clean): 0.8184 | Acc (poison): 0.7510 | Val Acc: 0.6778 | Time: 00:00:13
Epoch 035 | Seed 42 | Rate 0.10 | Train Loss: 1.3478 | Val Loss: 1.1001 | Acc (clean): 0.8156 | Acc (poison): 0.7487 | Val Acc: 0.6815 | Time: 00:00:13
Epoch 036 | Seed 42 | Rate 0.10 | Train Loss: 1.3745 | Val Loss: 1.3218 | Acc (clean): 0.8167 | Acc (poison): 0.7488 | Val Acc: 0.6148 | Time: 00:00:12
Epoch 037 | Seed 42 | Rate 0.10 | Train Loss: 1.3059 | Val Loss: 0.9073 | Acc (clean): 0.8180 | Acc (poison): 0.7516 | Val Acc: 0.7452 | Time: 00:00:12
Epoch 038 | Seed 42 | Rate 0.10 | Train Loss: 1.3423 | Val Loss: 1.2218 | Acc (clean): 0.8126 | Acc (poison): 0.7447 | Val Acc: 0.6733 | Time: 00:00:13
Epoch 039 | Seed 42 | Rate 0.10 | Train Loss: 1.2321 | Val Loss: 1.5328 | Acc (clean): 0.8161 | Acc (poison): 0.7514 | Val Acc: 0.5722 | Time: 00:00:12
Epoch 040 | Seed 42 | Rate 0.10 | Train Loss: 1.3359 | Val Loss: 1.1866 | Acc (clean): 0.8063 | Acc (poison): 0.7397 | Val Acc: 0.6804 | Time: 00:00:13
Epoch 041 | Seed 42 | Rate 0.10 | Train Loss: 1.2449 | Val Loss: 2.3099 | Acc (clean): 0.8177 | Acc (poison): 0.7510 | Val Acc: 0.4456 | Time: 00:00:13
Epoch 042 | Seed 42 | Rate 0.10 | Train Loss: 1.3754 | Val Loss: 1.3565 | Acc (clean): 0.8154 | Acc (poison): 0.7485 | Val Acc: 0.6259 | Time: 00:00:13
Epoch 043 | Seed 42 | Rate 0.10 | Train Loss: 1.3409 | Val Loss: 1.2538 | Acc (clean): 0.8247 | Acc (poison): 0.7567 | Val Acc: 0.6359 | Time: 00:00:13
Epoch 044 | Seed 42 | Rate 0.10 | Train Loss: 1.3732 | Val Loss: 1.0040 | Acc (clean): 0.8245 | Acc (poison): 0.7567 | Val Acc: 0.7189 | Time: 00:00:13
Epoch 045 | Seed 42 | Rate 0.10 | Train Loss: 1.2608 | Val Loss: 1.5427 | Acc (clean): 0.8190 | Acc (poison): 0.7512 | Val Acc: 0.5833 | Time: 00:00:13
Epoch 046 | Seed 42 | Rate 0.10 | Train Loss: 1.3291 | Val Loss: 1.2464 | Acc (clean): 0.8190 | Acc (poison): 0.7509 | Val Acc: 0.6522 | Time: 00:00:13
Epoch 047 | Seed 42 | Rate 0.10 | Train Loss: 1.3368 | Val Loss: 0.9865 | Acc (clean): 0.8216 | Acc (poison): 0.7533 | Val Acc: 0.7274 | Time: 00:00:12
Epoch 048 | Seed 42 | Rate 0.10 | Train Loss: 1.2912 | Val Loss: 0.9010 | Acc (clean): 0.8214 | Acc (poison): 0.7538 | Val Acc: 0.7615 | Time: 00:00:13
Epoch 049 | Seed 42 | Rate 0.10 | Train Loss: 1.3528 | Val Loss: 0.9613 | Acc (clean): 0.8167 | Acc (poison): 0.7497 | Val Acc: 0.7281 | Time: 00:00:12
Epoch 050 | Seed 42 | Rate 0.10 | Train Loss: 1.3310 | Val Loss: 1.6954 | Acc (clean): 0.8189 | Acc (poison): 0.7515 | Val Acc: 0.4985 | Time: 00:00:13
Epoch 051 | Seed 42 | Rate 0.10 | Train Loss: 1.1900 | Val Loss: 0.5103 | Acc (clean): 0.8813 | Acc (poison): 0.8045 | Val Acc: 0.8752 | Time: 00:00:12
Epoch 052 | Seed 42 | Rate 0.10 | Train Loss: 1.1158 | Val Loss: 0.5436 | Acc (clean): 0.9063 | Acc (poison): 0.8285 | Val Acc: 0.8763 | Time: 00:00:13
Epoch 053 | Seed 42 | Rate 0.10 | Train Loss: 1.0645 | Val Loss: 0.6030 | Acc (clean): 0.9144 | Acc (poison): 0.8343 | Val Acc: 0.8763 | Time: 00:00:13
Epoch 054 | Seed 42 | Rate 0.10 | Train Loss: 1.0292 | Val Loss: 0.5430 | Acc (clean): 0.9203 | Acc (poison): 0.8398 | Val Acc: 0.8833 | Time: 00:00:13
Epoch 055 | Seed 42 | Rate 0.10 | Train Loss: 1.0324 | Val Loss: 0.5089 | Acc (clean): 0.9214 | Acc (poison): 0.8426 | Val Acc: 0.8848 | Time: 00:00:13
Epoch 056 | Seed 42 | Rate 0.10 | Train Loss: 1.0561 | Val Loss: 0.4439 | Acc (clean): 0.9241 | Acc (poison): 0.8453 | Val Acc: 0.8963 | Time: 00:00:13
Epoch 057 | Seed 42 | Rate 0.10 | Train Loss: 1.0589 | Val Loss: 0.4767 | Acc (clean): 0.9282 | Acc (poison): 0.8479 | Val Acc: 0.8919 | Time: 00:00:13
Epoch 058 | Seed 42 | Rate 0.10 | Train Loss: 1.0823 | Val Loss: 0.4747 | Acc (clean): 0.9285 | Acc (poison): 0.8490 | Val Acc: 0.8889 | Time: 00:00:13
Epoch 059 | Seed 42 | Rate 0.10 | Train Loss: 1.0526 | Val Loss: 0.4803 | Acc (clean): 0.9301 | Acc (poison): 0.8505 | Val Acc: 0.8870 | Time: 00:00:13
Epoch 060 | Seed 42 | Rate 0.10 | Train Loss: 0.9766 | Val Loss: 0.5747 | Acc (clean): 0.9337 | Acc (poison): 0.8539 | Val Acc: 0.8800 | Time: 00:00:13
Epoch 061 | Seed 42 | Rate 0.10 | Train Loss: 1.0077 | Val Loss: 0.4757 | Acc (clean): 0.9355 | Acc (poison): 0.8549 | Val Acc: 0.8885 | Time: 00:00:13
Epoch 062 | Seed 42 | Rate 0.10 | Train Loss: 0.8864 | Val Loss: 0.4414 | Acc (clean): 0.9376 | Acc (poison): 0.8577 | Val Acc: 0.8959 | Time: 00:00:13
Epoch 063 | Seed 42 | Rate 0.10 | Train Loss: 0.9624 | Val Loss: 0.4849 | Acc (clean): 0.9355 | Acc (poison): 0.8573 | Val Acc: 0.8941 | Time: 00:00:13
Epoch 064 | Seed 42 | Rate 0.10 | Train Loss: 1.0364 | Val Loss: 0.4476 | Acc (clean): 0.9352 | Acc (poison): 0.8587 | Val Acc: 0.9015 | Time: 00:00:14
Epoch 065 | Seed 42 | Rate 0.10 | Train Loss: 0.9989 | Val Loss: 0.4857 | Acc (clean): 0.9397 | Acc (poison): 0.8625 | Val Acc: 0.8852 | Time: 00:00:13
Epoch 066 | Seed 42 | Rate 0.10 | Train Loss: 0.9845 | Val Loss: 0.4681 | Acc (clean): 0.9383 | Acc (poison): 0.8619 | Val Acc: 0.8926 | Time: 00:00:13
Epoch 067 | Seed 42 | Rate 0.10 | Train Loss: 0.9628 | Val Loss: 0.4799 | Acc (clean): 0.9395 | Acc (poison): 0.8649 | Val Acc: 0.8904 | Time: 00:00:13
Epoch 068 | Seed 42 | Rate 0.10 | Train Loss: 0.9665 | Val Loss: 0.4075 | Acc (clean): 0.9411 | Acc (poison): 0.8654 | Val Acc: 0.8959 | Time: 00:00:13
Epoch 069 | Seed 42 | Rate 0.10 | Train Loss: 0.9649 | Val Loss: 0.4508 | Acc (clean): 0.9423 | Acc (poison): 0.8661 | Val Acc: 0.8915 | Time: 00:00:13
Epoch 070 | Seed 42 | Rate 0.10 | Train Loss: 1.0094 | Val Loss: 0.4746 | Acc (clean): 0.9379 | Acc (poison): 0.8648 | Val Acc: 0.8856 | Time: 00:00:13
Epoch 071 | Seed 42 | Rate 0.10 | Train Loss: 1.0008 | Val Loss: 0.5234 | Acc (clean): 0.9395 | Acc (poison): 0.8661 | Val Acc: 0.8893 | Time: 00:00:13
Epoch 072 | Seed 42 | Rate 0.10 | Train Loss: 0.9533 | Val Loss: 0.4184 | Acc (clean): 0.9407 | Acc (poison): 0.8681 | Val Acc: 0.8993 | Time: 00:00:13
Epoch 073 | Seed 42 | Rate 0.10 | Train Loss: 0.9661 | Val Loss: 0.4362 | Acc (clean): 0.9385 | Acc (poison): 0.8690 | Val Acc: 0.9041 | Time: 00:00:13
Epoch 074 | Seed 42 | Rate 0.10 | Train Loss: 1.0027 | Val Loss: 0.4733 | Acc (clean): 0.9427 | Acc (poison): 0.8706 | Val Acc: 0.8778 | Time: 00:00:13
Epoch 075 | Seed 42 | Rate 0.10 | Train Loss: 0.9759 | Val Loss: 0.4641 | Acc (clean): 0.9414 | Acc (poison): 0.8704 | Val Acc: 0.8848 | Time: 00:00:13
Epoch 076 | Seed 42 | Rate 0.10 | Train Loss: 0.8949 | Val Loss: 0.4068 | Acc (clean): 0.9519 | Acc (poison): 0.8817 | Val Acc: 0.9081 | Time: 00:00:13
Epoch 077 | Seed 42 | Rate 0.10 | Train Loss: 0.8842 | Val Loss: 0.4201 | Acc (clean): 0.9558 | Acc (poison): 0.8870 | Val Acc: 0.9044 | Time: 00:00:13
Epoch 078 | Seed 42 | Rate 0.10 | Train Loss: 0.9092 | Val Loss: 0.4047 | Acc (clean): 0.9580 | Acc (poison): 0.8886 | Val Acc: 0.9089 | Time: 00:00:13
Epoch 079 | Seed 42 | Rate 0.10 | Train Loss: 0.9258 | Val Loss: 0.4359 | Acc (clean): 0.9567 | Acc (poison): 0.8889 | Val Acc: 0.9052 | Time: 00:00:13
Epoch 080 | Seed 42 | Rate 0.10 | Train Loss: 0.8845 | Val Loss: 0.3820 | Acc (clean): 0.9578 | Acc (poison): 0.8889 | Val Acc: 0.9107 | Time: 00:00:13
Epoch 081 | Seed 42 | Rate 0.10 | Train Loss: 0.7852 | Val Loss: 0.3861 | Acc (clean): 0.9579 | Acc (poison): 0.8903 | Val Acc: 0.9100 | Time: 00:00:13
Epoch 082 | Seed 42 | Rate 0.10 | Train Loss: 0.9679 | Val Loss: 0.4180 | Acc (clean): 0.9576 | Acc (poison): 0.8904 | Val Acc: 0.9037 | Time: 00:00:13
Epoch 083 | Seed 42 | Rate 0.10 | Train Loss: 0.8184 | Val Loss: 0.4480 | Acc (clean): 0.9579 | Acc (poison): 0.8910 | Val Acc: 0.9067 | Time: 00:00:13
Epoch 084 | Seed 42 | Rate 0.10 | Train Loss: 0.8680 | Val Loss: 0.3934 | Acc (clean): 0.9580 | Acc (poison): 0.8915 | Val Acc: 0.9048 | Time: 00:00:13
Epoch 085 | Seed 42 | Rate 0.10 | Train Loss: 0.8106 | Val Loss: 0.3793 | Acc (clean): 0.9583 | Acc (poison): 0.8926 | Val Acc: 0.9115 | Time: 00:00:13
Epoch 086 | Seed 42 | Rate 0.10 | Train Loss: 0.9307 | Val Loss: 0.4042 | Acc (clean): 0.9579 | Acc (poison): 0.8937 | Val Acc: 0.9100 | Time: 00:00:13
Epoch 087 | Seed 42 | Rate 0.10 | Train Loss: 0.8881 | Val Loss: 0.4733 | Acc (clean): 0.9570 | Acc (poison): 0.8932 | Val Acc: 0.9004 | Time: 00:00:13
Epoch 088 | Seed 42 | Rate 0.10 | Train Loss: 0.9076 | Val Loss: 0.3945 | Acc (clean): 0.9573 | Acc (poison): 0.8943 | Val Acc: 0.9074 | Time: 00:00:13
Epoch 089 | Seed 42 | Rate 0.10 | Train Loss: 0.8741 | Val Loss: 0.4294 | Acc (clean): 0.9560 | Acc (poison): 0.8946 | Val Acc: 0.9056 | Time: 00:00:13
Epoch 090 | Seed 42 | Rate 0.10 | Train Loss: 0.8400 | Val Loss: 0.3759 | Acc (clean): 0.9569 | Acc (poison): 0.8948 | Val Acc: 0.9107 | Time: 00:00:13
Epoch 091 | Seed 42 | Rate 0.10 | Train Loss: 0.9406 | Val Loss: 0.5289 | Acc (clean): 0.9598 | Acc (poison): 0.8954 | Val Acc: 0.8930 | Time: 00:00:13
Epoch 092 | Seed 42 | Rate 0.10 | Train Loss: 0.8761 | Val Loss: 0.4192 | Acc (clean): 0.9581 | Acc (poison): 0.8956 | Val Acc: 0.9044 | Time: 00:00:13
Epoch 093 | Seed 42 | Rate 0.10 | Train Loss: 0.9042 | Val Loss: 0.4111 | Acc (clean): 0.9582 | Acc (poison): 0.8960 | Val Acc: 0.9044 | Time: 00:00:13
Epoch 094 | Seed 42 | Rate 0.10 | Train Loss: 0.9670 | Val Loss: 0.4974 | Acc (clean): 0.9570 | Acc (poison): 0.8969 | Val Acc: 0.8970 | Time: 00:00:13
Epoch 095 | Seed 42 | Rate 0.10 | Train Loss: 0.8464 | Val Loss: 0.3774 | Acc (clean): 0.9561 | Acc (poison): 0.8968 | Val Acc: 0.9063 | Time: 00:00:12
Epoch 096 | Seed 42 | Rate 0.10 | Train Loss: 0.7556 | Val Loss: 0.4364 | Acc (clean): 0.9575 | Acc (poison): 0.8974 | Val Acc: 0.9037 | Time: 00:00:12
Epoch 097 | Seed 42 | Rate 0.10 | Train Loss: 0.8127 | Val Loss: 0.3851 | Acc (clean): 0.9580 | Acc (poison): 0.9004 | Val Acc: 0.9070 | Time: 00:00:13
Epoch 098 | Seed 42 | Rate 0.10 | Train Loss: 0.9272 | Val Loss: 0.4035 | Acc (clean): 0.9570 | Acc (poison): 0.9000 | Val Acc: 0.9019 | Time: 00:00:13
Epoch 099 | Seed 42 | Rate 0.10 | Train Loss: 0.9518 | Val Loss: 0.3999 | Acc (clean): 0.9569 | Acc (poison): 0.8983 | Val Acc: 0.8996 | Time: 00:00:13
Epoch 100 | Seed 42 | Rate 0.10 | Train Loss: 0.9133 | Val Loss: 0.4558 | Acc (clean): 0.9556 | Acc (poison): 0.8991 | Val Acc: 0.8922 | Time: 00:00:13

=== defense=mixup attack=RQ2 seed=42 rate=0.2 ===
Loading train data from /home/yazanme/BachelorThesis/BachelorThesis/data/processed/resisc45/train.h5 with mapping /home/yazanme/BachelorThesis/BachelorThesis/data/processed/resisc45/poisoned/RQ2/seed_42/labels_0.20.pt... (in_memory=True, workers=4)
Testing torch.compile support...
Successfully compiled model using torch.compile.
Epoch 001 | Seed 42 | Rate 0.20 | Train Loss: 3.1825 | Val Loss: 2.5560 | Acc (clean): 0.2097 | Acc (poison): 0.1985 | Val Acc: 0.2874 | Time: 00:00:13
Epoch 002 | Seed 42 | Rate 0.20 | Train Loss: 2.5308 | Val Loss: 2.2259 | Acc (clean): 0.3877 | Acc (poison): 0.3555 | Val Acc: 0.3837 | Time: 00:00:12
Epoch 003 | Seed 42 | Rate 0.20 | Train Loss: 2.3135 | Val Loss: 2.3027 | Acc (clean): 0.4591 | Acc (poison): 0.4201 | Val Acc: 0.3593 | Time: 00:00:13
Epoch 004 | Seed 42 | Rate 0.20 | Train Loss: 2.1690 | Val Loss: 1.7027 | Acc (clean): 0.5238 | Acc (poison): 0.4700 | Val Acc: 0.4974 | Time: 00:00:12
Epoch 005 | Seed 42 | Rate 0.20 | Train Loss: 2.0008 | Val Loss: 1.7279 | Acc (clean): 0.5635 | Acc (poison): 0.5026 | Val Acc: 0.4911 | Time: 00:00:13
Epoch 006 | Seed 42 | Rate 0.20 | Train Loss: 1.8940 | Val Loss: 1.5779 | Acc (clean): 0.5971 | Acc (poison): 0.5293 | Val Acc: 0.5274 | Time: 00:00:13
Epoch 007 | Seed 42 | Rate 0.20 | Train Loss: 1.7910 | Val Loss: 1.4172 | Acc (clean): 0.6316 | Acc (poison): 0.5560 | Val Acc: 0.5674 | Time: 00:00:13
Epoch 008 | Seed 42 | Rate 0.20 | Train Loss: 1.7264 | Val Loss: 1.6726 | Acc (clean): 0.6616 | Acc (poison): 0.5808 | Val Acc: 0.5037 | Time: 00:00:12
Epoch 009 | Seed 42 | Rate 0.20 | Train Loss: 1.7490 | Val Loss: 1.6590 | Acc (clean): 0.6748 | Acc (poison): 0.5938 | Val Acc: 0.5115 | Time: 00:00:13
Epoch 010 | Seed 42 | Rate 0.20 | Train Loss: 1.6680 | Val Loss: 1.8705 | Acc (clean): 0.6982 | Acc (poison): 0.6073 | Val Acc: 0.4393 | Time: 00:00:13
Epoch 011 | Seed 42 | Rate 0.20 | Train Loss: 1.6183 | Val Loss: 1.2047 | Acc (clean): 0.7042 | Acc (poison): 0.6112 | Val Acc: 0.6541 | Time: 00:00:12
Epoch 012 | Seed 42 | Rate 0.20 | Train Loss: 1.6479 | Val Loss: 1.3693 | Acc (clean): 0.7177 | Acc (poison): 0.6224 | Val Acc: 0.5863 | Time: 00:00:13
Epoch 013 | Seed 42 | Rate 0.20 | Train Loss: 1.4865 | Val Loss: 1.3796 | Acc (clean): 0.7204 | Acc (poison): 0.6258 | Val Acc: 0.6248 | Time: 00:00:13
Epoch 014 | Seed 42 | Rate 0.20 | Train Loss: 1.5588 | Val Loss: 1.6181 | Acc (clean): 0.7234 | Acc (poison): 0.6290 | Val Acc: 0.5552 | Time: 00:00:13
Epoch 015 | Seed 42 | Rate 0.20 | Train Loss: 1.5846 | Val Loss: 1.1054 | Acc (clean): 0.7337 | Acc (poison): 0.6360 | Val Acc: 0.6652 | Time: 00:00:13
Epoch 016 | Seed 42 | Rate 0.20 | Train Loss: 1.4919 | Val Loss: 1.2756 | Acc (clean): 0.7376 | Acc (poison): 0.6360 | Val Acc: 0.6356 | Time: 00:00:12
Epoch 017 | Seed 42 | Rate 0.20 | Train Loss: 1.5211 | Val Loss: 1.6549 | Acc (clean): 0.7362 | Acc (poison): 0.6370 | Val Acc: 0.5370 | Time: 00:00:13
Epoch 018 | Seed 42 | Rate 0.20 | Train Loss: 1.4721 | Val Loss: 1.1827 | Acc (clean): 0.7364 | Acc (poison): 0.6389 | Val Acc: 0.6915 | Time: 00:00:13
Epoch 019 | Seed 42 | Rate 0.20 | Train Loss: 1.4953 | Val Loss: 1.1811 | Acc (clean): 0.7396 | Acc (poison): 0.6436 | Val Acc: 0.6404 | Time: 00:00:12
Epoch 020 | Seed 42 | Rate 0.20 | Train Loss: 1.4721 | Val Loss: 1.4341 | Acc (clean): 0.7465 | Acc (poison): 0.6479 | Val Acc: 0.5978 | Time: 00:00:13
Epoch 021 | Seed 42 | Rate 0.20 | Train Loss: 1.4560 | Val Loss: 0.9879 | Acc (clean): 0.7453 | Acc (poison): 0.6470 | Val Acc: 0.6893 | Time: 00:00:13
Epoch 022 | Seed 42 | Rate 0.20 | Train Loss: 1.4189 | Val Loss: 1.1675 | Acc (clean): 0.7401 | Acc (poison): 0.6402 | Val Acc: 0.6519 | Time: 00:00:13
Epoch 023 | Seed 42 | Rate 0.20 | Train Loss: 1.5027 | Val Loss: 1.3757 | Acc (clean): 0.7445 | Acc (poison): 0.6476 | Val Acc: 0.6078 | Time: 00:00:13
Epoch 024 | Seed 42 | Rate 0.20 | Train Loss: 1.4416 | Val Loss: 1.1790 | Acc (clean): 0.7491 | Acc (poison): 0.6469 | Val Acc: 0.6481 | Time: 00:00:13
Epoch 025 | Seed 42 | Rate 0.20 | Train Loss: 1.4433 | Val Loss: 1.0741 | Acc (clean): 0.7489 | Acc (poison): 0.6475 | Val Acc: 0.7056 | Time: 00:00:13
Epoch 026 | Seed 42 | Rate 0.20 | Train Loss: 1.4711 | Val Loss: 1.0286 | Acc (clean): 0.7512 | Acc (poison): 0.6517 | Val Acc: 0.6756 | Time: 00:00:13
Epoch 027 | Seed 42 | Rate 0.20 | Train Loss: 1.4846 | Val Loss: 1.0584 | Acc (clean): 0.7544 | Acc (poison): 0.6513 | Val Acc: 0.7048 | Time: 00:00:13
Epoch 028 | Seed 42 | Rate 0.20 | Train Loss: 1.5125 | Val Loss: 1.1852 | Acc (clean): 0.7495 | Acc (poison): 0.6510 | Val Acc: 0.6633 | Time: 00:00:13
Epoch 029 | Seed 42 | Rate 0.20 | Train Loss: 1.4904 | Val Loss: 1.1779 | Acc (clean): 0.7584 | Acc (poison): 0.6548 | Val Acc: 0.6593 | Time: 00:00:13
Epoch 030 | Seed 42 | Rate 0.20 | Train Loss: 1.5297 | Val Loss: 1.1015 | Acc (clean): 0.7573 | Acc (poison): 0.6544 | Val Acc: 0.6900 | Time: 00:00:13
Epoch 031 | Seed 42 | Rate 0.20 | Train Loss: 1.4758 | Val Loss: 1.2467 | Acc (clean): 0.7614 | Acc (poison): 0.6563 | Val Acc: 0.6137 | Time: 00:00:13
Epoch 032 | Seed 42 | Rate 0.20 | Train Loss: 1.3898 | Val Loss: 1.5386 | Acc (clean): 0.7544 | Acc (poison): 0.6524 | Val Acc: 0.5485 | Time: 00:00:13
Epoch 033 | Seed 42 | Rate 0.20 | Train Loss: 1.4486 | Val Loss: 1.0449 | Acc (clean): 0.7509 | Acc (poison): 0.6513 | Val Acc: 0.6900 | Time: 00:00:13
Epoch 034 | Seed 42 | Rate 0.20 | Train Loss: 1.4833 | Val Loss: 1.0973 | Acc (clean): 0.7675 | Acc (poison): 0.6600 | Val Acc: 0.6785 | Time: 00:00:13
Epoch 035 | Seed 42 | Rate 0.20 | Train Loss: 1.4448 | Val Loss: 1.4417 | Acc (clean): 0.7643 | Acc (poison): 0.6605 | Val Acc: 0.5893 | Time: 00:00:13
Epoch 036 | Seed 42 | Rate 0.20 | Train Loss: 1.4771 | Val Loss: 1.2573 | Acc (clean): 0.7574 | Acc (poison): 0.6541 | Val Acc: 0.6289 | Time: 00:00:13
Epoch 037 | Seed 42 | Rate 0.20 | Train Loss: 1.4162 | Val Loss: 1.3318 | Acc (clean): 0.7649 | Acc (poison): 0.6591 | Val Acc: 0.5815 | Time: 00:00:13
Epoch 038 | Seed 42 | Rate 0.20 | Train Loss: 1.4390 | Val Loss: 1.1847 | Acc (clean): 0.7564 | Acc (poison): 0.6521 | Val Acc: 0.6737 | Time: 00:00:13
Epoch 039 | Seed 42 | Rate 0.20 | Train Loss: 1.3353 | Val Loss: 1.1462 | Acc (clean): 0.7632 | Acc (poison): 0.6571 | Val Acc: 0.6426 | Time: 00:00:13
Epoch 040 | Seed 42 | Rate 0.20 | Train Loss: 1.4054 | Val Loss: 1.1212 | Acc (clean): 0.7642 | Acc (poison): 0.6564 | Val Acc: 0.6522 | Time: 00:00:13
Epoch 041 | Seed 42 | Rate 0.20 | Train Loss: 1.3528 | Val Loss: 1.3456 | Acc (clean): 0.7605 | Acc (poison): 0.6576 | Val Acc: 0.5881 | Time: 00:00:13
Epoch 042 | Seed 42 | Rate 0.20 | Train Loss: 1.4736 | Val Loss: 1.6006 | Acc (clean): 0.7673 | Acc (poison): 0.6617 | Val Acc: 0.5496 | Time: 00:00:13
Epoch 043 | Seed 42 | Rate 0.20 | Train Loss: 1.4508 | Val Loss: 1.0126 | Acc (clean): 0.7659 | Acc (poison): 0.6601 | Val Acc: 0.7030 | Time: 00:00:13
Epoch 044 | Seed 42 | Rate 0.20 | Train Loss: 1.4612 | Val Loss: 0.8970 | Acc (clean): 0.7760 | Acc (poison): 0.6650 | Val Acc: 0.7344 | Time: 00:00:13
Epoch 045 | Seed 42 | Rate 0.20 | Train Loss: 1.3770 | Val Loss: 1.2100 | Acc (clean): 0.7584 | Acc (poison): 0.6547 | Val Acc: 0.6356 | Time: 00:00:13
Epoch 046 | Seed 42 | Rate 0.20 | Train Loss: 1.4276 | Val Loss: 1.1583 | Acc (clean): 0.7658 | Acc (poison): 0.6560 | Val Acc: 0.6307 | Time: 00:00:13
Epoch 047 | Seed 42 | Rate 0.20 | Train Loss: 1.4360 | Val Loss: 1.3608 | Acc (clean): 0.7745 | Acc (poison): 0.6665 | Val Acc: 0.6056 | Time: 00:00:13
Epoch 048 | Seed 42 | Rate 0.20 | Train Loss: 1.3813 | Val Loss: 1.2499 | Acc (clean): 0.7682 | Acc (poison): 0.6630 | Val Acc: 0.6300 | Time: 00:00:13
Epoch 049 | Seed 42 | Rate 0.20 | Train Loss: 1.4534 | Val Loss: 3.1900 | Acc (clean): 0.7694 | Acc (poison): 0.6633 | Val Acc: 0.2596 | Time: 00:00:13
Epoch 050 | Seed 42 | Rate 0.20 | Train Loss: 1.4290 | Val Loss: 1.1350 | Acc (clean): 0.7629 | Acc (poison): 0.6527 | Val Acc: 0.6859 | Time: 00:00:13
Epoch 051 | Seed 42 | Rate 0.20 | Train Loss: 1.2881 | Val Loss: 0.6219 | Acc (clean): 0.8525 | Acc (poison): 0.7184 | Val Acc: 0.8541 | Time: 00:00:13
Epoch 052 | Seed 42 | Rate 0.20 | Train Loss: 1.2276 | Val Loss: 0.6453 | Acc (clean): 0.8753 | Acc (poison): 0.7326 | Val Acc: 0.8474 | Time: 00:00:13
Epoch 053 | Seed 42 | Rate 0.20 | Train Loss: 1.1796 | Val Loss: 0.6981 | Acc (clean): 0.8831 | Acc (poison): 0.7405 | Val Acc: 0.8567 | Time: 00:00:13
Epoch 054 | Seed 42 | Rate 0.20 | Train Loss: 1.1442 | Val Loss: 0.6360 | Acc (clean): 0.8856 | Acc (poison): 0.7422 | Val Acc: 0.8607 | Time: 00:00:13
Epoch 055 | Seed 42 | Rate 0.20 | Train Loss: 1.1542 | Val Loss: 0.6282 | Acc (clean): 0.8897 | Acc (poison): 0.7460 | Val Acc: 0.8541 | Time: 00:00:13
Epoch 056 | Seed 42 | Rate 0.20 | Train Loss: 1.1763 | Val Loss: 0.5923 | Acc (clean): 0.8926 | Acc (poison): 0.7487 | Val Acc: 0.8604 | Time: 00:00:12
Epoch 057 | Seed 42 | Rate 0.20 | Train Loss: 1.1709 | Val Loss: 0.6009 | Acc (clean): 0.8950 | Acc (poison): 0.7532 | Val Acc: 0.8656 | Time: 00:00:13
Epoch 058 | Seed 42 | Rate 0.20 | Train Loss: 1.1906 | Val Loss: 0.6180 | Acc (clean): 0.8932 | Acc (poison): 0.7518 | Val Acc: 0.8596 | Time: 00:00:13
Epoch 059 | Seed 42 | Rate 0.20 | Train Loss: 1.1700 | Val Loss: 0.6132 | Acc (clean): 0.8989 | Acc (poison): 0.7561 | Val Acc: 0.8607 | Time: 00:00:13
Epoch 060 | Seed 42 | Rate 0.20 | Train Loss: 1.0973 | Val Loss: 0.6399 | Acc (clean): 0.8984 | Acc (poison): 0.7574 | Val Acc: 0.8541 | Time: 00:00:13
Epoch 061 | Seed 42 | Rate 0.20 | Train Loss: 1.1275 | Val Loss: 0.6141 | Acc (clean): 0.8991 | Acc (poison): 0.7597 | Val Acc: 0.8626 | Time: 00:00:13
Epoch 062 | Seed 42 | Rate 0.20 | Train Loss: 1.0099 | Val Loss: 0.5630 | Acc (clean): 0.8974 | Acc (poison): 0.7563 | Val Acc: 0.8744 | Time: 00:00:13
Epoch 063 | Seed 42 | Rate 0.20 | Train Loss: 1.0846 | Val Loss: 0.6034 | Acc (clean): 0.9004 | Acc (poison): 0.7644 | Val Acc: 0.8626 | Time: 00:00:13
Epoch 064 | Seed 42 | Rate 0.20 | Train Loss: 1.1504 | Val Loss: 0.5671 | Acc (clean): 0.8997 | Acc (poison): 0.7627 | Val Acc: 0.8641 | Time: 00:00:13
Epoch 065 | Seed 42 | Rate 0.20 | Train Loss: 1.1207 | Val Loss: 0.5948 | Acc (clean): 0.9022 | Acc (poison): 0.7672 | Val Acc: 0.8622 | Time: 00:00:13
Epoch 066 | Seed 42 | Rate 0.20 | Train Loss: 1.1045 | Val Loss: 0.5759 | Acc (clean): 0.9013 | Acc (poison): 0.7644 | Val Acc: 0.8670 | Time: 00:00:12
Epoch 067 | Seed 42 | Rate 0.20 | Train Loss: 1.0866 | Val Loss: 0.6066 | Acc (clean): 0.9020 | Acc (poison): 0.7661 | Val Acc: 0.8530 | Time: 00:00:13
Epoch 068 | Seed 42 | Rate 0.20 | Train Loss: 1.0851 | Val Loss: 0.5495 | Acc (clean): 0.9024 | Acc (poison): 0.7710 | Val Acc: 0.8659 | Time: 00:00:13
Epoch 069 | Seed 42 | Rate 0.20 | Train Loss: 1.0832 | Val Loss: 0.5758 | Acc (clean): 0.9022 | Acc (poison): 0.7698 | Val Acc: 0.8548 | Time: 00:00:13
Epoch 070 | Seed 42 | Rate 0.20 | Train Loss: 1.1229 | Val Loss: 0.5931 | Acc (clean): 0.9000 | Acc (poison): 0.7698 | Val Acc: 0.8474 | Time: 00:00:13
Epoch 071 | Seed 42 | Rate 0.20 | Train Loss: 1.1169 | Val Loss: 0.6191 | Acc (clean): 0.8970 | Acc (poison): 0.7696 | Val Acc: 0.8548 | Time: 00:00:13
Epoch 072 | Seed 42 | Rate 0.20 | Train Loss: 1.0710 | Val Loss: 0.5486 | Acc (clean): 0.9026 | Acc (poison): 0.7740 | Val Acc: 0.8678 | Time: 00:00:13
Epoch 073 | Seed 42 | Rate 0.20 | Train Loss: 1.0837 | Val Loss: 0.5573 | Acc (clean): 0.9001 | Acc (poison): 0.7727 | Val Acc: 0.8574 | Time: 00:00:13
Epoch 074 | Seed 42 | Rate 0.20 | Train Loss: 1.1178 | Val Loss: 0.5733 | Acc (clean): 0.9033 | Acc (poison): 0.7749 | Val Acc: 0.8552 | Time: 00:00:13
Epoch 075 | Seed 42 | Rate 0.20 | Train Loss: 1.0917 | Val Loss: 0.5584 | Acc (clean): 0.8980 | Acc (poison): 0.7751 | Val Acc: 0.8663 | Time: 00:00:13
Epoch 076 | Seed 42 | Rate 0.20 | Train Loss: 1.0142 | Val Loss: 0.5356 | Acc (clean): 0.9154 | Acc (poison): 0.7883 | Val Acc: 0.8793 | Time: 00:00:13
Epoch 077 | Seed 42 | Rate 0.20 | Train Loss: 1.0047 | Val Loss: 0.5422 | Acc (clean): 0.9183 | Acc (poison): 0.7925 | Val Acc: 0.8767 | Time: 00:00:13
Epoch 078 | Seed 42 | Rate 0.20 | Train Loss: 1.0307 | Val Loss: 0.5324 | Acc (clean): 0.9202 | Acc (poison): 0.7933 | Val Acc: 0.8796 | Time: 00:00:13
Epoch 079 | Seed 42 | Rate 0.20 | Train Loss: 1.0441 | Val Loss: 0.5507 | Acc (clean): 0.9191 | Acc (poison): 0.7927 | Val Acc: 0.8719 | Time: 00:00:13
Epoch 080 | Seed 42 | Rate 0.20 | Train Loss: 1.0079 | Val Loss: 0.5141 | Acc (clean): 0.9202 | Acc (poison): 0.7956 | Val Acc: 0.8830 | Time: 00:00:13
Epoch 081 | Seed 42 | Rate 0.20 | Train Loss: 0.9108 | Val Loss: 0.5195 | Acc (clean): 0.9170 | Acc (poison): 0.7960 | Val Acc: 0.8781 | Time: 00:00:13
Epoch 082 | Seed 42 | Rate 0.20 | Train Loss: 1.0852 | Val Loss: 0.5444 | Acc (clean): 0.9191 | Acc (poison): 0.7949 | Val Acc: 0.8696 | Time: 00:00:12
Epoch 083 | Seed 42 | Rate 0.20 | Train Loss: 0.9428 | Val Loss: 0.5734 | Acc (clean): 0.9198 | Acc (poison): 0.7985 | Val Acc: 0.8648 | Time: 00:00:13
Epoch 084 | Seed 42 | Rate 0.20 | Train Loss: 0.9912 | Val Loss: 0.5238 | Acc (clean): 0.9166 | Acc (poison): 0.7982 | Val Acc: 0.8811 | Time: 00:00:13
Epoch 085 | Seed 42 | Rate 0.20 | Train Loss: 0.9375 | Val Loss: 0.5080 | Acc (clean): 0.9192 | Acc (poison): 0.7976 | Val Acc: 0.8844 | Time: 00:00:13
Epoch 086 | Seed 42 | Rate 0.20 | Train Loss: 1.0508 | Val Loss: 0.5304 | Acc (clean): 0.9176 | Acc (poison): 0.8017 | Val Acc: 0.8767 | Time: 00:00:13
Epoch 087 | Seed 42 | Rate 0.20 | Train Loss: 1.0064 | Val Loss: 0.5803 | Acc (clean): 0.9149 | Acc (poison): 0.8021 | Val Acc: 0.8644 | Time: 00:00:13
Epoch 088 | Seed 42 | Rate 0.20 | Train Loss: 1.0238 | Val Loss: 0.5216 | Acc (clean): 0.9164 | Acc (poison): 0.8013 | Val Acc: 0.8744 | Time: 00:00:13
Epoch 089 | Seed 42 | Rate 0.20 | Train Loss: 0.9998 | Val Loss: 0.5534 | Acc (clean): 0.9172 | Acc (poison): 0.8018 | Val Acc: 0.8685 | Time: 00:00:13
Epoch 090 | Seed 42 | Rate 0.20 | Train Loss: 0.9600 | Val Loss: 0.5071 | Acc (clean): 0.9152 | Acc (poison): 0.8026 | Val Acc: 0.8830 | Time: 00:00:13
Epoch 091 | Seed 42 | Rate 0.20 | Train Loss: 1.0557 | Val Loss: 0.6347 | Acc (clean): 0.9167 | Acc (poison): 0.8036 | Val Acc: 0.8526 | Time: 00:00:13
Epoch 092 | Seed 42 | Rate 0.20 | Train Loss: 0.9945 | Val Loss: 0.5413 | Acc (clean): 0.9158 | Acc (poison): 0.8049 | Val Acc: 0.8670 | Time: 00:00:13
Epoch 093 | Seed 42 | Rate 0.20 | Train Loss: 1.0268 | Val Loss: 0.5396 | Acc (clean): 0.9155 | Acc (poison): 0.8065 | Val Acc: 0.8700 | Time: 00:00:13
Epoch 094 | Seed 42 | Rate 0.20 | Train Loss: 1.0861 | Val Loss: 0.6178 | Acc (clean): 0.9130 | Acc (poison): 0.8069 | Val Acc: 0.8533 | Time: 00:00:13
Epoch 095 | Seed 42 | Rate 0.20 | Train Loss: 0.9720 | Val Loss: 0.5139 | Acc (clean): 0.9125 | Acc (poison): 0.8055 | Val Acc: 0.8722 | Time: 00:00:12
Epoch 096 | Seed 42 | Rate 0.20 | Train Loss: 0.8837 | Val Loss: 0.5603 | Acc (clean): 0.9128 | Acc (poison): 0.8053 | Val Acc: 0.8604 | Time: 00:00:12
Epoch 097 | Seed 42 | Rate 0.20 | Train Loss: 0.9373 | Val Loss: 0.5173 | Acc (clean): 0.9150 | Acc (poison): 0.8096 | Val Acc: 0.8748 | Time: 00:00:12
Epoch 098 | Seed 42 | Rate 0.20 | Train Loss: 1.0509 | Val Loss: 0.5334 | Acc (clean): 0.9117 | Acc (poison): 0.8078 | Val Acc: 0.8678 | Time: 00:00:12
Epoch 099 | Seed 42 | Rate 0.20 | Train Loss: 1.0717 | Val Loss: 0.5319 | Acc (clean): 0.9134 | Acc (poison): 0.8094 | Val Acc: 0.8637 | Time: 00:00:12
Epoch 100 | Seed 42 | Rate 0.20 | Train Loss: 1.0349 | Val Loss: 0.5703 | Acc (clean): 0.9107 | Acc (poison): 0.8086 | Val Acc: 0.8530 | Time: 00:00:12

Endzeit: 2026-08-08 15:19:45 CEST
Laufzeit: 04:19:02
Exit-Code: 0

Abgeschlossene Laeufe fuer Seed 42 (erwartet: 11):
/home/yazanme/BachelorThesis/BachelorThesis/experiments/RQ3/mixup/mobilenetv2/clean/seed_42/rate_0.0
/home/yazanme/BachelorThesis/BachelorThesis/experiments/RQ3/mixup/mobilenetv2/RQ1/seed_42/rate_0.01
/home/yazanme/BachelorThesis/BachelorThesis/experiments/RQ3/mixup/mobilenetv2/RQ1/seed_42/rate_0.02
/home/yazanme/BachelorThesis/BachelorThesis/experiments/RQ3/mixup/mobilenetv2/RQ1/seed_42/rate_0.05
/home/yazanme/BachelorThesis/BachelorThesis/experiments/RQ3/mixup/mobilenetv2/RQ1/seed_42/rate_0.1
/home/yazanme/BachelorThesis/BachelorThesis/experiments/RQ3/mixup/mobilenetv2/RQ1/seed_42/rate_0.2
/home/yazanme/BachelorThesis/BachelorThesis/experiments/RQ3/mixup/mobilenetv2/RQ2/seed_42/rate_0.01
/home/yazanme/BachelorThesis/BachelorThesis/experiments/RQ3/mixup/mobilenetv2/RQ2/seed_42/rate_0.02
/home/yazanme/BachelorThesis/BachelorThesis/experiments/RQ3/mixup/mobilenetv2/RQ2/seed_42/rate_0.05
/home/yazanme/BachelorThesis/BachelorThesis/experiments/RQ3/mixup/mobilenetv2/RQ2/seed_42/rate_0.1
/home/yazanme/BachelorThesis/BachelorThesis/experiments/RQ3/mixup/mobilenetv2/RQ2/seed_42/rate_0.2
Anzahl: 11

clean/summary_metrics.csv:
seed,rate,accuracy,precision,recall,f1
2001,0.0,0.9404444444444444,0.9415408828287576,0.9404444444444444,0.9405129502322934
42,0.0,0.9368888888888888,0.9378018051307752,0.936888888888889,0.9367489795162984
2026,0.0,0.9417777777777778,0.9425916677476531,0.9417777777777777,0.9417573530535931

RQ1/summary_metrics.csv:
seed,rate,accuracy,precision,recall,f1
42,0.01,0.9395555555555556,0.9400634331335463,0.9395555555555556,0.9395386273230746
2026,0.01,0.9391111111111112,0.939849268055722,0.9391111111111112,0.9390371240179732
2001,0.01,0.9386666666666666,0.9395883603118828,0.9386666666666668,0.9387218356837264
2026,0.02,0.9362222222222222,0.9369950990969256,0.9362222222222224,0.9362329926922616
2001,0.02,0.9324444444444444,0.9336963133748496,0.9324444444444446,0.9325174172618196
42,0.02,0.9322222222222222,0.9331605989370192,0.9322222222222224,0.9323071000649356
2001,0.05,0.9195555555555556,0.9211905311635288,0.9195555555555558,0.919675754232802
2026,0.05,0.9273333333333332,0.928618193244364,0.9273333333333336,0.9273770868937116
42,0.05,0.9297777777777778,0.9312876697309644,0.9297777777777778,0.9298739116220148
2001,0.1,0.9177777777777778,0.9193880428559564,0.9177777777777776,0.9176628516056208
2026,0.1,0.92,0.92112543774058,0.92,0.919935602846435
42,0.1,0.9191111111111112,0.9208558834258064,0.9191111111111112,0.9193048912472136
2001,0.2,0.8977777777777778,0.898339012152969,0.8977777777777778,0.8975290357336034
42,0.2,0.8944444444444445,0.8963214909456869,0.8944444444444445,0.8945892487306657
2026,0.2,0.8997777777777778,0.9019718109360367,0.8997777777777777,0.8997312175034824

RQ2/summary_metrics.csv:
seed,rate,accuracy,precision,recall,f1
42,0.01,0.9375555555555556,0.9387163939719112,0.9375555555555556,0.9376537021380654
2001,0.01,0.9382222222222222,0.9390657594093272,0.9382222222222222,0.9380800654910528
2026,0.01,0.9357777777777778,0.9365020077262276,0.935777777777778,0.9357942232945348
2001,0.02,0.9306666666666666,0.9316394209412848,0.9306666666666664,0.930582310415795
42,0.02,0.9337777777777778,0.934565883007802,0.9337777777777776,0.933709027140597
2026,0.02,0.9386666666666666,0.9397149550299636,0.9386666666666668,0.9386820883505088
2001,0.05,0.9215555555555556,0.9225179555538848,0.9215555555555554,0.9214486419179106
42,0.05,0.9268888888888888,0.9282294641853464,0.9268888888888888,0.926943752142256
2026,0.05,0.9235555555555556,0.9255245004992934,0.9235555555555556,0.9237809930716202
2001,0.1,0.918,0.9203621114203884,0.918,0.9182611770093516
42,0.1,0.9153333333333332,0.9162758415052576,0.9153333333333332,0.9152961718664668
2026,0.1,0.9137777777777778,0.9150832580873184,0.9137777777777776,0.9135768987952458
2001,0.2,0.8831111111111111,0.8848100486488262,0.8831111111111112,0.8824138855347132
42,0.2,0.8788888888888889,0.8798319727936429,0.8788888888888889,0.8785366548470138
2026,0.2,0.8815555555555555,0.8830882470592587,0.8815555555555556,0.881051312752616
