=========================================
1. SLURM ALLOKATIONS-INFO
=========================================
Job ID: 5162 (Array 5160, Task 1)
Job Name: rq3_none_mobilenetv2
Ausfuehrender Node: gpu01
Zugewiesene CPUs: 6
Zugewiesener Speicher: 32768 MB
Zugewiesene GPUs: 1
Zugewiesene GPUs ueber CUDA: 0
0, Tesla V100S-PCIE-32GB, 32768 MiB, 535.309.01

Zeitzonen-Check -> Node-Uhr (UTC): 2026-08-07 19:31:09 UTC
Zeitzonen-Check -> korrigiert    : 2026-08-07 21:31:09 CEST

Python: /home/yazanme/miniforge3/envs/venv/bin/python
Version: Python 3.12.13

Preflight ok: RQ2-Labels mit 16 Paaren / 32 angegriffenen Klassen.
Modell:           mobilenetv2
Verteidigung:     none
Seed:             2001
Trainings-Config: /home/yazanme/BachelorThesis/BachelorThesis/src/yaml/rq3/rq3_train_mobilenetv2.yaml
Daten-Config:     /home/yazanme/BachelorThesis/BachelorThesis/src/implementation/data_preparation/config.yaml
Ausgabe:          /home/yazanme/BachelorThesis/BachelorThesis/experiments/RQ3/none/mobilenetv2/{clean,RQ1,RQ2}
Preflight ok: 3 HDF5-Splits + 10 Label-Tensoren (RQ1+RQ2) fuer Seed 2001.
Erwartet: 1 clean + 2 Angriffe x 5 Raten = 11 Laeufe (~3.3 h).

Startzeit: 2026-08-07 21:31:10 CEST

Starting main script...
Config: /home/yazanme/BachelorThesis/BachelorThesis/src/yaml/rq3/rq3_train_mobilenetv2.yaml
Experiment: rq=RQ3 model=mobilenetv2 rates=[0.0, 0.01, 0.02, 0.05, 0.1, 0.2]
Defense: none | Seeds: [2001] | Attacks: ['clean', 'RQ1', 'RQ2']
Set float32 matmul precision to: high
Initializing PyTorch and checking CUDA...
Set cudnn.benchmark to: True
Using device: cuda
Initializing base loaders...
Loading validation data from /home/yazanme/BachelorThesis/BachelorThesis/data/processed/resisc45/val.h5... (in_memory=True, workers=4)
Loading test data from /home/yazanme/BachelorThesis/BachelorThesis/data/processed/resisc45/test.h5... (in_memory=True, workers=4)
Starting experiment run...

=== defense=none attack=clean seed=2001 rate=0.0 ===
Loading train data from /home/yazanme/BachelorThesis/BachelorThesis/data/processed/resisc45/train.h5... (in_memory=True, workers=4)
Testing torch.compile support...
Successfully compiled model using torch.compile.
Epoch 001 | Seed 2001 | Rate 0.00 | Train Loss: 2.7642 | Val Loss: 2.5076 | Acc (clean): 0.2477 | Acc (poison): 0.2477 | Val Acc: 0.3030 | Time: 00:02:38
Epoch 002 | Seed 2001 | Rate 0.00 | Train Loss: 1.8577 | Val Loss: 1.9138 | Acc (clean): 0.4540 | Acc (poison): 0.4540 | Val Acc: 0.4400 | Time: 00:00:12
Epoch 003 | Seed 2001 | Rate 0.00 | Train Loss: 1.5142 | Val Loss: 1.9307 | Acc (clean): 0.5478 | Acc (poison): 0.5478 | Val Acc: 0.4615 | Time: 00:00:12
Epoch 004 | Seed 2001 | Rate 0.00 | Train Loss: 1.3172 | Val Loss: 1.4139 | Acc (clean): 0.6007 | Acc (poison): 0.6007 | Val Acc: 0.5644 | Time: 00:00:13
Epoch 005 | Seed 2001 | Rate 0.00 | Train Loss: 1.1257 | Val Loss: 1.5953 | Acc (clean): 0.6575 | Acc (poison): 0.6575 | Val Acc: 0.5393 | Time: 00:00:12
Epoch 006 | Seed 2001 | Rate 0.00 | Train Loss: 0.9929 | Val Loss: 1.2873 | Acc (clean): 0.6889 | Acc (poison): 0.6889 | Val Acc: 0.6167 | Time: 00:00:12
Epoch 007 | Seed 2001 | Rate 0.00 | Train Loss: 0.8755 | Val Loss: 1.2437 | Acc (clean): 0.7265 | Acc (poison): 0.7265 | Val Acc: 0.6367 | Time: 00:00:12
Epoch 008 | Seed 2001 | Rate 0.00 | Train Loss: 0.7916 | Val Loss: 0.9629 | Acc (clean): 0.7536 | Acc (poison): 0.7536 | Val Acc: 0.7067 | Time: 00:00:14
Epoch 009 | Seed 2001 | Rate 0.00 | Train Loss: 0.7250 | Val Loss: 0.9265 | Acc (clean): 0.7747 | Acc (poison): 0.7747 | Val Acc: 0.7070 | Time: 00:00:12
Epoch 010 | Seed 2001 | Rate 0.00 | Train Loss: 0.6914 | Val Loss: 0.8878 | Acc (clean): 0.7836 | Acc (poison): 0.7836 | Val Acc: 0.7259 | Time: 00:00:13
Epoch 011 | Seed 2001 | Rate 0.00 | Train Loss: 0.6547 | Val Loss: 0.9000 | Acc (clean): 0.7921 | Acc (poison): 0.7921 | Val Acc: 0.7281 | Time: 00:00:12
Epoch 012 | Seed 2001 | Rate 0.00 | Train Loss: 0.6251 | Val Loss: 1.1468 | Acc (clean): 0.8011 | Acc (poison): 0.8011 | Val Acc: 0.6719 | Time: 00:00:12
Epoch 013 | Seed 2001 | Rate 0.00 | Train Loss: 0.6004 | Val Loss: 0.8727 | Acc (clean): 0.8092 | Acc (poison): 0.8092 | Val Acc: 0.7444 | Time: 00:00:12
Epoch 014 | Seed 2001 | Rate 0.00 | Train Loss: 0.5813 | Val Loss: 1.0098 | Acc (clean): 0.8158 | Acc (poison): 0.8158 | Val Acc: 0.7111 | Time: 00:00:12
Epoch 015 | Seed 2001 | Rate 0.00 | Train Loss: 0.5773 | Val Loss: 1.3043 | Acc (clean): 0.8153 | Acc (poison): 0.8153 | Val Acc: 0.6156 | Time: 00:00:13
Epoch 016 | Seed 2001 | Rate 0.00 | Train Loss: 0.5668 | Val Loss: 1.3740 | Acc (clean): 0.8208 | Acc (poison): 0.8208 | Val Acc: 0.6019 | Time: 00:00:12
Epoch 017 | Seed 2001 | Rate 0.00 | Train Loss: 0.5571 | Val Loss: 0.8862 | Acc (clean): 0.8243 | Acc (poison): 0.8243 | Val Acc: 0.7300 | Time: 00:00:12
Epoch 018 | Seed 2001 | Rate 0.00 | Train Loss: 0.5469 | Val Loss: 1.0913 | Acc (clean): 0.8267 | Acc (poison): 0.8267 | Val Acc: 0.6707 | Time: 00:00:12
Epoch 019 | Seed 2001 | Rate 0.00 | Train Loss: 0.5583 | Val Loss: 1.0940 | Acc (clean): 0.8238 | Acc (poison): 0.8238 | Val Acc: 0.6793 | Time: 00:00:13
Epoch 020 | Seed 2001 | Rate 0.00 | Train Loss: 0.5394 | Val Loss: 0.8912 | Acc (clean): 0.8301 | Acc (poison): 0.8301 | Val Acc: 0.7237 | Time: 00:00:13
Epoch 021 | Seed 2001 | Rate 0.00 | Train Loss: 0.5446 | Val Loss: 0.9179 | Acc (clean): 0.8261 | Acc (poison): 0.8261 | Val Acc: 0.7300 | Time: 00:00:12
Epoch 022 | Seed 2001 | Rate 0.00 | Train Loss: 0.5339 | Val Loss: 1.1773 | Acc (clean): 0.8301 | Acc (poison): 0.8301 | Val Acc: 0.6722 | Time: 00:00:12
Epoch 023 | Seed 2001 | Rate 0.00 | Train Loss: 0.5340 | Val Loss: 0.9737 | Acc (clean): 0.8317 | Acc (poison): 0.8317 | Val Acc: 0.6944 | Time: 00:00:12
Epoch 024 | Seed 2001 | Rate 0.00 | Train Loss: 0.5275 | Val Loss: 0.8392 | Acc (clean): 0.8370 | Acc (poison): 0.8370 | Val Acc: 0.7444 | Time: 00:00:12
Epoch 025 | Seed 2001 | Rate 0.00 | Train Loss: 0.5222 | Val Loss: 0.9577 | Acc (clean): 0.8309 | Acc (poison): 0.8309 | Val Acc: 0.7133 | Time: 00:00:13
Epoch 026 | Seed 2001 | Rate 0.00 | Train Loss: 0.5316 | Val Loss: 1.2748 | Acc (clean): 0.8315 | Acc (poison): 0.8315 | Val Acc: 0.6359 | Time: 00:00:12
Epoch 027 | Seed 2001 | Rate 0.00 | Train Loss: 0.5222 | Val Loss: 1.2138 | Acc (clean): 0.8334 | Acc (poison): 0.8334 | Val Acc: 0.6489 | Time: 00:00:12
Epoch 028 | Seed 2001 | Rate 0.00 | Train Loss: 0.5103 | Val Loss: 0.8869 | Acc (clean): 0.8379 | Acc (poison): 0.8379 | Val Acc: 0.7244 | Time: 00:00:12
Epoch 029 | Seed 2001 | Rate 0.00 | Train Loss: 0.5168 | Val Loss: 0.9196 | Acc (clean): 0.8373 | Acc (poison): 0.8373 | Val Acc: 0.7230 | Time: 00:00:12
Epoch 030 | Seed 2001 | Rate 0.00 | Train Loss: 0.5186 | Val Loss: 0.9849 | Acc (clean): 0.8365 | Acc (poison): 0.8365 | Val Acc: 0.7133 | Time: 00:00:12
Epoch 031 | Seed 2001 | Rate 0.00 | Train Loss: 0.5130 | Val Loss: 0.7735 | Acc (clean): 0.8390 | Acc (poison): 0.8390 | Val Acc: 0.7685 | Time: 00:00:12
Epoch 032 | Seed 2001 | Rate 0.00 | Train Loss: 0.5152 | Val Loss: 0.7768 | Acc (clean): 0.8349 | Acc (poison): 0.8349 | Val Acc: 0.7552 | Time: 00:00:12
Epoch 033 | Seed 2001 | Rate 0.00 | Train Loss: 0.5030 | Val Loss: 0.7139 | Acc (clean): 0.8398 | Acc (poison): 0.8398 | Val Acc: 0.7826 | Time: 00:00:12
Epoch 034 | Seed 2001 | Rate 0.00 | Train Loss: 0.5079 | Val Loss: 0.7987 | Acc (clean): 0.8403 | Acc (poison): 0.8403 | Val Acc: 0.7507 | Time: 00:00:13
Epoch 035 | Seed 2001 | Rate 0.00 | Train Loss: 0.5120 | Val Loss: 1.0737 | Acc (clean): 0.8384 | Acc (poison): 0.8384 | Val Acc: 0.6804 | Time: 00:00:13
Epoch 036 | Seed 2001 | Rate 0.00 | Train Loss: 0.5009 | Val Loss: 0.9812 | Acc (clean): 0.8398 | Acc (poison): 0.8398 | Val Acc: 0.7178 | Time: 00:00:12
Epoch 037 | Seed 2001 | Rate 0.00 | Train Loss: 0.5190 | Val Loss: 1.1289 | Acc (clean): 0.8353 | Acc (poison): 0.8353 | Val Acc: 0.6626 | Time: 00:00:12
Epoch 038 | Seed 2001 | Rate 0.00 | Train Loss: 0.5043 | Val Loss: 0.7473 | Acc (clean): 0.8400 | Acc (poison): 0.8400 | Val Acc: 0.7626 | Time: 00:00:13
Epoch 039 | Seed 2001 | Rate 0.00 | Train Loss: 0.5001 | Val Loss: 1.2616 | Acc (clean): 0.8417 | Acc (poison): 0.8417 | Val Acc: 0.6322 | Time: 00:00:12
Epoch 040 | Seed 2001 | Rate 0.00 | Train Loss: 0.4894 | Val Loss: 1.4649 | Acc (clean): 0.8465 | Acc (poison): 0.8465 | Val Acc: 0.5863 | Time: 00:00:12
Epoch 041 | Seed 2001 | Rate 0.00 | Train Loss: 0.5144 | Val Loss: 1.0944 | Acc (clean): 0.8360 | Acc (poison): 0.8360 | Val Acc: 0.6781 | Time: 00:00:12
Epoch 042 | Seed 2001 | Rate 0.00 | Train Loss: 0.5059 | Val Loss: 1.3518 | Acc (clean): 0.8422 | Acc (poison): 0.8422 | Val Acc: 0.6252 | Time: 00:00:12
Epoch 043 | Seed 2001 | Rate 0.00 | Train Loss: 0.5057 | Val Loss: 1.8896 | Acc (clean): 0.8414 | Acc (poison): 0.8414 | Val Acc: 0.5078 | Time: 00:00:12
Epoch 044 | Seed 2001 | Rate 0.00 | Train Loss: 0.5227 | Val Loss: 0.8971 | Acc (clean): 0.8382 | Acc (poison): 0.8382 | Val Acc: 0.7248 | Time: 00:00:13
Epoch 045 | Seed 2001 | Rate 0.00 | Train Loss: 0.4962 | Val Loss: 0.7904 | Acc (clean): 0.8445 | Acc (poison): 0.8445 | Val Acc: 0.7496 | Time: 00:00:13
Epoch 046 | Seed 2001 | Rate 0.00 | Train Loss: 0.4848 | Val Loss: 1.4966 | Acc (clean): 0.8440 | Acc (poison): 0.8440 | Val Acc: 0.6044 | Time: 00:00:12
Epoch 047 | Seed 2001 | Rate 0.00 | Train Loss: 0.4999 | Val Loss: 1.0587 | Acc (clean): 0.8408 | Acc (poison): 0.8408 | Val Acc: 0.6856 | Time: 00:00:12
Epoch 048 | Seed 2001 | Rate 0.00 | Train Loss: 0.4994 | Val Loss: 2.0743 | Acc (clean): 0.8427 | Acc (poison): 0.8427 | Val Acc: 0.4800 | Time: 00:00:12
Epoch 049 | Seed 2001 | Rate 0.00 | Train Loss: 0.5064 | Val Loss: 1.3125 | Acc (clean): 0.8391 | Acc (poison): 0.8391 | Val Acc: 0.6107 | Time: 00:00:12
Epoch 050 | Seed 2001 | Rate 0.00 | Train Loss: 0.4943 | Val Loss: 1.1953 | Acc (clean): 0.8437 | Acc (poison): 0.8437 | Val Acc: 0.6626 | Time: 00:00:12
Epoch 051 | Seed 2001 | Rate 0.00 | Train Loss: 0.2990 | Val Loss: 0.3140 | Acc (clean): 0.9082 | Acc (poison): 0.9082 | Val Acc: 0.9007 | Time: 00:00:13
Epoch 052 | Seed 2001 | Rate 0.00 | Train Loss: 0.2335 | Val Loss: 0.2844 | Acc (clean): 0.9282 | Acc (poison): 0.9282 | Val Acc: 0.9148 | Time: 00:00:13
Epoch 053 | Seed 2001 | Rate 0.00 | Train Loss: 0.2073 | Val Loss: 0.2854 | Acc (clean): 0.9356 | Acc (poison): 0.9356 | Val Acc: 0.9081 | Time: 00:00:13
Epoch 054 | Seed 2001 | Rate 0.00 | Train Loss: 0.1894 | Val Loss: 0.2840 | Acc (clean): 0.9421 | Acc (poison): 0.9421 | Val Acc: 0.9148 | Time: 00:00:13
Epoch 055 | Seed 2001 | Rate 0.00 | Train Loss: 0.1800 | Val Loss: 0.2716 | Acc (clean): 0.9433 | Acc (poison): 0.9433 | Val Acc: 0.9148 | Time: 00:00:13
Epoch 056 | Seed 2001 | Rate 0.00 | Train Loss: 0.1684 | Val Loss: 0.2795 | Acc (clean): 0.9507 | Acc (poison): 0.9507 | Val Acc: 0.9159 | Time: 00:00:12
Epoch 057 | Seed 2001 | Rate 0.00 | Train Loss: 0.1585 | Val Loss: 0.2635 | Acc (clean): 0.9531 | Acc (poison): 0.9531 | Val Acc: 0.9174 | Time: 00:00:12
Epoch 058 | Seed 2001 | Rate 0.00 | Train Loss: 0.1539 | Val Loss: 0.2592 | Acc (clean): 0.9545 | Acc (poison): 0.9545 | Val Acc: 0.9226 | Time: 00:00:12
Epoch 059 | Seed 2001 | Rate 0.00 | Train Loss: 0.1424 | Val Loss: 0.2613 | Acc (clean): 0.9584 | Acc (poison): 0.9584 | Val Acc: 0.9226 | Time: 00:00:12
Epoch 060 | Seed 2001 | Rate 0.00 | Train Loss: 0.1372 | Val Loss: 0.2491 | Acc (clean): 0.9592 | Acc (poison): 0.9592 | Val Acc: 0.9226 | Time: 00:00:12
Epoch 061 | Seed 2001 | Rate 0.00 | Train Loss: 0.1311 | Val Loss: 0.2579 | Acc (clean): 0.9623 | Acc (poison): 0.9623 | Val Acc: 0.9200 | Time: 00:00:12
Epoch 062 | Seed 2001 | Rate 0.00 | Train Loss: 0.1286 | Val Loss: 0.2485 | Acc (clean): 0.9617 | Acc (poison): 0.9617 | Val Acc: 0.9219 | Time: 00:00:13
Epoch 063 | Seed 2001 | Rate 0.00 | Train Loss: 0.1251 | Val Loss: 0.2762 | Acc (clean): 0.9634 | Acc (poison): 0.9634 | Val Acc: 0.9104 | Time: 00:00:12
Epoch 064 | Seed 2001 | Rate 0.00 | Train Loss: 0.1168 | Val Loss: 0.2500 | Acc (clean): 0.9661 | Acc (poison): 0.9661 | Val Acc: 0.9219 | Time: 00:00:13
Epoch 065 | Seed 2001 | Rate 0.00 | Train Loss: 0.1148 | Val Loss: 0.2648 | Acc (clean): 0.9667 | Acc (poison): 0.9667 | Val Acc: 0.9200 | Time: 00:00:13
Epoch 066 | Seed 2001 | Rate 0.00 | Train Loss: 0.1127 | Val Loss: 0.2546 | Acc (clean): 0.9672 | Acc (poison): 0.9672 | Val Acc: 0.9185 | Time: 00:00:13
Epoch 067 | Seed 2001 | Rate 0.00 | Train Loss: 0.1067 | Val Loss: 0.2441 | Acc (clean): 0.9694 | Acc (poison): 0.9694 | Val Acc: 0.9181 | Time: 00:00:13
Epoch 068 | Seed 2001 | Rate 0.00 | Train Loss: 0.1059 | Val Loss: 0.2688 | Acc (clean): 0.9686 | Acc (poison): 0.9686 | Val Acc: 0.9144 | Time: 00:00:12
Epoch 069 | Seed 2001 | Rate 0.00 | Train Loss: 0.1012 | Val Loss: 0.2557 | Acc (clean): 0.9717 | Acc (poison): 0.9717 | Val Acc: 0.9189 | Time: 00:00:13
Epoch 070 | Seed 2001 | Rate 0.00 | Train Loss: 0.0991 | Val Loss: 0.2747 | Acc (clean): 0.9734 | Acc (poison): 0.9734 | Val Acc: 0.9159 | Time: 00:00:12
Epoch 071 | Seed 2001 | Rate 0.00 | Train Loss: 0.0954 | Val Loss: 0.2429 | Acc (clean): 0.9735 | Acc (poison): 0.9735 | Val Acc: 0.9230 | Time: 00:00:13
Epoch 072 | Seed 2001 | Rate 0.00 | Train Loss: 0.0949 | Val Loss: 0.2559 | Acc (clean): 0.9745 | Acc (poison): 0.9745 | Val Acc: 0.9196 | Time: 00:00:13
Epoch 073 | Seed 2001 | Rate 0.00 | Train Loss: 0.0931 | Val Loss: 0.2635 | Acc (clean): 0.9743 | Acc (poison): 0.9743 | Val Acc: 0.9204 | Time: 00:00:13
Epoch 074 | Seed 2001 | Rate 0.00 | Train Loss: 0.0905 | Val Loss: 0.2605 | Acc (clean): 0.9754 | Acc (poison): 0.9754 | Val Acc: 0.9219 | Time: 00:00:12
Epoch 075 | Seed 2001 | Rate 0.00 | Train Loss: 0.0914 | Val Loss: 0.2697 | Acc (clean): 0.9746 | Acc (poison): 0.9746 | Val Acc: 0.9185 | Time: 00:00:12
Epoch 076 | Seed 2001 | Rate 0.00 | Train Loss: 0.0701 | Val Loss: 0.2367 | Acc (clean): 0.9838 | Acc (poison): 0.9838 | Val Acc: 0.9311 | Time: 00:00:13
Epoch 077 | Seed 2001 | Rate 0.00 | Train Loss: 0.0627 | Val Loss: 0.2357 | Acc (clean): 0.9854 | Acc (poison): 0.9854 | Val Acc: 0.9304 | Time: 00:00:13
Epoch 078 | Seed 2001 | Rate 0.00 | Train Loss: 0.0608 | Val Loss: 0.2302 | Acc (clean): 0.9862 | Acc (poison): 0.9862 | Val Acc: 0.9304 | Time: 00:00:12
Epoch 079 | Seed 2001 | Rate 0.00 | Train Loss: 0.0595 | Val Loss: 0.2296 | Acc (clean): 0.9866 | Acc (poison): 0.9866 | Val Acc: 0.9304 | Time: 00:00:13
Epoch 080 | Seed 2001 | Rate 0.00 | Train Loss: 0.0563 | Val Loss: 0.2303 | Acc (clean): 0.9879 | Acc (poison): 0.9879 | Val Acc: 0.9293 | Time: 00:00:13
Epoch 081 | Seed 2001 | Rate 0.00 | Train Loss: 0.0547 | Val Loss: 0.2256 | Acc (clean): 0.9890 | Acc (poison): 0.9890 | Val Acc: 0.9344 | Time: 00:00:12
Epoch 082 | Seed 2001 | Rate 0.00 | Train Loss: 0.0547 | Val Loss: 0.2335 | Acc (clean): 0.9885 | Acc (poison): 0.9885 | Val Acc: 0.9285 | Time: 00:00:13
Epoch 083 | Seed 2001 | Rate 0.00 | Train Loss: 0.0538 | Val Loss: 0.2279 | Acc (clean): 0.9889 | Acc (poison): 0.9889 | Val Acc: 0.9307 | Time: 00:00:12
Epoch 084 | Seed 2001 | Rate 0.00 | Train Loss: 0.0534 | Val Loss: 0.2253 | Acc (clean): 0.9888 | Acc (poison): 0.9888 | Val Acc: 0.9344 | Time: 00:00:12
Epoch 085 | Seed 2001 | Rate 0.00 | Train Loss: 0.0535 | Val Loss: 0.2278 | Acc (clean): 0.9884 | Acc (poison): 0.9884 | Val Acc: 0.9300 | Time: 00:00:13
Epoch 086 | Seed 2001 | Rate 0.00 | Train Loss: 0.0552 | Val Loss: 0.2225 | Acc (clean): 0.9880 | Acc (poison): 0.9880 | Val Acc: 0.9307 | Time: 00:00:13
Epoch 087 | Seed 2001 | Rate 0.00 | Train Loss: 0.0531 | Val Loss: 0.2210 | Acc (clean): 0.9889 | Acc (poison): 0.9889 | Val Acc: 0.9315 | Time: 00:00:13
Epoch 088 | Seed 2001 | Rate 0.00 | Train Loss: 0.0512 | Val Loss: 0.2248 | Acc (clean): 0.9898 | Acc (poison): 0.9898 | Val Acc: 0.9281 | Time: 00:00:12
Epoch 089 | Seed 2001 | Rate 0.00 | Train Loss: 0.0523 | Val Loss: 0.2278 | Acc (clean): 0.9892 | Acc (poison): 0.9892 | Val Acc: 0.9296 | Time: 00:00:12
Epoch 090 | Seed 2001 | Rate 0.00 | Train Loss: 0.0504 | Val Loss: 0.2260 | Acc (clean): 0.9904 | Acc (poison): 0.9904 | Val Acc: 0.9270 | Time: 00:00:13
Epoch 091 | Seed 2001 | Rate 0.00 | Train Loss: 0.0492 | Val Loss: 0.2279 | Acc (clean): 0.9908 | Acc (poison): 0.9908 | Val Acc: 0.9278 | Time: 00:00:13
Epoch 092 | Seed 2001 | Rate 0.00 | Train Loss: 0.0492 | Val Loss: 0.2257 | Acc (clean): 0.9902 | Acc (poison): 0.9902 | Val Acc: 0.9285 | Time: 00:00:12
Epoch 093 | Seed 2001 | Rate 0.00 | Train Loss: 0.0495 | Val Loss: 0.2259 | Acc (clean): 0.9903 | Acc (poison): 0.9903 | Val Acc: 0.9293 | Time: 00:00:13
Epoch 094 | Seed 2001 | Rate 0.00 | Train Loss: 0.0499 | Val Loss: 0.2255 | Acc (clean): 0.9905 | Acc (poison): 0.9905 | Val Acc: 0.9319 | Time: 00:00:13
Epoch 095 | Seed 2001 | Rate 0.00 | Train Loss: 0.0476 | Val Loss: 0.2295 | Acc (clean): 0.9910 | Acc (poison): 0.9910 | Val Acc: 0.9278 | Time: 00:00:13
Epoch 096 | Seed 2001 | Rate 0.00 | Train Loss: 0.0479 | Val Loss: 0.2264 | Acc (clean): 0.9912 | Acc (poison): 0.9912 | Val Acc: 0.9311 | Time: 00:00:12
Epoch 097 | Seed 2001 | Rate 0.00 | Train Loss: 0.0486 | Val Loss: 0.2261 | Acc (clean): 0.9902 | Acc (poison): 0.9902 | Val Acc: 0.9278 | Time: 00:00:13
Epoch 098 | Seed 2001 | Rate 0.00 | Train Loss: 0.0473 | Val Loss: 0.2253 | Acc (clean): 0.9912 | Acc (poison): 0.9912 | Val Acc: 0.9289 | Time: 00:00:12
Epoch 099 | Seed 2001 | Rate 0.00 | Train Loss: 0.0471 | Val Loss: 0.2263 | Acc (clean): 0.9913 | Acc (poison): 0.9913 | Val Acc: 0.9289 | Time: 00:00:13
Epoch 100 | Seed 2001 | Rate 0.00 | Train Loss: 0.0477 | Val Loss: 0.2253 | Acc (clean): 0.9900 | Acc (poison): 0.9900 | Val Acc: 0.9281 | Time: 00:00:12

=== defense=none attack=RQ1 seed=2001 rate=0.01 ===
Loading train data from /home/yazanme/BachelorThesis/BachelorThesis/data/processed/resisc45/train.h5 with mapping /home/yazanme/BachelorThesis/BachelorThesis/data/processed/resisc45/poisoned/RQ1/seed_2001/labels_0.01.pt... (in_memory=True, workers=4)
Testing torch.compile support...
Successfully compiled model using torch.compile.
Epoch 001 | Seed 2001 | Rate 0.01 | Train Loss: 2.8922 | Val Loss: 2.5723 | Acc (clean): 0.2247 | Acc (poison): 0.2229 | Val Acc: 0.2956 | Time: 00:00:13
Epoch 002 | Seed 2001 | Rate 0.01 | Train Loss: 1.9422 | Val Loss: 1.9136 | Acc (clean): 0.4459 | Acc (poison): 0.4413 | Val Acc: 0.4426 | Time: 00:00:12
Epoch 003 | Seed 2001 | Rate 0.01 | Train Loss: 1.5837 | Val Loss: 1.5818 | Acc (clean): 0.5440 | Acc (poison): 0.5384 | Val Acc: 0.5211 | Time: 00:00:12
Epoch 004 | Seed 2001 | Rate 0.01 | Train Loss: 1.3502 | Val Loss: 1.6225 | Acc (clean): 0.6136 | Acc (poison): 0.6076 | Val Acc: 0.5422 | Time: 00:00:12
Epoch 005 | Seed 2001 | Rate 0.01 | Train Loss: 1.1914 | Val Loss: 1.6295 | Acc (clean): 0.6569 | Acc (poison): 0.6509 | Val Acc: 0.5259 | Time: 00:00:12
Epoch 006 | Seed 2001 | Rate 0.01 | Train Loss: 1.0527 | Val Loss: 1.4925 | Acc (clean): 0.7000 | Acc (poison): 0.6928 | Val Acc: 0.5730 | Time: 00:00:12
Epoch 007 | Seed 2001 | Rate 0.01 | Train Loss: 0.9350 | Val Loss: 1.1445 | Acc (clean): 0.7337 | Acc (poison): 0.7263 | Val Acc: 0.6463 | Time: 00:00:12
Epoch 008 | Seed 2001 | Rate 0.01 | Train Loss: 0.8722 | Val Loss: 1.0668 | Acc (clean): 0.7510 | Acc (poison): 0.7435 | Val Acc: 0.6826 | Time: 00:00:12
Epoch 009 | Seed 2001 | Rate 0.01 | Train Loss: 0.8233 | Val Loss: 1.2065 | Acc (clean): 0.7691 | Acc (poison): 0.7615 | Val Acc: 0.6344 | Time: 00:00:12
Epoch 010 | Seed 2001 | Rate 0.01 | Train Loss: 0.7839 | Val Loss: 0.9141 | Acc (clean): 0.7816 | Acc (poison): 0.7739 | Val Acc: 0.7074 | Time: 00:00:12
Epoch 011 | Seed 2001 | Rate 0.01 | Train Loss: 0.7509 | Val Loss: 0.9161 | Acc (clean): 0.7920 | Acc (poison): 0.7846 | Val Acc: 0.7241 | Time: 00:00:13
Epoch 012 | Seed 2001 | Rate 0.01 | Train Loss: 0.7272 | Val Loss: 1.0646 | Acc (clean): 0.7995 | Acc (poison): 0.7920 | Val Acc: 0.6785 | Time: 00:00:12
Epoch 013 | Seed 2001 | Rate 0.01 | Train Loss: 0.6944 | Val Loss: 0.8992 | Acc (clean): 0.8087 | Acc (poison): 0.8008 | Val Acc: 0.7393 | Time: 00:00:12
Epoch 014 | Seed 2001 | Rate 0.01 | Train Loss: 0.6878 | Val Loss: 1.0238 | Acc (clean): 0.8084 | Acc (poison): 0.8007 | Val Acc: 0.6985 | Time: 00:00:12
Epoch 015 | Seed 2001 | Rate 0.01 | Train Loss: 0.6775 | Val Loss: 0.9414 | Acc (clean): 0.8106 | Acc (poison): 0.8025 | Val Acc: 0.7148 | Time: 00:00:12
Epoch 016 | Seed 2001 | Rate 0.01 | Train Loss: 0.6810 | Val Loss: 0.9022 | Acc (clean): 0.8126 | Acc (poison): 0.8046 | Val Acc: 0.7256 | Time: 00:00:12
Epoch 017 | Seed 2001 | Rate 0.01 | Train Loss: 0.6568 | Val Loss: 1.0205 | Acc (clean): 0.8196 | Acc (poison): 0.8118 | Val Acc: 0.6815 | Time: 00:00:12
Epoch 018 | Seed 2001 | Rate 0.01 | Train Loss: 0.6359 | Val Loss: 0.7986 | Acc (clean): 0.8268 | Acc (poison): 0.8189 | Val Acc: 0.7570 | Time: 00:00:12
Epoch 019 | Seed 2001 | Rate 0.01 | Train Loss: 0.6560 | Val Loss: 1.1038 | Acc (clean): 0.8194 | Acc (poison): 0.8117 | Val Acc: 0.6704 | Time: 00:00:12
Epoch 020 | Seed 2001 | Rate 0.01 | Train Loss: 0.6419 | Val Loss: 0.9623 | Acc (clean): 0.8275 | Acc (poison): 0.8194 | Val Acc: 0.7185 | Time: 00:00:12
Epoch 021 | Seed 2001 | Rate 0.01 | Train Loss: 0.6448 | Val Loss: 0.8097 | Acc (clean): 0.8243 | Acc (poison): 0.8162 | Val Acc: 0.7704 | Time: 00:00:12
Epoch 022 | Seed 2001 | Rate 0.01 | Train Loss: 0.6397 | Val Loss: 1.2581 | Acc (clean): 0.8249 | Acc (poison): 0.8167 | Val Acc: 0.6237 | Time: 00:00:12
Epoch 023 | Seed 2001 | Rate 0.01 | Train Loss: 0.6414 | Val Loss: 1.0096 | Acc (clean): 0.8254 | Acc (poison): 0.8177 | Val Acc: 0.7133 | Time: 00:00:12
Epoch 024 | Seed 2001 | Rate 0.01 | Train Loss: 0.6405 | Val Loss: 1.2810 | Acc (clean): 0.8251 | Acc (poison): 0.8165 | Val Acc: 0.6370 | Time: 00:00:12
Epoch 025 | Seed 2001 | Rate 0.01 | Train Loss: 0.6283 | Val Loss: 0.8203 | Acc (clean): 0.8309 | Acc (poison): 0.8227 | Val Acc: 0.7496 | Time: 00:00:12
Epoch 026 | Seed 2001 | Rate 0.01 | Train Loss: 0.6022 | Val Loss: 1.4201 | Acc (clean): 0.8400 | Acc (poison): 0.8317 | Val Acc: 0.6081 | Time: 00:00:12
Epoch 027 | Seed 2001 | Rate 0.01 | Train Loss: 0.6201 | Val Loss: 0.9418 | Acc (clean): 0.8321 | Acc (poison): 0.8241 | Val Acc: 0.7207 | Time: 00:00:12
Epoch 028 | Seed 2001 | Rate 0.01 | Train Loss: 0.6224 | Val Loss: 1.2307 | Acc (clean): 0.8347 | Acc (poison): 0.8264 | Val Acc: 0.6456 | Time: 00:00:12
Epoch 029 | Seed 2001 | Rate 0.01 | Train Loss: 0.6035 | Val Loss: 0.8112 | Acc (clean): 0.8406 | Acc (poison): 0.8324 | Val Acc: 0.7596 | Time: 00:00:12
Epoch 030 | Seed 2001 | Rate 0.01 | Train Loss: 0.6096 | Val Loss: 0.9340 | Acc (clean): 0.8339 | Acc (poison): 0.8257 | Val Acc: 0.7185 | Time: 00:00:12
Epoch 031 | Seed 2001 | Rate 0.01 | Train Loss: 0.6156 | Val Loss: 0.9321 | Acc (clean): 0.8320 | Acc (poison): 0.8238 | Val Acc: 0.7430 | Time: 00:00:12
Epoch 032 | Seed 2001 | Rate 0.01 | Train Loss: 0.6120 | Val Loss: 1.1505 | Acc (clean): 0.8364 | Acc (poison): 0.8284 | Val Acc: 0.6919 | Time: 00:00:12
Epoch 033 | Seed 2001 | Rate 0.01 | Train Loss: 0.6066 | Val Loss: 0.9223 | Acc (clean): 0.8368 | Acc (poison): 0.8289 | Val Acc: 0.7204 | Time: 00:00:12
Epoch 034 | Seed 2001 | Rate 0.01 | Train Loss: 0.5991 | Val Loss: 1.0993 | Acc (clean): 0.8409 | Acc (poison): 0.8332 | Val Acc: 0.6685 | Time: 00:00:12
Epoch 035 | Seed 2001 | Rate 0.01 | Train Loss: 0.6149 | Val Loss: 1.8119 | Acc (clean): 0.8347 | Acc (poison): 0.8264 | Val Acc: 0.5533 | Time: 00:00:12
Epoch 036 | Seed 2001 | Rate 0.01 | Train Loss: 0.6043 | Val Loss: 1.0586 | Acc (clean): 0.8366 | Acc (poison): 0.8288 | Val Acc: 0.6822 | Time: 00:00:13
Epoch 037 | Seed 2001 | Rate 0.01 | Train Loss: 0.6027 | Val Loss: 0.8997 | Acc (clean): 0.8354 | Acc (poison): 0.8275 | Val Acc: 0.7319 | Time: 00:00:12
Epoch 038 | Seed 2001 | Rate 0.01 | Train Loss: 0.6230 | Val Loss: 1.0726 | Acc (clean): 0.8319 | Acc (poison): 0.8236 | Val Acc: 0.6804 | Time: 00:00:12
Epoch 039 | Seed 2001 | Rate 0.01 | Train Loss: 0.6082 | Val Loss: 1.1533 | Acc (clean): 0.8344 | Acc (poison): 0.8263 | Val Acc: 0.6748 | Time: 00:00:12
Epoch 040 | Seed 2001 | Rate 0.01 | Train Loss: 0.5997 | Val Loss: 0.8299 | Acc (clean): 0.8393 | Acc (poison): 0.8312 | Val Acc: 0.7567 | Time: 00:00:12
Epoch 041 | Seed 2001 | Rate 0.01 | Train Loss: 0.5882 | Val Loss: 1.2957 | Acc (clean): 0.8404 | Acc (poison): 0.8321 | Val Acc: 0.6385 | Time: 00:00:12
Epoch 042 | Seed 2001 | Rate 0.01 | Train Loss: 0.5989 | Val Loss: 0.8569 | Acc (clean): 0.8407 | Acc (poison): 0.8330 | Val Acc: 0.7396 | Time: 00:00:12
Epoch 043 | Seed 2001 | Rate 0.01 | Train Loss: 0.5857 | Val Loss: 0.9276 | Acc (clean): 0.8444 | Acc (poison): 0.8366 | Val Acc: 0.7300 | Time: 00:00:12
Epoch 044 | Seed 2001 | Rate 0.01 | Train Loss: 0.5909 | Val Loss: 1.0927 | Acc (clean): 0.8420 | Acc (poison): 0.8343 | Val Acc: 0.6789 | Time: 00:00:12
Epoch 045 | Seed 2001 | Rate 0.01 | Train Loss: 0.6027 | Val Loss: 1.0530 | Acc (clean): 0.8397 | Acc (poison): 0.8313 | Val Acc: 0.6948 | Time: 00:00:12
Epoch 046 | Seed 2001 | Rate 0.01 | Train Loss: 0.5993 | Val Loss: 1.3385 | Acc (clean): 0.8401 | Acc (poison): 0.8319 | Val Acc: 0.6081 | Time: 00:00:12
Epoch 047 | Seed 2001 | Rate 0.01 | Train Loss: 0.5940 | Val Loss: 0.7801 | Acc (clean): 0.8428 | Acc (poison): 0.8347 | Val Acc: 0.7633 | Time: 00:00:12
Epoch 048 | Seed 2001 | Rate 0.01 | Train Loss: 0.5982 | Val Loss: 0.7509 | Acc (clean): 0.8415 | Acc (poison): 0.8332 | Val Acc: 0.7696 | Time: 00:00:12
Epoch 049 | Seed 2001 | Rate 0.01 | Train Loss: 0.6005 | Val Loss: 1.5427 | Acc (clean): 0.8417 | Acc (poison): 0.8331 | Val Acc: 0.5641 | Time: 00:00:12
Epoch 050 | Seed 2001 | Rate 0.01 | Train Loss: 0.5905 | Val Loss: 0.9463 | Acc (clean): 0.8398 | Acc (poison): 0.8314 | Val Acc: 0.7244 | Time: 00:00:12
Epoch 051 | Seed 2001 | Rate 0.01 | Train Loss: 0.3909 | Val Loss: 0.3257 | Acc (clean): 0.9052 | Acc (poison): 0.8970 | Val Acc: 0.8996 | Time: 00:00:12
Epoch 052 | Seed 2001 | Rate 0.01 | Train Loss: 0.3190 | Val Loss: 0.3041 | Acc (clean): 0.9290 | Acc (poison): 0.9203 | Val Acc: 0.9089 | Time: 00:00:12
Epoch 053 | Seed 2001 | Rate 0.01 | Train Loss: 0.2962 | Val Loss: 0.2989 | Acc (clean): 0.9357 | Acc (poison): 0.9267 | Val Acc: 0.9056 | Time: 00:00:12
Epoch 054 | Seed 2001 | Rate 0.01 | Train Loss: 0.2785 | Val Loss: 0.2912 | Acc (clean): 0.9427 | Acc (poison): 0.9340 | Val Acc: 0.9070 | Time: 00:00:12
Epoch 055 | Seed 2001 | Rate 0.01 | Train Loss: 0.2671 | Val Loss: 0.3045 | Acc (clean): 0.9453 | Acc (poison): 0.9365 | Val Acc: 0.9067 | Time: 00:00:12
Epoch 056 | Seed 2001 | Rate 0.01 | Train Loss: 0.2536 | Val Loss: 0.2817 | Acc (clean): 0.9458 | Acc (poison): 0.9372 | Val Acc: 0.9104 | Time: 00:00:12
Epoch 057 | Seed 2001 | Rate 0.01 | Train Loss: 0.2399 | Val Loss: 0.2868 | Acc (clean): 0.9514 | Acc (poison): 0.9428 | Val Acc: 0.9111 | Time: 00:00:12
Epoch 058 | Seed 2001 | Rate 0.01 | Train Loss: 0.2351 | Val Loss: 0.2930 | Acc (clean): 0.9533 | Acc (poison): 0.9446 | Val Acc: 0.9096 | Time: 00:00:12
Epoch 059 | Seed 2001 | Rate 0.01 | Train Loss: 0.2277 | Val Loss: 0.2862 | Acc (clean): 0.9556 | Acc (poison): 0.9468 | Val Acc: 0.9104 | Time: 00:00:12
Epoch 060 | Seed 2001 | Rate 0.01 | Train Loss: 0.2170 | Val Loss: 0.2781 | Acc (clean): 0.9573 | Acc (poison): 0.9486 | Val Acc: 0.9167 | Time: 00:00:12
Epoch 061 | Seed 2001 | Rate 0.01 | Train Loss: 0.2130 | Val Loss: 0.2852 | Acc (clean): 0.9580 | Acc (poison): 0.9499 | Val Acc: 0.9107 | Time: 00:00:12
Epoch 062 | Seed 2001 | Rate 0.01 | Train Loss: 0.2033 | Val Loss: 0.2750 | Acc (clean): 0.9609 | Acc (poison): 0.9529 | Val Acc: 0.9141 | Time: 00:00:12
Epoch 063 | Seed 2001 | Rate 0.01 | Train Loss: 0.1995 | Val Loss: 0.2910 | Acc (clean): 0.9621 | Acc (poison): 0.9538 | Val Acc: 0.9107 | Time: 00:00:12
Epoch 064 | Seed 2001 | Rate 0.01 | Train Loss: 0.1937 | Val Loss: 0.2871 | Acc (clean): 0.9623 | Acc (poison): 0.9542 | Val Acc: 0.9111 | Time: 00:00:12
Epoch 065 | Seed 2001 | Rate 0.01 | Train Loss: 0.1833 | Val Loss: 0.2829 | Acc (clean): 0.9651 | Acc (poison): 0.9573 | Val Acc: 0.9130 | Time: 00:00:12
Epoch 066 | Seed 2001 | Rate 0.01 | Train Loss: 0.1830 | Val Loss: 0.2983 | Acc (clean): 0.9651 | Acc (poison): 0.9573 | Val Acc: 0.9063 | Time: 00:00:12
Epoch 067 | Seed 2001 | Rate 0.01 | Train Loss: 0.1795 | Val Loss: 0.2789 | Acc (clean): 0.9651 | Acc (poison): 0.9574 | Val Acc: 0.9167 | Time: 00:00:12
Epoch 068 | Seed 2001 | Rate 0.01 | Train Loss: 0.1724 | Val Loss: 0.2957 | Acc (clean): 0.9672 | Acc (poison): 0.9597 | Val Acc: 0.9074 | Time: 00:00:12
Epoch 069 | Seed 2001 | Rate 0.01 | Train Loss: 0.1714 | Val Loss: 0.3206 | Acc (clean): 0.9681 | Acc (poison): 0.9605 | Val Acc: 0.9052 | Time: 00:00:12
Epoch 070 | Seed 2001 | Rate 0.01 | Train Loss: 0.1628 | Val Loss: 0.2978 | Acc (clean): 0.9683 | Acc (poison): 0.9613 | Val Acc: 0.9100 | Time: 00:00:12
Epoch 071 | Seed 2001 | Rate 0.01 | Train Loss: 0.1622 | Val Loss: 0.3162 | Acc (clean): 0.9676 | Acc (poison): 0.9609 | Val Acc: 0.9096 | Time: 00:00:12
Epoch 072 | Seed 2001 | Rate 0.01 | Train Loss: 0.1621 | Val Loss: 0.2980 | Acc (clean): 0.9664 | Acc (poison): 0.9592 | Val Acc: 0.9085 | Time: 00:00:12
Epoch 073 | Seed 2001 | Rate 0.01 | Train Loss: 0.1634 | Val Loss: 0.2883 | Acc (clean): 0.9670 | Acc (poison): 0.9600 | Val Acc: 0.9137 | Time: 00:00:12
Epoch 074 | Seed 2001 | Rate 0.01 | Train Loss: 0.1543 | Val Loss: 0.2967 | Acc (clean): 0.9703 | Acc (poison): 0.9637 | Val Acc: 0.9126 | Time: 00:00:12
Epoch 075 | Seed 2001 | Rate 0.01 | Train Loss: 0.1520 | Val Loss: 0.3074 | Acc (clean): 0.9695 | Acc (poison): 0.9631 | Val Acc: 0.9100 | Time: 00:00:12
Epoch 076 | Seed 2001 | Rate 0.01 | Train Loss: 0.1218 | Val Loss: 0.2636 | Acc (clean): 0.9781 | Acc (poison): 0.9723 | Val Acc: 0.9237 | Time: 00:00:12
Epoch 077 | Seed 2001 | Rate 0.01 | Train Loss: 0.1083 | Val Loss: 0.2627 | Acc (clean): 0.9830 | Acc (poison): 0.9776 | Val Acc: 0.9207 | Time: 00:00:12
Epoch 078 | Seed 2001 | Rate 0.01 | Train Loss: 0.1090 | Val Loss: 0.2613 | Acc (clean): 0.9833 | Acc (poison): 0.9775 | Val Acc: 0.9248 | Time: 00:00:12
Epoch 079 | Seed 2001 | Rate 0.01 | Train Loss: 0.1042 | Val Loss: 0.2628 | Acc (clean): 0.9839 | Acc (poison): 0.9787 | Val Acc: 0.9211 | Time: 00:00:12
Epoch 080 | Seed 2001 | Rate 0.01 | Train Loss: 0.1024 | Val Loss: 0.2648 | Acc (clean): 0.9833 | Acc (poison): 0.9788 | Val Acc: 0.9200 | Time: 00:00:12
Epoch 081 | Seed 2001 | Rate 0.01 | Train Loss: 0.0996 | Val Loss: 0.2672 | Acc (clean): 0.9853 | Acc (poison): 0.9807 | Val Acc: 0.9204 | Time: 00:00:12
Epoch 082 | Seed 2001 | Rate 0.01 | Train Loss: 0.0989 | Val Loss: 0.2654 | Acc (clean): 0.9842 | Acc (poison): 0.9796 | Val Acc: 0.9237 | Time: 00:00:12
Epoch 083 | Seed 2001 | Rate 0.01 | Train Loss: 0.0935 | Val Loss: 0.2723 | Acc (clean): 0.9855 | Acc (poison): 0.9812 | Val Acc: 0.9185 | Time: 00:00:12
Epoch 084 | Seed 2001 | Rate 0.01 | Train Loss: 0.0947 | Val Loss: 0.2706 | Acc (clean): 0.9846 | Acc (poison): 0.9806 | Val Acc: 0.9193 | Time: 00:00:12
Epoch 085 | Seed 2001 | Rate 0.01 | Train Loss: 0.0943 | Val Loss: 0.2693 | Acc (clean): 0.9843 | Acc (poison): 0.9809 | Val Acc: 0.9174 | Time: 00:00:12
Epoch 086 | Seed 2001 | Rate 0.01 | Train Loss: 0.0936 | Val Loss: 0.2685 | Acc (clean): 0.9840 | Acc (poison): 0.9809 | Val Acc: 0.9215 | Time: 00:00:12
Epoch 087 | Seed 2001 | Rate 0.01 | Train Loss: 0.0937 | Val Loss: 0.2669 | Acc (clean): 0.9844 | Acc (poison): 0.9807 | Val Acc: 0.9211 | Time: 00:00:12
Epoch 088 | Seed 2001 | Rate 0.01 | Train Loss: 0.0915 | Val Loss: 0.2679 | Acc (clean): 0.9851 | Acc (poison): 0.9818 | Val Acc: 0.9211 | Time: 00:00:12
Epoch 089 | Seed 2001 | Rate 0.01 | Train Loss: 0.0895 | Val Loss: 0.2713 | Acc (clean): 0.9857 | Acc (poison): 0.9819 | Val Acc: 0.9204 | Time: 00:00:12
Epoch 090 | Seed 2001 | Rate 0.01 | Train Loss: 0.0910 | Val Loss: 0.2720 | Acc (clean): 0.9854 | Acc (poison): 0.9814 | Val Acc: 0.9159 | Time: 00:00:12
Epoch 091 | Seed 2001 | Rate 0.01 | Train Loss: 0.0897 | Val Loss: 0.2740 | Acc (clean): 0.9855 | Acc (poison): 0.9815 | Val Acc: 0.9207 | Time: 00:00:12
Epoch 092 | Seed 2001 | Rate 0.01 | Train Loss: 0.0871 | Val Loss: 0.2742 | Acc (clean): 0.9855 | Acc (poison): 0.9830 | Val Acc: 0.9159 | Time: 00:00:12
Epoch 093 | Seed 2001 | Rate 0.01 | Train Loss: 0.0884 | Val Loss: 0.2715 | Acc (clean): 0.9858 | Acc (poison): 0.9823 | Val Acc: 0.9178 | Time: 00:00:12
Epoch 094 | Seed 2001 | Rate 0.01 | Train Loss: 0.0878 | Val Loss: 0.2753 | Acc (clean): 0.9853 | Acc (poison): 0.9821 | Val Acc: 0.9178 | Time: 00:00:12
Epoch 095 | Seed 2001 | Rate 0.01 | Train Loss: 0.0865 | Val Loss: 0.2691 | Acc (clean): 0.9858 | Acc (poison): 0.9823 | Val Acc: 0.9196 | Time: 00:00:12
Epoch 096 | Seed 2001 | Rate 0.01 | Train Loss: 0.0831 | Val Loss: 0.2758 | Acc (clean): 0.9874 | Acc (poison): 0.9844 | Val Acc: 0.9181 | Time: 00:00:12
Epoch 097 | Seed 2001 | Rate 0.01 | Train Loss: 0.0841 | Val Loss: 0.2713 | Acc (clean): 0.9862 | Acc (poison): 0.9831 | Val Acc: 0.9174 | Time: 00:00:12
Epoch 098 | Seed 2001 | Rate 0.01 | Train Loss: 0.0854 | Val Loss: 0.2698 | Acc (clean): 0.9844 | Acc (poison): 0.9824 | Val Acc: 0.9196 | Time: 00:00:12
Epoch 099 | Seed 2001 | Rate 0.01 | Train Loss: 0.0839 | Val Loss: 0.2714 | Acc (clean): 0.9853 | Acc (poison): 0.9821 | Val Acc: 0.9156 | Time: 00:00:12
Epoch 100 | Seed 2001 | Rate 0.01 | Train Loss: 0.0818 | Val Loss: 0.2731 | Acc (clean): 0.9865 | Acc (poison): 0.9839 | Val Acc: 0.9174 | Time: 00:00:12

=== defense=none attack=RQ1 seed=2001 rate=0.02 ===
Loading train data from /home/yazanme/BachelorThesis/BachelorThesis/data/processed/resisc45/train.h5 with mapping /home/yazanme/BachelorThesis/BachelorThesis/data/processed/resisc45/poisoned/RQ1/seed_2001/labels_0.02.pt... (in_memory=True, workers=4)
Testing torch.compile support...
Successfully compiled model using torch.compile.
Epoch 001 | Seed 2001 | Rate 0.02 | Train Loss: 2.8761 | Val Loss: 3.1283 | Acc (clean): 0.2342 | Acc (poison): 0.2294 | Val Acc: 0.2219 | Time: 00:00:12
Epoch 002 | Seed 2001 | Rate 0.02 | Train Loss: 1.9946 | Val Loss: 2.2800 | Acc (clean): 0.4496 | Acc (poison): 0.4408 | Val Acc: 0.3726 | Time: 00:00:12
Epoch 003 | Seed 2001 | Rate 0.02 | Train Loss: 1.6840 | Val Loss: 1.6016 | Acc (clean): 0.5314 | Acc (poison): 0.5207 | Val Acc: 0.5130 | Time: 00:00:12
Epoch 004 | Seed 2001 | Rate 0.02 | Train Loss: 1.4648 | Val Loss: 1.5810 | Acc (clean): 0.5968 | Acc (poison): 0.5855 | Val Acc: 0.5352 | Time: 00:00:12
Epoch 005 | Seed 2001 | Rate 0.02 | Train Loss: 1.3025 | Val Loss: 1.3596 | Acc (clean): 0.6446 | Acc (poison): 0.6319 | Val Acc: 0.5974 | Time: 00:00:12
Epoch 006 | Seed 2001 | Rate 0.02 | Train Loss: 1.1796 | Val Loss: 1.4227 | Acc (clean): 0.6798 | Acc (poison): 0.6668 | Val Acc: 0.5774 | Time: 00:00:12
Epoch 007 | Seed 2001 | Rate 0.02 | Train Loss: 1.0753 | Val Loss: 1.6098 | Acc (clean): 0.7090 | Acc (poison): 0.6949 | Val Acc: 0.5300 | Time: 00:00:12
Epoch 008 | Seed 2001 | Rate 0.02 | Train Loss: 0.9889 | Val Loss: 1.0173 | Acc (clean): 0.7369 | Acc (poison): 0.7231 | Val Acc: 0.6900 | Time: 00:00:12
Epoch 009 | Seed 2001 | Rate 0.02 | Train Loss: 0.9324 | Val Loss: 1.2256 | Acc (clean): 0.7586 | Acc (poison): 0.7441 | Val Acc: 0.6337 | Time: 00:00:12
Epoch 010 | Seed 2001 | Rate 0.02 | Train Loss: 0.8925 | Val Loss: 1.0312 | Acc (clean): 0.7716 | Acc (poison): 0.7565 | Val Acc: 0.6859 | Time: 00:00:12
Epoch 011 | Seed 2001 | Rate 0.02 | Train Loss: 0.8508 | Val Loss: 0.8689 | Acc (clean): 0.7821 | Acc (poison): 0.7667 | Val Acc: 0.7274 | Time: 00:00:12
Epoch 012 | Seed 2001 | Rate 0.02 | Train Loss: 0.8258 | Val Loss: 1.3595 | Acc (clean): 0.7897 | Acc (poison): 0.7747 | Val Acc: 0.5911 | Time: 00:00:12
Epoch 013 | Seed 2001 | Rate 0.02 | Train Loss: 0.7928 | Val Loss: 1.0532 | Acc (clean): 0.8018 | Acc (poison): 0.7865 | Val Acc: 0.6811 | Time: 00:00:12
Epoch 014 | Seed 2001 | Rate 0.02 | Train Loss: 0.7794 | Val Loss: 1.4625 | Acc (clean): 0.8040 | Acc (poison): 0.7888 | Val Acc: 0.5933 | Time: 00:00:12
Epoch 015 | Seed 2001 | Rate 0.02 | Train Loss: 0.7696 | Val Loss: 0.9644 | Acc (clean): 0.8042 | Acc (poison): 0.7891 | Val Acc: 0.7059 | Time: 00:00:12
Epoch 016 | Seed 2001 | Rate 0.02 | Train Loss: 0.7605 | Val Loss: 0.8001 | Acc (clean): 0.8124 | Acc (poison): 0.7965 | Val Acc: 0.7663 | Time: 00:00:12
Epoch 017 | Seed 2001 | Rate 0.02 | Train Loss: 0.7441 | Val Loss: 1.4200 | Acc (clean): 0.8163 | Acc (poison): 0.8010 | Val Acc: 0.6052 | Time: 00:00:12
Epoch 018 | Seed 2001 | Rate 0.02 | Train Loss: 0.7320 | Val Loss: 0.9959 | Acc (clean): 0.8181 | Acc (poison): 0.8028 | Val Acc: 0.7022 | Time: 00:00:12
Epoch 019 | Seed 2001 | Rate 0.02 | Train Loss: 0.7370 | Val Loss: 1.0530 | Acc (clean): 0.8163 | Acc (poison): 0.8009 | Val Acc: 0.6830 | Time: 00:00:12
Epoch 020 | Seed 2001 | Rate 0.02 | Train Loss: 0.7413 | Val Loss: 0.7922 | Acc (clean): 0.8175 | Acc (poison): 0.8022 | Val Acc: 0.7567 | Time: 00:00:12
Epoch 021 | Seed 2001 | Rate 0.02 | Train Loss: 0.7224 | Val Loss: 1.6039 | Acc (clean): 0.8205 | Acc (poison): 0.8047 | Val Acc: 0.5567 | Time: 00:00:12
Epoch 022 | Seed 2001 | Rate 0.02 | Train Loss: 0.7139 | Val Loss: 0.8902 | Acc (clean): 0.8223 | Acc (poison): 0.8066 | Val Acc: 0.7348 | Time: 00:00:12
Epoch 023 | Seed 2001 | Rate 0.02 | Train Loss: 0.7201 | Val Loss: 1.0427 | Acc (clean): 0.8228 | Acc (poison): 0.8068 | Val Acc: 0.6937 | Time: 00:00:12
Epoch 024 | Seed 2001 | Rate 0.02 | Train Loss: 0.7093 | Val Loss: 0.9957 | Acc (clean): 0.8271 | Acc (poison): 0.8112 | Val Acc: 0.7041 | Time: 00:00:12
Epoch 025 | Seed 2001 | Rate 0.02 | Train Loss: 0.7090 | Val Loss: 1.0981 | Acc (clean): 0.8240 | Acc (poison): 0.8084 | Val Acc: 0.7000 | Time: 00:00:12
Epoch 026 | Seed 2001 | Rate 0.02 | Train Loss: 0.7091 | Val Loss: 0.8634 | Acc (clean): 0.8244 | Acc (poison): 0.8083 | Val Acc: 0.7396 | Time: 00:00:12
Epoch 027 | Seed 2001 | Rate 0.02 | Train Loss: 0.7079 | Val Loss: 1.0006 | Acc (clean): 0.8279 | Acc (poison): 0.8122 | Val Acc: 0.6926 | Time: 00:00:12
Epoch 028 | Seed 2001 | Rate 0.02 | Train Loss: 0.7045 | Val Loss: 1.0527 | Acc (clean): 0.8307 | Acc (poison): 0.8148 | Val Acc: 0.6819 | Time: 00:00:12
Epoch 029 | Seed 2001 | Rate 0.02 | Train Loss: 0.6955 | Val Loss: 1.0089 | Acc (clean): 0.8322 | Acc (poison): 0.8159 | Val Acc: 0.7056 | Time: 00:00:12
Epoch 030 | Seed 2001 | Rate 0.02 | Train Loss: 0.6945 | Val Loss: 0.8438 | Acc (clean): 0.8332 | Acc (poison): 0.8173 | Val Acc: 0.7441 | Time: 00:00:12
Epoch 031 | Seed 2001 | Rate 0.02 | Train Loss: 0.7088 | Val Loss: 0.8917 | Acc (clean): 0.8229 | Acc (poison): 0.8073 | Val Acc: 0.7307 | Time: 00:00:12
Epoch 032 | Seed 2001 | Rate 0.02 | Train Loss: 0.7002 | Val Loss: 0.8712 | Acc (clean): 0.8273 | Acc (poison): 0.8119 | Val Acc: 0.7548 | Time: 00:00:12
Epoch 033 | Seed 2001 | Rate 0.02 | Train Loss: 0.6920 | Val Loss: 0.8559 | Acc (clean): 0.8319 | Acc (poison): 0.8163 | Val Acc: 0.7537 | Time: 00:00:13
Epoch 034 | Seed 2001 | Rate 0.02 | Train Loss: 0.6772 | Val Loss: 0.7587 | Acc (clean): 0.8371 | Acc (poison): 0.8214 | Val Acc: 0.7700 | Time: 00:00:12
Epoch 035 | Seed 2001 | Rate 0.02 | Train Loss: 0.6841 | Val Loss: 1.2726 | Acc (clean): 0.8350 | Acc (poison): 0.8189 | Val Acc: 0.6222 | Time: 00:00:12
Epoch 036 | Seed 2001 | Rate 0.02 | Train Loss: 0.6921 | Val Loss: 1.0362 | Acc (clean): 0.8283 | Acc (poison): 0.8130 | Val Acc: 0.6933 | Time: 00:00:12
Epoch 037 | Seed 2001 | Rate 0.02 | Train Loss: 0.6742 | Val Loss: 0.7741 | Acc (clean): 0.8345 | Acc (poison): 0.8192 | Val Acc: 0.7670 | Time: 00:00:12
Epoch 038 | Seed 2001 | Rate 0.02 | Train Loss: 0.6732 | Val Loss: 0.8896 | Acc (clean): 0.8400 | Acc (poison): 0.8237 | Val Acc: 0.7356 | Time: 00:00:12
Epoch 039 | Seed 2001 | Rate 0.02 | Train Loss: 0.6866 | Val Loss: 0.7099 | Acc (clean): 0.8331 | Acc (poison): 0.8174 | Val Acc: 0.7856 | Time: 00:00:12
Epoch 040 | Seed 2001 | Rate 0.02 | Train Loss: 0.6856 | Val Loss: 1.7772 | Acc (clean): 0.8358 | Acc (poison): 0.8201 | Val Acc: 0.5541 | Time: 00:00:13
Epoch 041 | Seed 2001 | Rate 0.02 | Train Loss: 0.6751 | Val Loss: 1.2683 | Acc (clean): 0.8379 | Acc (poison): 0.8223 | Val Acc: 0.6381 | Time: 00:00:12
Epoch 042 | Seed 2001 | Rate 0.02 | Train Loss: 0.6945 | Val Loss: 1.5517 | Acc (clean): 0.8314 | Acc (poison): 0.8161 | Val Acc: 0.5737 | Time: 00:00:12
Epoch 043 | Seed 2001 | Rate 0.02 | Train Loss: 0.6849 | Val Loss: 0.8779 | Acc (clean): 0.8333 | Acc (poison): 0.8173 | Val Acc: 0.7489 | Time: 00:00:12
Epoch 044 | Seed 2001 | Rate 0.02 | Train Loss: 0.6827 | Val Loss: 0.9019 | Acc (clean): 0.8344 | Acc (poison): 0.8187 | Val Acc: 0.7211 | Time: 00:00:12
Epoch 045 | Seed 2001 | Rate 0.02 | Train Loss: 0.6796 | Val Loss: 1.2460 | Acc (clean): 0.8364 | Acc (poison): 0.8206 | Val Acc: 0.6296 | Time: 00:00:13
Epoch 046 | Seed 2001 | Rate 0.02 | Train Loss: 0.6693 | Val Loss: 1.1027 | Acc (clean): 0.8391 | Acc (poison): 0.8231 | Val Acc: 0.6774 | Time: 00:00:13
Epoch 047 | Seed 2001 | Rate 0.02 | Train Loss: 0.6677 | Val Loss: 0.9139 | Acc (clean): 0.8396 | Acc (poison): 0.8235 | Val Acc: 0.7267 | Time: 00:00:13
Epoch 048 | Seed 2001 | Rate 0.02 | Train Loss: 0.6670 | Val Loss: 0.9861 | Acc (clean): 0.8412 | Acc (poison): 0.8252 | Val Acc: 0.7059 | Time: 00:00:12
Epoch 049 | Seed 2001 | Rate 0.02 | Train Loss: 0.6727 | Val Loss: 1.0966 | Acc (clean): 0.8388 | Acc (poison): 0.8228 | Val Acc: 0.6841 | Time: 00:00:12
Epoch 050 | Seed 2001 | Rate 0.02 | Train Loss: 0.6683 | Val Loss: 1.3147 | Acc (clean): 0.8384 | Acc (poison): 0.8227 | Val Acc: 0.6230 | Time: 00:00:12
Epoch 051 | Seed 2001 | Rate 0.02 | Train Loss: 0.4738 | Val Loss: 0.3423 | Acc (clean): 0.9012 | Acc (poison): 0.8842 | Val Acc: 0.8981 | Time: 00:00:12
Epoch 052 | Seed 2001 | Rate 0.02 | Train Loss: 0.3989 | Val Loss: 0.3148 | Acc (clean): 0.9251 | Acc (poison): 0.9079 | Val Acc: 0.9011 | Time: 00:00:13
Epoch 053 | Seed 2001 | Rate 0.02 | Train Loss: 0.3728 | Val Loss: 0.3111 | Acc (clean): 0.9329 | Acc (poison): 0.9156 | Val Acc: 0.9030 | Time: 00:00:13
Epoch 054 | Seed 2001 | Rate 0.02 | Train Loss: 0.3525 | Val Loss: 0.3202 | Acc (clean): 0.9395 | Acc (poison): 0.9221 | Val Acc: 0.9007 | Time: 00:00:13
Epoch 055 | Seed 2001 | Rate 0.02 | Train Loss: 0.3402 | Val Loss: 0.3122 | Acc (clean): 0.9416 | Acc (poison): 0.9244 | Val Acc: 0.9037 | Time: 00:00:12
Epoch 056 | Seed 2001 | Rate 0.02 | Train Loss: 0.3274 | Val Loss: 0.3079 | Acc (clean): 0.9449 | Acc (poison): 0.9281 | Val Acc: 0.9063 | Time: 00:00:12
Epoch 057 | Seed 2001 | Rate 0.02 | Train Loss: 0.3136 | Val Loss: 0.3081 | Acc (clean): 0.9479 | Acc (poison): 0.9312 | Val Acc: 0.9033 | Time: 00:00:12
Epoch 058 | Seed 2001 | Rate 0.02 | Train Loss: 0.3090 | Val Loss: 0.3094 | Acc (clean): 0.9484 | Acc (poison): 0.9316 | Val Acc: 0.9026 | Time: 00:00:12
Epoch 059 | Seed 2001 | Rate 0.02 | Train Loss: 0.2988 | Val Loss: 0.3083 | Acc (clean): 0.9506 | Acc (poison): 0.9337 | Val Acc: 0.9059 | Time: 00:00:12
Epoch 060 | Seed 2001 | Rate 0.02 | Train Loss: 0.2925 | Val Loss: 0.3000 | Acc (clean): 0.9535 | Acc (poison): 0.9368 | Val Acc: 0.9067 | Time: 00:00:12
Epoch 061 | Seed 2001 | Rate 0.02 | Train Loss: 0.2768 | Val Loss: 0.2975 | Acc (clean): 0.9561 | Acc (poison): 0.9405 | Val Acc: 0.9100 | Time: 00:00:13
Epoch 062 | Seed 2001 | Rate 0.02 | Train Loss: 0.2741 | Val Loss: 0.3123 | Acc (clean): 0.9572 | Acc (poison): 0.9409 | Val Acc: 0.9026 | Time: 00:00:12
Epoch 063 | Seed 2001 | Rate 0.02 | Train Loss: 0.2666 | Val Loss: 0.3152 | Acc (clean): 0.9588 | Acc (poison): 0.9420 | Val Acc: 0.9052 | Time: 00:00:12
Epoch 064 | Seed 2001 | Rate 0.02 | Train Loss: 0.2584 | Val Loss: 0.3047 | Acc (clean): 0.9593 | Acc (poison): 0.9430 | Val Acc: 0.9070 | Time: 00:00:12
Epoch 065 | Seed 2001 | Rate 0.02 | Train Loss: 0.2563 | Val Loss: 0.3120 | Acc (clean): 0.9576 | Acc (poison): 0.9423 | Val Acc: 0.9067 | Time: 00:00:12
Epoch 066 | Seed 2001 | Rate 0.02 | Train Loss: 0.2482 | Val Loss: 0.3130 | Acc (clean): 0.9616 | Acc (poison): 0.9464 | Val Acc: 0.9063 | Time: 00:00:12
Epoch 067 | Seed 2001 | Rate 0.02 | Train Loss: 0.2423 | Val Loss: 0.3117 | Acc (clean): 0.9612 | Acc (poison): 0.9464 | Val Acc: 0.9063 | Time: 00:00:12
Epoch 068 | Seed 2001 | Rate 0.02 | Train Loss: 0.2325 | Val Loss: 0.3329 | Acc (clean): 0.9645 | Acc (poison): 0.9489 | Val Acc: 0.8985 | Time: 00:00:12
Epoch 069 | Seed 2001 | Rate 0.02 | Train Loss: 0.2361 | Val Loss: 0.3301 | Acc (clean): 0.9617 | Acc (poison): 0.9471 | Val Acc: 0.9019 | Time: 00:00:12
Epoch 070 | Seed 2001 | Rate 0.02 | Train Loss: 0.2255 | Val Loss: 0.3262 | Acc (clean): 0.9621 | Acc (poison): 0.9484 | Val Acc: 0.8967 | Time: 00:00:12
Epoch 071 | Seed 2001 | Rate 0.02 | Train Loss: 0.2248 | Val Loss: 0.3099 | Acc (clean): 0.9630 | Acc (poison): 0.9487 | Val Acc: 0.9056 | Time: 00:00:12
Epoch 072 | Seed 2001 | Rate 0.02 | Train Loss: 0.2204 | Val Loss: 0.3249 | Acc (clean): 0.9628 | Acc (poison): 0.9488 | Val Acc: 0.9015 | Time: 00:00:12
Epoch 073 | Seed 2001 | Rate 0.02 | Train Loss: 0.2214 | Val Loss: 0.3422 | Acc (clean): 0.9642 | Acc (poison): 0.9499 | Val Acc: 0.8959 | Time: 00:00:12
Epoch 074 | Seed 2001 | Rate 0.02 | Train Loss: 0.2147 | Val Loss: 0.3364 | Acc (clean): 0.9646 | Acc (poison): 0.9517 | Val Acc: 0.8978 | Time: 00:00:12
Epoch 075 | Seed 2001 | Rate 0.02 | Train Loss: 0.2146 | Val Loss: 0.3178 | Acc (clean): 0.9614 | Acc (poison): 0.9479 | Val Acc: 0.9048 | Time: 00:00:12
Epoch 076 | Seed 2001 | Rate 0.02 | Train Loss: 0.1687 | Val Loss: 0.2767 | Acc (clean): 0.9740 | Acc (poison): 0.9633 | Val Acc: 0.9141 | Time: 00:00:12
Epoch 077 | Seed 2001 | Rate 0.02 | Train Loss: 0.1555 | Val Loss: 0.2757 | Acc (clean): 0.9782 | Acc (poison): 0.9682 | Val Acc: 0.9159 | Time: 00:00:12
Epoch 078 | Seed 2001 | Rate 0.02 | Train Loss: 0.1506 | Val Loss: 0.2698 | Acc (clean): 0.9772 | Acc (poison): 0.9675 | Val Acc: 0.9159 | Time: 00:00:12
Epoch 079 | Seed 2001 | Rate 0.02 | Train Loss: 0.1455 | Val Loss: 0.2739 | Acc (clean): 0.9795 | Acc (poison): 0.9698 | Val Acc: 0.9156 | Time: 00:00:12
Epoch 080 | Seed 2001 | Rate 0.02 | Train Loss: 0.1429 | Val Loss: 0.2754 | Acc (clean): 0.9782 | Acc (poison): 0.9702 | Val Acc: 0.9148 | Time: 00:00:12
Epoch 081 | Seed 2001 | Rate 0.02 | Train Loss: 0.1407 | Val Loss: 0.2802 | Acc (clean): 0.9797 | Acc (poison): 0.9707 | Val Acc: 0.9148 | Time: 00:00:12
Epoch 082 | Seed 2001 | Rate 0.02 | Train Loss: 0.1385 | Val Loss: 0.2810 | Acc (clean): 0.9796 | Acc (poison): 0.9717 | Val Acc: 0.9159 | Time: 00:00:12
Epoch 083 | Seed 2001 | Rate 0.02 | Train Loss: 0.1346 | Val Loss: 0.2835 | Acc (clean): 0.9818 | Acc (poison): 0.9727 | Val Acc: 0.9133 | Time: 00:00:12
Epoch 084 | Seed 2001 | Rate 0.02 | Train Loss: 0.1355 | Val Loss: 0.2784 | Acc (clean): 0.9800 | Acc (poison): 0.9727 | Val Acc: 0.9152 | Time: 00:00:13
Epoch 085 | Seed 2001 | Rate 0.02 | Train Loss: 0.1332 | Val Loss: 0.2799 | Acc (clean): 0.9802 | Acc (poison): 0.9718 | Val Acc: 0.9104 | Time: 00:00:12
Epoch 086 | Seed 2001 | Rate 0.02 | Train Loss: 0.1318 | Val Loss: 0.2862 | Acc (clean): 0.9802 | Acc (poison): 0.9723 | Val Acc: 0.9104 | Time: 00:00:12
Epoch 087 | Seed 2001 | Rate 0.02 | Train Loss: 0.1312 | Val Loss: 0.2810 | Acc (clean): 0.9803 | Acc (poison): 0.9725 | Val Acc: 0.9133 | Time: 00:00:13
Epoch 088 | Seed 2001 | Rate 0.02 | Train Loss: 0.1287 | Val Loss: 0.2780 | Acc (clean): 0.9814 | Acc (poison): 0.9733 | Val Acc: 0.9148 | Time: 00:00:12
Epoch 089 | Seed 2001 | Rate 0.02 | Train Loss: 0.1273 | Val Loss: 0.2796 | Acc (clean): 0.9811 | Acc (poison): 0.9735 | Val Acc: 0.9148 | Time: 00:00:12
Epoch 090 | Seed 2001 | Rate 0.02 | Train Loss: 0.1270 | Val Loss: 0.2810 | Acc (clean): 0.9804 | Acc (poison): 0.9736 | Val Acc: 0.9122 | Time: 00:00:12
Epoch 091 | Seed 2001 | Rate 0.02 | Train Loss: 0.1263 | Val Loss: 0.2843 | Acc (clean): 0.9810 | Acc (poison): 0.9742 | Val Acc: 0.9111 | Time: 00:00:12
Epoch 092 | Seed 2001 | Rate 0.02 | Train Loss: 0.1227 | Val Loss: 0.2876 | Acc (clean): 0.9806 | Acc (poison): 0.9746 | Val Acc: 0.9130 | Time: 00:00:13
Epoch 093 | Seed 2001 | Rate 0.02 | Train Loss: 0.1235 | Val Loss: 0.2830 | Acc (clean): 0.9814 | Acc (poison): 0.9749 | Val Acc: 0.9144 | Time: 00:00:12
Epoch 094 | Seed 2001 | Rate 0.02 | Train Loss: 0.1221 | Val Loss: 0.2844 | Acc (clean): 0.9803 | Acc (poison): 0.9741 | Val Acc: 0.9104 | Time: 00:00:12
Epoch 095 | Seed 2001 | Rate 0.02 | Train Loss: 0.1222 | Val Loss: 0.2780 | Acc (clean): 0.9803 | Acc (poison): 0.9742 | Val Acc: 0.9115 | Time: 00:00:12
Epoch 096 | Seed 2001 | Rate 0.02 | Train Loss: 0.1192 | Val Loss: 0.2902 | Acc (clean): 0.9810 | Acc (poison): 0.9749 | Val Acc: 0.9104 | Time: 00:00:12
Epoch 097 | Seed 2001 | Rate 0.02 | Train Loss: 0.1193 | Val Loss: 0.2794 | Acc (clean): 0.9802 | Acc (poison): 0.9744 | Val Acc: 0.9122 | Time: 00:00:12
Epoch 098 | Seed 2001 | Rate 0.02 | Train Loss: 0.1194 | Val Loss: 0.2821 | Acc (clean): 0.9800 | Acc (poison): 0.9749 | Val Acc: 0.9100 | Time: 00:00:12
Epoch 099 | Seed 2001 | Rate 0.02 | Train Loss: 0.1138 | Val Loss: 0.2814 | Acc (clean): 0.9820 | Acc (poison): 0.9767 | Val Acc: 0.9163 | Time: 00:00:12
Epoch 100 | Seed 2001 | Rate 0.02 | Train Loss: 0.1151 | Val Loss: 0.2843 | Acc (clean): 0.9813 | Acc (poison): 0.9755 | Val Acc: 0.9089 | Time: 00:00:12

=== defense=none attack=RQ1 seed=2001 rate=0.05 ===
Loading train data from /home/yazanme/BachelorThesis/BachelorThesis/data/processed/resisc45/train.h5 with mapping /home/yazanme/BachelorThesis/BachelorThesis/data/processed/resisc45/poisoned/RQ1/seed_2001/labels_0.05.pt... (in_memory=True, workers=4)
Testing torch.compile support...
Successfully compiled model using torch.compile.
Epoch 001 | Seed 2001 | Rate 0.05 | Train Loss: 2.9556 | Val Loss: 2.8414 | Acc (clean): 0.2228 | Acc (poison): 0.2129 | Val Acc: 0.2441 | Time: 00:00:13
Epoch 002 | Seed 2001 | Rate 0.05 | Train Loss: 2.1728 | Val Loss: 2.1850 | Acc (clean): 0.4276 | Acc (poison): 0.4068 | Val Acc: 0.3922 | Time: 00:00:12
Epoch 003 | Seed 2001 | Rate 0.05 | Train Loss: 1.8760 | Val Loss: 1.7805 | Acc (clean): 0.5150 | Acc (poison): 0.4916 | Val Acc: 0.4741 | Time: 00:00:12
Epoch 004 | Seed 2001 | Rate 0.05 | Train Loss: 1.6939 | Val Loss: 1.7272 | Acc (clean): 0.5749 | Acc (poison): 0.5471 | Val Acc: 0.4893 | Time: 00:00:12
Epoch 005 | Seed 2001 | Rate 0.05 | Train Loss: 1.5508 | Val Loss: 1.4464 | Acc (clean): 0.6194 | Acc (poison): 0.5900 | Val Acc: 0.5659 | Time: 00:00:12
Epoch 006 | Seed 2001 | Rate 0.05 | Train Loss: 1.4313 | Val Loss: 1.3341 | Acc (clean): 0.6573 | Acc (poison): 0.6261 | Val Acc: 0.6037 | Time: 00:00:12
Epoch 007 | Seed 2001 | Rate 0.05 | Train Loss: 1.3308 | Val Loss: 1.3166 | Acc (clean): 0.6891 | Acc (poison): 0.6553 | Val Acc: 0.6133 | Time: 00:00:12
Epoch 008 | Seed 2001 | Rate 0.05 | Train Loss: 1.2282 | Val Loss: 1.1654 | Acc (clean): 0.7188 | Acc (poison): 0.6849 | Val Acc: 0.6659 | Time: 00:00:12
Epoch 009 | Seed 2001 | Rate 0.05 | Train Loss: 1.1676 | Val Loss: 1.0353 | Acc (clean): 0.7404 | Acc (poison): 0.7055 | Val Acc: 0.7048 | Time: 00:00:12
Epoch 010 | Seed 2001 | Rate 0.05 | Train Loss: 1.1251 | Val Loss: 1.2584 | Acc (clean): 0.7584 | Acc (poison): 0.7223 | Val Acc: 0.6456 | Time: 00:00:12
Epoch 011 | Seed 2001 | Rate 0.05 | Train Loss: 1.0851 | Val Loss: 1.0592 | Acc (clean): 0.7674 | Acc (poison): 0.7309 | Val Acc: 0.6911 | Time: 00:00:12
Epoch 012 | Seed 2001 | Rate 0.05 | Train Loss: 1.0556 | Val Loss: 1.1048 | Acc (clean): 0.7799 | Acc (poison): 0.7425 | Val Acc: 0.6881 | Time: 00:00:12
Epoch 013 | Seed 2001 | Rate 0.05 | Train Loss: 1.0244 | Val Loss: 1.1353 | Acc (clean): 0.7872 | Acc (poison): 0.7489 | Val Acc: 0.6733 | Time: 00:00:12
Epoch 014 | Seed 2001 | Rate 0.05 | Train Loss: 1.0163 | Val Loss: 1.8442 | Acc (clean): 0.7873 | Acc (poison): 0.7509 | Val Acc: 0.5026 | Time: 00:00:12
Epoch 015 | Seed 2001 | Rate 0.05 | Train Loss: 0.9999 | Val Loss: 1.0524 | Acc (clean): 0.7940 | Acc (poison): 0.7568 | Val Acc: 0.6852 | Time: 00:00:12
Epoch 016 | Seed 2001 | Rate 0.05 | Train Loss: 0.9848 | Val Loss: 0.9976 | Acc (clean): 0.7999 | Acc (poison): 0.7619 | Val Acc: 0.7104 | Time: 00:00:12
Epoch 017 | Seed 2001 | Rate 0.05 | Train Loss: 0.9752 | Val Loss: 1.1014 | Acc (clean): 0.8048 | Acc (poison): 0.7663 | Val Acc: 0.6819 | Time: 00:00:12
Epoch 018 | Seed 2001 | Rate 0.05 | Train Loss: 0.9637 | Val Loss: 0.9129 | Acc (clean): 0.8057 | Acc (poison): 0.7678 | Val Acc: 0.7411 | Time: 00:00:12
Epoch 019 | Seed 2001 | Rate 0.05 | Train Loss: 0.9582 | Val Loss: 1.3751 | Acc (clean): 0.8091 | Acc (poison): 0.7705 | Val Acc: 0.6089 | Time: 00:00:12
Epoch 020 | Seed 2001 | Rate 0.05 | Train Loss: 0.9620 | Val Loss: 1.1272 | Acc (clean): 0.8089 | Acc (poison): 0.7704 | Val Acc: 0.6726 | Time: 00:00:12
Epoch 021 | Seed 2001 | Rate 0.05 | Train Loss: 0.9519 | Val Loss: 1.0867 | Acc (clean): 0.8137 | Acc (poison): 0.7746 | Val Acc: 0.6856 | Time: 00:00:12
Epoch 022 | Seed 2001 | Rate 0.05 | Train Loss: 0.9358 | Val Loss: 1.1061 | Acc (clean): 0.8149 | Acc (poison): 0.7764 | Val Acc: 0.6704 | Time: 00:00:12
Epoch 023 | Seed 2001 | Rate 0.05 | Train Loss: 0.9475 | Val Loss: 1.0068 | Acc (clean): 0.8153 | Acc (poison): 0.7760 | Val Acc: 0.7119 | Time: 00:00:12
Epoch 024 | Seed 2001 | Rate 0.05 | Train Loss: 0.9425 | Val Loss: 0.9733 | Acc (clean): 0.8142 | Acc (poison): 0.7758 | Val Acc: 0.7148 | Time: 00:00:12
Epoch 025 | Seed 2001 | Rate 0.05 | Train Loss: 0.9356 | Val Loss: 1.3257 | Acc (clean): 0.8163 | Acc (poison): 0.7774 | Val Acc: 0.6078 | Time: 00:00:12
Epoch 026 | Seed 2001 | Rate 0.05 | Train Loss: 0.9341 | Val Loss: 1.1201 | Acc (clean): 0.8144 | Acc (poison): 0.7756 | Val Acc: 0.6889 | Time: 00:00:12
Epoch 027 | Seed 2001 | Rate 0.05 | Train Loss: 0.9333 | Val Loss: 0.9845 | Acc (clean): 0.8164 | Acc (poison): 0.7772 | Val Acc: 0.7030 | Time: 00:00:12
Epoch 028 | Seed 2001 | Rate 0.05 | Train Loss: 0.9287 | Val Loss: 1.2872 | Acc (clean): 0.8179 | Acc (poison): 0.7804 | Val Acc: 0.6274 | Time: 00:00:12
Epoch 029 | Seed 2001 | Rate 0.05 | Train Loss: 0.9285 | Val Loss: 1.0431 | Acc (clean): 0.8177 | Acc (poison): 0.7791 | Val Acc: 0.6970 | Time: 00:00:12
Epoch 030 | Seed 2001 | Rate 0.05 | Train Loss: 0.9257 | Val Loss: 0.9894 | Acc (clean): 0.8219 | Acc (poison): 0.7832 | Val Acc: 0.7096 | Time: 00:00:12
Epoch 031 | Seed 2001 | Rate 0.05 | Train Loss: 0.9296 | Val Loss: 1.0576 | Acc (clean): 0.8172 | Acc (poison): 0.7788 | Val Acc: 0.6967 | Time: 00:00:12
Epoch 032 | Seed 2001 | Rate 0.05 | Train Loss: 0.9154 | Val Loss: 0.9834 | Acc (clean): 0.8237 | Acc (poison): 0.7847 | Val Acc: 0.7159 | Time: 00:00:12
Epoch 033 | Seed 2001 | Rate 0.05 | Train Loss: 0.9174 | Val Loss: 1.0361 | Acc (clean): 0.8239 | Acc (poison): 0.7851 | Val Acc: 0.6915 | Time: 00:00:12
Epoch 034 | Seed 2001 | Rate 0.05 | Train Loss: 0.9013 | Val Loss: 0.9353 | Acc (clean): 0.8269 | Acc (poison): 0.7881 | Val Acc: 0.7304 | Time: 00:00:12
Epoch 035 | Seed 2001 | Rate 0.05 | Train Loss: 0.9093 | Val Loss: 1.0236 | Acc (clean): 0.8262 | Acc (poison): 0.7874 | Val Acc: 0.7059 | Time: 00:00:12
Epoch 036 | Seed 2001 | Rate 0.05 | Train Loss: 0.8978 | Val Loss: 1.0363 | Acc (clean): 0.8295 | Acc (poison): 0.7910 | Val Acc: 0.7056 | Time: 00:00:12
Epoch 037 | Seed 2001 | Rate 0.05 | Train Loss: 0.9016 | Val Loss: 0.9876 | Acc (clean): 0.8320 | Acc (poison): 0.7922 | Val Acc: 0.7156 | Time: 00:00:12
Epoch 038 | Seed 2001 | Rate 0.05 | Train Loss: 0.9007 | Val Loss: 1.3889 | Acc (clean): 0.8308 | Acc (poison): 0.7914 | Val Acc: 0.6248 | Time: 00:00:12
Epoch 039 | Seed 2001 | Rate 0.05 | Train Loss: 0.9096 | Val Loss: 1.2502 | Acc (clean): 0.8225 | Acc (poison): 0.7841 | Val Acc: 0.6444 | Time: 00:00:12
Epoch 040 | Seed 2001 | Rate 0.05 | Train Loss: 0.8943 | Val Loss: 1.1372 | Acc (clean): 0.8314 | Acc (poison): 0.7920 | Val Acc: 0.6737 | Time: 00:00:12
Epoch 041 | Seed 2001 | Rate 0.05 | Train Loss: 0.8931 | Val Loss: 0.9126 | Acc (clean): 0.8335 | Acc (poison): 0.7938 | Val Acc: 0.7400 | Time: 00:00:12
Epoch 042 | Seed 2001 | Rate 0.05 | Train Loss: 0.9014 | Val Loss: 0.9222 | Acc (clean): 0.8295 | Acc (poison): 0.7908 | Val Acc: 0.7285 | Time: 00:00:12
Epoch 043 | Seed 2001 | Rate 0.05 | Train Loss: 0.8900 | Val Loss: 1.2072 | Acc (clean): 0.8325 | Acc (poison): 0.7932 | Val Acc: 0.6585 | Time: 00:00:12
Epoch 044 | Seed 2001 | Rate 0.05 | Train Loss: 0.8983 | Val Loss: 0.9654 | Acc (clean): 0.8300 | Acc (poison): 0.7912 | Val Acc: 0.7256 | Time: 00:00:12
Epoch 045 | Seed 2001 | Rate 0.05 | Train Loss: 0.8796 | Val Loss: 0.8552 | Acc (clean): 0.8349 | Acc (poison): 0.7957 | Val Acc: 0.7519 | Time: 00:00:12
Epoch 046 | Seed 2001 | Rate 0.05 | Train Loss: 0.8952 | Val Loss: 0.9525 | Acc (clean): 0.8312 | Acc (poison): 0.7922 | Val Acc: 0.7259 | Time: 00:00:13
Epoch 047 | Seed 2001 | Rate 0.05 | Train Loss: 0.8916 | Val Loss: 2.3109 | Acc (clean): 0.8331 | Acc (poison): 0.7934 | Val Acc: 0.4004 | Time: 00:00:12
Epoch 048 | Seed 2001 | Rate 0.05 | Train Loss: 0.9014 | Val Loss: 1.2677 | Acc (clean): 0.8321 | Acc (poison): 0.7926 | Val Acc: 0.6433 | Time: 00:00:13
Epoch 049 | Seed 2001 | Rate 0.05 | Train Loss: 0.8909 | Val Loss: 1.0352 | Acc (clean): 0.8293 | Acc (poison): 0.7904 | Val Acc: 0.7033 | Time: 00:00:12
Epoch 050 | Seed 2001 | Rate 0.05 | Train Loss: 0.8891 | Val Loss: 1.7482 | Acc (clean): 0.8335 | Acc (poison): 0.7939 | Val Acc: 0.5378 | Time: 00:00:12
Epoch 051 | Seed 2001 | Rate 0.05 | Train Loss: 0.6768 | Val Loss: 0.3848 | Acc (clean): 0.9019 | Acc (poison): 0.8598 | Val Acc: 0.8881 | Time: 00:00:13
Epoch 052 | Seed 2001 | Rate 0.05 | Train Loss: 0.6076 | Val Loss: 0.3669 | Acc (clean): 0.9224 | Acc (poison): 0.8784 | Val Acc: 0.9000 | Time: 00:00:12
Epoch 053 | Seed 2001 | Rate 0.05 | Train Loss: 0.5793 | Val Loss: 0.3614 | Acc (clean): 0.9273 | Acc (poison): 0.8844 | Val Acc: 0.8963 | Time: 00:00:12
Epoch 054 | Seed 2001 | Rate 0.05 | Train Loss: 0.5581 | Val Loss: 0.3552 | Acc (clean): 0.9341 | Acc (poison): 0.8905 | Val Acc: 0.9007 | Time: 00:00:12
Epoch 055 | Seed 2001 | Rate 0.05 | Train Loss: 0.5410 | Val Loss: 0.3497 | Acc (clean): 0.9369 | Acc (poison): 0.8941 | Val Acc: 0.9067 | Time: 00:00:12
Epoch 056 | Seed 2001 | Rate 0.05 | Train Loss: 0.5298 | Val Loss: 0.3487 | Acc (clean): 0.9365 | Acc (poison): 0.8944 | Val Acc: 0.9056 | Time: 00:00:12
Epoch 057 | Seed 2001 | Rate 0.05 | Train Loss: 0.5106 | Val Loss: 0.3638 | Acc (clean): 0.9432 | Acc (poison): 0.9006 | Val Acc: 0.8996 | Time: 00:00:12
Epoch 058 | Seed 2001 | Rate 0.05 | Train Loss: 0.5053 | Val Loss: 0.3809 | Acc (clean): 0.9436 | Acc (poison): 0.9009 | Val Acc: 0.8989 | Time: 00:00:12
Epoch 059 | Seed 2001 | Rate 0.05 | Train Loss: 0.4938 | Val Loss: 0.3330 | Acc (clean): 0.9427 | Acc (poison): 0.9016 | Val Acc: 0.9093 | Time: 00:00:12
Epoch 060 | Seed 2001 | Rate 0.05 | Train Loss: 0.4840 | Val Loss: 0.3534 | Acc (clean): 0.9456 | Acc (poison): 0.9040 | Val Acc: 0.9048 | Time: 00:00:12
Epoch 061 | Seed 2001 | Rate 0.05 | Train Loss: 0.4700 | Val Loss: 0.3580 | Acc (clean): 0.9467 | Acc (poison): 0.9060 | Val Acc: 0.9015 | Time: 00:00:12
Epoch 062 | Seed 2001 | Rate 0.05 | Train Loss: 0.4647 | Val Loss: 0.3450 | Acc (clean): 0.9489 | Acc (poison): 0.9074 | Val Acc: 0.9011 | Time: 00:00:12
Epoch 063 | Seed 2001 | Rate 0.05 | Train Loss: 0.4535 | Val Loss: 0.3432 | Acc (clean): 0.9491 | Acc (poison): 0.9090 | Val Acc: 0.9052 | Time: 00:00:12
Epoch 064 | Seed 2001 | Rate 0.05 | Train Loss: 0.4500 | Val Loss: 0.3737 | Acc (clean): 0.9505 | Acc (poison): 0.9100 | Val Acc: 0.8970 | Time: 00:00:13
Epoch 065 | Seed 2001 | Rate 0.05 | Train Loss: 0.4418 | Val Loss: 0.3700 | Acc (clean): 0.9488 | Acc (poison): 0.9095 | Val Acc: 0.8959 | Time: 00:00:12
Epoch 066 | Seed 2001 | Rate 0.05 | Train Loss: 0.4318 | Val Loss: 0.3623 | Acc (clean): 0.9515 | Acc (poison): 0.9124 | Val Acc: 0.9033 | Time: 00:00:12
Epoch 067 | Seed 2001 | Rate 0.05 | Train Loss: 0.4300 | Val Loss: 0.3716 | Acc (clean): 0.9510 | Acc (poison): 0.9125 | Val Acc: 0.8970 | Time: 00:00:12
Epoch 068 | Seed 2001 | Rate 0.05 | Train Loss: 0.4190 | Val Loss: 0.3796 | Acc (clean): 0.9526 | Acc (poison): 0.9149 | Val Acc: 0.8941 | Time: 00:00:12
Epoch 069 | Seed 2001 | Rate 0.05 | Train Loss: 0.4122 | Val Loss: 0.4245 | Acc (clean): 0.9537 | Acc (poison): 0.9158 | Val Acc: 0.8796 | Time: 00:00:12
Epoch 070 | Seed 2001 | Rate 0.05 | Train Loss: 0.4046 | Val Loss: 0.3919 | Acc (clean): 0.9527 | Acc (poison): 0.9166 | Val Acc: 0.8856 | Time: 00:00:12
Epoch 071 | Seed 2001 | Rate 0.05 | Train Loss: 0.4039 | Val Loss: 0.4041 | Acc (clean): 0.9532 | Acc (poison): 0.9163 | Val Acc: 0.8863 | Time: 00:00:12
Epoch 072 | Seed 2001 | Rate 0.05 | Train Loss: 0.3965 | Val Loss: 0.3900 | Acc (clean): 0.9505 | Acc (poison): 0.9146 | Val Acc: 0.8904 | Time: 00:00:12
Epoch 073 | Seed 2001 | Rate 0.05 | Train Loss: 0.3939 | Val Loss: 0.3837 | Acc (clean): 0.9503 | Acc (poison): 0.9149 | Val Acc: 0.9015 | Time: 00:00:12
Epoch 074 | Seed 2001 | Rate 0.05 | Train Loss: 0.3832 | Val Loss: 0.3922 | Acc (clean): 0.9526 | Acc (poison): 0.9179 | Val Acc: 0.8870 | Time: 00:00:12
Epoch 075 | Seed 2001 | Rate 0.05 | Train Loss: 0.3823 | Val Loss: 0.4063 | Acc (clean): 0.9512 | Acc (poison): 0.9167 | Val Acc: 0.8867 | Time: 00:00:12
Epoch 076 | Seed 2001 | Rate 0.05 | Train Loss: 0.3184 | Val Loss: 0.3365 | Acc (clean): 0.9633 | Acc (poison): 0.9323 | Val Acc: 0.9130 | Time: 00:00:12
Epoch 077 | Seed 2001 | Rate 0.05 | Train Loss: 0.2943 | Val Loss: 0.3383 | Acc (clean): 0.9665 | Acc (poison): 0.9376 | Val Acc: 0.9093 | Time: 00:00:12
Epoch 078 | Seed 2001 | Rate 0.05 | Train Loss: 0.2884 | Val Loss: 0.3325 | Acc (clean): 0.9676 | Acc (poison): 0.9388 | Val Acc: 0.9130 | Time: 00:00:12
Epoch 079 | Seed 2001 | Rate 0.05 | Train Loss: 0.2857 | Val Loss: 0.3383 | Acc (clean): 0.9674 | Acc (poison): 0.9388 | Val Acc: 0.9074 | Time: 00:00:12
Epoch 080 | Seed 2001 | Rate 0.05 | Train Loss: 0.2812 | Val Loss: 0.3378 | Acc (clean): 0.9676 | Acc (poison): 0.9402 | Val Acc: 0.9119 | Time: 00:00:12
Epoch 081 | Seed 2001 | Rate 0.05 | Train Loss: 0.2748 | Val Loss: 0.3390 | Acc (clean): 0.9679 | Acc (poison): 0.9410 | Val Acc: 0.9063 | Time: 00:00:12
Epoch 082 | Seed 2001 | Rate 0.05 | Train Loss: 0.2713 | Val Loss: 0.3389 | Acc (clean): 0.9670 | Acc (poison): 0.9419 | Val Acc: 0.9093 | Time: 00:00:12
Epoch 083 | Seed 2001 | Rate 0.05 | Train Loss: 0.2663 | Val Loss: 0.3461 | Acc (clean): 0.9701 | Acc (poison): 0.9444 | Val Acc: 0.9063 | Time: 00:00:13
Epoch 084 | Seed 2001 | Rate 0.05 | Train Loss: 0.2655 | Val Loss: 0.3464 | Acc (clean): 0.9679 | Acc (poison): 0.9435 | Val Acc: 0.9078 | Time: 00:00:12
Epoch 085 | Seed 2001 | Rate 0.05 | Train Loss: 0.2658 | Val Loss: 0.3484 | Acc (clean): 0.9682 | Acc (poison): 0.9431 | Val Acc: 0.9052 | Time: 00:00:12
Epoch 086 | Seed 2001 | Rate 0.05 | Train Loss: 0.2594 | Val Loss: 0.3426 | Acc (clean): 0.9681 | Acc (poison): 0.9437 | Val Acc: 0.9048 | Time: 00:00:12
Epoch 087 | Seed 2001 | Rate 0.05 | Train Loss: 0.2596 | Val Loss: 0.3363 | Acc (clean): 0.9679 | Acc (poison): 0.9435 | Val Acc: 0.9100 | Time: 00:00:12
Epoch 088 | Seed 2001 | Rate 0.05 | Train Loss: 0.2562 | Val Loss: 0.3402 | Acc (clean): 0.9673 | Acc (poison): 0.9445 | Val Acc: 0.9070 | Time: 00:00:12
Epoch 089 | Seed 2001 | Rate 0.05 | Train Loss: 0.2527 | Val Loss: 0.3436 | Acc (clean): 0.9670 | Acc (poison): 0.9447 | Val Acc: 0.9078 | Time: 00:00:12
Epoch 090 | Seed 2001 | Rate 0.05 | Train Loss: 0.2517 | Val Loss: 0.3473 | Acc (clean): 0.9675 | Acc (poison): 0.9444 | Val Acc: 0.9056 | Time: 00:00:12
Epoch 091 | Seed 2001 | Rate 0.05 | Train Loss: 0.2487 | Val Loss: 0.3499 | Acc (clean): 0.9676 | Acc (poison): 0.9461 | Val Acc: 0.9048 | Time: 00:00:12
Epoch 092 | Seed 2001 | Rate 0.05 | Train Loss: 0.2459 | Val Loss: 0.3512 | Acc (clean): 0.9679 | Acc (poison): 0.9460 | Val Acc: 0.9048 | Time: 00:00:12
Epoch 093 | Seed 2001 | Rate 0.05 | Train Loss: 0.2428 | Val Loss: 0.3482 | Acc (clean): 0.9688 | Acc (poison): 0.9475 | Val Acc: 0.9030 | Time: 00:00:12
Epoch 094 | Seed 2001 | Rate 0.05 | Train Loss: 0.2418 | Val Loss: 0.3535 | Acc (clean): 0.9667 | Acc (poison): 0.9471 | Val Acc: 0.9044 | Time: 00:00:12
Epoch 095 | Seed 2001 | Rate 0.05 | Train Loss: 0.2382 | Val Loss: 0.3425 | Acc (clean): 0.9671 | Acc (poison): 0.9474 | Val Acc: 0.9048 | Time: 00:00:12
Epoch 096 | Seed 2001 | Rate 0.05 | Train Loss: 0.2362 | Val Loss: 0.3593 | Acc (clean): 0.9691 | Acc (poison): 0.9493 | Val Acc: 0.8989 | Time: 00:00:12
Epoch 097 | Seed 2001 | Rate 0.05 | Train Loss: 0.2347 | Val Loss: 0.3506 | Acc (clean): 0.9675 | Acc (poison): 0.9494 | Val Acc: 0.9044 | Time: 00:00:12
Epoch 098 | Seed 2001 | Rate 0.05 | Train Loss: 0.2349 | Val Loss: 0.3500 | Acc (clean): 0.9662 | Acc (poison): 0.9479 | Val Acc: 0.9093 | Time: 00:00:12
Epoch 099 | Seed 2001 | Rate 0.05 | Train Loss: 0.2307 | Val Loss: 0.3494 | Acc (clean): 0.9666 | Acc (poison): 0.9486 | Val Acc: 0.9056 | Time: 00:00:11
Epoch 100 | Seed 2001 | Rate 0.05 | Train Loss: 0.2276 | Val Loss: 0.3548 | Acc (clean): 0.9693 | Acc (poison): 0.9500 | Val Acc: 0.9015 | Time: 00:00:12

=== defense=none attack=RQ1 seed=2001 rate=0.1 ===
Loading train data from /home/yazanme/BachelorThesis/BachelorThesis/data/processed/resisc45/train.h5 with mapping /home/yazanme/BachelorThesis/BachelorThesis/data/processed/resisc45/poisoned/RQ1/seed_2001/labels_0.10.pt... (in_memory=True, workers=4)
Testing torch.compile support...
Successfully compiled model using torch.compile.
Epoch 001 | Seed 2001 | Rate 0.10 | Train Loss: 3.0969 | Val Loss: 2.4150 | Acc (clean): 0.2192 | Acc (poison): 0.2010 | Val Acc: 0.3196 | Time: 00:00:13
Epoch 002 | Seed 2001 | Rate 0.10 | Train Loss: 2.3874 | Val Loss: 2.2182 | Acc (clean): 0.4176 | Acc (poison): 0.3786 | Val Acc: 0.3878 | Time: 00:00:12
Epoch 003 | Seed 2001 | Rate 0.10 | Train Loss: 2.1309 | Val Loss: 1.8699 | Acc (clean): 0.4986 | Acc (poison): 0.4521 | Val Acc: 0.4707 | Time: 00:00:12
Epoch 004 | Seed 2001 | Rate 0.10 | Train Loss: 1.9675 | Val Loss: 1.6706 | Acc (clean): 0.5522 | Acc (poison): 0.5009 | Val Acc: 0.5115 | Time: 00:00:12
Epoch 005 | Seed 2001 | Rate 0.10 | Train Loss: 1.8341 | Val Loss: 1.7475 | Acc (clean): 0.5977 | Acc (poison): 0.5402 | Val Acc: 0.4919 | Time: 00:00:12
Epoch 006 | Seed 2001 | Rate 0.10 | Train Loss: 1.7231 | Val Loss: 1.5176 | Acc (clean): 0.6403 | Acc (poison): 0.5794 | Val Acc: 0.5633 | Time: 00:00:12
Epoch 007 | Seed 2001 | Rate 0.10 | Train Loss: 1.6302 | Val Loss: 2.1223 | Acc (clean): 0.6711 | Acc (poison): 0.6080 | Val Acc: 0.4367 | Time: 00:00:12
Epoch 008 | Seed 2001 | Rate 0.10 | Train Loss: 1.5469 | Val Loss: 1.3806 | Acc (clean): 0.6989 | Acc (poison): 0.6323 | Val Acc: 0.6148 | Time: 00:00:12
Epoch 009 | Seed 2001 | Rate 0.10 | Train Loss: 1.4868 | Val Loss: 1.9851 | Acc (clean): 0.7193 | Acc (poison): 0.6512 | Val Acc: 0.4552 | Time: 00:00:12
Epoch 010 | Seed 2001 | Rate 0.10 | Train Loss: 1.4213 | Val Loss: 1.4146 | Acc (clean): 0.7424 | Acc (poison): 0.6711 | Val Acc: 0.6004 | Time: 00:00:12
Epoch 011 | Seed 2001 | Rate 0.10 | Train Loss: 1.3962 | Val Loss: 1.1651 | Acc (clean): 0.7521 | Acc (poison): 0.6811 | Val Acc: 0.6752 | Time: 00:00:12
Epoch 012 | Seed 2001 | Rate 0.10 | Train Loss: 1.3655 | Val Loss: 1.1981 | Acc (clean): 0.7626 | Acc (poison): 0.6900 | Val Acc: 0.6667 | Time: 00:00:12
Epoch 013 | Seed 2001 | Rate 0.10 | Train Loss: 1.3386 | Val Loss: 1.3352 | Acc (clean): 0.7704 | Acc (poison): 0.6966 | Val Acc: 0.6156 | Time: 00:00:12
Epoch 014 | Seed 2001 | Rate 0.10 | Train Loss: 1.3211 | Val Loss: 1.2455 | Acc (clean): 0.7811 | Acc (poison): 0.7068 | Val Acc: 0.6463 | Time: 00:00:12
Epoch 015 | Seed 2001 | Rate 0.10 | Train Loss: 1.3005 | Val Loss: 0.9578 | Acc (clean): 0.7837 | Acc (poison): 0.7093 | Val Acc: 0.7359 | Time: 00:00:12
Epoch 016 | Seed 2001 | Rate 0.10 | Train Loss: 1.2935 | Val Loss: 1.1097 | Acc (clean): 0.7852 | Acc (poison): 0.7112 | Val Acc: 0.6863 | Time: 00:00:12
Epoch 017 | Seed 2001 | Rate 0.10 | Train Loss: 1.2868 | Val Loss: 1.6491 | Acc (clean): 0.7908 | Acc (poison): 0.7165 | Val Acc: 0.5537 | Time: 00:00:12
Epoch 018 | Seed 2001 | Rate 0.10 | Train Loss: 1.2677 | Val Loss: 1.0755 | Acc (clean): 0.7949 | Acc (poison): 0.7195 | Val Acc: 0.7141 | Time: 00:00:12
Epoch 019 | Seed 2001 | Rate 0.10 | Train Loss: 1.2734 | Val Loss: 1.2196 | Acc (clean): 0.7936 | Acc (poison): 0.7183 | Val Acc: 0.6552 | Time: 00:00:12
Epoch 020 | Seed 2001 | Rate 0.10 | Train Loss: 1.2717 | Val Loss: 0.9692 | Acc (clean): 0.7968 | Acc (poison): 0.7210 | Val Acc: 0.7289 | Time: 00:00:12
Epoch 021 | Seed 2001 | Rate 0.10 | Train Loss: 1.2533 | Val Loss: 1.5829 | Acc (clean): 0.8019 | Acc (poison): 0.7266 | Val Acc: 0.5859 | Time: 00:00:12
Epoch 022 | Seed 2001 | Rate 0.10 | Train Loss: 1.2442 | Val Loss: 1.0615 | Acc (clean): 0.8021 | Acc (poison): 0.7277 | Val Acc: 0.7011 | Time: 00:00:12
Epoch 023 | Seed 2001 | Rate 0.10 | Train Loss: 1.2547 | Val Loss: 1.1599 | Acc (clean): 0.8014 | Acc (poison): 0.7255 | Val Acc: 0.6863 | Time: 00:00:12
Epoch 024 | Seed 2001 | Rate 0.10 | Train Loss: 1.2434 | Val Loss: 1.4637 | Acc (clean): 0.8042 | Acc (poison): 0.7277 | Val Acc: 0.5970 | Time: 00:00:12
Epoch 025 | Seed 2001 | Rate 0.10 | Train Loss: 1.2398 | Val Loss: 1.5405 | Acc (clean): 0.8068 | Acc (poison): 0.7304 | Val Acc: 0.5748 | Time: 00:00:12
Epoch 026 | Seed 2001 | Rate 0.10 | Train Loss: 1.2396 | Val Loss: 1.3563 | Acc (clean): 0.8083 | Acc (poison): 0.7320 | Val Acc: 0.6307 | Time: 00:00:12
Epoch 027 | Seed 2001 | Rate 0.10 | Train Loss: 1.2334 | Val Loss: 1.1579 | Acc (clean): 0.8095 | Acc (poison): 0.7336 | Val Acc: 0.6778 | Time: 00:00:12
Epoch 028 | Seed 2001 | Rate 0.10 | Train Loss: 1.2289 | Val Loss: 1.3045 | Acc (clean): 0.8101 | Acc (poison): 0.7332 | Val Acc: 0.6363 | Time: 00:00:12
Epoch 029 | Seed 2001 | Rate 0.10 | Train Loss: 1.2246 | Val Loss: 1.2369 | Acc (clean): 0.8100 | Acc (poison): 0.7338 | Val Acc: 0.6567 | Time: 00:00:12
Epoch 030 | Seed 2001 | Rate 0.10 | Train Loss: 1.2236 | Val Loss: 1.2864 | Acc (clean): 0.8129 | Acc (poison): 0.7367 | Val Acc: 0.6407 | Time: 00:00:12
Epoch 031 | Seed 2001 | Rate 0.10 | Train Loss: 1.2332 | Val Loss: 1.3731 | Acc (clean): 0.8113 | Acc (poison): 0.7354 | Val Acc: 0.6185 | Time: 00:00:12
Epoch 032 | Seed 2001 | Rate 0.10 | Train Loss: 1.2293 | Val Loss: 1.5438 | Acc (clean): 0.8100 | Acc (poison): 0.7349 | Val Acc: 0.5756 | Time: 00:00:12
Epoch 033 | Seed 2001 | Rate 0.10 | Train Loss: 1.2324 | Val Loss: 1.5586 | Acc (clean): 0.8109 | Acc (poison): 0.7343 | Val Acc: 0.5837 | Time: 00:00:12
Epoch 034 | Seed 2001 | Rate 0.10 | Train Loss: 1.2156 | Val Loss: 1.3004 | Acc (clean): 0.8139 | Acc (poison): 0.7380 | Val Acc: 0.6500 | Time: 00:00:12
Epoch 035 | Seed 2001 | Rate 0.10 | Train Loss: 1.2206 | Val Loss: 1.2720 | Acc (clean): 0.8136 | Acc (poison): 0.7367 | Val Acc: 0.6556 | Time: 00:00:12
Epoch 036 | Seed 2001 | Rate 0.10 | Train Loss: 1.2117 | Val Loss: 1.2825 | Acc (clean): 0.8163 | Acc (poison): 0.7400 | Val Acc: 0.6541 | Time: 00:00:12
Epoch 037 | Seed 2001 | Rate 0.10 | Train Loss: 1.2134 | Val Loss: 1.5850 | Acc (clean): 0.8149 | Acc (poison): 0.7377 | Val Acc: 0.5700 | Time: 00:00:12
Epoch 038 | Seed 2001 | Rate 0.10 | Train Loss: 1.2155 | Val Loss: 1.1930 | Acc (clean): 0.8177 | Acc (poison): 0.7402 | Val Acc: 0.6637 | Time: 00:00:12
Epoch 039 | Seed 2001 | Rate 0.10 | Train Loss: 1.2176 | Val Loss: 1.2540 | Acc (clean): 0.8142 | Acc (poison): 0.7353 | Val Acc: 0.6533 | Time: 00:00:12
Epoch 040 | Seed 2001 | Rate 0.10 | Train Loss: 1.2052 | Val Loss: 0.9882 | Acc (clean): 0.8172 | Acc (poison): 0.7403 | Val Acc: 0.7289 | Time: 00:00:12
Epoch 041 | Seed 2001 | Rate 0.10 | Train Loss: 1.2024 | Val Loss: 1.1332 | Acc (clean): 0.8191 | Acc (poison): 0.7414 | Val Acc: 0.6878 | Time: 00:00:12
Epoch 042 | Seed 2001 | Rate 0.10 | Train Loss: 1.1994 | Val Loss: 1.1682 | Acc (clean): 0.8174 | Acc (poison): 0.7409 | Val Acc: 0.6822 | Time: 00:00:12
Epoch 043 | Seed 2001 | Rate 0.10 | Train Loss: 1.2037 | Val Loss: 1.4692 | Acc (clean): 0.8193 | Acc (poison): 0.7418 | Val Acc: 0.5956 | Time: 00:00:12
Epoch 044 | Seed 2001 | Rate 0.10 | Train Loss: 1.2005 | Val Loss: 1.0529 | Acc (clean): 0.8193 | Acc (poison): 0.7426 | Val Acc: 0.7156 | Time: 00:00:12
Epoch 045 | Seed 2001 | Rate 0.10 | Train Loss: 1.2027 | Val Loss: 2.5766 | Acc (clean): 0.8191 | Acc (poison): 0.7420 | Val Acc: 0.3689 | Time: 00:00:12
Epoch 046 | Seed 2001 | Rate 0.10 | Train Loss: 1.1968 | Val Loss: 1.1560 | Acc (clean): 0.8191 | Acc (poison): 0.7430 | Val Acc: 0.6744 | Time: 00:00:12
Epoch 047 | Seed 2001 | Rate 0.10 | Train Loss: 1.1970 | Val Loss: 1.1437 | Acc (clean): 0.8209 | Acc (poison): 0.7437 | Val Acc: 0.6781 | Time: 00:00:12
Epoch 048 | Seed 2001 | Rate 0.10 | Train Loss: 1.2071 | Val Loss: 0.9582 | Acc (clean): 0.8204 | Acc (poison): 0.7426 | Val Acc: 0.7496 | Time: 00:00:12
Epoch 049 | Seed 2001 | Rate 0.10 | Train Loss: 1.2014 | Val Loss: 1.1562 | Acc (clean): 0.8226 | Acc (poison): 0.7449 | Val Acc: 0.6781 | Time: 00:00:12
Epoch 050 | Seed 2001 | Rate 0.10 | Train Loss: 1.1920 | Val Loss: 1.5533 | Acc (clean): 0.8210 | Acc (poison): 0.7459 | Val Acc: 0.5830 | Time: 00:00:12
Epoch 051 | Seed 2001 | Rate 0.10 | Train Loss: 0.9823 | Val Loss: 0.4650 | Acc (clean): 0.8909 | Acc (poison): 0.8071 | Val Acc: 0.8815 | Time: 00:00:12
Epoch 052 | Seed 2001 | Rate 0.10 | Train Loss: 0.9015 | Val Loss: 0.4478 | Acc (clean): 0.9139 | Acc (poison): 0.8287 | Val Acc: 0.8874 | Time: 00:00:12
Epoch 053 | Seed 2001 | Rate 0.10 | Train Loss: 0.8740 | Val Loss: 0.4472 | Acc (clean): 0.9191 | Acc (poison): 0.8343 | Val Acc: 0.8922 | Time: 00:00:12
Epoch 054 | Seed 2001 | Rate 0.10 | Train Loss: 0.8527 | Val Loss: 0.4289 | Acc (clean): 0.9254 | Acc (poison): 0.8395 | Val Acc: 0.8911 | Time: 00:00:12
Epoch 055 | Seed 2001 | Rate 0.10 | Train Loss: 0.8400 | Val Loss: 0.4359 | Acc (clean): 0.9268 | Acc (poison): 0.8409 | Val Acc: 0.8970 | Time: 00:00:12
Epoch 056 | Seed 2001 | Rate 0.10 | Train Loss: 0.8229 | Val Loss: 0.4356 | Acc (clean): 0.9293 | Acc (poison): 0.8449 | Val Acc: 0.8970 | Time: 00:00:12
Epoch 057 | Seed 2001 | Rate 0.10 | Train Loss: 0.8063 | Val Loss: 0.4530 | Acc (clean): 0.9319 | Acc (poison): 0.8480 | Val Acc: 0.8889 | Time: 00:00:12
Epoch 058 | Seed 2001 | Rate 0.10 | Train Loss: 0.7974 | Val Loss: 0.4355 | Acc (clean): 0.9333 | Acc (poison): 0.8482 | Val Acc: 0.8904 | Time: 00:00:12
Epoch 059 | Seed 2001 | Rate 0.10 | Train Loss: 0.7868 | Val Loss: 0.4422 | Acc (clean): 0.9331 | Acc (poison): 0.8506 | Val Acc: 0.8885 | Time: 00:00:12
Epoch 060 | Seed 2001 | Rate 0.10 | Train Loss: 0.7750 | Val Loss: 0.4383 | Acc (clean): 0.9355 | Acc (poison): 0.8526 | Val Acc: 0.8881 | Time: 00:00:12
Epoch 061 | Seed 2001 | Rate 0.10 | Train Loss: 0.7605 | Val Loss: 0.4414 | Acc (clean): 0.9359 | Acc (poison): 0.8534 | Val Acc: 0.8900 | Time: 00:00:12
Epoch 062 | Seed 2001 | Rate 0.10 | Train Loss: 0.7484 | Val Loss: 0.4681 | Acc (clean): 0.9393 | Acc (poison): 0.8570 | Val Acc: 0.8770 | Time: 00:00:12
Epoch 063 | Seed 2001 | Rate 0.10 | Train Loss: 0.7443 | Val Loss: 0.4469 | Acc (clean): 0.9340 | Acc (poison): 0.8538 | Val Acc: 0.8878 | Time: 00:00:12
Epoch 064 | Seed 2001 | Rate 0.10 | Train Loss: 0.7293 | Val Loss: 0.4694 | Acc (clean): 0.9390 | Acc (poison): 0.8589 | Val Acc: 0.8759 | Time: 00:00:12
Epoch 065 | Seed 2001 | Rate 0.10 | Train Loss: 0.7174 | Val Loss: 0.4816 | Acc (clean): 0.9379 | Acc (poison): 0.8592 | Val Acc: 0.8789 | Time: 00:00:12
Epoch 066 | Seed 2001 | Rate 0.10 | Train Loss: 0.7181 | Val Loss: 0.4708 | Acc (clean): 0.9359 | Acc (poison): 0.8575 | Val Acc: 0.8789 | Time: 00:00:12
Epoch 067 | Seed 2001 | Rate 0.10 | Train Loss: 0.7065 | Val Loss: 0.4654 | Acc (clean): 0.9379 | Acc (poison): 0.8603 | Val Acc: 0.8811 | Time: 00:00:12
Epoch 068 | Seed 2001 | Rate 0.10 | Train Loss: 0.6930 | Val Loss: 0.4675 | Acc (clean): 0.9390 | Acc (poison): 0.8640 | Val Acc: 0.8852 | Time: 00:00:12
Epoch 069 | Seed 2001 | Rate 0.10 | Train Loss: 0.6944 | Val Loss: 0.4808 | Acc (clean): 0.9354 | Acc (poison): 0.8613 | Val Acc: 0.8807 | Time: 00:00:12
Epoch 070 | Seed 2001 | Rate 0.10 | Train Loss: 0.6815 | Val Loss: 0.5044 | Acc (clean): 0.9380 | Acc (poison): 0.8639 | Val Acc: 0.8796 | Time: 00:00:12
Epoch 071 | Seed 2001 | Rate 0.10 | Train Loss: 0.6777 | Val Loss: 0.5256 | Acc (clean): 0.9370 | Acc (poison): 0.8633 | Val Acc: 0.8678 | Time: 00:00:12
Epoch 072 | Seed 2001 | Rate 0.10 | Train Loss: 0.6742 | Val Loss: 0.4857 | Acc (clean): 0.9340 | Acc (poison): 0.8613 | Val Acc: 0.8778 | Time: 00:00:12
Epoch 073 | Seed 2001 | Rate 0.10 | Train Loss: 0.6735 | Val Loss: 0.4883 | Acc (clean): 0.9341 | Acc (poison): 0.8616 | Val Acc: 0.8730 | Time: 00:00:12
Epoch 074 | Seed 2001 | Rate 0.10 | Train Loss: 0.6643 | Val Loss: 0.4822 | Acc (clean): 0.9352 | Acc (poison): 0.8633 | Val Acc: 0.8781 | Time: 00:00:12
Epoch 075 | Seed 2001 | Rate 0.10 | Train Loss: 0.6580 | Val Loss: 0.4906 | Acc (clean): 0.9340 | Acc (poison): 0.8628 | Val Acc: 0.8767 | Time: 00:00:12
Epoch 076 | Seed 2001 | Rate 0.10 | Train Loss: 0.5697 | Val Loss: 0.4376 | Acc (clean): 0.9473 | Acc (poison): 0.8803 | Val Acc: 0.8915 | Time: 00:00:12
Epoch 077 | Seed 2001 | Rate 0.10 | Train Loss: 0.5374 | Val Loss: 0.4413 | Acc (clean): 0.9534 | Acc (poison): 0.8882 | Val Acc: 0.8952 | Time: 00:00:12
Epoch 078 | Seed 2001 | Rate 0.10 | Train Loss: 0.5234 | Val Loss: 0.4248 | Acc (clean): 0.9536 | Acc (poison): 0.8906 | Val Acc: 0.8952 | Time: 00:00:12
Epoch 079 | Seed 2001 | Rate 0.10 | Train Loss: 0.5170 | Val Loss: 0.4357 | Acc (clean): 0.9514 | Acc (poison): 0.8903 | Val Acc: 0.8941 | Time: 00:00:12
Epoch 080 | Seed 2001 | Rate 0.10 | Train Loss: 0.5105 | Val Loss: 0.4445 | Acc (clean): 0.9537 | Acc (poison): 0.8933 | Val Acc: 0.8915 | Time: 00:00:12
Epoch 081 | Seed 2001 | Rate 0.10 | Train Loss: 0.5031 | Val Loss: 0.4455 | Acc (clean): 0.9540 | Acc (poison): 0.8929 | Val Acc: 0.8919 | Time: 00:00:12
Epoch 082 | Seed 2001 | Rate 0.10 | Train Loss: 0.4990 | Val Loss: 0.4452 | Acc (clean): 0.9508 | Acc (poison): 0.8938 | Val Acc: 0.8930 | Time: 00:00:12
Epoch 083 | Seed 2001 | Rate 0.10 | Train Loss: 0.4887 | Val Loss: 0.4547 | Acc (clean): 0.9530 | Acc (poison): 0.8964 | Val Acc: 0.8900 | Time: 00:00:12
Epoch 084 | Seed 2001 | Rate 0.10 | Train Loss: 0.4918 | Val Loss: 0.4570 | Acc (clean): 0.9530 | Acc (poison): 0.8956 | Val Acc: 0.8889 | Time: 00:00:12
Epoch 085 | Seed 2001 | Rate 0.10 | Train Loss: 0.4855 | Val Loss: 0.4488 | Acc (clean): 0.9507 | Acc (poison): 0.8945 | Val Acc: 0.8874 | Time: 00:00:12
Epoch 086 | Seed 2001 | Rate 0.10 | Train Loss: 0.4792 | Val Loss: 0.4531 | Acc (clean): 0.9521 | Acc (poison): 0.8973 | Val Acc: 0.8885 | Time: 00:00:12
Epoch 087 | Seed 2001 | Rate 0.10 | Train Loss: 0.4766 | Val Loss: 0.4529 | Acc (clean): 0.9499 | Acc (poison): 0.8955 | Val Acc: 0.8881 | Time: 00:00:12
Epoch 088 | Seed 2001 | Rate 0.10 | Train Loss: 0.4739 | Val Loss: 0.4546 | Acc (clean): 0.9500 | Acc (poison): 0.8976 | Val Acc: 0.8896 | Time: 00:00:12
Epoch 089 | Seed 2001 | Rate 0.10 | Train Loss: 0.4685 | Val Loss: 0.4546 | Acc (clean): 0.9507 | Acc (poison): 0.8972 | Val Acc: 0.8881 | Time: 00:00:12
Epoch 090 | Seed 2001 | Rate 0.10 | Train Loss: 0.4632 | Val Loss: 0.4617 | Acc (clean): 0.9503 | Acc (poison): 0.8992 | Val Acc: 0.8852 | Time: 00:00:12
Epoch 091 | Seed 2001 | Rate 0.10 | Train Loss: 0.4606 | Val Loss: 0.4556 | Acc (clean): 0.9486 | Acc (poison): 0.8986 | Val Acc: 0.8852 | Time: 00:00:12
Epoch 092 | Seed 2001 | Rate 0.10 | Train Loss: 0.4561 | Val Loss: 0.4743 | Acc (clean): 0.9500 | Acc (poison): 0.8992 | Val Acc: 0.8767 | Time: 00:00:12
Epoch 093 | Seed 2001 | Rate 0.10 | Train Loss: 0.4525 | Val Loss: 0.4664 | Acc (clean): 0.9506 | Acc (poison): 0.9010 | Val Acc: 0.8841 | Time: 00:00:12
Epoch 094 | Seed 2001 | Rate 0.10 | Train Loss: 0.4519 | Val Loss: 0.4647 | Acc (clean): 0.9494 | Acc (poison): 0.9008 | Val Acc: 0.8844 | Time: 00:00:12
Epoch 095 | Seed 2001 | Rate 0.10 | Train Loss: 0.4474 | Val Loss: 0.4579 | Acc (clean): 0.9476 | Acc (poison): 0.9002 | Val Acc: 0.8874 | Time: 00:00:12
Epoch 096 | Seed 2001 | Rate 0.10 | Train Loss: 0.4429 | Val Loss: 0.4691 | Acc (clean): 0.9491 | Acc (poison): 0.9012 | Val Acc: 0.8837 | Time: 00:00:12
Epoch 097 | Seed 2001 | Rate 0.10 | Train Loss: 0.4383 | Val Loss: 0.4677 | Acc (clean): 0.9473 | Acc (poison): 0.9016 | Val Acc: 0.8811 | Time: 00:00:12
Epoch 098 | Seed 2001 | Rate 0.10 | Train Loss: 0.4360 | Val Loss: 0.4699 | Acc (clean): 0.9494 | Acc (poison): 0.9026 | Val Acc: 0.8841 | Time: 00:00:12
Epoch 099 | Seed 2001 | Rate 0.10 | Train Loss: 0.4343 | Val Loss: 0.4773 | Acc (clean): 0.9482 | Acc (poison): 0.9039 | Val Acc: 0.8807 | Time: 00:00:11
Epoch 100 | Seed 2001 | Rate 0.10 | Train Loss: 0.4325 | Val Loss: 0.4693 | Acc (clean): 0.9474 | Acc (poison): 0.9039 | Val Acc: 0.8852 | Time: 00:00:12

=== defense=none attack=RQ1 seed=2001 rate=0.2 ===
Loading train data from /home/yazanme/BachelorThesis/BachelorThesis/data/processed/resisc45/train.h5 with mapping /home/yazanme/BachelorThesis/BachelorThesis/data/processed/resisc45/poisoned/RQ1/seed_2001/labels_0.20.pt... (in_memory=True, workers=4)
Testing torch.compile support...
Successfully compiled model using torch.compile.
Epoch 001 | Seed 2001 | Rate 0.20 | Train Loss: 3.3180 | Val Loss: 2.8345 | Acc (clean): 0.1985 | Acc (poison): 0.1635 | Val Acc: 0.2115 | Time: 00:00:13
Epoch 002 | Seed 2001 | Rate 0.20 | Train Loss: 2.7732 | Val Loss: 2.3784 | Acc (clean): 0.3836 | Acc (poison): 0.3109 | Val Acc: 0.3478 | Time: 00:00:13
Epoch 003 | Seed 2001 | Rate 0.20 | Train Loss: 2.5468 | Val Loss: 2.0851 | Acc (clean): 0.4705 | Acc (poison): 0.3819 | Val Acc: 0.4152 | Time: 00:00:12
Epoch 004 | Seed 2001 | Rate 0.20 | Train Loss: 2.4063 | Val Loss: 1.8608 | Acc (clean): 0.5262 | Acc (poison): 0.4251 | Val Acc: 0.4967 | Time: 00:00:12
Epoch 005 | Seed 2001 | Rate 0.20 | Train Loss: 2.3012 | Val Loss: 1.7815 | Acc (clean): 0.5717 | Acc (poison): 0.4612 | Val Acc: 0.5074 | Time: 00:00:13
Epoch 006 | Seed 2001 | Rate 0.20 | Train Loss: 2.2135 | Val Loss: 1.7580 | Acc (clean): 0.6059 | Acc (poison): 0.4907 | Val Acc: 0.5289 | Time: 00:00:13
Epoch 007 | Seed 2001 | Rate 0.20 | Train Loss: 2.1401 | Val Loss: 1.6991 | Acc (clean): 0.6338 | Acc (poison): 0.5131 | Val Acc: 0.5178 | Time: 00:00:12
Epoch 008 | Seed 2001 | Rate 0.20 | Train Loss: 2.0861 | Val Loss: 1.6723 | Acc (clean): 0.6531 | Acc (poison): 0.5295 | Val Acc: 0.5581 | Time: 00:00:13
Epoch 009 | Seed 2001 | Rate 0.20 | Train Loss: 2.0443 | Val Loss: 1.5026 | Acc (clean): 0.6749 | Acc (poison): 0.5456 | Val Acc: 0.5970 | Time: 00:00:12
Epoch 010 | Seed 2001 | Rate 0.20 | Train Loss: 1.9774 | Val Loss: 1.5905 | Acc (clean): 0.6991 | Acc (poison): 0.5657 | Val Acc: 0.5767 | Time: 00:00:12
Epoch 011 | Seed 2001 | Rate 0.20 | Train Loss: 1.9460 | Val Loss: 1.4775 | Acc (clean): 0.7112 | Acc (poison): 0.5741 | Val Acc: 0.6263 | Time: 00:00:13
Epoch 012 | Seed 2001 | Rate 0.20 | Train Loss: 1.9141 | Val Loss: 1.4445 | Acc (clean): 0.7303 | Acc (poison): 0.5894 | Val Acc: 0.6185 | Time: 00:00:12
Epoch 013 | Seed 2001 | Rate 0.20 | Train Loss: 1.8843 | Val Loss: 1.3541 | Acc (clean): 0.7345 | Acc (poison): 0.5940 | Val Acc: 0.6478 | Time: 00:00:12
Epoch 014 | Seed 2001 | Rate 0.20 | Train Loss: 1.8713 | Val Loss: 1.3688 | Acc (clean): 0.7433 | Acc (poison): 0.6010 | Val Acc: 0.6570 | Time: 00:00:13
Epoch 015 | Seed 2001 | Rate 0.20 | Train Loss: 1.8559 | Val Loss: 1.6137 | Acc (clean): 0.7507 | Acc (poison): 0.6061 | Val Acc: 0.5759 | Time: 00:00:12
Epoch 016 | Seed 2001 | Rate 0.20 | Train Loss: 1.8474 | Val Loss: 1.3577 | Acc (clean): 0.7519 | Acc (poison): 0.6088 | Val Acc: 0.6433 | Time: 00:00:12
Epoch 017 | Seed 2001 | Rate 0.20 | Train Loss: 1.8355 | Val Loss: 1.5930 | Acc (clean): 0.7548 | Acc (poison): 0.6109 | Val Acc: 0.5807 | Time: 00:00:12
Epoch 018 | Seed 2001 | Rate 0.20 | Train Loss: 1.8215 | Val Loss: 1.5290 | Acc (clean): 0.7597 | Acc (poison): 0.6153 | Val Acc: 0.5981 | Time: 00:00:12
Epoch 019 | Seed 2001 | Rate 0.20 | Train Loss: 1.8154 | Val Loss: 1.9577 | Acc (clean): 0.7633 | Acc (poison): 0.6165 | Val Acc: 0.4822 | Time: 00:00:13
Epoch 020 | Seed 2001 | Rate 0.20 | Train Loss: 1.8152 | Val Loss: 1.3972 | Acc (clean): 0.7660 | Acc (poison): 0.6201 | Val Acc: 0.6411 | Time: 00:00:12
Epoch 021 | Seed 2001 | Rate 0.20 | Train Loss: 1.8022 | Val Loss: 1.2908 | Acc (clean): 0.7734 | Acc (poison): 0.6246 | Val Acc: 0.6707 | Time: 00:00:13
Epoch 022 | Seed 2001 | Rate 0.20 | Train Loss: 1.8015 | Val Loss: 1.4370 | Acc (clean): 0.7698 | Acc (poison): 0.6228 | Val Acc: 0.6241 | Time: 00:00:12
Epoch 023 | Seed 2001 | Rate 0.20 | Train Loss: 1.7959 | Val Loss: 1.3444 | Acc (clean): 0.7695 | Acc (poison): 0.6229 | Val Acc: 0.6404 | Time: 00:00:12
Epoch 024 | Seed 2001 | Rate 0.20 | Train Loss: 1.7898 | Val Loss: 1.3036 | Acc (clean): 0.7747 | Acc (poison): 0.6274 | Val Acc: 0.6730 | Time: 00:00:12
Epoch 025 | Seed 2001 | Rate 0.20 | Train Loss: 1.7890 | Val Loss: 1.7784 | Acc (clean): 0.7763 | Acc (poison): 0.6282 | Val Acc: 0.5393 | Time: 00:00:12
Epoch 026 | Seed 2001 | Rate 0.20 | Train Loss: 1.7816 | Val Loss: 1.2124 | Acc (clean): 0.7813 | Acc (poison): 0.6305 | Val Acc: 0.7007 | Time: 00:00:12
Epoch 027 | Seed 2001 | Rate 0.20 | Train Loss: 1.7854 | Val Loss: 1.4674 | Acc (clean): 0.7779 | Acc (poison): 0.6302 | Val Acc: 0.6359 | Time: 00:00:12
Epoch 028 | Seed 2001 | Rate 0.20 | Train Loss: 1.7810 | Val Loss: 1.3577 | Acc (clean): 0.7814 | Acc (poison): 0.6335 | Val Acc: 0.6496 | Time: 00:00:12
Epoch 029 | Seed 2001 | Rate 0.20 | Train Loss: 1.7689 | Val Loss: 1.4833 | Acc (clean): 0.7806 | Acc (poison): 0.6336 | Val Acc: 0.6330 | Time: 00:00:12
Epoch 030 | Seed 2001 | Rate 0.20 | Train Loss: 1.7718 | Val Loss: 1.4680 | Acc (clean): 0.7793 | Acc (poison): 0.6301 | Val Acc: 0.6133 | Time: 00:00:12
Epoch 031 | Seed 2001 | Rate 0.20 | Train Loss: 1.7753 | Val Loss: 1.3636 | Acc (clean): 0.7791 | Acc (poison): 0.6309 | Val Acc: 0.6537 | Time: 00:00:12
Epoch 032 | Seed 2001 | Rate 0.20 | Train Loss: 1.7719 | Val Loss: 1.3839 | Acc (clean): 0.7820 | Acc (poison): 0.6332 | Val Acc: 0.6404 | Time: 00:00:12
Epoch 033 | Seed 2001 | Rate 0.20 | Train Loss: 1.7745 | Val Loss: 1.4647 | Acc (clean): 0.7820 | Acc (poison): 0.6334 | Val Acc: 0.6196 | Time: 00:00:12
Epoch 034 | Seed 2001 | Rate 0.20 | Train Loss: 1.7591 | Val Loss: 1.4269 | Acc (clean): 0.7858 | Acc (poison): 0.6365 | Val Acc: 0.6256 | Time: 00:00:12
Epoch 035 | Seed 2001 | Rate 0.20 | Train Loss: 1.7611 | Val Loss: 1.2741 | Acc (clean): 0.7860 | Acc (poison): 0.6370 | Val Acc: 0.6574 | Time: 00:00:12
Epoch 036 | Seed 2001 | Rate 0.20 | Train Loss: 1.7584 | Val Loss: 1.3269 | Acc (clean): 0.7865 | Acc (poison): 0.6375 | Val Acc: 0.6626 | Time: 00:00:12
Epoch 037 | Seed 2001 | Rate 0.20 | Train Loss: 1.7526 | Val Loss: 1.2620 | Acc (clean): 0.7874 | Acc (poison): 0.6377 | Val Acc: 0.6763 | Time: 00:00:12
Epoch 038 | Seed 2001 | Rate 0.20 | Train Loss: 1.7676 | Val Loss: 1.2887 | Acc (clean): 0.7842 | Acc (poison): 0.6342 | Val Acc: 0.6733 | Time: 00:00:12
Epoch 039 | Seed 2001 | Rate 0.20 | Train Loss: 1.7631 | Val Loss: 2.0303 | Acc (clean): 0.7841 | Acc (poison): 0.6350 | Val Acc: 0.4700 | Time: 00:00:12
Epoch 040 | Seed 2001 | Rate 0.20 | Train Loss: 1.7500 | Val Loss: 1.6581 | Acc (clean): 0.7897 | Acc (poison): 0.6398 | Val Acc: 0.5752 | Time: 00:00:12
Epoch 041 | Seed 2001 | Rate 0.20 | Train Loss: 1.7517 | Val Loss: 1.0968 | Acc (clean): 0.7887 | Acc (poison): 0.6385 | Val Acc: 0.7315 | Time: 00:00:12
Epoch 042 | Seed 2001 | Rate 0.20 | Train Loss: 1.7571 | Val Loss: 1.3492 | Acc (clean): 0.7852 | Acc (poison): 0.6367 | Val Acc: 0.6493 | Time: 00:00:12
Epoch 043 | Seed 2001 | Rate 0.20 | Train Loss: 1.7495 | Val Loss: 1.3512 | Acc (clean): 0.7905 | Acc (poison): 0.6407 | Val Acc: 0.6674 | Time: 00:00:12
Epoch 044 | Seed 2001 | Rate 0.20 | Train Loss: 1.7513 | Val Loss: 1.4544 | Acc (clean): 0.7870 | Acc (poison): 0.6382 | Val Acc: 0.6215 | Time: 00:00:12
Epoch 045 | Seed 2001 | Rate 0.20 | Train Loss: 1.7358 | Val Loss: 1.6653 | Acc (clean): 0.7921 | Acc (poison): 0.6434 | Val Acc: 0.5648 | Time: 00:00:12
Epoch 046 | Seed 2001 | Rate 0.20 | Train Loss: 1.7456 | Val Loss: 1.3623 | Acc (clean): 0.7897 | Acc (poison): 0.6392 | Val Acc: 0.6452 | Time: 00:00:12
Epoch 047 | Seed 2001 | Rate 0.20 | Train Loss: 1.7444 | Val Loss: 1.2848 | Acc (clean): 0.7946 | Acc (poison): 0.6429 | Val Acc: 0.6748 | Time: 00:00:12
Epoch 048 | Seed 2001 | Rate 0.20 | Train Loss: 1.7528 | Val Loss: 1.7010 | Acc (clean): 0.7893 | Acc (poison): 0.6398 | Val Acc: 0.5667 | Time: 00:00:12
Epoch 049 | Seed 2001 | Rate 0.20 | Train Loss: 1.7471 | Val Loss: 1.3609 | Acc (clean): 0.7907 | Acc (poison): 0.6410 | Val Acc: 0.6493 | Time: 00:00:12
Epoch 050 | Seed 2001 | Rate 0.20 | Train Loss: 1.7451 | Val Loss: 2.3769 | Acc (clean): 0.7911 | Acc (poison): 0.6403 | Val Acc: 0.3663 | Time: 00:00:12
Epoch 051 | Seed 2001 | Rate 0.20 | Train Loss: 1.5283 | Val Loss: 0.6515 | Acc (clean): 0.8707 | Acc (poison): 0.7044 | Val Acc: 0.8589 | Time: 00:00:12
Epoch 052 | Seed 2001 | Rate 0.20 | Train Loss: 1.4549 | Val Loss: 0.6095 | Acc (clean): 0.8902 | Acc (poison): 0.7217 | Val Acc: 0.8741 | Time: 00:00:12
Epoch 053 | Seed 2001 | Rate 0.20 | Train Loss: 1.4292 | Val Loss: 0.6159 | Acc (clean): 0.8965 | Acc (poison): 0.7282 | Val Acc: 0.8789 | Time: 00:00:12
Epoch 054 | Seed 2001 | Rate 0.20 | Train Loss: 1.4024 | Val Loss: 0.5803 | Acc (clean): 0.9018 | Acc (poison): 0.7337 | Val Acc: 0.8741 | Time: 00:00:12
Epoch 055 | Seed 2001 | Rate 0.20 | Train Loss: 1.3845 | Val Loss: 0.6192 | Acc (clean): 0.9058 | Acc (poison): 0.7369 | Val Acc: 0.8730 | Time: 00:00:12
Epoch 056 | Seed 2001 | Rate 0.20 | Train Loss: 1.3728 | Val Loss: 0.6036 | Acc (clean): 0.9044 | Acc (poison): 0.7364 | Val Acc: 0.8726 | Time: 00:00:12
Epoch 057 | Seed 2001 | Rate 0.20 | Train Loss: 1.3500 | Val Loss: 0.6305 | Acc (clean): 0.9105 | Acc (poison): 0.7430 | Val Acc: 0.8711 | Time: 00:00:12
Epoch 058 | Seed 2001 | Rate 0.20 | Train Loss: 1.3430 | Val Loss: 0.5903 | Acc (clean): 0.9104 | Acc (poison): 0.7435 | Val Acc: 0.8796 | Time: 00:00:12
Epoch 059 | Seed 2001 | Rate 0.20 | Train Loss: 1.3309 | Val Loss: 0.5860 | Acc (clean): 0.9102 | Acc (poison): 0.7458 | Val Acc: 0.8733 | Time: 00:00:12
Epoch 060 | Seed 2001 | Rate 0.20 | Train Loss: 1.3171 | Val Loss: 0.6024 | Acc (clean): 0.9115 | Acc (poison): 0.7453 | Val Acc: 0.8685 | Time: 00:00:12
Epoch 061 | Seed 2001 | Rate 0.20 | Train Loss: 1.3042 | Val Loss: 0.5914 | Acc (clean): 0.9110 | Acc (poison): 0.7476 | Val Acc: 0.8737 | Time: 00:00:13
Epoch 062 | Seed 2001 | Rate 0.20 | Train Loss: 1.2936 | Val Loss: 0.6122 | Acc (clean): 0.9100 | Acc (poison): 0.7481 | Val Acc: 0.8648 | Time: 00:00:13
Epoch 063 | Seed 2001 | Rate 0.20 | Train Loss: 1.2894 | Val Loss: 0.6243 | Acc (clean): 0.9108 | Acc (poison): 0.7488 | Val Acc: 0.8585 | Time: 00:00:12
Epoch 064 | Seed 2001 | Rate 0.20 | Train Loss: 1.2767 | Val Loss: 0.6347 | Acc (clean): 0.9098 | Acc (poison): 0.7495 | Val Acc: 0.8611 | Time: 00:00:12
Epoch 065 | Seed 2001 | Rate 0.20 | Train Loss: 1.2621 | Val Loss: 0.6272 | Acc (clean): 0.9134 | Acc (poison): 0.7527 | Val Acc: 0.8693 | Time: 00:00:12
Epoch 066 | Seed 2001 | Rate 0.20 | Train Loss: 1.2560 | Val Loss: 0.6304 | Acc (clean): 0.9113 | Acc (poison): 0.7526 | Val Acc: 0.8652 | Time: 00:00:13
Epoch 067 | Seed 2001 | Rate 0.20 | Train Loss: 1.2487 | Val Loss: 0.6644 | Acc (clean): 0.9126 | Acc (poison): 0.7547 | Val Acc: 0.8615 | Time: 00:00:13
Epoch 068 | Seed 2001 | Rate 0.20 | Train Loss: 1.2357 | Val Loss: 0.7014 | Acc (clean): 0.9144 | Acc (poison): 0.7557 | Val Acc: 0.8404 | Time: 00:00:12
Epoch 069 | Seed 2001 | Rate 0.20 | Train Loss: 1.2402 | Val Loss: 0.6777 | Acc (clean): 0.9059 | Acc (poison): 0.7512 | Val Acc: 0.8593 | Time: 00:00:12
Epoch 070 | Seed 2001 | Rate 0.20 | Train Loss: 1.2263 | Val Loss: 0.6994 | Acc (clean): 0.9104 | Acc (poison): 0.7549 | Val Acc: 0.8459 | Time: 00:00:12
Epoch 071 | Seed 2001 | Rate 0.20 | Train Loss: 1.2139 | Val Loss: 0.7103 | Acc (clean): 0.9087 | Acc (poison): 0.7555 | Val Acc: 0.8519 | Time: 00:00:13
Epoch 072 | Seed 2001 | Rate 0.20 | Train Loss: 1.2118 | Val Loss: 0.7025 | Acc (clean): 0.9071 | Acc (poison): 0.7553 | Val Acc: 0.8463 | Time: 00:00:12
Epoch 073 | Seed 2001 | Rate 0.20 | Train Loss: 1.2097 | Val Loss: 0.6577 | Acc (clean): 0.9039 | Acc (poison): 0.7553 | Val Acc: 0.8563 | Time: 00:00:12
Epoch 074 | Seed 2001 | Rate 0.20 | Train Loss: 1.1965 | Val Loss: 0.7648 | Acc (clean): 0.9065 | Acc (poison): 0.7558 | Val Acc: 0.8456 | Time: 00:00:13
Epoch 075 | Seed 2001 | Rate 0.20 | Train Loss: 1.1893 | Val Loss: 0.6751 | Acc (clean): 0.9056 | Acc (poison): 0.7575 | Val Acc: 0.8544 | Time: 00:00:12
Epoch 076 | Seed 2001 | Rate 0.20 | Train Loss: 1.0829 | Val Loss: 0.5965 | Acc (clean): 0.9233 | Acc (poison): 0.7759 | Val Acc: 0.8785 | Time: 00:00:12
Epoch 077 | Seed 2001 | Rate 0.20 | Train Loss: 1.0409 | Val Loss: 0.6017 | Acc (clean): 0.9260 | Acc (poison): 0.7813 | Val Acc: 0.8800 | Time: 00:00:12
Epoch 078 | Seed 2001 | Rate 0.20 | Train Loss: 1.0269 | Val Loss: 0.5977 | Acc (clean): 0.9286 | Acc (poison): 0.7865 | Val Acc: 0.8741 | Time: 00:00:12
Epoch 079 | Seed 2001 | Rate 0.20 | Train Loss: 1.0156 | Val Loss: 0.6025 | Acc (clean): 0.9272 | Acc (poison): 0.7873 | Val Acc: 0.8715 | Time: 00:00:13
Epoch 080 | Seed 2001 | Rate 0.20 | Train Loss: 1.0050 | Val Loss: 0.6035 | Acc (clean): 0.9261 | Acc (poison): 0.7882 | Val Acc: 0.8748 | Time: 00:00:13
Epoch 081 | Seed 2001 | Rate 0.20 | Train Loss: 0.9942 | Val Loss: 0.6092 | Acc (clean): 0.9285 | Acc (poison): 0.7926 | Val Acc: 0.8737 | Time: 00:00:13
Epoch 082 | Seed 2001 | Rate 0.20 | Train Loss: 0.9881 | Val Loss: 0.6106 | Acc (clean): 0.9248 | Acc (poison): 0.7904 | Val Acc: 0.8707 | Time: 00:00:12
Epoch 083 | Seed 2001 | Rate 0.20 | Train Loss: 0.9783 | Val Loss: 0.6263 | Acc (clean): 0.9267 | Acc (poison): 0.7933 | Val Acc: 0.8707 | Time: 00:00:12
Epoch 084 | Seed 2001 | Rate 0.20 | Train Loss: 0.9763 | Val Loss: 0.6385 | Acc (clean): 0.9259 | Acc (poison): 0.7923 | Val Acc: 0.8678 | Time: 00:00:12
Epoch 085 | Seed 2001 | Rate 0.20 | Train Loss: 0.9708 | Val Loss: 0.6079 | Acc (clean): 0.9230 | Acc (poison): 0.7928 | Val Acc: 0.8707 | Time: 00:00:12
Epoch 086 | Seed 2001 | Rate 0.20 | Train Loss: 0.9619 | Val Loss: 0.6222 | Acc (clean): 0.9234 | Acc (poison): 0.7942 | Val Acc: 0.8674 | Time: 00:00:12
Epoch 087 | Seed 2001 | Rate 0.20 | Train Loss: 0.9597 | Val Loss: 0.6183 | Acc (clean): 0.9236 | Acc (poison): 0.7947 | Val Acc: 0.8711 | Time: 00:00:13
Epoch 088 | Seed 2001 | Rate 0.20 | Train Loss: 0.9574 | Val Loss: 0.6283 | Acc (clean): 0.9235 | Acc (poison): 0.7943 | Val Acc: 0.8667 | Time: 00:00:12
Epoch 089 | Seed 2001 | Rate 0.20 | Train Loss: 0.9468 | Val Loss: 0.6199 | Acc (clean): 0.9231 | Acc (poison): 0.7965 | Val Acc: 0.8685 | Time: 00:00:12
Epoch 090 | Seed 2001 | Rate 0.20 | Train Loss: 0.9408 | Val Loss: 0.6251 | Acc (clean): 0.9213 | Acc (poison): 0.7970 | Val Acc: 0.8689 | Time: 00:00:13
Epoch 091 | Seed 2001 | Rate 0.20 | Train Loss: 0.9382 | Val Loss: 0.6243 | Acc (clean): 0.9221 | Acc (poison): 0.7975 | Val Acc: 0.8630 | Time: 00:00:13
Epoch 092 | Seed 2001 | Rate 0.20 | Train Loss: 0.9275 | Val Loss: 0.6292 | Acc (clean): 0.9221 | Acc (poison): 0.7991 | Val Acc: 0.8607 | Time: 00:00:12
Epoch 093 | Seed 2001 | Rate 0.20 | Train Loss: 0.9251 | Val Loss: 0.6180 | Acc (clean): 0.9195 | Acc (poison): 0.7979 | Val Acc: 0.8656 | Time: 00:00:12
Epoch 094 | Seed 2001 | Rate 0.20 | Train Loss: 0.9277 | Val Loss: 0.6318 | Acc (clean): 0.9185 | Acc (poison): 0.7978 | Val Acc: 0.8641 | Time: 00:00:12
Epoch 095 | Seed 2001 | Rate 0.20 | Train Loss: 0.9165 | Val Loss: 0.6301 | Acc (clean): 0.9189 | Acc (poison): 0.7996 | Val Acc: 0.8604 | Time: 00:00:12
Epoch 096 | Seed 2001 | Rate 0.20 | Train Loss: 0.9030 | Val Loss: 0.6558 | Acc (clean): 0.9191 | Acc (poison): 0.8025 | Val Acc: 0.8548 | Time: 00:00:12
Epoch 097 | Seed 2001 | Rate 0.20 | Train Loss: 0.9055 | Val Loss: 0.6286 | Acc (clean): 0.9177 | Acc (poison): 0.8014 | Val Acc: 0.8589 | Time: 00:00:12
Epoch 098 | Seed 2001 | Rate 0.20 | Train Loss: 0.9018 | Val Loss: 0.6470 | Acc (clean): 0.9154 | Acc (poison): 0.8006 | Val Acc: 0.8596 | Time: 00:00:12
Epoch 099 | Seed 2001 | Rate 0.20 | Train Loss: 0.8971 | Val Loss: 0.6442 | Acc (clean): 0.9153 | Acc (poison): 0.8037 | Val Acc: 0.8570 | Time: 00:00:12
Epoch 100 | Seed 2001 | Rate 0.20 | Train Loss: 0.8918 | Val Loss: 0.6368 | Acc (clean): 0.9159 | Acc (poison): 0.8034 | Val Acc: 0.8607 | Time: 00:00:12

=== defense=none attack=RQ2 seed=2001 rate=0.01 ===
Loading train data from /home/yazanme/BachelorThesis/BachelorThesis/data/processed/resisc45/train.h5 with mapping /home/yazanme/BachelorThesis/BachelorThesis/data/processed/resisc45/poisoned/RQ2/seed_2001/labels_0.01.pt... (in_memory=True, workers=4)
Testing torch.compile support...
Successfully compiled model using torch.compile.
Epoch 001 | Seed 2001 | Rate 0.01 | Train Loss: 2.7578 | Val Loss: 2.7210 | Acc (clean): 0.2488 | Acc (poison): 0.2472 | Val Acc: 0.2404 | Time: 00:00:13
Epoch 002 | Seed 2001 | Rate 0.01 | Train Loss: 1.8409 | Val Loss: 2.0675 | Acc (clean): 0.4635 | Acc (poison): 0.4601 | Val Acc: 0.4204 | Time: 00:00:12
Epoch 003 | Seed 2001 | Rate 0.01 | Train Loss: 1.5102 | Val Loss: 1.6137 | Acc (clean): 0.5554 | Acc (poison): 0.5512 | Val Acc: 0.5067 | Time: 00:00:12
Epoch 004 | Seed 2001 | Rate 0.01 | Train Loss: 1.2820 | Val Loss: 1.8732 | Acc (clean): 0.6165 | Acc (poison): 0.6114 | Val Acc: 0.4815 | Time: 00:00:12
Epoch 005 | Seed 2001 | Rate 0.01 | Train Loss: 1.1261 | Val Loss: 1.3583 | Acc (clean): 0.6639 | Acc (poison): 0.6580 | Val Acc: 0.5974 | Time: 00:00:11
Epoch 006 | Seed 2001 | Rate 0.01 | Train Loss: 1.0006 | Val Loss: 1.5955 | Acc (clean): 0.6984 | Acc (poison): 0.6926 | Val Acc: 0.5515 | Time: 00:00:11
Epoch 007 | Seed 2001 | Rate 0.01 | Train Loss: 0.8944 | Val Loss: 1.1695 | Acc (clean): 0.7277 | Acc (poison): 0.7214 | Val Acc: 0.6478 | Time: 00:00:11
Epoch 008 | Seed 2001 | Rate 0.01 | Train Loss: 0.8328 | Val Loss: 1.1226 | Acc (clean): 0.7485 | Acc (poison): 0.7422 | Val Acc: 0.6785 | Time: 00:00:12
Epoch 009 | Seed 2001 | Rate 0.01 | Train Loss: 0.7770 | Val Loss: 1.0123 | Acc (clean): 0.7637 | Acc (poison): 0.7565 | Val Acc: 0.6911 | Time: 00:00:11
Epoch 010 | Seed 2001 | Rate 0.01 | Train Loss: 0.7340 | Val Loss: 0.9079 | Acc (clean): 0.7813 | Acc (poison): 0.7742 | Val Acc: 0.7244 | Time: 00:00:12
Epoch 011 | Seed 2001 | Rate 0.01 | Train Loss: 0.7017 | Val Loss: 0.8964 | Acc (clean): 0.7914 | Acc (poison): 0.7841 | Val Acc: 0.7178 | Time: 00:00:12
Epoch 012 | Seed 2001 | Rate 0.01 | Train Loss: 0.6812 | Val Loss: 1.1079 | Acc (clean): 0.7936 | Acc (poison): 0.7868 | Val Acc: 0.6630 | Time: 00:00:12
Epoch 013 | Seed 2001 | Rate 0.01 | Train Loss: 0.6560 | Val Loss: 1.0696 | Acc (clean): 0.8058 | Acc (poison): 0.7988 | Val Acc: 0.6870 | Time: 00:00:12
Epoch 014 | Seed 2001 | Rate 0.01 | Train Loss: 0.6440 | Val Loss: 1.2959 | Acc (clean): 0.8077 | Acc (poison): 0.8007 | Val Acc: 0.6533 | Time: 00:00:12
Epoch 015 | Seed 2001 | Rate 0.01 | Train Loss: 0.6359 | Val Loss: 0.8629 | Acc (clean): 0.8097 | Acc (poison): 0.8030 | Val Acc: 0.7330 | Time: 00:00:12
Epoch 016 | Seed 2001 | Rate 0.01 | Train Loss: 0.6243 | Val Loss: 0.8483 | Acc (clean): 0.8114 | Acc (poison): 0.8049 | Val Acc: 0.7500 | Time: 00:00:12
Epoch 017 | Seed 2001 | Rate 0.01 | Train Loss: 0.6093 | Val Loss: 0.8917 | Acc (clean): 0.8160 | Acc (poison): 0.8088 | Val Acc: 0.7207 | Time: 00:00:12
Epoch 018 | Seed 2001 | Rate 0.01 | Train Loss: 0.5976 | Val Loss: 0.8936 | Acc (clean): 0.8222 | Acc (poison): 0.8151 | Val Acc: 0.7270 | Time: 00:00:12
Epoch 019 | Seed 2001 | Rate 0.01 | Train Loss: 0.6012 | Val Loss: 1.3384 | Acc (clean): 0.8206 | Acc (poison): 0.8132 | Val Acc: 0.6144 | Time: 00:00:12
Epoch 020 | Seed 2001 | Rate 0.01 | Train Loss: 0.5978 | Val Loss: 1.1125 | Acc (clean): 0.8200 | Acc (poison): 0.8133 | Val Acc: 0.6626 | Time: 00:00:12
Epoch 021 | Seed 2001 | Rate 0.01 | Train Loss: 0.5940 | Val Loss: 1.0916 | Acc (clean): 0.8246 | Acc (poison): 0.8173 | Val Acc: 0.6748 | Time: 00:00:12
Epoch 022 | Seed 2001 | Rate 0.01 | Train Loss: 0.5950 | Val Loss: 1.3727 | Acc (clean): 0.8202 | Acc (poison): 0.8131 | Val Acc: 0.6233 | Time: 00:00:12
Epoch 023 | Seed 2001 | Rate 0.01 | Train Loss: 0.5989 | Val Loss: 1.0162 | Acc (clean): 0.8229 | Acc (poison): 0.8154 | Val Acc: 0.6959 | Time: 00:00:12
Epoch 024 | Seed 2001 | Rate 0.01 | Train Loss: 0.5880 | Val Loss: 0.8515 | Acc (clean): 0.8271 | Acc (poison): 0.8198 | Val Acc: 0.7289 | Time: 00:00:12
Epoch 025 | Seed 2001 | Rate 0.01 | Train Loss: 0.5882 | Val Loss: 0.8611 | Acc (clean): 0.8247 | Acc (poison): 0.8171 | Val Acc: 0.7352 | Time: 00:00:12
Epoch 026 | Seed 2001 | Rate 0.01 | Train Loss: 0.5775 | Val Loss: 1.0892 | Acc (clean): 0.8257 | Acc (poison): 0.8191 | Val Acc: 0.6767 | Time: 00:00:12
Epoch 027 | Seed 2001 | Rate 0.01 | Train Loss: 0.5748 | Val Loss: 0.8342 | Acc (clean): 0.8295 | Acc (poison): 0.8221 | Val Acc: 0.7470 | Time: 00:00:12
Epoch 028 | Seed 2001 | Rate 0.01 | Train Loss: 0.5795 | Val Loss: 1.1394 | Acc (clean): 0.8281 | Acc (poison): 0.8210 | Val Acc: 0.6674 | Time: 00:00:12
Epoch 029 | Seed 2001 | Rate 0.01 | Train Loss: 0.5729 | Val Loss: 0.6770 | Acc (clean): 0.8310 | Acc (poison): 0.8235 | Val Acc: 0.7800 | Time: 00:00:12
Epoch 030 | Seed 2001 | Rate 0.01 | Train Loss: 0.5665 | Val Loss: 1.9086 | Acc (clean): 0.8349 | Acc (poison): 0.8274 | Val Acc: 0.5133 | Time: 00:00:12
Epoch 031 | Seed 2001 | Rate 0.01 | Train Loss: 0.5734 | Val Loss: 1.4574 | Acc (clean): 0.8326 | Acc (poison): 0.8255 | Val Acc: 0.5952 | Time: 00:00:12
Epoch 032 | Seed 2001 | Rate 0.01 | Train Loss: 0.5745 | Val Loss: 1.0956 | Acc (clean): 0.8318 | Acc (poison): 0.8244 | Val Acc: 0.6741 | Time: 00:00:12
Epoch 033 | Seed 2001 | Rate 0.01 | Train Loss: 0.5769 | Val Loss: 0.9603 | Acc (clean): 0.8300 | Acc (poison): 0.8223 | Val Acc: 0.7159 | Time: 00:00:12
Epoch 034 | Seed 2001 | Rate 0.01 | Train Loss: 0.5621 | Val Loss: 0.8407 | Acc (clean): 0.8347 | Acc (poison): 0.8267 | Val Acc: 0.7485 | Time: 00:00:12
Epoch 035 | Seed 2001 | Rate 0.01 | Train Loss: 0.5516 | Val Loss: 0.9702 | Acc (clean): 0.8379 | Acc (poison): 0.8309 | Val Acc: 0.7070 | Time: 00:00:12
Epoch 036 | Seed 2001 | Rate 0.01 | Train Loss: 0.5641 | Val Loss: 0.7747 | Acc (clean): 0.8333 | Acc (poison): 0.8263 | Val Acc: 0.7585 | Time: 00:00:12
Epoch 037 | Seed 2001 | Rate 0.01 | Train Loss: 0.5573 | Val Loss: 0.9170 | Acc (clean): 0.8384 | Acc (poison): 0.8309 | Val Acc: 0.7311 | Time: 00:00:12
Epoch 038 | Seed 2001 | Rate 0.01 | Train Loss: 0.5638 | Val Loss: 0.9317 | Acc (clean): 0.8349 | Acc (poison): 0.8276 | Val Acc: 0.7126 | Time: 00:00:12
Epoch 039 | Seed 2001 | Rate 0.01 | Train Loss: 0.5686 | Val Loss: 1.3961 | Acc (clean): 0.8335 | Acc (poison): 0.8260 | Val Acc: 0.6163 | Time: 00:00:12
Epoch 040 | Seed 2001 | Rate 0.01 | Train Loss: 0.5609 | Val Loss: 1.0379 | Acc (clean): 0.8342 | Acc (poison): 0.8265 | Val Acc: 0.6937 | Time: 00:00:12
Epoch 041 | Seed 2001 | Rate 0.01 | Train Loss: 0.5428 | Val Loss: 1.0851 | Acc (clean): 0.8401 | Acc (poison): 0.8327 | Val Acc: 0.6789 | Time: 00:00:12
Epoch 042 | Seed 2001 | Rate 0.01 | Train Loss: 0.5559 | Val Loss: 0.8973 | Acc (clean): 0.8377 | Acc (poison): 0.8302 | Val Acc: 0.7248 | Time: 00:00:12
Epoch 043 | Seed 2001 | Rate 0.01 | Train Loss: 0.5558 | Val Loss: 1.2133 | Acc (clean): 0.8363 | Acc (poison): 0.8295 | Val Acc: 0.6559 | Time: 00:00:12
Epoch 044 | Seed 2001 | Rate 0.01 | Train Loss: 0.5570 | Val Loss: 1.1040 | Acc (clean): 0.8379 | Acc (poison): 0.8302 | Val Acc: 0.6733 | Time: 00:00:12
Epoch 045 | Seed 2001 | Rate 0.01 | Train Loss: 0.5524 | Val Loss: 0.8191 | Acc (clean): 0.8351 | Acc (poison): 0.8274 | Val Acc: 0.7404 | Time: 00:00:12
Epoch 046 | Seed 2001 | Rate 0.01 | Train Loss: 0.5459 | Val Loss: 1.0141 | Acc (clean): 0.8395 | Acc (poison): 0.8323 | Val Acc: 0.6981 | Time: 00:00:12
Epoch 047 | Seed 2001 | Rate 0.01 | Train Loss: 0.5383 | Val Loss: 1.3050 | Acc (clean): 0.8416 | Acc (poison): 0.8339 | Val Acc: 0.6489 | Time: 00:00:12
Epoch 048 | Seed 2001 | Rate 0.01 | Train Loss: 0.5573 | Val Loss: 1.2165 | Acc (clean): 0.8356 | Acc (poison): 0.8281 | Val Acc: 0.6448 | Time: 00:00:12
Epoch 049 | Seed 2001 | Rate 0.01 | Train Loss: 0.5635 | Val Loss: 1.6017 | Acc (clean): 0.8351 | Acc (poison): 0.8277 | Val Acc: 0.5552 | Time: 00:00:12
Epoch 050 | Seed 2001 | Rate 0.01 | Train Loss: 0.5553 | Val Loss: 1.0493 | Acc (clean): 0.8356 | Acc (poison): 0.8281 | Val Acc: 0.6730 | Time: 00:00:12
Epoch 051 | Seed 2001 | Rate 0.01 | Train Loss: 0.3571 | Val Loss: 0.3467 | Acc (clean): 0.9025 | Acc (poison): 0.8942 | Val Acc: 0.8904 | Time: 00:00:12
Epoch 052 | Seed 2001 | Rate 0.01 | Train Loss: 0.2819 | Val Loss: 0.3154 | Acc (clean): 0.9270 | Acc (poison): 0.9185 | Val Acc: 0.9026 | Time: 00:00:12
Epoch 053 | Seed 2001 | Rate 0.01 | Train Loss: 0.2614 | Val Loss: 0.3042 | Acc (clean): 0.9315 | Acc (poison): 0.9230 | Val Acc: 0.9085 | Time: 00:00:12
Epoch 054 | Seed 2001 | Rate 0.01 | Train Loss: 0.2472 | Val Loss: 0.3017 | Acc (clean): 0.9367 | Acc (poison): 0.9283 | Val Acc: 0.9030 | Time: 00:00:12
Epoch 055 | Seed 2001 | Rate 0.01 | Train Loss: 0.2292 | Val Loss: 0.3104 | Acc (clean): 0.9423 | Acc (poison): 0.9337 | Val Acc: 0.8996 | Time: 00:00:12
Epoch 056 | Seed 2001 | Rate 0.01 | Train Loss: 0.2230 | Val Loss: 0.2922 | Acc (clean): 0.9442 | Acc (poison): 0.9358 | Val Acc: 0.9070 | Time: 00:00:12
Epoch 057 | Seed 2001 | Rate 0.01 | Train Loss: 0.2096 | Val Loss: 0.2952 | Acc (clean): 0.9487 | Acc (poison): 0.9406 | Val Acc: 0.9063 | Time: 00:00:12
Epoch 058 | Seed 2001 | Rate 0.01 | Train Loss: 0.2055 | Val Loss: 0.2947 | Acc (clean): 0.9501 | Acc (poison): 0.9419 | Val Acc: 0.9048 | Time: 00:00:12
Epoch 059 | Seed 2001 | Rate 0.01 | Train Loss: 0.1997 | Val Loss: 0.2926 | Acc (clean): 0.9507 | Acc (poison): 0.9422 | Val Acc: 0.9070 | Time: 00:00:12
Epoch 060 | Seed 2001 | Rate 0.01 | Train Loss: 0.1910 | Val Loss: 0.3024 | Acc (clean): 0.9539 | Acc (poison): 0.9462 | Val Acc: 0.9022 | Time: 00:00:12
Epoch 061 | Seed 2001 | Rate 0.01 | Train Loss: 0.1847 | Val Loss: 0.2947 | Acc (clean): 0.9555 | Acc (poison): 0.9479 | Val Acc: 0.9078 | Time: 00:00:12
Epoch 062 | Seed 2001 | Rate 0.01 | Train Loss: 0.1774 | Val Loss: 0.2894 | Acc (clean): 0.9574 | Acc (poison): 0.9495 | Val Acc: 0.9085 | Time: 00:00:12
Epoch 063 | Seed 2001 | Rate 0.01 | Train Loss: 0.1709 | Val Loss: 0.2879 | Acc (clean): 0.9595 | Acc (poison): 0.9524 | Val Acc: 0.9122 | Time: 00:00:12
Epoch 064 | Seed 2001 | Rate 0.01 | Train Loss: 0.1632 | Val Loss: 0.2964 | Acc (clean): 0.9616 | Acc (poison): 0.9544 | Val Acc: 0.9044 | Time: 00:00:12
Epoch 065 | Seed 2001 | Rate 0.01 | Train Loss: 0.1653 | Val Loss: 0.2947 | Acc (clean): 0.9607 | Acc (poison): 0.9530 | Val Acc: 0.9052 | Time: 00:00:12
Epoch 066 | Seed 2001 | Rate 0.01 | Train Loss: 0.1615 | Val Loss: 0.2931 | Acc (clean): 0.9614 | Acc (poison): 0.9537 | Val Acc: 0.9033 | Time: 00:00:12
Epoch 067 | Seed 2001 | Rate 0.01 | Train Loss: 0.1528 | Val Loss: 0.2937 | Acc (clean): 0.9633 | Acc (poison): 0.9566 | Val Acc: 0.9070 | Time: 00:00:12
Epoch 068 | Seed 2001 | Rate 0.01 | Train Loss: 0.1461 | Val Loss: 0.3050 | Acc (clean): 0.9663 | Acc (poison): 0.9602 | Val Acc: 0.9044 | Time: 00:00:12
Epoch 069 | Seed 2001 | Rate 0.01 | Train Loss: 0.1468 | Val Loss: 0.3051 | Acc (clean): 0.9649 | Acc (poison): 0.9589 | Val Acc: 0.9030 | Time: 00:00:12
Epoch 070 | Seed 2001 | Rate 0.01 | Train Loss: 0.1380 | Val Loss: 0.2916 | Acc (clean): 0.9675 | Acc (poison): 0.9617 | Val Acc: 0.9041 | Time: 00:00:12
Epoch 071 | Seed 2001 | Rate 0.01 | Train Loss: 0.1372 | Val Loss: 0.2904 | Acc (clean): 0.9679 | Acc (poison): 0.9620 | Val Acc: 0.9096 | Time: 00:00:12
Epoch 072 | Seed 2001 | Rate 0.01 | Train Loss: 0.1361 | Val Loss: 0.2827 | Acc (clean): 0.9670 | Acc (poison): 0.9622 | Val Acc: 0.9044 | Time: 00:00:12
Epoch 073 | Seed 2001 | Rate 0.01 | Train Loss: 0.1374 | Val Loss: 0.2970 | Acc (clean): 0.9672 | Acc (poison): 0.9617 | Val Acc: 0.9044 | Time: 00:00:12
Epoch 074 | Seed 2001 | Rate 0.01 | Train Loss: 0.1274 | Val Loss: 0.2827 | Acc (clean): 0.9688 | Acc (poison): 0.9636 | Val Acc: 0.9137 | Time: 00:00:12
Epoch 075 | Seed 2001 | Rate 0.01 | Train Loss: 0.1297 | Val Loss: 0.2973 | Acc (clean): 0.9684 | Acc (poison): 0.9637 | Val Acc: 0.9085 | Time: 00:00:12
Epoch 076 | Seed 2001 | Rate 0.01 | Train Loss: 0.1053 | Val Loss: 0.2644 | Acc (clean): 0.9763 | Acc (poison): 0.9724 | Val Acc: 0.9185 | Time: 00:00:12
Epoch 077 | Seed 2001 | Rate 0.01 | Train Loss: 0.0926 | Val Loss: 0.2584 | Acc (clean): 0.9807 | Acc (poison): 0.9770 | Val Acc: 0.9163 | Time: 00:00:12
Epoch 078 | Seed 2001 | Rate 0.01 | Train Loss: 0.0917 | Val Loss: 0.2567 | Acc (clean): 0.9803 | Acc (poison): 0.9766 | Val Acc: 0.9215 | Time: 00:00:12
Epoch 079 | Seed 2001 | Rate 0.01 | Train Loss: 0.0870 | Val Loss: 0.2580 | Acc (clean): 0.9827 | Acc (poison): 0.9791 | Val Acc: 0.9181 | Time: 00:00:12
Epoch 080 | Seed 2001 | Rate 0.01 | Train Loss: 0.0892 | Val Loss: 0.2588 | Acc (clean): 0.9813 | Acc (poison): 0.9781 | Val Acc: 0.9178 | Time: 00:00:12
Epoch 081 | Seed 2001 | Rate 0.01 | Train Loss: 0.0845 | Val Loss: 0.2630 | Acc (clean): 0.9823 | Acc (poison): 0.9797 | Val Acc: 0.9196 | Time: 00:00:12
Epoch 082 | Seed 2001 | Rate 0.01 | Train Loss: 0.0836 | Val Loss: 0.2586 | Acc (clean): 0.9828 | Acc (poison): 0.9802 | Val Acc: 0.9196 | Time: 00:00:12
Epoch 083 | Seed 2001 | Rate 0.01 | Train Loss: 0.0804 | Val Loss: 0.2642 | Acc (clean): 0.9836 | Acc (poison): 0.9811 | Val Acc: 0.9200 | Time: 00:00:12
Epoch 084 | Seed 2001 | Rate 0.01 | Train Loss: 0.0803 | Val Loss: 0.2568 | Acc (clean): 0.9821 | Acc (poison): 0.9809 | Val Acc: 0.9189 | Time: 00:00:12
Epoch 085 | Seed 2001 | Rate 0.01 | Train Loss: 0.0805 | Val Loss: 0.2560 | Acc (clean): 0.9830 | Acc (poison): 0.9812 | Val Acc: 0.9174 | Time: 00:00:12
Epoch 086 | Seed 2001 | Rate 0.01 | Train Loss: 0.0785 | Val Loss: 0.2635 | Acc (clean): 0.9838 | Acc (poison): 0.9819 | Val Acc: 0.9185 | Time: 00:00:12
Epoch 087 | Seed 2001 | Rate 0.01 | Train Loss: 0.0803 | Val Loss: 0.2581 | Acc (clean): 0.9826 | Acc (poison): 0.9809 | Val Acc: 0.9167 | Time: 00:00:12
Epoch 088 | Seed 2001 | Rate 0.01 | Train Loss: 0.0766 | Val Loss: 0.2560 | Acc (clean): 0.9846 | Acc (poison): 0.9825 | Val Acc: 0.9196 | Time: 00:00:12
Epoch 089 | Seed 2001 | Rate 0.01 | Train Loss: 0.0773 | Val Loss: 0.2604 | Acc (clean): 0.9833 | Acc (poison): 0.9822 | Val Acc: 0.9159 | Time: 00:00:12
Epoch 090 | Seed 2001 | Rate 0.01 | Train Loss: 0.0758 | Val Loss: 0.2614 | Acc (clean): 0.9837 | Acc (poison): 0.9830 | Val Acc: 0.9204 | Time: 00:00:12
Epoch 091 | Seed 2001 | Rate 0.01 | Train Loss: 0.0738 | Val Loss: 0.2629 | Acc (clean): 0.9842 | Acc (poison): 0.9833 | Val Acc: 0.9196 | Time: 00:00:12
Epoch 092 | Seed 2001 | Rate 0.01 | Train Loss: 0.0736 | Val Loss: 0.2602 | Acc (clean): 0.9843 | Acc (poison): 0.9829 | Val Acc: 0.9200 | Time: 00:00:12
Epoch 093 | Seed 2001 | Rate 0.01 | Train Loss: 0.0714 | Val Loss: 0.2639 | Acc (clean): 0.9847 | Acc (poison): 0.9839 | Val Acc: 0.9185 | Time: 00:00:12
Epoch 094 | Seed 2001 | Rate 0.01 | Train Loss: 0.0741 | Val Loss: 0.2631 | Acc (clean): 0.9834 | Acc (poison): 0.9834 | Val Acc: 0.9181 | Time: 00:00:12
Epoch 095 | Seed 2001 | Rate 0.01 | Train Loss: 0.0724 | Val Loss: 0.2593 | Acc (clean): 0.9851 | Acc (poison): 0.9837 | Val Acc: 0.9207 | Time: 00:00:12
Epoch 096 | Seed 2001 | Rate 0.01 | Train Loss: 0.0715 | Val Loss: 0.2641 | Acc (clean): 0.9853 | Acc (poison): 0.9833 | Val Acc: 0.9156 | Time: 00:00:12
Epoch 097 | Seed 2001 | Rate 0.01 | Train Loss: 0.0719 | Val Loss: 0.2567 | Acc (clean): 0.9840 | Acc (poison): 0.9840 | Val Acc: 0.9200 | Time: 00:00:12
Epoch 098 | Seed 2001 | Rate 0.01 | Train Loss: 0.0702 | Val Loss: 0.2567 | Acc (clean): 0.9855 | Acc (poison): 0.9851 | Val Acc: 0.9200 | Time: 00:00:12
Epoch 099 | Seed 2001 | Rate 0.01 | Train Loss: 0.0697 | Val Loss: 0.2578 | Acc (clean): 0.9840 | Acc (poison): 0.9842 | Val Acc: 0.9185 | Time: 00:00:12
Epoch 100 | Seed 2001 | Rate 0.01 | Train Loss: 0.0689 | Val Loss: 0.2599 | Acc (clean): 0.9846 | Acc (poison): 0.9846 | Val Acc: 0.9193 | Time: 00:00:12

=== defense=none attack=RQ2 seed=2001 rate=0.02 ===
Loading train data from /home/yazanme/BachelorThesis/BachelorThesis/data/processed/resisc45/train.h5 with mapping /home/yazanme/BachelorThesis/BachelorThesis/data/processed/resisc45/poisoned/RQ2/seed_2001/labels_0.02.pt... (in_memory=True, workers=4)
Testing torch.compile support...
Successfully compiled model using torch.compile.
Epoch 001 | Seed 2001 | Rate 0.02 | Train Loss: 2.8023 | Val Loss: 2.4738 | Acc (clean): 0.2348 | Acc (poison): 0.2329 | Val Acc: 0.3363 | Time: 00:00:13
Epoch 002 | Seed 2001 | Rate 0.02 | Train Loss: 1.8815 | Val Loss: 2.0067 | Acc (clean): 0.4568 | Acc (poison): 0.4517 | Val Acc: 0.4256 | Time: 00:00:12
Epoch 003 | Seed 2001 | Rate 0.02 | Train Loss: 1.5386 | Val Loss: 1.7989 | Acc (clean): 0.5524 | Acc (poison): 0.5455 | Val Acc: 0.4733 | Time: 00:00:12
Epoch 004 | Seed 2001 | Rate 0.02 | Train Loss: 1.2993 | Val Loss: 1.5096 | Acc (clean): 0.6159 | Acc (poison): 0.6074 | Val Acc: 0.5770 | Time: 00:00:12
Epoch 005 | Seed 2001 | Rate 0.02 | Train Loss: 1.1384 | Val Loss: 1.6418 | Acc (clean): 0.6650 | Acc (poison): 0.6551 | Val Acc: 0.5422 | Time: 00:00:12
Epoch 006 | Seed 2001 | Rate 0.02 | Train Loss: 1.0055 | Val Loss: 1.4553 | Acc (clean): 0.7014 | Acc (poison): 0.6910 | Val Acc: 0.5800 | Time: 00:00:12
Epoch 007 | Seed 2001 | Rate 0.02 | Train Loss: 0.8920 | Val Loss: 1.2274 | Acc (clean): 0.7351 | Acc (poison): 0.7237 | Val Acc: 0.6341 | Time: 00:00:12
Epoch 008 | Seed 2001 | Rate 0.02 | Train Loss: 0.8387 | Val Loss: 0.9405 | Acc (clean): 0.7531 | Acc (poison): 0.7418 | Val Acc: 0.7078 | Time: 00:00:12
Epoch 009 | Seed 2001 | Rate 0.02 | Train Loss: 0.7881 | Val Loss: 1.4195 | Acc (clean): 0.7700 | Acc (poison): 0.7578 | Val Acc: 0.5904 | Time: 00:00:12
Epoch 010 | Seed 2001 | Rate 0.02 | Train Loss: 0.7481 | Val Loss: 0.9527 | Acc (clean): 0.7834 | Acc (poison): 0.7714 | Val Acc: 0.7152 | Time: 00:00:12
Epoch 011 | Seed 2001 | Rate 0.02 | Train Loss: 0.7248 | Val Loss: 1.0584 | Acc (clean): 0.7890 | Acc (poison): 0.7764 | Val Acc: 0.6767 | Time: 00:00:12
Epoch 012 | Seed 2001 | Rate 0.02 | Train Loss: 0.7003 | Val Loss: 1.4209 | Acc (clean): 0.7991 | Acc (poison): 0.7860 | Val Acc: 0.5856 | Time: 00:00:12
Epoch 013 | Seed 2001 | Rate 0.02 | Train Loss: 0.6815 | Val Loss: 1.3980 | Acc (clean): 0.8016 | Acc (poison): 0.7892 | Val Acc: 0.6130 | Time: 00:00:12
Epoch 014 | Seed 2001 | Rate 0.02 | Train Loss: 0.6774 | Val Loss: 0.9394 | Acc (clean): 0.8023 | Acc (poison): 0.7902 | Val Acc: 0.7274 | Time: 00:00:12
Epoch 015 | Seed 2001 | Rate 0.02 | Train Loss: 0.6595 | Val Loss: 0.9627 | Acc (clean): 0.8081 | Acc (poison): 0.7953 | Val Acc: 0.7059 | Time: 00:00:12
Epoch 016 | Seed 2001 | Rate 0.02 | Train Loss: 0.6507 | Val Loss: 0.9117 | Acc (clean): 0.8095 | Acc (poison): 0.7969 | Val Acc: 0.7196 | Time: 00:00:12
Epoch 017 | Seed 2001 | Rate 0.02 | Train Loss: 0.6324 | Val Loss: 1.3278 | Acc (clean): 0.8206 | Acc (poison): 0.8074 | Val Acc: 0.6307 | Time: 00:00:12
Epoch 018 | Seed 2001 | Rate 0.02 | Train Loss: 0.6274 | Val Loss: 0.9990 | Acc (clean): 0.8199 | Acc (poison): 0.8063 | Val Acc: 0.6967 | Time: 00:00:12
Epoch 019 | Seed 2001 | Rate 0.02 | Train Loss: 0.6396 | Val Loss: 1.6392 | Acc (clean): 0.8161 | Acc (poison): 0.8019 | Val Acc: 0.5470 | Time: 00:00:12
Epoch 020 | Seed 2001 | Rate 0.02 | Train Loss: 0.6368 | Val Loss: 0.8689 | Acc (clean): 0.8193 | Acc (poison): 0.8054 | Val Acc: 0.7352 | Time: 00:00:13
Epoch 021 | Seed 2001 | Rate 0.02 | Train Loss: 0.6270 | Val Loss: 1.2643 | Acc (clean): 0.8213 | Acc (poison): 0.8075 | Val Acc: 0.6326 | Time: 00:00:12
Epoch 022 | Seed 2001 | Rate 0.02 | Train Loss: 0.6132 | Val Loss: 0.8428 | Acc (clean): 0.8248 | Acc (poison): 0.8106 | Val Acc: 0.7381 | Time: 00:00:12
Epoch 023 | Seed 2001 | Rate 0.02 | Train Loss: 0.6282 | Val Loss: 1.1045 | Acc (clean): 0.8227 | Acc (poison): 0.8092 | Val Acc: 0.6722 | Time: 00:00:12
Epoch 024 | Seed 2001 | Rate 0.02 | Train Loss: 0.6136 | Val Loss: 0.8807 | Acc (clean): 0.8244 | Acc (poison): 0.8113 | Val Acc: 0.7141 | Time: 00:00:12
Epoch 025 | Seed 2001 | Rate 0.02 | Train Loss: 0.6126 | Val Loss: 0.9876 | Acc (clean): 0.8267 | Acc (poison): 0.8133 | Val Acc: 0.7019 | Time: 00:00:12
Epoch 026 | Seed 2001 | Rate 0.02 | Train Loss: 0.5982 | Val Loss: 1.0829 | Acc (clean): 0.8300 | Acc (poison): 0.8170 | Val Acc: 0.6911 | Time: 00:00:13
Epoch 027 | Seed 2001 | Rate 0.02 | Train Loss: 0.6044 | Val Loss: 0.8163 | Acc (clean): 0.8275 | Acc (poison): 0.8146 | Val Acc: 0.7415 | Time: 00:00:12
Epoch 028 | Seed 2001 | Rate 0.02 | Train Loss: 0.6030 | Val Loss: 1.5702 | Acc (clean): 0.8285 | Acc (poison): 0.8142 | Val Acc: 0.5441 | Time: 00:00:12
Epoch 029 | Seed 2001 | Rate 0.02 | Train Loss: 0.6028 | Val Loss: 0.9913 | Acc (clean): 0.8281 | Acc (poison): 0.8150 | Val Acc: 0.7119 | Time: 00:00:12
Epoch 030 | Seed 2001 | Rate 0.02 | Train Loss: 0.5923 | Val Loss: 0.8773 | Acc (clean): 0.8307 | Acc (poison): 0.8164 | Val Acc: 0.7370 | Time: 00:00:12
Epoch 031 | Seed 2001 | Rate 0.02 | Train Loss: 0.5983 | Val Loss: 1.4885 | Acc (clean): 0.8292 | Acc (poison): 0.8159 | Val Acc: 0.5815 | Time: 00:00:12
Epoch 032 | Seed 2001 | Rate 0.02 | Train Loss: 0.5975 | Val Loss: 0.9438 | Acc (clean): 0.8336 | Acc (poison): 0.8193 | Val Acc: 0.7152 | Time: 00:00:12
Epoch 033 | Seed 2001 | Rate 0.02 | Train Loss: 0.5938 | Val Loss: 1.0438 | Acc (clean): 0.8328 | Acc (poison): 0.8188 | Val Acc: 0.6922 | Time: 00:00:12
Epoch 034 | Seed 2001 | Rate 0.02 | Train Loss: 0.5806 | Val Loss: 0.8119 | Acc (clean): 0.8379 | Acc (poison): 0.8238 | Val Acc: 0.7437 | Time: 00:00:12
Epoch 035 | Seed 2001 | Rate 0.02 | Train Loss: 0.5886 | Val Loss: 0.9307 | Acc (clean): 0.8338 | Acc (poison): 0.8198 | Val Acc: 0.7193 | Time: 00:00:12
Epoch 036 | Seed 2001 | Rate 0.02 | Train Loss: 0.5954 | Val Loss: 0.9978 | Acc (clean): 0.8312 | Acc (poison): 0.8172 | Val Acc: 0.7156 | Time: 00:00:12
Epoch 037 | Seed 2001 | Rate 0.02 | Train Loss: 0.5812 | Val Loss: 1.0850 | Acc (clean): 0.8340 | Acc (poison): 0.8206 | Val Acc: 0.6774 | Time: 00:00:12
Epoch 038 | Seed 2001 | Rate 0.02 | Train Loss: 0.5903 | Val Loss: 0.8798 | Acc (clean): 0.8318 | Acc (poison): 0.8191 | Val Acc: 0.7293 | Time: 00:00:12
Epoch 039 | Seed 2001 | Rate 0.02 | Train Loss: 0.5959 | Val Loss: 1.2342 | Acc (clean): 0.8327 | Acc (poison): 0.8186 | Val Acc: 0.6385 | Time: 00:00:12
Epoch 040 | Seed 2001 | Rate 0.02 | Train Loss: 0.5965 | Val Loss: 1.6182 | Acc (clean): 0.8314 | Acc (poison): 0.8176 | Val Acc: 0.5463 | Time: 00:00:12
Epoch 041 | Seed 2001 | Rate 0.02 | Train Loss: 0.5895 | Val Loss: 0.8442 | Acc (clean): 0.8326 | Acc (poison): 0.8191 | Val Acc: 0.7574 | Time: 00:00:12
Epoch 042 | Seed 2001 | Rate 0.02 | Train Loss: 0.5822 | Val Loss: 1.0557 | Acc (clean): 0.8351 | Acc (poison): 0.8216 | Val Acc: 0.6993 | Time: 00:00:12
Epoch 043 | Seed 2001 | Rate 0.02 | Train Loss: 0.5858 | Val Loss: 0.7945 | Acc (clean): 0.8351 | Acc (poison): 0.8216 | Val Acc: 0.7604 | Time: 00:00:12
Epoch 044 | Seed 2001 | Rate 0.02 | Train Loss: 0.5872 | Val Loss: 0.7275 | Acc (clean): 0.8310 | Acc (poison): 0.8173 | Val Acc: 0.7833 | Time: 00:00:12
Epoch 045 | Seed 2001 | Rate 0.02 | Train Loss: 0.5707 | Val Loss: 1.0375 | Acc (clean): 0.8407 | Acc (poison): 0.8266 | Val Acc: 0.7059 | Time: 00:00:13
Epoch 046 | Seed 2001 | Rate 0.02 | Train Loss: 0.5821 | Val Loss: 0.9370 | Acc (clean): 0.8385 | Acc (poison): 0.8251 | Val Acc: 0.7204 | Time: 00:00:13
Epoch 047 | Seed 2001 | Rate 0.02 | Train Loss: 0.5773 | Val Loss: 1.0905 | Acc (clean): 0.8377 | Acc (poison): 0.8246 | Val Acc: 0.6896 | Time: 00:00:12
Epoch 048 | Seed 2001 | Rate 0.02 | Train Loss: 0.5673 | Val Loss: 0.8925 | Acc (clean): 0.8432 | Acc (poison): 0.8295 | Val Acc: 0.7289 | Time: 00:00:12
Epoch 049 | Seed 2001 | Rate 0.02 | Train Loss: 0.5837 | Val Loss: 1.0298 | Acc (clean): 0.8331 | Acc (poison): 0.8193 | Val Acc: 0.6889 | Time: 00:00:12
Epoch 050 | Seed 2001 | Rate 0.02 | Train Loss: 0.5845 | Val Loss: 1.0245 | Acc (clean): 0.8337 | Acc (poison): 0.8202 | Val Acc: 0.7081 | Time: 00:00:13
Epoch 051 | Seed 2001 | Rate 0.02 | Train Loss: 0.3837 | Val Loss: 0.3372 | Acc (clean): 0.8994 | Acc (poison): 0.8842 | Val Acc: 0.8941 | Time: 00:00:12
Epoch 052 | Seed 2001 | Rate 0.02 | Train Loss: 0.3114 | Val Loss: 0.3099 | Acc (clean): 0.9250 | Acc (poison): 0.9085 | Val Acc: 0.9044 | Time: 00:00:12
Epoch 053 | Seed 2001 | Rate 0.02 | Train Loss: 0.2905 | Val Loss: 0.3134 | Acc (clean): 0.9330 | Acc (poison): 0.9172 | Val Acc: 0.9041 | Time: 00:00:13
Epoch 054 | Seed 2001 | Rate 0.02 | Train Loss: 0.2733 | Val Loss: 0.3009 | Acc (clean): 0.9364 | Acc (poison): 0.9208 | Val Acc: 0.9070 | Time: 00:00:12
Epoch 055 | Seed 2001 | Rate 0.02 | Train Loss: 0.2623 | Val Loss: 0.3103 | Acc (clean): 0.9409 | Acc (poison): 0.9250 | Val Acc: 0.9078 | Time: 00:00:12
Epoch 056 | Seed 2001 | Rate 0.02 | Train Loss: 0.2552 | Val Loss: 0.2920 | Acc (clean): 0.9421 | Acc (poison): 0.9262 | Val Acc: 0.9104 | Time: 00:00:12
Epoch 057 | Seed 2001 | Rate 0.02 | Train Loss: 0.2405 | Val Loss: 0.2906 | Acc (clean): 0.9460 | Acc (poison): 0.9304 | Val Acc: 0.9107 | Time: 00:00:12
Epoch 058 | Seed 2001 | Rate 0.02 | Train Loss: 0.2332 | Val Loss: 0.2878 | Acc (clean): 0.9489 | Acc (poison): 0.9340 | Val Acc: 0.9096 | Time: 00:00:12
Epoch 059 | Seed 2001 | Rate 0.02 | Train Loss: 0.2291 | Val Loss: 0.2918 | Acc (clean): 0.9488 | Acc (poison): 0.9336 | Val Acc: 0.9126 | Time: 00:00:12
Epoch 060 | Seed 2001 | Rate 0.02 | Train Loss: 0.2188 | Val Loss: 0.2937 | Acc (clean): 0.9527 | Acc (poison): 0.9381 | Val Acc: 0.9063 | Time: 00:00:12
Epoch 061 | Seed 2001 | Rate 0.02 | Train Loss: 0.2079 | Val Loss: 0.2905 | Acc (clean): 0.9549 | Acc (poison): 0.9396 | Val Acc: 0.9089 | Time: 00:00:12
Epoch 062 | Seed 2001 | Rate 0.02 | Train Loss: 0.2047 | Val Loss: 0.2977 | Acc (clean): 0.9563 | Acc (poison): 0.9416 | Val Acc: 0.9030 | Time: 00:00:12
Epoch 063 | Seed 2001 | Rate 0.02 | Train Loss: 0.1979 | Val Loss: 0.2854 | Acc (clean): 0.9569 | Acc (poison): 0.9428 | Val Acc: 0.9148 | Time: 00:00:12
Epoch 064 | Seed 2001 | Rate 0.02 | Train Loss: 0.1950 | Val Loss: 0.2858 | Acc (clean): 0.9570 | Acc (poison): 0.9434 | Val Acc: 0.9107 | Time: 00:00:12
Epoch 065 | Seed 2001 | Rate 0.02 | Train Loss: 0.1883 | Val Loss: 0.2958 | Acc (clean): 0.9591 | Acc (poison): 0.9463 | Val Acc: 0.9115 | Time: 00:00:12
Epoch 066 | Seed 2001 | Rate 0.02 | Train Loss: 0.1858 | Val Loss: 0.2984 | Acc (clean): 0.9590 | Acc (poison): 0.9460 | Val Acc: 0.9104 | Time: 00:00:12
Epoch 067 | Seed 2001 | Rate 0.02 | Train Loss: 0.1797 | Val Loss: 0.3006 | Acc (clean): 0.9607 | Acc (poison): 0.9479 | Val Acc: 0.9007 | Time: 00:00:12
Epoch 068 | Seed 2001 | Rate 0.02 | Train Loss: 0.1738 | Val Loss: 0.2876 | Acc (clean): 0.9615 | Acc (poison): 0.9489 | Val Acc: 0.9085 | Time: 00:00:13
Epoch 069 | Seed 2001 | Rate 0.02 | Train Loss: 0.1707 | Val Loss: 0.3039 | Acc (clean): 0.9640 | Acc (poison): 0.9519 | Val Acc: 0.9107 | Time: 00:00:13
Epoch 070 | Seed 2001 | Rate 0.02 | Train Loss: 0.1664 | Val Loss: 0.2923 | Acc (clean): 0.9630 | Acc (poison): 0.9521 | Val Acc: 0.9081 | Time: 00:00:12
Epoch 071 | Seed 2001 | Rate 0.02 | Train Loss: 0.1637 | Val Loss: 0.3036 | Acc (clean): 0.9620 | Acc (poison): 0.9515 | Val Acc: 0.9033 | Time: 00:00:12
Epoch 072 | Seed 2001 | Rate 0.02 | Train Loss: 0.1613 | Val Loss: 0.2989 | Acc (clean): 0.9630 | Acc (poison): 0.9522 | Val Acc: 0.9052 | Time: 00:00:12
Epoch 073 | Seed 2001 | Rate 0.02 | Train Loss: 0.1591 | Val Loss: 0.3170 | Acc (clean): 0.9649 | Acc (poison): 0.9535 | Val Acc: 0.9022 | Time: 00:00:13
Epoch 074 | Seed 2001 | Rate 0.02 | Train Loss: 0.1561 | Val Loss: 0.3245 | Acc (clean): 0.9637 | Acc (poison): 0.9550 | Val Acc: 0.9033 | Time: 00:00:12
Epoch 075 | Seed 2001 | Rate 0.02 | Train Loss: 0.1500 | Val Loss: 0.3304 | Acc (clean): 0.9654 | Acc (poison): 0.9566 | Val Acc: 0.9007 | Time: 00:00:13
Epoch 076 | Seed 2001 | Rate 0.02 | Train Loss: 0.1249 | Val Loss: 0.2750 | Acc (clean): 0.9715 | Acc (poison): 0.9649 | Val Acc: 0.9137 | Time: 00:00:12
Epoch 077 | Seed 2001 | Rate 0.02 | Train Loss: 0.1129 | Val Loss: 0.2740 | Acc (clean): 0.9760 | Acc (poison): 0.9692 | Val Acc: 0.9170 | Time: 00:00:12
Epoch 078 | Seed 2001 | Rate 0.02 | Train Loss: 0.1091 | Val Loss: 0.2737 | Acc (clean): 0.9757 | Acc (poison): 0.9720 | Val Acc: 0.9148 | Time: 00:00:12
Epoch 079 | Seed 2001 | Rate 0.02 | Train Loss: 0.1043 | Val Loss: 0.2749 | Acc (clean): 0.9779 | Acc (poison): 0.9735 | Val Acc: 0.9167 | Time: 00:00:12
Epoch 080 | Seed 2001 | Rate 0.02 | Train Loss: 0.1044 | Val Loss: 0.2763 | Acc (clean): 0.9772 | Acc (poison): 0.9716 | Val Acc: 0.9163 | Time: 00:00:12
Epoch 081 | Seed 2001 | Rate 0.02 | Train Loss: 0.1006 | Val Loss: 0.2738 | Acc (clean): 0.9796 | Acc (poison): 0.9749 | Val Acc: 0.9152 | Time: 00:00:12
Epoch 082 | Seed 2001 | Rate 0.02 | Train Loss: 0.1003 | Val Loss: 0.2748 | Acc (clean): 0.9773 | Acc (poison): 0.9740 | Val Acc: 0.9163 | Time: 00:00:12
Epoch 083 | Seed 2001 | Rate 0.02 | Train Loss: 0.0973 | Val Loss: 0.2799 | Acc (clean): 0.9797 | Acc (poison): 0.9753 | Val Acc: 0.9130 | Time: 00:00:12
Epoch 084 | Seed 2001 | Rate 0.02 | Train Loss: 0.0954 | Val Loss: 0.2760 | Acc (clean): 0.9784 | Acc (poison): 0.9760 | Val Acc: 0.9156 | Time: 00:00:12
Epoch 085 | Seed 2001 | Rate 0.02 | Train Loss: 0.0948 | Val Loss: 0.2758 | Acc (clean): 0.9792 | Acc (poison): 0.9757 | Val Acc: 0.9137 | Time: 00:00:12
Epoch 086 | Seed 2001 | Rate 0.02 | Train Loss: 0.0943 | Val Loss: 0.2790 | Acc (clean): 0.9791 | Acc (poison): 0.9760 | Val Acc: 0.9156 | Time: 00:00:12
Epoch 087 | Seed 2001 | Rate 0.02 | Train Loss: 0.0968 | Val Loss: 0.2701 | Acc (clean): 0.9757 | Acc (poison): 0.9741 | Val Acc: 0.9167 | Time: 00:00:12
Epoch 088 | Seed 2001 | Rate 0.02 | Train Loss: 0.0919 | Val Loss: 0.2711 | Acc (clean): 0.9798 | Acc (poison): 0.9766 | Val Acc: 0.9178 | Time: 00:00:12
Epoch 089 | Seed 2001 | Rate 0.02 | Train Loss: 0.0905 | Val Loss: 0.2738 | Acc (clean): 0.9793 | Acc (poison): 0.9770 | Val Acc: 0.9178 | Time: 00:00:12
Epoch 090 | Seed 2001 | Rate 0.02 | Train Loss: 0.0903 | Val Loss: 0.2787 | Acc (clean): 0.9792 | Acc (poison): 0.9770 | Val Acc: 0.9122 | Time: 00:00:12
Epoch 091 | Seed 2001 | Rate 0.02 | Train Loss: 0.0901 | Val Loss: 0.2800 | Acc (clean): 0.9787 | Acc (poison): 0.9770 | Val Acc: 0.9119 | Time: 00:00:12
Epoch 092 | Seed 2001 | Rate 0.02 | Train Loss: 0.0870 | Val Loss: 0.2824 | Acc (clean): 0.9802 | Acc (poison): 0.9788 | Val Acc: 0.9119 | Time: 00:00:13
Epoch 093 | Seed 2001 | Rate 0.02 | Train Loss: 0.0883 | Val Loss: 0.2800 | Acc (clean): 0.9790 | Acc (poison): 0.9778 | Val Acc: 0.9148 | Time: 00:00:12
Epoch 094 | Seed 2001 | Rate 0.02 | Train Loss: 0.0886 | Val Loss: 0.2814 | Acc (clean): 0.9786 | Acc (poison): 0.9783 | Val Acc: 0.9107 | Time: 00:00:12
Epoch 095 | Seed 2001 | Rate 0.02 | Train Loss: 0.0877 | Val Loss: 0.2781 | Acc (clean): 0.9779 | Acc (poison): 0.9785 | Val Acc: 0.9159 | Time: 00:00:12
Epoch 096 | Seed 2001 | Rate 0.02 | Train Loss: 0.0843 | Val Loss: 0.2775 | Acc (clean): 0.9795 | Acc (poison): 0.9794 | Val Acc: 0.9137 | Time: 00:00:12
Epoch 097 | Seed 2001 | Rate 0.02 | Train Loss: 0.0846 | Val Loss: 0.2772 | Acc (clean): 0.9799 | Acc (poison): 0.9793 | Val Acc: 0.9193 | Time: 00:00:12
Epoch 098 | Seed 2001 | Rate 0.02 | Train Loss: 0.0845 | Val Loss: 0.2777 | Acc (clean): 0.9795 | Acc (poison): 0.9793 | Val Acc: 0.9174 | Time: 00:00:12
Epoch 099 | Seed 2001 | Rate 0.02 | Train Loss: 0.0826 | Val Loss: 0.2765 | Acc (clean): 0.9784 | Acc (poison): 0.9787 | Val Acc: 0.9167 | Time: 00:00:12
Epoch 100 | Seed 2001 | Rate 0.02 | Train Loss: 0.0832 | Val Loss: 0.2788 | Acc (clean): 0.9783 | Acc (poison): 0.9782 | Val Acc: 0.9159 | Time: 00:00:12

=== defense=none attack=RQ2 seed=2001 rate=0.05 ===
Loading train data from /home/yazanme/BachelorThesis/BachelorThesis/data/processed/resisc45/train.h5 with mapping /home/yazanme/BachelorThesis/BachelorThesis/data/processed/resisc45/poisoned/RQ2/seed_2001/labels_0.05.pt... (in_memory=True, workers=4)
Testing torch.compile support...
Successfully compiled model using torch.compile.
Epoch 001 | Seed 2001 | Rate 0.05 | Train Loss: 2.8408 | Val Loss: 3.1395 | Acc (clean): 0.2330 | Acc (poison): 0.2278 | Val Acc: 0.2263 | Time: 00:00:13
Epoch 002 | Seed 2001 | Rate 0.05 | Train Loss: 1.9459 | Val Loss: 2.3270 | Acc (clean): 0.4488 | Acc (poison): 0.4351 | Val Acc: 0.3511 | Time: 00:00:12
Epoch 003 | Seed 2001 | Rate 0.05 | Train Loss: 1.6073 | Val Loss: 1.7444 | Acc (clean): 0.5423 | Acc (poison): 0.5239 | Val Acc: 0.4826 | Time: 00:00:12
Epoch 004 | Seed 2001 | Rate 0.05 | Train Loss: 1.4036 | Val Loss: 1.4351 | Acc (clean): 0.5977 | Acc (poison): 0.5743 | Val Acc: 0.5652 | Time: 00:00:12
Epoch 005 | Seed 2001 | Rate 0.05 | Train Loss: 1.2227 | Val Loss: 1.3609 | Acc (clean): 0.6502 | Acc (poison): 0.6259 | Val Acc: 0.5930 | Time: 00:00:12
Epoch 006 | Seed 2001 | Rate 0.05 | Train Loss: 1.1072 | Val Loss: 1.3876 | Acc (clean): 0.6860 | Acc (poison): 0.6582 | Val Acc: 0.6015 | Time: 00:00:12
Epoch 007 | Seed 2001 | Rate 0.05 | Train Loss: 0.9945 | Val Loss: 1.4616 | Acc (clean): 0.7187 | Acc (poison): 0.6909 | Val Acc: 0.5711 | Time: 00:00:12
Epoch 008 | Seed 2001 | Rate 0.05 | Train Loss: 0.9254 | Val Loss: 1.1198 | Acc (clean): 0.7416 | Acc (poison): 0.7119 | Val Acc: 0.6744 | Time: 00:00:12
Epoch 009 | Seed 2001 | Rate 0.05 | Train Loss: 0.8800 | Val Loss: 1.0030 | Acc (clean): 0.7562 | Acc (poison): 0.7263 | Val Acc: 0.6989 | Time: 00:00:12
Epoch 010 | Seed 2001 | Rate 0.05 | Train Loss: 0.8327 | Val Loss: 1.2516 | Acc (clean): 0.7702 | Acc (poison): 0.7383 | Val Acc: 0.6400 | Time: 00:00:12
Epoch 011 | Seed 2001 | Rate 0.05 | Train Loss: 0.8124 | Val Loss: 1.0445 | Acc (clean): 0.7768 | Acc (poison): 0.7452 | Val Acc: 0.6744 | Time: 00:00:12
Epoch 012 | Seed 2001 | Rate 0.05 | Train Loss: 0.7838 | Val Loss: 1.2037 | Acc (clean): 0.7834 | Acc (poison): 0.7513 | Val Acc: 0.6474 | Time: 00:00:11
Epoch 013 | Seed 2001 | Rate 0.05 | Train Loss: 0.7655 | Val Loss: 1.2880 | Acc (clean): 0.7944 | Acc (poison): 0.7616 | Val Acc: 0.6396 | Time: 00:00:11
Epoch 014 | Seed 2001 | Rate 0.05 | Train Loss: 0.7544 | Val Loss: 0.9219 | Acc (clean): 0.7960 | Acc (poison): 0.7621 | Val Acc: 0.7226 | Time: 00:00:12
Epoch 015 | Seed 2001 | Rate 0.05 | Train Loss: 0.7349 | Val Loss: 0.9511 | Acc (clean): 0.8014 | Acc (poison): 0.7692 | Val Acc: 0.7030 | Time: 00:00:12
Epoch 016 | Seed 2001 | Rate 0.05 | Train Loss: 0.7475 | Val Loss: 0.9622 | Acc (clean): 0.7988 | Acc (poison): 0.7661 | Val Acc: 0.7096 | Time: 00:00:12
Epoch 017 | Seed 2001 | Rate 0.05 | Train Loss: 0.7238 | Val Loss: 1.1208 | Acc (clean): 0.8074 | Acc (poison): 0.7744 | Val Acc: 0.6570 | Time: 00:00:12
Epoch 018 | Seed 2001 | Rate 0.05 | Train Loss: 0.7174 | Val Loss: 1.1132 | Acc (clean): 0.8108 | Acc (poison): 0.7777 | Val Acc: 0.6556 | Time: 00:00:12
Epoch 019 | Seed 2001 | Rate 0.05 | Train Loss: 0.7169 | Val Loss: 1.3207 | Acc (clean): 0.8103 | Acc (poison): 0.7767 | Val Acc: 0.6278 | Time: 00:00:12
Epoch 020 | Seed 2001 | Rate 0.05 | Train Loss: 0.7255 | Val Loss: 0.9728 | Acc (clean): 0.8065 | Acc (poison): 0.7730 | Val Acc: 0.7081 | Time: 00:00:12
Epoch 021 | Seed 2001 | Rate 0.05 | Train Loss: 0.7047 | Val Loss: 0.8569 | Acc (clean): 0.8133 | Acc (poison): 0.7790 | Val Acc: 0.7481 | Time: 00:00:12
Epoch 022 | Seed 2001 | Rate 0.05 | Train Loss: 0.7121 | Val Loss: 1.1951 | Acc (clean): 0.8077 | Acc (poison): 0.7741 | Val Acc: 0.6656 | Time: 00:00:12
Epoch 023 | Seed 2001 | Rate 0.05 | Train Loss: 0.7112 | Val Loss: 1.0156 | Acc (clean): 0.8106 | Acc (poison): 0.7781 | Val Acc: 0.7022 | Time: 00:00:12
Epoch 024 | Seed 2001 | Rate 0.05 | Train Loss: 0.7251 | Val Loss: 0.9424 | Acc (clean): 0.8086 | Acc (poison): 0.7748 | Val Acc: 0.6981 | Time: 00:00:12
Epoch 025 | Seed 2001 | Rate 0.05 | Train Loss: 0.7048 | Val Loss: 0.7910 | Acc (clean): 0.8153 | Acc (poison): 0.7813 | Val Acc: 0.7559 | Time: 00:00:12
Epoch 026 | Seed 2001 | Rate 0.05 | Train Loss: 0.6987 | Val Loss: 0.8419 | Acc (clean): 0.8162 | Acc (poison): 0.7820 | Val Acc: 0.7381 | Time: 00:00:12
Epoch 027 | Seed 2001 | Rate 0.05 | Train Loss: 0.6951 | Val Loss: 1.1519 | Acc (clean): 0.8160 | Acc (poison): 0.7819 | Val Acc: 0.6574 | Time: 00:00:12
Epoch 028 | Seed 2001 | Rate 0.05 | Train Loss: 0.7038 | Val Loss: 0.8357 | Acc (clean): 0.8149 | Acc (poison): 0.7808 | Val Acc: 0.7515 | Time: 00:00:12
Epoch 029 | Seed 2001 | Rate 0.05 | Train Loss: 0.6896 | Val Loss: 0.8363 | Acc (clean): 0.8204 | Acc (poison): 0.7868 | Val Acc: 0.7459 | Time: 00:00:12
Epoch 030 | Seed 2001 | Rate 0.05 | Train Loss: 0.6920 | Val Loss: 1.2361 | Acc (clean): 0.8183 | Acc (poison): 0.7842 | Val Acc: 0.6333 | Time: 00:00:12
Epoch 031 | Seed 2001 | Rate 0.05 | Train Loss: 0.6949 | Val Loss: 0.9778 | Acc (clean): 0.8171 | Acc (poison): 0.7826 | Val Acc: 0.7089 | Time: 00:00:12
Epoch 032 | Seed 2001 | Rate 0.05 | Train Loss: 0.7014 | Val Loss: 1.0392 | Acc (clean): 0.8161 | Acc (poison): 0.7825 | Val Acc: 0.6781 | Time: 00:00:12
Epoch 033 | Seed 2001 | Rate 0.05 | Train Loss: 0.6895 | Val Loss: 0.9591 | Acc (clean): 0.8206 | Acc (poison): 0.7861 | Val Acc: 0.7022 | Time: 00:00:12
Epoch 034 | Seed 2001 | Rate 0.05 | Train Loss: 0.6853 | Val Loss: 1.0906 | Acc (clean): 0.8200 | Acc (poison): 0.7858 | Val Acc: 0.6952 | Time: 00:00:12
Epoch 035 | Seed 2001 | Rate 0.05 | Train Loss: 0.6837 | Val Loss: 1.5367 | Acc (clean): 0.8236 | Acc (poison): 0.7888 | Val Acc: 0.5663 | Time: 00:00:12
Epoch 036 | Seed 2001 | Rate 0.05 | Train Loss: 0.6822 | Val Loss: 1.1498 | Acc (clean): 0.8258 | Acc (poison): 0.7900 | Val Acc: 0.6652 | Time: 00:00:12
Epoch 037 | Seed 2001 | Rate 0.05 | Train Loss: 0.6783 | Val Loss: 1.2876 | Acc (clean): 0.8214 | Acc (poison): 0.7871 | Val Acc: 0.6396 | Time: 00:00:12
Epoch 038 | Seed 2001 | Rate 0.05 | Train Loss: 0.6981 | Val Loss: 1.1329 | Acc (clean): 0.8165 | Acc (poison): 0.7829 | Val Acc: 0.6878 | Time: 00:00:12
Epoch 039 | Seed 2001 | Rate 0.05 | Train Loss: 0.6818 | Val Loss: 1.2554 | Acc (clean): 0.8228 | Acc (poison): 0.7883 | Val Acc: 0.6448 | Time: 00:00:12
Epoch 040 | Seed 2001 | Rate 0.05 | Train Loss: 0.6853 | Val Loss: 0.9334 | Acc (clean): 0.8207 | Acc (poison): 0.7872 | Val Acc: 0.7270 | Time: 00:00:12
Epoch 041 | Seed 2001 | Rate 0.05 | Train Loss: 0.6704 | Val Loss: 0.7875 | Acc (clean): 0.8257 | Acc (poison): 0.7902 | Val Acc: 0.7541 | Time: 00:00:12
Epoch 042 | Seed 2001 | Rate 0.05 | Train Loss: 0.6780 | Val Loss: 0.9724 | Acc (clean): 0.8226 | Acc (poison): 0.7890 | Val Acc: 0.6974 | Time: 00:00:12
Epoch 043 | Seed 2001 | Rate 0.05 | Train Loss: 0.6806 | Val Loss: 1.0936 | Acc (clean): 0.8250 | Acc (poison): 0.7907 | Val Acc: 0.6848 | Time: 00:00:12
Epoch 044 | Seed 2001 | Rate 0.05 | Train Loss: 0.6759 | Val Loss: 1.6033 | Acc (clean): 0.8246 | Acc (poison): 0.7890 | Val Acc: 0.5696 | Time: 00:00:12
Epoch 045 | Seed 2001 | Rate 0.05 | Train Loss: 0.6796 | Val Loss: 0.9799 | Acc (clean): 0.8233 | Acc (poison): 0.7897 | Val Acc: 0.6904 | Time: 00:00:12
Epoch 046 | Seed 2001 | Rate 0.05 | Train Loss: 0.6731 | Val Loss: 0.9401 | Acc (clean): 0.8250 | Acc (poison): 0.7911 | Val Acc: 0.7096 | Time: 00:00:12
Epoch 047 | Seed 2001 | Rate 0.05 | Train Loss: 0.6681 | Val Loss: 0.8126 | Acc (clean): 0.8274 | Acc (poison): 0.7926 | Val Acc: 0.7419 | Time: 00:00:12
Epoch 048 | Seed 2001 | Rate 0.05 | Train Loss: 0.6724 | Val Loss: 1.1773 | Acc (clean): 0.8256 | Acc (poison): 0.7909 | Val Acc: 0.6393 | Time: 00:00:12
Epoch 049 | Seed 2001 | Rate 0.05 | Train Loss: 0.6688 | Val Loss: 1.1881 | Acc (clean): 0.8274 | Acc (poison): 0.7929 | Val Acc: 0.6593 | Time: 00:00:12
Epoch 050 | Seed 2001 | Rate 0.05 | Train Loss: 0.6720 | Val Loss: 0.9322 | Acc (clean): 0.8249 | Acc (poison): 0.7912 | Val Acc: 0.7119 | Time: 00:00:12
Epoch 051 | Seed 2001 | Rate 0.05 | Train Loss: 0.4786 | Val Loss: 0.3841 | Acc (clean): 0.8950 | Acc (poison): 0.8564 | Val Acc: 0.8885 | Time: 00:00:12
Epoch 052 | Seed 2001 | Rate 0.05 | Train Loss: 0.4022 | Val Loss: 0.3563 | Acc (clean): 0.9204 | Acc (poison): 0.8795 | Val Acc: 0.8959 | Time: 00:00:12
Epoch 053 | Seed 2001 | Rate 0.05 | Train Loss: 0.3837 | Val Loss: 0.3497 | Acc (clean): 0.9236 | Acc (poison): 0.8838 | Val Acc: 0.8941 | Time: 00:00:13
Epoch 054 | Seed 2001 | Rate 0.05 | Train Loss: 0.3620 | Val Loss: 0.3550 | Acc (clean): 0.9314 | Acc (poison): 0.8902 | Val Acc: 0.8922 | Time: 00:00:12
Epoch 055 | Seed 2001 | Rate 0.05 | Train Loss: 0.3513 | Val Loss: 0.3433 | Acc (clean): 0.9321 | Acc (poison): 0.8921 | Val Acc: 0.9063 | Time: 00:00:13
Epoch 056 | Seed 2001 | Rate 0.05 | Train Loss: 0.3414 | Val Loss: 0.3463 | Acc (clean): 0.9351 | Acc (poison): 0.8942 | Val Acc: 0.8996 | Time: 00:00:12
Epoch 057 | Seed 2001 | Rate 0.05 | Train Loss: 0.3329 | Val Loss: 0.3445 | Acc (clean): 0.9371 | Acc (poison): 0.8977 | Val Acc: 0.8937 | Time: 00:00:12
Epoch 058 | Seed 2001 | Rate 0.05 | Train Loss: 0.3262 | Val Loss: 0.3380 | Acc (clean): 0.9406 | Acc (poison): 0.9015 | Val Acc: 0.9059 | Time: 00:00:12
Epoch 059 | Seed 2001 | Rate 0.05 | Train Loss: 0.3149 | Val Loss: 0.3344 | Acc (clean): 0.9426 | Acc (poison): 0.9033 | Val Acc: 0.9033 | Time: 00:00:12
Epoch 060 | Seed 2001 | Rate 0.05 | Train Loss: 0.3071 | Val Loss: 0.3448 | Acc (clean): 0.9451 | Acc (poison): 0.9062 | Val Acc: 0.8978 | Time: 00:00:12
Epoch 061 | Seed 2001 | Rate 0.05 | Train Loss: 0.3029 | Val Loss: 0.3271 | Acc (clean): 0.9458 | Acc (poison): 0.9073 | Val Acc: 0.9030 | Time: 00:00:12
Epoch 062 | Seed 2001 | Rate 0.05 | Train Loss: 0.2924 | Val Loss: 0.3436 | Acc (clean): 0.9493 | Acc (poison): 0.9106 | Val Acc: 0.8978 | Time: 00:00:12
Epoch 063 | Seed 2001 | Rate 0.05 | Train Loss: 0.2875 | Val Loss: 0.3394 | Acc (clean): 0.9481 | Acc (poison): 0.9106 | Val Acc: 0.9015 | Time: 00:00:12
Epoch 064 | Seed 2001 | Rate 0.05 | Train Loss: 0.2840 | Val Loss: 0.3333 | Acc (clean): 0.9491 | Acc (poison): 0.9112 | Val Acc: 0.9007 | Time: 00:00:12
Epoch 065 | Seed 2001 | Rate 0.05 | Train Loss: 0.2762 | Val Loss: 0.3228 | Acc (clean): 0.9512 | Acc (poison): 0.9135 | Val Acc: 0.8974 | Time: 00:00:12
Epoch 066 | Seed 2001 | Rate 0.05 | Train Loss: 0.2749 | Val Loss: 0.3507 | Acc (clean): 0.9497 | Acc (poison): 0.9145 | Val Acc: 0.8989 | Time: 00:00:12
Epoch 067 | Seed 2001 | Rate 0.05 | Train Loss: 0.2657 | Val Loss: 0.3363 | Acc (clean): 0.9525 | Acc (poison): 0.9174 | Val Acc: 0.9019 | Time: 00:00:12
Epoch 068 | Seed 2001 | Rate 0.05 | Train Loss: 0.2589 | Val Loss: 0.3560 | Acc (clean): 0.9549 | Acc (poison): 0.9198 | Val Acc: 0.8974 | Time: 00:00:12
Epoch 069 | Seed 2001 | Rate 0.05 | Train Loss: 0.2592 | Val Loss: 0.3409 | Acc (clean): 0.9526 | Acc (poison): 0.9195 | Val Acc: 0.9026 | Time: 00:00:12
Epoch 070 | Seed 2001 | Rate 0.05 | Train Loss: 0.2559 | Val Loss: 0.3517 | Acc (clean): 0.9517 | Acc (poison): 0.9193 | Val Acc: 0.8893 | Time: 00:00:12
Epoch 071 | Seed 2001 | Rate 0.05 | Train Loss: 0.2520 | Val Loss: 0.3647 | Acc (clean): 0.9517 | Acc (poison): 0.9203 | Val Acc: 0.8893 | Time: 00:00:12
Epoch 072 | Seed 2001 | Rate 0.05 | Train Loss: 0.2459 | Val Loss: 0.3385 | Acc (clean): 0.9506 | Acc (poison): 0.9220 | Val Acc: 0.9030 | Time: 00:00:12
Epoch 073 | Seed 2001 | Rate 0.05 | Train Loss: 0.2477 | Val Loss: 0.3734 | Acc (clean): 0.9542 | Acc (poison): 0.9219 | Val Acc: 0.8867 | Time: 00:00:12
Epoch 074 | Seed 2001 | Rate 0.05 | Train Loss: 0.2401 | Val Loss: 0.3571 | Acc (clean): 0.9528 | Acc (poison): 0.9254 | Val Acc: 0.8956 | Time: 00:00:12
Epoch 075 | Seed 2001 | Rate 0.05 | Train Loss: 0.2382 | Val Loss: 0.3569 | Acc (clean): 0.9527 | Acc (poison): 0.9239 | Val Acc: 0.8930 | Time: 00:00:12
Epoch 076 | Seed 2001 | Rate 0.05 | Train Loss: 0.1987 | Val Loss: 0.3169 | Acc (clean): 0.9609 | Acc (poison): 0.9380 | Val Acc: 0.9063 | Time: 00:00:12
Epoch 077 | Seed 2001 | Rate 0.05 | Train Loss: 0.1862 | Val Loss: 0.3165 | Acc (clean): 0.9656 | Acc (poison): 0.9426 | Val Acc: 0.9041 | Time: 00:00:12
Epoch 078 | Seed 2001 | Rate 0.05 | Train Loss: 0.1799 | Val Loss: 0.3132 | Acc (clean): 0.9661 | Acc (poison): 0.9451 | Val Acc: 0.9059 | Time: 00:00:12
Epoch 079 | Seed 2001 | Rate 0.05 | Train Loss: 0.1803 | Val Loss: 0.3190 | Acc (clean): 0.9655 | Acc (poison): 0.9439 | Val Acc: 0.9030 | Time: 00:00:12
Epoch 080 | Seed 2001 | Rate 0.05 | Train Loss: 0.1757 | Val Loss: 0.3212 | Acc (clean): 0.9656 | Acc (poison): 0.9465 | Val Acc: 0.9022 | Time: 00:00:13
Epoch 081 | Seed 2001 | Rate 0.05 | Train Loss: 0.1724 | Val Loss: 0.3224 | Acc (clean): 0.9673 | Acc (poison): 0.9479 | Val Acc: 0.9044 | Time: 00:00:12
Epoch 082 | Seed 2001 | Rate 0.05 | Train Loss: 0.1716 | Val Loss: 0.3214 | Acc (clean): 0.9663 | Acc (poison): 0.9477 | Val Acc: 0.9019 | Time: 00:00:12
Epoch 083 | Seed 2001 | Rate 0.05 | Train Loss: 0.1663 | Val Loss: 0.3295 | Acc (clean): 0.9666 | Acc (poison): 0.9493 | Val Acc: 0.9048 | Time: 00:00:12
Epoch 084 | Seed 2001 | Rate 0.05 | Train Loss: 0.1658 | Val Loss: 0.3255 | Acc (clean): 0.9671 | Acc (poison): 0.9499 | Val Acc: 0.9033 | Time: 00:00:12
Epoch 085 | Seed 2001 | Rate 0.05 | Train Loss: 0.1665 | Val Loss: 0.3219 | Acc (clean): 0.9666 | Acc (poison): 0.9495 | Val Acc: 0.9037 | Time: 00:00:13
Epoch 086 | Seed 2001 | Rate 0.05 | Train Loss: 0.1625 | Val Loss: 0.3238 | Acc (clean): 0.9658 | Acc (poison): 0.9517 | Val Acc: 0.9041 | Time: 00:00:12
Epoch 087 | Seed 2001 | Rate 0.05 | Train Loss: 0.1626 | Val Loss: 0.3208 | Acc (clean): 0.9661 | Acc (poison): 0.9498 | Val Acc: 0.9030 | Time: 00:00:12
Epoch 088 | Seed 2001 | Rate 0.05 | Train Loss: 0.1580 | Val Loss: 0.3187 | Acc (clean): 0.9657 | Acc (poison): 0.9527 | Val Acc: 0.9059 | Time: 00:00:12
Epoch 089 | Seed 2001 | Rate 0.05 | Train Loss: 0.1606 | Val Loss: 0.3253 | Acc (clean): 0.9653 | Acc (poison): 0.9513 | Val Acc: 0.9030 | Time: 00:00:12
Epoch 090 | Seed 2001 | Rate 0.05 | Train Loss: 0.1587 | Val Loss: 0.3288 | Acc (clean): 0.9654 | Acc (poison): 0.9516 | Val Acc: 0.8985 | Time: 00:00:12
Epoch 091 | Seed 2001 | Rate 0.05 | Train Loss: 0.1564 | Val Loss: 0.3267 | Acc (clean): 0.9656 | Acc (poison): 0.9531 | Val Acc: 0.9000 | Time: 00:00:12
Epoch 092 | Seed 2001 | Rate 0.05 | Train Loss: 0.1506 | Val Loss: 0.3316 | Acc (clean): 0.9670 | Acc (poison): 0.9559 | Val Acc: 0.8996 | Time: 00:00:12
Epoch 093 | Seed 2001 | Rate 0.05 | Train Loss: 0.1526 | Val Loss: 0.3274 | Acc (clean): 0.9658 | Acc (poison): 0.9539 | Val Acc: 0.9019 | Time: 00:00:12
Epoch 094 | Seed 2001 | Rate 0.05 | Train Loss: 0.1547 | Val Loss: 0.3304 | Acc (clean): 0.9648 | Acc (poison): 0.9530 | Val Acc: 0.8989 | Time: 00:00:12
Epoch 095 | Seed 2001 | Rate 0.05 | Train Loss: 0.1525 | Val Loss: 0.3335 | Acc (clean): 0.9642 | Acc (poison): 0.9533 | Val Acc: 0.9022 | Time: 00:00:12
Epoch 096 | Seed 2001 | Rate 0.05 | Train Loss: 0.1516 | Val Loss: 0.3357 | Acc (clean): 0.9640 | Acc (poison): 0.9556 | Val Acc: 0.8985 | Time: 00:00:13
Epoch 097 | Seed 2001 | Rate 0.05 | Train Loss: 0.1500 | Val Loss: 0.3286 | Acc (clean): 0.9650 | Acc (poison): 0.9554 | Val Acc: 0.9019 | Time: 00:00:12
Epoch 098 | Seed 2001 | Rate 0.05 | Train Loss: 0.1470 | Val Loss: 0.3285 | Acc (clean): 0.9645 | Acc (poison): 0.9556 | Val Acc: 0.9026 | Time: 00:00:12
Epoch 099 | Seed 2001 | Rate 0.05 | Train Loss: 0.1443 | Val Loss: 0.3314 | Acc (clean): 0.9644 | Acc (poison): 0.9555 | Val Acc: 0.8981 | Time: 00:00:12
Epoch 100 | Seed 2001 | Rate 0.05 | Train Loss: 0.1463 | Val Loss: 0.3334 | Acc (clean): 0.9626 | Acc (poison): 0.9565 | Val Acc: 0.9048 | Time: 00:00:12

=== defense=none attack=RQ2 seed=2001 rate=0.1 ===
Loading train data from /home/yazanme/BachelorThesis/BachelorThesis/data/processed/resisc45/train.h5 with mapping /home/yazanme/BachelorThesis/BachelorThesis/data/processed/resisc45/poisoned/RQ2/seed_2001/labels_0.10.pt... (in_memory=True, workers=4)
Testing torch.compile support...
Successfully compiled model using torch.compile.
Epoch 001 | Seed 2001 | Rate 0.10 | Train Loss: 2.8943 | Val Loss: 2.4649 | Acc (clean): 0.2256 | Acc (poison): 0.2156 | Val Acc: 0.2922 | Time: 00:00:13
Epoch 002 | Seed 2001 | Rate 0.10 | Train Loss: 2.0849 | Val Loss: 2.1070 | Acc (clean): 0.4155 | Acc (poison): 0.3948 | Val Acc: 0.3919 | Time: 00:00:12
Epoch 003 | Seed 2001 | Rate 0.10 | Train Loss: 1.7713 | Val Loss: 1.8641 | Acc (clean): 0.5012 | Acc (poison): 0.4708 | Val Acc: 0.4348 | Time: 00:00:12
Epoch 004 | Seed 2001 | Rate 0.10 | Train Loss: 1.5474 | Val Loss: 1.6935 | Acc (clean): 0.5675 | Acc (poison): 0.5295 | Val Acc: 0.4848 | Time: 00:00:12
Epoch 005 | Seed 2001 | Rate 0.10 | Train Loss: 1.3851 | Val Loss: 1.6471 | Acc (clean): 0.6119 | Acc (poison): 0.5701 | Val Acc: 0.5122 | Time: 00:00:12
Epoch 006 | Seed 2001 | Rate 0.10 | Train Loss: 1.2563 | Val Loss: 1.3953 | Acc (clean): 0.6508 | Acc (poison): 0.6061 | Val Acc: 0.6019 | Time: 00:00:12
Epoch 007 | Seed 2001 | Rate 0.10 | Train Loss: 1.1449 | Val Loss: 1.4812 | Acc (clean): 0.6808 | Acc (poison): 0.6332 | Val Acc: 0.5600 | Time: 00:00:12
Epoch 008 | Seed 2001 | Rate 0.10 | Train Loss: 1.0663 | Val Loss: 1.0494 | Acc (clean): 0.7049 | Acc (poison): 0.6549 | Val Acc: 0.6807 | Time: 00:00:12
Epoch 009 | Seed 2001 | Rate 0.10 | Train Loss: 1.0077 | Val Loss: 1.0413 | Acc (clean): 0.7261 | Acc (poison): 0.6733 | Val Acc: 0.6896 | Time: 00:00:12
Epoch 010 | Seed 2001 | Rate 0.10 | Train Loss: 0.9711 | Val Loss: 1.0979 | Acc (clean): 0.7400 | Acc (poison): 0.6861 | Val Acc: 0.6763 | Time: 00:00:12
Epoch 011 | Seed 2001 | Rate 0.10 | Train Loss: 0.9454 | Val Loss: 1.1425 | Acc (clean): 0.7478 | Acc (poison): 0.6920 | Val Acc: 0.6437 | Time: 00:00:12
Epoch 012 | Seed 2001 | Rate 0.10 | Train Loss: 0.9207 | Val Loss: 1.1055 | Acc (clean): 0.7542 | Acc (poison): 0.6970 | Val Acc: 0.6615 | Time: 00:00:12
Epoch 013 | Seed 2001 | Rate 0.10 | Train Loss: 0.8929 | Val Loss: 1.0739 | Acc (clean): 0.7647 | Acc (poison): 0.7052 | Val Acc: 0.6748 | Time: 00:00:12
Epoch 014 | Seed 2001 | Rate 0.10 | Train Loss: 0.8788 | Val Loss: 1.5509 | Acc (clean): 0.7686 | Acc (poison): 0.7103 | Val Acc: 0.5552 | Time: 00:00:12
Epoch 015 | Seed 2001 | Rate 0.10 | Train Loss: 0.8642 | Val Loss: 1.1863 | Acc (clean): 0.7741 | Acc (poison): 0.7148 | Val Acc: 0.6459 | Time: 00:00:13
Epoch 016 | Seed 2001 | Rate 0.10 | Train Loss: 0.8597 | Val Loss: 1.0219 | Acc (clean): 0.7744 | Acc (poison): 0.7162 | Val Acc: 0.6893 | Time: 00:00:12
Epoch 017 | Seed 2001 | Rate 0.10 | Train Loss: 0.8464 | Val Loss: 0.8590 | Acc (clean): 0.7766 | Acc (poison): 0.7188 | Val Acc: 0.7456 | Time: 00:00:12
Epoch 018 | Seed 2001 | Rate 0.10 | Train Loss: 0.8361 | Val Loss: 0.9481 | Acc (clean): 0.7796 | Acc (poison): 0.7195 | Val Acc: 0.7133 | Time: 00:00:12
Epoch 019 | Seed 2001 | Rate 0.10 | Train Loss: 0.8273 | Val Loss: 1.0646 | Acc (clean): 0.7847 | Acc (poison): 0.7249 | Val Acc: 0.6848 | Time: 00:00:12
Epoch 020 | Seed 2001 | Rate 0.10 | Train Loss: 0.8318 | Val Loss: 1.2525 | Acc (clean): 0.7854 | Acc (poison): 0.7224 | Val Acc: 0.6474 | Time: 00:00:13
Epoch 021 | Seed 2001 | Rate 0.10 | Train Loss: 0.8221 | Val Loss: 1.0446 | Acc (clean): 0.7886 | Acc (poison): 0.7279 | Val Acc: 0.6956 | Time: 00:00:12
Epoch 022 | Seed 2001 | Rate 0.10 | Train Loss: 0.8169 | Val Loss: 1.3403 | Acc (clean): 0.7877 | Acc (poison): 0.7269 | Val Acc: 0.6178 | Time: 00:00:12
Epoch 023 | Seed 2001 | Rate 0.10 | Train Loss: 0.8300 | Val Loss: 1.2715 | Acc (clean): 0.7856 | Acc (poison): 0.7242 | Val Acc: 0.6444 | Time: 00:00:12
Epoch 024 | Seed 2001 | Rate 0.10 | Train Loss: 0.8113 | Val Loss: 1.0893 | Acc (clean): 0.7903 | Acc (poison): 0.7302 | Val Acc: 0.6781 | Time: 00:00:12
Epoch 025 | Seed 2001 | Rate 0.10 | Train Loss: 0.8024 | Val Loss: 1.0920 | Acc (clean): 0.7935 | Acc (poison): 0.7331 | Val Acc: 0.6781 | Time: 00:00:12
Epoch 026 | Seed 2001 | Rate 0.10 | Train Loss: 0.8027 | Val Loss: 1.1438 | Acc (clean): 0.7921 | Acc (poison): 0.7307 | Val Acc: 0.6704 | Time: 00:00:13
Epoch 027 | Seed 2001 | Rate 0.10 | Train Loss: 0.7955 | Val Loss: 0.9918 | Acc (clean): 0.7961 | Acc (poison): 0.7349 | Val Acc: 0.7237 | Time: 00:00:12
Epoch 028 | Seed 2001 | Rate 0.10 | Train Loss: 0.8059 | Val Loss: 1.1616 | Acc (clean): 0.7941 | Acc (poison): 0.7321 | Val Acc: 0.6481 | Time: 00:00:12
Epoch 029 | Seed 2001 | Rate 0.10 | Train Loss: 0.8016 | Val Loss: 1.0194 | Acc (clean): 0.7949 | Acc (poison): 0.7325 | Val Acc: 0.7148 | Time: 00:00:12
Epoch 030 | Seed 2001 | Rate 0.10 | Train Loss: 0.7866 | Val Loss: 0.8412 | Acc (clean): 0.7989 | Acc (poison): 0.7381 | Val Acc: 0.7426 | Time: 00:00:13
Epoch 031 | Seed 2001 | Rate 0.10 | Train Loss: 0.7987 | Val Loss: 1.8224 | Acc (clean): 0.7963 | Acc (poison): 0.7352 | Val Acc: 0.5100 | Time: 00:00:12
Epoch 032 | Seed 2001 | Rate 0.10 | Train Loss: 0.7977 | Val Loss: 0.9281 | Acc (clean): 0.7963 | Acc (poison): 0.7335 | Val Acc: 0.7141 | Time: 00:00:12
Epoch 033 | Seed 2001 | Rate 0.10 | Train Loss: 0.7876 | Val Loss: 1.0615 | Acc (clean): 0.7973 | Acc (poison): 0.7356 | Val Acc: 0.6744 | Time: 00:00:12
Epoch 034 | Seed 2001 | Rate 0.10 | Train Loss: 0.7861 | Val Loss: 1.8196 | Acc (clean): 0.7980 | Acc (poison): 0.7362 | Val Acc: 0.5407 | Time: 00:00:12
Epoch 035 | Seed 2001 | Rate 0.10 | Train Loss: 0.7828 | Val Loss: 1.5248 | Acc (clean): 0.8005 | Acc (poison): 0.7371 | Val Acc: 0.5670 | Time: 00:00:12
Epoch 036 | Seed 2001 | Rate 0.10 | Train Loss: 0.7898 | Val Loss: 1.2710 | Acc (clean): 0.7956 | Acc (poison): 0.7347 | Val Acc: 0.6341 | Time: 00:00:12
Epoch 037 | Seed 2001 | Rate 0.10 | Train Loss: 0.7752 | Val Loss: 1.2045 | Acc (clean): 0.8042 | Acc (poison): 0.7406 | Val Acc: 0.6537 | Time: 00:00:12
Epoch 038 | Seed 2001 | Rate 0.10 | Train Loss: 0.7934 | Val Loss: 0.9007 | Acc (clean): 0.7979 | Acc (poison): 0.7363 | Val Acc: 0.7152 | Time: 00:00:12
Epoch 039 | Seed 2001 | Rate 0.10 | Train Loss: 0.7878 | Val Loss: 1.4446 | Acc (clean): 0.8011 | Acc (poison): 0.7389 | Val Acc: 0.5930 | Time: 00:00:13
Epoch 040 | Seed 2001 | Rate 0.10 | Train Loss: 0.7820 | Val Loss: 1.0365 | Acc (clean): 0.8001 | Acc (poison): 0.7382 | Val Acc: 0.6741 | Time: 00:00:12
Epoch 041 | Seed 2001 | Rate 0.10 | Train Loss: 0.7755 | Val Loss: 1.4363 | Acc (clean): 0.8029 | Acc (poison): 0.7405 | Val Acc: 0.6126 | Time: 00:00:12
Epoch 042 | Seed 2001 | Rate 0.10 | Train Loss: 0.7834 | Val Loss: 1.0663 | Acc (clean): 0.8024 | Acc (poison): 0.7407 | Val Acc: 0.6730 | Time: 00:00:12
Epoch 043 | Seed 2001 | Rate 0.10 | Train Loss: 0.7829 | Val Loss: 1.1722 | Acc (clean): 0.8016 | Acc (poison): 0.7398 | Val Acc: 0.6426 | Time: 00:00:12
Epoch 044 | Seed 2001 | Rate 0.10 | Train Loss: 0.7922 | Val Loss: 0.8039 | Acc (clean): 0.8002 | Acc (poison): 0.7369 | Val Acc: 0.7433 | Time: 00:00:12
Epoch 045 | Seed 2001 | Rate 0.10 | Train Loss: 0.7767 | Val Loss: 0.8832 | Acc (clean): 0.8043 | Acc (poison): 0.7409 | Val Acc: 0.7278 | Time: 00:00:13
Epoch 046 | Seed 2001 | Rate 0.10 | Train Loss: 0.7758 | Val Loss: 0.9785 | Acc (clean): 0.8023 | Acc (poison): 0.7405 | Val Acc: 0.6974 | Time: 00:00:12
Epoch 047 | Seed 2001 | Rate 0.10 | Train Loss: 0.7770 | Val Loss: 0.8675 | Acc (clean): 0.8028 | Acc (poison): 0.7406 | Val Acc: 0.7278 | Time: 00:00:12
Epoch 048 | Seed 2001 | Rate 0.10 | Train Loss: 0.7820 | Val Loss: 1.2568 | Acc (clean): 0.8042 | Acc (poison): 0.7404 | Val Acc: 0.6241 | Time: 00:00:12
Epoch 049 | Seed 2001 | Rate 0.10 | Train Loss: 0.7884 | Val Loss: 1.0294 | Acc (clean): 0.8037 | Acc (poison): 0.7412 | Val Acc: 0.7022 | Time: 00:00:12
Epoch 050 | Seed 2001 | Rate 0.10 | Train Loss: 0.7801 | Val Loss: 0.9405 | Acc (clean): 0.8020 | Acc (poison): 0.7405 | Val Acc: 0.7200 | Time: 00:00:12
Epoch 051 | Seed 2001 | Rate 0.10 | Train Loss: 0.5868 | Val Loss: 0.4574 | Acc (clean): 0.8778 | Acc (poison): 0.8062 | Val Acc: 0.8704 | Time: 00:00:12
Epoch 052 | Seed 2001 | Rate 0.10 | Train Loss: 0.5116 | Val Loss: 0.4493 | Acc (clean): 0.9004 | Acc (poison): 0.8251 | Val Acc: 0.8752 | Time: 00:00:12
Epoch 053 | Seed 2001 | Rate 0.10 | Train Loss: 0.4878 | Val Loss: 0.4307 | Acc (clean): 0.9095 | Acc (poison): 0.8329 | Val Acc: 0.8837 | Time: 00:00:12
Epoch 054 | Seed 2001 | Rate 0.10 | Train Loss: 0.4709 | Val Loss: 0.4297 | Acc (clean): 0.9145 | Acc (poison): 0.8384 | Val Acc: 0.8830 | Time: 00:00:12
Epoch 055 | Seed 2001 | Rate 0.10 | Train Loss: 0.4571 | Val Loss: 0.4429 | Acc (clean): 0.9162 | Acc (poison): 0.8407 | Val Acc: 0.8800 | Time: 00:00:12
Epoch 056 | Seed 2001 | Rate 0.10 | Train Loss: 0.4486 | Val Loss: 0.4229 | Acc (clean): 0.9184 | Acc (poison): 0.8430 | Val Acc: 0.8822 | Time: 00:00:12
Epoch 057 | Seed 2001 | Rate 0.10 | Train Loss: 0.4402 | Val Loss: 0.4244 | Acc (clean): 0.9214 | Acc (poison): 0.8454 | Val Acc: 0.8804 | Time: 00:00:12
Epoch 058 | Seed 2001 | Rate 0.10 | Train Loss: 0.4314 | Val Loss: 0.4215 | Acc (clean): 0.9228 | Acc (poison): 0.8486 | Val Acc: 0.8796 | Time: 00:00:12
Epoch 059 | Seed 2001 | Rate 0.10 | Train Loss: 0.4235 | Val Loss: 0.4019 | Acc (clean): 0.9254 | Acc (poison): 0.8512 | Val Acc: 0.8878 | Time: 00:00:12
Epoch 060 | Seed 2001 | Rate 0.10 | Train Loss: 0.4166 | Val Loss: 0.3996 | Acc (clean): 0.9268 | Acc (poison): 0.8519 | Val Acc: 0.8911 | Time: 00:00:12
Epoch 061 | Seed 2001 | Rate 0.10 | Train Loss: 0.4052 | Val Loss: 0.4120 | Acc (clean): 0.9291 | Acc (poison): 0.8566 | Val Acc: 0.8752 | Time: 00:00:12
Epoch 062 | Seed 2001 | Rate 0.10 | Train Loss: 0.3973 | Val Loss: 0.3945 | Acc (clean): 0.9310 | Acc (poison): 0.8579 | Val Acc: 0.8867 | Time: 00:00:12
Epoch 063 | Seed 2001 | Rate 0.10 | Train Loss: 0.3912 | Val Loss: 0.4059 | Acc (clean): 0.9312 | Acc (poison): 0.8602 | Val Acc: 0.8867 | Time: 00:00:12
Epoch 064 | Seed 2001 | Rate 0.10 | Train Loss: 0.3882 | Val Loss: 0.4021 | Acc (clean): 0.9290 | Acc (poison): 0.8605 | Val Acc: 0.8874 | Time: 00:00:12
Epoch 065 | Seed 2001 | Rate 0.10 | Train Loss: 0.3839 | Val Loss: 0.4033 | Acc (clean): 0.9317 | Acc (poison): 0.8615 | Val Acc: 0.8859 | Time: 00:00:12
Epoch 066 | Seed 2001 | Rate 0.10 | Train Loss: 0.3808 | Val Loss: 0.3916 | Acc (clean): 0.9328 | Acc (poison): 0.8659 | Val Acc: 0.8893 | Time: 00:00:12
Epoch 067 | Seed 2001 | Rate 0.10 | Train Loss: 0.3705 | Val Loss: 0.3965 | Acc (clean): 0.9329 | Acc (poison): 0.8686 | Val Acc: 0.8859 | Time: 00:00:12
Epoch 068 | Seed 2001 | Rate 0.10 | Train Loss: 0.3640 | Val Loss: 0.4314 | Acc (clean): 0.9349 | Acc (poison): 0.8700 | Val Acc: 0.8744 | Time: 00:00:13
Epoch 069 | Seed 2001 | Rate 0.10 | Train Loss: 0.3668 | Val Loss: 0.4154 | Acc (clean): 0.9328 | Acc (poison): 0.8685 | Val Acc: 0.8748 | Time: 00:00:12
Epoch 070 | Seed 2001 | Rate 0.10 | Train Loss: 0.3620 | Val Loss: 0.4310 | Acc (clean): 0.9318 | Acc (poison): 0.8697 | Val Acc: 0.8737 | Time: 00:00:12
Epoch 071 | Seed 2001 | Rate 0.10 | Train Loss: 0.3569 | Val Loss: 0.4039 | Acc (clean): 0.9330 | Acc (poison): 0.8722 | Val Acc: 0.8863 | Time: 00:00:12
Epoch 072 | Seed 2001 | Rate 0.10 | Train Loss: 0.3534 | Val Loss: 0.4104 | Acc (clean): 0.9314 | Acc (poison): 0.8733 | Val Acc: 0.8744 | Time: 00:00:12
Epoch 073 | Seed 2001 | Rate 0.10 | Train Loss: 0.3509 | Val Loss: 0.4392 | Acc (clean): 0.9299 | Acc (poison): 0.8740 | Val Acc: 0.8574 | Time: 00:00:12
Epoch 074 | Seed 2001 | Rate 0.10 | Train Loss: 0.3435 | Val Loss: 0.4134 | Acc (clean): 0.9305 | Acc (poison): 0.8758 | Val Acc: 0.8726 | Time: 00:00:12
Epoch 075 | Seed 2001 | Rate 0.10 | Train Loss: 0.3439 | Val Loss: 0.4216 | Acc (clean): 0.9287 | Acc (poison): 0.8756 | Val Acc: 0.8700 | Time: 00:00:12
Epoch 076 | Seed 2001 | Rate 0.10 | Train Loss: 0.3041 | Val Loss: 0.3832 | Acc (clean): 0.9398 | Acc (poison): 0.8915 | Val Acc: 0.8874 | Time: 00:00:13
Epoch 077 | Seed 2001 | Rate 0.10 | Train Loss: 0.2881 | Val Loss: 0.3800 | Acc (clean): 0.9461 | Acc (poison): 0.8977 | Val Acc: 0.8878 | Time: 00:00:12
Epoch 078 | Seed 2001 | Rate 0.10 | Train Loss: 0.2812 | Val Loss: 0.3754 | Acc (clean): 0.9456 | Acc (poison): 0.8989 | Val Acc: 0.8893 | Time: 00:00:12
Epoch 079 | Seed 2001 | Rate 0.10 | Train Loss: 0.2782 | Val Loss: 0.3741 | Acc (clean): 0.9470 | Acc (poison): 0.9000 | Val Acc: 0.8885 | Time: 00:00:12
Epoch 080 | Seed 2001 | Rate 0.10 | Train Loss: 0.2763 | Val Loss: 0.3779 | Acc (clean): 0.9435 | Acc (poison): 0.9020 | Val Acc: 0.8863 | Time: 00:00:13
Epoch 081 | Seed 2001 | Rate 0.10 | Train Loss: 0.2730 | Val Loss: 0.3795 | Acc (clean): 0.9474 | Acc (poison): 0.9026 | Val Acc: 0.8859 | Time: 00:00:12
Epoch 082 | Seed 2001 | Rate 0.10 | Train Loss: 0.2704 | Val Loss: 0.3829 | Acc (clean): 0.9435 | Acc (poison): 0.9032 | Val Acc: 0.8844 | Time: 00:00:12
Epoch 083 | Seed 2001 | Rate 0.10 | Train Loss: 0.2668 | Val Loss: 0.3832 | Acc (clean): 0.9460 | Acc (poison): 0.9047 | Val Acc: 0.8841 | Time: 00:00:12
Epoch 084 | Seed 2001 | Rate 0.10 | Train Loss: 0.2649 | Val Loss: 0.3790 | Acc (clean): 0.9432 | Acc (poison): 0.9055 | Val Acc: 0.8841 | Time: 00:00:12
Epoch 085 | Seed 2001 | Rate 0.10 | Train Loss: 0.2647 | Val Loss: 0.3756 | Acc (clean): 0.9433 | Acc (poison): 0.9052 | Val Acc: 0.8826 | Time: 00:00:12
Epoch 086 | Seed 2001 | Rate 0.10 | Train Loss: 0.2620 | Val Loss: 0.3823 | Acc (clean): 0.9442 | Acc (poison): 0.9083 | Val Acc: 0.8852 | Time: 00:00:12
Epoch 087 | Seed 2001 | Rate 0.10 | Train Loss: 0.2637 | Val Loss: 0.3774 | Acc (clean): 0.9424 | Acc (poison): 0.9052 | Val Acc: 0.8826 | Time: 00:00:12
Epoch 088 | Seed 2001 | Rate 0.10 | Train Loss: 0.2570 | Val Loss: 0.3790 | Acc (clean): 0.9433 | Acc (poison): 0.9100 | Val Acc: 0.8841 | Time: 00:00:12
Epoch 089 | Seed 2001 | Rate 0.10 | Train Loss: 0.2581 | Val Loss: 0.3802 | Acc (clean): 0.9405 | Acc (poison): 0.9070 | Val Acc: 0.8819 | Time: 00:00:12
Epoch 090 | Seed 2001 | Rate 0.10 | Train Loss: 0.2545 | Val Loss: 0.3813 | Acc (clean): 0.9413 | Acc (poison): 0.9099 | Val Acc: 0.8804 | Time: 00:00:12
Epoch 091 | Seed 2001 | Rate 0.10 | Train Loss: 0.2539 | Val Loss: 0.3863 | Acc (clean): 0.9428 | Acc (poison): 0.9083 | Val Acc: 0.8793 | Time: 00:00:12
Epoch 092 | Seed 2001 | Rate 0.10 | Train Loss: 0.2497 | Val Loss: 0.3866 | Acc (clean): 0.9423 | Acc (poison): 0.9121 | Val Acc: 0.8811 | Time: 00:00:12
Epoch 093 | Seed 2001 | Rate 0.10 | Train Loss: 0.2514 | Val Loss: 0.3800 | Acc (clean): 0.9418 | Acc (poison): 0.9121 | Val Acc: 0.8837 | Time: 00:00:12
Epoch 094 | Seed 2001 | Rate 0.10 | Train Loss: 0.2467 | Val Loss: 0.3822 | Acc (clean): 0.9396 | Acc (poison): 0.9128 | Val Acc: 0.8837 | Time: 00:00:12
Epoch 095 | Seed 2001 | Rate 0.10 | Train Loss: 0.2496 | Val Loss: 0.3805 | Acc (clean): 0.9392 | Acc (poison): 0.9141 | Val Acc: 0.8863 | Time: 00:00:12
Epoch 096 | Seed 2001 | Rate 0.10 | Train Loss: 0.2449 | Val Loss: 0.3893 | Acc (clean): 0.9394 | Acc (poison): 0.9138 | Val Acc: 0.8793 | Time: 00:00:12
Epoch 097 | Seed 2001 | Rate 0.10 | Train Loss: 0.2443 | Val Loss: 0.3805 | Acc (clean): 0.9382 | Acc (poison): 0.9142 | Val Acc: 0.8844 | Time: 00:00:13
Epoch 098 | Seed 2001 | Rate 0.10 | Train Loss: 0.2404 | Val Loss: 0.3849 | Acc (clean): 0.9388 | Acc (poison): 0.9152 | Val Acc: 0.8789 | Time: 00:00:13
Epoch 099 | Seed 2001 | Rate 0.10 | Train Loss: 0.2402 | Val Loss: 0.3851 | Acc (clean): 0.9398 | Acc (poison): 0.9161 | Val Acc: 0.8830 | Time: 00:00:12
Epoch 100 | Seed 2001 | Rate 0.10 | Train Loss: 0.2394 | Val Loss: 0.3870 | Acc (clean): 0.9393 | Acc (poison): 0.9153 | Val Acc: 0.8833 | Time: 00:00:12

=== defense=none attack=RQ2 seed=2001 rate=0.2 ===
Loading train data from /home/yazanme/BachelorThesis/BachelorThesis/data/processed/resisc45/train.h5 with mapping /home/yazanme/BachelorThesis/BachelorThesis/data/processed/resisc45/poisoned/RQ2/seed_2001/labels_0.20.pt... (in_memory=True, workers=4)
Testing torch.compile support...
Successfully compiled model using torch.compile.
Epoch 001 | Seed 2001 | Rate 0.20 | Train Loss: 2.9717 | Val Loss: 2.4023 | Acc (clean): 0.2056 | Acc (poison): 0.1970 | Val Acc: 0.2959 | Time: 00:00:13
Epoch 002 | Seed 2001 | Rate 0.20 | Train Loss: 2.1695 | Val Loss: 2.0727 | Acc (clean): 0.3856 | Acc (poison): 0.3544 | Val Acc: 0.4011 | Time: 00:00:13
Epoch 003 | Seed 2001 | Rate 0.20 | Train Loss: 1.8582 | Val Loss: 2.0465 | Acc (clean): 0.4711 | Acc (poison): 0.4269 | Val Acc: 0.3930 | Time: 00:00:12
Epoch 004 | Seed 2001 | Rate 0.20 | Train Loss: 1.6627 | Val Loss: 1.5390 | Acc (clean): 0.5193 | Acc (poison): 0.4680 | Val Acc: 0.5244 | Time: 00:00:12
Epoch 005 | Seed 2001 | Rate 0.20 | Train Loss: 1.5119 | Val Loss: 1.6539 | Acc (clean): 0.5587 | Acc (poison): 0.5009 | Val Acc: 0.5007 | Time: 00:00:12
Epoch 006 | Seed 2001 | Rate 0.20 | Train Loss: 1.3658 | Val Loss: 1.4623 | Acc (clean): 0.5996 | Acc (poison): 0.5300 | Val Acc: 0.5456 | Time: 00:00:12
Epoch 007 | Seed 2001 | Rate 0.20 | Train Loss: 1.2352 | Val Loss: 1.2344 | Acc (clean): 0.6354 | Acc (poison): 0.5598 | Val Acc: 0.6070 | Time: 00:00:12
Epoch 008 | Seed 2001 | Rate 0.20 | Train Loss: 1.1647 | Val Loss: 1.3237 | Acc (clean): 0.6537 | Acc (poison): 0.5756 | Val Acc: 0.5826 | Time: 00:00:12
Epoch 009 | Seed 2001 | Rate 0.20 | Train Loss: 1.1031 | Val Loss: 1.2148 | Acc (clean): 0.6735 | Acc (poison): 0.5915 | Val Acc: 0.5948 | Time: 00:00:12
Epoch 010 | Seed 2001 | Rate 0.20 | Train Loss: 1.0600 | Val Loss: 1.0984 | Acc (clean): 0.6933 | Acc (poison): 0.6073 | Val Acc: 0.6493 | Time: 00:00:12
Epoch 011 | Seed 2001 | Rate 0.20 | Train Loss: 1.0321 | Val Loss: 1.2692 | Acc (clean): 0.6936 | Acc (poison): 0.6119 | Val Acc: 0.6100 | Time: 00:00:12
Epoch 012 | Seed 2001 | Rate 0.20 | Train Loss: 1.0084 | Val Loss: 1.3357 | Acc (clean): 0.7077 | Acc (poison): 0.6190 | Val Acc: 0.5981 | Time: 00:00:12
Epoch 013 | Seed 2001 | Rate 0.20 | Train Loss: 0.9843 | Val Loss: 1.5038 | Acc (clean): 0.7105 | Acc (poison): 0.6250 | Val Acc: 0.5607 | Time: 00:00:12
Epoch 014 | Seed 2001 | Rate 0.20 | Train Loss: 0.9728 | Val Loss: 1.2868 | Acc (clean): 0.7188 | Acc (poison): 0.6280 | Val Acc: 0.6037 | Time: 00:00:12
Epoch 015 | Seed 2001 | Rate 0.20 | Train Loss: 0.9510 | Val Loss: 1.0379 | Acc (clean): 0.7246 | Acc (poison): 0.6309 | Val Acc: 0.6844 | Time: 00:00:12
Epoch 016 | Seed 2001 | Rate 0.20 | Train Loss: 0.9456 | Val Loss: 1.6155 | Acc (clean): 0.7256 | Acc (poison): 0.6365 | Val Acc: 0.5481 | Time: 00:00:12
Epoch 017 | Seed 2001 | Rate 0.20 | Train Loss: 0.9339 | Val Loss: 1.5988 | Acc (clean): 0.7307 | Acc (poison): 0.6394 | Val Acc: 0.5533 | Time: 00:00:12
Epoch 018 | Seed 2001 | Rate 0.20 | Train Loss: 0.9278 | Val Loss: 1.1870 | Acc (clean): 0.7312 | Acc (poison): 0.6393 | Val Acc: 0.6215 | Time: 00:00:12
Epoch 019 | Seed 2001 | Rate 0.20 | Train Loss: 0.9274 | Val Loss: 1.0777 | Acc (clean): 0.7347 | Acc (poison): 0.6421 | Val Acc: 0.6593 | Time: 00:00:13
Epoch 020 | Seed 2001 | Rate 0.20 | Train Loss: 0.9308 | Val Loss: 1.1010 | Acc (clean): 0.7312 | Acc (poison): 0.6406 | Val Acc: 0.6637 | Time: 00:00:12
Epoch 021 | Seed 2001 | Rate 0.20 | Train Loss: 0.9201 | Val Loss: 1.1829 | Acc (clean): 0.7399 | Acc (poison): 0.6458 | Val Acc: 0.6393 | Time: 00:00:12
Epoch 022 | Seed 2001 | Rate 0.20 | Train Loss: 0.9106 | Val Loss: 1.8489 | Acc (clean): 0.7391 | Acc (poison): 0.6459 | Val Acc: 0.5037 | Time: 00:00:12
Epoch 023 | Seed 2001 | Rate 0.20 | Train Loss: 0.9263 | Val Loss: 1.3927 | Acc (clean): 0.7351 | Acc (poison): 0.6416 | Val Acc: 0.6033 | Time: 00:00:12
Epoch 024 | Seed 2001 | Rate 0.20 | Train Loss: 0.9210 | Val Loss: 1.6465 | Acc (clean): 0.7378 | Acc (poison): 0.6455 | Val Acc: 0.5130 | Time: 00:00:13
Epoch 025 | Seed 2001 | Rate 0.20 | Train Loss: 0.9018 | Val Loss: 1.1562 | Acc (clean): 0.7391 | Acc (poison): 0.6474 | Val Acc: 0.6437 | Time: 00:00:12
Epoch 026 | Seed 2001 | Rate 0.20 | Train Loss: 0.9026 | Val Loss: 1.1467 | Acc (clean): 0.7425 | Acc (poison): 0.6452 | Val Acc: 0.6585 | Time: 00:00:12
Epoch 027 | Seed 2001 | Rate 0.20 | Train Loss: 0.9097 | Val Loss: 1.3539 | Acc (clean): 0.7396 | Acc (poison): 0.6446 | Val Acc: 0.6211 | Time: 00:00:12
Epoch 028 | Seed 2001 | Rate 0.20 | Train Loss: 0.8959 | Val Loss: 1.0615 | Acc (clean): 0.7500 | Acc (poison): 0.6514 | Val Acc: 0.6622 | Time: 00:00:12
Epoch 029 | Seed 2001 | Rate 0.20 | Train Loss: 0.9028 | Val Loss: 1.0271 | Acc (clean): 0.7444 | Acc (poison): 0.6495 | Val Acc: 0.6626 | Time: 00:00:12
Epoch 030 | Seed 2001 | Rate 0.20 | Train Loss: 0.8866 | Val Loss: 1.2089 | Acc (clean): 0.7477 | Acc (poison): 0.6499 | Val Acc: 0.6244 | Time: 00:00:12
Epoch 031 | Seed 2001 | Rate 0.20 | Train Loss: 0.9060 | Val Loss: 1.6414 | Acc (clean): 0.7412 | Acc (poison): 0.6452 | Val Acc: 0.5311 | Time: 00:00:12
Epoch 032 | Seed 2001 | Rate 0.20 | Train Loss: 0.9073 | Val Loss: 1.2808 | Acc (clean): 0.7428 | Acc (poison): 0.6454 | Val Acc: 0.6074 | Time: 00:00:12
Epoch 033 | Seed 2001 | Rate 0.20 | Train Loss: 0.9001 | Val Loss: 1.2659 | Acc (clean): 0.7431 | Acc (poison): 0.6461 | Val Acc: 0.5889 | Time: 00:00:12
Epoch 034 | Seed 2001 | Rate 0.20 | Train Loss: 0.8977 | Val Loss: 1.2611 | Acc (clean): 0.7415 | Acc (poison): 0.6472 | Val Acc: 0.5974 | Time: 00:00:12
Epoch 035 | Seed 2001 | Rate 0.20 | Train Loss: 0.8880 | Val Loss: 1.5945 | Acc (clean): 0.7423 | Acc (poison): 0.6490 | Val Acc: 0.5267 | Time: 00:00:12
Epoch 036 | Seed 2001 | Rate 0.20 | Train Loss: 0.8967 | Val Loss: 1.3133 | Acc (clean): 0.7494 | Acc (poison): 0.6507 | Val Acc: 0.6219 | Time: 00:00:12
Epoch 037 | Seed 2001 | Rate 0.20 | Train Loss: 0.8929 | Val Loss: 1.4402 | Acc (clean): 0.7448 | Acc (poison): 0.6503 | Val Acc: 0.5641 | Time: 00:00:12
Epoch 038 | Seed 2001 | Rate 0.20 | Train Loss: 0.9028 | Val Loss: 1.1533 | Acc (clean): 0.7375 | Acc (poison): 0.6463 | Val Acc: 0.6507 | Time: 00:00:12
Epoch 039 | Seed 2001 | Rate 0.20 | Train Loss: 0.8962 | Val Loss: 1.0893 | Acc (clean): 0.7481 | Acc (poison): 0.6513 | Val Acc: 0.6526 | Time: 00:00:12
Epoch 040 | Seed 2001 | Rate 0.20 | Train Loss: 0.9042 | Val Loss: 1.0875 | Acc (clean): 0.7443 | Acc (poison): 0.6456 | Val Acc: 0.6519 | Time: 00:00:12
Epoch 041 | Seed 2001 | Rate 0.20 | Train Loss: 0.8868 | Val Loss: 1.3768 | Acc (clean): 0.7480 | Acc (poison): 0.6502 | Val Acc: 0.5993 | Time: 00:00:12
Epoch 042 | Seed 2001 | Rate 0.20 | Train Loss: 0.8946 | Val Loss: 1.2858 | Acc (clean): 0.7422 | Acc (poison): 0.6481 | Val Acc: 0.6111 | Time: 00:00:12
Epoch 043 | Seed 2001 | Rate 0.20 | Train Loss: 0.8956 | Val Loss: 1.0903 | Acc (clean): 0.7417 | Acc (poison): 0.6499 | Val Acc: 0.6678 | Time: 00:00:12
Epoch 044 | Seed 2001 | Rate 0.20 | Train Loss: 0.8900 | Val Loss: 1.1379 | Acc (clean): 0.7499 | Acc (poison): 0.6528 | Val Acc: 0.6293 | Time: 00:00:12
Epoch 045 | Seed 2001 | Rate 0.20 | Train Loss: 0.9039 | Val Loss: 1.4084 | Acc (clean): 0.7421 | Acc (poison): 0.6481 | Val Acc: 0.5841 | Time: 00:00:13
Epoch 046 | Seed 2001 | Rate 0.20 | Train Loss: 0.9004 | Val Loss: 1.4480 | Acc (clean): 0.7402 | Acc (poison): 0.6481 | Val Acc: 0.5622 | Time: 00:00:12
Epoch 047 | Seed 2001 | Rate 0.20 | Train Loss: 0.8866 | Val Loss: 2.1260 | Acc (clean): 0.7464 | Acc (poison): 0.6515 | Val Acc: 0.4144 | Time: 00:00:12
Epoch 048 | Seed 2001 | Rate 0.20 | Train Loss: 0.8973 | Val Loss: 1.2736 | Acc (clean): 0.7390 | Acc (poison): 0.6495 | Val Acc: 0.6093 | Time: 00:00:12
Epoch 049 | Seed 2001 | Rate 0.20 | Train Loss: 0.8882 | Val Loss: 0.9772 | Acc (clean): 0.7502 | Acc (poison): 0.6509 | Val Acc: 0.6970 | Time: 00:00:12
Epoch 050 | Seed 2001 | Rate 0.20 | Train Loss: 0.8838 | Val Loss: 1.4248 | Acc (clean): 0.7498 | Acc (poison): 0.6507 | Val Acc: 0.5989 | Time: 00:00:12
Epoch 051 | Seed 2001 | Rate 0.20 | Train Loss: 0.7005 | Val Loss: 0.5824 | Acc (clean): 0.8387 | Acc (poison): 0.7139 | Val Acc: 0.8430 | Time: 00:00:12
Epoch 052 | Seed 2001 | Rate 0.20 | Train Loss: 0.6314 | Val Loss: 0.5547 | Acc (clean): 0.8644 | Acc (poison): 0.7335 | Val Acc: 0.8578 | Time: 00:00:12
Epoch 053 | Seed 2001 | Rate 0.20 | Train Loss: 0.6103 | Val Loss: 0.5517 | Acc (clean): 0.8725 | Acc (poison): 0.7409 | Val Acc: 0.8593 | Time: 00:00:12
Epoch 054 | Seed 2001 | Rate 0.20 | Train Loss: 0.5921 | Val Loss: 0.5388 | Acc (clean): 0.8777 | Acc (poison): 0.7451 | Val Acc: 0.8552 | Time: 00:00:12
Epoch 055 | Seed 2001 | Rate 0.20 | Train Loss: 0.5797 | Val Loss: 0.5524 | Acc (clean): 0.8831 | Acc (poison): 0.7472 | Val Acc: 0.8596 | Time: 00:00:12
Epoch 056 | Seed 2001 | Rate 0.20 | Train Loss: 0.5681 | Val Loss: 0.5375 | Acc (clean): 0.8813 | Acc (poison): 0.7520 | Val Acc: 0.8500 | Time: 00:00:12
Epoch 057 | Seed 2001 | Rate 0.20 | Train Loss: 0.5582 | Val Loss: 0.5405 | Acc (clean): 0.8839 | Acc (poison): 0.7545 | Val Acc: 0.8548 | Time: 00:00:12
Epoch 058 | Seed 2001 | Rate 0.20 | Train Loss: 0.5519 | Val Loss: 0.5449 | Acc (clean): 0.8899 | Acc (poison): 0.7579 | Val Acc: 0.8589 | Time: 00:00:12
Epoch 059 | Seed 2001 | Rate 0.20 | Train Loss: 0.5447 | Val Loss: 0.5393 | Acc (clean): 0.8886 | Acc (poison): 0.7607 | Val Acc: 0.8522 | Time: 00:00:12
Epoch 060 | Seed 2001 | Rate 0.20 | Train Loss: 0.5409 | Val Loss: 0.5262 | Acc (clean): 0.8905 | Acc (poison): 0.7619 | Val Acc: 0.8644 | Time: 00:00:12
Epoch 061 | Seed 2001 | Rate 0.20 | Train Loss: 0.5291 | Val Loss: 0.5348 | Acc (clean): 0.8927 | Acc (poison): 0.7653 | Val Acc: 0.8659 | Time: 00:00:12
Epoch 062 | Seed 2001 | Rate 0.20 | Train Loss: 0.5263 | Val Loss: 0.5345 | Acc (clean): 0.8890 | Acc (poison): 0.7670 | Val Acc: 0.8581 | Time: 00:00:12
Epoch 063 | Seed 2001 | Rate 0.20 | Train Loss: 0.5178 | Val Loss: 0.5223 | Acc (clean): 0.8949 | Acc (poison): 0.7701 | Val Acc: 0.8600 | Time: 00:00:12
Epoch 064 | Seed 2001 | Rate 0.20 | Train Loss: 0.5123 | Val Loss: 0.5289 | Acc (clean): 0.8940 | Acc (poison): 0.7718 | Val Acc: 0.8559 | Time: 00:00:12
Epoch 065 | Seed 2001 | Rate 0.20 | Train Loss: 0.5103 | Val Loss: 0.5392 | Acc (clean): 0.8916 | Acc (poison): 0.7735 | Val Acc: 0.8556 | Time: 00:00:12
Epoch 066 | Seed 2001 | Rate 0.20 | Train Loss: 0.5100 | Val Loss: 0.5308 | Acc (clean): 0.8865 | Acc (poison): 0.7726 | Val Acc: 0.8530 | Time: 00:00:12
Epoch 067 | Seed 2001 | Rate 0.20 | Train Loss: 0.5014 | Val Loss: 0.5121 | Acc (clean): 0.8881 | Acc (poison): 0.7736 | Val Acc: 0.8693 | Time: 00:00:12
Epoch 068 | Seed 2001 | Rate 0.20 | Train Loss: 0.4932 | Val Loss: 0.5281 | Acc (clean): 0.8912 | Acc (poison): 0.7784 | Val Acc: 0.8556 | Time: 00:00:12
Epoch 069 | Seed 2001 | Rate 0.20 | Train Loss: 0.4930 | Val Loss: 0.5630 | Acc (clean): 0.8925 | Acc (poison): 0.7809 | Val Acc: 0.8426 | Time: 00:00:12
Epoch 070 | Seed 2001 | Rate 0.20 | Train Loss: 0.4904 | Val Loss: 0.5160 | Acc (clean): 0.8872 | Acc (poison): 0.7815 | Val Acc: 0.8626 | Time: 00:00:13
Epoch 071 | Seed 2001 | Rate 0.20 | Train Loss: 0.4855 | Val Loss: 0.5648 | Acc (clean): 0.8915 | Acc (poison): 0.7835 | Val Acc: 0.8289 | Time: 00:00:12
Epoch 072 | Seed 2001 | Rate 0.20 | Train Loss: 0.4818 | Val Loss: 0.5820 | Acc (clean): 0.8831 | Acc (poison): 0.7851 | Val Acc: 0.8252 | Time: 00:00:12
Epoch 073 | Seed 2001 | Rate 0.20 | Train Loss: 0.4820 | Val Loss: 0.5596 | Acc (clean): 0.8857 | Acc (poison): 0.7843 | Val Acc: 0.8419 | Time: 00:00:12
Epoch 074 | Seed 2001 | Rate 0.20 | Train Loss: 0.4783 | Val Loss: 0.5419 | Acc (clean): 0.8809 | Acc (poison): 0.7892 | Val Acc: 0.8467 | Time: 00:00:12
Epoch 075 | Seed 2001 | Rate 0.20 | Train Loss: 0.4756 | Val Loss: 0.5443 | Acc (clean): 0.8842 | Acc (poison): 0.7886 | Val Acc: 0.8400 | Time: 00:00:12
Epoch 076 | Seed 2001 | Rate 0.20 | Train Loss: 0.4383 | Val Loss: 0.5075 | Acc (clean): 0.8964 | Acc (poison): 0.8071 | Val Acc: 0.8537 | Time: 00:00:12
Epoch 077 | Seed 2001 | Rate 0.20 | Train Loss: 0.4249 | Val Loss: 0.5087 | Acc (clean): 0.9012 | Acc (poison): 0.8124 | Val Acc: 0.8563 | Time: 00:00:12
Epoch 078 | Seed 2001 | Rate 0.20 | Train Loss: 0.4190 | Val Loss: 0.5016 | Acc (clean): 0.9011 | Acc (poison): 0.8153 | Val Acc: 0.8574 | Time: 00:00:12
Epoch 079 | Seed 2001 | Rate 0.20 | Train Loss: 0.4168 | Val Loss: 0.5063 | Acc (clean): 0.8968 | Acc (poison): 0.8149 | Val Acc: 0.8559 | Time: 00:00:12
Epoch 080 | Seed 2001 | Rate 0.20 | Train Loss: 0.4146 | Val Loss: 0.5054 | Acc (clean): 0.8974 | Acc (poison): 0.8167 | Val Acc: 0.8537 | Time: 00:00:12
Epoch 081 | Seed 2001 | Rate 0.20 | Train Loss: 0.4110 | Val Loss: 0.5107 | Acc (clean): 0.8996 | Acc (poison): 0.8201 | Val Acc: 0.8515 | Time: 00:00:12
Epoch 082 | Seed 2001 | Rate 0.20 | Train Loss: 0.4097 | Val Loss: 0.5107 | Acc (clean): 0.8972 | Acc (poison): 0.8197 | Val Acc: 0.8507 | Time: 00:00:12
Epoch 083 | Seed 2001 | Rate 0.20 | Train Loss: 0.4061 | Val Loss: 0.5123 | Acc (clean): 0.8951 | Acc (poison): 0.8210 | Val Acc: 0.8426 | Time: 00:00:12
Epoch 084 | Seed 2001 | Rate 0.20 | Train Loss: 0.4047 | Val Loss: 0.5140 | Acc (clean): 0.8947 | Acc (poison): 0.8210 | Val Acc: 0.8470 | Time: 00:00:12
Epoch 085 | Seed 2001 | Rate 0.20 | Train Loss: 0.4017 | Val Loss: 0.5118 | Acc (clean): 0.8958 | Acc (poison): 0.8245 | Val Acc: 0.8500 | Time: 00:00:12
Epoch 086 | Seed 2001 | Rate 0.20 | Train Loss: 0.3979 | Val Loss: 0.5136 | Acc (clean): 0.8942 | Acc (poison): 0.8255 | Val Acc: 0.8470 | Time: 00:00:12
Epoch 087 | Seed 2001 | Rate 0.20 | Train Loss: 0.3999 | Val Loss: 0.5070 | Acc (clean): 0.8929 | Acc (poison): 0.8267 | Val Acc: 0.8474 | Time: 00:00:12
Epoch 088 | Seed 2001 | Rate 0.20 | Train Loss: 0.3967 | Val Loss: 0.5070 | Acc (clean): 0.8913 | Acc (poison): 0.8259 | Val Acc: 0.8489 | Time: 00:00:12
Epoch 089 | Seed 2001 | Rate 0.20 | Train Loss: 0.3966 | Val Loss: 0.5105 | Acc (clean): 0.8893 | Acc (poison): 0.8291 | Val Acc: 0.8407 | Time: 00:00:12
Epoch 090 | Seed 2001 | Rate 0.20 | Train Loss: 0.3944 | Val Loss: 0.5130 | Acc (clean): 0.8883 | Acc (poison): 0.8284 | Val Acc: 0.8452 | Time: 00:00:12
Epoch 091 | Seed 2001 | Rate 0.20 | Train Loss: 0.3912 | Val Loss: 0.5165 | Acc (clean): 0.8887 | Acc (poison): 0.8305 | Val Acc: 0.8433 | Time: 00:00:12
Epoch 092 | Seed 2001 | Rate 0.20 | Train Loss: 0.3894 | Val Loss: 0.5197 | Acc (clean): 0.8909 | Acc (poison): 0.8318 | Val Acc: 0.8352 | Time: 00:00:12
Epoch 093 | Seed 2001 | Rate 0.20 | Train Loss: 0.3910 | Val Loss: 0.5185 | Acc (clean): 0.8863 | Acc (poison): 0.8286 | Val Acc: 0.8396 | Time: 00:00:12
Epoch 094 | Seed 2001 | Rate 0.20 | Train Loss: 0.3888 | Val Loss: 0.5148 | Acc (clean): 0.8861 | Acc (poison): 0.8313 | Val Acc: 0.8400 | Time: 00:00:12
Epoch 095 | Seed 2001 | Rate 0.20 | Train Loss: 0.3867 | Val Loss: 0.5178 | Acc (clean): 0.8879 | Acc (poison): 0.8342 | Val Acc: 0.8389 | Time: 00:00:13
Epoch 096 | Seed 2001 | Rate 0.20 | Train Loss: 0.3848 | Val Loss: 0.5252 | Acc (clean): 0.8879 | Acc (poison): 0.8337 | Val Acc: 0.8322 | Time: 00:00:13
Epoch 097 | Seed 2001 | Rate 0.20 | Train Loss: 0.3805 | Val Loss: 0.5199 | Acc (clean): 0.8840 | Acc (poison): 0.8386 | Val Acc: 0.8385 | Time: 00:00:12
Epoch 098 | Seed 2001 | Rate 0.20 | Train Loss: 0.3802 | Val Loss: 0.5184 | Acc (clean): 0.8815 | Acc (poison): 0.8394 | Val Acc: 0.8359 | Time: 00:00:12
Epoch 099 | Seed 2001 | Rate 0.20 | Train Loss: 0.3756 | Val Loss: 0.5225 | Acc (clean): 0.8815 | Acc (poison): 0.8410 | Val Acc: 0.8326 | Time: 00:00:12
Epoch 100 | Seed 2001 | Rate 0.20 | Train Loss: 0.3776 | Val Loss: 0.5268 | Acc (clean): 0.8790 | Acc (poison): 0.8378 | Val Acc: 0.8278 | Time: 00:00:12

Endzeit: 2026-08-08 01:36:18 CEST
Laufzeit: 04:05:08
Exit-Code: 0

Abgeschlossene Laeufe fuer Seed 2001 (erwartet: 11):
/home/yazanme/BachelorThesis/BachelorThesis/experiments/RQ3/none/mobilenetv2/clean/seed_2001/rate_0.0
/home/yazanme/BachelorThesis/BachelorThesis/experiments/RQ3/none/mobilenetv2/RQ1/seed_2001/rate_0.01
/home/yazanme/BachelorThesis/BachelorThesis/experiments/RQ3/none/mobilenetv2/RQ1/seed_2001/rate_0.02
/home/yazanme/BachelorThesis/BachelorThesis/experiments/RQ3/none/mobilenetv2/RQ1/seed_2001/rate_0.05
/home/yazanme/BachelorThesis/BachelorThesis/experiments/RQ3/none/mobilenetv2/RQ1/seed_2001/rate_0.1
/home/yazanme/BachelorThesis/BachelorThesis/experiments/RQ3/none/mobilenetv2/RQ1/seed_2001/rate_0.2
/home/yazanme/BachelorThesis/BachelorThesis/experiments/RQ3/none/mobilenetv2/RQ2/seed_2001/rate_0.01
/home/yazanme/BachelorThesis/BachelorThesis/experiments/RQ3/none/mobilenetv2/RQ2/seed_2001/rate_0.02
/home/yazanme/BachelorThesis/BachelorThesis/experiments/RQ3/none/mobilenetv2/RQ2/seed_2001/rate_0.05
/home/yazanme/BachelorThesis/BachelorThesis/experiments/RQ3/none/mobilenetv2/RQ2/seed_2001/rate_0.1
/home/yazanme/BachelorThesis/BachelorThesis/experiments/RQ3/none/mobilenetv2/RQ2/seed_2001/rate_0.2
Anzahl: 11

clean/summary_metrics.csv:
seed,rate,accuracy,precision,recall,f1
2026,0.0,0.9362222222222222,0.936949745103114,0.936222222222222,0.9362797837677168
2001,0.0,0.9373333333333334,0.9385366444962784,0.9373333333333334,0.9375448848603408
42,0.0,0.9335555555555556,0.9347383572310883,0.9335555555555555,0.9338286455980954

RQ1/summary_metrics.csv:
seed,rate,accuracy,precision,recall,f1
2026,0.01,0.9317777777777778,0.9321496778412336,0.9317777777777778,0.931621112832275
2001,0.01,0.9288888888888888,0.9301210022994076,0.9288888888888888,0.9289804884303712
42,0.01,0.9224444444444444,0.923215521526783,0.9224444444444444,0.9224038381467256
42,0.02,0.9175555555555556,0.9193541130358548,0.9175555555555556,0.9177464641685892
2001,0.02,0.9226666666666666,0.9242347859968324,0.9226666666666664,0.922751963311505
2026,0.02,0.9246666666666666,0.9252056923440288,0.9246666666666664,0.9244653515290776
42,0.05,0.9046666666666666,0.9072861527836132,0.9046666666666668,0.9047275702461492
2001,0.05,0.9131111111111112,0.914124405777936,0.913111111111111,0.913177627903701
2026,0.05,0.9108888888888887,0.911993777578366,0.9108888888888887,0.9109217939477072
42,0.1,0.8946666666666667,0.8977491810198959,0.8946666666666665,0.8946666906592889
2001,0.1,0.9,0.9008282119280606,0.9,0.8996651302430269
2026,0.1,0.904,0.9060921809095708,0.9039999999999998,0.9040730702448192
42,0.2,0.8917777777777778,0.8952233453826436,0.891777777777778,0.8916061791597745
2001,0.2,0.8791111111111111,0.8815142974528627,0.879111111111111,0.8785700419816733
2026,0.2,0.8837777777777778,0.8868109958210421,0.8837777777777777,0.8830726646687564

RQ2/summary_metrics.csv:
seed,rate,accuracy,precision,recall,f1
42,0.01,0.9271111111111112,0.9279672044732228,0.9271111111111112,0.9271836700388374
2001,0.01,0.9275555555555556,0.9285152469297347,0.9275555555555552,0.9275038963799654
2026,0.01,0.9277777777777778,0.929047476249928,0.9277777777777778,0.927751975853801
2001,0.02,0.9217777777777778,0.9236346242926772,0.9217777777777776,0.9218923541898474
42,0.02,0.9228888888888888,0.9239787230363968,0.9228888888888888,0.922983237908244
2026,0.02,0.9191111111111112,0.9205399593847872,0.919111111111111,0.9192243180927206
2001,0.05,0.9177777777777778,0.9194424103985516,0.9177777777777776,0.9181168156471828
42,0.05,0.9082222222222224,0.9094968867209364,0.908222222222222,0.9081927900056324
2026,0.05,0.9155555555555556,0.9166970212036052,0.9155555555555556,0.91562341041324
2001,0.1,0.8964444444444445,0.8982788412033915,0.8964444444444444,0.8964100467936548
42,0.1,0.9042222222222224,0.90576768481563,0.9042222222222224,0.9041743253602736
2026,0.1,0.8995555555555556,0.9014507513080312,0.8995555555555554,0.8993842779275143
2001,0.2,0.8568888888888889,0.8594814934679033,0.8568888888888889,0.8567848897407335
