=========================================
1. SLURM ALLOKATIONS-INFO
=========================================
Job ID: 5146 (Array 5144, Task 1)
Job Name: rq3_gce_resnet18
Ausfuehrender Node: gpu01
Zugewiesene CPUs: 6
Zugewiesener Speicher: 32768 MB
Zugewiesene GPUs: 1
Zugewiesene GPUs ueber CUDA: 0
0, Tesla V100S-PCIE-32GB, 32768 MiB, 535.309.01

Zeitzonen-Check -> Node-Uhr (UTC): 2026-08-07 00:21:21 UTC
Zeitzonen-Check -> korrigiert    : 2026-08-07 02:21:21 CEST

Python: /home/yazanme/miniforge3/envs/venv/bin/python
Version: Python 3.12.13

Preflight ok: RQ2-Labels mit 16 Paaren / 32 angegriffenen Klassen.
Modell:           resnet18
Verteidigung:     gce
Seed:             2001
Trainings-Config: /home/yazanme/BachelorThesis/BachelorThesis/src/yaml/rq3/rq3_train_resnet18.yaml
Daten-Config:     /home/yazanme/BachelorThesis/BachelorThesis/src/implementation/data_preparation/config.yaml
Ausgabe:          /home/yazanme/BachelorThesis/BachelorThesis/experiments/RQ3/gce/resnet18/{clean,RQ1,RQ2}
Preflight ok: 3 HDF5-Splits + 10 Label-Tensoren (RQ1+RQ2) fuer Seed 2001.
Erwartet: 1 clean + 2 Angriffe x 5 Raten = 11 Laeufe (~4.6 h).

Startzeit: 2026-08-07 02:21:22 CEST

Starting main script...
Config: /home/yazanme/BachelorThesis/BachelorThesis/src/yaml/rq3/rq3_train_resnet18.yaml
Experiment: rq=RQ3 model=resnet18 rates=[0.0, 0.01, 0.02, 0.05, 0.1, 0.2]
Defense: gce | Seeds: [2001] | Attacks: ['clean', 'RQ1', 'RQ2']
Set float32 matmul precision to: high
Initializing PyTorch and checking CUDA...
Set cudnn.benchmark to: True
Using device: cuda
Initializing base loaders...
Loading validation data from /home/yazanme/BachelorThesis/BachelorThesis/data/processed/resisc45/val.h5... (in_memory=True, workers=4)
Loading test data from /home/yazanme/BachelorThesis/BachelorThesis/data/processed/resisc45/test.h5... (in_memory=True, workers=4)
Starting experiment run...

=== defense=gce attack=clean seed=2001 rate=0.0 ===
Loading train data from /home/yazanme/BachelorThesis/BachelorThesis/data/processed/resisc45/train.h5... (in_memory=True, workers=4)
Testing torch.compile support...
Successfully compiled model using torch.compile.
Epoch 001 | Seed 2001 | Rate 0.00 | Train Loss: 1.0996 | Val Loss: 6.0821 | Acc (clean): 0.2090 | Acc (poison): 0.2090 | Val Acc: 0.2163 | Time: 00:01:24
Epoch 002 | Seed 2001 | Rate 0.00 | Train Loss: 0.9409 | Val Loss: 4.9553 | Acc (clean): 0.3227 | Acc (poison): 0.3227 | Val Acc: 0.3330 | Time: 00:00:14
Epoch 003 | Seed 2001 | Rate 0.00 | Train Loss: 0.8517 | Val Loss: 5.4182 | Acc (clean): 0.3866 | Acc (poison): 0.3866 | Val Acc: 0.3363 | Time: 00:00:12
Epoch 004 | Seed 2001 | Rate 0.00 | Train Loss: 0.7972 | Val Loss: 4.5342 | Acc (clean): 0.4279 | Acc (poison): 0.4279 | Val Acc: 0.4400 | Time: 00:00:13
Epoch 005 | Seed 2001 | Rate 0.00 | Train Loss: 0.7318 | Val Loss: 4.2017 | Acc (clean): 0.4742 | Acc (poison): 0.4742 | Val Acc: 0.4126 | Time: 00:00:14
Epoch 006 | Seed 2001 | Rate 0.00 | Train Loss: 0.6920 | Val Loss: 5.3083 | Acc (clean): 0.5030 | Acc (poison): 0.5030 | Val Acc: 0.3863 | Time: 00:00:12
Epoch 007 | Seed 2001 | Rate 0.00 | Train Loss: 0.6452 | Val Loss: 3.0702 | Acc (clean): 0.5367 | Acc (poison): 0.5367 | Val Acc: 0.5022 | Time: 00:00:12
Epoch 008 | Seed 2001 | Rate 0.00 | Train Loss: 0.6034 | Val Loss: 2.9372 | Acc (clean): 0.5674 | Acc (poison): 0.5674 | Val Acc: 0.5204 | Time: 00:00:13
Epoch 009 | Seed 2001 | Rate 0.00 | Train Loss: 0.5752 | Val Loss: 3.1616 | Acc (clean): 0.5896 | Acc (poison): 0.5896 | Val Acc: 0.4815 | Time: 00:00:12
Epoch 010 | Seed 2001 | Rate 0.00 | Train Loss: 0.5457 | Val Loss: 3.2130 | Acc (clean): 0.6135 | Acc (poison): 0.6135 | Val Acc: 0.5189 | Time: 00:00:12
Epoch 011 | Seed 2001 | Rate 0.00 | Train Loss: 0.5159 | Val Loss: 2.1537 | Acc (clean): 0.6363 | Acc (poison): 0.6363 | Val Acc: 0.5885 | Time: 00:00:13
Epoch 012 | Seed 2001 | Rate 0.00 | Train Loss: 0.4727 | Val Loss: 2.4257 | Acc (clean): 0.6678 | Acc (poison): 0.6678 | Val Acc: 0.5767 | Time: 00:00:12
Epoch 013 | Seed 2001 | Rate 0.00 | Train Loss: 0.4405 | Val Loss: 1.7105 | Acc (clean): 0.6911 | Acc (poison): 0.6911 | Val Acc: 0.6626 | Time: 00:00:14
Epoch 014 | Seed 2001 | Rate 0.00 | Train Loss: 0.4162 | Val Loss: 1.9773 | Acc (clean): 0.7084 | Acc (poison): 0.7084 | Val Acc: 0.6126 | Time: 00:00:12
Epoch 015 | Seed 2001 | Rate 0.00 | Train Loss: 0.3830 | Val Loss: 2.1487 | Acc (clean): 0.7335 | Acc (poison): 0.7335 | Val Acc: 0.5674 | Time: 00:00:12
Epoch 016 | Seed 2001 | Rate 0.00 | Train Loss: 0.3493 | Val Loss: 1.4700 | Acc (clean): 0.7585 | Acc (poison): 0.7585 | Val Acc: 0.6819 | Time: 00:00:13
Epoch 017 | Seed 2001 | Rate 0.00 | Train Loss: 0.3339 | Val Loss: 1.3048 | Acc (clean): 0.7695 | Acc (poison): 0.7695 | Val Acc: 0.7133 | Time: 00:00:13
Epoch 018 | Seed 2001 | Rate 0.00 | Train Loss: 0.3126 | Val Loss: 1.6971 | Acc (clean): 0.7829 | Acc (poison): 0.7829 | Val Acc: 0.6515 | Time: 00:00:12
Epoch 019 | Seed 2001 | Rate 0.00 | Train Loss: 0.2936 | Val Loss: 1.3735 | Acc (clean): 0.7975 | Acc (poison): 0.7975 | Val Acc: 0.6915 | Time: 00:00:12
Epoch 020 | Seed 2001 | Rate 0.00 | Train Loss: 0.2871 | Val Loss: 1.3112 | Acc (clean): 0.8020 | Acc (poison): 0.8020 | Val Acc: 0.7222 | Time: 00:00:12
Epoch 021 | Seed 2001 | Rate 0.00 | Train Loss: 0.2798 | Val Loss: 1.7697 | Acc (clean): 0.8073 | Acc (poison): 0.8073 | Val Acc: 0.6419 | Time: 00:00:12
Epoch 022 | Seed 2001 | Rate 0.00 | Train Loss: 0.2604 | Val Loss: 1.7653 | Acc (clean): 0.8234 | Acc (poison): 0.8234 | Val Acc: 0.6467 | Time: 00:00:13
Epoch 023 | Seed 2001 | Rate 0.00 | Train Loss: 0.2618 | Val Loss: 1.3828 | Acc (clean): 0.8200 | Acc (poison): 0.8200 | Val Acc: 0.6937 | Time: 00:00:12
Epoch 024 | Seed 2001 | Rate 0.00 | Train Loss: 0.2512 | Val Loss: 2.0598 | Acc (clean): 0.8288 | Acc (poison): 0.8288 | Val Acc: 0.6315 | Time: 00:00:12
Epoch 025 | Seed 2001 | Rate 0.00 | Train Loss: 0.2484 | Val Loss: 1.1588 | Acc (clean): 0.8309 | Acc (poison): 0.8309 | Val Acc: 0.7467 | Time: 00:00:13
Epoch 026 | Seed 2001 | Rate 0.00 | Train Loss: 0.2393 | Val Loss: 0.9507 | Acc (clean): 0.8380 | Acc (poison): 0.8380 | Val Acc: 0.7681 | Time: 00:00:14
Epoch 027 | Seed 2001 | Rate 0.00 | Train Loss: 0.2282 | Val Loss: 1.2725 | Acc (clean): 0.8462 | Acc (poison): 0.8462 | Val Acc: 0.7441 | Time: 00:00:12
Epoch 028 | Seed 2001 | Rate 0.00 | Train Loss: 0.2314 | Val Loss: 1.0704 | Acc (clean): 0.8421 | Acc (poison): 0.8421 | Val Acc: 0.7681 | Time: 00:00:12
Epoch 029 | Seed 2001 | Rate 0.00 | Train Loss: 0.2237 | Val Loss: 0.9749 | Acc (clean): 0.8491 | Acc (poison): 0.8491 | Val Acc: 0.7685 | Time: 00:00:12
Epoch 030 | Seed 2001 | Rate 0.00 | Train Loss: 0.2165 | Val Loss: 1.1160 | Acc (clean): 0.8523 | Acc (poison): 0.8523 | Val Acc: 0.7678 | Time: 00:00:12
Epoch 031 | Seed 2001 | Rate 0.00 | Train Loss: 0.2110 | Val Loss: 0.9524 | Acc (clean): 0.8588 | Acc (poison): 0.8588 | Val Acc: 0.7837 | Time: 00:00:13
Epoch 032 | Seed 2001 | Rate 0.00 | Train Loss: 0.2145 | Val Loss: 1.0142 | Acc (clean): 0.8553 | Acc (poison): 0.8553 | Val Acc: 0.7737 | Time: 00:00:12
Epoch 033 | Seed 2001 | Rate 0.00 | Train Loss: 0.2052 | Val Loss: 1.5155 | Acc (clean): 0.8624 | Acc (poison): 0.8624 | Val Acc: 0.7074 | Time: 00:00:13
Epoch 034 | Seed 2001 | Rate 0.00 | Train Loss: 0.2090 | Val Loss: 0.9858 | Acc (clean): 0.8589 | Acc (poison): 0.8589 | Val Acc: 0.7941 | Time: 00:00:13
Epoch 035 | Seed 2001 | Rate 0.00 | Train Loss: 0.2015 | Val Loss: 1.2073 | Acc (clean): 0.8652 | Acc (poison): 0.8652 | Val Acc: 0.7478 | Time: 00:00:13
Epoch 036 | Seed 2001 | Rate 0.00 | Train Loss: 0.2002 | Val Loss: 1.2680 | Acc (clean): 0.8655 | Acc (poison): 0.8655 | Val Acc: 0.7219 | Time: 00:00:13
Epoch 037 | Seed 2001 | Rate 0.00 | Train Loss: 0.1997 | Val Loss: 1.2715 | Acc (clean): 0.8670 | Acc (poison): 0.8670 | Val Acc: 0.7337 | Time: 00:00:12
Epoch 038 | Seed 2001 | Rate 0.00 | Train Loss: 0.1952 | Val Loss: 1.3876 | Acc (clean): 0.8684 | Acc (poison): 0.8684 | Val Acc: 0.7096 | Time: 00:00:12
Epoch 039 | Seed 2001 | Rate 0.00 | Train Loss: 0.1923 | Val Loss: 1.1655 | Acc (clean): 0.8718 | Acc (poison): 0.8718 | Val Acc: 0.7556 | Time: 00:00:13
Epoch 040 | Seed 2001 | Rate 0.00 | Train Loss: 0.1958 | Val Loss: 1.2131 | Acc (clean): 0.8696 | Acc (poison): 0.8696 | Val Acc: 0.7241 | Time: 00:00:12
Epoch 041 | Seed 2001 | Rate 0.00 | Train Loss: 0.1836 | Val Loss: 1.1607 | Acc (clean): 0.8774 | Acc (poison): 0.8774 | Val Acc: 0.7356 | Time: 00:00:12
Epoch 042 | Seed 2001 | Rate 0.00 | Train Loss: 0.1840 | Val Loss: 1.1277 | Acc (clean): 0.8783 | Acc (poison): 0.8783 | Val Acc: 0.7400 | Time: 00:00:12
Epoch 043 | Seed 2001 | Rate 0.00 | Train Loss: 0.1829 | Val Loss: 0.9779 | Acc (clean): 0.8789 | Acc (poison): 0.8789 | Val Acc: 0.7704 | Time: 00:00:13
Epoch 044 | Seed 2001 | Rate 0.00 | Train Loss: 0.1856 | Val Loss: 1.2109 | Acc (clean): 0.8767 | Acc (poison): 0.8767 | Val Acc: 0.7356 | Time: 00:00:12
Epoch 045 | Seed 2001 | Rate 0.00 | Train Loss: 0.1860 | Val Loss: 1.0984 | Acc (clean): 0.8753 | Acc (poison): 0.8753 | Val Acc: 0.7678 | Time: 00:00:12
Epoch 046 | Seed 2001 | Rate 0.00 | Train Loss: 0.1879 | Val Loss: 0.9551 | Acc (clean): 0.8747 | Acc (poison): 0.8747 | Val Acc: 0.7911 | Time: 00:00:12
Epoch 047 | Seed 2001 | Rate 0.00 | Train Loss: 0.1774 | Val Loss: 1.2709 | Acc (clean): 0.8822 | Acc (poison): 0.8822 | Val Acc: 0.7411 | Time: 00:00:12
Epoch 048 | Seed 2001 | Rate 0.00 | Train Loss: 0.1793 | Val Loss: 1.0279 | Acc (clean): 0.8800 | Acc (poison): 0.8800 | Val Acc: 0.7730 | Time: 00:00:12
Epoch 049 | Seed 2001 | Rate 0.00 | Train Loss: 0.1733 | Val Loss: 0.8962 | Acc (clean): 0.8845 | Acc (poison): 0.8845 | Val Acc: 0.7978 | Time: 00:00:13
Epoch 050 | Seed 2001 | Rate 0.00 | Train Loss: 0.1792 | Val Loss: 0.9020 | Acc (clean): 0.8813 | Acc (poison): 0.8813 | Val Acc: 0.7663 | Time: 00:00:12
Epoch 051 | Seed 2001 | Rate 0.00 | Train Loss: 0.1008 | Val Loss: 0.3388 | Acc (clean): 0.9376 | Acc (poison): 0.9376 | Val Acc: 0.9115 | Time: 00:00:13
Epoch 052 | Seed 2001 | Rate 0.00 | Train Loss: 0.0711 | Val Loss: 0.3295 | Acc (clean): 0.9567 | Acc (poison): 0.9567 | Val Acc: 0.9130 | Time: 00:00:13
Epoch 053 | Seed 2001 | Rate 0.00 | Train Loss: 0.0637 | Val Loss: 0.3161 | Acc (clean): 0.9620 | Acc (poison): 0.9620 | Val Acc: 0.9152 | Time: 00:00:13
Epoch 054 | Seed 2001 | Rate 0.00 | Train Loss: 0.0562 | Val Loss: 0.2994 | Acc (clean): 0.9678 | Acc (poison): 0.9678 | Val Acc: 0.9204 | Time: 00:00:13
Epoch 055 | Seed 2001 | Rate 0.00 | Train Loss: 0.0529 | Val Loss: 0.3036 | Acc (clean): 0.9703 | Acc (poison): 0.9703 | Val Acc: 0.9211 | Time: 00:00:13
Epoch 056 | Seed 2001 | Rate 0.00 | Train Loss: 0.0514 | Val Loss: 0.3052 | Acc (clean): 0.9704 | Acc (poison): 0.9704 | Val Acc: 0.9200 | Time: 00:00:12
Epoch 057 | Seed 2001 | Rate 0.00 | Train Loss: 0.0447 | Val Loss: 0.2874 | Acc (clean): 0.9756 | Acc (poison): 0.9756 | Val Acc: 0.9226 | Time: 00:00:13
Epoch 058 | Seed 2001 | Rate 0.00 | Train Loss: 0.0438 | Val Loss: 0.3032 | Acc (clean): 0.9756 | Acc (poison): 0.9756 | Val Acc: 0.9148 | Time: 00:00:12
Epoch 059 | Seed 2001 | Rate 0.00 | Train Loss: 0.0413 | Val Loss: 0.2911 | Acc (clean): 0.9778 | Acc (poison): 0.9778 | Val Acc: 0.9233 | Time: 00:00:12
Epoch 060 | Seed 2001 | Rate 0.00 | Train Loss: 0.0391 | Val Loss: 0.2994 | Acc (clean): 0.9797 | Acc (poison): 0.9797 | Val Acc: 0.9196 | Time: 00:00:12
Epoch 061 | Seed 2001 | Rate 0.00 | Train Loss: 0.0372 | Val Loss: 0.2830 | Acc (clean): 0.9809 | Acc (poison): 0.9809 | Val Acc: 0.9248 | Time: 00:00:13
Epoch 062 | Seed 2001 | Rate 0.00 | Train Loss: 0.0363 | Val Loss: 0.2694 | Acc (clean): 0.9815 | Acc (poison): 0.9815 | Val Acc: 0.9300 | Time: 00:00:13
Epoch 063 | Seed 2001 | Rate 0.00 | Train Loss: 0.0322 | Val Loss: 0.3024 | Acc (clean): 0.9844 | Acc (poison): 0.9844 | Val Acc: 0.9281 | Time: 00:00:12
Epoch 064 | Seed 2001 | Rate 0.00 | Train Loss: 0.0318 | Val Loss: 0.2885 | Acc (clean): 0.9853 | Acc (poison): 0.9853 | Val Acc: 0.9259 | Time: 00:00:13
Epoch 065 | Seed 2001 | Rate 0.00 | Train Loss: 0.0303 | Val Loss: 0.2840 | Acc (clean): 0.9861 | Acc (poison): 0.9861 | Val Acc: 0.9281 | Time: 00:00:13
Epoch 066 | Seed 2001 | Rate 0.00 | Train Loss: 0.0276 | Val Loss: 0.2994 | Acc (clean): 0.9877 | Acc (poison): 0.9877 | Val Acc: 0.9296 | Time: 00:00:12
Epoch 067 | Seed 2001 | Rate 0.00 | Train Loss: 0.0278 | Val Loss: 0.2768 | Acc (clean): 0.9871 | Acc (poison): 0.9871 | Val Acc: 0.9285 | Time: 00:00:12
Epoch 068 | Seed 2001 | Rate 0.00 | Train Loss: 0.0270 | Val Loss: 0.2777 | Acc (clean): 0.9876 | Acc (poison): 0.9876 | Val Acc: 0.9300 | Time: 00:00:12
Epoch 069 | Seed 2001 | Rate 0.00 | Train Loss: 0.0253 | Val Loss: 0.2730 | Acc (clean): 0.9887 | Acc (poison): 0.9887 | Val Acc: 0.9326 | Time: 00:00:12
Epoch 070 | Seed 2001 | Rate 0.00 | Train Loss: 0.0242 | Val Loss: 0.2850 | Acc (clean): 0.9898 | Acc (poison): 0.9898 | Val Acc: 0.9278 | Time: 00:00:13
Epoch 071 | Seed 2001 | Rate 0.00 | Train Loss: 0.0237 | Val Loss: 0.2685 | Acc (clean): 0.9904 | Acc (poison): 0.9904 | Val Acc: 0.9319 | Time: 00:00:13
Epoch 072 | Seed 2001 | Rate 0.00 | Train Loss: 0.0227 | Val Loss: 0.2682 | Acc (clean): 0.9908 | Acc (poison): 0.9908 | Val Acc: 0.9322 | Time: 00:00:13
Epoch 073 | Seed 2001 | Rate 0.00 | Train Loss: 0.0222 | Val Loss: 0.2737 | Acc (clean): 0.9907 | Acc (poison): 0.9907 | Val Acc: 0.9315 | Time: 00:00:12
Epoch 074 | Seed 2001 | Rate 0.00 | Train Loss: 0.0215 | Val Loss: 0.2874 | Acc (clean): 0.9912 | Acc (poison): 0.9912 | Val Acc: 0.9319 | Time: 00:00:12
Epoch 075 | Seed 2001 | Rate 0.00 | Train Loss: 0.0202 | Val Loss: 0.2885 | Acc (clean): 0.9920 | Acc (poison): 0.9920 | Val Acc: 0.9274 | Time: 00:00:13
Epoch 076 | Seed 2001 | Rate 0.00 | Train Loss: 0.0170 | Val Loss: 0.2564 | Acc (clean): 0.9933 | Acc (poison): 0.9933 | Val Acc: 0.9359 | Time: 00:00:13
Epoch 077 | Seed 2001 | Rate 0.00 | Train Loss: 0.0161 | Val Loss: 0.2576 | Acc (clean): 0.9940 | Acc (poison): 0.9940 | Val Acc: 0.9356 | Time: 00:00:12
Epoch 078 | Seed 2001 | Rate 0.00 | Train Loss: 0.0148 | Val Loss: 0.2592 | Acc (clean): 0.9947 | Acc (poison): 0.9947 | Val Acc: 0.9352 | Time: 00:00:12
Epoch 079 | Seed 2001 | Rate 0.00 | Train Loss: 0.0145 | Val Loss: 0.2522 | Acc (clean): 0.9945 | Acc (poison): 0.9945 | Val Acc: 0.9367 | Time: 00:00:13
Epoch 080 | Seed 2001 | Rate 0.00 | Train Loss: 0.0153 | Val Loss: 0.2571 | Acc (clean): 0.9944 | Acc (poison): 0.9944 | Val Acc: 0.9352 | Time: 00:00:12
Epoch 081 | Seed 2001 | Rate 0.00 | Train Loss: 0.0146 | Val Loss: 0.2521 | Acc (clean): 0.9944 | Acc (poison): 0.9944 | Val Acc: 0.9344 | Time: 00:00:13
Epoch 082 | Seed 2001 | Rate 0.00 | Train Loss: 0.0143 | Val Loss: 0.2501 | Acc (clean): 0.9948 | Acc (poison): 0.9948 | Val Acc: 0.9367 | Time: 00:00:13
Epoch 083 | Seed 2001 | Rate 0.00 | Train Loss: 0.0141 | Val Loss: 0.2430 | Acc (clean): 0.9949 | Acc (poison): 0.9949 | Val Acc: 0.9393 | Time: 00:00:13
Epoch 084 | Seed 2001 | Rate 0.00 | Train Loss: 0.0139 | Val Loss: 0.2520 | Acc (clean): 0.9950 | Acc (poison): 0.9950 | Val Acc: 0.9374 | Time: 00:00:12
Epoch 085 | Seed 2001 | Rate 0.00 | Train Loss: 0.0139 | Val Loss: 0.2503 | Acc (clean): 0.9948 | Acc (poison): 0.9948 | Val Acc: 0.9363 | Time: 00:00:13
Epoch 086 | Seed 2001 | Rate 0.00 | Train Loss: 0.0138 | Val Loss: 0.2518 | Acc (clean): 0.9952 | Acc (poison): 0.9952 | Val Acc: 0.9352 | Time: 00:00:12
Epoch 087 | Seed 2001 | Rate 0.00 | Train Loss: 0.0133 | Val Loss: 0.2473 | Acc (clean): 0.9953 | Acc (poison): 0.9953 | Val Acc: 0.9396 | Time: 00:00:13
Epoch 088 | Seed 2001 | Rate 0.00 | Train Loss: 0.0132 | Val Loss: 0.2529 | Acc (clean): 0.9956 | Acc (poison): 0.9956 | Val Acc: 0.9374 | Time: 00:00:12
Epoch 089 | Seed 2001 | Rate 0.00 | Train Loss: 0.0131 | Val Loss: 0.2524 | Acc (clean): 0.9953 | Acc (poison): 0.9953 | Val Acc: 0.9363 | Time: 00:00:12
Epoch 090 | Seed 2001 | Rate 0.00 | Train Loss: 0.0134 | Val Loss: 0.2543 | Acc (clean): 0.9952 | Acc (poison): 0.9952 | Val Acc: 0.9356 | Time: 00:00:12
Epoch 091 | Seed 2001 | Rate 0.00 | Train Loss: 0.0136 | Val Loss: 0.2496 | Acc (clean): 0.9953 | Acc (poison): 0.9953 | Val Acc: 0.9381 | Time: 00:00:12
Epoch 092 | Seed 2001 | Rate 0.00 | Train Loss: 0.0129 | Val Loss: 0.2500 | Acc (clean): 0.9954 | Acc (poison): 0.9954 | Val Acc: 0.9359 | Time: 00:00:12
Epoch 093 | Seed 2001 | Rate 0.00 | Train Loss: 0.0128 | Val Loss: 0.2537 | Acc (clean): 0.9958 | Acc (poison): 0.9958 | Val Acc: 0.9385 | Time: 00:00:13
Epoch 094 | Seed 2001 | Rate 0.00 | Train Loss: 0.0125 | Val Loss: 0.2484 | Acc (clean): 0.9959 | Acc (poison): 0.9959 | Val Acc: 0.9381 | Time: 00:00:12
Epoch 095 | Seed 2001 | Rate 0.00 | Train Loss: 0.0132 | Val Loss: 0.2537 | Acc (clean): 0.9954 | Acc (poison): 0.9954 | Val Acc: 0.9374 | Time: 00:00:13
Epoch 096 | Seed 2001 | Rate 0.00 | Train Loss: 0.0129 | Val Loss: 0.2457 | Acc (clean): 0.9955 | Acc (poison): 0.9955 | Val Acc: 0.9396 | Time: 00:00:13
Epoch 097 | Seed 2001 | Rate 0.00 | Train Loss: 0.0127 | Val Loss: 0.2535 | Acc (clean): 0.9957 | Acc (poison): 0.9957 | Val Acc: 0.9359 | Time: 00:00:12
Epoch 098 | Seed 2001 | Rate 0.00 | Train Loss: 0.0129 | Val Loss: 0.2564 | Acc (clean): 0.9954 | Acc (poison): 0.9954 | Val Acc: 0.9378 | Time: 00:00:12
Epoch 099 | Seed 2001 | Rate 0.00 | Train Loss: 0.0125 | Val Loss: 0.2471 | Acc (clean): 0.9957 | Acc (poison): 0.9957 | Val Acc: 0.9396 | Time: 00:00:12
Epoch 100 | Seed 2001 | Rate 0.00 | Train Loss: 0.0125 | Val Loss: 0.2490 | Acc (clean): 0.9958 | Acc (poison): 0.9958 | Val Acc: 0.9374 | Time: 00:00:12

=== defense=gce attack=RQ1 seed=2001 rate=0.01 ===
Loading train data from /home/yazanme/BachelorThesis/BachelorThesis/data/processed/resisc45/train.h5 with mapping /home/yazanme/BachelorThesis/BachelorThesis/data/processed/resisc45/poisoned/RQ1/seed_2001/labels_0.01.pt... (in_memory=True, workers=4)
Testing torch.compile support...
Successfully compiled model using torch.compile.
Epoch 001 | Seed 2001 | Rate 0.01 | Train Loss: 1.1135 | Val Loss: 5.1875 | Acc (clean): 0.2021 | Acc (poison): 0.1998 | Val Acc: 0.2319 | Time: 00:00:13
Epoch 002 | Seed 2001 | Rate 0.01 | Train Loss: 0.9913 | Val Loss: 9.5235 | Acc (clean): 0.2946 | Acc (poison): 0.2912 | Val Acc: 0.1970 | Time: 00:00:13
Epoch 003 | Seed 2001 | Rate 0.01 | Train Loss: 0.9096 | Val Loss: 5.9359 | Acc (clean): 0.3511 | Acc (poison): 0.3472 | Val Acc: 0.3489 | Time: 00:00:12
Epoch 004 | Seed 2001 | Rate 0.01 | Train Loss: 0.8519 | Val Loss: 6.7106 | Acc (clean): 0.3951 | Acc (poison): 0.3907 | Val Acc: 0.2748 | Time: 00:00:12
Epoch 005 | Seed 2001 | Rate 0.01 | Train Loss: 0.7948 | Val Loss: 5.6959 | Acc (clean): 0.4350 | Acc (poison): 0.4307 | Val Acc: 0.3530 | Time: 00:00:12
Epoch 006 | Seed 2001 | Rate 0.01 | Train Loss: 0.7449 | Val Loss: 4.2390 | Acc (clean): 0.4710 | Acc (poison): 0.4660 | Val Acc: 0.4122 | Time: 00:00:13
Epoch 007 | Seed 2001 | Rate 0.01 | Train Loss: 0.7034 | Val Loss: 4.7663 | Acc (clean): 0.5033 | Acc (poison): 0.4977 | Val Acc: 0.3856 | Time: 00:00:12
Epoch 008 | Seed 2001 | Rate 0.01 | Train Loss: 0.6647 | Val Loss: 4.0999 | Acc (clean): 0.5319 | Acc (poison): 0.5265 | Val Acc: 0.4356 | Time: 00:00:13
Epoch 009 | Seed 2001 | Rate 0.01 | Train Loss: 0.6287 | Val Loss: 4.0261 | Acc (clean): 0.5573 | Acc (poison): 0.5515 | Val Acc: 0.4526 | Time: 00:00:13
Epoch 010 | Seed 2001 | Rate 0.01 | Train Loss: 0.5984 | Val Loss: 3.6992 | Acc (clean): 0.5811 | Acc (poison): 0.5751 | Val Acc: 0.4389 | Time: 00:00:13
Epoch 011 | Seed 2001 | Rate 0.01 | Train Loss: 0.5639 | Val Loss: 2.9847 | Acc (clean): 0.6074 | Acc (poison): 0.6010 | Val Acc: 0.4993 | Time: 00:00:13
Epoch 012 | Seed 2001 | Rate 0.01 | Train Loss: 0.5236 | Val Loss: 2.6528 | Acc (clean): 0.6365 | Acc (poison): 0.6301 | Val Acc: 0.5541 | Time: 00:00:13
Epoch 013 | Seed 2001 | Rate 0.01 | Train Loss: 0.4896 | Val Loss: 2.4965 | Acc (clean): 0.6644 | Acc (poison): 0.6578 | Val Acc: 0.5830 | Time: 00:00:13
Epoch 014 | Seed 2001 | Rate 0.01 | Train Loss: 0.4532 | Val Loss: 2.4075 | Acc (clean): 0.6901 | Acc (poison): 0.6830 | Val Acc: 0.5863 | Time: 00:00:13
Epoch 015 | Seed 2001 | Rate 0.01 | Train Loss: 0.4254 | Val Loss: 1.8229 | Acc (clean): 0.7120 | Acc (poison): 0.7047 | Val Acc: 0.6500 | Time: 00:00:13
Epoch 016 | Seed 2001 | Rate 0.01 | Train Loss: 0.4066 | Val Loss: 1.7720 | Acc (clean): 0.7250 | Acc (poison): 0.7175 | Val Acc: 0.6804 | Time: 00:00:13
Epoch 017 | Seed 2001 | Rate 0.01 | Train Loss: 0.3842 | Val Loss: 1.4509 | Acc (clean): 0.7397 | Acc (poison): 0.7322 | Val Acc: 0.6822 | Time: 00:00:13
Epoch 018 | Seed 2001 | Rate 0.01 | Train Loss: 0.3597 | Val Loss: 1.4840 | Acc (clean): 0.7596 | Acc (poison): 0.7518 | Val Acc: 0.6930 | Time: 00:00:12
Epoch 019 | Seed 2001 | Rate 0.01 | Train Loss: 0.3411 | Val Loss: 1.5562 | Acc (clean): 0.7723 | Acc (poison): 0.7648 | Val Acc: 0.6937 | Time: 00:00:12
Epoch 020 | Seed 2001 | Rate 0.01 | Train Loss: 0.3309 | Val Loss: 1.2035 | Acc (clean): 0.7792 | Acc (poison): 0.7717 | Val Acc: 0.7267 | Time: 00:00:13
Epoch 021 | Seed 2001 | Rate 0.01 | Train Loss: 0.3022 | Val Loss: 1.1956 | Acc (clean): 0.8015 | Acc (poison): 0.7938 | Val Acc: 0.7404 | Time: 00:00:13
Epoch 022 | Seed 2001 | Rate 0.01 | Train Loss: 0.2896 | Val Loss: 1.3714 | Acc (clean): 0.8098 | Acc (poison): 0.8019 | Val Acc: 0.7063 | Time: 00:00:12
Epoch 023 | Seed 2001 | Rate 0.01 | Train Loss: 0.2774 | Val Loss: 1.2110 | Acc (clean): 0.8185 | Acc (poison): 0.8106 | Val Acc: 0.7441 | Time: 00:00:12
Epoch 024 | Seed 2001 | Rate 0.01 | Train Loss: 0.2631 | Val Loss: 1.3897 | Acc (clean): 0.8283 | Acc (poison): 0.8204 | Val Acc: 0.7022 | Time: 00:00:12
Epoch 025 | Seed 2001 | Rate 0.01 | Train Loss: 0.2659 | Val Loss: 1.6593 | Acc (clean): 0.8241 | Acc (poison): 0.8160 | Val Acc: 0.6567 | Time: 00:00:12
Epoch 026 | Seed 2001 | Rate 0.01 | Train Loss: 0.2567 | Val Loss: 1.0327 | Acc (clean): 0.8327 | Acc (poison): 0.8244 | Val Acc: 0.7589 | Time: 00:00:13
Epoch 027 | Seed 2001 | Rate 0.01 | Train Loss: 0.2496 | Val Loss: 0.9403 | Acc (clean): 0.8382 | Acc (poison): 0.8300 | Val Acc: 0.7881 | Time: 00:00:18
Epoch 028 | Seed 2001 | Rate 0.01 | Train Loss: 0.2392 | Val Loss: 1.3577 | Acc (clean): 0.8470 | Acc (poison): 0.8385 | Val Acc: 0.7167 | Time: 00:00:12
Epoch 029 | Seed 2001 | Rate 0.01 | Train Loss: 0.2377 | Val Loss: 1.1237 | Acc (clean): 0.8472 | Acc (poison): 0.8389 | Val Acc: 0.7463 | Time: 00:00:12
Epoch 030 | Seed 2001 | Rate 0.01 | Train Loss: 0.2335 | Val Loss: 1.1260 | Acc (clean): 0.8507 | Acc (poison): 0.8425 | Val Acc: 0.7244 | Time: 00:00:13
Epoch 031 | Seed 2001 | Rate 0.01 | Train Loss: 0.2305 | Val Loss: 0.8757 | Acc (clean): 0.8512 | Acc (poison): 0.8433 | Val Acc: 0.7867 | Time: 00:00:21
Epoch 032 | Seed 2001 | Rate 0.01 | Train Loss: 0.2302 | Val Loss: 1.0276 | Acc (clean): 0.8525 | Acc (poison): 0.8442 | Val Acc: 0.7648 | Time: 00:00:12
Epoch 033 | Seed 2001 | Rate 0.01 | Train Loss: 0.2224 | Val Loss: 0.9673 | Acc (clean): 0.8598 | Acc (poison): 0.8511 | Val Acc: 0.7819 | Time: 00:00:12
Epoch 034 | Seed 2001 | Rate 0.01 | Train Loss: 0.2179 | Val Loss: 0.9672 | Acc (clean): 0.8612 | Acc (poison): 0.8528 | Val Acc: 0.7859 | Time: 00:00:12
Epoch 035 | Seed 2001 | Rate 0.01 | Train Loss: 0.2129 | Val Loss: 1.3807 | Acc (clean): 0.8646 | Acc (poison): 0.8563 | Val Acc: 0.7130 | Time: 00:00:13
Epoch 036 | Seed 2001 | Rate 0.01 | Train Loss: 0.2152 | Val Loss: 1.2092 | Acc (clean): 0.8637 | Acc (poison): 0.8552 | Val Acc: 0.7359 | Time: 00:00:12
Epoch 037 | Seed 2001 | Rate 0.01 | Train Loss: 0.2099 | Val Loss: 1.4067 | Acc (clean): 0.8675 | Acc (poison): 0.8593 | Val Acc: 0.7237 | Time: 00:00:12
Epoch 038 | Seed 2001 | Rate 0.01 | Train Loss: 0.2048 | Val Loss: 1.0487 | Acc (clean): 0.8717 | Acc (poison): 0.8633 | Val Acc: 0.7630 | Time: 00:00:12
Epoch 039 | Seed 2001 | Rate 0.01 | Train Loss: 0.2000 | Val Loss: 0.9967 | Acc (clean): 0.8760 | Acc (poison): 0.8674 | Val Acc: 0.7819 | Time: 00:00:12
Epoch 040 | Seed 2001 | Rate 0.01 | Train Loss: 0.2060 | Val Loss: 0.9768 | Acc (clean): 0.8700 | Acc (poison): 0.8616 | Val Acc: 0.7826 | Time: 00:00:12
Epoch 041 | Seed 2001 | Rate 0.01 | Train Loss: 0.2038 | Val Loss: 1.0982 | Acc (clean): 0.8729 | Acc (poison): 0.8642 | Val Acc: 0.7574 | Time: 00:00:12
Epoch 042 | Seed 2001 | Rate 0.01 | Train Loss: 0.1993 | Val Loss: 1.0000 | Acc (clean): 0.8757 | Acc (poison): 0.8672 | Val Acc: 0.7659 | Time: 00:00:12
Epoch 043 | Seed 2001 | Rate 0.01 | Train Loss: 0.1967 | Val Loss: 1.2712 | Acc (clean): 0.8772 | Acc (poison): 0.8686 | Val Acc: 0.7119 | Time: 00:00:12
Epoch 044 | Seed 2001 | Rate 0.01 | Train Loss: 0.1946 | Val Loss: 0.9899 | Acc (clean): 0.8780 | Acc (poison): 0.8695 | Val Acc: 0.7733 | Time: 00:00:12
Epoch 045 | Seed 2001 | Rate 0.01 | Train Loss: 0.2008 | Val Loss: 1.0620 | Acc (clean): 0.8751 | Acc (poison): 0.8667 | Val Acc: 0.7474 | Time: 00:00:12
Epoch 046 | Seed 2001 | Rate 0.01 | Train Loss: 0.1928 | Val Loss: 1.1747 | Acc (clean): 0.8803 | Acc (poison): 0.8716 | Val Acc: 0.7337 | Time: 00:00:12
Epoch 047 | Seed 2001 | Rate 0.01 | Train Loss: 0.1960 | Val Loss: 0.7434 | Acc (clean): 0.8770 | Acc (poison): 0.8683 | Val Acc: 0.8163 | Time: 00:00:13
Epoch 048 | Seed 2001 | Rate 0.01 | Train Loss: 0.1925 | Val Loss: 0.8687 | Acc (clean): 0.8796 | Acc (poison): 0.8712 | Val Acc: 0.7915 | Time: 00:00:12
Epoch 049 | Seed 2001 | Rate 0.01 | Train Loss: 0.1932 | Val Loss: 0.9804 | Acc (clean): 0.8800 | Acc (poison): 0.8712 | Val Acc: 0.7774 | Time: 00:00:12
Epoch 050 | Seed 2001 | Rate 0.01 | Train Loss: 0.1865 | Val Loss: 1.0018 | Acc (clean): 0.8840 | Acc (poison): 0.8753 | Val Acc: 0.7715 | Time: 00:00:13
Epoch 051 | Seed 2001 | Rate 0.01 | Train Loss: 0.1130 | Val Loss: 0.3506 | Acc (clean): 0.9378 | Acc (poison): 0.9286 | Val Acc: 0.9078 | Time: 00:00:13
Epoch 052 | Seed 2001 | Rate 0.01 | Train Loss: 0.0867 | Val Loss: 0.3324 | Acc (clean): 0.9554 | Acc (poison): 0.9458 | Val Acc: 0.9163 | Time: 00:00:13
Epoch 053 | Seed 2001 | Rate 0.01 | Train Loss: 0.0782 | Val Loss: 0.3271 | Acc (clean): 0.9610 | Acc (poison): 0.9516 | Val Acc: 0.9159 | Time: 00:00:13
Epoch 054 | Seed 2001 | Rate 0.01 | Train Loss: 0.0717 | Val Loss: 0.3153 | Acc (clean): 0.9656 | Acc (poison): 0.9564 | Val Acc: 0.9211 | Time: 00:00:12
Epoch 055 | Seed 2001 | Rate 0.01 | Train Loss: 0.0686 | Val Loss: 0.3080 | Acc (clean): 0.9673 | Acc (poison): 0.9579 | Val Acc: 0.9204 | Time: 00:00:13
Epoch 056 | Seed 2001 | Rate 0.01 | Train Loss: 0.0654 | Val Loss: 0.3069 | Acc (clean): 0.9701 | Acc (poison): 0.9609 | Val Acc: 0.9233 | Time: 00:00:13
Epoch 057 | Seed 2001 | Rate 0.01 | Train Loss: 0.0613 | Val Loss: 0.3163 | Acc (clean): 0.9733 | Acc (poison): 0.9640 | Val Acc: 0.9230 | Time: 00:00:12
Epoch 058 | Seed 2001 | Rate 0.01 | Train Loss: 0.0583 | Val Loss: 0.2980 | Acc (clean): 0.9753 | Acc (poison): 0.9659 | Val Acc: 0.9263 | Time: 00:00:13
Epoch 059 | Seed 2001 | Rate 0.01 | Train Loss: 0.0565 | Val Loss: 0.3080 | Acc (clean): 0.9768 | Acc (poison): 0.9675 | Val Acc: 0.9211 | Time: 00:00:12
Epoch 060 | Seed 2001 | Rate 0.01 | Train Loss: 0.0528 | Val Loss: 0.2973 | Acc (clean): 0.9801 | Acc (poison): 0.9707 | Val Acc: 0.9267 | Time: 00:00:13
Epoch 061 | Seed 2001 | Rate 0.01 | Train Loss: 0.0517 | Val Loss: 0.3085 | Acc (clean): 0.9803 | Acc (poison): 0.9711 | Val Acc: 0.9259 | Time: 00:00:12
Epoch 062 | Seed 2001 | Rate 0.01 | Train Loss: 0.0496 | Val Loss: 0.2970 | Acc (clean): 0.9812 | Acc (poison): 0.9719 | Val Acc: 0.9248 | Time: 00:00:13
Epoch 063 | Seed 2001 | Rate 0.01 | Train Loss: 0.0481 | Val Loss: 0.2984 | Acc (clean): 0.9830 | Acc (poison): 0.9735 | Val Acc: 0.9281 | Time: 00:00:12
Epoch 064 | Seed 2001 | Rate 0.01 | Train Loss: 0.0460 | Val Loss: 0.3048 | Acc (clean): 0.9840 | Acc (poison): 0.9747 | Val Acc: 0.9222 | Time: 00:00:12
Epoch 065 | Seed 2001 | Rate 0.01 | Train Loss: 0.0449 | Val Loss: 0.2974 | Acc (clean): 0.9847 | Acc (poison): 0.9753 | Val Acc: 0.9263 | Time: 00:00:12
Epoch 066 | Seed 2001 | Rate 0.01 | Train Loss: 0.0429 | Val Loss: 0.3025 | Acc (clean): 0.9863 | Acc (poison): 0.9771 | Val Acc: 0.9248 | Time: 00:00:12
Epoch 067 | Seed 2001 | Rate 0.01 | Train Loss: 0.0423 | Val Loss: 0.3069 | Acc (clean): 0.9865 | Acc (poison): 0.9772 | Val Acc: 0.9241 | Time: 00:00:12
Epoch 068 | Seed 2001 | Rate 0.01 | Train Loss: 0.0409 | Val Loss: 0.2893 | Acc (clean): 0.9872 | Acc (poison): 0.9779 | Val Acc: 0.9274 | Time: 00:00:13
Epoch 069 | Seed 2001 | Rate 0.01 | Train Loss: 0.0394 | Val Loss: 0.2882 | Acc (clean): 0.9879 | Acc (poison): 0.9787 | Val Acc: 0.9211 | Time: 00:00:13
Epoch 070 | Seed 2001 | Rate 0.01 | Train Loss: 0.0395 | Val Loss: 0.2964 | Acc (clean): 0.9882 | Acc (poison): 0.9791 | Val Acc: 0.9263 | Time: 00:00:12
Epoch 071 | Seed 2001 | Rate 0.01 | Train Loss: 0.0393 | Val Loss: 0.3009 | Acc (clean): 0.9883 | Acc (poison): 0.9791 | Val Acc: 0.9211 | Time: 00:00:12
Epoch 072 | Seed 2001 | Rate 0.01 | Train Loss: 0.0375 | Val Loss: 0.2969 | Acc (clean): 0.9896 | Acc (poison): 0.9803 | Val Acc: 0.9230 | Time: 00:00:12
Epoch 073 | Seed 2001 | Rate 0.01 | Train Loss: 0.0371 | Val Loss: 0.2888 | Acc (clean): 0.9893 | Acc (poison): 0.9802 | Val Acc: 0.9230 | Time: 00:00:12
Epoch 074 | Seed 2001 | Rate 0.01 | Train Loss: 0.0353 | Val Loss: 0.2961 | Acc (clean): 0.9909 | Acc (poison): 0.9816 | Val Acc: 0.9204 | Time: 00:00:12
Epoch 075 | Seed 2001 | Rate 0.01 | Train Loss: 0.0363 | Val Loss: 0.3100 | Acc (clean): 0.9897 | Acc (poison): 0.9806 | Val Acc: 0.9215 | Time: 00:00:12
Epoch 076 | Seed 2001 | Rate 0.01 | Train Loss: 0.0325 | Val Loss: 0.2826 | Acc (clean): 0.9918 | Acc (poison): 0.9827 | Val Acc: 0.9259 | Time: 00:00:13
Epoch 077 | Seed 2001 | Rate 0.01 | Train Loss: 0.0301 | Val Loss: 0.2790 | Acc (clean): 0.9934 | Acc (poison): 0.9841 | Val Acc: 0.9252 | Time: 00:00:13
Epoch 078 | Seed 2001 | Rate 0.01 | Train Loss: 0.0303 | Val Loss: 0.2781 | Acc (clean): 0.9930 | Acc (poison): 0.9838 | Val Acc: 0.9278 | Time: 00:00:12
Epoch 079 | Seed 2001 | Rate 0.01 | Train Loss: 0.0287 | Val Loss: 0.2802 | Acc (clean): 0.9939 | Acc (poison): 0.9848 | Val Acc: 0.9274 | Time: 00:00:12
Epoch 080 | Seed 2001 | Rate 0.01 | Train Loss: 0.0288 | Val Loss: 0.2730 | Acc (clean): 0.9937 | Acc (poison): 0.9845 | Val Acc: 0.9285 | Time: 00:00:13
Epoch 081 | Seed 2001 | Rate 0.01 | Train Loss: 0.0286 | Val Loss: 0.2764 | Acc (clean): 0.9944 | Acc (poison): 0.9851 | Val Acc: 0.9289 | Time: 00:00:12
Epoch 082 | Seed 2001 | Rate 0.01 | Train Loss: 0.0282 | Val Loss: 0.2753 | Acc (clean): 0.9945 | Acc (poison): 0.9853 | Val Acc: 0.9281 | Time: 00:00:12
Epoch 083 | Seed 2001 | Rate 0.01 | Train Loss: 0.0280 | Val Loss: 0.2766 | Acc (clean): 0.9940 | Acc (poison): 0.9849 | Val Acc: 0.9285 | Time: 00:00:12
Epoch 084 | Seed 2001 | Rate 0.01 | Train Loss: 0.0280 | Val Loss: 0.2706 | Acc (clean): 0.9940 | Acc (poison): 0.9849 | Val Acc: 0.9307 | Time: 00:00:13
Epoch 085 | Seed 2001 | Rate 0.01 | Train Loss: 0.0280 | Val Loss: 0.2784 | Acc (clean): 0.9939 | Acc (poison): 0.9850 | Val Acc: 0.9300 | Time: 00:00:12
Epoch 086 | Seed 2001 | Rate 0.01 | Train Loss: 0.0281 | Val Loss: 0.2742 | Acc (clean): 0.9940 | Acc (poison): 0.9849 | Val Acc: 0.9300 | Time: 00:00:12
Epoch 087 | Seed 2001 | Rate 0.01 | Train Loss: 0.0279 | Val Loss: 0.2739 | Acc (clean): 0.9940 | Acc (poison): 0.9849 | Val Acc: 0.9296 | Time: 00:00:12
Epoch 088 | Seed 2001 | Rate 0.01 | Train Loss: 0.0278 | Val Loss: 0.2715 | Acc (clean): 0.9942 | Acc (poison): 0.9849 | Val Acc: 0.9296 | Time: 00:00:13
Epoch 089 | Seed 2001 | Rate 0.01 | Train Loss: 0.0275 | Val Loss: 0.2772 | Acc (clean): 0.9946 | Acc (poison): 0.9854 | Val Acc: 0.9278 | Time: 00:00:12
Epoch 090 | Seed 2001 | Rate 0.01 | Train Loss: 0.0278 | Val Loss: 0.2775 | Acc (clean): 0.9943 | Acc (poison): 0.9852 | Val Acc: 0.9289 | Time: 00:00:12
Epoch 091 | Seed 2001 | Rate 0.01 | Train Loss: 0.0268 | Val Loss: 0.2744 | Acc (clean): 0.9949 | Acc (poison): 0.9858 | Val Acc: 0.9307 | Time: 00:00:12
Epoch 092 | Seed 2001 | Rate 0.01 | Train Loss: 0.0271 | Val Loss: 0.2745 | Acc (clean): 0.9947 | Acc (poison): 0.9856 | Val Acc: 0.9300 | Time: 00:00:12
Epoch 093 | Seed 2001 | Rate 0.01 | Train Loss: 0.0269 | Val Loss: 0.2753 | Acc (clean): 0.9950 | Acc (poison): 0.9861 | Val Acc: 0.9300 | Time: 00:00:12
Epoch 094 | Seed 2001 | Rate 0.01 | Train Loss: 0.0273 | Val Loss: 0.2765 | Acc (clean): 0.9943 | Acc (poison): 0.9852 | Val Acc: 0.9300 | Time: 00:00:12
Epoch 095 | Seed 2001 | Rate 0.01 | Train Loss: 0.0275 | Val Loss: 0.2722 | Acc (clean): 0.9943 | Acc (poison): 0.9851 | Val Acc: 0.9315 | Time: 00:00:12
Epoch 096 | Seed 2001 | Rate 0.01 | Train Loss: 0.0271 | Val Loss: 0.2814 | Acc (clean): 0.9948 | Acc (poison): 0.9857 | Val Acc: 0.9263 | Time: 00:00:12
Epoch 097 | Seed 2001 | Rate 0.01 | Train Loss: 0.0266 | Val Loss: 0.2709 | Acc (clean): 0.9949 | Acc (poison): 0.9857 | Val Acc: 0.9307 | Time: 00:00:12
Epoch 098 | Seed 2001 | Rate 0.01 | Train Loss: 0.0267 | Val Loss: 0.2756 | Acc (clean): 0.9948 | Acc (poison): 0.9858 | Val Acc: 0.9270 | Time: 00:00:12
Epoch 099 | Seed 2001 | Rate 0.01 | Train Loss: 0.0276 | Val Loss: 0.2793 | Acc (clean): 0.9942 | Acc (poison): 0.9852 | Val Acc: 0.9270 | Time: 00:00:12
Epoch 100 | Seed 2001 | Rate 0.01 | Train Loss: 0.0267 | Val Loss: 0.2723 | Acc (clean): 0.9949 | Acc (poison): 0.9857 | Val Acc: 0.9300 | Time: 00:00:12

=== defense=gce attack=RQ1 seed=2001 rate=0.02 ===
Loading train data from /home/yazanme/BachelorThesis/BachelorThesis/data/processed/resisc45/train.h5 with mapping /home/yazanme/BachelorThesis/BachelorThesis/data/processed/resisc45/poisoned/RQ1/seed_2001/labels_0.02.pt... (in_memory=True, workers=4)
Testing torch.compile support...
Successfully compiled model using torch.compile.
Epoch 001 | Seed 2001 | Rate 0.02 | Train Loss: 1.1069 | Val Loss: 5.3684 | Acc (clean): 0.2074 | Acc (poison): 0.2031 | Val Acc: 0.2193 | Time: 00:00:13
Epoch 002 | Seed 2001 | Rate 0.02 | Train Loss: 0.9361 | Val Loss: 6.5272 | Acc (clean): 0.3337 | Acc (poison): 0.3266 | Val Acc: 0.2741 | Time: 00:00:12
Epoch 003 | Seed 2001 | Rate 0.02 | Train Loss: 0.8495 | Val Loss: 4.0471 | Acc (clean): 0.3989 | Acc (poison): 0.3910 | Val Acc: 0.4056 | Time: 00:00:13
Epoch 004 | Seed 2001 | Rate 0.02 | Train Loss: 0.7809 | Val Loss: 4.1041 | Acc (clean): 0.4468 | Acc (poison): 0.4385 | Val Acc: 0.4104 | Time: 00:00:12
Epoch 005 | Seed 2001 | Rate 0.02 | Train Loss: 0.7231 | Val Loss: 3.9568 | Acc (clean): 0.4898 | Acc (poison): 0.4802 | Val Acc: 0.4107 | Time: 00:00:13
Epoch 006 | Seed 2001 | Rate 0.02 | Train Loss: 0.6721 | Val Loss: 2.9892 | Acc (clean): 0.5283 | Acc (poison): 0.5180 | Val Acc: 0.5096 | Time: 00:00:13
Epoch 007 | Seed 2001 | Rate 0.02 | Train Loss: 0.6220 | Val Loss: 2.8113 | Acc (clean): 0.5663 | Acc (poison): 0.5550 | Val Acc: 0.5052 | Time: 00:00:13
Epoch 008 | Seed 2001 | Rate 0.02 | Train Loss: 0.5837 | Val Loss: 2.5664 | Acc (clean): 0.5968 | Acc (poison): 0.5853 | Val Acc: 0.5237 | Time: 00:00:13
Epoch 009 | Seed 2001 | Rate 0.02 | Train Loss: 0.5388 | Val Loss: 2.3071 | Acc (clean): 0.6302 | Acc (poison): 0.6188 | Val Acc: 0.5733 | Time: 00:00:13
Epoch 010 | Seed 2001 | Rate 0.02 | Train Loss: 0.5107 | Val Loss: 2.6358 | Acc (clean): 0.6515 | Acc (poison): 0.6392 | Val Acc: 0.5111 | Time: 00:00:12
Epoch 011 | Seed 2001 | Rate 0.02 | Train Loss: 0.4797 | Val Loss: 1.9995 | Acc (clean): 0.6768 | Acc (poison): 0.6631 | Val Acc: 0.5915 | Time: 00:00:13
Epoch 012 | Seed 2001 | Rate 0.02 | Train Loss: 0.4443 | Val Loss: 1.7487 | Acc (clean): 0.6994 | Acc (poison): 0.6858 | Val Acc: 0.6319 | Time: 00:00:13
Epoch 013 | Seed 2001 | Rate 0.02 | Train Loss: 0.4093 | Val Loss: 1.4014 | Acc (clean): 0.7285 | Acc (poison): 0.7144 | Val Acc: 0.6763 | Time: 00:00:13
Epoch 014 | Seed 2001 | Rate 0.02 | Train Loss: 0.3769 | Val Loss: 1.5228 | Acc (clean): 0.7520 | Acc (poison): 0.7374 | Val Acc: 0.6800 | Time: 00:00:12
Epoch 015 | Seed 2001 | Rate 0.02 | Train Loss: 0.3620 | Val Loss: 1.3894 | Acc (clean): 0.7643 | Acc (poison): 0.7498 | Val Acc: 0.7037 | Time: 00:00:13
Epoch 016 | Seed 2001 | Rate 0.02 | Train Loss: 0.3396 | Val Loss: 1.3080 | Acc (clean): 0.7815 | Acc (poison): 0.7667 | Val Acc: 0.7070 | Time: 00:00:13
Epoch 017 | Seed 2001 | Rate 0.02 | Train Loss: 0.3242 | Val Loss: 1.7292 | Acc (clean): 0.7900 | Acc (poison): 0.7750 | Val Acc: 0.6467 | Time: 00:00:12
Epoch 018 | Seed 2001 | Rate 0.02 | Train Loss: 0.3175 | Val Loss: 1.1983 | Acc (clean): 0.7952 | Acc (poison): 0.7794 | Val Acc: 0.7419 | Time: 00:00:13
Epoch 019 | Seed 2001 | Rate 0.02 | Train Loss: 0.3073 | Val Loss: 1.4806 | Acc (clean): 0.8033 | Acc (poison): 0.7881 | Val Acc: 0.7004 | Time: 00:00:12
Epoch 020 | Seed 2001 | Rate 0.02 | Train Loss: 0.2969 | Val Loss: 1.1368 | Acc (clean): 0.8118 | Acc (poison): 0.7962 | Val Acc: 0.7315 | Time: 00:00:13
Epoch 021 | Seed 2001 | Rate 0.02 | Train Loss: 0.2889 | Val Loss: 1.0276 | Acc (clean): 0.8183 | Acc (poison): 0.8023 | Val Acc: 0.7707 | Time: 00:00:13
Epoch 022 | Seed 2001 | Rate 0.02 | Train Loss: 0.2877 | Val Loss: 1.1057 | Acc (clean): 0.8191 | Acc (poison): 0.8032 | Val Acc: 0.7537 | Time: 00:00:12
Epoch 023 | Seed 2001 | Rate 0.02 | Train Loss: 0.2715 | Val Loss: 1.0935 | Acc (clean): 0.8297 | Acc (poison): 0.8140 | Val Acc: 0.7552 | Time: 00:00:12
Epoch 024 | Seed 2001 | Rate 0.02 | Train Loss: 0.2645 | Val Loss: 1.1119 | Acc (clean): 0.8360 | Acc (poison): 0.8196 | Val Acc: 0.7619 | Time: 00:00:12
Epoch 025 | Seed 2001 | Rate 0.02 | Train Loss: 0.2605 | Val Loss: 1.8716 | Acc (clean): 0.8393 | Acc (poison): 0.8235 | Val Acc: 0.6593 | Time: 00:00:12
Epoch 026 | Seed 2001 | Rate 0.02 | Train Loss: 0.2559 | Val Loss: 1.4207 | Acc (clean): 0.8416 | Acc (poison): 0.8257 | Val Acc: 0.7085 | Time: 00:00:12
Epoch 027 | Seed 2001 | Rate 0.02 | Train Loss: 0.2535 | Val Loss: 1.0004 | Acc (clean): 0.8431 | Acc (poison): 0.8273 | Val Acc: 0.7667 | Time: 00:00:13
Epoch 028 | Seed 2001 | Rate 0.02 | Train Loss: 0.2504 | Val Loss: 1.2000 | Acc (clean): 0.8465 | Acc (poison): 0.8304 | Val Acc: 0.7537 | Time: 00:00:12
Epoch 029 | Seed 2001 | Rate 0.02 | Train Loss: 0.2463 | Val Loss: 0.9462 | Acc (clean): 0.8486 | Acc (poison): 0.8324 | Val Acc: 0.7604 | Time: 00:00:13
Epoch 030 | Seed 2001 | Rate 0.02 | Train Loss: 0.2429 | Val Loss: 1.0288 | Acc (clean): 0.8512 | Acc (poison): 0.8344 | Val Acc: 0.7570 | Time: 00:00:12
Epoch 031 | Seed 2001 | Rate 0.02 | Train Loss: 0.2463 | Val Loss: 1.1447 | Acc (clean): 0.8489 | Acc (poison): 0.8332 | Val Acc: 0.7296 | Time: 00:00:12
Epoch 032 | Seed 2001 | Rate 0.02 | Train Loss: 0.2334 | Val Loss: 1.3986 | Acc (clean): 0.8600 | Acc (poison): 0.8432 | Val Acc: 0.7163 | Time: 00:00:12
Epoch 033 | Seed 2001 | Rate 0.02 | Train Loss: 0.2326 | Val Loss: 1.0813 | Acc (clean): 0.8589 | Acc (poison): 0.8429 | Val Acc: 0.7626 | Time: 00:00:12
Epoch 034 | Seed 2001 | Rate 0.02 | Train Loss: 0.2288 | Val Loss: 1.3377 | Acc (clean): 0.8606 | Acc (poison): 0.8440 | Val Acc: 0.7237 | Time: 00:00:13
Epoch 035 | Seed 2001 | Rate 0.02 | Train Loss: 0.2250 | Val Loss: 1.1346 | Acc (clean): 0.8655 | Acc (poison): 0.8488 | Val Acc: 0.7515 | Time: 00:00:13
Epoch 036 | Seed 2001 | Rate 0.02 | Train Loss: 0.2260 | Val Loss: 1.1251 | Acc (clean): 0.8644 | Acc (poison): 0.8479 | Val Acc: 0.7530 | Time: 00:00:12
Epoch 037 | Seed 2001 | Rate 0.02 | Train Loss: 0.2264 | Val Loss: 1.2396 | Acc (clean): 0.8638 | Acc (poison): 0.8475 | Val Acc: 0.7415 | Time: 00:00:12
Epoch 038 | Seed 2001 | Rate 0.02 | Train Loss: 0.2183 | Val Loss: 1.1446 | Acc (clean): 0.8693 | Acc (poison): 0.8535 | Val Acc: 0.7396 | Time: 00:00:13
Epoch 039 | Seed 2001 | Rate 0.02 | Train Loss: 0.2158 | Val Loss: 0.8697 | Acc (clean): 0.8722 | Acc (poison): 0.8554 | Val Acc: 0.8019 | Time: 00:00:13
Epoch 040 | Seed 2001 | Rate 0.02 | Train Loss: 0.2183 | Val Loss: 1.1302 | Acc (clean): 0.8700 | Acc (poison): 0.8534 | Val Acc: 0.7504 | Time: 00:00:13
Epoch 041 | Seed 2001 | Rate 0.02 | Train Loss: 0.2146 | Val Loss: 0.9084 | Acc (clean): 0.8717 | Acc (poison): 0.8550 | Val Acc: 0.7993 | Time: 00:00:12
Epoch 042 | Seed 2001 | Rate 0.02 | Train Loss: 0.2117 | Val Loss: 0.7589 | Acc (clean): 0.8742 | Acc (poison): 0.8577 | Val Acc: 0.8185 | Time: 00:00:13
Epoch 043 | Seed 2001 | Rate 0.02 | Train Loss: 0.2117 | Val Loss: 1.1762 | Acc (clean): 0.8756 | Acc (poison): 0.8591 | Val Acc: 0.7363 | Time: 00:00:12
Epoch 044 | Seed 2001 | Rate 0.02 | Train Loss: 0.2130 | Val Loss: 0.7640 | Acc (clean): 0.8736 | Acc (poison): 0.8563 | Val Acc: 0.8096 | Time: 00:00:12
Epoch 045 | Seed 2001 | Rate 0.02 | Train Loss: 0.2064 | Val Loss: 1.1027 | Acc (clean): 0.8777 | Acc (poison): 0.8610 | Val Acc: 0.7544 | Time: 00:00:13
Epoch 046 | Seed 2001 | Rate 0.02 | Train Loss: 0.2091 | Val Loss: 1.1086 | Acc (clean): 0.8761 | Acc (poison): 0.8595 | Val Acc: 0.7463 | Time: 00:00:12
Epoch 047 | Seed 2001 | Rate 0.02 | Train Loss: 0.2117 | Val Loss: 1.0883 | Acc (clean): 0.8751 | Acc (poison): 0.8584 | Val Acc: 0.7667 | Time: 00:00:12
Epoch 048 | Seed 2001 | Rate 0.02 | Train Loss: 0.2028 | Val Loss: 0.9559 | Acc (clean): 0.8826 | Acc (poison): 0.8658 | Val Acc: 0.7863 | Time: 00:00:12
Epoch 049 | Seed 2001 | Rate 0.02 | Train Loss: 0.2034 | Val Loss: 1.2639 | Acc (clean): 0.8809 | Acc (poison): 0.8640 | Val Acc: 0.7326 | Time: 00:00:12
Epoch 050 | Seed 2001 | Rate 0.02 | Train Loss: 0.2008 | Val Loss: 1.0298 | Acc (clean): 0.8836 | Acc (poison): 0.8671 | Val Acc: 0.7622 | Time: 00:00:13
Epoch 051 | Seed 2001 | Rate 0.02 | Train Loss: 0.1284 | Val Loss: 0.3550 | Acc (clean): 0.9341 | Acc (poison): 0.9163 | Val Acc: 0.9044 | Time: 00:00:13
Epoch 052 | Seed 2001 | Rate 0.02 | Train Loss: 0.1017 | Val Loss: 0.3304 | Acc (clean): 0.9528 | Acc (poison): 0.9347 | Val Acc: 0.9119 | Time: 00:00:13
Epoch 053 | Seed 2001 | Rate 0.02 | Train Loss: 0.0921 | Val Loss: 0.3065 | Acc (clean): 0.9605 | Acc (poison): 0.9423 | Val Acc: 0.9193 | Time: 00:00:13
Epoch 054 | Seed 2001 | Rate 0.02 | Train Loss: 0.0853 | Val Loss: 0.2849 | Acc (clean): 0.9649 | Acc (poison): 0.9465 | Val Acc: 0.9237 | Time: 00:00:13
Epoch 055 | Seed 2001 | Rate 0.02 | Train Loss: 0.0816 | Val Loss: 0.2708 | Acc (clean): 0.9674 | Acc (poison): 0.9493 | Val Acc: 0.9263 | Time: 00:00:13
Epoch 056 | Seed 2001 | Rate 0.02 | Train Loss: 0.0792 | Val Loss: 0.2793 | Acc (clean): 0.9693 | Acc (poison): 0.9507 | Val Acc: 0.9241 | Time: 00:00:12
Epoch 057 | Seed 2001 | Rate 0.02 | Train Loss: 0.0760 | Val Loss: 0.2969 | Acc (clean): 0.9709 | Acc (poison): 0.9528 | Val Acc: 0.9237 | Time: 00:00:12
Epoch 058 | Seed 2001 | Rate 0.02 | Train Loss: 0.0722 | Val Loss: 0.2804 | Acc (clean): 0.9740 | Acc (poison): 0.9560 | Val Acc: 0.9256 | Time: 00:00:12
Epoch 059 | Seed 2001 | Rate 0.02 | Train Loss: 0.0701 | Val Loss: 0.2704 | Acc (clean): 0.9752 | Acc (poison): 0.9572 | Val Acc: 0.9233 | Time: 00:00:13
Epoch 060 | Seed 2001 | Rate 0.02 | Train Loss: 0.0673 | Val Loss: 0.2820 | Acc (clean): 0.9777 | Acc (poison): 0.9598 | Val Acc: 0.9256 | Time: 00:00:12
Epoch 061 | Seed 2001 | Rate 0.02 | Train Loss: 0.0654 | Val Loss: 0.2723 | Acc (clean): 0.9791 | Acc (poison): 0.9610 | Val Acc: 0.9233 | Time: 00:00:12
Epoch 062 | Seed 2001 | Rate 0.02 | Train Loss: 0.0637 | Val Loss: 0.2746 | Acc (clean): 0.9803 | Acc (poison): 0.9623 | Val Acc: 0.9259 | Time: 00:00:12
Epoch 063 | Seed 2001 | Rate 0.02 | Train Loss: 0.0607 | Val Loss: 0.2617 | Acc (clean): 0.9823 | Acc (poison): 0.9640 | Val Acc: 0.9311 | Time: 00:00:13
Epoch 064 | Seed 2001 | Rate 0.02 | Train Loss: 0.0594 | Val Loss: 0.2558 | Acc (clean): 0.9835 | Acc (poison): 0.9655 | Val Acc: 0.9315 | Time: 00:00:13
Epoch 065 | Seed 2001 | Rate 0.02 | Train Loss: 0.0579 | Val Loss: 0.2657 | Acc (clean): 0.9842 | Acc (poison): 0.9663 | Val Acc: 0.9267 | Time: 00:00:12
Epoch 066 | Seed 2001 | Rate 0.02 | Train Loss: 0.0572 | Val Loss: 0.2744 | Acc (clean): 0.9845 | Acc (poison): 0.9669 | Val Acc: 0.9281 | Time: 00:00:12
Epoch 067 | Seed 2001 | Rate 0.02 | Train Loss: 0.0561 | Val Loss: 0.2831 | Acc (clean): 0.9851 | Acc (poison): 0.9672 | Val Acc: 0.9248 | Time: 00:00:12
Epoch 068 | Seed 2001 | Rate 0.02 | Train Loss: 0.0537 | Val Loss: 0.2629 | Acc (clean): 0.9866 | Acc (poison): 0.9689 | Val Acc: 0.9330 | Time: 00:00:13
Epoch 069 | Seed 2001 | Rate 0.02 | Train Loss: 0.0530 | Val Loss: 0.2684 | Acc (clean): 0.9877 | Acc (poison): 0.9696 | Val Acc: 0.9215 | Time: 00:00:12
Epoch 070 | Seed 2001 | Rate 0.02 | Train Loss: 0.0526 | Val Loss: 0.2670 | Acc (clean): 0.9879 | Acc (poison): 0.9702 | Val Acc: 0.9278 | Time: 00:00:12
Epoch 071 | Seed 2001 | Rate 0.02 | Train Loss: 0.0527 | Val Loss: 0.2635 | Acc (clean): 0.9872 | Acc (poison): 0.9696 | Val Acc: 0.9300 | Time: 00:00:12
Epoch 072 | Seed 2001 | Rate 0.02 | Train Loss: 0.0511 | Val Loss: 0.2587 | Acc (clean): 0.9886 | Acc (poison): 0.9712 | Val Acc: 0.9311 | Time: 00:00:12
Epoch 073 | Seed 2001 | Rate 0.02 | Train Loss: 0.0497 | Val Loss: 0.2598 | Acc (clean): 0.9897 | Acc (poison): 0.9719 | Val Acc: 0.9330 | Time: 00:00:12
Epoch 074 | Seed 2001 | Rate 0.02 | Train Loss: 0.0496 | Val Loss: 0.2675 | Acc (clean): 0.9887 | Acc (poison): 0.9712 | Val Acc: 0.9296 | Time: 00:00:12
Epoch 075 | Seed 2001 | Rate 0.02 | Train Loss: 0.0492 | Val Loss: 0.2862 | Acc (clean): 0.9895 | Acc (poison): 0.9721 | Val Acc: 0.9267 | Time: 00:00:12
Epoch 076 | Seed 2001 | Rate 0.02 | Train Loss: 0.0454 | Val Loss: 0.2506 | Acc (clean): 0.9913 | Acc (poison): 0.9738 | Val Acc: 0.9363 | Time: 00:00:13
Epoch 077 | Seed 2001 | Rate 0.02 | Train Loss: 0.0437 | Val Loss: 0.2404 | Acc (clean): 0.9920 | Acc (poison): 0.9744 | Val Acc: 0.9356 | Time: 00:00:13
Epoch 078 | Seed 2001 | Rate 0.02 | Train Loss: 0.0433 | Val Loss: 0.2405 | Acc (clean): 0.9919 | Acc (poison): 0.9747 | Val Acc: 0.9381 | Time: 00:00:12
Epoch 079 | Seed 2001 | Rate 0.02 | Train Loss: 0.0430 | Val Loss: 0.2388 | Acc (clean): 0.9921 | Acc (poison): 0.9747 | Val Acc: 0.9370 | Time: 00:00:13
Epoch 080 | Seed 2001 | Rate 0.02 | Train Loss: 0.0429 | Val Loss: 0.2329 | Acc (clean): 0.9921 | Acc (poison): 0.9749 | Val Acc: 0.9367 | Time: 00:00:13
Epoch 081 | Seed 2001 | Rate 0.02 | Train Loss: 0.0424 | Val Loss: 0.2356 | Acc (clean): 0.9923 | Acc (poison): 0.9748 | Val Acc: 0.9370 | Time: 00:00:12
Epoch 082 | Seed 2001 | Rate 0.02 | Train Loss: 0.0420 | Val Loss: 0.2367 | Acc (clean): 0.9930 | Acc (poison): 0.9755 | Val Acc: 0.9396 | Time: 00:00:12
Epoch 083 | Seed 2001 | Rate 0.02 | Train Loss: 0.0421 | Val Loss: 0.2356 | Acc (clean): 0.9926 | Acc (poison): 0.9751 | Val Acc: 0.9370 | Time: 00:00:12
Epoch 084 | Seed 2001 | Rate 0.02 | Train Loss: 0.0419 | Val Loss: 0.2302 | Acc (clean): 0.9923 | Acc (poison): 0.9751 | Val Acc: 0.9381 | Time: 00:00:13
Epoch 085 | Seed 2001 | Rate 0.02 | Train Loss: 0.0418 | Val Loss: 0.2376 | Acc (clean): 0.9924 | Acc (poison): 0.9751 | Val Acc: 0.9359 | Time: 00:00:12
Epoch 086 | Seed 2001 | Rate 0.02 | Train Loss: 0.0420 | Val Loss: 0.2345 | Acc (clean): 0.9927 | Acc (poison): 0.9753 | Val Acc: 0.9359 | Time: 00:00:12
Epoch 087 | Seed 2001 | Rate 0.02 | Train Loss: 0.0417 | Val Loss: 0.2345 | Acc (clean): 0.9930 | Acc (poison): 0.9757 | Val Acc: 0.9378 | Time: 00:00:12
Epoch 088 | Seed 2001 | Rate 0.02 | Train Loss: 0.0415 | Val Loss: 0.2316 | Acc (clean): 0.9931 | Acc (poison): 0.9753 | Val Acc: 0.9389 | Time: 00:00:12
Epoch 089 | Seed 2001 | Rate 0.02 | Train Loss: 0.0413 | Val Loss: 0.2334 | Acc (clean): 0.9934 | Acc (poison): 0.9760 | Val Acc: 0.9400 | Time: 00:00:12
Epoch 090 | Seed 2001 | Rate 0.02 | Train Loss: 0.0412 | Val Loss: 0.2355 | Acc (clean): 0.9929 | Acc (poison): 0.9757 | Val Acc: 0.9393 | Time: 00:00:13
Epoch 091 | Seed 2001 | Rate 0.02 | Train Loss: 0.0409 | Val Loss: 0.2353 | Acc (clean): 0.9931 | Acc (poison): 0.9758 | Val Acc: 0.9370 | Time: 00:00:12
Epoch 092 | Seed 2001 | Rate 0.02 | Train Loss: 0.0412 | Val Loss: 0.2341 | Acc (clean): 0.9930 | Acc (poison): 0.9757 | Val Acc: 0.9370 | Time: 00:00:12
Epoch 093 | Seed 2001 | Rate 0.02 | Train Loss: 0.0410 | Val Loss: 0.2321 | Acc (clean): 0.9932 | Acc (poison): 0.9756 | Val Acc: 0.9411 | Time: 00:00:12
Epoch 094 | Seed 2001 | Rate 0.02 | Train Loss: 0.0407 | Val Loss: 0.2405 | Acc (clean): 0.9932 | Acc (poison): 0.9760 | Val Acc: 0.9352 | Time: 00:00:12
Epoch 095 | Seed 2001 | Rate 0.02 | Train Loss: 0.0408 | Val Loss: 0.2305 | Acc (clean): 0.9932 | Acc (poison): 0.9758 | Val Acc: 0.9419 | Time: 00:00:13
Epoch 096 | Seed 2001 | Rate 0.02 | Train Loss: 0.0412 | Val Loss: 0.2416 | Acc (clean): 0.9930 | Acc (poison): 0.9758 | Val Acc: 0.9356 | Time: 00:00:12
Epoch 097 | Seed 2001 | Rate 0.02 | Train Loss: 0.0405 | Val Loss: 0.2291 | Acc (clean): 0.9935 | Acc (poison): 0.9760 | Val Acc: 0.9396 | Time: 00:00:13
Epoch 098 | Seed 2001 | Rate 0.02 | Train Loss: 0.0405 | Val Loss: 0.2365 | Acc (clean): 0.9935 | Acc (poison): 0.9763 | Val Acc: 0.9367 | Time: 00:00:12
Epoch 099 | Seed 2001 | Rate 0.02 | Train Loss: 0.0410 | Val Loss: 0.2400 | Acc (clean): 0.9932 | Acc (poison): 0.9759 | Val Acc: 0.9363 | Time: 00:00:13
Epoch 100 | Seed 2001 | Rate 0.02 | Train Loss: 0.0402 | Val Loss: 0.2308 | Acc (clean): 0.9930 | Acc (poison): 0.9758 | Val Acc: 0.9407 | Time: 00:00:12

=== defense=gce attack=RQ1 seed=2001 rate=0.05 ===
Loading train data from /home/yazanme/BachelorThesis/BachelorThesis/data/processed/resisc45/train.h5 with mapping /home/yazanme/BachelorThesis/BachelorThesis/data/processed/resisc45/poisoned/RQ1/seed_2001/labels_0.05.pt... (in_memory=True, workers=4)
Testing torch.compile support...
Successfully compiled model using torch.compile.
Epoch 001 | Seed 2001 | Rate 0.05 | Train Loss: 1.1285 | Val Loss: 6.6938 | Acc (clean): 0.1975 | Acc (poison): 0.1883 | Val Acc: 0.1970 | Time: 00:00:13
Epoch 002 | Seed 2001 | Rate 0.05 | Train Loss: 0.9791 | Val Loss: 7.7766 | Acc (clean): 0.3122 | Acc (poison): 0.2967 | Val Acc: 0.2207 | Time: 00:00:12
Epoch 003 | Seed 2001 | Rate 0.05 | Train Loss: 0.9002 | Val Loss: 5.1043 | Acc (clean): 0.3724 | Acc (poison): 0.3540 | Val Acc: 0.3507 | Time: 00:00:13
Epoch 004 | Seed 2001 | Rate 0.05 | Train Loss: 0.8290 | Val Loss: 4.5282 | Acc (clean): 0.4251 | Acc (poison): 0.4053 | Val Acc: 0.3648 | Time: 00:00:13
Epoch 005 | Seed 2001 | Rate 0.05 | Train Loss: 0.7641 | Val Loss: 4.3396 | Acc (clean): 0.4734 | Acc (poison): 0.4511 | Val Acc: 0.3830 | Time: 00:00:13
Epoch 006 | Seed 2001 | Rate 0.05 | Train Loss: 0.7158 | Val Loss: 3.5258 | Acc (clean): 0.5128 | Acc (poison): 0.4878 | Val Acc: 0.4530 | Time: 00:00:13
Epoch 007 | Seed 2001 | Rate 0.05 | Train Loss: 0.6785 | Val Loss: 3.4901 | Acc (clean): 0.5404 | Acc (poison): 0.5145 | Val Acc: 0.4715 | Time: 00:00:13
Epoch 008 | Seed 2001 | Rate 0.05 | Train Loss: 0.6332 | Val Loss: 3.3798 | Acc (clean): 0.5763 | Acc (poison): 0.5486 | Val Acc: 0.4315 | Time: 00:00:13
Epoch 009 | Seed 2001 | Rate 0.05 | Train Loss: 0.6027 | Val Loss: 2.9356 | Acc (clean): 0.5992 | Acc (poison): 0.5715 | Val Acc: 0.4959 | Time: 00:00:13
Epoch 010 | Seed 2001 | Rate 0.05 | Train Loss: 0.5700 | Val Loss: 3.5797 | Acc (clean): 0.6277 | Acc (poison): 0.5976 | Val Acc: 0.4648 | Time: 00:00:12
Epoch 011 | Seed 2001 | Rate 0.05 | Train Loss: 0.5383 | Val Loss: 2.4405 | Acc (clean): 0.6518 | Acc (poison): 0.6205 | Val Acc: 0.5389 | Time: 00:00:13
Epoch 012 | Seed 2001 | Rate 0.05 | Train Loss: 0.5098 | Val Loss: 1.8868 | Acc (clean): 0.6748 | Acc (poison): 0.6422 | Val Acc: 0.6137 | Time: 00:00:13
Epoch 013 | Seed 2001 | Rate 0.05 | Train Loss: 0.4797 | Val Loss: 1.5613 | Acc (clean): 0.6957 | Acc (poison): 0.6626 | Val Acc: 0.6500 | Time: 00:00:14
Epoch 014 | Seed 2001 | Rate 0.05 | Train Loss: 0.4295 | Val Loss: 1.5110 | Acc (clean): 0.7352 | Acc (poison): 0.7000 | Val Acc: 0.6537 | Time: 00:00:12
Epoch 015 | Seed 2001 | Rate 0.05 | Train Loss: 0.4105 | Val Loss: 1.3559 | Acc (clean): 0.7516 | Acc (poison): 0.7156 | Val Acc: 0.7011 | Time: 00:00:13
Epoch 016 | Seed 2001 | Rate 0.05 | Train Loss: 0.3898 | Val Loss: 1.6768 | Acc (clean): 0.7649 | Acc (poison): 0.7284 | Val Acc: 0.6530 | Time: 00:00:12
Epoch 017 | Seed 2001 | Rate 0.05 | Train Loss: 0.3708 | Val Loss: 1.2645 | Acc (clean): 0.7798 | Acc (poison): 0.7428 | Val Acc: 0.7026 | Time: 00:00:12
Epoch 018 | Seed 2001 | Rate 0.05 | Train Loss: 0.3634 | Val Loss: 1.3759 | Acc (clean): 0.7881 | Acc (poison): 0.7499 | Val Acc: 0.6930 | Time: 00:00:12
Epoch 019 | Seed 2001 | Rate 0.05 | Train Loss: 0.3504 | Val Loss: 2.0707 | Acc (clean): 0.7974 | Acc (poison): 0.7592 | Val Acc: 0.6252 | Time: 00:00:12
Epoch 020 | Seed 2001 | Rate 0.05 | Train Loss: 0.3477 | Val Loss: 1.1728 | Acc (clean): 0.7969 | Acc (poison): 0.7588 | Val Acc: 0.7285 | Time: 00:00:13
Epoch 021 | Seed 2001 | Rate 0.05 | Train Loss: 0.3344 | Val Loss: 1.7968 | Acc (clean): 0.8099 | Acc (poison): 0.7714 | Val Acc: 0.6533 | Time: 00:00:12
Epoch 022 | Seed 2001 | Rate 0.05 | Train Loss: 0.3243 | Val Loss: 1.4080 | Acc (clean): 0.8156 | Acc (poison): 0.7767 | Val Acc: 0.6933 | Time: 00:00:12
Epoch 023 | Seed 2001 | Rate 0.05 | Train Loss: 0.3145 | Val Loss: 1.1292 | Acc (clean): 0.8239 | Acc (poison): 0.7854 | Val Acc: 0.7496 | Time: 00:00:13
Epoch 024 | Seed 2001 | Rate 0.05 | Train Loss: 0.3062 | Val Loss: 1.2318 | Acc (clean): 0.8305 | Acc (poison): 0.7906 | Val Acc: 0.7415 | Time: 00:00:12
Epoch 025 | Seed 2001 | Rate 0.05 | Train Loss: 0.3092 | Val Loss: 1.1600 | Acc (clean): 0.8281 | Acc (poison): 0.7880 | Val Acc: 0.7389 | Time: 00:00:12
Epoch 026 | Seed 2001 | Rate 0.05 | Train Loss: 0.2980 | Val Loss: 1.3515 | Acc (clean): 0.8373 | Acc (poison): 0.7970 | Val Acc: 0.7226 | Time: 00:00:12
Epoch 027 | Seed 2001 | Rate 0.05 | Train Loss: 0.2925 | Val Loss: 1.1813 | Acc (clean): 0.8415 | Acc (poison): 0.8011 | Val Acc: 0.7489 | Time: 00:00:13
Epoch 028 | Seed 2001 | Rate 0.05 | Train Loss: 0.2897 | Val Loss: 1.3556 | Acc (clean): 0.8429 | Acc (poison): 0.8023 | Val Acc: 0.7044 | Time: 00:00:12
Epoch 029 | Seed 2001 | Rate 0.05 | Train Loss: 0.2819 | Val Loss: 1.0539 | Acc (clean): 0.8482 | Acc (poison): 0.8077 | Val Acc: 0.7600 | Time: 00:00:13
Epoch 030 | Seed 2001 | Rate 0.05 | Train Loss: 0.2878 | Val Loss: 1.2398 | Acc (clean): 0.8433 | Acc (poison): 0.8024 | Val Acc: 0.7426 | Time: 00:00:12
Epoch 031 | Seed 2001 | Rate 0.05 | Train Loss: 0.2801 | Val Loss: 1.3164 | Acc (clean): 0.8519 | Acc (poison): 0.8105 | Val Acc: 0.7248 | Time: 00:00:12
Epoch 032 | Seed 2001 | Rate 0.05 | Train Loss: 0.2717 | Val Loss: 1.0788 | Acc (clean): 0.8558 | Acc (poison): 0.8148 | Val Acc: 0.7604 | Time: 00:00:12
Epoch 033 | Seed 2001 | Rate 0.05 | Train Loss: 0.2738 | Val Loss: 1.0024 | Acc (clean): 0.8549 | Acc (poison): 0.8142 | Val Acc: 0.7667 | Time: 00:00:12
Epoch 034 | Seed 2001 | Rate 0.05 | Train Loss: 0.2630 | Val Loss: 1.1185 | Acc (clean): 0.8628 | Acc (poison): 0.8222 | Val Acc: 0.7489 | Time: 00:00:12
Epoch 035 | Seed 2001 | Rate 0.05 | Train Loss: 0.2709 | Val Loss: 1.2433 | Acc (clean): 0.8558 | Acc (poison): 0.8161 | Val Acc: 0.7385 | Time: 00:00:12
Epoch 036 | Seed 2001 | Rate 0.05 | Train Loss: 0.2635 | Val Loss: 1.1116 | Acc (clean): 0.8633 | Acc (poison): 0.8221 | Val Acc: 0.7589 | Time: 00:00:12
Epoch 037 | Seed 2001 | Rate 0.05 | Train Loss: 0.2638 | Val Loss: 0.9441 | Acc (clean): 0.8635 | Acc (poison): 0.8221 | Val Acc: 0.7844 | Time: 00:00:13
Epoch 038 | Seed 2001 | Rate 0.05 | Train Loss: 0.2606 | Val Loss: 1.0365 | Acc (clean): 0.8638 | Acc (poison): 0.8228 | Val Acc: 0.7707 | Time: 00:00:12
Epoch 039 | Seed 2001 | Rate 0.05 | Train Loss: 0.2601 | Val Loss: 1.0002 | Acc (clean): 0.8644 | Acc (poison): 0.8235 | Val Acc: 0.7870 | Time: 00:00:12
Epoch 040 | Seed 2001 | Rate 0.05 | Train Loss: 0.2527 | Val Loss: 0.9150 | Acc (clean): 0.8706 | Acc (poison): 0.8290 | Val Acc: 0.7937 | Time: 00:00:13
Epoch 041 | Seed 2001 | Rate 0.05 | Train Loss: 0.2534 | Val Loss: 1.4816 | Acc (clean): 0.8707 | Acc (poison): 0.8292 | Val Acc: 0.7244 | Time: 00:00:12
Epoch 042 | Seed 2001 | Rate 0.05 | Train Loss: 0.2495 | Val Loss: 0.7609 | Acc (clean): 0.8747 | Acc (poison): 0.8331 | Val Acc: 0.8156 | Time: 00:00:12
Epoch 043 | Seed 2001 | Rate 0.05 | Train Loss: 0.2478 | Val Loss: 1.0168 | Acc (clean): 0.8761 | Acc (poison): 0.8342 | Val Acc: 0.7567 | Time: 00:00:12
Epoch 044 | Seed 2001 | Rate 0.05 | Train Loss: 0.2496 | Val Loss: 0.7789 | Acc (clean): 0.8738 | Acc (poison): 0.8318 | Val Acc: 0.7996 | Time: 00:00:12
Epoch 045 | Seed 2001 | Rate 0.05 | Train Loss: 0.2485 | Val Loss: 0.9453 | Acc (clean): 0.8730 | Acc (poison): 0.8324 | Val Acc: 0.7778 | Time: 00:00:13
Epoch 046 | Seed 2001 | Rate 0.05 | Train Loss: 0.2475 | Val Loss: 0.9680 | Acc (clean): 0.8746 | Acc (poison): 0.8328 | Val Acc: 0.7863 | Time: 00:00:12
Epoch 047 | Seed 2001 | Rate 0.05 | Train Loss: 0.2499 | Val Loss: 1.1747 | Acc (clean): 0.8728 | Acc (poison): 0.8317 | Val Acc: 0.7407 | Time: 00:00:12
Epoch 048 | Seed 2001 | Rate 0.05 | Train Loss: 0.2407 | Val Loss: 1.5283 | Acc (clean): 0.8803 | Acc (poison): 0.8388 | Val Acc: 0.7030 | Time: 00:00:12
Epoch 049 | Seed 2001 | Rate 0.05 | Train Loss: 0.2441 | Val Loss: 1.0438 | Acc (clean): 0.8772 | Acc (poison): 0.8356 | Val Acc: 0.7511 | Time: 00:00:12
Epoch 050 | Seed 2001 | Rate 0.05 | Train Loss: 0.2375 | Val Loss: 1.2767 | Acc (clean): 0.8821 | Acc (poison): 0.8403 | Val Acc: 0.7311 | Time: 00:00:12
Epoch 051 | Seed 2001 | Rate 0.05 | Train Loss: 0.1689 | Val Loss: 0.3391 | Acc (clean): 0.9329 | Acc (poison): 0.8888 | Val Acc: 0.9122 | Time: 00:00:12
Epoch 052 | Seed 2001 | Rate 0.05 | Train Loss: 0.1412 | Val Loss: 0.3350 | Acc (clean): 0.9525 | Acc (poison): 0.9076 | Val Acc: 0.9122 | Time: 00:00:13
Epoch 053 | Seed 2001 | Rate 0.05 | Train Loss: 0.1327 | Val Loss: 0.3215 | Acc (clean): 0.9581 | Acc (poison): 0.9128 | Val Acc: 0.9181 | Time: 00:00:15
Epoch 054 | Seed 2001 | Rate 0.05 | Train Loss: 0.1266 | Val Loss: 0.2926 | Acc (clean): 0.9625 | Acc (poison): 0.9179 | Val Acc: 0.9207 | Time: 00:00:15
Epoch 055 | Seed 2001 | Rate 0.05 | Train Loss: 0.1225 | Val Loss: 0.3035 | Acc (clean): 0.9657 | Acc (poison): 0.9207 | Val Acc: 0.9200 | Time: 00:00:12
Epoch 056 | Seed 2001 | Rate 0.05 | Train Loss: 0.1191 | Val Loss: 0.2951 | Acc (clean): 0.9686 | Acc (poison): 0.9235 | Val Acc: 0.9219 | Time: 00:00:12
Epoch 057 | Seed 2001 | Rate 0.05 | Train Loss: 0.1155 | Val Loss: 0.2883 | Acc (clean): 0.9707 | Acc (poison): 0.9258 | Val Acc: 0.9270 | Time: 00:00:15
Epoch 058 | Seed 2001 | Rate 0.05 | Train Loss: 0.1127 | Val Loss: 0.2978 | Acc (clean): 0.9728 | Acc (poison): 0.9280 | Val Acc: 0.9267 | Time: 00:00:12
Epoch 059 | Seed 2001 | Rate 0.05 | Train Loss: 0.1114 | Val Loss: 0.2835 | Acc (clean): 0.9744 | Acc (poison): 0.9294 | Val Acc: 0.9219 | Time: 00:00:13
Epoch 060 | Seed 2001 | Rate 0.05 | Train Loss: 0.1082 | Val Loss: 0.2868 | Acc (clean): 0.9763 | Acc (poison): 0.9317 | Val Acc: 0.9252 | Time: 00:00:13
Epoch 061 | Seed 2001 | Rate 0.05 | Train Loss: 0.1062 | Val Loss: 0.2927 | Acc (clean): 0.9772 | Acc (poison): 0.9325 | Val Acc: 0.9233 | Time: 00:00:12
Epoch 062 | Seed 2001 | Rate 0.05 | Train Loss: 0.1052 | Val Loss: 0.2750 | Acc (clean): 0.9783 | Acc (poison): 0.9335 | Val Acc: 0.9304 | Time: 00:00:15
Epoch 063 | Seed 2001 | Rate 0.05 | Train Loss: 0.1031 | Val Loss: 0.2842 | Acc (clean): 0.9797 | Acc (poison): 0.9349 | Val Acc: 0.9244 | Time: 00:00:12
Epoch 064 | Seed 2001 | Rate 0.05 | Train Loss: 0.1005 | Val Loss: 0.3002 | Acc (clean): 0.9818 | Acc (poison): 0.9368 | Val Acc: 0.9230 | Time: 00:00:13
Epoch 065 | Seed 2001 | Rate 0.05 | Train Loss: 0.1001 | Val Loss: 0.3031 | Acc (clean): 0.9816 | Acc (poison): 0.9372 | Val Acc: 0.9200 | Time: 00:00:12
Epoch 066 | Seed 2001 | Rate 0.05 | Train Loss: 0.0980 | Val Loss: 0.3034 | Acc (clean): 0.9825 | Acc (poison): 0.9382 | Val Acc: 0.9215 | Time: 00:00:12
Epoch 067 | Seed 2001 | Rate 0.05 | Train Loss: 0.0984 | Val Loss: 0.2937 | Acc (clean): 0.9816 | Acc (poison): 0.9376 | Val Acc: 0.9248 | Time: 00:00:12
Epoch 068 | Seed 2001 | Rate 0.05 | Train Loss: 0.0959 | Val Loss: 0.2981 | Acc (clean): 0.9839 | Acc (poison): 0.9397 | Val Acc: 0.9233 | Time: 00:00:12
Epoch 069 | Seed 2001 | Rate 0.05 | Train Loss: 0.0945 | Val Loss: 0.2959 | Acc (clean): 0.9843 | Acc (poison): 0.9403 | Val Acc: 0.9226 | Time: 00:00:12
Epoch 070 | Seed 2001 | Rate 0.05 | Train Loss: 0.0935 | Val Loss: 0.2906 | Acc (clean): 0.9847 | Acc (poison): 0.9412 | Val Acc: 0.9211 | Time: 00:00:12
Epoch 071 | Seed 2001 | Rate 0.05 | Train Loss: 0.0931 | Val Loss: 0.2935 | Acc (clean): 0.9850 | Acc (poison): 0.9415 | Val Acc: 0.9278 | Time: 00:00:12
Epoch 072 | Seed 2001 | Rate 0.05 | Train Loss: 0.0923 | Val Loss: 0.3044 | Acc (clean): 0.9851 | Acc (poison): 0.9420 | Val Acc: 0.9230 | Time: 00:00:12
Epoch 073 | Seed 2001 | Rate 0.05 | Train Loss: 0.0917 | Val Loss: 0.2995 | Acc (clean): 0.9854 | Acc (poison): 0.9420 | Val Acc: 0.9263 | Time: 00:00:12
Epoch 074 | Seed 2001 | Rate 0.05 | Train Loss: 0.0900 | Val Loss: 0.3111 | Acc (clean): 0.9865 | Acc (poison): 0.9429 | Val Acc: 0.9189 | Time: 00:00:12
Epoch 075 | Seed 2001 | Rate 0.05 | Train Loss: 0.0905 | Val Loss: 0.3108 | Acc (clean): 0.9862 | Acc (poison): 0.9426 | Val Acc: 0.9233 | Time: 00:00:12
Epoch 076 | Seed 2001 | Rate 0.05 | Train Loss: 0.0870 | Val Loss: 0.2872 | Acc (clean): 0.9876 | Acc (poison): 0.9447 | Val Acc: 0.9289 | Time: 00:00:12
Epoch 077 | Seed 2001 | Rate 0.05 | Train Loss: 0.0847 | Val Loss: 0.2784 | Acc (clean): 0.9892 | Acc (poison): 0.9456 | Val Acc: 0.9281 | Time: 00:00:12
Epoch 078 | Seed 2001 | Rate 0.05 | Train Loss: 0.0843 | Val Loss: 0.2826 | Acc (clean): 0.9893 | Acc (poison): 0.9462 | Val Acc: 0.9293 | Time: 00:00:12
Epoch 079 | Seed 2001 | Rate 0.05 | Train Loss: 0.0836 | Val Loss: 0.2832 | Acc (clean): 0.9897 | Acc (poison): 0.9461 | Val Acc: 0.9304 | Time: 00:00:12
Epoch 080 | Seed 2001 | Rate 0.05 | Train Loss: 0.0836 | Val Loss: 0.2761 | Acc (clean): 0.9892 | Acc (poison): 0.9458 | Val Acc: 0.9300 | Time: 00:00:12
Epoch 081 | Seed 2001 | Rate 0.05 | Train Loss: 0.0830 | Val Loss: 0.2804 | Acc (clean): 0.9901 | Acc (poison): 0.9467 | Val Acc: 0.9307 | Time: 00:00:12
Epoch 082 | Seed 2001 | Rate 0.05 | Train Loss: 0.0829 | Val Loss: 0.2793 | Acc (clean): 0.9897 | Acc (poison): 0.9467 | Val Acc: 0.9293 | Time: 00:00:12
Epoch 083 | Seed 2001 | Rate 0.05 | Train Loss: 0.0832 | Val Loss: 0.2767 | Acc (clean): 0.9897 | Acc (poison): 0.9463 | Val Acc: 0.9319 | Time: 00:00:12
Epoch 084 | Seed 2001 | Rate 0.05 | Train Loss: 0.0825 | Val Loss: 0.2721 | Acc (clean): 0.9901 | Acc (poison): 0.9467 | Val Acc: 0.9293 | Time: 00:00:13
Epoch 085 | Seed 2001 | Rate 0.05 | Train Loss: 0.0829 | Val Loss: 0.2822 | Acc (clean): 0.9898 | Acc (poison): 0.9464 | Val Acc: 0.9326 | Time: 00:00:12
Epoch 086 | Seed 2001 | Rate 0.05 | Train Loss: 0.0828 | Val Loss: 0.2755 | Acc (clean): 0.9897 | Acc (poison): 0.9465 | Val Acc: 0.9311 | Time: 00:00:12
Epoch 087 | Seed 2001 | Rate 0.05 | Train Loss: 0.0825 | Val Loss: 0.2750 | Acc (clean): 0.9897 | Acc (poison): 0.9468 | Val Acc: 0.9311 | Time: 00:00:12
Epoch 088 | Seed 2001 | Rate 0.05 | Train Loss: 0.0820 | Val Loss: 0.2767 | Acc (clean): 0.9902 | Acc (poison): 0.9468 | Val Acc: 0.9315 | Time: 00:00:12
Epoch 089 | Seed 2001 | Rate 0.05 | Train Loss: 0.0818 | Val Loss: 0.2851 | Acc (clean): 0.9905 | Acc (poison): 0.9472 | Val Acc: 0.9300 | Time: 00:00:12
Epoch 090 | Seed 2001 | Rate 0.05 | Train Loss: 0.0820 | Val Loss: 0.2799 | Acc (clean): 0.9909 | Acc (poison): 0.9474 | Val Acc: 0.9307 | Time: 00:00:12
Epoch 091 | Seed 2001 | Rate 0.05 | Train Loss: 0.0815 | Val Loss: 0.2795 | Acc (clean): 0.9902 | Acc (poison): 0.9474 | Val Acc: 0.9315 | Time: 00:00:13
Epoch 092 | Seed 2001 | Rate 0.05 | Train Loss: 0.0818 | Val Loss: 0.2807 | Acc (clean): 0.9908 | Acc (poison): 0.9473 | Val Acc: 0.9319 | Time: 00:00:12
Epoch 093 | Seed 2001 | Rate 0.05 | Train Loss: 0.0816 | Val Loss: 0.2778 | Acc (clean): 0.9910 | Acc (poison): 0.9474 | Val Acc: 0.9311 | Time: 00:00:12
Epoch 094 | Seed 2001 | Rate 0.05 | Train Loss: 0.0813 | Val Loss: 0.2799 | Acc (clean): 0.9908 | Acc (poison): 0.9474 | Val Acc: 0.9322 | Time: 00:00:12
Epoch 095 | Seed 2001 | Rate 0.05 | Train Loss: 0.0817 | Val Loss: 0.2775 | Acc (clean): 0.9909 | Acc (poison): 0.9474 | Val Acc: 0.9296 | Time: 00:00:12
Epoch 096 | Seed 2001 | Rate 0.05 | Train Loss: 0.0819 | Val Loss: 0.2859 | Acc (clean): 0.9904 | Acc (poison): 0.9472 | Val Acc: 0.9322 | Time: 00:00:12
Epoch 097 | Seed 2001 | Rate 0.05 | Train Loss: 0.0813 | Val Loss: 0.2743 | Acc (clean): 0.9909 | Acc (poison): 0.9474 | Val Acc: 0.9311 | Time: 00:00:12
Epoch 098 | Seed 2001 | Rate 0.05 | Train Loss: 0.0809 | Val Loss: 0.2769 | Acc (clean): 0.9912 | Acc (poison): 0.9479 | Val Acc: 0.9289 | Time: 00:00:12
Epoch 099 | Seed 2001 | Rate 0.05 | Train Loss: 0.0813 | Val Loss: 0.2825 | Acc (clean): 0.9911 | Acc (poison): 0.9477 | Val Acc: 0.9293 | Time: 00:00:12
Epoch 100 | Seed 2001 | Rate 0.05 | Train Loss: 0.0811 | Val Loss: 0.2747 | Acc (clean): 0.9908 | Acc (poison): 0.9474 | Val Acc: 0.9293 | Time: 00:00:12

=== defense=gce attack=RQ1 seed=2001 rate=0.1 ===
Loading train data from /home/yazanme/BachelorThesis/BachelorThesis/data/processed/resisc45/train.h5 with mapping /home/yazanme/BachelorThesis/BachelorThesis/data/processed/resisc45/poisoned/RQ1/seed_2001/labels_0.10.pt... (in_memory=True, workers=4)
Testing torch.compile support...
Successfully compiled model using torch.compile.
Epoch 001 | Seed 2001 | Rate 0.10 | Train Loss: 1.1507 | Val Loss: 6.4438 | Acc (clean): 0.1879 | Acc (poison): 0.1713 | Val Acc: 0.1996 | Time: 00:00:13
Epoch 002 | Seed 2001 | Rate 0.10 | Train Loss: 1.0072 | Val Loss: 5.9171 | Acc (clean): 0.3053 | Acc (poison): 0.2780 | Val Acc: 0.2737 | Time: 00:00:13
Epoch 003 | Seed 2001 | Rate 0.10 | Train Loss: 0.9311 | Val Loss: 5.8619 | Acc (clean): 0.3681 | Acc (poison): 0.3342 | Val Acc: 0.2863 | Time: 00:00:13
Epoch 004 | Seed 2001 | Rate 0.10 | Train Loss: 0.8563 | Val Loss: 4.3445 | Acc (clean): 0.4253 | Acc (poison): 0.3855 | Val Acc: 0.3693 | Time: 00:00:13
Epoch 005 | Seed 2001 | Rate 0.10 | Train Loss: 0.8039 | Val Loss: 4.4781 | Acc (clean): 0.4682 | Acc (poison): 0.4233 | Val Acc: 0.3785 | Time: 00:00:12
Epoch 006 | Seed 2001 | Rate 0.10 | Train Loss: 0.7675 | Val Loss: 3.0892 | Acc (clean): 0.4975 | Acc (poison): 0.4505 | Val Acc: 0.4611 | Time: 00:00:13
Epoch 007 | Seed 2001 | Rate 0.10 | Train Loss: 0.7210 | Val Loss: 4.5495 | Acc (clean): 0.5365 | Acc (poison): 0.4851 | Val Acc: 0.3933 | Time: 00:00:12
Epoch 008 | Seed 2001 | Rate 0.10 | Train Loss: 0.6784 | Val Loss: 3.4653 | Acc (clean): 0.5698 | Acc (poison): 0.5166 | Val Acc: 0.4519 | Time: 00:00:12
Epoch 009 | Seed 2001 | Rate 0.10 | Train Loss: 0.6436 | Val Loss: 3.0517 | Acc (clean): 0.6012 | Acc (poison): 0.5445 | Val Acc: 0.4759 | Time: 00:00:13
Epoch 010 | Seed 2001 | Rate 0.10 | Train Loss: 0.6153 | Val Loss: 2.3256 | Acc (clean): 0.6229 | Acc (poison): 0.5640 | Val Acc: 0.5219 | Time: 00:00:13
Epoch 011 | Seed 2001 | Rate 0.10 | Train Loss: 0.5870 | Val Loss: 2.1322 | Acc (clean): 0.6472 | Acc (poison): 0.5844 | Val Acc: 0.5511 | Time: 00:00:13
Epoch 012 | Seed 2001 | Rate 0.10 | Train Loss: 0.5552 | Val Loss: 1.8334 | Acc (clean): 0.6742 | Acc (poison): 0.6105 | Val Acc: 0.6104 | Time: 00:00:13
Epoch 013 | Seed 2001 | Rate 0.10 | Train Loss: 0.5342 | Val Loss: 1.5450 | Acc (clean): 0.6922 | Acc (poison): 0.6262 | Val Acc: 0.6537 | Time: 00:00:13
Epoch 014 | Seed 2001 | Rate 0.10 | Train Loss: 0.5030 | Val Loss: 1.7044 | Acc (clean): 0.7161 | Acc (poison): 0.6479 | Val Acc: 0.6281 | Time: 00:00:12
Epoch 015 | Seed 2001 | Rate 0.10 | Train Loss: 0.4772 | Val Loss: 1.5072 | Acc (clean): 0.7382 | Acc (poison): 0.6672 | Val Acc: 0.6578 | Time: 00:00:13
Epoch 016 | Seed 2001 | Rate 0.10 | Train Loss: 0.4639 | Val Loss: 1.4310 | Acc (clean): 0.7471 | Acc (poison): 0.6760 | Val Acc: 0.6959 | Time: 00:00:13
Epoch 017 | Seed 2001 | Rate 0.10 | Train Loss: 0.4404 | Val Loss: 1.6768 | Acc (clean): 0.7649 | Acc (poison): 0.6933 | Val Acc: 0.6448 | Time: 00:00:12
Epoch 018 | Seed 2001 | Rate 0.10 | Train Loss: 0.4322 | Val Loss: 1.4229 | Acc (clean): 0.7718 | Acc (poison): 0.6983 | Val Acc: 0.6833 | Time: 00:00:15
Epoch 019 | Seed 2001 | Rate 0.10 | Train Loss: 0.4151 | Val Loss: 1.4900 | Acc (clean): 0.7878 | Acc (poison): 0.7131 | Val Acc: 0.6937 | Time: 00:00:12
Epoch 020 | Seed 2001 | Rate 0.10 | Train Loss: 0.4076 | Val Loss: 1.5340 | Acc (clean): 0.7930 | Acc (poison): 0.7177 | Val Acc: 0.6707 | Time: 00:00:12
Epoch 021 | Seed 2001 | Rate 0.10 | Train Loss: 0.3936 | Val Loss: 1.5224 | Acc (clean): 0.8061 | Acc (poison): 0.7304 | Val Acc: 0.6722 | Time: 00:00:12
Epoch 022 | Seed 2001 | Rate 0.10 | Train Loss: 0.3968 | Val Loss: 1.2861 | Acc (clean): 0.8015 | Acc (poison): 0.7261 | Val Acc: 0.7141 | Time: 00:00:13
Epoch 023 | Seed 2001 | Rate 0.10 | Train Loss: 0.3867 | Val Loss: 2.1758 | Acc (clean): 0.8087 | Acc (poison): 0.7326 | Val Acc: 0.5904 | Time: 00:00:12
Epoch 024 | Seed 2001 | Rate 0.10 | Train Loss: 0.3782 | Val Loss: 1.1856 | Acc (clean): 0.8179 | Acc (poison): 0.7398 | Val Acc: 0.7407 | Time: 00:00:13
Epoch 025 | Seed 2001 | Rate 0.10 | Train Loss: 0.3744 | Val Loss: 1.3960 | Acc (clean): 0.8226 | Acc (poison): 0.7440 | Val Acc: 0.7081 | Time: 00:00:12
Epoch 026 | Seed 2001 | Rate 0.10 | Train Loss: 0.3657 | Val Loss: 0.9431 | Acc (clean): 0.8268 | Acc (poison): 0.7485 | Val Acc: 0.7578 | Time: 00:00:13
Epoch 027 | Seed 2001 | Rate 0.10 | Train Loss: 0.3660 | Val Loss: 1.0921 | Acc (clean): 0.8276 | Acc (poison): 0.7486 | Val Acc: 0.7374 | Time: 00:00:12
Epoch 028 | Seed 2001 | Rate 0.10 | Train Loss: 0.3598 | Val Loss: 1.2851 | Acc (clean): 0.8317 | Acc (poison): 0.7523 | Val Acc: 0.7448 | Time: 00:00:12
Epoch 029 | Seed 2001 | Rate 0.10 | Train Loss: 0.3549 | Val Loss: 1.0617 | Acc (clean): 0.8347 | Acc (poison): 0.7560 | Val Acc: 0.7552 | Time: 00:00:12
Epoch 030 | Seed 2001 | Rate 0.10 | Train Loss: 0.3476 | Val Loss: 1.4095 | Acc (clean): 0.8430 | Acc (poison): 0.7626 | Val Acc: 0.6830 | Time: 00:00:12
Epoch 031 | Seed 2001 | Rate 0.10 | Train Loss: 0.3465 | Val Loss: 1.1671 | Acc (clean): 0.8422 | Acc (poison): 0.7631 | Val Acc: 0.7459 | Time: 00:00:12
Epoch 032 | Seed 2001 | Rate 0.10 | Train Loss: 0.3391 | Val Loss: 1.1281 | Acc (clean): 0.8488 | Acc (poison): 0.7686 | Val Acc: 0.7456 | Time: 00:00:12
Epoch 033 | Seed 2001 | Rate 0.10 | Train Loss: 0.3400 | Val Loss: 1.3098 | Acc (clean): 0.8474 | Acc (poison): 0.7685 | Val Acc: 0.7056 | Time: 00:00:12
Epoch 034 | Seed 2001 | Rate 0.10 | Train Loss: 0.3378 | Val Loss: 1.3448 | Acc (clean): 0.8495 | Acc (poison): 0.7694 | Val Acc: 0.7215 | Time: 00:00:12
Epoch 035 | Seed 2001 | Rate 0.10 | Train Loss: 0.3395 | Val Loss: 1.0000 | Acc (clean): 0.8486 | Acc (poison): 0.7681 | Val Acc: 0.7563 | Time: 00:00:12
Epoch 036 | Seed 2001 | Rate 0.10 | Train Loss: 0.3355 | Val Loss: 1.3239 | Acc (clean): 0.8498 | Acc (poison): 0.7713 | Val Acc: 0.7193 | Time: 00:00:12
Epoch 037 | Seed 2001 | Rate 0.10 | Train Loss: 0.3293 | Val Loss: 1.1482 | Acc (clean): 0.8574 | Acc (poison): 0.7765 | Val Acc: 0.7400 | Time: 00:00:12
Epoch 038 | Seed 2001 | Rate 0.10 | Train Loss: 0.3259 | Val Loss: 1.0741 | Acc (clean): 0.8583 | Acc (poison): 0.7766 | Val Acc: 0.7663 | Time: 00:00:12
Epoch 039 | Seed 2001 | Rate 0.10 | Train Loss: 0.3213 | Val Loss: 0.9141 | Acc (clean): 0.8620 | Acc (poison): 0.7807 | Val Acc: 0.7981 | Time: 00:00:13
Epoch 040 | Seed 2001 | Rate 0.10 | Train Loss: 0.3278 | Val Loss: 0.9813 | Acc (clean): 0.8566 | Acc (poison): 0.7756 | Val Acc: 0.7770 | Time: 00:00:12
Epoch 041 | Seed 2001 | Rate 0.10 | Train Loss: 0.3268 | Val Loss: 1.2617 | Acc (clean): 0.8599 | Acc (poison): 0.7785 | Val Acc: 0.7244 | Time: 00:00:12
Epoch 042 | Seed 2001 | Rate 0.10 | Train Loss: 0.3212 | Val Loss: 1.6514 | Acc (clean): 0.8624 | Acc (poison): 0.7813 | Val Acc: 0.6537 | Time: 00:00:12
Epoch 043 | Seed 2001 | Rate 0.10 | Train Loss: 0.3140 | Val Loss: 0.8487 | Acc (clean): 0.8679 | Acc (poison): 0.7867 | Val Acc: 0.7930 | Time: 00:00:13
Epoch 044 | Seed 2001 | Rate 0.10 | Train Loss: 0.3134 | Val Loss: 0.8744 | Acc (clean): 0.8689 | Acc (poison): 0.7881 | Val Acc: 0.7889 | Time: 00:00:12
Epoch 045 | Seed 2001 | Rate 0.10 | Train Loss: 0.3225 | Val Loss: 1.0181 | Acc (clean): 0.8596 | Acc (poison): 0.7799 | Val Acc: 0.7737 | Time: 00:00:12
Epoch 046 | Seed 2001 | Rate 0.10 | Train Loss: 0.3115 | Val Loss: 1.0665 | Acc (clean): 0.8704 | Acc (poison): 0.7889 | Val Acc: 0.7400 | Time: 00:00:12
Epoch 047 | Seed 2001 | Rate 0.10 | Train Loss: 0.3136 | Val Loss: 0.9214 | Acc (clean): 0.8677 | Acc (poison): 0.7859 | Val Acc: 0.7778 | Time: 00:00:12
Epoch 048 | Seed 2001 | Rate 0.10 | Train Loss: 0.3084 | Val Loss: 1.3662 | Acc (clean): 0.8716 | Acc (poison): 0.7902 | Val Acc: 0.7159 | Time: 00:00:12
Epoch 049 | Seed 2001 | Rate 0.10 | Train Loss: 0.3125 | Val Loss: 1.0757 | Acc (clean): 0.8694 | Acc (poison): 0.7880 | Val Acc: 0.7463 | Time: 00:00:12
Epoch 050 | Seed 2001 | Rate 0.10 | Train Loss: 0.3121 | Val Loss: 0.9292 | Acc (clean): 0.8687 | Acc (poison): 0.7870 | Val Acc: 0.7719 | Time: 00:00:12
Epoch 051 | Seed 2001 | Rate 0.10 | Train Loss: 0.2408 | Val Loss: 0.3826 | Acc (clean): 0.9245 | Acc (poison): 0.8381 | Val Acc: 0.9030 | Time: 00:00:13
Epoch 052 | Seed 2001 | Rate 0.10 | Train Loss: 0.2131 | Val Loss: 0.3583 | Acc (clean): 0.9459 | Acc (poison): 0.8574 | Val Acc: 0.9096 | Time: 00:00:13
Epoch 053 | Seed 2001 | Rate 0.10 | Train Loss: 0.2048 | Val Loss: 0.3617 | Acc (clean): 0.9517 | Acc (poison): 0.8623 | Val Acc: 0.9056 | Time: 00:00:12
Epoch 054 | Seed 2001 | Rate 0.10 | Train Loss: 0.1983 | Val Loss: 0.3173 | Acc (clean): 0.9562 | Acc (poison): 0.8672 | Val Acc: 0.9167 | Time: 00:00:13
Epoch 055 | Seed 2001 | Rate 0.10 | Train Loss: 0.1948 | Val Loss: 0.3313 | Acc (clean): 0.9591 | Acc (poison): 0.8700 | Val Acc: 0.9133 | Time: 00:00:12
Epoch 056 | Seed 2001 | Rate 0.10 | Train Loss: 0.1919 | Val Loss: 0.3126 | Acc (clean): 0.9616 | Acc (poison): 0.8728 | Val Acc: 0.9174 | Time: 00:00:12
Epoch 057 | Seed 2001 | Rate 0.10 | Train Loss: 0.1881 | Val Loss: 0.3126 | Acc (clean): 0.9644 | Acc (poison): 0.8746 | Val Acc: 0.9159 | Time: 00:00:12
Epoch 058 | Seed 2001 | Rate 0.10 | Train Loss: 0.1856 | Val Loss: 0.2912 | Acc (clean): 0.9664 | Acc (poison): 0.8774 | Val Acc: 0.9200 | Time: 00:00:13
Epoch 059 | Seed 2001 | Rate 0.10 | Train Loss: 0.1835 | Val Loss: 0.3006 | Acc (clean): 0.9679 | Acc (poison): 0.8787 | Val Acc: 0.9204 | Time: 00:00:12
Epoch 060 | Seed 2001 | Rate 0.10 | Train Loss: 0.1806 | Val Loss: 0.2895 | Acc (clean): 0.9691 | Acc (poison): 0.8799 | Val Acc: 0.9226 | Time: 00:00:13
Epoch 061 | Seed 2001 | Rate 0.10 | Train Loss: 0.1800 | Val Loss: 0.3163 | Acc (clean): 0.9689 | Acc (poison): 0.8802 | Val Acc: 0.9181 | Time: 00:00:12
Epoch 062 | Seed 2001 | Rate 0.10 | Train Loss: 0.1762 | Val Loss: 0.3019 | Acc (clean): 0.9728 | Acc (poison): 0.8838 | Val Acc: 0.9174 | Time: 00:00:12
Epoch 063 | Seed 2001 | Rate 0.10 | Train Loss: 0.1744 | Val Loss: 0.3001 | Acc (clean): 0.9730 | Acc (poison): 0.8847 | Val Acc: 0.9222 | Time: 00:00:12
Epoch 064 | Seed 2001 | Rate 0.10 | Train Loss: 0.1725 | Val Loss: 0.2889 | Acc (clean): 0.9739 | Acc (poison): 0.8854 | Val Acc: 0.9215 | Time: 00:00:16
Epoch 065 | Seed 2001 | Rate 0.10 | Train Loss: 0.1718 | Val Loss: 0.2991 | Acc (clean): 0.9753 | Acc (poison): 0.8866 | Val Acc: 0.9237 | Time: 00:00:12
Epoch 066 | Seed 2001 | Rate 0.10 | Train Loss: 0.1698 | Val Loss: 0.2926 | Acc (clean): 0.9761 | Acc (poison): 0.8878 | Val Acc: 0.9185 | Time: 00:00:12
Epoch 067 | Seed 2001 | Rate 0.10 | Train Loss: 0.1683 | Val Loss: 0.2976 | Acc (clean): 0.9777 | Acc (poison): 0.8888 | Val Acc: 0.9230 | Time: 00:00:12
Epoch 068 | Seed 2001 | Rate 0.10 | Train Loss: 0.1687 | Val Loss: 0.2826 | Acc (clean): 0.9775 | Acc (poison): 0.8885 | Val Acc: 0.9237 | Time: 00:00:33
Epoch 069 | Seed 2001 | Rate 0.10 | Train Loss: 0.1660 | Val Loss: 0.3049 | Acc (clean): 0.9784 | Acc (poison): 0.8904 | Val Acc: 0.9156 | Time: 00:00:12
Epoch 070 | Seed 2001 | Rate 0.10 | Train Loss: 0.1650 | Val Loss: 0.3202 | Acc (clean): 0.9783 | Acc (poison): 0.8909 | Val Acc: 0.9193 | Time: 00:00:14
Epoch 071 | Seed 2001 | Rate 0.10 | Train Loss: 0.1655 | Val Loss: 0.3166 | Acc (clean): 0.9784 | Acc (poison): 0.8906 | Val Acc: 0.9167 | Time: 00:00:12
Epoch 072 | Seed 2001 | Rate 0.10 | Train Loss: 0.1646 | Val Loss: 0.3011 | Acc (clean): 0.9793 | Acc (poison): 0.8916 | Val Acc: 0.9181 | Time: 00:00:12
Epoch 073 | Seed 2001 | Rate 0.10 | Train Loss: 0.1624 | Val Loss: 0.2928 | Acc (clean): 0.9805 | Acc (poison): 0.8929 | Val Acc: 0.9181 | Time: 00:00:12
Epoch 074 | Seed 2001 | Rate 0.10 | Train Loss: 0.1617 | Val Loss: 0.2988 | Acc (clean): 0.9802 | Acc (poison): 0.8927 | Val Acc: 0.9144 | Time: 00:00:12
Epoch 075 | Seed 2001 | Rate 0.10 | Train Loss: 0.1608 | Val Loss: 0.3080 | Acc (clean): 0.9810 | Acc (poison): 0.8940 | Val Acc: 0.9181 | Time: 00:00:12
Epoch 076 | Seed 2001 | Rate 0.10 | Train Loss: 0.1566 | Val Loss: 0.2825 | Acc (clean): 0.9829 | Acc (poison): 0.8958 | Val Acc: 0.9233 | Time: 00:00:16
Epoch 077 | Seed 2001 | Rate 0.10 | Train Loss: 0.1548 | Val Loss: 0.2748 | Acc (clean): 0.9834 | Acc (poison): 0.8965 | Val Acc: 0.9244 | Time: 00:00:45
Epoch 078 | Seed 2001 | Rate 0.10 | Train Loss: 0.1547 | Val Loss: 0.2736 | Acc (clean): 0.9840 | Acc (poison): 0.8964 | Val Acc: 0.9263 | Time: 00:00:22
Epoch 079 | Seed 2001 | Rate 0.10 | Train Loss: 0.1536 | Val Loss: 0.2775 | Acc (clean): 0.9844 | Acc (poison): 0.8974 | Val Acc: 0.9237 | Time: 00:00:12
Epoch 080 | Seed 2001 | Rate 0.10 | Train Loss: 0.1535 | Val Loss: 0.2718 | Acc (clean): 0.9840 | Acc (poison): 0.8972 | Val Acc: 0.9248 | Time: 00:00:13
Epoch 081 | Seed 2001 | Rate 0.10 | Train Loss: 0.1532 | Val Loss: 0.2757 | Acc (clean): 0.9847 | Acc (poison): 0.8972 | Val Acc: 0.9252 | Time: 00:00:12
Epoch 082 | Seed 2001 | Rate 0.10 | Train Loss: 0.1528 | Val Loss: 0.2807 | Acc (clean): 0.9847 | Acc (poison): 0.8975 | Val Acc: 0.9219 | Time: 00:00:12
Epoch 083 | Seed 2001 | Rate 0.10 | Train Loss: 0.1524 | Val Loss: 0.2763 | Acc (clean): 0.9856 | Acc (poison): 0.8980 | Val Acc: 0.9237 | Time: 00:00:12
Epoch 084 | Seed 2001 | Rate 0.10 | Train Loss: 0.1521 | Val Loss: 0.2670 | Acc (clean): 0.9844 | Acc (poison): 0.8978 | Val Acc: 0.9259 | Time: 00:00:12
Epoch 085 | Seed 2001 | Rate 0.10 | Train Loss: 0.1520 | Val Loss: 0.2737 | Acc (clean): 0.9849 | Acc (poison): 0.8984 | Val Acc: 0.9267 | Time: 00:00:12
Epoch 086 | Seed 2001 | Rate 0.10 | Train Loss: 0.1526 | Val Loss: 0.2723 | Acc (clean): 0.9860 | Acc (poison): 0.8983 | Val Acc: 0.9244 | Time: 00:00:12
Epoch 087 | Seed 2001 | Rate 0.10 | Train Loss: 0.1522 | Val Loss: 0.2697 | Acc (clean): 0.9850 | Acc (poison): 0.8979 | Val Acc: 0.9259 | Time: 00:00:12
Epoch 088 | Seed 2001 | Rate 0.10 | Train Loss: 0.1513 | Val Loss: 0.2733 | Acc (clean): 0.9850 | Acc (poison): 0.8984 | Val Acc: 0.9237 | Time: 00:00:12
Epoch 089 | Seed 2001 | Rate 0.10 | Train Loss: 0.1513 | Val Loss: 0.2732 | Acc (clean): 0.9847 | Acc (poison): 0.8985 | Val Acc: 0.9252 | Time: 00:00:12
Epoch 090 | Seed 2001 | Rate 0.10 | Train Loss: 0.1516 | Val Loss: 0.2700 | Acc (clean): 0.9849 | Acc (poison): 0.8980 | Val Acc: 0.9259 | Time: 00:00:12
Epoch 091 | Seed 2001 | Rate 0.10 | Train Loss: 0.1510 | Val Loss: 0.2706 | Acc (clean): 0.9853 | Acc (poison): 0.8985 | Val Acc: 0.9252 | Time: 00:00:12
Epoch 092 | Seed 2001 | Rate 0.10 | Train Loss: 0.1515 | Val Loss: 0.2702 | Acc (clean): 0.9857 | Acc (poison): 0.8991 | Val Acc: 0.9219 | Time: 00:00:13
Epoch 093 | Seed 2001 | Rate 0.10 | Train Loss: 0.1508 | Val Loss: 0.2695 | Acc (clean): 0.9849 | Acc (poison): 0.8989 | Val Acc: 0.9256 | Time: 00:00:12
Epoch 094 | Seed 2001 | Rate 0.10 | Train Loss: 0.1509 | Val Loss: 0.2774 | Acc (clean): 0.9845 | Acc (poison): 0.8989 | Val Acc: 0.9259 | Time: 00:00:12
Epoch 095 | Seed 2001 | Rate 0.10 | Train Loss: 0.1507 | Val Loss: 0.2704 | Acc (clean): 0.9850 | Acc (poison): 0.8989 | Val Acc: 0.9270 | Time: 00:00:12
Epoch 096 | Seed 2001 | Rate 0.10 | Train Loss: 0.1507 | Val Loss: 0.2826 | Acc (clean): 0.9843 | Acc (poison): 0.8992 | Val Acc: 0.9237 | Time: 00:00:12
Epoch 097 | Seed 2001 | Rate 0.10 | Train Loss: 0.1504 | Val Loss: 0.2675 | Acc (clean): 0.9849 | Acc (poison): 0.8992 | Val Acc: 0.9267 | Time: 00:00:12
Epoch 098 | Seed 2001 | Rate 0.10 | Train Loss: 0.1501 | Val Loss: 0.2731 | Acc (clean): 0.9854 | Acc (poison): 0.8994 | Val Acc: 0.9248 | Time: 00:00:12
Epoch 099 | Seed 2001 | Rate 0.10 | Train Loss: 0.1506 | Val Loss: 0.2779 | Acc (clean): 0.9859 | Acc (poison): 0.8993 | Val Acc: 0.9244 | Time: 00:00:12
Epoch 100 | Seed 2001 | Rate 0.10 | Train Loss: 0.1499 | Val Loss: 0.2668 | Acc (clean): 0.9856 | Acc (poison): 0.8995 | Val Acc: 0.9281 | Time: 00:00:13

=== defense=gce attack=RQ1 seed=2001 rate=0.2 ===
Loading train data from /home/yazanme/BachelorThesis/BachelorThesis/data/processed/resisc45/train.h5 with mapping /home/yazanme/BachelorThesis/BachelorThesis/data/processed/resisc45/poisoned/RQ1/seed_2001/labels_0.20.pt... (in_memory=True, workers=4)
Testing torch.compile support...
Successfully compiled model using torch.compile.
Epoch 001 | Seed 2001 | Rate 0.20 | Train Loss: 1.1820 | Val Loss: 5.8124 | Acc (clean): 0.1774 | Acc (poison): 0.1463 | Val Acc: 0.1915 | Time: 00:00:13
Epoch 002 | Seed 2001 | Rate 0.20 | Train Loss: 1.0603 | Val Loss: 4.7296 | Acc (clean): 0.2925 | Acc (poison): 0.2398 | Val Acc: 0.2985 | Time: 00:00:12
Epoch 003 | Seed 2001 | Rate 0.20 | Train Loss: 0.9829 | Val Loss: 4.4736 | Acc (clean): 0.3633 | Acc (poison): 0.2960 | Val Acc: 0.3393 | Time: 00:00:13
Epoch 004 | Seed 2001 | Rate 0.20 | Train Loss: 0.9353 | Val Loss: 5.7166 | Acc (clean): 0.4105 | Acc (poison): 0.3323 | Val Acc: 0.2352 | Time: 00:00:12
Epoch 005 | Seed 2001 | Rate 0.20 | Train Loss: 0.8851 | Val Loss: 3.0029 | Acc (clean): 0.4540 | Acc (poison): 0.3674 | Val Acc: 0.4756 | Time: 00:00:13
Epoch 006 | Seed 2001 | Rate 0.20 | Train Loss: 0.8361 | Val Loss: 3.5090 | Acc (clean): 0.5004 | Acc (poison): 0.4049 | Val Acc: 0.4078 | Time: 00:00:12
Epoch 007 | Seed 2001 | Rate 0.20 | Train Loss: 0.8162 | Val Loss: 3.1063 | Acc (clean): 0.5174 | Acc (poison): 0.4175 | Val Acc: 0.4585 | Time: 00:00:12
Epoch 008 | Seed 2001 | Rate 0.20 | Train Loss: 0.7894 | Val Loss: 3.2501 | Acc (clean): 0.5429 | Acc (poison): 0.4389 | Val Acc: 0.4222 | Time: 00:00:12
Epoch 009 | Seed 2001 | Rate 0.20 | Train Loss: 0.7581 | Val Loss: 2.8185 | Acc (clean): 0.5705 | Acc (poison): 0.4621 | Val Acc: 0.4700 | Time: 00:00:18
Epoch 010 | Seed 2001 | Rate 0.20 | Train Loss: 0.7274 | Val Loss: 2.5397 | Acc (clean): 0.6019 | Acc (poison): 0.4863 | Val Acc: 0.4996 | Time: 00:00:13
Epoch 011 | Seed 2001 | Rate 0.20 | Train Loss: 0.7073 | Val Loss: 3.9164 | Acc (clean): 0.6202 | Acc (poison): 0.5016 | Val Acc: 0.3963 | Time: 00:00:12
Epoch 012 | Seed 2001 | Rate 0.20 | Train Loss: 0.6834 | Val Loss: 2.7897 | Acc (clean): 0.6423 | Acc (poison): 0.5195 | Val Acc: 0.4667 | Time: 00:00:12
Epoch 013 | Seed 2001 | Rate 0.20 | Train Loss: 0.6612 | Val Loss: 2.4892 | Acc (clean): 0.6629 | Acc (poison): 0.5360 | Val Acc: 0.5411 | Time: 00:00:12
Epoch 014 | Seed 2001 | Rate 0.20 | Train Loss: 0.6407 | Val Loss: 1.8114 | Acc (clean): 0.6818 | Acc (poison): 0.5506 | Val Acc: 0.6230 | Time: 00:00:12
Epoch 015 | Seed 2001 | Rate 0.20 | Train Loss: 0.6210 | Val Loss: 1.8874 | Acc (clean): 0.7002 | Acc (poison): 0.5652 | Val Acc: 0.5793 | Time: 00:00:12
Epoch 016 | Seed 2001 | Rate 0.20 | Train Loss: 0.6012 | Val Loss: 1.4054 | Acc (clean): 0.7186 | Acc (poison): 0.5816 | Val Acc: 0.6730 | Time: 00:00:12
Epoch 017 | Seed 2001 | Rate 0.20 | Train Loss: 0.5814 | Val Loss: 1.9310 | Acc (clean): 0.7366 | Acc (poison): 0.5950 | Val Acc: 0.5900 | Time: 00:00:12
Epoch 018 | Seed 2001 | Rate 0.20 | Train Loss: 0.5700 | Val Loss: 1.5327 | Acc (clean): 0.7472 | Acc (poison): 0.6034 | Val Acc: 0.6389 | Time: 00:00:12
Epoch 019 | Seed 2001 | Rate 0.20 | Train Loss: 0.5560 | Val Loss: 2.1670 | Acc (clean): 0.7591 | Acc (poison): 0.6154 | Val Acc: 0.6037 | Time: 00:00:12
Epoch 020 | Seed 2001 | Rate 0.20 | Train Loss: 0.5470 | Val Loss: 1.4145 | Acc (clean): 0.7660 | Acc (poison): 0.6188 | Val Acc: 0.6626 | Time: 00:00:12
Epoch 021 | Seed 2001 | Rate 0.20 | Train Loss: 0.5354 | Val Loss: 2.3441 | Acc (clean): 0.7784 | Acc (poison): 0.6287 | Val Acc: 0.5596 | Time: 00:00:12
Epoch 022 | Seed 2001 | Rate 0.20 | Train Loss: 0.5278 | Val Loss: 1.3664 | Acc (clean): 0.7836 | Acc (poison): 0.6341 | Val Acc: 0.7063 | Time: 00:00:13
Epoch 023 | Seed 2001 | Rate 0.20 | Train Loss: 0.5182 | Val Loss: 1.0367 | Acc (clean): 0.7952 | Acc (poison): 0.6412 | Val Acc: 0.7511 | Time: 00:00:12
Epoch 024 | Seed 2001 | Rate 0.20 | Train Loss: 0.5083 | Val Loss: 1.1621 | Acc (clean): 0.8023 | Acc (poison): 0.6485 | Val Acc: 0.7396 | Time: 00:00:12
Epoch 025 | Seed 2001 | Rate 0.20 | Train Loss: 0.5088 | Val Loss: 1.4995 | Acc (clean): 0.8016 | Acc (poison): 0.6475 | Val Acc: 0.6830 | Time: 00:00:12
Epoch 026 | Seed 2001 | Rate 0.20 | Train Loss: 0.5059 | Val Loss: 1.7039 | Acc (clean): 0.8044 | Acc (poison): 0.6508 | Val Acc: 0.6763 | Time: 00:00:12
Epoch 027 | Seed 2001 | Rate 0.20 | Train Loss: 0.4962 | Val Loss: 1.2022 | Acc (clean): 0.8142 | Acc (poison): 0.6569 | Val Acc: 0.7219 | Time: 00:00:12
Epoch 028 | Seed 2001 | Rate 0.20 | Train Loss: 0.4895 | Val Loss: 1.9454 | Acc (clean): 0.8205 | Acc (poison): 0.6627 | Val Acc: 0.6304 | Time: 00:00:12
Epoch 029 | Seed 2001 | Rate 0.20 | Train Loss: 0.4875 | Val Loss: 1.2511 | Acc (clean): 0.8189 | Acc (poison): 0.6636 | Val Acc: 0.7259 | Time: 00:00:12
Epoch 030 | Seed 2001 | Rate 0.20 | Train Loss: 0.4864 | Val Loss: 1.1317 | Acc (clean): 0.8237 | Acc (poison): 0.6659 | Val Acc: 0.7441 | Time: 00:00:12
Epoch 031 | Seed 2001 | Rate 0.20 | Train Loss: 0.4811 | Val Loss: 1.2769 | Acc (clean): 0.8273 | Acc (poison): 0.6696 | Val Acc: 0.7256 | Time: 00:00:12
Epoch 032 | Seed 2001 | Rate 0.20 | Train Loss: 0.4762 | Val Loss: 1.2654 | Acc (clean): 0.8305 | Acc (poison): 0.6727 | Val Acc: 0.7263 | Time: 00:00:12
Epoch 033 | Seed 2001 | Rate 0.20 | Train Loss: 0.4736 | Val Loss: 1.2862 | Acc (clean): 0.8344 | Acc (poison): 0.6746 | Val Acc: 0.7204 | Time: 00:00:12
Epoch 034 | Seed 2001 | Rate 0.20 | Train Loss: 0.4720 | Val Loss: 1.0506 | Acc (clean): 0.8346 | Acc (poison): 0.6757 | Val Acc: 0.7637 | Time: 00:00:12
Epoch 035 | Seed 2001 | Rate 0.20 | Train Loss: 0.4678 | Val Loss: 1.1634 | Acc (clean): 0.8380 | Acc (poison): 0.6781 | Val Acc: 0.7515 | Time: 00:00:12
Epoch 036 | Seed 2001 | Rate 0.20 | Train Loss: 0.4682 | Val Loss: 1.3772 | Acc (clean): 0.8364 | Acc (poison): 0.6774 | Val Acc: 0.6915 | Time: 00:00:12
Epoch 037 | Seed 2001 | Rate 0.20 | Train Loss: 0.4630 | Val Loss: 1.5703 | Acc (clean): 0.8421 | Acc (poison): 0.6810 | Val Acc: 0.6885 | Time: 00:00:12
Epoch 038 | Seed 2001 | Rate 0.20 | Train Loss: 0.4620 | Val Loss: 1.0568 | Acc (clean): 0.8422 | Acc (poison): 0.6822 | Val Acc: 0.7663 | Time: 00:00:12
Epoch 039 | Seed 2001 | Rate 0.20 | Train Loss: 0.4621 | Val Loss: 0.9209 | Acc (clean): 0.8441 | Acc (poison): 0.6841 | Val Acc: 0.7774 | Time: 00:00:12
Epoch 040 | Seed 2001 | Rate 0.20 | Train Loss: 0.4542 | Val Loss: 1.0828 | Acc (clean): 0.8490 | Acc (poison): 0.6866 | Val Acc: 0.7556 | Time: 00:00:12
Epoch 041 | Seed 2001 | Rate 0.20 | Train Loss: 0.4546 | Val Loss: 1.0068 | Acc (clean): 0.8500 | Acc (poison): 0.6878 | Val Acc: 0.7600 | Time: 00:00:12
Epoch 042 | Seed 2001 | Rate 0.20 | Train Loss: 0.4506 | Val Loss: 0.7890 | Acc (clean): 0.8513 | Acc (poison): 0.6912 | Val Acc: 0.8022 | Time: 00:00:12
Epoch 043 | Seed 2001 | Rate 0.20 | Train Loss: 0.4486 | Val Loss: 1.0046 | Acc (clean): 0.8538 | Acc (poison): 0.6937 | Val Acc: 0.7641 | Time: 00:00:12
Epoch 044 | Seed 2001 | Rate 0.20 | Train Loss: 0.4487 | Val Loss: 1.5965 | Acc (clean): 0.8539 | Acc (poison): 0.6917 | Val Acc: 0.6856 | Time: 00:00:12
Epoch 045 | Seed 2001 | Rate 0.20 | Train Loss: 0.4478 | Val Loss: 0.9970 | Acc (clean): 0.8523 | Acc (poison): 0.6924 | Val Acc: 0.7637 | Time: 00:00:13
Epoch 046 | Seed 2001 | Rate 0.20 | Train Loss: 0.4433 | Val Loss: 1.2160 | Acc (clean): 0.8589 | Acc (poison): 0.6950 | Val Acc: 0.7330 | Time: 00:00:12
Epoch 047 | Seed 2001 | Rate 0.20 | Train Loss: 0.4432 | Val Loss: 1.2446 | Acc (clean): 0.8578 | Acc (poison): 0.6963 | Val Acc: 0.7341 | Time: 00:00:12
Epoch 048 | Seed 2001 | Rate 0.20 | Train Loss: 0.4470 | Val Loss: 0.8371 | Acc (clean): 0.8548 | Acc (poison): 0.6927 | Val Acc: 0.8078 | Time: 00:00:12
Epoch 049 | Seed 2001 | Rate 0.20 | Train Loss: 0.4443 | Val Loss: 1.1705 | Acc (clean): 0.8586 | Acc (poison): 0.6947 | Val Acc: 0.7193 | Time: 00:00:12
Epoch 050 | Seed 2001 | Rate 0.20 | Train Loss: 0.4438 | Val Loss: 0.9079 | Acc (clean): 0.8602 | Acc (poison): 0.6963 | Val Acc: 0.7748 | Time: 00:00:12
Epoch 051 | Seed 2001 | Rate 0.20 | Train Loss: 0.3738 | Val Loss: 0.3971 | Acc (clean): 0.9163 | Acc (poison): 0.7438 | Val Acc: 0.8985 | Time: 00:00:12
Epoch 052 | Seed 2001 | Rate 0.20 | Train Loss: 0.3500 | Val Loss: 0.3887 | Acc (clean): 0.9374 | Acc (poison): 0.7616 | Val Acc: 0.9000 | Time: 00:00:13
Epoch 053 | Seed 2001 | Rate 0.20 | Train Loss: 0.3435 | Val Loss: 0.3700 | Acc (clean): 0.9435 | Acc (poison): 0.7661 | Val Acc: 0.9100 | Time: 00:00:13
Epoch 054 | Seed 2001 | Rate 0.20 | Train Loss: 0.3369 | Val Loss: 0.3578 | Acc (clean): 0.9477 | Acc (poison): 0.7700 | Val Acc: 0.9089 | Time: 00:00:13
Epoch 055 | Seed 2001 | Rate 0.20 | Train Loss: 0.3318 | Val Loss: 0.3434 | Acc (clean): 0.9514 | Acc (poison): 0.7744 | Val Acc: 0.9119 | Time: 00:00:13
Epoch 056 | Seed 2001 | Rate 0.20 | Train Loss: 0.3307 | Val Loss: 0.3382 | Acc (clean): 0.9523 | Acc (poison): 0.7748 | Val Acc: 0.9163 | Time: 00:00:13
Epoch 057 | Seed 2001 | Rate 0.20 | Train Loss: 0.3264 | Val Loss: 0.3338 | Acc (clean): 0.9548 | Acc (poison): 0.7777 | Val Acc: 0.9130 | Time: 00:00:12
Epoch 058 | Seed 2001 | Rate 0.20 | Train Loss: 0.3238 | Val Loss: 0.3266 | Acc (clean): 0.9574 | Acc (poison): 0.7798 | Val Acc: 0.9181 | Time: 00:00:13
Epoch 059 | Seed 2001 | Rate 0.20 | Train Loss: 0.3207 | Val Loss: 0.3225 | Acc (clean): 0.9587 | Acc (poison): 0.7819 | Val Acc: 0.9167 | Time: 00:00:13
Epoch 060 | Seed 2001 | Rate 0.20 | Train Loss: 0.3194 | Val Loss: 0.3194 | Acc (clean): 0.9595 | Acc (poison): 0.7826 | Val Acc: 0.9174 | Time: 00:00:13
Epoch 061 | Seed 2001 | Rate 0.20 | Train Loss: 0.3181 | Val Loss: 0.3212 | Acc (clean): 0.9610 | Acc (poison): 0.7844 | Val Acc: 0.9141 | Time: 00:00:12
Epoch 062 | Seed 2001 | Rate 0.20 | Train Loss: 0.3152 | Val Loss: 0.3185 | Acc (clean): 0.9626 | Acc (poison): 0.7858 | Val Acc: 0.9163 | Time: 00:00:13
Epoch 063 | Seed 2001 | Rate 0.20 | Train Loss: 0.3135 | Val Loss: 0.3168 | Acc (clean): 0.9638 | Acc (poison): 0.7869 | Val Acc: 0.9193 | Time: 00:00:13
Epoch 064 | Seed 2001 | Rate 0.20 | Train Loss: 0.3118 | Val Loss: 0.3138 | Acc (clean): 0.9649 | Acc (poison): 0.7881 | Val Acc: 0.9189 | Time: 00:00:13
Epoch 065 | Seed 2001 | Rate 0.20 | Train Loss: 0.3109 | Val Loss: 0.3304 | Acc (clean): 0.9649 | Acc (poison): 0.7891 | Val Acc: 0.9107 | Time: 00:00:12
Epoch 066 | Seed 2001 | Rate 0.20 | Train Loss: 0.3091 | Val Loss: 0.3228 | Acc (clean): 0.9656 | Acc (poison): 0.7903 | Val Acc: 0.9178 | Time: 00:00:12
Epoch 067 | Seed 2001 | Rate 0.20 | Train Loss: 0.3081 | Val Loss: 0.3398 | Acc (clean): 0.9661 | Acc (poison): 0.7903 | Val Acc: 0.9163 | Time: 00:00:12
Epoch 068 | Seed 2001 | Rate 0.20 | Train Loss: 0.3077 | Val Loss: 0.3325 | Acc (clean): 0.9678 | Acc (poison): 0.7916 | Val Acc: 0.9185 | Time: 00:00:12
Epoch 069 | Seed 2001 | Rate 0.20 | Train Loss: 0.3053 | Val Loss: 0.3423 | Acc (clean): 0.9672 | Acc (poison): 0.7924 | Val Acc: 0.9122 | Time: 00:00:12
Epoch 070 | Seed 2001 | Rate 0.20 | Train Loss: 0.3043 | Val Loss: 0.3080 | Acc (clean): 0.9668 | Acc (poison): 0.7935 | Val Acc: 0.9219 | Time: 00:00:13
Epoch 071 | Seed 2001 | Rate 0.20 | Train Loss: 0.3031 | Val Loss: 0.3144 | Acc (clean): 0.9687 | Acc (poison): 0.7942 | Val Acc: 0.9196 | Time: 00:00:12
Epoch 072 | Seed 2001 | Rate 0.20 | Train Loss: 0.3016 | Val Loss: 0.3182 | Acc (clean): 0.9688 | Acc (poison): 0.7950 | Val Acc: 0.9219 | Time: 00:00:12
Epoch 073 | Seed 2001 | Rate 0.20 | Train Loss: 0.3007 | Val Loss: 0.3373 | Acc (clean): 0.9686 | Acc (poison): 0.7960 | Val Acc: 0.9156 | Time: 00:00:12
Epoch 074 | Seed 2001 | Rate 0.20 | Train Loss: 0.2993 | Val Loss: 0.3393 | Acc (clean): 0.9701 | Acc (poison): 0.7967 | Val Acc: 0.9144 | Time: 00:00:12
Epoch 075 | Seed 2001 | Rate 0.20 | Train Loss: 0.2987 | Val Loss: 0.3528 | Acc (clean): 0.9699 | Acc (poison): 0.7973 | Val Acc: 0.9074 | Time: 00:00:12
Epoch 076 | Seed 2001 | Rate 0.20 | Train Loss: 0.2943 | Val Loss: 0.3229 | Acc (clean): 0.9718 | Acc (poison): 0.7993 | Val Acc: 0.9189 | Time: 00:00:12
Epoch 077 | Seed 2001 | Rate 0.20 | Train Loss: 0.2924 | Val Loss: 0.3086 | Acc (clean): 0.9727 | Acc (poison): 0.8000 | Val Acc: 0.9204 | Time: 00:00:12
Epoch 078 | Seed 2001 | Rate 0.20 | Train Loss: 0.2916 | Val Loss: 0.3111 | Acc (clean): 0.9732 | Acc (poison): 0.8009 | Val Acc: 0.9219 | Time: 00:00:12
Epoch 079 | Seed 2001 | Rate 0.20 | Train Loss: 0.2913 | Val Loss: 0.3100 | Acc (clean): 0.9729 | Acc (poison): 0.8007 | Val Acc: 0.9230 | Time: 00:00:12
Epoch 080 | Seed 2001 | Rate 0.20 | Train Loss: 0.2910 | Val Loss: 0.3007 | Acc (clean): 0.9736 | Acc (poison): 0.8008 | Val Acc: 0.9267 | Time: 00:00:13
Epoch 081 | Seed 2001 | Rate 0.20 | Train Loss: 0.2902 | Val Loss: 0.3058 | Acc (clean): 0.9733 | Acc (poison): 0.8012 | Val Acc: 0.9267 | Time: 00:00:12
Epoch 082 | Seed 2001 | Rate 0.20 | Train Loss: 0.2902 | Val Loss: 0.3093 | Acc (clean): 0.9746 | Acc (poison): 0.8014 | Val Acc: 0.9256 | Time: 00:00:12
Epoch 083 | Seed 2001 | Rate 0.20 | Train Loss: 0.2904 | Val Loss: 0.3042 | Acc (clean): 0.9738 | Acc (poison): 0.8010 | Val Acc: 0.9270 | Time: 00:00:12
Epoch 084 | Seed 2001 | Rate 0.20 | Train Loss: 0.2894 | Val Loss: 0.2978 | Acc (clean): 0.9736 | Acc (poison): 0.8018 | Val Acc: 0.9270 | Time: 00:00:12
Epoch 085 | Seed 2001 | Rate 0.20 | Train Loss: 0.2896 | Val Loss: 0.3087 | Acc (clean): 0.9744 | Acc (poison): 0.8019 | Val Acc: 0.9248 | Time: 00:00:12
Epoch 086 | Seed 2001 | Rate 0.20 | Train Loss: 0.2893 | Val Loss: 0.3033 | Acc (clean): 0.9735 | Acc (poison): 0.8019 | Val Acc: 0.9281 | Time: 00:00:12
Epoch 087 | Seed 2001 | Rate 0.20 | Train Loss: 0.2890 | Val Loss: 0.3022 | Acc (clean): 0.9730 | Acc (poison): 0.8018 | Val Acc: 0.9267 | Time: 00:00:12
Epoch 088 | Seed 2001 | Rate 0.20 | Train Loss: 0.2886 | Val Loss: 0.2999 | Acc (clean): 0.9731 | Acc (poison): 0.8022 | Val Acc: 0.9248 | Time: 00:00:12
Epoch 089 | Seed 2001 | Rate 0.20 | Train Loss: 0.2889 | Val Loss: 0.3048 | Acc (clean): 0.9740 | Acc (poison): 0.8026 | Val Acc: 0.9233 | Time: 00:00:12
Epoch 090 | Seed 2001 | Rate 0.20 | Train Loss: 0.2887 | Val Loss: 0.3032 | Acc (clean): 0.9739 | Acc (poison): 0.8021 | Val Acc: 0.9248 | Time: 00:00:12
Epoch 091 | Seed 2001 | Rate 0.20 | Train Loss: 0.2884 | Val Loss: 0.3032 | Acc (clean): 0.9742 | Acc (poison): 0.8026 | Val Acc: 0.9252 | Time: 00:00:12
Epoch 092 | Seed 2001 | Rate 0.20 | Train Loss: 0.2886 | Val Loss: 0.3023 | Acc (clean): 0.9735 | Acc (poison): 0.8024 | Val Acc: 0.9263 | Time: 00:00:12
Epoch 093 | Seed 2001 | Rate 0.20 | Train Loss: 0.2882 | Val Loss: 0.3004 | Acc (clean): 0.9735 | Acc (poison): 0.8023 | Val Acc: 0.9267 | Time: 00:00:12
Epoch 094 | Seed 2001 | Rate 0.20 | Train Loss: 0.2883 | Val Loss: 0.3078 | Acc (clean): 0.9739 | Acc (poison): 0.8027 | Val Acc: 0.9248 | Time: 00:00:12
Epoch 095 | Seed 2001 | Rate 0.20 | Train Loss: 0.2884 | Val Loss: 0.2979 | Acc (clean): 0.9735 | Acc (poison): 0.8023 | Val Acc: 0.9289 | Time: 00:00:12
Epoch 096 | Seed 2001 | Rate 0.20 | Train Loss: 0.2882 | Val Loss: 0.3061 | Acc (clean): 0.9747 | Acc (poison): 0.8032 | Val Acc: 0.9267 | Time: 00:00:12
Epoch 097 | Seed 2001 | Rate 0.20 | Train Loss: 0.2878 | Val Loss: 0.2961 | Acc (clean): 0.9739 | Acc (poison): 0.8024 | Val Acc: 0.9278 | Time: 00:00:12
Epoch 098 | Seed 2001 | Rate 0.20 | Train Loss: 0.2877 | Val Loss: 0.3021 | Acc (clean): 0.9736 | Acc (poison): 0.8028 | Val Acc: 0.9256 | Time: 00:00:12
Epoch 099 | Seed 2001 | Rate 0.20 | Train Loss: 0.2876 | Val Loss: 0.3045 | Acc (clean): 0.9735 | Acc (poison): 0.8028 | Val Acc: 0.9259 | Time: 00:00:12
Epoch 100 | Seed 2001 | Rate 0.20 | Train Loss: 0.2869 | Val Loss: 0.2974 | Acc (clean): 0.9740 | Acc (poison): 0.8035 | Val Acc: 0.9278 | Time: 00:00:12

=== defense=gce attack=RQ2 seed=2001 rate=0.01 ===
Loading train data from /home/yazanme/BachelorThesis/BachelorThesis/data/processed/resisc45/train.h5 with mapping /home/yazanme/BachelorThesis/BachelorThesis/data/processed/resisc45/poisoned/RQ2/seed_2001/labels_0.01.pt... (in_memory=True, workers=4)
Testing torch.compile support...
Successfully compiled model using torch.compile.
Epoch 001 | Seed 2001 | Rate 0.01 | Train Loss: 1.1102 | Val Loss: 6.0980 | Acc (clean): 0.2021 | Acc (poison): 0.2012 | Val Acc: 0.1981 | Time: 00:00:13
Epoch 002 | Seed 2001 | Rate 0.01 | Train Loss: 0.9568 | Val Loss: 6.3280 | Acc (clean): 0.3133 | Acc (poison): 0.3121 | Val Acc: 0.2804 | Time: 00:00:12
Epoch 003 | Seed 2001 | Rate 0.01 | Train Loss: 0.8622 | Val Loss: 5.3202 | Acc (clean): 0.3850 | Acc (poison): 0.3826 | Val Acc: 0.3511 | Time: 00:00:13
Epoch 004 | Seed 2001 | Rate 0.01 | Train Loss: 0.7965 | Val Loss: 4.8622 | Acc (clean): 0.4298 | Acc (poison): 0.4269 | Val Acc: 0.3833 | Time: 00:00:13
Epoch 005 | Seed 2001 | Rate 0.01 | Train Loss: 0.7408 | Val Loss: 4.4859 | Acc (clean): 0.4704 | Acc (poison): 0.4668 | Val Acc: 0.3641 | Time: 00:00:13
Epoch 006 | Seed 2001 | Rate 0.01 | Train Loss: 0.6835 | Val Loss: 3.6680 | Acc (clean): 0.5150 | Acc (poison): 0.5113 | Val Acc: 0.4663 | Time: 00:00:13
Epoch 007 | Seed 2001 | Rate 0.01 | Train Loss: 0.6438 | Val Loss: 4.2489 | Acc (clean): 0.5440 | Acc (poison): 0.5405 | Val Acc: 0.4056 | Time: 00:00:12
Epoch 008 | Seed 2001 | Rate 0.01 | Train Loss: 0.6038 | Val Loss: 3.0901 | Acc (clean): 0.5761 | Acc (poison): 0.5717 | Val Acc: 0.4974 | Time: 00:00:13
Epoch 009 | Seed 2001 | Rate 0.01 | Train Loss: 0.5699 | Val Loss: 3.0471 | Acc (clean): 0.5998 | Acc (poison): 0.5953 | Val Acc: 0.4607 | Time: 00:00:13
Epoch 010 | Seed 2001 | Rate 0.01 | Train Loss: 0.5348 | Val Loss: 2.0252 | Acc (clean): 0.6258 | Acc (poison): 0.6206 | Val Acc: 0.5896 | Time: 00:00:14
Epoch 011 | Seed 2001 | Rate 0.01 | Train Loss: 0.5014 | Val Loss: 1.8774 | Acc (clean): 0.6516 | Acc (poison): 0.6467 | Val Acc: 0.6204 | Time: 00:00:13
Epoch 012 | Seed 2001 | Rate 0.01 | Train Loss: 0.4632 | Val Loss: 1.7769 | Acc (clean): 0.6800 | Acc (poison): 0.6744 | Val Acc: 0.6348 | Time: 00:00:13
Epoch 013 | Seed 2001 | Rate 0.01 | Train Loss: 0.4323 | Val Loss: 2.2573 | Acc (clean): 0.7031 | Acc (poison): 0.6967 | Val Acc: 0.5622 | Time: 00:00:12
Epoch 014 | Seed 2001 | Rate 0.01 | Train Loss: 0.3955 | Val Loss: 1.7024 | Acc (clean): 0.7302 | Acc (poison): 0.7240 | Val Acc: 0.6370 | Time: 00:00:13
Epoch 015 | Seed 2001 | Rate 0.01 | Train Loss: 0.3723 | Val Loss: 1.3079 | Acc (clean): 0.7480 | Acc (poison): 0.7414 | Val Acc: 0.7089 | Time: 00:00:13
Epoch 016 | Seed 2001 | Rate 0.01 | Train Loss: 0.3484 | Val Loss: 1.5498 | Acc (clean): 0.7657 | Acc (poison): 0.7590 | Val Acc: 0.6604 | Time: 00:00:12
Epoch 017 | Seed 2001 | Rate 0.01 | Train Loss: 0.3269 | Val Loss: 1.2681 | Acc (clean): 0.7816 | Acc (poison): 0.7742 | Val Acc: 0.7048 | Time: 00:00:13
Epoch 018 | Seed 2001 | Rate 0.01 | Train Loss: 0.3211 | Val Loss: 1.0397 | Acc (clean): 0.7845 | Acc (poison): 0.7775 | Val Acc: 0.7511 | Time: 00:00:13
Epoch 019 | Seed 2001 | Rate 0.01 | Train Loss: 0.3025 | Val Loss: 1.2825 | Acc (clean): 0.7988 | Acc (poison): 0.7918 | Val Acc: 0.7196 | Time: 00:00:12
Epoch 020 | Seed 2001 | Rate 0.01 | Train Loss: 0.3011 | Val Loss: 1.2315 | Acc (clean): 0.7990 | Acc (poison): 0.7914 | Val Acc: 0.7133 | Time: 00:00:12
Epoch 021 | Seed 2001 | Rate 0.01 | Train Loss: 0.2873 | Val Loss: 1.2721 | Acc (clean): 0.8107 | Acc (poison): 0.8033 | Val Acc: 0.7156 | Time: 00:00:12
Epoch 022 | Seed 2001 | Rate 0.01 | Train Loss: 0.2751 | Val Loss: 1.6717 | Acc (clean): 0.8176 | Acc (poison): 0.8103 | Val Acc: 0.6356 | Time: 00:00:13
Epoch 023 | Seed 2001 | Rate 0.01 | Train Loss: 0.2696 | Val Loss: 1.3548 | Acc (clean): 0.8243 | Acc (poison): 0.8171 | Val Acc: 0.7278 | Time: 00:00:13
Epoch 024 | Seed 2001 | Rate 0.01 | Train Loss: 0.2575 | Val Loss: 1.2602 | Acc (clean): 0.8325 | Acc (poison): 0.8251 | Val Acc: 0.7344 | Time: 00:00:12
Epoch 025 | Seed 2001 | Rate 0.01 | Train Loss: 0.2584 | Val Loss: 1.7750 | Acc (clean): 0.8308 | Acc (poison): 0.8233 | Val Acc: 0.6600 | Time: 00:00:12
Epoch 026 | Seed 2001 | Rate 0.01 | Train Loss: 0.2558 | Val Loss: 1.5745 | Acc (clean): 0.8327 | Acc (poison): 0.8255 | Val Acc: 0.6704 | Time: 00:00:12
Epoch 027 | Seed 2001 | Rate 0.01 | Train Loss: 0.2456 | Val Loss: 1.5112 | Acc (clean): 0.8401 | Acc (poison): 0.8326 | Val Acc: 0.6744 | Time: 00:00:12
Epoch 028 | Seed 2001 | Rate 0.01 | Train Loss: 0.2392 | Val Loss: 0.9531 | Acc (clean): 0.8461 | Acc (poison): 0.8384 | Val Acc: 0.7863 | Time: 00:00:13
Epoch 029 | Seed 2001 | Rate 0.01 | Train Loss: 0.2334 | Val Loss: 1.2255 | Acc (clean): 0.8502 | Acc (poison): 0.8426 | Val Acc: 0.7141 | Time: 00:00:12
Epoch 030 | Seed 2001 | Rate 0.01 | Train Loss: 0.2389 | Val Loss: 1.1309 | Acc (clean): 0.8466 | Acc (poison): 0.8385 | Val Acc: 0.7493 | Time: 00:00:12
Epoch 031 | Seed 2001 | Rate 0.01 | Train Loss: 0.2291 | Val Loss: 1.3924 | Acc (clean): 0.8520 | Acc (poison): 0.8443 | Val Acc: 0.6937 | Time: 00:00:12
Epoch 032 | Seed 2001 | Rate 0.01 | Train Loss: 0.2260 | Val Loss: 1.1754 | Acc (clean): 0.8568 | Acc (poison): 0.8487 | Val Acc: 0.7507 | Time: 00:00:12
Epoch 033 | Seed 2001 | Rate 0.01 | Train Loss: 0.2266 | Val Loss: 1.3171 | Acc (clean): 0.8540 | Acc (poison): 0.8462 | Val Acc: 0.7185 | Time: 00:00:12
Epoch 034 | Seed 2001 | Rate 0.01 | Train Loss: 0.2134 | Val Loss: 1.1932 | Acc (clean): 0.8636 | Acc (poison): 0.8562 | Val Acc: 0.7467 | Time: 00:00:12
Epoch 035 | Seed 2001 | Rate 0.01 | Train Loss: 0.2157 | Val Loss: 0.8695 | Acc (clean): 0.8628 | Acc (poison): 0.8548 | Val Acc: 0.7922 | Time: 00:00:13
Epoch 036 | Seed 2001 | Rate 0.01 | Train Loss: 0.2136 | Val Loss: 1.1945 | Acc (clean): 0.8649 | Acc (poison): 0.8572 | Val Acc: 0.7526 | Time: 00:00:12
Epoch 037 | Seed 2001 | Rate 0.01 | Train Loss: 0.2062 | Val Loss: 1.1187 | Acc (clean): 0.8685 | Acc (poison): 0.8612 | Val Acc: 0.7533 | Time: 00:00:12
Epoch 038 | Seed 2001 | Rate 0.01 | Train Loss: 0.2091 | Val Loss: 0.9784 | Acc (clean): 0.8679 | Acc (poison): 0.8603 | Val Acc: 0.7670 | Time: 00:00:12
Epoch 039 | Seed 2001 | Rate 0.01 | Train Loss: 0.2077 | Val Loss: 1.1795 | Acc (clean): 0.8691 | Acc (poison): 0.8611 | Val Acc: 0.7537 | Time: 00:00:12
Epoch 040 | Seed 2001 | Rate 0.01 | Train Loss: 0.2010 | Val Loss: 1.2118 | Acc (clean): 0.8747 | Acc (poison): 0.8666 | Val Acc: 0.7437 | Time: 00:00:12
Epoch 041 | Seed 2001 | Rate 0.01 | Train Loss: 0.2062 | Val Loss: 1.0721 | Acc (clean): 0.8693 | Acc (poison): 0.8614 | Val Acc: 0.7711 | Time: 00:00:12
Epoch 042 | Seed 2001 | Rate 0.01 | Train Loss: 0.1923 | Val Loss: 0.9920 | Acc (clean): 0.8799 | Acc (poison): 0.8721 | Val Acc: 0.7730 | Time: 00:00:12
Epoch 043 | Seed 2001 | Rate 0.01 | Train Loss: 0.1977 | Val Loss: 1.7802 | Acc (clean): 0.8757 | Acc (poison): 0.8680 | Val Acc: 0.6589 | Time: 00:00:12
Epoch 044 | Seed 2001 | Rate 0.01 | Train Loss: 0.1971 | Val Loss: 1.0616 | Acc (clean): 0.8765 | Acc (poison): 0.8687 | Val Acc: 0.7726 | Time: 00:00:12
Epoch 045 | Seed 2001 | Rate 0.01 | Train Loss: 0.1959 | Val Loss: 0.7884 | Acc (clean): 0.8758 | Acc (poison): 0.8683 | Val Acc: 0.8063 | Time: 00:00:13
Epoch 046 | Seed 2001 | Rate 0.01 | Train Loss: 0.1929 | Val Loss: 1.0829 | Acc (clean): 0.8798 | Acc (poison): 0.8716 | Val Acc: 0.7711 | Time: 00:00:13
Epoch 047 | Seed 2001 | Rate 0.01 | Train Loss: 0.1975 | Val Loss: 0.8216 | Acc (clean): 0.8745 | Acc (poison): 0.8668 | Val Acc: 0.7989 | Time: 00:00:12
Epoch 048 | Seed 2001 | Rate 0.01 | Train Loss: 0.1897 | Val Loss: 0.8791 | Acc (clean): 0.8816 | Acc (poison): 0.8736 | Val Acc: 0.7989 | Time: 00:00:12
Epoch 049 | Seed 2001 | Rate 0.01 | Train Loss: 0.1902 | Val Loss: 1.5540 | Acc (clean): 0.8813 | Acc (poison): 0.8734 | Val Acc: 0.6722 | Time: 00:00:13
Epoch 050 | Seed 2001 | Rate 0.01 | Train Loss: 0.1885 | Val Loss: 1.1727 | Acc (clean): 0.8807 | Acc (poison): 0.8728 | Val Acc: 0.7359 | Time: 00:00:12
Epoch 051 | Seed 2001 | Rate 0.01 | Train Loss: 0.1149 | Val Loss: 0.3231 | Acc (clean): 0.9338 | Acc (poison): 0.9261 | Val Acc: 0.9159 | Time: 00:00:13
Epoch 052 | Seed 2001 | Rate 0.01 | Train Loss: 0.0858 | Val Loss: 0.3069 | Acc (clean): 0.9548 | Acc (poison): 0.9466 | Val Acc: 0.9167 | Time: 00:00:13
Epoch 053 | Seed 2001 | Rate 0.01 | Train Loss: 0.0771 | Val Loss: 0.2907 | Acc (clean): 0.9598 | Acc (poison): 0.9518 | Val Acc: 0.9237 | Time: 00:00:13
Epoch 054 | Seed 2001 | Rate 0.01 | Train Loss: 0.0712 | Val Loss: 0.2710 | Acc (clean): 0.9642 | Acc (poison): 0.9562 | Val Acc: 0.9296 | Time: 00:00:13
Epoch 055 | Seed 2001 | Rate 0.01 | Train Loss: 0.0676 | Val Loss: 0.2770 | Acc (clean): 0.9668 | Acc (poison): 0.9590 | Val Acc: 0.9293 | Time: 00:00:12
Epoch 056 | Seed 2001 | Rate 0.01 | Train Loss: 0.0637 | Val Loss: 0.2650 | Acc (clean): 0.9702 | Acc (poison): 0.9625 | Val Acc: 0.9304 | Time: 00:00:13
Epoch 057 | Seed 2001 | Rate 0.01 | Train Loss: 0.0603 | Val Loss: 0.2746 | Acc (clean): 0.9731 | Acc (poison): 0.9653 | Val Acc: 0.9285 | Time: 00:00:12
Epoch 058 | Seed 2001 | Rate 0.01 | Train Loss: 0.0570 | Val Loss: 0.2678 | Acc (clean): 0.9749 | Acc (poison): 0.9674 | Val Acc: 0.9274 | Time: 00:00:12
Epoch 059 | Seed 2001 | Rate 0.01 | Train Loss: 0.0546 | Val Loss: 0.2696 | Acc (clean): 0.9763 | Acc (poison): 0.9688 | Val Acc: 0.9263 | Time: 00:00:13
Epoch 060 | Seed 2001 | Rate 0.01 | Train Loss: 0.0537 | Val Loss: 0.2625 | Acc (clean): 0.9774 | Acc (poison): 0.9697 | Val Acc: 0.9304 | Time: 00:00:15
Epoch 061 | Seed 2001 | Rate 0.01 | Train Loss: 0.0515 | Val Loss: 0.2631 | Acc (clean): 0.9783 | Acc (poison): 0.9710 | Val Acc: 0.9319 | Time: 00:00:12
Epoch 062 | Seed 2001 | Rate 0.01 | Train Loss: 0.0484 | Val Loss: 0.2701 | Acc (clean): 0.9800 | Acc (poison): 0.9729 | Val Acc: 0.9285 | Time: 00:00:13
Epoch 063 | Seed 2001 | Rate 0.01 | Train Loss: 0.0467 | Val Loss: 0.2618 | Acc (clean): 0.9813 | Acc (poison): 0.9743 | Val Acc: 0.9319 | Time: 00:00:15
Epoch 064 | Seed 2001 | Rate 0.01 | Train Loss: 0.0443 | Val Loss: 0.2678 | Acc (clean): 0.9833 | Acc (poison): 0.9763 | Val Acc: 0.9330 | Time: 00:00:12
Epoch 065 | Seed 2001 | Rate 0.01 | Train Loss: 0.0442 | Val Loss: 0.2702 | Acc (clean): 0.9828 | Acc (poison): 0.9756 | Val Acc: 0.9278 | Time: 00:00:13
Epoch 066 | Seed 2001 | Rate 0.01 | Train Loss: 0.0428 | Val Loss: 0.2572 | Acc (clean): 0.9840 | Acc (poison): 0.9770 | Val Acc: 0.9304 | Time: 00:00:15
Epoch 067 | Seed 2001 | Rate 0.01 | Train Loss: 0.0412 | Val Loss: 0.2786 | Acc (clean): 0.9855 | Acc (poison): 0.9787 | Val Acc: 0.9270 | Time: 00:00:12
Epoch 068 | Seed 2001 | Rate 0.01 | Train Loss: 0.0401 | Val Loss: 0.2546 | Acc (clean): 0.9853 | Acc (poison): 0.9785 | Val Acc: 0.9296 | Time: 00:00:16
Epoch 069 | Seed 2001 | Rate 0.01 | Train Loss: 0.0383 | Val Loss: 0.2561 | Acc (clean): 0.9868 | Acc (poison): 0.9801 | Val Acc: 0.9330 | Time: 00:00:12
Epoch 070 | Seed 2001 | Rate 0.01 | Train Loss: 0.0368 | Val Loss: 0.2631 | Acc (clean): 0.9874 | Acc (poison): 0.9811 | Val Acc: 0.9311 | Time: 00:00:12
Epoch 071 | Seed 2001 | Rate 0.01 | Train Loss: 0.0372 | Val Loss: 0.2704 | Acc (clean): 0.9876 | Acc (poison): 0.9811 | Val Acc: 0.9285 | Time: 00:00:12
Epoch 072 | Seed 2001 | Rate 0.01 | Train Loss: 0.0360 | Val Loss: 0.2811 | Acc (clean): 0.9879 | Acc (poison): 0.9816 | Val Acc: 0.9219 | Time: 00:00:13
Epoch 073 | Seed 2001 | Rate 0.01 | Train Loss: 0.0352 | Val Loss: 0.2608 | Acc (clean): 0.9882 | Acc (poison): 0.9818 | Val Acc: 0.9296 | Time: 00:00:12
Epoch 074 | Seed 2001 | Rate 0.01 | Train Loss: 0.0341 | Val Loss: 0.2655 | Acc (clean): 0.9887 | Acc (poison): 0.9823 | Val Acc: 0.9285 | Time: 00:00:12
Epoch 075 | Seed 2001 | Rate 0.01 | Train Loss: 0.0329 | Val Loss: 0.2694 | Acc (clean): 0.9900 | Acc (poison): 0.9837 | Val Acc: 0.9267 | Time: 00:00:12
Epoch 076 | Seed 2001 | Rate 0.01 | Train Loss: 0.0295 | Val Loss: 0.2501 | Acc (clean): 0.9908 | Acc (poison): 0.9847 | Val Acc: 0.9356 | Time: 00:00:15
Epoch 077 | Seed 2001 | Rate 0.01 | Train Loss: 0.0275 | Val Loss: 0.2423 | Acc (clean): 0.9921 | Acc (poison): 0.9858 | Val Acc: 0.9363 | Time: 00:00:13
Epoch 078 | Seed 2001 | Rate 0.01 | Train Loss: 0.0274 | Val Loss: 0.2462 | Acc (clean): 0.9920 | Acc (poison): 0.9860 | Val Acc: 0.9315 | Time: 00:00:12
Epoch 079 | Seed 2001 | Rate 0.01 | Train Loss: 0.0268 | Val Loss: 0.2445 | Acc (clean): 0.9920 | Acc (poison): 0.9860 | Val Acc: 0.9333 | Time: 00:00:12
Epoch 080 | Seed 2001 | Rate 0.01 | Train Loss: 0.0265 | Val Loss: 0.2392 | Acc (clean): 0.9923 | Acc (poison): 0.9865 | Val Acc: 0.9352 | Time: 00:00:15
Epoch 081 | Seed 2001 | Rate 0.01 | Train Loss: 0.0258 | Val Loss: 0.2431 | Acc (clean): 0.9930 | Acc (poison): 0.9871 | Val Acc: 0.9359 | Time: 00:00:12
Epoch 082 | Seed 2001 | Rate 0.01 | Train Loss: 0.0257 | Val Loss: 0.2468 | Acc (clean): 0.9928 | Acc (poison): 0.9868 | Val Acc: 0.9337 | Time: 00:00:12
Epoch 083 | Seed 2001 | Rate 0.01 | Train Loss: 0.0259 | Val Loss: 0.2437 | Acc (clean): 0.9926 | Acc (poison): 0.9866 | Val Acc: 0.9352 | Time: 00:00:13
Epoch 084 | Seed 2001 | Rate 0.01 | Train Loss: 0.0260 | Val Loss: 0.2390 | Acc (clean): 0.9923 | Acc (poison): 0.9864 | Val Acc: 0.9367 | Time: 00:00:15
Epoch 085 | Seed 2001 | Rate 0.01 | Train Loss: 0.0257 | Val Loss: 0.2428 | Acc (clean): 0.9921 | Acc (poison): 0.9864 | Val Acc: 0.9356 | Time: 00:00:12
Epoch 086 | Seed 2001 | Rate 0.01 | Train Loss: 0.0256 | Val Loss: 0.2440 | Acc (clean): 0.9923 | Acc (poison): 0.9867 | Val Acc: 0.9341 | Time: 00:00:12
Epoch 087 | Seed 2001 | Rate 0.01 | Train Loss: 0.0254 | Val Loss: 0.2440 | Acc (clean): 0.9927 | Acc (poison): 0.9868 | Val Acc: 0.9348 | Time: 00:00:12
Epoch 088 | Seed 2001 | Rate 0.01 | Train Loss: 0.0252 | Val Loss: 0.2436 | Acc (clean): 0.9929 | Acc (poison): 0.9871 | Val Acc: 0.9326 | Time: 00:00:12
Epoch 089 | Seed 2001 | Rate 0.01 | Train Loss: 0.0250 | Val Loss: 0.2491 | Acc (clean): 0.9932 | Acc (poison): 0.9874 | Val Acc: 0.9337 | Time: 00:00:12
Epoch 090 | Seed 2001 | Rate 0.01 | Train Loss: 0.0253 | Val Loss: 0.2481 | Acc (clean): 0.9928 | Acc (poison): 0.9871 | Val Acc: 0.9326 | Time: 00:00:13
Epoch 091 | Seed 2001 | Rate 0.01 | Train Loss: 0.0244 | Val Loss: 0.2456 | Acc (clean): 0.9933 | Acc (poison): 0.9875 | Val Acc: 0.9344 | Time: 00:00:13
Epoch 092 | Seed 2001 | Rate 0.01 | Train Loss: 0.0251 | Val Loss: 0.2428 | Acc (clean): 0.9930 | Acc (poison): 0.9872 | Val Acc: 0.9363 | Time: 00:00:12
Epoch 093 | Seed 2001 | Rate 0.01 | Train Loss: 0.0244 | Val Loss: 0.2429 | Acc (clean): 0.9933 | Acc (poison): 0.9877 | Val Acc: 0.9344 | Time: 00:00:13
Epoch 094 | Seed 2001 | Rate 0.01 | Train Loss: 0.0246 | Val Loss: 0.2481 | Acc (clean): 0.9935 | Acc (poison): 0.9877 | Val Acc: 0.9300 | Time: 00:00:12
Epoch 095 | Seed 2001 | Rate 0.01 | Train Loss: 0.0247 | Val Loss: 0.2431 | Acc (clean): 0.9927 | Acc (poison): 0.9870 | Val Acc: 0.9356 | Time: 00:00:12
Epoch 096 | Seed 2001 | Rate 0.01 | Train Loss: 0.0248 | Val Loss: 0.2509 | Acc (clean): 0.9933 | Acc (poison): 0.9875 | Val Acc: 0.9293 | Time: 00:00:13
Epoch 097 | Seed 2001 | Rate 0.01 | Train Loss: 0.0241 | Val Loss: 0.2432 | Acc (clean): 0.9930 | Acc (poison): 0.9876 | Val Acc: 0.9337 | Time: 00:00:12
Epoch 098 | Seed 2001 | Rate 0.01 | Train Loss: 0.0245 | Val Loss: 0.2469 | Acc (clean): 0.9930 | Acc (poison): 0.9876 | Val Acc: 0.9315 | Time: 00:00:12
Epoch 099 | Seed 2001 | Rate 0.01 | Train Loss: 0.0250 | Val Loss: 0.2487 | Acc (clean): 0.9930 | Acc (poison): 0.9873 | Val Acc: 0.9311 | Time: 00:00:12
Epoch 100 | Seed 2001 | Rate 0.01 | Train Loss: 0.0239 | Val Loss: 0.2410 | Acc (clean): 0.9937 | Acc (poison): 0.9878 | Val Acc: 0.9344 | Time: 00:00:12

=== defense=gce attack=RQ2 seed=2001 rate=0.02 ===
Loading train data from /home/yazanme/BachelorThesis/BachelorThesis/data/processed/resisc45/train.h5 with mapping /home/yazanme/BachelorThesis/BachelorThesis/data/processed/resisc45/poisoned/RQ2/seed_2001/labels_0.02.pt... (in_memory=True, workers=4)
Testing torch.compile support...
Successfully compiled model using torch.compile.
Epoch 001 | Seed 2001 | Rate 0.02 | Train Loss: 1.1082 | Val Loss: 5.4753 | Acc (clean): 0.2013 | Acc (poison): 0.2005 | Val Acc: 0.2196 | Time: 00:00:13
Epoch 002 | Seed 2001 | Rate 0.02 | Train Loss: 0.9445 | Val Loss: 5.1618 | Acc (clean): 0.3236 | Acc (poison): 0.3208 | Val Acc: 0.3330 | Time: 00:00:13
Epoch 003 | Seed 2001 | Rate 0.02 | Train Loss: 0.8550 | Val Loss: 6.0899 | Acc (clean): 0.3907 | Acc (poison): 0.3863 | Val Acc: 0.3004 | Time: 00:00:12
Epoch 004 | Seed 2001 | Rate 0.02 | Train Loss: 0.7984 | Val Loss: 4.2107 | Acc (clean): 0.4307 | Acc (poison): 0.4243 | Val Acc: 0.3785 | Time: 00:00:14
Epoch 005 | Seed 2001 | Rate 0.02 | Train Loss: 0.7321 | Val Loss: 3.1344 | Acc (clean): 0.4799 | Acc (poison): 0.4736 | Val Acc: 0.4930 | Time: 00:00:13
Epoch 006 | Seed 2001 | Rate 0.02 | Train Loss: 0.6840 | Val Loss: 4.9077 | Acc (clean): 0.5168 | Acc (poison): 0.5093 | Val Acc: 0.3478 | Time: 00:00:12
Epoch 007 | Seed 2001 | Rate 0.02 | Train Loss: 0.6452 | Val Loss: 2.7761 | Acc (clean): 0.5467 | Acc (poison): 0.5389 | Val Acc: 0.5093 | Time: 00:00:13
Epoch 008 | Seed 2001 | Rate 0.02 | Train Loss: 0.6047 | Val Loss: 2.4962 | Acc (clean): 0.5756 | Acc (poison): 0.5674 | Val Acc: 0.5137 | Time: 00:00:13
Epoch 009 | Seed 2001 | Rate 0.02 | Train Loss: 0.5528 | Val Loss: 2.2873 | Acc (clean): 0.6148 | Acc (poison): 0.6056 | Val Acc: 0.5637 | Time: 00:00:13
Epoch 010 | Seed 2001 | Rate 0.02 | Train Loss: 0.5152 | Val Loss: 2.6428 | Acc (clean): 0.6449 | Acc (poison): 0.6356 | Val Acc: 0.5022 | Time: 00:00:12
Epoch 011 | Seed 2001 | Rate 0.02 | Train Loss: 0.4816 | Val Loss: 2.1452 | Acc (clean): 0.6696 | Acc (poison): 0.6594 | Val Acc: 0.5815 | Time: 00:00:13
Epoch 012 | Seed 2001 | Rate 0.02 | Train Loss: 0.4465 | Val Loss: 2.3732 | Acc (clean): 0.6965 | Acc (poison): 0.6858 | Val Acc: 0.5785 | Time: 00:00:12
Epoch 013 | Seed 2001 | Rate 0.02 | Train Loss: 0.4328 | Val Loss: 1.7526 | Acc (clean): 0.7065 | Acc (poison): 0.6959 | Val Acc: 0.6167 | Time: 00:00:13
Epoch 014 | Seed 2001 | Rate 0.02 | Train Loss: 0.3987 | Val Loss: 1.8935 | Acc (clean): 0.7309 | Acc (poison): 0.7196 | Val Acc: 0.6204 | Time: 00:00:12
Epoch 015 | Seed 2001 | Rate 0.02 | Train Loss: 0.3734 | Val Loss: 1.2625 | Acc (clean): 0.7519 | Acc (poison): 0.7400 | Val Acc: 0.7119 | Time: 00:00:13
Epoch 016 | Seed 2001 | Rate 0.02 | Train Loss: 0.3543 | Val Loss: 1.4544 | Acc (clean): 0.7670 | Acc (poison): 0.7547 | Val Acc: 0.6726 | Time: 00:00:12
Epoch 017 | Seed 2001 | Rate 0.02 | Train Loss: 0.3359 | Val Loss: 1.1474 | Acc (clean): 0.7790 | Acc (poison): 0.7672 | Val Acc: 0.7204 | Time: 00:00:13
Epoch 018 | Seed 2001 | Rate 0.02 | Train Loss: 0.3265 | Val Loss: 1.1589 | Acc (clean): 0.7860 | Acc (poison): 0.7739 | Val Acc: 0.7263 | Time: 00:00:12
Epoch 019 | Seed 2001 | Rate 0.02 | Train Loss: 0.3139 | Val Loss: 1.2082 | Acc (clean): 0.7957 | Acc (poison): 0.7828 | Val Acc: 0.7219 | Time: 00:00:12
Epoch 020 | Seed 2001 | Rate 0.02 | Train Loss: 0.3043 | Val Loss: 2.2557 | Acc (clean): 0.8025 | Acc (poison): 0.7901 | Val Acc: 0.6074 | Time: 00:00:12
Epoch 021 | Seed 2001 | Rate 0.02 | Train Loss: 0.2943 | Val Loss: 1.9803 | Acc (clean): 0.8102 | Acc (poison): 0.7983 | Val Acc: 0.5978 | Time: 00:00:13
Epoch 022 | Seed 2001 | Rate 0.02 | Train Loss: 0.2872 | Val Loss: 1.3014 | Acc (clean): 0.8177 | Acc (poison): 0.8040 | Val Acc: 0.7111 | Time: 00:00:12
Epoch 023 | Seed 2001 | Rate 0.02 | Train Loss: 0.2734 | Val Loss: 1.3315 | Acc (clean): 0.8254 | Acc (poison): 0.8116 | Val Acc: 0.7181 | Time: 00:00:12
Epoch 024 | Seed 2001 | Rate 0.02 | Train Loss: 0.2716 | Val Loss: 0.9826 | Acc (clean): 0.8288 | Acc (poison): 0.8148 | Val Acc: 0.7700 | Time: 00:00:13
Epoch 025 | Seed 2001 | Rate 0.02 | Train Loss: 0.2696 | Val Loss: 1.3776 | Acc (clean): 0.8297 | Acc (poison): 0.8159 | Val Acc: 0.7019 | Time: 00:00:12
Epoch 026 | Seed 2001 | Rate 0.02 | Train Loss: 0.2579 | Val Loss: 1.0139 | Acc (clean): 0.8388 | Acc (poison): 0.8249 | Val Acc: 0.7570 | Time: 00:00:12
Epoch 027 | Seed 2001 | Rate 0.02 | Train Loss: 0.2540 | Val Loss: 1.0294 | Acc (clean): 0.8417 | Acc (poison): 0.8280 | Val Acc: 0.7719 | Time: 00:00:12
Epoch 028 | Seed 2001 | Rate 0.02 | Train Loss: 0.2492 | Val Loss: 1.1646 | Acc (clean): 0.8452 | Acc (poison): 0.8312 | Val Acc: 0.7389 | Time: 00:00:12
Epoch 029 | Seed 2001 | Rate 0.02 | Train Loss: 0.2443 | Val Loss: 1.2529 | Acc (clean): 0.8471 | Acc (poison): 0.8342 | Val Acc: 0.7207 | Time: 00:00:12
Epoch 030 | Seed 2001 | Rate 0.02 | Train Loss: 0.2452 | Val Loss: 1.2517 | Acc (clean): 0.8475 | Acc (poison): 0.8336 | Val Acc: 0.7315 | Time: 00:00:12
Epoch 031 | Seed 2001 | Rate 0.02 | Train Loss: 0.2442 | Val Loss: 1.1169 | Acc (clean): 0.8464 | Acc (poison): 0.8331 | Val Acc: 0.7578 | Time: 00:00:12
Epoch 032 | Seed 2001 | Rate 0.02 | Train Loss: 0.2310 | Val Loss: 1.0713 | Acc (clean): 0.8591 | Acc (poison): 0.8448 | Val Acc: 0.7400 | Time: 00:00:12
Epoch 033 | Seed 2001 | Rate 0.02 | Train Loss: 0.2297 | Val Loss: 1.0370 | Acc (clean): 0.8592 | Acc (poison): 0.8450 | Val Acc: 0.7626 | Time: 00:00:12
Epoch 034 | Seed 2001 | Rate 0.02 | Train Loss: 0.2326 | Val Loss: 1.1478 | Acc (clean): 0.8562 | Acc (poison): 0.8421 | Val Acc: 0.7456 | Time: 00:00:12
Epoch 035 | Seed 2001 | Rate 0.02 | Train Loss: 0.2317 | Val Loss: 1.3049 | Acc (clean): 0.8571 | Acc (poison): 0.8427 | Val Acc: 0.7267 | Time: 00:00:12
Epoch 036 | Seed 2001 | Rate 0.02 | Train Loss: 0.2232 | Val Loss: 1.0630 | Acc (clean): 0.8625 | Acc (poison): 0.8493 | Val Acc: 0.7593 | Time: 00:00:12
Epoch 037 | Seed 2001 | Rate 0.02 | Train Loss: 0.2198 | Val Loss: 1.4000 | Acc (clean): 0.8653 | Acc (poison): 0.8515 | Val Acc: 0.7004 | Time: 00:00:12
Epoch 038 | Seed 2001 | Rate 0.02 | Train Loss: 0.2205 | Val Loss: 1.1658 | Acc (clean): 0.8658 | Acc (poison): 0.8513 | Val Acc: 0.7370 | Time: 00:00:12
Epoch 039 | Seed 2001 | Rate 0.02 | Train Loss: 0.2147 | Val Loss: 1.2570 | Acc (clean): 0.8690 | Acc (poison): 0.8547 | Val Acc: 0.7285 | Time: 00:00:12
Epoch 040 | Seed 2001 | Rate 0.02 | Train Loss: 0.2158 | Val Loss: 0.9262 | Acc (clean): 0.8707 | Acc (poison): 0.8567 | Val Acc: 0.7859 | Time: 00:00:13
Epoch 041 | Seed 2001 | Rate 0.02 | Train Loss: 0.2162 | Val Loss: 1.0928 | Acc (clean): 0.8705 | Acc (poison): 0.8567 | Val Acc: 0.7422 | Time: 00:00:12
Epoch 042 | Seed 2001 | Rate 0.02 | Train Loss: 0.2113 | Val Loss: 1.0877 | Acc (clean): 0.8733 | Acc (poison): 0.8587 | Val Acc: 0.7537 | Time: 00:00:12
Epoch 043 | Seed 2001 | Rate 0.02 | Train Loss: 0.2114 | Val Loss: 1.1437 | Acc (clean): 0.8739 | Acc (poison): 0.8593 | Val Acc: 0.7415 | Time: 00:00:12
Epoch 044 | Seed 2001 | Rate 0.02 | Train Loss: 0.2080 | Val Loss: 0.9279 | Acc (clean): 0.8752 | Acc (poison): 0.8614 | Val Acc: 0.7893 | Time: 00:00:12
Epoch 045 | Seed 2001 | Rate 0.02 | Train Loss: 0.2097 | Val Loss: 1.0192 | Acc (clean): 0.8728 | Acc (poison): 0.8585 | Val Acc: 0.7841 | Time: 00:00:12
Epoch 046 | Seed 2001 | Rate 0.02 | Train Loss: 0.2026 | Val Loss: 1.4343 | Acc (clean): 0.8784 | Acc (poison): 0.8647 | Val Acc: 0.6993 | Time: 00:00:12
Epoch 047 | Seed 2001 | Rate 0.02 | Train Loss: 0.2065 | Val Loss: 0.9051 | Acc (clean): 0.8762 | Acc (poison): 0.8623 | Val Acc: 0.7841 | Time: 00:00:13
Epoch 048 | Seed 2001 | Rate 0.02 | Train Loss: 0.1998 | Val Loss: 0.8044 | Acc (clean): 0.8806 | Acc (poison): 0.8663 | Val Acc: 0.8063 | Time: 00:00:13
Epoch 049 | Seed 2001 | Rate 0.02 | Train Loss: 0.2000 | Val Loss: 0.9135 | Acc (clean): 0.8800 | Acc (poison): 0.8663 | Val Acc: 0.8015 | Time: 00:00:12
Epoch 050 | Seed 2001 | Rate 0.02 | Train Loss: 0.2012 | Val Loss: 0.8676 | Acc (clean): 0.8791 | Acc (poison): 0.8648 | Val Acc: 0.7878 | Time: 00:00:12
Epoch 051 | Seed 2001 | Rate 0.02 | Train Loss: 0.1247 | Val Loss: 0.3386 | Acc (clean): 0.9329 | Acc (poison): 0.9185 | Val Acc: 0.9137 | Time: 00:00:12
Epoch 052 | Seed 2001 | Rate 0.02 | Train Loss: 0.0972 | Val Loss: 0.3121 | Acc (clean): 0.9544 | Acc (poison): 0.9386 | Val Acc: 0.9181 | Time: 00:00:13
Epoch 053 | Seed 2001 | Rate 0.02 | Train Loss: 0.0898 | Val Loss: 0.3137 | Acc (clean): 0.9586 | Acc (poison): 0.9429 | Val Acc: 0.9204 | Time: 00:00:12
Epoch 054 | Seed 2001 | Rate 0.02 | Train Loss: 0.0831 | Val Loss: 0.3086 | Acc (clean): 0.9640 | Acc (poison): 0.9486 | Val Acc: 0.9207 | Time: 00:00:13
Epoch 055 | Seed 2001 | Rate 0.02 | Train Loss: 0.0798 | Val Loss: 0.2860 | Acc (clean): 0.9663 | Acc (poison): 0.9502 | Val Acc: 0.9259 | Time: 00:00:13
Epoch 056 | Seed 2001 | Rate 0.02 | Train Loss: 0.0766 | Val Loss: 0.2887 | Acc (clean): 0.9677 | Acc (poison): 0.9528 | Val Acc: 0.9259 | Time: 00:00:12
Epoch 057 | Seed 2001 | Rate 0.02 | Train Loss: 0.0723 | Val Loss: 0.2850 | Acc (clean): 0.9714 | Acc (poison): 0.9563 | Val Acc: 0.9278 | Time: 00:00:13
Epoch 058 | Seed 2001 | Rate 0.02 | Train Loss: 0.0689 | Val Loss: 0.2833 | Acc (clean): 0.9727 | Acc (poison): 0.9578 | Val Acc: 0.9248 | Time: 00:00:13
Epoch 059 | Seed 2001 | Rate 0.02 | Train Loss: 0.0665 | Val Loss: 0.2760 | Acc (clean): 0.9750 | Acc (poison): 0.9612 | Val Acc: 0.9285 | Time: 00:00:13
Epoch 060 | Seed 2001 | Rate 0.02 | Train Loss: 0.0643 | Val Loss: 0.2772 | Acc (clean): 0.9765 | Acc (poison): 0.9621 | Val Acc: 0.9315 | Time: 00:00:12
Epoch 061 | Seed 2001 | Rate 0.02 | Train Loss: 0.0632 | Val Loss: 0.2790 | Acc (clean): 0.9770 | Acc (poison): 0.9631 | Val Acc: 0.9270 | Time: 00:00:12
Epoch 062 | Seed 2001 | Rate 0.02 | Train Loss: 0.0602 | Val Loss: 0.2707 | Acc (clean): 0.9787 | Acc (poison): 0.9648 | Val Acc: 0.9259 | Time: 00:00:12
Epoch 063 | Seed 2001 | Rate 0.02 | Train Loss: 0.0583 | Val Loss: 0.2647 | Acc (clean): 0.9793 | Acc (poison): 0.9660 | Val Acc: 0.9289 | Time: 00:00:13
Epoch 064 | Seed 2001 | Rate 0.02 | Train Loss: 0.0570 | Val Loss: 0.2865 | Acc (clean): 0.9798 | Acc (poison): 0.9670 | Val Acc: 0.9281 | Time: 00:00:12
Epoch 065 | Seed 2001 | Rate 0.02 | Train Loss: 0.0564 | Val Loss: 0.2745 | Acc (clean): 0.9812 | Acc (poison): 0.9675 | Val Acc: 0.9285 | Time: 00:00:12
Epoch 066 | Seed 2001 | Rate 0.02 | Train Loss: 0.0544 | Val Loss: 0.2718 | Acc (clean): 0.9819 | Acc (poison): 0.9688 | Val Acc: 0.9293 | Time: 00:00:13
Epoch 067 | Seed 2001 | Rate 0.02 | Train Loss: 0.0524 | Val Loss: 0.2820 | Acc (clean): 0.9826 | Acc (poison): 0.9701 | Val Acc: 0.9274 | Time: 00:00:12
Epoch 068 | Seed 2001 | Rate 0.02 | Train Loss: 0.0520 | Val Loss: 0.2756 | Acc (clean): 0.9837 | Acc (poison): 0.9709 | Val Acc: 0.9300 | Time: 00:00:12
Epoch 069 | Seed 2001 | Rate 0.02 | Train Loss: 0.0498 | Val Loss: 0.2844 | Acc (clean): 0.9843 | Acc (poison): 0.9718 | Val Acc: 0.9278 | Time: 00:00:12
Epoch 070 | Seed 2001 | Rate 0.02 | Train Loss: 0.0488 | Val Loss: 0.2879 | Acc (clean): 0.9848 | Acc (poison): 0.9726 | Val Acc: 0.9252 | Time: 00:00:12
Epoch 071 | Seed 2001 | Rate 0.02 | Train Loss: 0.0482 | Val Loss: 0.2863 | Acc (clean): 0.9849 | Acc (poison): 0.9733 | Val Acc: 0.9285 | Time: 00:00:12
Epoch 072 | Seed 2001 | Rate 0.02 | Train Loss: 0.0471 | Val Loss: 0.2779 | Acc (clean): 0.9858 | Acc (poison): 0.9740 | Val Acc: 0.9281 | Time: 00:00:12
Epoch 073 | Seed 2001 | Rate 0.02 | Train Loss: 0.0466 | Val Loss: 0.2910 | Acc (clean): 0.9852 | Acc (poison): 0.9739 | Val Acc: 0.9241 | Time: 00:00:12
Epoch 074 | Seed 2001 | Rate 0.02 | Train Loss: 0.0453 | Val Loss: 0.2848 | Acc (clean): 0.9861 | Acc (poison): 0.9747 | Val Acc: 0.9263 | Time: 00:00:12
Epoch 075 | Seed 2001 | Rate 0.02 | Train Loss: 0.0448 | Val Loss: 0.2835 | Acc (clean): 0.9855 | Acc (poison): 0.9747 | Val Acc: 0.9274 | Time: 00:00:12
Epoch 076 | Seed 2001 | Rate 0.02 | Train Loss: 0.0408 | Val Loss: 0.2677 | Acc (clean): 0.9881 | Acc (poison): 0.9767 | Val Acc: 0.9315 | Time: 00:00:12
Epoch 077 | Seed 2001 | Rate 0.02 | Train Loss: 0.0385 | Val Loss: 0.2588 | Acc (clean): 0.9889 | Acc (poison): 0.9782 | Val Acc: 0.9333 | Time: 00:00:13
Epoch 078 | Seed 2001 | Rate 0.02 | Train Loss: 0.0379 | Val Loss: 0.2591 | Acc (clean): 0.9896 | Acc (poison): 0.9787 | Val Acc: 0.9326 | Time: 00:00:12
Epoch 079 | Seed 2001 | Rate 0.02 | Train Loss: 0.0375 | Val Loss: 0.2570 | Acc (clean): 0.9895 | Acc (poison): 0.9787 | Val Acc: 0.9326 | Time: 00:00:14
Epoch 080 | Seed 2001 | Rate 0.02 | Train Loss: 0.0371 | Val Loss: 0.2535 | Acc (clean): 0.9894 | Acc (poison): 0.9787 | Val Acc: 0.9337 | Time: 00:00:15
Epoch 081 | Seed 2001 | Rate 0.02 | Train Loss: 0.0370 | Val Loss: 0.2573 | Acc (clean): 0.9893 | Acc (poison): 0.9787 | Val Acc: 0.9344 | Time: 00:00:12
Epoch 082 | Seed 2001 | Rate 0.02 | Train Loss: 0.0370 | Val Loss: 0.2583 | Acc (clean): 0.9903 | Acc (poison): 0.9792 | Val Acc: 0.9333 | Time: 00:00:12
Epoch 083 | Seed 2001 | Rate 0.02 | Train Loss: 0.0369 | Val Loss: 0.2546 | Acc (clean): 0.9898 | Acc (poison): 0.9787 | Val Acc: 0.9363 | Time: 00:00:13
Epoch 084 | Seed 2001 | Rate 0.02 | Train Loss: 0.0363 | Val Loss: 0.2553 | Acc (clean): 0.9896 | Acc (poison): 0.9793 | Val Acc: 0.9330 | Time: 00:00:12
Epoch 085 | Seed 2001 | Rate 0.02 | Train Loss: 0.0367 | Val Loss: 0.2567 | Acc (clean): 0.9893 | Acc (poison): 0.9789 | Val Acc: 0.9319 | Time: 00:00:12
Epoch 086 | Seed 2001 | Rate 0.02 | Train Loss: 0.0365 | Val Loss: 0.2591 | Acc (clean): 0.9903 | Acc (poison): 0.9792 | Val Acc: 0.9319 | Time: 00:00:12
Epoch 087 | Seed 2001 | Rate 0.02 | Train Loss: 0.0365 | Val Loss: 0.2596 | Acc (clean): 0.9898 | Acc (poison): 0.9789 | Val Acc: 0.9304 | Time: 00:00:13
Epoch 088 | Seed 2001 | Rate 0.02 | Train Loss: 0.0357 | Val Loss: 0.2553 | Acc (clean): 0.9901 | Acc (poison): 0.9794 | Val Acc: 0.9307 | Time: 00:00:12
Epoch 089 | Seed 2001 | Rate 0.02 | Train Loss: 0.0357 | Val Loss: 0.2612 | Acc (clean): 0.9902 | Acc (poison): 0.9794 | Val Acc: 0.9285 | Time: 00:00:12
Epoch 090 | Seed 2001 | Rate 0.02 | Train Loss: 0.0359 | Val Loss: 0.2562 | Acc (clean): 0.9896 | Acc (poison): 0.9793 | Val Acc: 0.9341 | Time: 00:00:12
Epoch 091 | Seed 2001 | Rate 0.02 | Train Loss: 0.0355 | Val Loss: 0.2572 | Acc (clean): 0.9901 | Acc (poison): 0.9798 | Val Acc: 0.9322 | Time: 00:00:13
Epoch 092 | Seed 2001 | Rate 0.02 | Train Loss: 0.0357 | Val Loss: 0.2561 | Acc (clean): 0.9903 | Acc (poison): 0.9800 | Val Acc: 0.9307 | Time: 00:00:13
Epoch 093 | Seed 2001 | Rate 0.02 | Train Loss: 0.0353 | Val Loss: 0.2523 | Acc (clean): 0.9903 | Acc (poison): 0.9799 | Val Acc: 0.9322 | Time: 00:00:13
Epoch 094 | Seed 2001 | Rate 0.02 | Train Loss: 0.0352 | Val Loss: 0.2569 | Acc (clean): 0.9902 | Acc (poison): 0.9798 | Val Acc: 0.9322 | Time: 00:00:12
Epoch 095 | Seed 2001 | Rate 0.02 | Train Loss: 0.0353 | Val Loss: 0.2517 | Acc (clean): 0.9900 | Acc (poison): 0.9798 | Val Acc: 0.9337 | Time: 00:00:13
Epoch 096 | Seed 2001 | Rate 0.02 | Train Loss: 0.0358 | Val Loss: 0.2574 | Acc (clean): 0.9900 | Acc (poison): 0.9797 | Val Acc: 0.9311 | Time: 00:00:12
Epoch 097 | Seed 2001 | Rate 0.02 | Train Loss: 0.0348 | Val Loss: 0.2491 | Acc (clean): 0.9908 | Acc (poison): 0.9802 | Val Acc: 0.9370 | Time: 00:00:13
Epoch 098 | Seed 2001 | Rate 0.02 | Train Loss: 0.0352 | Val Loss: 0.2563 | Acc (clean): 0.9900 | Acc (poison): 0.9798 | Val Acc: 0.9330 | Time: 00:00:12
Epoch 099 | Seed 2001 | Rate 0.02 | Train Loss: 0.0353 | Val Loss: 0.2610 | Acc (clean): 0.9905 | Acc (poison): 0.9801 | Val Acc: 0.9311 | Time: 00:00:12
Epoch 100 | Seed 2001 | Rate 0.02 | Train Loss: 0.0348 | Val Loss: 0.2511 | Acc (clean): 0.9901 | Acc (poison): 0.9799 | Val Acc: 0.9344 | Time: 00:00:13

=== defense=gce attack=RQ2 seed=2001 rate=0.05 ===
Loading train data from /home/yazanme/BachelorThesis/BachelorThesis/data/processed/resisc45/train.h5 with mapping /home/yazanme/BachelorThesis/BachelorThesis/data/processed/resisc45/poisoned/RQ2/seed_2001/labels_0.05.pt... (in_memory=True, workers=4)
Testing torch.compile support...
Successfully compiled model using torch.compile.
Epoch 001 | Seed 2001 | Rate 0.05 | Train Loss: 1.1039 | Val Loss: 5.3537 | Acc (clean): 0.2070 | Acc (poison): 0.2035 | Val Acc: 0.2348 | Time: 00:00:13
Epoch 002 | Seed 2001 | Rate 0.05 | Train Loss: 0.9633 | Val Loss: 5.9376 | Acc (clean): 0.3170 | Acc (poison): 0.3090 | Val Acc: 0.2815 | Time: 00:00:12
Epoch 003 | Seed 2001 | Rate 0.05 | Train Loss: 0.8869 | Val Loss: 5.4350 | Acc (clean): 0.3751 | Acc (poison): 0.3640 | Val Acc: 0.3196 | Time: 00:00:12
Epoch 004 | Seed 2001 | Rate 0.05 | Train Loss: 0.8274 | Val Loss: 4.8889 | Acc (clean): 0.4194 | Acc (poison): 0.4057 | Val Acc: 0.3359 | Time: 00:00:13
Epoch 005 | Seed 2001 | Rate 0.05 | Train Loss: 0.7685 | Val Loss: 4.0564 | Acc (clean): 0.4636 | Acc (poison): 0.4473 | Val Acc: 0.3937 | Time: 00:00:13
Epoch 006 | Seed 2001 | Rate 0.05 | Train Loss: 0.7143 | Val Loss: 4.0094 | Acc (clean): 0.5041 | Acc (poison): 0.4865 | Val Acc: 0.4263 | Time: 00:00:14
Epoch 007 | Seed 2001 | Rate 0.05 | Train Loss: 0.6720 | Val Loss: 2.9092 | Acc (clean): 0.5382 | Acc (poison): 0.5186 | Val Acc: 0.4885 | Time: 00:00:13
Epoch 008 | Seed 2001 | Rate 0.05 | Train Loss: 0.6297 | Val Loss: 2.7322 | Acc (clean): 0.5701 | Acc (poison): 0.5485 | Val Acc: 0.5267 | Time: 00:00:13
Epoch 009 | Seed 2001 | Rate 0.05 | Train Loss: 0.5905 | Val Loss: 2.7145 | Acc (clean): 0.6028 | Acc (poison): 0.5794 | Val Acc: 0.5300 | Time: 00:00:13
Epoch 010 | Seed 2001 | Rate 0.05 | Train Loss: 0.5654 | Val Loss: 2.3762 | Acc (clean): 0.6237 | Acc (poison): 0.5977 | Val Acc: 0.5356 | Time: 00:00:13
Epoch 011 | Seed 2001 | Rate 0.05 | Train Loss: 0.5360 | Val Loss: 2.0242 | Acc (clean): 0.6452 | Acc (poison): 0.6200 | Val Acc: 0.5941 | Time: 00:00:14
Epoch 012 | Seed 2001 | Rate 0.05 | Train Loss: 0.5023 | Val Loss: 1.9102 | Acc (clean): 0.6744 | Acc (poison): 0.6454 | Val Acc: 0.6100 | Time: 00:00:13
Epoch 013 | Seed 2001 | Rate 0.05 | Train Loss: 0.4808 | Val Loss: 1.7731 | Acc (clean): 0.6889 | Acc (poison): 0.6612 | Val Acc: 0.6352 | Time: 00:00:13
Epoch 014 | Seed 2001 | Rate 0.05 | Train Loss: 0.4365 | Val Loss: 2.1594 | Acc (clean): 0.7244 | Acc (poison): 0.6951 | Val Acc: 0.5570 | Time: 00:00:12
Epoch 015 | Seed 2001 | Rate 0.05 | Train Loss: 0.4136 | Val Loss: 1.3008 | Acc (clean): 0.7430 | Acc (poison): 0.7113 | Val Acc: 0.6859 | Time: 00:00:13
Epoch 016 | Seed 2001 | Rate 0.05 | Train Loss: 0.3949 | Val Loss: 1.3837 | Acc (clean): 0.7561 | Acc (poison): 0.7237 | Val Acc: 0.6767 | Time: 00:00:12
Epoch 017 | Seed 2001 | Rate 0.05 | Train Loss: 0.3754 | Val Loss: 1.0835 | Acc (clean): 0.7716 | Acc (poison): 0.7396 | Val Acc: 0.7285 | Time: 00:00:13
Epoch 018 | Seed 2001 | Rate 0.05 | Train Loss: 0.3688 | Val Loss: 1.5729 | Acc (clean): 0.7768 | Acc (poison): 0.7433 | Val Acc: 0.6711 | Time: 00:00:12
Epoch 019 | Seed 2001 | Rate 0.05 | Train Loss: 0.3503 | Val Loss: 1.3220 | Acc (clean): 0.7916 | Acc (poison): 0.7581 | Val Acc: 0.7030 | Time: 00:00:12
Epoch 020 | Seed 2001 | Rate 0.05 | Train Loss: 0.3418 | Val Loss: 1.2457 | Acc (clean): 0.7959 | Acc (poison): 0.7630 | Val Acc: 0.7159 | Time: 00:00:12
Epoch 021 | Seed 2001 | Rate 0.05 | Train Loss: 0.3303 | Val Loss: 1.5807 | Acc (clean): 0.8051 | Acc (poison): 0.7710 | Val Acc: 0.6704 | Time: 00:00:12
Epoch 022 | Seed 2001 | Rate 0.05 | Train Loss: 0.3326 | Val Loss: 1.3212 | Acc (clean): 0.8046 | Acc (poison): 0.7714 | Val Acc: 0.6963 | Time: 00:00:12
Epoch 023 | Seed 2001 | Rate 0.05 | Train Loss: 0.3133 | Val Loss: 1.5729 | Acc (clean): 0.8168 | Acc (poison): 0.7830 | Val Acc: 0.6604 | Time: 00:00:12
Epoch 024 | Seed 2001 | Rate 0.05 | Train Loss: 0.3053 | Val Loss: 1.2518 | Acc (clean): 0.8249 | Acc (poison): 0.7903 | Val Acc: 0.7244 | Time: 00:00:12
Epoch 025 | Seed 2001 | Rate 0.05 | Train Loss: 0.3005 | Val Loss: 2.0738 | Acc (clean): 0.8285 | Acc (poison): 0.7936 | Val Acc: 0.6004 | Time: 00:00:12
Epoch 026 | Seed 2001 | Rate 0.05 | Train Loss: 0.3009 | Val Loss: 1.2101 | Acc (clean): 0.8277 | Acc (poison): 0.7924 | Val Acc: 0.7326 | Time: 00:00:12
Epoch 027 | Seed 2001 | Rate 0.05 | Train Loss: 0.2923 | Val Loss: 1.0018 | Acc (clean): 0.8345 | Acc (poison): 0.7984 | Val Acc: 0.7748 | Time: 00:00:13
Epoch 028 | Seed 2001 | Rate 0.05 | Train Loss: 0.2854 | Val Loss: 1.2665 | Acc (clean): 0.8405 | Acc (poison): 0.8049 | Val Acc: 0.7285 | Time: 00:00:12
Epoch 029 | Seed 2001 | Rate 0.05 | Train Loss: 0.2800 | Val Loss: 1.1023 | Acc (clean): 0.8452 | Acc (poison): 0.8095 | Val Acc: 0.7448 | Time: 00:00:12
Epoch 030 | Seed 2001 | Rate 0.05 | Train Loss: 0.2840 | Val Loss: 1.0134 | Acc (clean): 0.8392 | Acc (poison): 0.8038 | Val Acc: 0.7548 | Time: 00:00:12
Epoch 031 | Seed 2001 | Rate 0.05 | Train Loss: 0.2811 | Val Loss: 1.1161 | Acc (clean): 0.8432 | Acc (poison): 0.8071 | Val Acc: 0.7559 | Time: 00:00:12
Epoch 032 | Seed 2001 | Rate 0.05 | Train Loss: 0.2742 | Val Loss: 1.0777 | Acc (clean): 0.8479 | Acc (poison): 0.8136 | Val Acc: 0.7496 | Time: 00:00:12
Epoch 033 | Seed 2001 | Rate 0.05 | Train Loss: 0.2724 | Val Loss: 1.0803 | Acc (clean): 0.8495 | Acc (poison): 0.8136 | Val Acc: 0.7319 | Time: 00:00:12
Epoch 034 | Seed 2001 | Rate 0.05 | Train Loss: 0.2673 | Val Loss: 0.9722 | Acc (clean): 0.8537 | Acc (poison): 0.8184 | Val Acc: 0.7700 | Time: 00:00:13
Epoch 035 | Seed 2001 | Rate 0.05 | Train Loss: 0.2647 | Val Loss: 0.8800 | Acc (clean): 0.8548 | Acc (poison): 0.8196 | Val Acc: 0.7889 | Time: 00:00:13
Epoch 036 | Seed 2001 | Rate 0.05 | Train Loss: 0.2629 | Val Loss: 1.4202 | Acc (clean): 0.8558 | Acc (poison): 0.8204 | Val Acc: 0.6985 | Time: 00:00:12
Epoch 037 | Seed 2001 | Rate 0.05 | Train Loss: 0.2612 | Val Loss: 1.2926 | Acc (clean): 0.8586 | Acc (poison): 0.8230 | Val Acc: 0.7374 | Time: 00:00:12
Epoch 038 | Seed 2001 | Rate 0.05 | Train Loss: 0.2561 | Val Loss: 1.2603 | Acc (clean): 0.8622 | Acc (poison): 0.8259 | Val Acc: 0.7341 | Time: 00:00:12
Epoch 039 | Seed 2001 | Rate 0.05 | Train Loss: 0.2561 | Val Loss: 1.3792 | Acc (clean): 0.8637 | Acc (poison): 0.8269 | Val Acc: 0.7104 | Time: 00:00:12
Epoch 040 | Seed 2001 | Rate 0.05 | Train Loss: 0.2602 | Val Loss: 1.2395 | Acc (clean): 0.8595 | Acc (poison): 0.8227 | Val Acc: 0.7207 | Time: 00:00:12
Epoch 041 | Seed 2001 | Rate 0.05 | Train Loss: 0.2537 | Val Loss: 1.0018 | Acc (clean): 0.8642 | Acc (poison): 0.8267 | Val Acc: 0.7711 | Time: 00:00:12
Epoch 042 | Seed 2001 | Rate 0.05 | Train Loss: 0.2466 | Val Loss: 0.9281 | Acc (clean): 0.8700 | Acc (poison): 0.8335 | Val Acc: 0.7681 | Time: 00:00:12
Epoch 043 | Seed 2001 | Rate 0.05 | Train Loss: 0.2469 | Val Loss: 1.1768 | Acc (clean): 0.8699 | Acc (poison): 0.8329 | Val Acc: 0.7315 | Time: 00:00:12
Epoch 044 | Seed 2001 | Rate 0.05 | Train Loss: 0.2547 | Val Loss: 1.3347 | Acc (clean): 0.8633 | Acc (poison): 0.8274 | Val Acc: 0.7196 | Time: 00:00:12
Epoch 045 | Seed 2001 | Rate 0.05 | Train Loss: 0.2472 | Val Loss: 0.9800 | Acc (clean): 0.8670 | Acc (poison): 0.8316 | Val Acc: 0.7667 | Time: 00:00:12
Epoch 046 | Seed 2001 | Rate 0.05 | Train Loss: 0.2430 | Val Loss: 1.2556 | Acc (clean): 0.8728 | Acc (poison): 0.8365 | Val Acc: 0.7507 | Time: 00:00:12
Epoch 047 | Seed 2001 | Rate 0.05 | Train Loss: 0.2414 | Val Loss: 0.8185 | Acc (clean): 0.8725 | Acc (poison): 0.8364 | Val Acc: 0.8015 | Time: 00:00:13
Epoch 048 | Seed 2001 | Rate 0.05 | Train Loss: 0.2418 | Val Loss: 0.9191 | Acc (clean): 0.8730 | Acc (poison): 0.8364 | Val Acc: 0.7781 | Time: 00:00:12
Epoch 049 | Seed 2001 | Rate 0.05 | Train Loss: 0.2383 | Val Loss: 0.9273 | Acc (clean): 0.8762 | Acc (poison): 0.8398 | Val Acc: 0.7763 | Time: 00:00:12
Epoch 050 | Seed 2001 | Rate 0.05 | Train Loss: 0.2408 | Val Loss: 1.4023 | Acc (clean): 0.8746 | Acc (poison): 0.8374 | Val Acc: 0.6967 | Time: 00:00:12
Epoch 051 | Seed 2001 | Rate 0.05 | Train Loss: 0.1668 | Val Loss: 0.3465 | Acc (clean): 0.9293 | Acc (poison): 0.8904 | Val Acc: 0.9122 | Time: 00:00:13
Epoch 052 | Seed 2001 | Rate 0.05 | Train Loss: 0.1377 | Val Loss: 0.3179 | Acc (clean): 0.9486 | Acc (poison): 0.9099 | Val Acc: 0.9152 | Time: 00:00:13
Epoch 053 | Seed 2001 | Rate 0.05 | Train Loss: 0.1302 | Val Loss: 0.3321 | Acc (clean): 0.9542 | Acc (poison): 0.9152 | Val Acc: 0.9122 | Time: 00:00:12
Epoch 054 | Seed 2001 | Rate 0.05 | Train Loss: 0.1241 | Val Loss: 0.3178 | Acc (clean): 0.9576 | Acc (poison): 0.9188 | Val Acc: 0.9159 | Time: 00:00:13
Epoch 055 | Seed 2001 | Rate 0.05 | Train Loss: 0.1185 | Val Loss: 0.2949 | Acc (clean): 0.9605 | Acc (poison): 0.9234 | Val Acc: 0.9189 | Time: 00:00:13
Epoch 056 | Seed 2001 | Rate 0.05 | Train Loss: 0.1149 | Val Loss: 0.2965 | Acc (clean): 0.9630 | Acc (poison): 0.9259 | Val Acc: 0.9181 | Time: 00:00:12
Epoch 057 | Seed 2001 | Rate 0.05 | Train Loss: 0.1117 | Val Loss: 0.3059 | Acc (clean): 0.9656 | Acc (poison): 0.9284 | Val Acc: 0.9178 | Time: 00:00:12
Epoch 058 | Seed 2001 | Rate 0.05 | Train Loss: 0.1096 | Val Loss: 0.2936 | Acc (clean): 0.9658 | Acc (poison): 0.9295 | Val Acc: 0.9204 | Time: 00:00:13
Epoch 059 | Seed 2001 | Rate 0.05 | Train Loss: 0.1063 | Val Loss: 0.3043 | Acc (clean): 0.9670 | Acc (poison): 0.9313 | Val Acc: 0.9200 | Time: 00:00:12
Epoch 060 | Seed 2001 | Rate 0.05 | Train Loss: 0.1029 | Val Loss: 0.3005 | Acc (clean): 0.9700 | Acc (poison): 0.9351 | Val Acc: 0.9189 | Time: 00:00:12
Epoch 061 | Seed 2001 | Rate 0.05 | Train Loss: 0.1014 | Val Loss: 0.3165 | Acc (clean): 0.9707 | Acc (poison): 0.9357 | Val Acc: 0.9167 | Time: 00:00:12
Epoch 062 | Seed 2001 | Rate 0.05 | Train Loss: 0.0978 | Val Loss: 0.3013 | Acc (clean): 0.9723 | Acc (poison): 0.9387 | Val Acc: 0.9237 | Time: 00:00:12
Epoch 063 | Seed 2001 | Rate 0.05 | Train Loss: 0.0965 | Val Loss: 0.2852 | Acc (clean): 0.9731 | Acc (poison): 0.9394 | Val Acc: 0.9241 | Time: 00:00:13
Epoch 064 | Seed 2001 | Rate 0.05 | Train Loss: 0.0940 | Val Loss: 0.2907 | Acc (clean): 0.9740 | Acc (poison): 0.9414 | Val Acc: 0.9233 | Time: 00:00:12
Epoch 065 | Seed 2001 | Rate 0.05 | Train Loss: 0.0930 | Val Loss: 0.3023 | Acc (clean): 0.9725 | Acc (poison): 0.9412 | Val Acc: 0.9148 | Time: 00:00:12
Epoch 066 | Seed 2001 | Rate 0.05 | Train Loss: 0.0914 | Val Loss: 0.3001 | Acc (clean): 0.9751 | Acc (poison): 0.9431 | Val Acc: 0.9185 | Time: 00:00:12
Epoch 067 | Seed 2001 | Rate 0.05 | Train Loss: 0.0895 | Val Loss: 0.2980 | Acc (clean): 0.9743 | Acc (poison): 0.9449 | Val Acc: 0.9263 | Time: 00:00:12
Epoch 068 | Seed 2001 | Rate 0.05 | Train Loss: 0.0880 | Val Loss: 0.2875 | Acc (clean): 0.9760 | Acc (poison): 0.9458 | Val Acc: 0.9256 | Time: 00:00:12
Epoch 069 | Seed 2001 | Rate 0.05 | Train Loss: 0.0854 | Val Loss: 0.2943 | Acc (clean): 0.9767 | Acc (poison): 0.9469 | Val Acc: 0.9215 | Time: 00:00:12
Epoch 070 | Seed 2001 | Rate 0.05 | Train Loss: 0.0847 | Val Loss: 0.2953 | Acc (clean): 0.9768 | Acc (poison): 0.9477 | Val Acc: 0.9233 | Time: 00:00:12
Epoch 071 | Seed 2001 | Rate 0.05 | Train Loss: 0.0845 | Val Loss: 0.2933 | Acc (clean): 0.9761 | Acc (poison): 0.9479 | Val Acc: 0.9248 | Time: 00:00:12
Epoch 072 | Seed 2001 | Rate 0.05 | Train Loss: 0.0828 | Val Loss: 0.3100 | Acc (clean): 0.9764 | Acc (poison): 0.9487 | Val Acc: 0.9207 | Time: 00:00:12
Epoch 073 | Seed 2001 | Rate 0.05 | Train Loss: 0.0824 | Val Loss: 0.3145 | Acc (clean): 0.9760 | Acc (poison): 0.9490 | Val Acc: 0.9200 | Time: 00:00:12
Epoch 074 | Seed 2001 | Rate 0.05 | Train Loss: 0.0803 | Val Loss: 0.3032 | Acc (clean): 0.9767 | Acc (poison): 0.9505 | Val Acc: 0.9141 | Time: 00:00:12
Epoch 075 | Seed 2001 | Rate 0.05 | Train Loss: 0.0802 | Val Loss: 0.3481 | Acc (clean): 0.9760 | Acc (poison): 0.9502 | Val Acc: 0.9122 | Time: 00:00:12
Epoch 076 | Seed 2001 | Rate 0.05 | Train Loss: 0.0743 | Val Loss: 0.2868 | Acc (clean): 0.9779 | Acc (poison): 0.9542 | Val Acc: 0.9230 | Time: 00:00:12
Epoch 077 | Seed 2001 | Rate 0.05 | Train Loss: 0.0718 | Val Loss: 0.2757 | Acc (clean): 0.9794 | Acc (poison): 0.9553 | Val Acc: 0.9270 | Time: 00:00:13
Epoch 078 | Seed 2001 | Rate 0.05 | Train Loss: 0.0707 | Val Loss: 0.2752 | Acc (clean): 0.9798 | Acc (poison): 0.9557 | Val Acc: 0.9278 | Time: 00:00:13
Epoch 079 | Seed 2001 | Rate 0.05 | Train Loss: 0.0704 | Val Loss: 0.2821 | Acc (clean): 0.9798 | Acc (poison): 0.9561 | Val Acc: 0.9267 | Time: 00:00:12
Epoch 080 | Seed 2001 | Rate 0.05 | Train Loss: 0.0703 | Val Loss: 0.2718 | Acc (clean): 0.9789 | Acc (poison): 0.9558 | Val Acc: 0.9274 | Time: 00:00:13
Epoch 081 | Seed 2001 | Rate 0.05 | Train Loss: 0.0691 | Val Loss: 0.2791 | Acc (clean): 0.9801 | Acc (poison): 0.9568 | Val Acc: 0.9244 | Time: 00:00:12
Epoch 082 | Seed 2001 | Rate 0.05 | Train Loss: 0.0690 | Val Loss: 0.2821 | Acc (clean): 0.9798 | Acc (poison): 0.9566 | Val Acc: 0.9281 | Time: 00:00:12
Epoch 083 | Seed 2001 | Rate 0.05 | Train Loss: 0.0686 | Val Loss: 0.2804 | Acc (clean): 0.9799 | Acc (poison): 0.9570 | Val Acc: 0.9252 | Time: 00:00:12
Epoch 084 | Seed 2001 | Rate 0.05 | Train Loss: 0.0689 | Val Loss: 0.2723 | Acc (clean): 0.9791 | Acc (poison): 0.9570 | Val Acc: 0.9270 | Time: 00:00:12
Epoch 085 | Seed 2001 | Rate 0.05 | Train Loss: 0.0684 | Val Loss: 0.2811 | Acc (clean): 0.9798 | Acc (poison): 0.9568 | Val Acc: 0.9241 | Time: 00:00:12
Epoch 086 | Seed 2001 | Rate 0.05 | Train Loss: 0.0686 | Val Loss: 0.2756 | Acc (clean): 0.9793 | Acc (poison): 0.9569 | Val Acc: 0.9278 | Time: 00:00:12
Epoch 087 | Seed 2001 | Rate 0.05 | Train Loss: 0.0679 | Val Loss: 0.2796 | Acc (clean): 0.9799 | Acc (poison): 0.9574 | Val Acc: 0.9263 | Time: 00:00:12
Epoch 088 | Seed 2001 | Rate 0.05 | Train Loss: 0.0673 | Val Loss: 0.2778 | Acc (clean): 0.9799 | Acc (poison): 0.9577 | Val Acc: 0.9259 | Time: 00:00:12
Epoch 089 | Seed 2001 | Rate 0.05 | Train Loss: 0.0668 | Val Loss: 0.2826 | Acc (clean): 0.9798 | Acc (poison): 0.9582 | Val Acc: 0.9241 | Time: 00:00:12
Epoch 090 | Seed 2001 | Rate 0.05 | Train Loss: 0.0672 | Val Loss: 0.2822 | Acc (clean): 0.9793 | Acc (poison): 0.9577 | Val Acc: 0.9263 | Time: 00:00:12
Epoch 091 | Seed 2001 | Rate 0.05 | Train Loss: 0.0671 | Val Loss: 0.2794 | Acc (clean): 0.9799 | Acc (poison): 0.9577 | Val Acc: 0.9241 | Time: 00:00:13
Epoch 092 | Seed 2001 | Rate 0.05 | Train Loss: 0.0673 | Val Loss: 0.2818 | Acc (clean): 0.9795 | Acc (poison): 0.9581 | Val Acc: 0.9270 | Time: 00:00:12
Epoch 093 | Seed 2001 | Rate 0.05 | Train Loss: 0.0665 | Val Loss: 0.2834 | Acc (clean): 0.9799 | Acc (poison): 0.9585 | Val Acc: 0.9259 | Time: 00:00:12
Epoch 094 | Seed 2001 | Rate 0.05 | Train Loss: 0.0668 | Val Loss: 0.2940 | Acc (clean): 0.9800 | Acc (poison): 0.9585 | Val Acc: 0.9215 | Time: 00:00:12
Epoch 095 | Seed 2001 | Rate 0.05 | Train Loss: 0.0660 | Val Loss: 0.2860 | Acc (clean): 0.9796 | Acc (poison): 0.9588 | Val Acc: 0.9259 | Time: 00:00:12
Epoch 096 | Seed 2001 | Rate 0.05 | Train Loss: 0.0664 | Val Loss: 0.2928 | Acc (clean): 0.9793 | Acc (poison): 0.9585 | Val Acc: 0.9215 | Time: 00:00:13
Epoch 097 | Seed 2001 | Rate 0.05 | Train Loss: 0.0654 | Val Loss: 0.2787 | Acc (clean): 0.9796 | Acc (poison): 0.9590 | Val Acc: 0.9252 | Time: 00:00:12
Epoch 098 | Seed 2001 | Rate 0.05 | Train Loss: 0.0657 | Val Loss: 0.2883 | Acc (clean): 0.9796 | Acc (poison): 0.9591 | Val Acc: 0.9241 | Time: 00:00:12
Epoch 099 | Seed 2001 | Rate 0.05 | Train Loss: 0.0662 | Val Loss: 0.2946 | Acc (clean): 0.9795 | Acc (poison): 0.9585 | Val Acc: 0.9237 | Time: 00:00:12
Epoch 100 | Seed 2001 | Rate 0.05 | Train Loss: 0.0649 | Val Loss: 0.2826 | Acc (clean): 0.9793 | Acc (poison): 0.9594 | Val Acc: 0.9263 | Time: 00:00:12

=== defense=gce attack=RQ2 seed=2001 rate=0.1 ===
Loading train data from /home/yazanme/BachelorThesis/BachelorThesis/data/processed/resisc45/train.h5 with mapping /home/yazanme/BachelorThesis/BachelorThesis/data/processed/resisc45/poisoned/RQ2/seed_2001/labels_0.10.pt... (in_memory=True, workers=4)
Testing torch.compile support...
Successfully compiled model using torch.compile.
Epoch 001 | Seed 2001 | Rate 0.10 | Train Loss: 1.1409 | Val Loss: 5.3243 | Acc (clean): 0.1819 | Acc (poison): 0.1778 | Val Acc: 0.2022 | Time: 00:00:14
Epoch 002 | Seed 2001 | Rate 0.10 | Train Loss: 1.0125 | Val Loss: 5.8224 | Acc (clean): 0.2832 | Acc (poison): 0.2703 | Val Acc: 0.3007 | Time: 00:00:12
Epoch 003 | Seed 2001 | Rate 0.10 | Train Loss: 0.9238 | Val Loss: 5.2776 | Acc (clean): 0.3545 | Acc (poison): 0.3359 | Val Acc: 0.3059 | Time: 00:00:13
Epoch 004 | Seed 2001 | Rate 0.10 | Train Loss: 0.8754 | Val Loss: 6.0192 | Acc (clean): 0.3967 | Acc (poison): 0.3698 | Val Acc: 0.3252 | Time: 00:00:12
Epoch 005 | Seed 2001 | Rate 0.10 | Train Loss: 0.8171 | Val Loss: 4.4546 | Acc (clean): 0.4401 | Acc (poison): 0.4128 | Val Acc: 0.3696 | Time: 00:00:13
Epoch 006 | Seed 2001 | Rate 0.10 | Train Loss: 0.7818 | Val Loss: 4.3432 | Acc (clean): 0.4719 | Acc (poison): 0.4390 | Val Acc: 0.3670 | Time: 00:00:13
Epoch 007 | Seed 2001 | Rate 0.10 | Train Loss: 0.7408 | Val Loss: 5.0747 | Acc (clean): 0.5053 | Acc (poison): 0.4681 | Val Acc: 0.3415 | Time: 00:00:12
Epoch 008 | Seed 2001 | Rate 0.10 | Train Loss: 0.7013 | Val Loss: 3.5335 | Acc (clean): 0.5371 | Acc (poison): 0.4979 | Val Acc: 0.4389 | Time: 00:00:13
Epoch 009 | Seed 2001 | Rate 0.10 | Train Loss: 0.6786 | Val Loss: 4.7512 | Acc (clean): 0.5545 | Acc (poison): 0.5144 | Val Acc: 0.3467 | Time: 00:00:12
Epoch 010 | Seed 2001 | Rate 0.10 | Train Loss: 0.6562 | Val Loss: 2.7292 | Acc (clean): 0.5742 | Acc (poison): 0.5314 | Val Acc: 0.5307 | Time: 00:00:13
Epoch 011 | Seed 2001 | Rate 0.10 | Train Loss: 0.6251 | Val Loss: 2.2329 | Acc (clean): 0.6012 | Acc (poison): 0.5566 | Val Acc: 0.5574 | Time: 00:00:13
Epoch 012 | Seed 2001 | Rate 0.10 | Train Loss: 0.5916 | Val Loss: 2.3261 | Acc (clean): 0.6274 | Acc (poison): 0.5795 | Val Acc: 0.5507 | Time: 00:00:12
Epoch 013 | Seed 2001 | Rate 0.10 | Train Loss: 0.5591 | Val Loss: 2.2930 | Acc (clean): 0.6582 | Acc (poison): 0.6052 | Val Acc: 0.5878 | Time: 00:00:12
Epoch 014 | Seed 2001 | Rate 0.10 | Train Loss: 0.5302 | Val Loss: 2.0269 | Acc (clean): 0.6774 | Acc (poison): 0.6246 | Val Acc: 0.5885 | Time: 00:00:13
Epoch 015 | Seed 2001 | Rate 0.10 | Train Loss: 0.5068 | Val Loss: 1.9618 | Acc (clean): 0.6981 | Acc (poison): 0.6435 | Val Acc: 0.6104 | Time: 00:00:13
Epoch 016 | Seed 2001 | Rate 0.10 | Train Loss: 0.4869 | Val Loss: 2.0690 | Acc (clean): 0.7161 | Acc (poison): 0.6577 | Val Acc: 0.6115 | Time: 00:00:12
Epoch 017 | Seed 2001 | Rate 0.10 | Train Loss: 0.4660 | Val Loss: 1.5655 | Acc (clean): 0.7349 | Acc (poison): 0.6753 | Val Acc: 0.6622 | Time: 00:00:13
Epoch 018 | Seed 2001 | Rate 0.10 | Train Loss: 0.4604 | Val Loss: 1.5057 | Acc (clean): 0.7393 | Acc (poison): 0.6782 | Val Acc: 0.6737 | Time: 00:00:12
Epoch 019 | Seed 2001 | Rate 0.10 | Train Loss: 0.4382 | Val Loss: 1.6681 | Acc (clean): 0.7567 | Acc (poison): 0.6943 | Val Acc: 0.6411 | Time: 00:00:12
Epoch 020 | Seed 2001 | Rate 0.10 | Train Loss: 0.4326 | Val Loss: 1.2178 | Acc (clean): 0.7612 | Acc (poison): 0.6989 | Val Acc: 0.6948 | Time: 00:00:13
Epoch 021 | Seed 2001 | Rate 0.10 | Train Loss: 0.4073 | Val Loss: 2.0644 | Acc (clean): 0.7806 | Acc (poison): 0.7157 | Val Acc: 0.6067 | Time: 00:00:12
Epoch 022 | Seed 2001 | Rate 0.10 | Train Loss: 0.3973 | Val Loss: 1.1237 | Acc (clean): 0.7858 | Acc (poison): 0.7223 | Val Acc: 0.7304 | Time: 00:00:13
Epoch 023 | Seed 2001 | Rate 0.10 | Train Loss: 0.3824 | Val Loss: 1.1458 | Acc (clean): 0.7991 | Acc (poison): 0.7351 | Val Acc: 0.7248 | Time: 00:00:12
Epoch 024 | Seed 2001 | Rate 0.10 | Train Loss: 0.3765 | Val Loss: 1.3032 | Acc (clean): 0.8057 | Acc (poison): 0.7401 | Val Acc: 0.7063 | Time: 00:00:12
Epoch 025 | Seed 2001 | Rate 0.10 | Train Loss: 0.3729 | Val Loss: 1.6673 | Acc (clean): 0.8067 | Acc (poison): 0.7414 | Val Acc: 0.6652 | Time: 00:00:12
Epoch 026 | Seed 2001 | Rate 0.10 | Train Loss: 0.3641 | Val Loss: 1.3580 | Acc (clean): 0.8134 | Acc (poison): 0.7472 | Val Acc: 0.6985 | Time: 00:00:12
Epoch 027 | Seed 2001 | Rate 0.10 | Train Loss: 0.3583 | Val Loss: 1.1607 | Acc (clean): 0.8173 | Acc (poison): 0.7519 | Val Acc: 0.7407 | Time: 00:00:13
Epoch 028 | Seed 2001 | Rate 0.10 | Train Loss: 0.3568 | Val Loss: 1.2245 | Acc (clean): 0.8180 | Acc (poison): 0.7525 | Val Acc: 0.7356 | Time: 00:00:12
Epoch 029 | Seed 2001 | Rate 0.10 | Train Loss: 0.3535 | Val Loss: 1.1353 | Acc (clean): 0.8227 | Acc (poison): 0.7567 | Val Acc: 0.7452 | Time: 00:00:12
Epoch 030 | Seed 2001 | Rate 0.10 | Train Loss: 0.3514 | Val Loss: 1.1981 | Acc (clean): 0.8251 | Acc (poison): 0.7570 | Val Acc: 0.7244 | Time: 00:00:12
Epoch 031 | Seed 2001 | Rate 0.10 | Train Loss: 0.3433 | Val Loss: 1.7608 | Acc (clean): 0.8288 | Acc (poison): 0.7642 | Val Acc: 0.6870 | Time: 00:00:12
Epoch 032 | Seed 2001 | Rate 0.10 | Train Loss: 0.3381 | Val Loss: 1.2006 | Acc (clean): 0.8336 | Acc (poison): 0.7654 | Val Acc: 0.7259 | Time: 00:00:12
Epoch 033 | Seed 2001 | Rate 0.10 | Train Loss: 0.3318 | Val Loss: 1.6095 | Acc (clean): 0.8395 | Acc (poison): 0.7702 | Val Acc: 0.6652 | Time: 00:00:12
Epoch 034 | Seed 2001 | Rate 0.10 | Train Loss: 0.3377 | Val Loss: 1.1153 | Acc (clean): 0.8336 | Acc (poison): 0.7664 | Val Acc: 0.7389 | Time: 00:00:14
Epoch 035 | Seed 2001 | Rate 0.10 | Train Loss: 0.3306 | Val Loss: 1.0233 | Acc (clean): 0.8379 | Acc (poison): 0.7712 | Val Acc: 0.7507 | Time: 00:00:15
Epoch 036 | Seed 2001 | Rate 0.10 | Train Loss: 0.3317 | Val Loss: 1.2115 | Acc (clean): 0.8374 | Acc (poison): 0.7713 | Val Acc: 0.7344 | Time: 00:00:12
Epoch 037 | Seed 2001 | Rate 0.10 | Train Loss: 0.3265 | Val Loss: 1.3606 | Acc (clean): 0.8435 | Acc (poison): 0.7755 | Val Acc: 0.7237 | Time: 00:00:12
Epoch 038 | Seed 2001 | Rate 0.10 | Train Loss: 0.3270 | Val Loss: 1.4247 | Acc (clean): 0.8414 | Acc (poison): 0.7739 | Val Acc: 0.6859 | Time: 00:00:12
Epoch 039 | Seed 2001 | Rate 0.10 | Train Loss: 0.3204 | Val Loss: 1.0493 | Acc (clean): 0.8470 | Acc (poison): 0.7786 | Val Acc: 0.7630 | Time: 00:00:12
Epoch 040 | Seed 2001 | Rate 0.10 | Train Loss: 0.3227 | Val Loss: 1.5228 | Acc (clean): 0.8471 | Acc (poison): 0.7774 | Val Acc: 0.6630 | Time: 00:00:12
Epoch 041 | Seed 2001 | Rate 0.10 | Train Loss: 0.3149 | Val Loss: 0.9454 | Acc (clean): 0.8528 | Acc (poison): 0.7844 | Val Acc: 0.7756 | Time: 00:00:15
Epoch 042 | Seed 2001 | Rate 0.10 | Train Loss: 0.3179 | Val Loss: 1.0448 | Acc (clean): 0.8495 | Acc (poison): 0.7812 | Val Acc: 0.7626 | Time: 00:00:12
Epoch 043 | Seed 2001 | Rate 0.10 | Train Loss: 0.3154 | Val Loss: 0.9295 | Acc (clean): 0.8495 | Acc (poison): 0.7816 | Val Acc: 0.7689 | Time: 00:00:15
Epoch 044 | Seed 2001 | Rate 0.10 | Train Loss: 0.3072 | Val Loss: 0.9660 | Acc (clean): 0.8570 | Acc (poison): 0.7893 | Val Acc: 0.7793 | Time: 00:00:13
Epoch 045 | Seed 2001 | Rate 0.10 | Train Loss: 0.3150 | Val Loss: 0.8909 | Acc (clean): 0.8507 | Acc (poison): 0.7815 | Val Acc: 0.7744 | Time: 00:00:15
Epoch 046 | Seed 2001 | Rate 0.10 | Train Loss: 0.3045 | Val Loss: 0.8457 | Acc (clean): 0.8603 | Acc (poison): 0.7912 | Val Acc: 0.7941 | Time: 00:00:13
Epoch 047 | Seed 2001 | Rate 0.10 | Train Loss: 0.3147 | Val Loss: 1.0437 | Acc (clean): 0.8517 | Acc (poison): 0.7823 | Val Acc: 0.7585 | Time: 00:00:13
Epoch 048 | Seed 2001 | Rate 0.10 | Train Loss: 0.3114 | Val Loss: 1.0660 | Acc (clean): 0.8518 | Acc (poison): 0.7835 | Val Acc: 0.7456 | Time: 00:00:12
Epoch 049 | Seed 2001 | Rate 0.10 | Train Loss: 0.3020 | Val Loss: 1.0226 | Acc (clean): 0.8622 | Acc (poison): 0.7930 | Val Acc: 0.7478 | Time: 00:00:12
Epoch 050 | Seed 2001 | Rate 0.10 | Train Loss: 0.3061 | Val Loss: 0.8908 | Acc (clean): 0.8580 | Acc (poison): 0.7905 | Val Acc: 0.7896 | Time: 00:00:13
Epoch 051 | Seed 2001 | Rate 0.10 | Train Loss: 0.2307 | Val Loss: 0.3834 | Acc (clean): 0.9154 | Acc (poison): 0.8437 | Val Acc: 0.9026 | Time: 00:00:15
Epoch 052 | Seed 2001 | Rate 0.10 | Train Loss: 0.2051 | Val Loss: 0.3644 | Acc (clean): 0.9356 | Acc (poison): 0.8615 | Val Acc: 0.9056 | Time: 00:00:14
Epoch 053 | Seed 2001 | Rate 0.10 | Train Loss: 0.1951 | Val Loss: 0.3502 | Acc (clean): 0.9402 | Acc (poison): 0.8680 | Val Acc: 0.9033 | Time: 00:00:14
Epoch 054 | Seed 2001 | Rate 0.10 | Train Loss: 0.1906 | Val Loss: 0.3331 | Acc (clean): 0.9433 | Acc (poison): 0.8709 | Val Acc: 0.9096 | Time: 00:00:13
Epoch 055 | Seed 2001 | Rate 0.10 | Train Loss: 0.1853 | Val Loss: 0.3261 | Acc (clean): 0.9471 | Acc (poison): 0.8755 | Val Acc: 0.9122 | Time: 00:00:14
Epoch 056 | Seed 2001 | Rate 0.10 | Train Loss: 0.1800 | Val Loss: 0.3410 | Acc (clean): 0.9492 | Acc (poison): 0.8807 | Val Acc: 0.9074 | Time: 00:00:12
Epoch 057 | Seed 2001 | Rate 0.10 | Train Loss: 0.1748 | Val Loss: 0.3408 | Acc (clean): 0.9494 | Acc (poison): 0.8830 | Val Acc: 0.9104 | Time: 00:00:12
Epoch 058 | Seed 2001 | Rate 0.10 | Train Loss: 0.1719 | Val Loss: 0.3394 | Acc (clean): 0.9527 | Acc (poison): 0.8857 | Val Acc: 0.9063 | Time: 00:00:13
Epoch 059 | Seed 2001 | Rate 0.10 | Train Loss: 0.1683 | Val Loss: 0.3509 | Acc (clean): 0.9533 | Acc (poison): 0.8884 | Val Acc: 0.8993 | Time: 00:00:12
Epoch 060 | Seed 2001 | Rate 0.10 | Train Loss: 0.1658 | Val Loss: 0.3394 | Acc (clean): 0.9534 | Acc (poison): 0.8903 | Val Acc: 0.9074 | Time: 00:00:13
Epoch 061 | Seed 2001 | Rate 0.10 | Train Loss: 0.1629 | Val Loss: 0.3445 | Acc (clean): 0.9544 | Acc (poison): 0.8935 | Val Acc: 0.9033 | Time: 00:00:13
Epoch 062 | Seed 2001 | Rate 0.10 | Train Loss: 0.1586 | Val Loss: 0.3360 | Acc (clean): 0.9552 | Acc (poison): 0.8955 | Val Acc: 0.9070 | Time: 00:00:12
Epoch 063 | Seed 2001 | Rate 0.10 | Train Loss: 0.1554 | Val Loss: 0.3360 | Acc (clean): 0.9553 | Acc (poison): 0.8984 | Val Acc: 0.9059 | Time: 00:00:13
Epoch 064 | Seed 2001 | Rate 0.10 | Train Loss: 0.1527 | Val Loss: 0.3563 | Acc (clean): 0.9552 | Acc (poison): 0.9002 | Val Acc: 0.9000 | Time: 00:00:13
Epoch 065 | Seed 2001 | Rate 0.10 | Train Loss: 0.1509 | Val Loss: 0.3512 | Acc (clean): 0.9547 | Acc (poison): 0.9023 | Val Acc: 0.9048 | Time: 00:00:12
Epoch 066 | Seed 2001 | Rate 0.10 | Train Loss: 0.1488 | Val Loss: 0.3513 | Acc (clean): 0.9554 | Acc (poison): 0.9027 | Val Acc: 0.9030 | Time: 00:00:12
Epoch 067 | Seed 2001 | Rate 0.10 | Train Loss: 0.1453 | Val Loss: 0.3826 | Acc (clean): 0.9540 | Acc (poison): 0.9056 | Val Acc: 0.8941 | Time: 00:00:12
Epoch 068 | Seed 2001 | Rate 0.10 | Train Loss: 0.1432 | Val Loss: 0.3429 | Acc (clean): 0.9552 | Acc (poison): 0.9075 | Val Acc: 0.9004 | Time: 00:00:12
Epoch 069 | Seed 2001 | Rate 0.10 | Train Loss: 0.1405 | Val Loss: 0.3621 | Acc (clean): 0.9541 | Acc (poison): 0.9088 | Val Acc: 0.9019 | Time: 00:00:13
Epoch 070 | Seed 2001 | Rate 0.10 | Train Loss: 0.1385 | Val Loss: 0.3664 | Acc (clean): 0.9545 | Acc (poison): 0.9100 | Val Acc: 0.8959 | Time: 00:00:13
Epoch 071 | Seed 2001 | Rate 0.10 | Train Loss: 0.1359 | Val Loss: 0.3620 | Acc (clean): 0.9528 | Acc (poison): 0.9121 | Val Acc: 0.9037 | Time: 00:00:12
Epoch 072 | Seed 2001 | Rate 0.10 | Train Loss: 0.1352 | Val Loss: 0.3663 | Acc (clean): 0.9534 | Acc (poison): 0.9124 | Val Acc: 0.9000 | Time: 00:00:12
Epoch 073 | Seed 2001 | Rate 0.10 | Train Loss: 0.1323 | Val Loss: 0.3933 | Acc (clean): 0.9542 | Acc (poison): 0.9154 | Val Acc: 0.8956 | Time: 00:00:12
Epoch 074 | Seed 2001 | Rate 0.10 | Train Loss: 0.1309 | Val Loss: 0.3868 | Acc (clean): 0.9518 | Acc (poison): 0.9151 | Val Acc: 0.8926 | Time: 00:00:12
Epoch 075 | Seed 2001 | Rate 0.10 | Train Loss: 0.1282 | Val Loss: 0.3889 | Acc (clean): 0.9521 | Acc (poison): 0.9180 | Val Acc: 0.8944 | Time: 00:00:13
Epoch 076 | Seed 2001 | Rate 0.10 | Train Loss: 0.1187 | Val Loss: 0.3377 | Acc (clean): 0.9533 | Acc (poison): 0.9227 | Val Acc: 0.9063 | Time: 00:00:12
Epoch 077 | Seed 2001 | Rate 0.10 | Train Loss: 0.1135 | Val Loss: 0.3368 | Acc (clean): 0.9542 | Acc (poison): 0.9264 | Val Acc: 0.9056 | Time: 00:00:12
Epoch 078 | Seed 2001 | Rate 0.10 | Train Loss: 0.1127 | Val Loss: 0.3385 | Acc (clean): 0.9538 | Acc (poison): 0.9266 | Val Acc: 0.9056 | Time: 00:00:12
Epoch 079 | Seed 2001 | Rate 0.10 | Train Loss: 0.1112 | Val Loss: 0.3419 | Acc (clean): 0.9535 | Acc (poison): 0.9281 | Val Acc: 0.9059 | Time: 00:00:12
Epoch 080 | Seed 2001 | Rate 0.10 | Train Loss: 0.1106 | Val Loss: 0.3364 | Acc (clean): 0.9532 | Acc (poison): 0.9286 | Val Acc: 0.9059 | Time: 00:00:12
Epoch 081 | Seed 2001 | Rate 0.10 | Train Loss: 0.1088 | Val Loss: 0.3500 | Acc (clean): 0.9529 | Acc (poison): 0.9298 | Val Acc: 0.9048 | Time: 00:00:12
Epoch 082 | Seed 2001 | Rate 0.10 | Train Loss: 0.1089 | Val Loss: 0.3507 | Acc (clean): 0.9541 | Acc (poison): 0.9293 | Val Acc: 0.9056 | Time: 00:00:13
Epoch 083 | Seed 2001 | Rate 0.10 | Train Loss: 0.1078 | Val Loss: 0.3515 | Acc (clean): 0.9530 | Acc (poison): 0.9305 | Val Acc: 0.9015 | Time: 00:00:12
Epoch 084 | Seed 2001 | Rate 0.10 | Train Loss: 0.1070 | Val Loss: 0.3440 | Acc (clean): 0.9530 | Acc (poison): 0.9306 | Val Acc: 0.9048 | Time: 00:00:12
Epoch 085 | Seed 2001 | Rate 0.10 | Train Loss: 0.1061 | Val Loss: 0.3550 | Acc (clean): 0.9525 | Acc (poison): 0.9316 | Val Acc: 0.9011 | Time: 00:00:13
Epoch 086 | Seed 2001 | Rate 0.10 | Train Loss: 0.1062 | Val Loss: 0.3547 | Acc (clean): 0.9518 | Acc (poison): 0.9316 | Val Acc: 0.9041 | Time: 00:00:12
Epoch 087 | Seed 2001 | Rate 0.10 | Train Loss: 0.1058 | Val Loss: 0.3554 | Acc (clean): 0.9519 | Acc (poison): 0.9315 | Val Acc: 0.9037 | Time: 00:00:12
Epoch 088 | Seed 2001 | Rate 0.10 | Train Loss: 0.1056 | Val Loss: 0.3547 | Acc (clean): 0.9522 | Acc (poison): 0.9322 | Val Acc: 0.9037 | Time: 00:00:12
Epoch 089 | Seed 2001 | Rate 0.10 | Train Loss: 0.1045 | Val Loss: 0.3594 | Acc (clean): 0.9522 | Acc (poison): 0.9332 | Val Acc: 0.9015 | Time: 00:00:12
Epoch 090 | Seed 2001 | Rate 0.10 | Train Loss: 0.1037 | Val Loss: 0.3569 | Acc (clean): 0.9509 | Acc (poison): 0.9335 | Val Acc: 0.9007 | Time: 00:00:13
Epoch 091 | Seed 2001 | Rate 0.10 | Train Loss: 0.1036 | Val Loss: 0.3610 | Acc (clean): 0.9513 | Acc (poison): 0.9335 | Val Acc: 0.9026 | Time: 00:00:12
Epoch 092 | Seed 2001 | Rate 0.10 | Train Loss: 0.1036 | Val Loss: 0.3595 | Acc (clean): 0.9506 | Acc (poison): 0.9336 | Val Acc: 0.9019 | Time: 00:00:12
Epoch 093 | Seed 2001 | Rate 0.10 | Train Loss: 0.1023 | Val Loss: 0.3612 | Acc (clean): 0.9503 | Acc (poison): 0.9347 | Val Acc: 0.9022 | Time: 00:00:12
Epoch 094 | Seed 2001 | Rate 0.10 | Train Loss: 0.1019 | Val Loss: 0.3667 | Acc (clean): 0.9500 | Acc (poison): 0.9344 | Val Acc: 0.8989 | Time: 00:00:13
Epoch 095 | Seed 2001 | Rate 0.10 | Train Loss: 0.1012 | Val Loss: 0.3617 | Acc (clean): 0.9502 | Acc (poison): 0.9349 | Val Acc: 0.9044 | Time: 00:00:12
Epoch 096 | Seed 2001 | Rate 0.10 | Train Loss: 0.1008 | Val Loss: 0.3648 | Acc (clean): 0.9498 | Acc (poison): 0.9360 | Val Acc: 0.8967 | Time: 00:00:12
Epoch 097 | Seed 2001 | Rate 0.10 | Train Loss: 0.1003 | Val Loss: 0.3601 | Acc (clean): 0.9502 | Acc (poison): 0.9358 | Val Acc: 0.9019 | Time: 00:00:12
Epoch 098 | Seed 2001 | Rate 0.10 | Train Loss: 0.1007 | Val Loss: 0.3687 | Acc (clean): 0.9496 | Acc (poison): 0.9361 | Val Acc: 0.8996 | Time: 00:00:12
Epoch 099 | Seed 2001 | Rate 0.10 | Train Loss: 0.1001 | Val Loss: 0.3765 | Acc (clean): 0.9488 | Acc (poison): 0.9363 | Val Acc: 0.8967 | Time: 00:00:12
Epoch 100 | Seed 2001 | Rate 0.10 | Train Loss: 0.0982 | Val Loss: 0.3679 | Acc (clean): 0.9486 | Acc (poison): 0.9380 | Val Acc: 0.9056 | Time: 00:00:13

=== defense=gce attack=RQ2 seed=2001 rate=0.2 ===
Loading train data from /home/yazanme/BachelorThesis/BachelorThesis/data/processed/resisc45/train.h5 with mapping /home/yazanme/BachelorThesis/BachelorThesis/data/processed/resisc45/poisoned/RQ2/seed_2001/labels_0.20.pt... (in_memory=True, workers=4)
Testing torch.compile support...
Successfully compiled model using torch.compile.
Epoch 001 | Seed 2001 | Rate 0.20 | Train Loss: 1.1316 | Val Loss: 6.0751 | Acc (clean): 0.1911 | Acc (poison): 0.1838 | Val Acc: 0.1781 | Time: 00:00:14
Epoch 002 | Seed 2001 | Rate 0.20 | Train Loss: 1.0135 | Val Loss: 5.0953 | Acc (clean): 0.2898 | Acc (poison): 0.2684 | Val Acc: 0.2637 | Time: 00:00:13
Epoch 003 | Seed 2001 | Rate 0.20 | Train Loss: 0.9406 | Val Loss: 4.5530 | Acc (clean): 0.3540 | Acc (poison): 0.3216 | Val Acc: 0.3122 | Time: 00:00:14
Epoch 004 | Seed 2001 | Rate 0.20 | Train Loss: 0.8825 | Val Loss: 6.5646 | Acc (clean): 0.4042 | Acc (poison): 0.3640 | Val Acc: 0.2433 | Time: 00:00:12
Epoch 005 | Seed 2001 | Rate 0.20 | Train Loss: 0.8431 | Val Loss: 3.7322 | Acc (clean): 0.4398 | Acc (poison): 0.3903 | Val Acc: 0.3796 | Time: 00:00:13
Epoch 006 | Seed 2001 | Rate 0.20 | Train Loss: 0.8058 | Val Loss: 4.3048 | Acc (clean): 0.4763 | Acc (poison): 0.4191 | Val Acc: 0.3874 | Time: 00:00:12
Epoch 007 | Seed 2001 | Rate 0.20 | Train Loss: 0.7716 | Val Loss: 3.3769 | Acc (clean): 0.5070 | Acc (poison): 0.4433 | Val Acc: 0.4478 | Time: 00:00:13
Epoch 008 | Seed 2001 | Rate 0.20 | Train Loss: 0.7428 | Val Loss: 4.3882 | Acc (clean): 0.5326 | Acc (poison): 0.4661 | Val Acc: 0.4004 | Time: 00:00:12
Epoch 009 | Seed 2001 | Rate 0.20 | Train Loss: 0.7104 | Val Loss: 2.1545 | Acc (clean): 0.5640 | Acc (poison): 0.4899 | Val Acc: 0.5389 | Time: 00:00:13
Epoch 010 | Seed 2001 | Rate 0.20 | Train Loss: 0.6695 | Val Loss: 1.9823 | Acc (clean): 0.5988 | Acc (poison): 0.5196 | Val Acc: 0.5515 | Time: 00:00:13
Epoch 011 | Seed 2001 | Rate 0.20 | Train Loss: 0.6539 | Val Loss: 2.0382 | Acc (clean): 0.6171 | Acc (poison): 0.5297 | Val Acc: 0.5448 | Time: 00:00:12
Epoch 012 | Seed 2001 | Rate 0.20 | Train Loss: 0.6242 | Val Loss: 1.8853 | Acc (clean): 0.6379 | Acc (poison): 0.5511 | Val Acc: 0.5956 | Time: 00:00:12
Epoch 013 | Seed 2001 | Rate 0.20 | Train Loss: 0.6087 | Val Loss: 1.5724 | Acc (clean): 0.6507 | Acc (poison): 0.5625 | Val Acc: 0.6378 | Time: 00:00:13
Epoch 014 | Seed 2001 | Rate 0.20 | Train Loss: 0.5832 | Val Loss: 2.0848 | Acc (clean): 0.6792 | Acc (poison): 0.5823 | Val Acc: 0.5622 | Time: 00:00:12
Epoch 015 | Seed 2001 | Rate 0.20 | Train Loss: 0.5658 | Val Loss: 1.4134 | Acc (clean): 0.6924 | Acc (poison): 0.5958 | Val Acc: 0.6419 | Time: 00:00:13
Epoch 016 | Seed 2001 | Rate 0.20 | Train Loss: 0.5567 | Val Loss: 1.4218 | Acc (clean): 0.7066 | Acc (poison): 0.6019 | Val Acc: 0.6600 | Time: 00:00:12
Epoch 017 | Seed 2001 | Rate 0.20 | Train Loss: 0.5382 | Val Loss: 1.7916 | Acc (clean): 0.7202 | Acc (poison): 0.6153 | Val Acc: 0.5963 | Time: 00:00:12
Epoch 018 | Seed 2001 | Rate 0.20 | Train Loss: 0.5221 | Val Loss: 1.9534 | Acc (clean): 0.7327 | Acc (poison): 0.6278 | Val Acc: 0.5941 | Time: 00:00:12
Epoch 019 | Seed 2001 | Rate 0.20 | Train Loss: 0.5138 | Val Loss: 2.1842 | Acc (clean): 0.7448 | Acc (poison): 0.6328 | Val Acc: 0.5593 | Time: 00:00:12
Epoch 020 | Seed 2001 | Rate 0.20 | Train Loss: 0.5062 | Val Loss: 1.5222 | Acc (clean): 0.7512 | Acc (poison): 0.6402 | Val Acc: 0.6270 | Time: 00:00:12
Epoch 021 | Seed 2001 | Rate 0.20 | Train Loss: 0.5028 | Val Loss: 1.0591 | Acc (clean): 0.7546 | Acc (poison): 0.6432 | Val Acc: 0.7230 | Time: 00:00:13
Epoch 022 | Seed 2001 | Rate 0.20 | Train Loss: 0.4929 | Val Loss: 1.1693 | Acc (clean): 0.7577 | Acc (poison): 0.6482 | Val Acc: 0.6926 | Time: 00:00:12
Epoch 023 | Seed 2001 | Rate 0.20 | Train Loss: 0.4913 | Val Loss: 1.1090 | Acc (clean): 0.7644 | Acc (poison): 0.6501 | Val Acc: 0.6993 | Time: 00:00:12
Epoch 024 | Seed 2001 | Rate 0.20 | Train Loss: 0.4828 | Val Loss: 1.5698 | Acc (clean): 0.7735 | Acc (poison): 0.6576 | Val Acc: 0.6426 | Time: 00:00:12
Epoch 025 | Seed 2001 | Rate 0.20 | Train Loss: 0.4816 | Val Loss: 1.0414 | Acc (clean): 0.7712 | Acc (poison): 0.6579 | Val Acc: 0.7307 | Time: 00:00:13
Epoch 026 | Seed 2001 | Rate 0.20 | Train Loss: 0.4792 | Val Loss: 1.2765 | Acc (clean): 0.7773 | Acc (poison): 0.6598 | Val Acc: 0.6985 | Time: 00:00:12
Epoch 027 | Seed 2001 | Rate 0.20 | Train Loss: 0.4692 | Val Loss: 1.0804 | Acc (clean): 0.7865 | Acc (poison): 0.6680 | Val Acc: 0.7137 | Time: 00:00:12
Epoch 028 | Seed 2001 | Rate 0.20 | Train Loss: 0.4648 | Val Loss: 1.4164 | Acc (clean): 0.7878 | Acc (poison): 0.6689 | Val Acc: 0.6659 | Time: 00:00:12
Epoch 029 | Seed 2001 | Rate 0.20 | Train Loss: 0.4600 | Val Loss: 1.2976 | Acc (clean): 0.7954 | Acc (poison): 0.6747 | Val Acc: 0.6878 | Time: 00:00:12
Epoch 030 | Seed 2001 | Rate 0.20 | Train Loss: 0.4613 | Val Loss: 1.1221 | Acc (clean): 0.7893 | Acc (poison): 0.6720 | Val Acc: 0.7089 | Time: 00:00:12
Epoch 031 | Seed 2001 | Rate 0.20 | Train Loss: 0.4571 | Val Loss: 1.3296 | Acc (clean): 0.7956 | Acc (poison): 0.6765 | Val Acc: 0.6859 | Time: 00:00:12
Epoch 032 | Seed 2001 | Rate 0.20 | Train Loss: 0.4496 | Val Loss: 1.3500 | Acc (clean): 0.7970 | Acc (poison): 0.6820 | Val Acc: 0.6804 | Time: 00:00:12
Epoch 033 | Seed 2001 | Rate 0.20 | Train Loss: 0.4511 | Val Loss: 1.1669 | Acc (clean): 0.7980 | Acc (poison): 0.6795 | Val Acc: 0.7170 | Time: 00:00:12
Epoch 034 | Seed 2001 | Rate 0.20 | Train Loss: 0.4465 | Val Loss: 1.1729 | Acc (clean): 0.8033 | Acc (poison): 0.6850 | Val Acc: 0.7189 | Time: 00:00:12
Epoch 035 | Seed 2001 | Rate 0.20 | Train Loss: 0.4482 | Val Loss: 1.1081 | Acc (clean): 0.8028 | Acc (poison): 0.6826 | Val Acc: 0.7300 | Time: 00:00:13
Epoch 036 | Seed 2001 | Rate 0.20 | Train Loss: 0.4425 | Val Loss: 1.1689 | Acc (clean): 0.8040 | Acc (poison): 0.6852 | Val Acc: 0.7141 | Time: 00:00:12
Epoch 037 | Seed 2001 | Rate 0.20 | Train Loss: 0.4418 | Val Loss: 1.0153 | Acc (clean): 0.8105 | Acc (poison): 0.6863 | Val Acc: 0.7422 | Time: 00:00:13
Epoch 038 | Seed 2001 | Rate 0.20 | Train Loss: 0.4396 | Val Loss: 1.5281 | Acc (clean): 0.8127 | Acc (poison): 0.6884 | Val Acc: 0.6578 | Time: 00:00:12
Epoch 039 | Seed 2001 | Rate 0.20 | Train Loss: 0.4355 | Val Loss: 1.0758 | Acc (clean): 0.8098 | Acc (poison): 0.6911 | Val Acc: 0.7307 | Time: 00:00:12
Epoch 040 | Seed 2001 | Rate 0.20 | Train Loss: 0.4379 | Val Loss: 1.0643 | Acc (clean): 0.8088 | Acc (poison): 0.6911 | Val Acc: 0.7393 | Time: 00:00:12
Epoch 041 | Seed 2001 | Rate 0.20 | Train Loss: 0.4367 | Val Loss: 0.9713 | Acc (clean): 0.8119 | Acc (poison): 0.6905 | Val Acc: 0.7437 | Time: 00:00:13
Epoch 042 | Seed 2001 | Rate 0.20 | Train Loss: 0.4294 | Val Loss: 0.9966 | Acc (clean): 0.8157 | Acc (poison): 0.6970 | Val Acc: 0.7326 | Time: 00:00:12
Epoch 043 | Seed 2001 | Rate 0.20 | Train Loss: 0.4329 | Val Loss: 1.0566 | Acc (clean): 0.8140 | Acc (poison): 0.6944 | Val Acc: 0.7267 | Time: 00:00:12
Epoch 044 | Seed 2001 | Rate 0.20 | Train Loss: 0.4250 | Val Loss: 1.1793 | Acc (clean): 0.8151 | Acc (poison): 0.6991 | Val Acc: 0.7107 | Time: 00:00:12
Epoch 045 | Seed 2001 | Rate 0.20 | Train Loss: 0.4272 | Val Loss: 1.0302 | Acc (clean): 0.8153 | Acc (poison): 0.6977 | Val Acc: 0.7315 | Time: 00:00:12
Epoch 046 | Seed 2001 | Rate 0.20 | Train Loss: 0.4224 | Val Loss: 0.8975 | Acc (clean): 0.8172 | Acc (poison): 0.7017 | Val Acc: 0.7770 | Time: 00:00:13
Epoch 047 | Seed 2001 | Rate 0.20 | Train Loss: 0.4227 | Val Loss: 0.9938 | Acc (clean): 0.8198 | Acc (poison): 0.7012 | Val Acc: 0.7593 | Time: 00:00:12
Epoch 048 | Seed 2001 | Rate 0.20 | Train Loss: 0.4228 | Val Loss: 1.2182 | Acc (clean): 0.8235 | Acc (poison): 0.7032 | Val Acc: 0.6970 | Time: 00:00:12
Epoch 049 | Seed 2001 | Rate 0.20 | Train Loss: 0.4178 | Val Loss: 1.2256 | Acc (clean): 0.8244 | Acc (poison): 0.7054 | Val Acc: 0.7085 | Time: 00:00:12
Epoch 050 | Seed 2001 | Rate 0.20 | Train Loss: 0.4218 | Val Loss: 1.6395 | Acc (clean): 0.8187 | Acc (poison): 0.7014 | Val Acc: 0.6226 | Time: 00:00:12
Epoch 051 | Seed 2001 | Rate 0.20 | Train Loss: 0.3476 | Val Loss: 0.4503 | Acc (clean): 0.8851 | Acc (poison): 0.7556 | Val Acc: 0.8704 | Time: 00:00:13
Epoch 052 | Seed 2001 | Rate 0.20 | Train Loss: 0.3207 | Val Loss: 0.4205 | Acc (clean): 0.9027 | Acc (poison): 0.7734 | Val Acc: 0.8837 | Time: 00:00:13
Epoch 053 | Seed 2001 | Rate 0.20 | Train Loss: 0.3066 | Val Loss: 0.4524 | Acc (clean): 0.9072 | Acc (poison): 0.7856 | Val Acc: 0.8715 | Time: 00:00:12
Epoch 054 | Seed 2001 | Rate 0.20 | Train Loss: 0.2999 | Val Loss: 0.4399 | Acc (clean): 0.9039 | Acc (poison): 0.7901 | Val Acc: 0.8689 | Time: 00:00:12
Epoch 055 | Seed 2001 | Rate 0.20 | Train Loss: 0.2938 | Val Loss: 0.4358 | Acc (clean): 0.9050 | Acc (poison): 0.7944 | Val Acc: 0.8763 | Time: 00:00:12
Epoch 056 | Seed 2001 | Rate 0.20 | Train Loss: 0.2865 | Val Loss: 0.4538 | Acc (clean): 0.9024 | Acc (poison): 0.8019 | Val Acc: 0.8730 | Time: 00:00:12
Epoch 057 | Seed 2001 | Rate 0.20 | Train Loss: 0.2808 | Val Loss: 0.4867 | Acc (clean): 0.9030 | Acc (poison): 0.8061 | Val Acc: 0.8633 | Time: 00:00:12
Epoch 058 | Seed 2001 | Rate 0.20 | Train Loss: 0.2739 | Val Loss: 0.5062 | Acc (clean): 0.8999 | Acc (poison): 0.8105 | Val Acc: 0.8604 | Time: 00:00:12
Epoch 059 | Seed 2001 | Rate 0.20 | Train Loss: 0.2677 | Val Loss: 0.4917 | Acc (clean): 0.8988 | Acc (poison): 0.8161 | Val Acc: 0.8578 | Time: 00:00:12
Epoch 060 | Seed 2001 | Rate 0.20 | Train Loss: 0.2623 | Val Loss: 0.4824 | Acc (clean): 0.8970 | Acc (poison): 0.8206 | Val Acc: 0.8607 | Time: 00:00:12
Epoch 061 | Seed 2001 | Rate 0.20 | Train Loss: 0.2567 | Val Loss: 0.5015 | Acc (clean): 0.8917 | Acc (poison): 0.8247 | Val Acc: 0.8548 | Time: 00:00:13
Epoch 062 | Seed 2001 | Rate 0.20 | Train Loss: 0.2509 | Val Loss: 0.5260 | Acc (clean): 0.8899 | Acc (poison): 0.8283 | Val Acc: 0.8459 | Time: 00:00:13
Epoch 063 | Seed 2001 | Rate 0.20 | Train Loss: 0.2452 | Val Loss: 0.5135 | Acc (clean): 0.8864 | Acc (poison): 0.8323 | Val Acc: 0.8533 | Time: 00:00:12
Epoch 064 | Seed 2001 | Rate 0.20 | Train Loss: 0.2386 | Val Loss: 0.5472 | Acc (clean): 0.8835 | Acc (poison): 0.8391 | Val Acc: 0.8437 | Time: 00:00:12
Epoch 065 | Seed 2001 | Rate 0.20 | Train Loss: 0.2351 | Val Loss: 0.6045 | Acc (clean): 0.8803 | Acc (poison): 0.8413 | Val Acc: 0.8315 | Time: 00:00:12
Epoch 066 | Seed 2001 | Rate 0.20 | Train Loss: 0.2263 | Val Loss: 0.5927 | Acc (clean): 0.8756 | Acc (poison): 0.8494 | Val Acc: 0.8304 | Time: 00:00:12
Epoch 067 | Seed 2001 | Rate 0.20 | Train Loss: 0.2242 | Val Loss: 0.6128 | Acc (clean): 0.8720 | Acc (poison): 0.8484 | Val Acc: 0.8289 | Time: 00:00:12
Epoch 068 | Seed 2001 | Rate 0.20 | Train Loss: 0.2203 | Val Loss: 0.6270 | Acc (clean): 0.8695 | Acc (poison): 0.8527 | Val Acc: 0.8178 | Time: 00:00:12
Epoch 069 | Seed 2001 | Rate 0.20 | Train Loss: 0.2096 | Val Loss: 0.6162 | Acc (clean): 0.8697 | Acc (poison): 0.8607 | Val Acc: 0.8252 | Time: 00:00:12
Epoch 070 | Seed 2001 | Rate 0.20 | Train Loss: 0.2086 | Val Loss: 0.7502 | Acc (clean): 0.8620 | Acc (poison): 0.8619 | Val Acc: 0.8007 | Time: 00:00:12
Epoch 071 | Seed 2001 | Rate 0.20 | Train Loss: 0.2048 | Val Loss: 0.6685 | Acc (clean): 0.8609 | Acc (poison): 0.8645 | Val Acc: 0.8063 | Time: 00:00:13
Epoch 072 | Seed 2001 | Rate 0.20 | Train Loss: 0.2000 | Val Loss: 0.6624 | Acc (clean): 0.8573 | Acc (poison): 0.8669 | Val Acc: 0.8130 | Time: 00:00:12
Epoch 073 | Seed 2001 | Rate 0.20 | Train Loss: 0.1953 | Val Loss: 0.7729 | Acc (clean): 0.8544 | Acc (poison): 0.8701 | Val Acc: 0.7844 | Time: 00:00:12
Epoch 074 | Seed 2001 | Rate 0.20 | Train Loss: 0.1909 | Val Loss: 0.6873 | Acc (clean): 0.8497 | Acc (poison): 0.8747 | Val Acc: 0.8141 | Time: 00:00:12
Epoch 075 | Seed 2001 | Rate 0.20 | Train Loss: 0.1845 | Val Loss: 0.7883 | Acc (clean): 0.8479 | Acc (poison): 0.8785 | Val Acc: 0.7756 | Time: 00:00:13
Epoch 076 | Seed 2001 | Rate 0.20 | Train Loss: 0.1525 | Val Loss: 0.6442 | Acc (clean): 0.8504 | Acc (poison): 0.9035 | Val Acc: 0.8093 | Time: 00:00:12
Epoch 077 | Seed 2001 | Rate 0.20 | Train Loss: 0.1357 | Val Loss: 0.6848 | Acc (clean): 0.8469 | Acc (poison): 0.9140 | Val Acc: 0.7930 | Time: 00:00:13
Epoch 078 | Seed 2001 | Rate 0.20 | Train Loss: 0.1307 | Val Loss: 0.6654 | Acc (clean): 0.8456 | Acc (poison): 0.9197 | Val Acc: 0.8007 | Time: 00:00:12
Epoch 079 | Seed 2001 | Rate 0.20 | Train Loss: 0.1285 | Val Loss: 0.6841 | Acc (clean): 0.8445 | Acc (poison): 0.9196 | Val Acc: 0.7956 | Time: 00:00:12
Epoch 080 | Seed 2001 | Rate 0.20 | Train Loss: 0.1245 | Val Loss: 0.6982 | Acc (clean): 0.8428 | Acc (poison): 0.9230 | Val Acc: 0.7926 | Time: 00:00:12
Epoch 081 | Seed 2001 | Rate 0.20 | Train Loss: 0.1216 | Val Loss: 0.7120 | Acc (clean): 0.8407 | Acc (poison): 0.9255 | Val Acc: 0.7933 | Time: 00:00:12
Epoch 082 | Seed 2001 | Rate 0.20 | Train Loss: 0.1187 | Val Loss: 0.7236 | Acc (clean): 0.8409 | Acc (poison): 0.9266 | Val Acc: 0.7900 | Time: 00:00:12
Epoch 083 | Seed 2001 | Rate 0.20 | Train Loss: 0.1158 | Val Loss: 0.7327 | Acc (clean): 0.8408 | Acc (poison): 0.9283 | Val Acc: 0.7852 | Time: 00:00:13
Epoch 084 | Seed 2001 | Rate 0.20 | Train Loss: 0.1150 | Val Loss: 0.7295 | Acc (clean): 0.8400 | Acc (poison): 0.9285 | Val Acc: 0.7889 | Time: 00:00:13
Epoch 085 | Seed 2001 | Rate 0.20 | Train Loss: 0.1121 | Val Loss: 0.7379 | Acc (clean): 0.8385 | Acc (poison): 0.9316 | Val Acc: 0.7900 | Time: 00:00:12
Epoch 086 | Seed 2001 | Rate 0.20 | Train Loss: 0.1103 | Val Loss: 0.7219 | Acc (clean): 0.8356 | Acc (poison): 0.9329 | Val Acc: 0.7889 | Time: 00:00:12
Epoch 087 | Seed 2001 | Rate 0.20 | Train Loss: 0.1079 | Val Loss: 0.7236 | Acc (clean): 0.8370 | Acc (poison): 0.9347 | Val Acc: 0.7956 | Time: 00:00:12
Epoch 088 | Seed 2001 | Rate 0.20 | Train Loss: 0.1070 | Val Loss: 0.7082 | Acc (clean): 0.8356 | Acc (poison): 0.9354 | Val Acc: 0.7933 | Time: 00:00:12
Epoch 089 | Seed 2001 | Rate 0.20 | Train Loss: 0.1057 | Val Loss: 0.7414 | Acc (clean): 0.8347 | Acc (poison): 0.9357 | Val Acc: 0.7833 | Time: 00:00:12
Epoch 090 | Seed 2001 | Rate 0.20 | Train Loss: 0.1034 | Val Loss: 0.7322 | Acc (clean): 0.8346 | Acc (poison): 0.9372 | Val Acc: 0.7911 | Time: 00:00:12
Epoch 091 | Seed 2001 | Rate 0.20 | Train Loss: 0.1005 | Val Loss: 0.7427 | Acc (clean): 0.8323 | Acc (poison): 0.9402 | Val Acc: 0.7811 | Time: 00:00:12
Epoch 092 | Seed 2001 | Rate 0.20 | Train Loss: 0.1004 | Val Loss: 0.7216 | Acc (clean): 0.8314 | Acc (poison): 0.9403 | Val Acc: 0.7911 | Time: 00:00:12
Epoch 093 | Seed 2001 | Rate 0.20 | Train Loss: 0.0989 | Val Loss: 0.7790 | Acc (clean): 0.8315 | Acc (poison): 0.9414 | Val Acc: 0.7719 | Time: 00:00:12
Epoch 094 | Seed 2001 | Rate 0.20 | Train Loss: 0.0964 | Val Loss: 0.7639 | Acc (clean): 0.8280 | Acc (poison): 0.9428 | Val Acc: 0.7770 | Time: 00:00:12
Epoch 095 | Seed 2001 | Rate 0.20 | Train Loss: 0.0942 | Val Loss: 0.7489 | Acc (clean): 0.8288 | Acc (poison): 0.9449 | Val Acc: 0.7863 | Time: 00:00:12
Epoch 096 | Seed 2001 | Rate 0.20 | Train Loss: 0.0933 | Val Loss: 0.7451 | Acc (clean): 0.8275 | Acc (poison): 0.9451 | Val Acc: 0.7800 | Time: 00:00:11
Epoch 097 | Seed 2001 | Rate 0.20 | Train Loss: 0.0899 | Val Loss: 0.7303 | Acc (clean): 0.8279 | Acc (poison): 0.9471 | Val Acc: 0.7978 | Time: 00:00:12
Epoch 098 | Seed 2001 | Rate 0.20 | Train Loss: 0.0896 | Val Loss: 0.7485 | Acc (clean): 0.8276 | Acc (poison): 0.9483 | Val Acc: 0.7896 | Time: 00:00:12
Epoch 099 | Seed 2001 | Rate 0.20 | Train Loss: 0.0894 | Val Loss: 0.7704 | Acc (clean): 0.8270 | Acc (poison): 0.9486 | Val Acc: 0.7841 | Time: 00:00:12
Epoch 100 | Seed 2001 | Rate 0.20 | Train Loss: 0.0861 | Val Loss: 0.7714 | Acc (clean): 0.8264 | Acc (poison): 0.9502 | Val Acc: 0.7826 | Time: 00:00:12

Endzeit: 2026-08-07 06:30:52 CEST
Laufzeit: 04:09:30
Exit-Code: 0

Abgeschlossene Laeufe fuer Seed 2001 (erwartet: 11):
/home/yazanme/BachelorThesis/BachelorThesis/experiments/RQ3/gce/resnet18/clean/seed_2001/rate_0.0
/home/yazanme/BachelorThesis/BachelorThesis/experiments/RQ3/gce/resnet18/RQ1/seed_2001/rate_0.01
/home/yazanme/BachelorThesis/BachelorThesis/experiments/RQ3/gce/resnet18/RQ1/seed_2001/rate_0.02
/home/yazanme/BachelorThesis/BachelorThesis/experiments/RQ3/gce/resnet18/RQ1/seed_2001/rate_0.05
/home/yazanme/BachelorThesis/BachelorThesis/experiments/RQ3/gce/resnet18/RQ1/seed_2001/rate_0.1
/home/yazanme/BachelorThesis/BachelorThesis/experiments/RQ3/gce/resnet18/RQ1/seed_2001/rate_0.2
/home/yazanme/BachelorThesis/BachelorThesis/experiments/RQ3/gce/resnet18/RQ2/seed_2001/rate_0.01
/home/yazanme/BachelorThesis/BachelorThesis/experiments/RQ3/gce/resnet18/RQ2/seed_2001/rate_0.02
/home/yazanme/BachelorThesis/BachelorThesis/experiments/RQ3/gce/resnet18/RQ2/seed_2001/rate_0.05
/home/yazanme/BachelorThesis/BachelorThesis/experiments/RQ3/gce/resnet18/RQ2/seed_2001/rate_0.1
/home/yazanme/BachelorThesis/BachelorThesis/experiments/RQ3/gce/resnet18/RQ2/seed_2001/rate_0.2
Anzahl: 11

clean/summary_metrics.csv:
seed,rate,accuracy,precision,recall,f1
42,0.0,0.9431111111111112,0.9436327012424156,0.943111111111111,0.943026148217648
2001,0.0,0.9426666666666668,0.9433066691377656,0.9426666666666664,0.9426729568891415
2026,0.0,0.9482222222222222,0.9485841385545938,0.9482222222222223,0.9480542396998861

RQ1/summary_metrics.csv:
seed,rate,accuracy,precision,recall,f1
42,0.01,0.9413333333333334,0.9421991523510088,0.9413333333333334,0.9413911978540992
2001,0.01,0.9415555555555556,0.9420985126326046,0.9415555555555556,0.9415251855711284
2026,0.01,0.9448888888888888,0.9455861783445676,0.944888888888889,0.9449591488154568
42,0.02,0.9415555555555556,0.9420476236241644,0.9415555555555556,0.9414955440362194
2026,0.02,0.9422222222222222,0.9428069777448752,0.9422222222222222,0.9422153565296358
2001,0.02,0.9404444444444444,0.9410961948730484,0.9404444444444444,0.9404455153993216
42,0.05,0.9393333333333334,0.9397923176367668,0.9393333333333334,0.9392572280444568
2001,0.05,0.9402222222222222,0.9407120598865324,0.940222222222222,0.9400985697805015
2026,0.05,0.9413333333333334,0.9421014280238866,0.9413333333333334,0.9414106392847634
42,0.1,0.936,0.9366640980675048,0.9359999999999998,0.935982796055188
2026,0.1,0.9388888888888888,0.939262443632982,0.9388888888888888,0.9387638284348
2001,0.1,0.936,0.9363170492338032,0.9359999999999998,0.93579254352614
42,0.2,0.9282222222222222,0.9292612406806628,0.928222222222222,0.9283466059628054
2001,0.2,0.9266666666666666,0.9276134017976206,0.9266666666666667,0.9266634937254828
2026,0.2,0.9277777777777778,0.9290780314897735,0.9277777777777778,0.927813324056382

RQ2/summary_metrics.csv:
seed,rate,accuracy,precision,recall,f1
42,0.01,0.9391111111111112,0.9395710770681596,0.9391111111111108,0.9389614718222974
2001,0.01,0.9402222222222222,0.9407509847786436,0.9402222222222224,0.9401536602497376
2026,0.01,0.9448888888888888,0.9451564675376288,0.944888888888889,0.9447304151449714
42,0.02,0.9442222222222222,0.944736904909899,0.944222222222222,0.9440707512165258
2001,0.02,0.9424444444444444,0.9431420359337293,0.9424444444444444,0.9424914162267524
2026,0.02,0.942,0.9425280822645464,0.9420000000000002,0.9418983395837432
42,0.05,0.9293333333333332,0.9299560389263196,0.9293333333333332,0.9291114016754636
2001,0.05,0.93,0.9306241891003866,0.93,0.9298929514747672
2026,0.05,0.9308888888888888,0.931168573876248,0.9308888888888892,0.9306385366182296
42,0.1,0.9211111111111112,0.923091142128436,0.9211111111111112,0.9211714363335876
2001,0.1,0.9148888888888888,0.916158368371629,0.9148888888888888,0.9147942679478532
2026,0.1,0.916,0.9176606269572594,0.9159999999999998,0.915939294674015
42,0.2,0.8766666666666667,0.8804256875688918,0.8766666666666664,0.8762094238864435
2001,0.2,0.8893333333333333,0.8926500172086794,0.8893333333333334,0.889443045542123
