=========================================
1. SLURM ALLOKATIONS-INFO
=========================================
Job ID: 5159 (Array 5159, Task 2)
Job Name: rq3_mixup_resnet18
Ausfuehrender Node: gpu01
Zugewiesene CPUs: 6
Zugewiesener Speicher: 32768 MB
Zugewiesene GPUs: 2
Zugewiesene GPUs ueber CUDA: 0
0, Tesla V100S-PCIE-32GB, 32768 MiB, 535.309.01

Zeitzonen-Check -> Node-Uhr (UTC): 2026-08-08 15:00:43 UTC
Zeitzonen-Check -> korrigiert    : 2026-08-08 17:00:43 CEST

Python: /home/yazanme/miniforge3/envs/venv/bin/python
Version: Python 3.12.13

Preflight ok: RQ2-Labels mit 16 Paaren / 32 angegriffenen Klassen.
Modell:           resnet18
Verteidigung:     mixup
Seed:             2026
Trainings-Config: /home/yazanme/BachelorThesis/BachelorThesis/src/yaml/rq3/rq3_train_resnet18.yaml
Daten-Config:     /home/yazanme/BachelorThesis/BachelorThesis/src/implementation/data_preparation/config.yaml
Ausgabe:          /home/yazanme/BachelorThesis/BachelorThesis/experiments/RQ3/mixup/resnet18/{clean,RQ1,RQ2}
Preflight ok: 3 HDF5-Splits + 10 Label-Tensoren (RQ1+RQ2) fuer Seed 2026.
Erwartet: 1 clean + 2 Angriffe x 5 Raten = 11 Laeufe (~4.6 h).

Startzeit: 2026-08-08 17:00:44 CEST

Starting main script...
Config: /home/yazanme/BachelorThesis/BachelorThesis/src/yaml/rq3/rq3_train_resnet18.yaml
Experiment: rq=RQ3 model=resnet18 rates=[0.0, 0.01, 0.02, 0.05, 0.1, 0.2]
Defense: mixup | Seeds: [2026] | Attacks: ['clean', 'RQ1', 'RQ2']
Set float32 matmul precision to: high
Initializing PyTorch and checking CUDA...
Set cudnn.benchmark to: True
Using device: cuda
Initializing base loaders...
Loading validation data from /home/yazanme/BachelorThesis/BachelorThesis/data/processed/resisc45/val.h5... (in_memory=True, workers=4)
Loading test data from /home/yazanme/BachelorThesis/BachelorThesis/data/processed/resisc45/test.h5... (in_memory=True, workers=4)
Starting experiment run...

=== defense=mixup attack=clean seed=2026 rate=0.0 ===
Loading train data from /home/yazanme/BachelorThesis/BachelorThesis/data/processed/resisc45/train.h5... (in_memory=True, workers=4)
Testing torch.compile support...
Successfully compiled model using torch.compile.
Epoch 001 | Seed 2026 | Rate 0.00 | Train Loss: 3.0352 | Val Loss: 2.5679 | Acc (clean): 0.2591 | Acc (poison): 0.2591 | Val Acc: 0.3030 | Time: 00:01:44
Epoch 002 | Seed 2026 | Rate 0.00 | Train Loss: 2.3054 | Val Loss: 2.0932 | Acc (clean): 0.4479 | Acc (poison): 0.4479 | Val Acc: 0.4178 | Time: 00:00:13
Epoch 003 | Seed 2026 | Rate 0.00 | Train Loss: 1.9892 | Val Loss: 1.8757 | Acc (clean): 0.5491 | Acc (poison): 0.5491 | Val Acc: 0.4481 | Time: 00:00:13
Epoch 004 | Seed 2026 | Rate 0.00 | Train Loss: 1.8167 | Val Loss: 2.1780 | Acc (clean): 0.6053 | Acc (poison): 0.6053 | Val Acc: 0.4207 | Time: 00:00:12
Epoch 005 | Seed 2026 | Rate 0.00 | Train Loss: 1.7354 | Val Loss: 1.3116 | Acc (clean): 0.6537 | Acc (poison): 0.6537 | Val Acc: 0.6115 | Time: 00:00:13
Epoch 006 | Seed 2026 | Rate 0.00 | Train Loss: 1.6092 | Val Loss: 1.4290 | Acc (clean): 0.6979 | Acc (poison): 0.6979 | Val Acc: 0.5748 | Time: 00:00:12
Epoch 007 | Seed 2026 | Rate 0.00 | Train Loss: 1.4795 | Val Loss: 1.3552 | Acc (clean): 0.7290 | Acc (poison): 0.7290 | Val Acc: 0.6067 | Time: 00:00:12
Epoch 008 | Seed 2026 | Rate 0.00 | Train Loss: 1.3359 | Val Loss: 0.9922 | Acc (clean): 0.7637 | Acc (poison): 0.7637 | Val Acc: 0.7219 | Time: 00:00:13
Epoch 009 | Seed 2026 | Rate 0.00 | Train Loss: 1.2910 | Val Loss: 1.1100 | Acc (clean): 0.7981 | Acc (poison): 0.7981 | Val Acc: 0.6822 | Time: 00:00:12
Epoch 010 | Seed 2026 | Rate 0.00 | Train Loss: 1.2210 | Val Loss: 0.9143 | Acc (clean): 0.8150 | Acc (poison): 0.8150 | Val Acc: 0.7556 | Time: 00:00:13
Epoch 011 | Seed 2026 | Rate 0.00 | Train Loss: 1.1083 | Val Loss: 0.8342 | Acc (clean): 0.8340 | Acc (poison): 0.8340 | Val Acc: 0.7626 | Time: 00:00:13
Epoch 012 | Seed 2026 | Rate 0.00 | Train Loss: 1.1403 | Val Loss: 0.8847 | Acc (clean): 0.8493 | Acc (poison): 0.8493 | Val Acc: 0.7381 | Time: 00:00:12
Epoch 013 | Seed 2026 | Rate 0.00 | Train Loss: 1.0656 | Val Loss: 0.7830 | Acc (clean): 0.8592 | Acc (poison): 0.8592 | Val Acc: 0.7944 | Time: 00:00:12
Epoch 014 | Seed 2026 | Rate 0.00 | Train Loss: 1.0822 | Val Loss: 0.6856 | Acc (clean): 0.8698 | Acc (poison): 0.8698 | Val Acc: 0.8096 | Time: 00:00:22
Epoch 015 | Seed 2026 | Rate 0.00 | Train Loss: 1.0109 | Val Loss: 0.7094 | Acc (clean): 0.8782 | Acc (poison): 0.8782 | Val Acc: 0.7874 | Time: 00:00:12
Epoch 016 | Seed 2026 | Rate 0.00 | Train Loss: 1.0175 | Val Loss: 0.8619 | Acc (clean): 0.8813 | Acc (poison): 0.8813 | Val Acc: 0.7656 | Time: 00:00:12
Epoch 017 | Seed 2026 | Rate 0.00 | Train Loss: 0.9898 | Val Loss: 0.7469 | Acc (clean): 0.8831 | Acc (poison): 0.8831 | Val Acc: 0.7896 | Time: 00:00:13
Epoch 018 | Seed 2026 | Rate 0.00 | Train Loss: 1.1501 | Val Loss: 0.7014 | Acc (clean): 0.8903 | Acc (poison): 0.8903 | Val Acc: 0.8041 | Time: 00:00:12
Epoch 019 | Seed 2026 | Rate 0.00 | Train Loss: 1.0358 | Val Loss: 0.6190 | Acc (clean): 0.8939 | Acc (poison): 0.8939 | Val Acc: 0.8378 | Time: 00:00:17
Epoch 020 | Seed 2026 | Rate 0.00 | Train Loss: 0.9229 | Val Loss: 0.6112 | Acc (clean): 0.8990 | Acc (poison): 0.8990 | Val Acc: 0.8259 | Time: 00:00:18
Epoch 021 | Seed 2026 | Rate 0.00 | Train Loss: 0.9684 | Val Loss: 0.6351 | Acc (clean): 0.8972 | Acc (poison): 0.8972 | Val Acc: 0.8167 | Time: 00:00:12
Epoch 022 | Seed 2026 | Rate 0.00 | Train Loss: 0.9393 | Val Loss: 0.9875 | Acc (clean): 0.9066 | Acc (poison): 0.9066 | Val Acc: 0.7185 | Time: 00:00:12
Epoch 023 | Seed 2026 | Rate 0.00 | Train Loss: 0.9993 | Val Loss: 0.8364 | Acc (clean): 0.9002 | Acc (poison): 0.9002 | Val Acc: 0.7759 | Time: 00:00:12
Epoch 024 | Seed 2026 | Rate 0.00 | Train Loss: 0.9566 | Val Loss: 0.7638 | Acc (clean): 0.9135 | Acc (poison): 0.9135 | Val Acc: 0.7930 | Time: 00:00:12
Epoch 025 | Seed 2026 | Rate 0.00 | Train Loss: 0.9955 | Val Loss: 0.8188 | Acc (clean): 0.9121 | Acc (poison): 0.9121 | Val Acc: 0.7893 | Time: 00:00:12
Epoch 026 | Seed 2026 | Rate 0.00 | Train Loss: 0.9340 | Val Loss: 0.7110 | Acc (clean): 0.9153 | Acc (poison): 0.9153 | Val Acc: 0.7993 | Time: 00:00:12
Epoch 027 | Seed 2026 | Rate 0.00 | Train Loss: 0.9520 | Val Loss: 0.8441 | Acc (clean): 0.9148 | Acc (poison): 0.9148 | Val Acc: 0.7707 | Time: 00:00:12
Epoch 028 | Seed 2026 | Rate 0.00 | Train Loss: 0.9332 | Val Loss: 0.7070 | Acc (clean): 0.9150 | Acc (poison): 0.9150 | Val Acc: 0.7881 | Time: 00:00:12
Epoch 029 | Seed 2026 | Rate 0.00 | Train Loss: 0.8902 | Val Loss: 0.5309 | Acc (clean): 0.9200 | Acc (poison): 0.9200 | Val Acc: 0.8441 | Time: 00:00:13
Epoch 030 | Seed 2026 | Rate 0.00 | Train Loss: 0.9032 | Val Loss: 0.7358 | Acc (clean): 0.9184 | Acc (poison): 0.9184 | Val Acc: 0.7937 | Time: 00:00:12
Epoch 031 | Seed 2026 | Rate 0.00 | Train Loss: 0.9796 | Val Loss: 0.7064 | Acc (clean): 0.9250 | Acc (poison): 0.9250 | Val Acc: 0.8007 | Time: 00:00:12
Epoch 032 | Seed 2026 | Rate 0.00 | Train Loss: 0.8770 | Val Loss: 0.6136 | Acc (clean): 0.9202 | Acc (poison): 0.9202 | Val Acc: 0.8330 | Time: 00:00:12
Epoch 033 | Seed 2026 | Rate 0.00 | Train Loss: 0.8697 | Val Loss: 0.7417 | Acc (clean): 0.9230 | Acc (poison): 0.9230 | Val Acc: 0.7944 | Time: 00:00:12
Epoch 034 | Seed 2026 | Rate 0.00 | Train Loss: 0.8470 | Val Loss: 0.5072 | Acc (clean): 0.9209 | Acc (poison): 0.9209 | Val Acc: 0.8556 | Time: 00:00:13
Epoch 035 | Seed 2026 | Rate 0.00 | Train Loss: 0.9210 | Val Loss: 0.6323 | Acc (clean): 0.9264 | Acc (poison): 0.9264 | Val Acc: 0.8307 | Time: 00:00:13
Epoch 036 | Seed 2026 | Rate 0.00 | Train Loss: 0.9264 | Val Loss: 0.5788 | Acc (clean): 0.9309 | Acc (poison): 0.9309 | Val Acc: 0.8374 | Time: 00:00:13
Epoch 037 | Seed 2026 | Rate 0.00 | Train Loss: 0.8164 | Val Loss: 0.6780 | Acc (clean): 0.9274 | Acc (poison): 0.9274 | Val Acc: 0.8004 | Time: 00:00:12
Epoch 038 | Seed 2026 | Rate 0.00 | Train Loss: 0.8751 | Val Loss: 0.6066 | Acc (clean): 0.9273 | Acc (poison): 0.9273 | Val Acc: 0.8267 | Time: 00:00:12
Epoch 039 | Seed 2026 | Rate 0.00 | Train Loss: 0.8368 | Val Loss: 0.7385 | Acc (clean): 0.9302 | Acc (poison): 0.9302 | Val Acc: 0.8011 | Time: 00:00:12
Epoch 040 | Seed 2026 | Rate 0.00 | Train Loss: 0.8379 | Val Loss: 0.5589 | Acc (clean): 0.9289 | Acc (poison): 0.9289 | Val Acc: 0.8359 | Time: 00:00:12
Epoch 041 | Seed 2026 | Rate 0.00 | Train Loss: 0.8206 | Val Loss: 0.6744 | Acc (clean): 0.9276 | Acc (poison): 0.9276 | Val Acc: 0.8119 | Time: 00:00:12
Epoch 042 | Seed 2026 | Rate 0.00 | Train Loss: 0.8249 | Val Loss: 0.7709 | Acc (clean): 0.9311 | Acc (poison): 0.9311 | Val Acc: 0.7811 | Time: 00:00:12
Epoch 043 | Seed 2026 | Rate 0.00 | Train Loss: 0.9260 | Val Loss: 0.7196 | Acc (clean): 0.9332 | Acc (poison): 0.9332 | Val Acc: 0.7919 | Time: 00:00:12
Epoch 044 | Seed 2026 | Rate 0.00 | Train Loss: 0.7588 | Val Loss: 0.6216 | Acc (clean): 0.9295 | Acc (poison): 0.9295 | Val Acc: 0.8233 | Time: 00:00:12
Epoch 045 | Seed 2026 | Rate 0.00 | Train Loss: 0.8189 | Val Loss: 0.6974 | Acc (clean): 0.9317 | Acc (poison): 0.9317 | Val Acc: 0.8041 | Time: 00:00:12
Epoch 046 | Seed 2026 | Rate 0.00 | Train Loss: 0.8201 | Val Loss: 0.7037 | Acc (clean): 0.9342 | Acc (poison): 0.9342 | Val Acc: 0.8215 | Time: 00:00:13
Epoch 047 | Seed 2026 | Rate 0.00 | Train Loss: 0.7747 | Val Loss: 0.6222 | Acc (clean): 0.9368 | Acc (poison): 0.9368 | Val Acc: 0.8293 | Time: 00:00:12
Epoch 048 | Seed 2026 | Rate 0.00 | Train Loss: 0.8138 | Val Loss: 0.7263 | Acc (clean): 0.9367 | Acc (poison): 0.9367 | Val Acc: 0.7919 | Time: 00:00:12
Epoch 049 | Seed 2026 | Rate 0.00 | Train Loss: 0.9487 | Val Loss: 0.6474 | Acc (clean): 0.9363 | Acc (poison): 0.9363 | Val Acc: 0.8256 | Time: 00:00:12
Epoch 050 | Seed 2026 | Rate 0.00 | Train Loss: 0.8473 | Val Loss: 0.6052 | Acc (clean): 0.9316 | Acc (poison): 0.9316 | Val Acc: 0.8207 | Time: 00:00:12
Epoch 051 | Seed 2026 | Rate 0.00 | Train Loss: 0.8313 | Val Loss: 0.3006 | Acc (clean): 0.9753 | Acc (poison): 0.9753 | Val Acc: 0.9241 | Time: 00:00:13
Epoch 052 | Seed 2026 | Rate 0.00 | Train Loss: 0.6897 | Val Loss: 0.2727 | Acc (clean): 0.9869 | Acc (poison): 0.9869 | Val Acc: 0.9281 | Time: 00:00:13
Epoch 053 | Seed 2026 | Rate 0.00 | Train Loss: 0.5940 | Val Loss: 0.2496 | Acc (clean): 0.9907 | Acc (poison): 0.9907 | Val Acc: 0.9289 | Time: 00:00:13
Epoch 054 | Seed 2026 | Rate 0.00 | Train Loss: 0.6263 | Val Loss: 0.2575 | Acc (clean): 0.9923 | Acc (poison): 0.9923 | Val Acc: 0.9296 | Time: 00:00:12
Epoch 055 | Seed 2026 | Rate 0.00 | Train Loss: 0.7413 | Val Loss: 0.2999 | Acc (clean): 0.9930 | Acc (poison): 0.9930 | Val Acc: 0.9207 | Time: 00:00:12
Epoch 056 | Seed 2026 | Rate 0.00 | Train Loss: 0.6569 | Val Loss: 0.2561 | Acc (clean): 0.9939 | Acc (poison): 0.9939 | Val Acc: 0.9304 | Time: 00:00:12
Epoch 057 | Seed 2026 | Rate 0.00 | Train Loss: 0.6884 | Val Loss: 0.3054 | Acc (clean): 0.9950 | Acc (poison): 0.9950 | Val Acc: 0.9259 | Time: 00:00:12
Epoch 058 | Seed 2026 | Rate 0.00 | Train Loss: 0.6123 | Val Loss: 0.2501 | Acc (clean): 0.9953 | Acc (poison): 0.9953 | Val Acc: 0.9263 | Time: 00:00:12
Epoch 059 | Seed 2026 | Rate 0.00 | Train Loss: 0.5687 | Val Loss: 0.2500 | Acc (clean): 0.9951 | Acc (poison): 0.9951 | Val Acc: 0.9237 | Time: 00:00:12
Epoch 060 | Seed 2026 | Rate 0.00 | Train Loss: 0.6919 | Val Loss: 0.2499 | Acc (clean): 0.9959 | Acc (poison): 0.9959 | Val Acc: 0.9259 | Time: 00:00:12
Epoch 061 | Seed 2026 | Rate 0.00 | Train Loss: 0.4982 | Val Loss: 0.2333 | Acc (clean): 0.9963 | Acc (poison): 0.9963 | Val Acc: 0.9307 | Time: 00:00:14
Epoch 062 | Seed 2026 | Rate 0.00 | Train Loss: 0.5789 | Val Loss: 0.2208 | Acc (clean): 0.9973 | Acc (poison): 0.9973 | Val Acc: 0.9370 | Time: 00:00:13
Epoch 063 | Seed 2026 | Rate 0.00 | Train Loss: 0.5619 | Val Loss: 0.2535 | Acc (clean): 0.9968 | Acc (poison): 0.9968 | Val Acc: 0.9311 | Time: 00:00:12
Epoch 064 | Seed 2026 | Rate 0.00 | Train Loss: 0.5971 | Val Loss: 0.2530 | Acc (clean): 0.9974 | Acc (poison): 0.9974 | Val Acc: 0.9333 | Time: 00:00:12
Epoch 065 | Seed 2026 | Rate 0.00 | Train Loss: 0.6683 | Val Loss: 0.2681 | Acc (clean): 0.9973 | Acc (poison): 0.9973 | Val Acc: 0.9256 | Time: 00:00:12
Epoch 066 | Seed 2026 | Rate 0.00 | Train Loss: 0.6072 | Val Loss: 0.2412 | Acc (clean): 0.9977 | Acc (poison): 0.9977 | Val Acc: 0.9337 | Time: 00:00:12
Epoch 067 | Seed 2026 | Rate 0.00 | Train Loss: 0.6303 | Val Loss: 0.2325 | Acc (clean): 0.9979 | Acc (poison): 0.9979 | Val Acc: 0.9344 | Time: 00:00:12
Epoch 068 | Seed 2026 | Rate 0.00 | Train Loss: 0.5735 | Val Loss: 0.2384 | Acc (clean): 0.9978 | Acc (poison): 0.9978 | Val Acc: 0.9307 | Time: 00:00:13
Epoch 069 | Seed 2026 | Rate 0.00 | Train Loss: 0.6012 | Val Loss: 0.2289 | Acc (clean): 0.9980 | Acc (poison): 0.9980 | Val Acc: 0.9393 | Time: 00:00:12
Epoch 070 | Seed 2026 | Rate 0.00 | Train Loss: 0.4667 | Val Loss: 0.2285 | Acc (clean): 0.9979 | Acc (poison): 0.9979 | Val Acc: 0.9374 | Time: 00:00:12
Epoch 071 | Seed 2026 | Rate 0.00 | Train Loss: 0.5346 | Val Loss: 0.2329 | Acc (clean): 0.9985 | Acc (poison): 0.9985 | Val Acc: 0.9370 | Time: 00:00:12
Epoch 072 | Seed 2026 | Rate 0.00 | Train Loss: 0.6253 | Val Loss: 0.2506 | Acc (clean): 0.9983 | Acc (poison): 0.9983 | Val Acc: 0.9322 | Time: 00:00:12
Epoch 073 | Seed 2026 | Rate 0.00 | Train Loss: 0.5506 | Val Loss: 0.2606 | Acc (clean): 0.9988 | Acc (poison): 0.9988 | Val Acc: 0.9296 | Time: 00:00:12
Epoch 074 | Seed 2026 | Rate 0.00 | Train Loss: 0.6254 | Val Loss: 0.2568 | Acc (clean): 0.9984 | Acc (poison): 0.9984 | Val Acc: 0.9300 | Time: 00:00:12
Epoch 075 | Seed 2026 | Rate 0.00 | Train Loss: 0.5466 | Val Loss: 0.2463 | Acc (clean): 0.9985 | Acc (poison): 0.9985 | Val Acc: 0.9348 | Time: 00:00:12
Epoch 076 | Seed 2026 | Rate 0.00 | Train Loss: 0.5413 | Val Loss: 0.2356 | Acc (clean): 0.9990 | Acc (poison): 0.9990 | Val Acc: 0.9344 | Time: 00:00:12
Epoch 077 | Seed 2026 | Rate 0.00 | Train Loss: 0.6600 | Val Loss: 0.2430 | Acc (clean): 0.9993 | Acc (poison): 0.9993 | Val Acc: 0.9378 | Time: 00:00:12
Epoch 078 | Seed 2026 | Rate 0.00 | Train Loss: 0.6590 | Val Loss: 0.2294 | Acc (clean): 0.9995 | Acc (poison): 0.9995 | Val Acc: 0.9356 | Time: 00:00:12
Epoch 079 | Seed 2026 | Rate 0.00 | Train Loss: 0.5276 | Val Loss: 0.2393 | Acc (clean): 0.9996 | Acc (poison): 0.9996 | Val Acc: 0.9363 | Time: 00:00:12
Epoch 080 | Seed 2026 | Rate 0.00 | Train Loss: 0.5677 | Val Loss: 0.2506 | Acc (clean): 0.9993 | Acc (poison): 0.9993 | Val Acc: 0.9356 | Time: 00:00:12
Epoch 081 | Seed 2026 | Rate 0.00 | Train Loss: 0.5497 | Val Loss: 0.2457 | Acc (clean): 0.9995 | Acc (poison): 0.9995 | Val Acc: 0.9359 | Time: 00:00:12
Epoch 082 | Seed 2026 | Rate 0.00 | Train Loss: 0.6003 | Val Loss: 0.2462 | Acc (clean): 0.9995 | Acc (poison): 0.9995 | Val Acc: 0.9363 | Time: 00:00:12
Epoch 083 | Seed 2026 | Rate 0.00 | Train Loss: 0.5362 | Val Loss: 0.2332 | Acc (clean): 0.9995 | Acc (poison): 0.9995 | Val Acc: 0.9396 | Time: 00:00:12
Epoch 084 | Seed 2026 | Rate 0.00 | Train Loss: 0.5384 | Val Loss: 0.2341 | Acc (clean): 0.9994 | Acc (poison): 0.9994 | Val Acc: 0.9385 | Time: 00:00:12
Epoch 085 | Seed 2026 | Rate 0.00 | Train Loss: 0.5774 | Val Loss: 0.2265 | Acc (clean): 0.9992 | Acc (poison): 0.9992 | Val Acc: 0.9389 | Time: 00:00:13
Epoch 086 | Seed 2026 | Rate 0.00 | Train Loss: 0.5647 | Val Loss: 0.2290 | Acc (clean): 0.9996 | Acc (poison): 0.9996 | Val Acc: 0.9393 | Time: 00:00:12
Epoch 087 | Seed 2026 | Rate 0.00 | Train Loss: 0.5720 | Val Loss: 0.2126 | Acc (clean): 0.9993 | Acc (poison): 0.9993 | Val Acc: 0.9411 | Time: 00:00:13
Epoch 088 | Seed 2026 | Rate 0.00 | Train Loss: 0.5940 | Val Loss: 0.2302 | Acc (clean): 0.9995 | Acc (poison): 0.9995 | Val Acc: 0.9415 | Time: 00:00:12
Epoch 089 | Seed 2026 | Rate 0.00 | Train Loss: 0.5586 | Val Loss: 0.2513 | Acc (clean): 0.9996 | Acc (poison): 0.9996 | Val Acc: 0.9367 | Time: 00:00:12
Epoch 090 | Seed 2026 | Rate 0.00 | Train Loss: 0.5338 | Val Loss: 0.2211 | Acc (clean): 0.9994 | Acc (poison): 0.9994 | Val Acc: 0.9389 | Time: 00:00:12
Epoch 091 | Seed 2026 | Rate 0.00 | Train Loss: 0.5238 | Val Loss: 0.2331 | Acc (clean): 0.9995 | Acc (poison): 0.9995 | Val Acc: 0.9367 | Time: 00:00:12
Epoch 092 | Seed 2026 | Rate 0.00 | Train Loss: 0.5586 | Val Loss: 0.2214 | Acc (clean): 0.9995 | Acc (poison): 0.9995 | Val Acc: 0.9393 | Time: 00:00:12
Epoch 093 | Seed 2026 | Rate 0.00 | Train Loss: 0.5201 | Val Loss: 0.2285 | Acc (clean): 0.9996 | Acc (poison): 0.9996 | Val Acc: 0.9381 | Time: 00:00:12
Epoch 094 | Seed 2026 | Rate 0.00 | Train Loss: 0.5781 | Val Loss: 0.2237 | Acc (clean): 0.9997 | Acc (poison): 0.9997 | Val Acc: 0.9370 | Time: 00:00:13
Epoch 095 | Seed 2026 | Rate 0.00 | Train Loss: 0.5297 | Val Loss: 0.2503 | Acc (clean): 0.9997 | Acc (poison): 0.9997 | Val Acc: 0.9344 | Time: 00:00:12
Epoch 096 | Seed 2026 | Rate 0.00 | Train Loss: 0.5325 | Val Loss: 0.2254 | Acc (clean): 0.9996 | Acc (poison): 0.9996 | Val Acc: 0.9378 | Time: 00:00:13
Epoch 097 | Seed 2026 | Rate 0.00 | Train Loss: 0.5901 | Val Loss: 0.2202 | Acc (clean): 0.9994 | Acc (poison): 0.9994 | Val Acc: 0.9374 | Time: 00:00:12
Epoch 098 | Seed 2026 | Rate 0.00 | Train Loss: 0.5517 | Val Loss: 0.2320 | Acc (clean): 0.9995 | Acc (poison): 0.9995 | Val Acc: 0.9385 | Time: 00:00:12
Epoch 099 | Seed 2026 | Rate 0.00 | Train Loss: 0.5248 | Val Loss: 0.2179 | Acc (clean): 0.9993 | Acc (poison): 0.9993 | Val Acc: 0.9422 | Time: 00:00:12
Epoch 100 | Seed 2026 | Rate 0.00 | Train Loss: 0.5028 | Val Loss: 0.2285 | Acc (clean): 0.9996 | Acc (poison): 0.9996 | Val Acc: 0.9385 | Time: 00:00:12

=== defense=mixup attack=RQ1 seed=2026 rate=0.01 ===
Loading train data from /home/yazanme/BachelorThesis/BachelorThesis/data/processed/resisc45/train.h5 with mapping /home/yazanme/BachelorThesis/BachelorThesis/data/processed/resisc45/poisoned/RQ1/seed_2026/labels_0.01.pt... (in_memory=True, workers=4)
Testing torch.compile support...
Successfully compiled model using torch.compile.
Epoch 001 | Seed 2026 | Rate 0.01 | Train Loss: 3.0541 | Val Loss: 2.3318 | Acc (clean): 0.2542 | Acc (poison): 0.2522 | Val Acc: 0.3419 | Time: 00:00:13
Epoch 002 | Seed 2026 | Rate 0.01 | Train Loss: 2.3618 | Val Loss: 2.0610 | Acc (clean): 0.4325 | Acc (poison): 0.4288 | Val Acc: 0.3989 | Time: 00:00:13
Epoch 003 | Seed 2026 | Rate 0.01 | Train Loss: 2.0613 | Val Loss: 1.6185 | Acc (clean): 0.5370 | Acc (poison): 0.5319 | Val Acc: 0.5326 | Time: 00:00:13
Epoch 004 | Seed 2026 | Rate 0.01 | Train Loss: 1.8558 | Val Loss: 1.4646 | Acc (clean): 0.6081 | Acc (poison): 0.6025 | Val Acc: 0.5615 | Time: 00:00:13
Epoch 005 | Seed 2026 | Rate 0.01 | Train Loss: 1.7663 | Val Loss: 1.4942 | Acc (clean): 0.6572 | Acc (poison): 0.6512 | Val Acc: 0.5726 | Time: 00:00:12
Epoch 006 | Seed 2026 | Rate 0.01 | Train Loss: 1.6387 | Val Loss: 1.3909 | Acc (clean): 0.7000 | Acc (poison): 0.6937 | Val Acc: 0.5896 | Time: 00:00:12
Epoch 007 | Seed 2026 | Rate 0.01 | Train Loss: 1.4903 | Val Loss: 1.1716 | Acc (clean): 0.7368 | Acc (poison): 0.7300 | Val Acc: 0.6507 | Time: 00:00:13
Epoch 008 | Seed 2026 | Rate 0.01 | Train Loss: 1.3664 | Val Loss: 1.1232 | Acc (clean): 0.7736 | Acc (poison): 0.7664 | Val Acc: 0.6689 | Time: 00:00:12
Epoch 009 | Seed 2026 | Rate 0.01 | Train Loss: 1.3270 | Val Loss: 1.0425 | Acc (clean): 0.8010 | Acc (poison): 0.7936 | Val Acc: 0.7211 | Time: 00:00:13
Epoch 010 | Seed 2026 | Rate 0.01 | Train Loss: 1.2465 | Val Loss: 1.0488 | Acc (clean): 0.8198 | Acc (poison): 0.8122 | Val Acc: 0.7326 | Time: 00:00:12
Epoch 011 | Seed 2026 | Rate 0.01 | Train Loss: 1.1487 | Val Loss: 0.8904 | Acc (clean): 0.8382 | Acc (poison): 0.8307 | Val Acc: 0.7552 | Time: 00:00:12
Epoch 012 | Seed 2026 | Rate 0.01 | Train Loss: 1.1830 | Val Loss: 1.0685 | Acc (clean): 0.8538 | Acc (poison): 0.8458 | Val Acc: 0.6904 | Time: 00:00:12
Epoch 013 | Seed 2026 | Rate 0.01 | Train Loss: 1.1114 | Val Loss: 0.7901 | Acc (clean): 0.8598 | Acc (poison): 0.8520 | Val Acc: 0.7826 | Time: 00:00:13
Epoch 014 | Seed 2026 | Rate 0.01 | Train Loss: 1.1459 | Val Loss: 0.7543 | Acc (clean): 0.8651 | Acc (poison): 0.8574 | Val Acc: 0.7974 | Time: 00:00:13
Epoch 015 | Seed 2026 | Rate 0.01 | Train Loss: 1.0686 | Val Loss: 0.6332 | Acc (clean): 0.8777 | Acc (poison): 0.8698 | Val Acc: 0.8159 | Time: 00:00:13
Epoch 016 | Seed 2026 | Rate 0.01 | Train Loss: 1.0657 | Val Loss: 0.7943 | Acc (clean): 0.8823 | Acc (poison): 0.8744 | Val Acc: 0.7793 | Time: 00:00:12
Epoch 017 | Seed 2026 | Rate 0.01 | Train Loss: 1.0444 | Val Loss: 0.7427 | Acc (clean): 0.8791 | Acc (poison): 0.8714 | Val Acc: 0.7870 | Time: 00:00:12
Epoch 018 | Seed 2026 | Rate 0.01 | Train Loss: 1.2053 | Val Loss: 0.8196 | Acc (clean): 0.8860 | Acc (poison): 0.8781 | Val Acc: 0.7619 | Time: 00:00:12
Epoch 019 | Seed 2026 | Rate 0.01 | Train Loss: 1.0946 | Val Loss: 0.7968 | Acc (clean): 0.8887 | Acc (poison): 0.8805 | Val Acc: 0.7944 | Time: 00:00:12
Epoch 020 | Seed 2026 | Rate 0.01 | Train Loss: 0.9802 | Val Loss: 0.6790 | Acc (clean): 0.8978 | Acc (poison): 0.8897 | Val Acc: 0.8148 | Time: 00:00:12
Epoch 021 | Seed 2026 | Rate 0.01 | Train Loss: 1.0223 | Val Loss: 0.7297 | Acc (clean): 0.8967 | Acc (poison): 0.8887 | Val Acc: 0.7933 | Time: 00:00:12
Epoch 022 | Seed 2026 | Rate 0.01 | Train Loss: 1.0074 | Val Loss: 0.7485 | Acc (clean): 0.9004 | Acc (poison): 0.8925 | Val Acc: 0.7963 | Time: 00:00:12
Epoch 023 | Seed 2026 | Rate 0.01 | Train Loss: 1.0513 | Val Loss: 0.7761 | Acc (clean): 0.9003 | Acc (poison): 0.8922 | Val Acc: 0.7907 | Time: 00:00:12
Epoch 024 | Seed 2026 | Rate 0.01 | Train Loss: 1.0194 | Val Loss: 0.7454 | Acc (clean): 0.9041 | Acc (poison): 0.8960 | Val Acc: 0.8133 | Time: 00:00:12
Epoch 025 | Seed 2026 | Rate 0.01 | Train Loss: 1.0470 | Val Loss: 0.8039 | Acc (clean): 0.9084 | Acc (poison): 0.9005 | Val Acc: 0.8019 | Time: 00:00:12
Epoch 026 | Seed 2026 | Rate 0.01 | Train Loss: 0.9877 | Val Loss: 0.6428 | Acc (clean): 0.9143 | Acc (poison): 0.9064 | Val Acc: 0.8289 | Time: 00:00:13
Epoch 027 | Seed 2026 | Rate 0.01 | Train Loss: 1.0017 | Val Loss: 0.7791 | Acc (clean): 0.9137 | Acc (poison): 0.9060 | Val Acc: 0.8070 | Time: 00:00:12
Epoch 028 | Seed 2026 | Rate 0.01 | Train Loss: 0.9838 | Val Loss: 0.6320 | Acc (clean): 0.9138 | Acc (poison): 0.9060 | Val Acc: 0.8341 | Time: 00:00:13
Epoch 029 | Seed 2026 | Rate 0.01 | Train Loss: 0.9573 | Val Loss: 0.5610 | Acc (clean): 0.9154 | Acc (poison): 0.9070 | Val Acc: 0.8356 | Time: 00:00:13
Epoch 030 | Seed 2026 | Rate 0.01 | Train Loss: 0.9519 | Val Loss: 0.7331 | Acc (clean): 0.9192 | Acc (poison): 0.9112 | Val Acc: 0.8033 | Time: 00:00:12
Epoch 031 | Seed 2026 | Rate 0.01 | Train Loss: 1.0416 | Val Loss: 1.0132 | Acc (clean): 0.9198 | Acc (poison): 0.9120 | Val Acc: 0.7370 | Time: 00:00:12
Epoch 032 | Seed 2026 | Rate 0.01 | Train Loss: 0.9279 | Val Loss: 0.6811 | Acc (clean): 0.9186 | Acc (poison): 0.9106 | Val Acc: 0.8067 | Time: 00:00:12
Epoch 033 | Seed 2026 | Rate 0.01 | Train Loss: 0.9171 | Val Loss: 0.6707 | Acc (clean): 0.9249 | Acc (poison): 0.9167 | Val Acc: 0.8215 | Time: 00:00:12
Epoch 034 | Seed 2026 | Rate 0.01 | Train Loss: 0.8971 | Val Loss: 0.7982 | Acc (clean): 0.9213 | Acc (poison): 0.9135 | Val Acc: 0.7756 | Time: 00:00:12
Epoch 035 | Seed 2026 | Rate 0.01 | Train Loss: 0.9869 | Val Loss: 0.6498 | Acc (clean): 0.9214 | Acc (poison): 0.9137 | Val Acc: 0.8152 | Time: 00:00:12
Epoch 036 | Seed 2026 | Rate 0.01 | Train Loss: 0.9884 | Val Loss: 0.5697 | Acc (clean): 0.9255 | Acc (poison): 0.9178 | Val Acc: 0.8493 | Time: 00:00:12
Epoch 037 | Seed 2026 | Rate 0.01 | Train Loss: 0.8722 | Val Loss: 0.5929 | Acc (clean): 0.9242 | Acc (poison): 0.9163 | Val Acc: 0.8396 | Time: 00:00:13
Epoch 038 | Seed 2026 | Rate 0.01 | Train Loss: 0.9241 | Val Loss: 0.5940 | Acc (clean): 0.9268 | Acc (poison): 0.9187 | Val Acc: 0.8278 | Time: 00:00:12
Epoch 039 | Seed 2026 | Rate 0.01 | Train Loss: 0.8915 | Val Loss: 0.6117 | Acc (clean): 0.9253 | Acc (poison): 0.9173 | Val Acc: 0.8322 | Time: 00:00:12
Epoch 040 | Seed 2026 | Rate 0.01 | Train Loss: 0.9002 | Val Loss: 0.6882 | Acc (clean): 0.9257 | Acc (poison): 0.9177 | Val Acc: 0.8222 | Time: 00:00:12
Epoch 041 | Seed 2026 | Rate 0.01 | Train Loss: 0.8645 | Val Loss: 0.6687 | Acc (clean): 0.9283 | Acc (poison): 0.9205 | Val Acc: 0.7978 | Time: 00:00:12
Epoch 042 | Seed 2026 | Rate 0.01 | Train Loss: 0.8822 | Val Loss: 0.6126 | Acc (clean): 0.9275 | Acc (poison): 0.9198 | Val Acc: 0.8356 | Time: 00:00:12
Epoch 043 | Seed 2026 | Rate 0.01 | Train Loss: 0.9815 | Val Loss: 0.6553 | Acc (clean): 0.9286 | Acc (poison): 0.9212 | Val Acc: 0.8126 | Time: 00:00:12
Epoch 044 | Seed 2026 | Rate 0.01 | Train Loss: 0.8106 | Val Loss: 0.5659 | Acc (clean): 0.9284 | Acc (poison): 0.9203 | Val Acc: 0.8459 | Time: 00:00:12
Epoch 045 | Seed 2026 | Rate 0.01 | Train Loss: 0.8784 | Val Loss: 0.5603 | Acc (clean): 0.9277 | Acc (poison): 0.9202 | Val Acc: 0.8526 | Time: 00:00:13
Epoch 046 | Seed 2026 | Rate 0.01 | Train Loss: 0.8579 | Val Loss: 0.6495 | Acc (clean): 0.9330 | Acc (poison): 0.9251 | Val Acc: 0.8419 | Time: 00:00:12
Epoch 047 | Seed 2026 | Rate 0.01 | Train Loss: 0.8336 | Val Loss: 0.6180 | Acc (clean): 0.9330 | Acc (poison): 0.9252 | Val Acc: 0.8326 | Time: 00:00:12
Epoch 048 | Seed 2026 | Rate 0.01 | Train Loss: 0.8696 | Val Loss: 0.5683 | Acc (clean): 0.9339 | Acc (poison): 0.9265 | Val Acc: 0.8511 | Time: 00:00:12
Epoch 049 | Seed 2026 | Rate 0.01 | Train Loss: 0.9891 | Val Loss: 0.6391 | Acc (clean): 0.9384 | Acc (poison): 0.9309 | Val Acc: 0.8333 | Time: 00:00:12
Epoch 050 | Seed 2026 | Rate 0.01 | Train Loss: 0.8933 | Val Loss: 0.6093 | Acc (clean): 0.9315 | Acc (poison): 0.9241 | Val Acc: 0.8363 | Time: 00:00:12
Epoch 051 | Seed 2026 | Rate 0.01 | Train Loss: 0.8794 | Val Loss: 0.3143 | Acc (clean): 0.9740 | Acc (poison): 0.9662 | Val Acc: 0.9211 | Time: 00:00:13
Epoch 052 | Seed 2026 | Rate 0.01 | Train Loss: 0.7324 | Val Loss: 0.2921 | Acc (clean): 0.9858 | Acc (poison): 0.9786 | Val Acc: 0.9278 | Time: 00:00:13
Epoch 053 | Seed 2026 | Rate 0.01 | Train Loss: 0.6332 | Val Loss: 0.2701 | Acc (clean): 0.9887 | Acc (poison): 0.9819 | Val Acc: 0.9293 | Time: 00:00:13
Epoch 054 | Seed 2026 | Rate 0.01 | Train Loss: 0.6642 | Val Loss: 0.2695 | Acc (clean): 0.9902 | Acc (poison): 0.9838 | Val Acc: 0.9259 | Time: 00:00:13
Epoch 055 | Seed 2026 | Rate 0.01 | Train Loss: 0.7686 | Val Loss: 0.3134 | Acc (clean): 0.9910 | Acc (poison): 0.9854 | Val Acc: 0.9219 | Time: 00:00:12
Epoch 056 | Seed 2026 | Rate 0.01 | Train Loss: 0.6862 | Val Loss: 0.2757 | Acc (clean): 0.9907 | Acc (poison): 0.9863 | Val Acc: 0.9270 | Time: 00:00:12
Epoch 057 | Seed 2026 | Rate 0.01 | Train Loss: 0.7249 | Val Loss: 0.3245 | Acc (clean): 0.9915 | Acc (poison): 0.9870 | Val Acc: 0.9241 | Time: 00:00:12
Epoch 058 | Seed 2026 | Rate 0.01 | Train Loss: 0.6425 | Val Loss: 0.2727 | Acc (clean): 0.9916 | Acc (poison): 0.9868 | Val Acc: 0.9263 | Time: 00:00:12
Epoch 059 | Seed 2026 | Rate 0.01 | Train Loss: 0.5967 | Val Loss: 0.2644 | Acc (clean): 0.9922 | Acc (poison): 0.9883 | Val Acc: 0.9296 | Time: 00:00:13
Epoch 060 | Seed 2026 | Rate 0.01 | Train Loss: 0.7222 | Val Loss: 0.2567 | Acc (clean): 0.9925 | Acc (poison): 0.9890 | Val Acc: 0.9341 | Time: 00:00:13
Epoch 061 | Seed 2026 | Rate 0.01 | Train Loss: 0.5216 | Val Loss: 0.2435 | Acc (clean): 0.9928 | Acc (poison): 0.9901 | Val Acc: 0.9352 | Time: 00:00:13
Epoch 062 | Seed 2026 | Rate 0.01 | Train Loss: 0.6077 | Val Loss: 0.2324 | Acc (clean): 0.9923 | Acc (poison): 0.9900 | Val Acc: 0.9333 | Time: 00:00:13
Epoch 063 | Seed 2026 | Rate 0.01 | Train Loss: 0.5929 | Val Loss: 0.2605 | Acc (clean): 0.9932 | Acc (poison): 0.9911 | Val Acc: 0.9374 | Time: 00:00:12
Epoch 064 | Seed 2026 | Rate 0.01 | Train Loss: 0.6219 | Val Loss: 0.2583 | Acc (clean): 0.9927 | Acc (poison): 0.9910 | Val Acc: 0.9326 | Time: 00:00:12
Epoch 065 | Seed 2026 | Rate 0.01 | Train Loss: 0.6957 | Val Loss: 0.2789 | Acc (clean): 0.9929 | Acc (poison): 0.9924 | Val Acc: 0.9256 | Time: 00:00:12
Epoch 066 | Seed 2026 | Rate 0.01 | Train Loss: 0.6323 | Val Loss: 0.2540 | Acc (clean): 0.9922 | Acc (poison): 0.9926 | Val Acc: 0.9326 | Time: 00:00:12
Epoch 067 | Seed 2026 | Rate 0.01 | Train Loss: 0.6489 | Val Loss: 0.2589 | Acc (clean): 0.9926 | Acc (poison): 0.9926 | Val Acc: 0.9341 | Time: 00:00:12
Epoch 068 | Seed 2026 | Rate 0.01 | Train Loss: 0.5996 | Val Loss: 0.2524 | Acc (clean): 0.9924 | Acc (poison): 0.9929 | Val Acc: 0.9363 | Time: 00:00:12
Epoch 069 | Seed 2026 | Rate 0.01 | Train Loss: 0.6237 | Val Loss: 0.2612 | Acc (clean): 0.9928 | Acc (poison): 0.9933 | Val Acc: 0.9359 | Time: 00:00:12
Epoch 070 | Seed 2026 | Rate 0.01 | Train Loss: 0.4872 | Val Loss: 0.2480 | Acc (clean): 0.9926 | Acc (poison): 0.9941 | Val Acc: 0.9356 | Time: 00:00:12
Epoch 071 | Seed 2026 | Rate 0.01 | Train Loss: 0.5543 | Val Loss: 0.2435 | Acc (clean): 0.9919 | Acc (poison): 0.9944 | Val Acc: 0.9374 | Time: 00:00:12
Epoch 072 | Seed 2026 | Rate 0.01 | Train Loss: 0.6436 | Val Loss: 0.2589 | Acc (clean): 0.9913 | Acc (poison): 0.9949 | Val Acc: 0.9356 | Time: 00:00:12
Epoch 073 | Seed 2026 | Rate 0.01 | Train Loss: 0.5714 | Val Loss: 0.2853 | Acc (clean): 0.9922 | Acc (poison): 0.9952 | Val Acc: 0.9304 | Time: 00:00:12
Epoch 074 | Seed 2026 | Rate 0.01 | Train Loss: 0.6435 | Val Loss: 0.2794 | Acc (clean): 0.9920 | Acc (poison): 0.9949 | Val Acc: 0.9289 | Time: 00:00:12
Epoch 075 | Seed 2026 | Rate 0.01 | Train Loss: 0.5602 | Val Loss: 0.2844 | Acc (clean): 0.9928 | Acc (poison): 0.9956 | Val Acc: 0.9256 | Time: 00:00:12
Epoch 076 | Seed 2026 | Rate 0.01 | Train Loss: 0.5564 | Val Loss: 0.2646 | Acc (clean): 0.9916 | Acc (poison): 0.9966 | Val Acc: 0.9296 | Time: 00:00:12
Epoch 077 | Seed 2026 | Rate 0.01 | Train Loss: 0.6753 | Val Loss: 0.2605 | Acc (clean): 0.9919 | Acc (poison): 0.9968 | Val Acc: 0.9326 | Time: 00:00:12
Epoch 078 | Seed 2026 | Rate 0.01 | Train Loss: 0.6744 | Val Loss: 0.2519 | Acc (clean): 0.9914 | Acc (poison): 0.9970 | Val Acc: 0.9337 | Time: 00:00:12
Epoch 079 | Seed 2026 | Rate 0.01 | Train Loss: 0.5447 | Val Loss: 0.2505 | Acc (clean): 0.9915 | Acc (poison): 0.9972 | Val Acc: 0.9337 | Time: 00:00:12
Epoch 080 | Seed 2026 | Rate 0.01 | Train Loss: 0.5825 | Val Loss: 0.2643 | Acc (clean): 0.9916 | Acc (poison): 0.9974 | Val Acc: 0.9322 | Time: 00:00:12
Epoch 081 | Seed 2026 | Rate 0.01 | Train Loss: 0.5652 | Val Loss: 0.2748 | Acc (clean): 0.9912 | Acc (poison): 0.9974 | Val Acc: 0.9311 | Time: 00:00:12
Epoch 082 | Seed 2026 | Rate 0.01 | Train Loss: 0.6178 | Val Loss: 0.2666 | Acc (clean): 0.9915 | Acc (poison): 0.9976 | Val Acc: 0.9341 | Time: 00:00:12
Epoch 083 | Seed 2026 | Rate 0.01 | Train Loss: 0.5482 | Val Loss: 0.2448 | Acc (clean): 0.9915 | Acc (poison): 0.9978 | Val Acc: 0.9407 | Time: 00:00:12
Epoch 084 | Seed 2026 | Rate 0.01 | Train Loss: 0.5509 | Val Loss: 0.2378 | Acc (clean): 0.9912 | Acc (poison): 0.9974 | Val Acc: 0.9378 | Time: 00:00:12
Epoch 085 | Seed 2026 | Rate 0.01 | Train Loss: 0.5911 | Val Loss: 0.2495 | Acc (clean): 0.9910 | Acc (poison): 0.9977 | Val Acc: 0.9393 | Time: 00:00:12
Epoch 086 | Seed 2026 | Rate 0.01 | Train Loss: 0.5811 | Val Loss: 0.2569 | Acc (clean): 0.9913 | Acc (poison): 0.9976 | Val Acc: 0.9352 | Time: 00:00:12
Epoch 087 | Seed 2026 | Rate 0.01 | Train Loss: 0.5893 | Val Loss: 0.2240 | Acc (clean): 0.9912 | Acc (poison): 0.9978 | Val Acc: 0.9419 | Time: 00:00:13
Epoch 088 | Seed 2026 | Rate 0.01 | Train Loss: 0.6066 | Val Loss: 0.2487 | Acc (clean): 0.9911 | Acc (poison): 0.9978 | Val Acc: 0.9378 | Time: 00:00:12
Epoch 089 | Seed 2026 | Rate 0.01 | Train Loss: 0.5704 | Val Loss: 0.2698 | Acc (clean): 0.9914 | Acc (poison): 0.9976 | Val Acc: 0.9333 | Time: 00:00:12
Epoch 090 | Seed 2026 | Rate 0.01 | Train Loss: 0.5477 | Val Loss: 0.2379 | Acc (clean): 0.9913 | Acc (poison): 0.9979 | Val Acc: 0.9359 | Time: 00:00:13
Epoch 091 | Seed 2026 | Rate 0.01 | Train Loss: 0.5353 | Val Loss: 0.2433 | Acc (clean): 0.9914 | Acc (poison): 0.9977 | Val Acc: 0.9385 | Time: 00:00:12
Epoch 092 | Seed 2026 | Rate 0.01 | Train Loss: 0.5701 | Val Loss: 0.2360 | Acc (clean): 0.9916 | Acc (poison): 0.9975 | Val Acc: 0.9400 | Time: 00:00:12
Epoch 093 | Seed 2026 | Rate 0.01 | Train Loss: 0.5291 | Val Loss: 0.2415 | Acc (clean): 0.9914 | Acc (poison): 0.9979 | Val Acc: 0.9415 | Time: 00:00:12
Epoch 094 | Seed 2026 | Rate 0.01 | Train Loss: 0.5953 | Val Loss: 0.2359 | Acc (clean): 0.9915 | Acc (poison): 0.9979 | Val Acc: 0.9393 | Time: 00:00:12
Epoch 095 | Seed 2026 | Rate 0.01 | Train Loss: 0.5411 | Val Loss: 0.2629 | Acc (clean): 0.9913 | Acc (poison): 0.9979 | Val Acc: 0.9378 | Time: 00:00:12
Epoch 096 | Seed 2026 | Rate 0.01 | Train Loss: 0.5445 | Val Loss: 0.2470 | Acc (clean): 0.9913 | Acc (poison): 0.9978 | Val Acc: 0.9359 | Time: 00:00:12
Epoch 097 | Seed 2026 | Rate 0.01 | Train Loss: 0.5997 | Val Loss: 0.2388 | Acc (clean): 0.9910 | Acc (poison): 0.9982 | Val Acc: 0.9370 | Time: 00:00:12
Epoch 098 | Seed 2026 | Rate 0.01 | Train Loss: 0.5613 | Val Loss: 0.2323 | Acc (clean): 0.9914 | Acc (poison): 0.9980 | Val Acc: 0.9400 | Time: 00:00:12
Epoch 099 | Seed 2026 | Rate 0.01 | Train Loss: 0.5390 | Val Loss: 0.2307 | Acc (clean): 0.9913 | Acc (poison): 0.9977 | Val Acc: 0.9385 | Time: 00:00:12
Epoch 100 | Seed 2026 | Rate 0.01 | Train Loss: 0.5146 | Val Loss: 0.2356 | Acc (clean): 0.9911 | Acc (poison): 0.9979 | Val Acc: 0.9400 | Time: 00:00:12

=== defense=mixup attack=RQ1 seed=2026 rate=0.02 ===
Loading train data from /home/yazanme/BachelorThesis/BachelorThesis/data/processed/resisc45/train.h5 with mapping /home/yazanme/BachelorThesis/BachelorThesis/data/processed/resisc45/poisoned/RQ1/seed_2026/labels_0.02.pt... (in_memory=True, workers=4)
Testing torch.compile support...
Successfully compiled model using torch.compile.
Epoch 001 | Seed 2026 | Rate 0.02 | Train Loss: 3.0840 | Val Loss: 2.4597 | Acc (clean): 0.2573 | Acc (poison): 0.2529 | Val Acc: 0.3248 | Time: 00:00:13
Epoch 002 | Seed 2026 | Rate 0.02 | Train Loss: 2.3708 | Val Loss: 1.9070 | Acc (clean): 0.4395 | Acc (poison): 0.4314 | Val Acc: 0.4411 | Time: 00:00:13
Epoch 003 | Seed 2026 | Rate 0.02 | Train Loss: 2.0990 | Val Loss: 1.6644 | Acc (clean): 0.5381 | Acc (poison): 0.5272 | Val Acc: 0.5222 | Time: 00:00:12
Epoch 004 | Seed 2026 | Rate 0.02 | Train Loss: 1.8998 | Val Loss: 1.5464 | Acc (clean): 0.6032 | Acc (poison): 0.5917 | Val Acc: 0.5504 | Time: 00:00:13
Epoch 005 | Seed 2026 | Rate 0.02 | Train Loss: 1.8164 | Val Loss: 1.6441 | Acc (clean): 0.6564 | Acc (poison): 0.6441 | Val Acc: 0.5570 | Time: 00:00:12
Epoch 006 | Seed 2026 | Rate 0.02 | Train Loss: 1.6901 | Val Loss: 1.1587 | Acc (clean): 0.6977 | Acc (poison): 0.6842 | Val Acc: 0.6644 | Time: 00:00:13
Epoch 007 | Seed 2026 | Rate 0.02 | Train Loss: 1.5491 | Val Loss: 1.1585 | Acc (clean): 0.7355 | Acc (poison): 0.7210 | Val Acc: 0.6670 | Time: 00:00:16
Epoch 008 | Seed 2026 | Rate 0.02 | Train Loss: 1.4317 | Val Loss: 1.3308 | Acc (clean): 0.7670 | Acc (poison): 0.7521 | Val Acc: 0.6196 | Time: 00:00:11
Epoch 009 | Seed 2026 | Rate 0.02 | Train Loss: 1.3910 | Val Loss: 1.2413 | Acc (clean): 0.7956 | Acc (poison): 0.7803 | Val Acc: 0.6856 | Time: 00:00:12
Epoch 010 | Seed 2026 | Rate 0.02 | Train Loss: 1.3167 | Val Loss: 1.0770 | Acc (clean): 0.8136 | Acc (poison): 0.7983 | Val Acc: 0.7044 | Time: 00:00:15
Epoch 011 | Seed 2026 | Rate 0.02 | Train Loss: 1.2258 | Val Loss: 0.9902 | Acc (clean): 0.8272 | Acc (poison): 0.8115 | Val Acc: 0.7341 | Time: 00:00:13
Epoch 012 | Seed 2026 | Rate 0.02 | Train Loss: 1.2531 | Val Loss: 1.1208 | Acc (clean): 0.8447 | Acc (poison): 0.8289 | Val Acc: 0.6841 | Time: 00:00:12
Epoch 013 | Seed 2026 | Rate 0.02 | Train Loss: 1.1779 | Val Loss: 0.9265 | Acc (clean): 0.8549 | Acc (poison): 0.8387 | Val Acc: 0.7456 | Time: 00:00:13
Epoch 014 | Seed 2026 | Rate 0.02 | Train Loss: 1.2063 | Val Loss: 0.7343 | Acc (clean): 0.8604 | Acc (poison): 0.8441 | Val Acc: 0.8041 | Time: 00:00:12
Epoch 015 | Seed 2026 | Rate 0.02 | Train Loss: 1.1360 | Val Loss: 0.6894 | Acc (clean): 0.8701 | Acc (poison): 0.8540 | Val Acc: 0.8133 | Time: 00:00:13
Epoch 016 | Seed 2026 | Rate 0.02 | Train Loss: 1.1274 | Val Loss: 1.1244 | Acc (clean): 0.8772 | Acc (poison): 0.8606 | Val Acc: 0.7011 | Time: 00:00:12
Epoch 017 | Seed 2026 | Rate 0.02 | Train Loss: 1.1041 | Val Loss: 0.6938 | Acc (clean): 0.8751 | Acc (poison): 0.8591 | Val Acc: 0.8030 | Time: 00:00:12
Epoch 018 | Seed 2026 | Rate 0.02 | Train Loss: 1.2665 | Val Loss: 0.6786 | Acc (clean): 0.8833 | Acc (poison): 0.8666 | Val Acc: 0.8152 | Time: 00:00:13
Epoch 019 | Seed 2026 | Rate 0.02 | Train Loss: 1.1527 | Val Loss: 0.8593 | Acc (clean): 0.8867 | Acc (poison): 0.8707 | Val Acc: 0.7830 | Time: 00:00:12
Epoch 020 | Seed 2026 | Rate 0.02 | Train Loss: 1.0451 | Val Loss: 0.7193 | Acc (clean): 0.8909 | Acc (poison): 0.8746 | Val Acc: 0.8048 | Time: 00:00:12
Epoch 021 | Seed 2026 | Rate 0.02 | Train Loss: 1.0809 | Val Loss: 0.6072 | Acc (clean): 0.8931 | Acc (poison): 0.8770 | Val Acc: 0.8326 | Time: 00:00:13
Epoch 022 | Seed 2026 | Rate 0.02 | Train Loss: 1.0624 | Val Loss: 0.7704 | Acc (clean): 0.8972 | Acc (poison): 0.8808 | Val Acc: 0.7826 | Time: 00:00:12
Epoch 023 | Seed 2026 | Rate 0.02 | Train Loss: 1.1032 | Val Loss: 0.9712 | Acc (clean): 0.8956 | Acc (poison): 0.8797 | Val Acc: 0.7300 | Time: 00:00:12
Epoch 024 | Seed 2026 | Rate 0.02 | Train Loss: 1.0845 | Val Loss: 0.7623 | Acc (clean): 0.8974 | Acc (poison): 0.8814 | Val Acc: 0.8093 | Time: 00:00:12
Epoch 025 | Seed 2026 | Rate 0.02 | Train Loss: 1.0992 | Val Loss: 0.7580 | Acc (clean): 0.9074 | Acc (poison): 0.8914 | Val Acc: 0.8244 | Time: 00:00:12
Epoch 026 | Seed 2026 | Rate 0.02 | Train Loss: 1.0488 | Val Loss: 0.8078 | Acc (clean): 0.9074 | Acc (poison): 0.8907 | Val Acc: 0.7700 | Time: 00:00:12
Epoch 027 | Seed 2026 | Rate 0.02 | Train Loss: 1.0579 | Val Loss: 0.7073 | Acc (clean): 0.9122 | Acc (poison): 0.8956 | Val Acc: 0.8204 | Time: 00:00:12
Epoch 028 | Seed 2026 | Rate 0.02 | Train Loss: 1.0409 | Val Loss: 0.7074 | Acc (clean): 0.9095 | Acc (poison): 0.8933 | Val Acc: 0.8144 | Time: 00:00:12
Epoch 029 | Seed 2026 | Rate 0.02 | Train Loss: 1.0139 | Val Loss: 0.7978 | Acc (clean): 0.9098 | Acc (poison): 0.8931 | Val Acc: 0.7759 | Time: 00:00:12
Epoch 030 | Seed 2026 | Rate 0.02 | Train Loss: 1.0155 | Val Loss: 0.7012 | Acc (clean): 0.9133 | Acc (poison): 0.8967 | Val Acc: 0.8170 | Time: 00:00:12
Epoch 031 | Seed 2026 | Rate 0.02 | Train Loss: 1.0957 | Val Loss: 1.0438 | Acc (clean): 0.9164 | Acc (poison): 0.9002 | Val Acc: 0.7230 | Time: 00:00:12
Epoch 032 | Seed 2026 | Rate 0.02 | Train Loss: 0.9881 | Val Loss: 0.6555 | Acc (clean): 0.9154 | Acc (poison): 0.8993 | Val Acc: 0.8237 | Time: 00:00:12
Epoch 033 | Seed 2026 | Rate 0.02 | Train Loss: 0.9802 | Val Loss: 0.6918 | Acc (clean): 0.9202 | Acc (poison): 0.9038 | Val Acc: 0.8089 | Time: 00:00:12
Epoch 034 | Seed 2026 | Rate 0.02 | Train Loss: 0.9524 | Val Loss: 0.6713 | Acc (clean): 0.9212 | Acc (poison): 0.9049 | Val Acc: 0.8178 | Time: 00:00:12
Epoch 035 | Seed 2026 | Rate 0.02 | Train Loss: 1.0346 | Val Loss: 0.9810 | Acc (clean): 0.9202 | Acc (poison): 0.9045 | Val Acc: 0.7285 | Time: 00:00:12
Epoch 036 | Seed 2026 | Rate 0.02 | Train Loss: 1.0423 | Val Loss: 0.7041 | Acc (clean): 0.9253 | Acc (poison): 0.9087 | Val Acc: 0.8133 | Time: 00:00:12
Epoch 037 | Seed 2026 | Rate 0.02 | Train Loss: 0.9273 | Val Loss: 0.6730 | Acc (clean): 0.9222 | Acc (poison): 0.9058 | Val Acc: 0.8263 | Time: 00:00:12
Epoch 038 | Seed 2026 | Rate 0.02 | Train Loss: 0.9845 | Val Loss: 0.5121 | Acc (clean): 0.9230 | Acc (poison): 0.9068 | Val Acc: 0.8589 | Time: 00:00:13
Epoch 039 | Seed 2026 | Rate 0.02 | Train Loss: 0.9377 | Val Loss: 0.7030 | Acc (clean): 0.9280 | Acc (poison): 0.9118 | Val Acc: 0.8119 | Time: 00:00:12
Epoch 040 | Seed 2026 | Rate 0.02 | Train Loss: 0.9564 | Val Loss: 0.6432 | Acc (clean): 0.9235 | Acc (poison): 0.9072 | Val Acc: 0.8293 | Time: 00:00:12
Epoch 041 | Seed 2026 | Rate 0.02 | Train Loss: 0.9272 | Val Loss: 0.8615 | Acc (clean): 0.9258 | Acc (poison): 0.9098 | Val Acc: 0.7596 | Time: 00:00:12
Epoch 042 | Seed 2026 | Rate 0.02 | Train Loss: 0.9360 | Val Loss: 0.6935 | Acc (clean): 0.9249 | Acc (poison): 0.9091 | Val Acc: 0.8163 | Time: 00:00:12
Epoch 043 | Seed 2026 | Rate 0.02 | Train Loss: 1.0444 | Val Loss: 0.7247 | Acc (clean): 0.9251 | Acc (poison): 0.9094 | Val Acc: 0.8115 | Time: 00:00:12
Epoch 044 | Seed 2026 | Rate 0.02 | Train Loss: 0.8628 | Val Loss: 0.6338 | Acc (clean): 0.9307 | Acc (poison): 0.9146 | Val Acc: 0.8281 | Time: 00:00:12
Epoch 045 | Seed 2026 | Rate 0.02 | Train Loss: 0.9263 | Val Loss: 0.5625 | Acc (clean): 0.9271 | Acc (poison): 0.9110 | Val Acc: 0.8489 | Time: 00:00:12
Epoch 046 | Seed 2026 | Rate 0.02 | Train Loss: 0.9145 | Val Loss: 0.5944 | Acc (clean): 0.9297 | Acc (poison): 0.9136 | Val Acc: 0.8511 | Time: 00:00:12
Epoch 047 | Seed 2026 | Rate 0.02 | Train Loss: 0.8807 | Val Loss: 0.6602 | Acc (clean): 0.9328 | Acc (poison): 0.9172 | Val Acc: 0.8256 | Time: 00:00:12
Epoch 048 | Seed 2026 | Rate 0.02 | Train Loss: 0.9219 | Val Loss: 0.6760 | Acc (clean): 0.9302 | Acc (poison): 0.9144 | Val Acc: 0.8233 | Time: 00:00:12
Epoch 049 | Seed 2026 | Rate 0.02 | Train Loss: 1.0383 | Val Loss: 0.5766 | Acc (clean): 0.9373 | Acc (poison): 0.9220 | Val Acc: 0.8548 | Time: 00:00:12
Epoch 050 | Seed 2026 | Rate 0.02 | Train Loss: 0.9486 | Val Loss: 0.5092 | Acc (clean): 0.9304 | Acc (poison): 0.9150 | Val Acc: 0.8511 | Time: 00:00:13
Epoch 051 | Seed 2026 | Rate 0.02 | Train Loss: 0.9136 | Val Loss: 0.3265 | Acc (clean): 0.9732 | Acc (poison): 0.9577 | Val Acc: 0.9215 | Time: 00:00:13
Epoch 052 | Seed 2026 | Rate 0.02 | Train Loss: 0.7718 | Val Loss: 0.3044 | Acc (clean): 0.9842 | Acc (poison): 0.9699 | Val Acc: 0.9244 | Time: 00:00:13
Epoch 053 | Seed 2026 | Rate 0.02 | Train Loss: 0.6703 | Val Loss: 0.2963 | Acc (clean): 0.9876 | Acc (poison): 0.9742 | Val Acc: 0.9289 | Time: 00:00:13
Epoch 054 | Seed 2026 | Rate 0.02 | Train Loss: 0.6995 | Val Loss: 0.2926 | Acc (clean): 0.9881 | Acc (poison): 0.9751 | Val Acc: 0.9285 | Time: 00:00:13
Epoch 055 | Seed 2026 | Rate 0.02 | Train Loss: 0.8050 | Val Loss: 0.3493 | Acc (clean): 0.9885 | Acc (poison): 0.9770 | Val Acc: 0.9259 | Time: 00:00:12
Epoch 056 | Seed 2026 | Rate 0.02 | Train Loss: 0.7212 | Val Loss: 0.2999 | Acc (clean): 0.9894 | Acc (poison): 0.9783 | Val Acc: 0.9281 | Time: 00:00:12
Epoch 057 | Seed 2026 | Rate 0.02 | Train Loss: 0.7559 | Val Loss: 0.3727 | Acc (clean): 0.9895 | Acc (poison): 0.9802 | Val Acc: 0.9170 | Time: 00:00:12
Epoch 058 | Seed 2026 | Rate 0.02 | Train Loss: 0.6706 | Val Loss: 0.2991 | Acc (clean): 0.9897 | Acc (poison): 0.9805 | Val Acc: 0.9296 | Time: 00:00:12
Epoch 059 | Seed 2026 | Rate 0.02 | Train Loss: 0.6270 | Val Loss: 0.2905 | Acc (clean): 0.9889 | Acc (poison): 0.9809 | Val Acc: 0.9304 | Time: 00:00:12
Epoch 060 | Seed 2026 | Rate 0.02 | Train Loss: 0.7511 | Val Loss: 0.2847 | Acc (clean): 0.9890 | Acc (poison): 0.9820 | Val Acc: 0.9304 | Time: 00:00:13
Epoch 061 | Seed 2026 | Rate 0.02 | Train Loss: 0.5489 | Val Loss: 0.2710 | Acc (clean): 0.9890 | Acc (poison): 0.9838 | Val Acc: 0.9341 | Time: 00:00:13
Epoch 062 | Seed 2026 | Rate 0.02 | Train Loss: 0.6348 | Val Loss: 0.2571 | Acc (clean): 0.9884 | Acc (poison): 0.9843 | Val Acc: 0.9378 | Time: 00:00:13
Epoch 063 | Seed 2026 | Rate 0.02 | Train Loss: 0.6178 | Val Loss: 0.2857 | Acc (clean): 0.9891 | Acc (poison): 0.9858 | Val Acc: 0.9341 | Time: 00:00:12
Epoch 064 | Seed 2026 | Rate 0.02 | Train Loss: 0.6463 | Val Loss: 0.2796 | Acc (clean): 0.9881 | Acc (poison): 0.9868 | Val Acc: 0.9341 | Time: 00:00:12
Epoch 065 | Seed 2026 | Rate 0.02 | Train Loss: 0.7202 | Val Loss: 0.3032 | Acc (clean): 0.9877 | Acc (poison): 0.9867 | Val Acc: 0.9304 | Time: 00:00:12
Epoch 066 | Seed 2026 | Rate 0.02 | Train Loss: 0.6559 | Val Loss: 0.2865 | Acc (clean): 0.9879 | Acc (poison): 0.9873 | Val Acc: 0.9326 | Time: 00:00:12
Epoch 067 | Seed 2026 | Rate 0.02 | Train Loss: 0.6733 | Val Loss: 0.2918 | Acc (clean): 0.9875 | Acc (poison): 0.9876 | Val Acc: 0.9293 | Time: 00:00:12
Epoch 068 | Seed 2026 | Rate 0.02 | Train Loss: 0.6224 | Val Loss: 0.2793 | Acc (clean): 0.9867 | Acc (poison): 0.9881 | Val Acc: 0.9374 | Time: 00:00:12
Epoch 069 | Seed 2026 | Rate 0.02 | Train Loss: 0.6433 | Val Loss: 0.2874 | Acc (clean): 0.9867 | Acc (poison): 0.9890 | Val Acc: 0.9352 | Time: 00:00:12
Epoch 070 | Seed 2026 | Rate 0.02 | Train Loss: 0.5045 | Val Loss: 0.2679 | Acc (clean): 0.9868 | Acc (poison): 0.9899 | Val Acc: 0.9374 | Time: 00:00:12
Epoch 071 | Seed 2026 | Rate 0.02 | Train Loss: 0.5725 | Val Loss: 0.2672 | Acc (clean): 0.9854 | Acc (poison): 0.9908 | Val Acc: 0.9404 | Time: 00:00:12
Epoch 072 | Seed 2026 | Rate 0.02 | Train Loss: 0.6645 | Val Loss: 0.2901 | Acc (clean): 0.9851 | Acc (poison): 0.9916 | Val Acc: 0.9326 | Time: 00:00:12
Epoch 073 | Seed 2026 | Rate 0.02 | Train Loss: 0.5877 | Val Loss: 0.3205 | Acc (clean): 0.9853 | Acc (poison): 0.9916 | Val Acc: 0.9307 | Time: 00:00:12
Epoch 074 | Seed 2026 | Rate 0.02 | Train Loss: 0.6628 | Val Loss: 0.3060 | Acc (clean): 0.9853 | Acc (poison): 0.9920 | Val Acc: 0.9319 | Time: 00:00:12
Epoch 075 | Seed 2026 | Rate 0.02 | Train Loss: 0.5776 | Val Loss: 0.3221 | Acc (clean): 0.9850 | Acc (poison): 0.9921 | Val Acc: 0.9267 | Time: 00:00:12
Epoch 076 | Seed 2026 | Rate 0.02 | Train Loss: 0.5721 | Val Loss: 0.3010 | Acc (clean): 0.9836 | Acc (poison): 0.9946 | Val Acc: 0.9322 | Time: 00:00:12
Epoch 077 | Seed 2026 | Rate 0.02 | Train Loss: 0.6895 | Val Loss: 0.2924 | Acc (clean): 0.9836 | Acc (poison): 0.9950 | Val Acc: 0.9356 | Time: 00:00:12
Epoch 078 | Seed 2026 | Rate 0.02 | Train Loss: 0.6888 | Val Loss: 0.2827 | Acc (clean): 0.9835 | Acc (poison): 0.9953 | Val Acc: 0.9344 | Time: 00:00:12
Epoch 079 | Seed 2026 | Rate 0.02 | Train Loss: 0.5555 | Val Loss: 0.2868 | Acc (clean): 0.9829 | Acc (poison): 0.9958 | Val Acc: 0.9311 | Time: 00:00:12
Epoch 080 | Seed 2026 | Rate 0.02 | Train Loss: 0.5952 | Val Loss: 0.2991 | Acc (clean): 0.9832 | Acc (poison): 0.9958 | Val Acc: 0.9307 | Time: 00:00:12
Epoch 081 | Seed 2026 | Rate 0.02 | Train Loss: 0.5769 | Val Loss: 0.3160 | Acc (clean): 0.9830 | Acc (poison): 0.9959 | Val Acc: 0.9304 | Time: 00:00:12
Epoch 082 | Seed 2026 | Rate 0.02 | Train Loss: 0.6309 | Val Loss: 0.3055 | Acc (clean): 0.9833 | Acc (poison): 0.9957 | Val Acc: 0.9326 | Time: 00:00:12
Epoch 083 | Seed 2026 | Rate 0.02 | Train Loss: 0.5587 | Val Loss: 0.2781 | Acc (clean): 0.9830 | Acc (poison): 0.9963 | Val Acc: 0.9352 | Time: 00:00:12
Epoch 084 | Seed 2026 | Rate 0.02 | Train Loss: 0.5620 | Val Loss: 0.2687 | Acc (clean): 0.9824 | Acc (poison): 0.9965 | Val Acc: 0.9370 | Time: 00:00:12
Epoch 085 | Seed 2026 | Rate 0.02 | Train Loss: 0.6030 | Val Loss: 0.2790 | Acc (clean): 0.9828 | Acc (poison): 0.9961 | Val Acc: 0.9344 | Time: 00:00:12
Epoch 086 | Seed 2026 | Rate 0.02 | Train Loss: 0.5931 | Val Loss: 0.2883 | Acc (clean): 0.9827 | Acc (poison): 0.9959 | Val Acc: 0.9344 | Time: 00:00:12
Epoch 087 | Seed 2026 | Rate 0.02 | Train Loss: 0.6019 | Val Loss: 0.2478 | Acc (clean): 0.9829 | Acc (poison): 0.9963 | Val Acc: 0.9389 | Time: 00:00:13
Epoch 088 | Seed 2026 | Rate 0.02 | Train Loss: 0.6177 | Val Loss: 0.2823 | Acc (clean): 0.9827 | Acc (poison): 0.9965 | Val Acc: 0.9348 | Time: 00:00:12
Epoch 089 | Seed 2026 | Rate 0.02 | Train Loss: 0.5817 | Val Loss: 0.3043 | Acc (clean): 0.9825 | Acc (poison): 0.9969 | Val Acc: 0.9311 | Time: 00:00:12
Epoch 090 | Seed 2026 | Rate 0.02 | Train Loss: 0.5585 | Val Loss: 0.2649 | Acc (clean): 0.9824 | Acc (poison): 0.9965 | Val Acc: 0.9363 | Time: 00:00:12
Epoch 091 | Seed 2026 | Rate 0.02 | Train Loss: 0.5476 | Val Loss: 0.2733 | Acc (clean): 0.9823 | Acc (poison): 0.9965 | Val Acc: 0.9341 | Time: 00:00:12
Epoch 092 | Seed 2026 | Rate 0.02 | Train Loss: 0.5813 | Val Loss: 0.2684 | Acc (clean): 0.9824 | Acc (poison): 0.9968 | Val Acc: 0.9356 | Time: 00:00:12
Epoch 093 | Seed 2026 | Rate 0.02 | Train Loss: 0.5390 | Val Loss: 0.2700 | Acc (clean): 0.9827 | Acc (poison): 0.9969 | Val Acc: 0.9359 | Time: 00:00:12
Epoch 094 | Seed 2026 | Rate 0.02 | Train Loss: 0.6057 | Val Loss: 0.2670 | Acc (clean): 0.9821 | Acc (poison): 0.9971 | Val Acc: 0.9359 | Time: 00:00:12
Epoch 095 | Seed 2026 | Rate 0.02 | Train Loss: 0.5534 | Val Loss: 0.3020 | Acc (clean): 0.9828 | Acc (poison): 0.9965 | Val Acc: 0.9333 | Time: 00:00:12
Epoch 096 | Seed 2026 | Rate 0.02 | Train Loss: 0.5552 | Val Loss: 0.2771 | Acc (clean): 0.9823 | Acc (poison): 0.9970 | Val Acc: 0.9348 | Time: 00:00:13
Epoch 097 | Seed 2026 | Rate 0.02 | Train Loss: 0.6114 | Val Loss: 0.2653 | Acc (clean): 0.9821 | Acc (poison): 0.9972 | Val Acc: 0.9363 | Time: 00:00:12
Epoch 098 | Seed 2026 | Rate 0.02 | Train Loss: 0.5736 | Val Loss: 0.2589 | Acc (clean): 0.9828 | Acc (poison): 0.9970 | Val Acc: 0.9363 | Time: 00:00:12
Epoch 099 | Seed 2026 | Rate 0.02 | Train Loss: 0.5480 | Val Loss: 0.2577 | Acc (clean): 0.9821 | Acc (poison): 0.9972 | Val Acc: 0.9367 | Time: 00:00:12
Epoch 100 | Seed 2026 | Rate 0.02 | Train Loss: 0.5246 | Val Loss: 0.2623 | Acc (clean): 0.9819 | Acc (poison): 0.9972 | Val Acc: 0.9367 | Time: 00:00:12

=== defense=mixup attack=RQ1 seed=2026 rate=0.05 ===
Loading train data from /home/yazanme/BachelorThesis/BachelorThesis/data/processed/resisc45/train.h5 with mapping /home/yazanme/BachelorThesis/BachelorThesis/data/processed/resisc45/poisoned/RQ1/seed_2026/labels_0.05.pt... (in_memory=True, workers=4)
Testing torch.compile support...
Successfully compiled model using torch.compile.
Epoch 001 | Seed 2026 | Rate 0.05 | Train Loss: 3.1719 | Val Loss: 2.7098 | Acc (clean): 0.2421 | Acc (poison): 0.2303 | Val Acc: 0.2689 | Time: 00:00:14
Epoch 002 | Seed 2026 | Rate 0.05 | Train Loss: 2.4933 | Val Loss: 1.9071 | Acc (clean): 0.4289 | Acc (poison): 0.4081 | Val Acc: 0.4548 | Time: 00:00:13
Epoch 003 | Seed 2026 | Rate 0.05 | Train Loss: 2.2296 | Val Loss: 1.6323 | Acc (clean): 0.5297 | Acc (poison): 0.5036 | Val Acc: 0.5341 | Time: 00:00:13
Epoch 004 | Seed 2026 | Rate 0.05 | Train Loss: 2.0403 | Val Loss: 1.5456 | Acc (clean): 0.5978 | Acc (poison): 0.5690 | Val Acc: 0.5585 | Time: 00:00:12
Epoch 005 | Seed 2026 | Rate 0.05 | Train Loss: 1.9531 | Val Loss: 1.5068 | Acc (clean): 0.6484 | Acc (poison): 0.6166 | Val Acc: 0.5800 | Time: 00:00:13
Epoch 006 | Seed 2026 | Rate 0.05 | Train Loss: 1.8241 | Val Loss: 1.4365 | Acc (clean): 0.6971 | Acc (poison): 0.6629 | Val Acc: 0.5985 | Time: 00:00:13
Epoch 007 | Seed 2026 | Rate 0.05 | Train Loss: 1.6829 | Val Loss: 1.1846 | Acc (clean): 0.7369 | Acc (poison): 0.7009 | Val Acc: 0.6541 | Time: 00:00:13
Epoch 008 | Seed 2026 | Rate 0.05 | Train Loss: 1.5639 | Val Loss: 1.2401 | Acc (clean): 0.7690 | Acc (poison): 0.7313 | Val Acc: 0.6500 | Time: 00:00:12
Epoch 009 | Seed 2026 | Rate 0.05 | Train Loss: 1.5386 | Val Loss: 1.2531 | Acc (clean): 0.7909 | Acc (poison): 0.7523 | Val Acc: 0.6589 | Time: 00:00:11
Epoch 010 | Seed 2026 | Rate 0.05 | Train Loss: 1.4710 | Val Loss: 1.1332 | Acc (clean): 0.8082 | Acc (poison): 0.7687 | Val Acc: 0.7078 | Time: 00:00:13
Epoch 011 | Seed 2026 | Rate 0.05 | Train Loss: 1.3858 | Val Loss: 0.9343 | Acc (clean): 0.8237 | Acc (poison): 0.7840 | Val Acc: 0.7515 | Time: 00:00:12
Epoch 012 | Seed 2026 | Rate 0.05 | Train Loss: 1.4107 | Val Loss: 1.0077 | Acc (clean): 0.8374 | Acc (poison): 0.7974 | Val Acc: 0.7315 | Time: 00:00:12
Epoch 013 | Seed 2026 | Rate 0.05 | Train Loss: 1.3428 | Val Loss: 0.8546 | Acc (clean): 0.8450 | Acc (poison): 0.8049 | Val Acc: 0.7785 | Time: 00:00:13
Epoch 014 | Seed 2026 | Rate 0.05 | Train Loss: 1.3693 | Val Loss: 0.7780 | Acc (clean): 0.8528 | Acc (poison): 0.8122 | Val Acc: 0.8007 | Time: 00:00:13
Epoch 015 | Seed 2026 | Rate 0.05 | Train Loss: 1.2940 | Val Loss: 0.7364 | Acc (clean): 0.8627 | Acc (poison): 0.8222 | Val Acc: 0.8052 | Time: 00:00:12
Epoch 016 | Seed 2026 | Rate 0.05 | Train Loss: 1.2964 | Val Loss: 1.1487 | Acc (clean): 0.8656 | Acc (poison): 0.8251 | Val Acc: 0.6889 | Time: 00:00:12
Epoch 017 | Seed 2026 | Rate 0.05 | Train Loss: 1.2696 | Val Loss: 0.8756 | Acc (clean): 0.8677 | Acc (poison): 0.8269 | Val Acc: 0.7604 | Time: 00:00:12
Epoch 018 | Seed 2026 | Rate 0.05 | Train Loss: 1.4143 | Val Loss: 0.9594 | Acc (clean): 0.8756 | Acc (poison): 0.8340 | Val Acc: 0.7426 | Time: 00:00:12
Epoch 019 | Seed 2026 | Rate 0.05 | Train Loss: 1.3102 | Val Loss: 0.8740 | Acc (clean): 0.8813 | Acc (poison): 0.8399 | Val Acc: 0.7959 | Time: 00:00:12
Epoch 020 | Seed 2026 | Rate 0.05 | Train Loss: 1.2097 | Val Loss: 1.0546 | Acc (clean): 0.8807 | Acc (poison): 0.8400 | Val Acc: 0.7256 | Time: 00:00:12
Epoch 021 | Seed 2026 | Rate 0.05 | Train Loss: 1.2458 | Val Loss: 0.6633 | Acc (clean): 0.8821 | Acc (poison): 0.8416 | Val Acc: 0.8148 | Time: 00:00:13
Epoch 022 | Seed 2026 | Rate 0.05 | Train Loss: 1.2244 | Val Loss: 1.0059 | Acc (clean): 0.8893 | Acc (poison): 0.8487 | Val Acc: 0.7389 | Time: 00:00:12
Epoch 023 | Seed 2026 | Rate 0.05 | Train Loss: 1.2644 | Val Loss: 0.8331 | Acc (clean): 0.8875 | Acc (poison): 0.8468 | Val Acc: 0.7881 | Time: 00:00:12
Epoch 024 | Seed 2026 | Rate 0.05 | Train Loss: 1.2462 | Val Loss: 0.8892 | Acc (clean): 0.8894 | Acc (poison): 0.8479 | Val Acc: 0.7981 | Time: 00:00:12
Epoch 025 | Seed 2026 | Rate 0.05 | Train Loss: 1.2516 | Val Loss: 0.9797 | Acc (clean): 0.8985 | Acc (poison): 0.8569 | Val Acc: 0.7622 | Time: 00:00:12
Epoch 026 | Seed 2026 | Rate 0.05 | Train Loss: 1.2035 | Val Loss: 0.6846 | Acc (clean): 0.8990 | Acc (poison): 0.8583 | Val Acc: 0.8270 | Time: 00:00:12
Epoch 027 | Seed 2026 | Rate 0.05 | Train Loss: 1.2176 | Val Loss: 0.7094 | Acc (clean): 0.8991 | Acc (poison): 0.8593 | Val Acc: 0.8307 | Time: 00:00:12
Epoch 028 | Seed 2026 | Rate 0.05 | Train Loss: 1.1979 | Val Loss: 0.8613 | Acc (clean): 0.9012 | Acc (poison): 0.8612 | Val Acc: 0.7630 | Time: 00:00:12
Epoch 029 | Seed 2026 | Rate 0.05 | Train Loss: 1.1705 | Val Loss: 0.5769 | Acc (clean): 0.9041 | Acc (poison): 0.8631 | Val Acc: 0.8396 | Time: 00:00:13
Epoch 030 | Seed 2026 | Rate 0.05 | Train Loss: 1.1667 | Val Loss: 0.7231 | Acc (clean): 0.9071 | Acc (poison): 0.8665 | Val Acc: 0.8193 | Time: 00:00:12
Epoch 031 | Seed 2026 | Rate 0.05 | Train Loss: 1.2527 | Val Loss: 0.9044 | Acc (clean): 0.9061 | Acc (poison): 0.8653 | Val Acc: 0.7663 | Time: 00:00:12
Epoch 032 | Seed 2026 | Rate 0.05 | Train Loss: 1.1415 | Val Loss: 0.8751 | Acc (clean): 0.9081 | Acc (poison): 0.8674 | Val Acc: 0.7581 | Time: 00:00:12
Epoch 033 | Seed 2026 | Rate 0.05 | Train Loss: 1.1416 | Val Loss: 0.7946 | Acc (clean): 0.9092 | Acc (poison): 0.8679 | Val Acc: 0.8044 | Time: 00:00:12
Epoch 034 | Seed 2026 | Rate 0.05 | Train Loss: 1.1097 | Val Loss: 1.1687 | Acc (clean): 0.9126 | Acc (poison): 0.8726 | Val Acc: 0.6852 | Time: 00:00:12
Epoch 035 | Seed 2026 | Rate 0.05 | Train Loss: 1.1878 | Val Loss: 0.7951 | Acc (clean): 0.9138 | Acc (poison): 0.8728 | Val Acc: 0.7922 | Time: 00:00:12
Epoch 036 | Seed 2026 | Rate 0.05 | Train Loss: 1.2002 | Val Loss: 0.6974 | Acc (clean): 0.9151 | Acc (poison): 0.8742 | Val Acc: 0.8374 | Time: 00:00:12
Epoch 037 | Seed 2026 | Rate 0.05 | Train Loss: 1.0836 | Val Loss: 0.7557 | Acc (clean): 0.9158 | Acc (poison): 0.8753 | Val Acc: 0.8093 | Time: 00:00:12
Epoch 038 | Seed 2026 | Rate 0.05 | Train Loss: 1.1404 | Val Loss: 0.6061 | Acc (clean): 0.9136 | Acc (poison): 0.8734 | Val Acc: 0.8393 | Time: 00:00:12
Epoch 039 | Seed 2026 | Rate 0.05 | Train Loss: 1.0886 | Val Loss: 0.6525 | Acc (clean): 0.9205 | Acc (poison): 0.8802 | Val Acc: 0.8359 | Time: 00:00:12
Epoch 040 | Seed 2026 | Rate 0.05 | Train Loss: 1.1004 | Val Loss: 0.7010 | Acc (clean): 0.9194 | Acc (poison): 0.8799 | Val Acc: 0.8278 | Time: 00:00:12
Epoch 041 | Seed 2026 | Rate 0.05 | Train Loss: 1.0789 | Val Loss: 0.8045 | Acc (clean): 0.9181 | Acc (poison): 0.8782 | Val Acc: 0.7730 | Time: 00:00:12
Epoch 042 | Seed 2026 | Rate 0.05 | Train Loss: 1.0858 | Val Loss: 0.7361 | Acc (clean): 0.9190 | Acc (poison): 0.8809 | Val Acc: 0.8156 | Time: 00:00:12
Epoch 043 | Seed 2026 | Rate 0.05 | Train Loss: 1.1889 | Val Loss: 0.6719 | Acc (clean): 0.9176 | Acc (poison): 0.8774 | Val Acc: 0.8419 | Time: 00:00:12
Epoch 044 | Seed 2026 | Rate 0.05 | Train Loss: 1.0251 | Val Loss: 0.8314 | Acc (clean): 0.9181 | Acc (poison): 0.8784 | Val Acc: 0.7941 | Time: 00:00:12
Epoch 045 | Seed 2026 | Rate 0.05 | Train Loss: 1.0768 | Val Loss: 0.6788 | Acc (clean): 0.9223 | Acc (poison): 0.8824 | Val Acc: 0.8326 | Time: 00:00:12
Epoch 046 | Seed 2026 | Rate 0.05 | Train Loss: 1.0597 | Val Loss: 0.8053 | Acc (clean): 0.9274 | Acc (poison): 0.8866 | Val Acc: 0.7948 | Time: 00:00:12
Epoch 047 | Seed 2026 | Rate 0.05 | Train Loss: 1.0237 | Val Loss: 0.7966 | Acc (clean): 0.9250 | Acc (poison): 0.8853 | Val Acc: 0.8078 | Time: 00:00:12
Epoch 048 | Seed 2026 | Rate 0.05 | Train Loss: 1.0773 | Val Loss: 0.7269 | Acc (clean): 0.9198 | Acc (poison): 0.8808 | Val Acc: 0.8296 | Time: 00:00:12
Epoch 049 | Seed 2026 | Rate 0.05 | Train Loss: 1.1867 | Val Loss: 0.7803 | Acc (clean): 0.9268 | Acc (poison): 0.8879 | Val Acc: 0.8111 | Time: 00:00:12
Epoch 050 | Seed 2026 | Rate 0.05 | Train Loss: 1.0872 | Val Loss: 0.6730 | Acc (clean): 0.9251 | Acc (poison): 0.8862 | Val Acc: 0.8211 | Time: 00:00:12
Epoch 051 | Seed 2026 | Rate 0.05 | Train Loss: 1.0398 | Val Loss: 0.4070 | Acc (clean): 0.9658 | Acc (poison): 0.9273 | Val Acc: 0.9133 | Time: 00:00:13
Epoch 052 | Seed 2026 | Rate 0.05 | Train Loss: 0.8866 | Val Loss: 0.3797 | Acc (clean): 0.9790 | Acc (poison): 0.9423 | Val Acc: 0.9163 | Time: 00:00:13
Epoch 053 | Seed 2026 | Rate 0.05 | Train Loss: 0.7822 | Val Loss: 0.3594 | Acc (clean): 0.9807 | Acc (poison): 0.9472 | Val Acc: 0.9204 | Time: 00:00:13
Epoch 054 | Seed 2026 | Rate 0.05 | Train Loss: 0.8043 | Val Loss: 0.3822 | Acc (clean): 0.9808 | Acc (poison): 0.9498 | Val Acc: 0.9174 | Time: 00:00:12
Epoch 055 | Seed 2026 | Rate 0.05 | Train Loss: 0.9052 | Val Loss: 0.4304 | Acc (clean): 0.9804 | Acc (poison): 0.9535 | Val Acc: 0.9111 | Time: 00:00:12
Epoch 056 | Seed 2026 | Rate 0.05 | Train Loss: 0.8181 | Val Loss: 0.3872 | Acc (clean): 0.9806 | Acc (poison): 0.9543 | Val Acc: 0.9159 | Time: 00:00:12
Epoch 057 | Seed 2026 | Rate 0.05 | Train Loss: 0.8503 | Val Loss: 0.4653 | Acc (clean): 0.9793 | Acc (poison): 0.9571 | Val Acc: 0.9119 | Time: 00:00:12
Epoch 058 | Seed 2026 | Rate 0.05 | Train Loss: 0.7657 | Val Loss: 0.3829 | Acc (clean): 0.9789 | Acc (poison): 0.9600 | Val Acc: 0.9222 | Time: 00:00:12
Epoch 059 | Seed 2026 | Rate 0.05 | Train Loss: 0.7181 | Val Loss: 0.3719 | Acc (clean): 0.9779 | Acc (poison): 0.9615 | Val Acc: 0.9193 | Time: 00:00:12
Epoch 060 | Seed 2026 | Rate 0.05 | Train Loss: 0.8351 | Val Loss: 0.3767 | Acc (clean): 0.9766 | Acc (poison): 0.9640 | Val Acc: 0.9219 | Time: 00:00:12
Epoch 061 | Seed 2026 | Rate 0.05 | Train Loss: 0.6255 | Val Loss: 0.3358 | Acc (clean): 0.9758 | Acc (poison): 0.9642 | Val Acc: 0.9256 | Time: 00:00:14
Epoch 062 | Seed 2026 | Rate 0.05 | Train Loss: 0.7084 | Val Loss: 0.3229 | Acc (clean): 0.9737 | Acc (poison): 0.9684 | Val Acc: 0.9256 | Time: 00:00:13
Epoch 063 | Seed 2026 | Rate 0.05 | Train Loss: 0.6922 | Val Loss: 0.3698 | Acc (clean): 0.9721 | Acc (poison): 0.9695 | Val Acc: 0.9200 | Time: 00:00:12
Epoch 064 | Seed 2026 | Rate 0.05 | Train Loss: 0.7200 | Val Loss: 0.3480 | Acc (clean): 0.9714 | Acc (poison): 0.9717 | Val Acc: 0.9230 | Time: 00:00:12
Epoch 065 | Seed 2026 | Rate 0.05 | Train Loss: 0.7906 | Val Loss: 0.3808 | Acc (clean): 0.9705 | Acc (poison): 0.9742 | Val Acc: 0.9211 | Time: 00:00:12
Epoch 066 | Seed 2026 | Rate 0.05 | Train Loss: 0.7220 | Val Loss: 0.3676 | Acc (clean): 0.9695 | Acc (poison): 0.9741 | Val Acc: 0.9196 | Time: 00:00:12
Epoch 067 | Seed 2026 | Rate 0.05 | Train Loss: 0.7349 | Val Loss: 0.3596 | Acc (clean): 0.9674 | Acc (poison): 0.9772 | Val Acc: 0.9215 | Time: 00:00:12
Epoch 068 | Seed 2026 | Rate 0.05 | Train Loss: 0.6851 | Val Loss: 0.3516 | Acc (clean): 0.9668 | Acc (poison): 0.9778 | Val Acc: 0.9270 | Time: 00:00:12
Epoch 069 | Seed 2026 | Rate 0.05 | Train Loss: 0.7044 | Val Loss: 0.3670 | Acc (clean): 0.9654 | Acc (poison): 0.9791 | Val Acc: 0.9204 | Time: 00:00:12
Epoch 070 | Seed 2026 | Rate 0.05 | Train Loss: 0.5549 | Val Loss: 0.3504 | Acc (clean): 0.9631 | Acc (poison): 0.9819 | Val Acc: 0.9233 | Time: 00:00:12
Epoch 071 | Seed 2026 | Rate 0.05 | Train Loss: 0.6216 | Val Loss: 0.3393 | Acc (clean): 0.9616 | Acc (poison): 0.9842 | Val Acc: 0.9252 | Time: 00:00:12
Epoch 072 | Seed 2026 | Rate 0.05 | Train Loss: 0.7157 | Val Loss: 0.3760 | Acc (clean): 0.9610 | Acc (poison): 0.9843 | Val Acc: 0.9244 | Time: 00:00:12
Epoch 073 | Seed 2026 | Rate 0.05 | Train Loss: 0.6413 | Val Loss: 0.4033 | Acc (clean): 0.9619 | Acc (poison): 0.9840 | Val Acc: 0.9185 | Time: 00:00:12
Epoch 074 | Seed 2026 | Rate 0.05 | Train Loss: 0.7176 | Val Loss: 0.4062 | Acc (clean): 0.9610 | Acc (poison): 0.9851 | Val Acc: 0.9100 | Time: 00:00:12
Epoch 075 | Seed 2026 | Rate 0.05 | Train Loss: 0.6278 | Val Loss: 0.4071 | Acc (clean): 0.9604 | Acc (poison): 0.9855 | Val Acc: 0.9096 | Time: 00:00:12
Epoch 076 | Seed 2026 | Rate 0.05 | Train Loss: 0.6139 | Val Loss: 0.3842 | Acc (clean): 0.9571 | Acc (poison): 0.9910 | Val Acc: 0.9174 | Time: 00:00:12
Epoch 077 | Seed 2026 | Rate 0.05 | Train Loss: 0.7357 | Val Loss: 0.3752 | Acc (clean): 0.9567 | Acc (poison): 0.9921 | Val Acc: 0.9174 | Time: 00:00:12
Epoch 078 | Seed 2026 | Rate 0.05 | Train Loss: 0.7340 | Val Loss: 0.3576 | Acc (clean): 0.9559 | Acc (poison): 0.9926 | Val Acc: 0.9241 | Time: 00:00:12
Epoch 079 | Seed 2026 | Rate 0.05 | Train Loss: 0.5899 | Val Loss: 0.3634 | Acc (clean): 0.9555 | Acc (poison): 0.9934 | Val Acc: 0.9226 | Time: 00:00:12
Epoch 080 | Seed 2026 | Rate 0.05 | Train Loss: 0.6302 | Val Loss: 0.3774 | Acc (clean): 0.9552 | Acc (poison): 0.9933 | Val Acc: 0.9226 | Time: 00:00:12
Epoch 081 | Seed 2026 | Rate 0.05 | Train Loss: 0.6153 | Val Loss: 0.4085 | Acc (clean): 0.9549 | Acc (poison): 0.9937 | Val Acc: 0.9185 | Time: 00:00:12
Epoch 082 | Seed 2026 | Rate 0.05 | Train Loss: 0.6679 | Val Loss: 0.4019 | Acc (clean): 0.9556 | Acc (poison): 0.9937 | Val Acc: 0.9163 | Time: 00:00:12
Epoch 083 | Seed 2026 | Rate 0.05 | Train Loss: 0.5935 | Val Loss: 0.3540 | Acc (clean): 0.9549 | Acc (poison): 0.9943 | Val Acc: 0.9281 | Time: 00:00:12
Epoch 084 | Seed 2026 | Rate 0.05 | Train Loss: 0.5947 | Val Loss: 0.3283 | Acc (clean): 0.9548 | Acc (poison): 0.9940 | Val Acc: 0.9267 | Time: 00:00:12
Epoch 085 | Seed 2026 | Rate 0.05 | Train Loss: 0.6370 | Val Loss: 0.3461 | Acc (clean): 0.9547 | Acc (poison): 0.9941 | Val Acc: 0.9256 | Time: 00:00:12
Epoch 086 | Seed 2026 | Rate 0.05 | Train Loss: 0.6271 | Val Loss: 0.3619 | Acc (clean): 0.9549 | Acc (poison): 0.9942 | Val Acc: 0.9226 | Time: 00:00:12
Epoch 087 | Seed 2026 | Rate 0.05 | Train Loss: 0.6373 | Val Loss: 0.3084 | Acc (clean): 0.9540 | Acc (poison): 0.9952 | Val Acc: 0.9293 | Time: 00:00:13
Epoch 088 | Seed 2026 | Rate 0.05 | Train Loss: 0.6528 | Val Loss: 0.3615 | Acc (clean): 0.9541 | Acc (poison): 0.9947 | Val Acc: 0.9193 | Time: 00:00:12
Epoch 089 | Seed 2026 | Rate 0.05 | Train Loss: 0.6166 | Val Loss: 0.4033 | Acc (clean): 0.9544 | Acc (poison): 0.9947 | Val Acc: 0.9204 | Time: 00:00:12
Epoch 090 | Seed 2026 | Rate 0.05 | Train Loss: 0.5933 | Val Loss: 0.3406 | Acc (clean): 0.9539 | Acc (poison): 0.9953 | Val Acc: 0.9237 | Time: 00:00:12
Epoch 091 | Seed 2026 | Rate 0.05 | Train Loss: 0.5807 | Val Loss: 0.3580 | Acc (clean): 0.9540 | Acc (poison): 0.9952 | Val Acc: 0.9252 | Time: 00:00:12
Epoch 092 | Seed 2026 | Rate 0.05 | Train Loss: 0.6145 | Val Loss: 0.3276 | Acc (clean): 0.9537 | Acc (poison): 0.9954 | Val Acc: 0.9304 | Time: 00:00:12
Epoch 093 | Seed 2026 | Rate 0.05 | Train Loss: 0.5688 | Val Loss: 0.3435 | Acc (clean): 0.9545 | Acc (poison): 0.9949 | Val Acc: 0.9259 | Time: 00:00:12
Epoch 094 | Seed 2026 | Rate 0.05 | Train Loss: 0.6381 | Val Loss: 0.3365 | Acc (clean): 0.9539 | Acc (poison): 0.9957 | Val Acc: 0.9289 | Time: 00:00:12
Epoch 095 | Seed 2026 | Rate 0.05 | Train Loss: 0.5827 | Val Loss: 0.3800 | Acc (clean): 0.9539 | Acc (poison): 0.9954 | Val Acc: 0.9241 | Time: 00:00:12
Epoch 096 | Seed 2026 | Rate 0.05 | Train Loss: 0.5867 | Val Loss: 0.3454 | Acc (clean): 0.9536 | Acc (poison): 0.9955 | Val Acc: 0.9226 | Time: 00:00:12
Epoch 097 | Seed 2026 | Rate 0.05 | Train Loss: 0.6477 | Val Loss: 0.3332 | Acc (clean): 0.9537 | Acc (poison): 0.9958 | Val Acc: 0.9274 | Time: 00:00:12
Epoch 098 | Seed 2026 | Rate 0.05 | Train Loss: 0.6056 | Val Loss: 0.3276 | Acc (clean): 0.9542 | Acc (poison): 0.9953 | Val Acc: 0.9248 | Time: 00:00:12
Epoch 099 | Seed 2026 | Rate 0.05 | Train Loss: 0.5784 | Val Loss: 0.3182 | Acc (clean): 0.9539 | Acc (poison): 0.9956 | Val Acc: 0.9259 | Time: 00:00:12
Epoch 100 | Seed 2026 | Rate 0.05 | Train Loss: 0.5513 | Val Loss: 0.3203 | Acc (clean): 0.9528 | Acc (poison): 0.9964 | Val Acc: 0.9270 | Time: 00:00:12

=== defense=mixup attack=RQ1 seed=2026 rate=0.1 ===
Loading train data from /home/yazanme/BachelorThesis/BachelorThesis/data/processed/resisc45/train.h5 with mapping /home/yazanme/BachelorThesis/BachelorThesis/data/processed/resisc45/poisoned/RQ1/seed_2026/labels_0.10.pt... (in_memory=True, workers=4)
Testing torch.compile support...
Successfully compiled model using torch.compile.
Epoch 001 | Seed 2026 | Rate 0.10 | Train Loss: 3.3641 | Val Loss: 2.5301 | Acc (clean): 0.1993 | Acc (poison): 0.1808 | Val Acc: 0.3022 | Time: 00:00:13
Epoch 002 | Seed 2026 | Rate 0.10 | Train Loss: 2.7689 | Val Loss: 2.0449 | Acc (clean): 0.3740 | Acc (poison): 0.3372 | Val Acc: 0.4300 | Time: 00:00:14
Epoch 003 | Seed 2026 | Rate 0.10 | Train Loss: 2.5111 | Val Loss: 1.8212 | Acc (clean): 0.4815 | Acc (poison): 0.4348 | Val Acc: 0.4774 | Time: 00:00:13
Epoch 004 | Seed 2026 | Rate 0.10 | Train Loss: 2.3230 | Val Loss: 1.6538 | Acc (clean): 0.5563 | Acc (poison): 0.5012 | Val Acc: 0.5370 | Time: 00:00:13
Epoch 005 | Seed 2026 | Rate 0.10 | Train Loss: 2.2269 | Val Loss: 1.6458 | Acc (clean): 0.6114 | Acc (poison): 0.5513 | Val Acc: 0.5444 | Time: 00:00:12
Epoch 006 | Seed 2026 | Rate 0.10 | Train Loss: 2.1225 | Val Loss: 1.6638 | Acc (clean): 0.6507 | Acc (poison): 0.5854 | Val Acc: 0.5326 | Time: 00:00:12
Epoch 007 | Seed 2026 | Rate 0.10 | Train Loss: 1.9979 | Val Loss: 1.3078 | Acc (clean): 0.6832 | Acc (poison): 0.6161 | Val Acc: 0.6404 | Time: 00:00:13
Epoch 008 | Seed 2026 | Rate 0.10 | Train Loss: 1.8888 | Val Loss: 1.4885 | Acc (clean): 0.7242 | Acc (poison): 0.6526 | Val Acc: 0.5959 | Time: 00:00:12
Epoch 009 | Seed 2026 | Rate 0.10 | Train Loss: 1.8357 | Val Loss: 1.3010 | Acc (clean): 0.7586 | Acc (poison): 0.6847 | Val Acc: 0.6596 | Time: 00:00:13
Epoch 010 | Seed 2026 | Rate 0.10 | Train Loss: 1.7684 | Val Loss: 1.2895 | Acc (clean): 0.7770 | Acc (poison): 0.7012 | Val Acc: 0.6681 | Time: 00:00:13
Epoch 011 | Seed 2026 | Rate 0.10 | Train Loss: 1.6826 | Val Loss: 1.0377 | Acc (clean): 0.7942 | Acc (poison): 0.7170 | Val Acc: 0.7426 | Time: 00:00:13
Epoch 012 | Seed 2026 | Rate 0.10 | Train Loss: 1.6880 | Val Loss: 1.2291 | Acc (clean): 0.8127 | Acc (poison): 0.7346 | Val Acc: 0.6652 | Time: 00:00:12
Epoch 013 | Seed 2026 | Rate 0.10 | Train Loss: 1.6254 | Val Loss: 1.0628 | Acc (clean): 0.8223 | Acc (poison): 0.7429 | Val Acc: 0.7348 | Time: 00:00:13
Epoch 014 | Seed 2026 | Rate 0.10 | Train Loss: 1.6442 | Val Loss: 1.1060 | Acc (clean): 0.8319 | Acc (poison): 0.7537 | Val Acc: 0.7137 | Time: 00:00:12
Epoch 015 | Seed 2026 | Rate 0.10 | Train Loss: 1.5720 | Val Loss: 0.7663 | Acc (clean): 0.8444 | Acc (poison): 0.7632 | Val Acc: 0.8167 | Time: 00:00:13
Epoch 016 | Seed 2026 | Rate 0.10 | Train Loss: 1.5700 | Val Loss: 1.2819 | Acc (clean): 0.8475 | Acc (poison): 0.7667 | Val Acc: 0.6774 | Time: 00:00:12
Epoch 017 | Seed 2026 | Rate 0.10 | Train Loss: 1.5410 | Val Loss: 1.0161 | Acc (clean): 0.8493 | Acc (poison): 0.7691 | Val Acc: 0.7356 | Time: 00:00:13
Epoch 018 | Seed 2026 | Rate 0.10 | Train Loss: 1.6689 | Val Loss: 0.8300 | Acc (clean): 0.8560 | Acc (poison): 0.7755 | Val Acc: 0.7793 | Time: 00:00:12
Epoch 019 | Seed 2026 | Rate 0.10 | Train Loss: 1.5709 | Val Loss: 1.0101 | Acc (clean): 0.8607 | Acc (poison): 0.7802 | Val Acc: 0.7556 | Time: 00:00:12
Epoch 020 | Seed 2026 | Rate 0.10 | Train Loss: 1.4725 | Val Loss: 0.8756 | Acc (clean): 0.8650 | Acc (poison): 0.7834 | Val Acc: 0.7856 | Time: 00:00:12
Epoch 021 | Seed 2026 | Rate 0.10 | Train Loss: 1.5098 | Val Loss: 0.8128 | Acc (clean): 0.8674 | Acc (poison): 0.7864 | Val Acc: 0.7852 | Time: 00:00:12
Epoch 022 | Seed 2026 | Rate 0.10 | Train Loss: 1.4831 | Val Loss: 1.0018 | Acc (clean): 0.8719 | Acc (poison): 0.7914 | Val Acc: 0.7544 | Time: 00:00:12
Epoch 023 | Seed 2026 | Rate 0.10 | Train Loss: 1.5211 | Val Loss: 0.9654 | Acc (clean): 0.8707 | Acc (poison): 0.7908 | Val Acc: 0.7733 | Time: 00:00:12
Epoch 024 | Seed 2026 | Rate 0.10 | Train Loss: 1.4961 | Val Loss: 0.9858 | Acc (clean): 0.8756 | Acc (poison): 0.7960 | Val Acc: 0.7748 | Time: 00:00:12
Epoch 025 | Seed 2026 | Rate 0.10 | Train Loss: 1.5065 | Val Loss: 1.1111 | Acc (clean): 0.8801 | Acc (poison): 0.7996 | Val Acc: 0.7319 | Time: 00:00:12
Epoch 026 | Seed 2026 | Rate 0.10 | Train Loss: 1.4567 | Val Loss: 0.8365 | Acc (clean): 0.8840 | Acc (poison): 0.8027 | Val Acc: 0.7919 | Time: 00:00:12
Epoch 027 | Seed 2026 | Rate 0.10 | Train Loss: 1.4673 | Val Loss: 0.9899 | Acc (clean): 0.8838 | Acc (poison): 0.8036 | Val Acc: 0.7593 | Time: 00:00:12
Epoch 028 | Seed 2026 | Rate 0.10 | Train Loss: 1.4548 | Val Loss: 0.9407 | Acc (clean): 0.8851 | Acc (poison): 0.8046 | Val Acc: 0.7704 | Time: 00:00:13
Epoch 029 | Seed 2026 | Rate 0.10 | Train Loss: 1.4271 | Val Loss: 0.7768 | Acc (clean): 0.8880 | Acc (poison): 0.8069 | Val Acc: 0.7889 | Time: 00:00:12
Epoch 030 | Seed 2026 | Rate 0.10 | Train Loss: 1.4129 | Val Loss: 0.7140 | Acc (clean): 0.8916 | Acc (poison): 0.8111 | Val Acc: 0.8267 | Time: 00:00:13
Epoch 031 | Seed 2026 | Rate 0.10 | Train Loss: 1.4934 | Val Loss: 1.0256 | Acc (clean): 0.8918 | Acc (poison): 0.8115 | Val Acc: 0.7530 | Time: 00:00:12
Epoch 032 | Seed 2026 | Rate 0.10 | Train Loss: 1.3867 | Val Loss: 1.0998 | Acc (clean): 0.8973 | Acc (poison): 0.8176 | Val Acc: 0.7174 | Time: 00:00:12
Epoch 033 | Seed 2026 | Rate 0.10 | Train Loss: 1.3821 | Val Loss: 0.8287 | Acc (clean): 0.8957 | Acc (poison): 0.8146 | Val Acc: 0.8163 | Time: 00:00:12
Epoch 034 | Seed 2026 | Rate 0.10 | Train Loss: 1.3522 | Val Loss: 1.0544 | Acc (clean): 0.8956 | Acc (poison): 0.8165 | Val Acc: 0.7519 | Time: 00:00:12
Epoch 035 | Seed 2026 | Rate 0.10 | Train Loss: 1.4292 | Val Loss: 0.8583 | Acc (clean): 0.8963 | Acc (poison): 0.8168 | Val Acc: 0.7881 | Time: 00:00:12
Epoch 036 | Seed 2026 | Rate 0.10 | Train Loss: 1.4374 | Val Loss: 0.9433 | Acc (clean): 0.8997 | Acc (poison): 0.8204 | Val Acc: 0.7767 | Time: 00:00:12
Epoch 037 | Seed 2026 | Rate 0.10 | Train Loss: 1.3281 | Val Loss: 0.8314 | Acc (clean): 0.8967 | Acc (poison): 0.8193 | Val Acc: 0.8019 | Time: 00:00:12
Epoch 038 | Seed 2026 | Rate 0.10 | Train Loss: 1.3796 | Val Loss: 0.8565 | Acc (clean): 0.9031 | Acc (poison): 0.8232 | Val Acc: 0.7811 | Time: 00:00:12
Epoch 039 | Seed 2026 | Rate 0.10 | Train Loss: 1.3242 | Val Loss: 0.8133 | Acc (clean): 0.9030 | Acc (poison): 0.8253 | Val Acc: 0.8056 | Time: 00:00:12
Epoch 040 | Seed 2026 | Rate 0.10 | Train Loss: 1.3438 | Val Loss: 0.9945 | Acc (clean): 0.9011 | Acc (poison): 0.8224 | Val Acc: 0.7681 | Time: 00:00:12
Epoch 041 | Seed 2026 | Rate 0.10 | Train Loss: 1.3105 | Val Loss: 0.8768 | Acc (clean): 0.9048 | Acc (poison): 0.8270 | Val Acc: 0.7748 | Time: 00:00:12
Epoch 042 | Seed 2026 | Rate 0.10 | Train Loss: 1.3210 | Val Loss: 0.7972 | Acc (clean): 0.9049 | Acc (poison): 0.8276 | Val Acc: 0.8163 | Time: 00:00:12
Epoch 043 | Seed 2026 | Rate 0.10 | Train Loss: 1.4037 | Val Loss: 1.0226 | Acc (clean): 0.9073 | Acc (poison): 0.8305 | Val Acc: 0.7589 | Time: 00:00:12
Epoch 044 | Seed 2026 | Rate 0.10 | Train Loss: 1.2508 | Val Loss: 0.8419 | Acc (clean): 0.9088 | Acc (poison): 0.8309 | Val Acc: 0.7874 | Time: 00:00:12
Epoch 045 | Seed 2026 | Rate 0.10 | Train Loss: 1.3089 | Val Loss: 0.7973 | Acc (clean): 0.9038 | Acc (poison): 0.8286 | Val Acc: 0.8181 | Time: 00:00:12
Epoch 046 | Seed 2026 | Rate 0.10 | Train Loss: 1.2946 | Val Loss: 0.9748 | Acc (clean): 0.9075 | Acc (poison): 0.8308 | Val Acc: 0.7593 | Time: 00:00:12
Epoch 047 | Seed 2026 | Rate 0.10 | Train Loss: 1.2473 | Val Loss: 0.8579 | Acc (clean): 0.9089 | Acc (poison): 0.8347 | Val Acc: 0.7996 | Time: 00:00:12
Epoch 048 | Seed 2026 | Rate 0.10 | Train Loss: 1.2912 | Val Loss: 1.1206 | Acc (clean): 0.9112 | Acc (poison): 0.8361 | Val Acc: 0.7178 | Time: 00:00:12
Epoch 049 | Seed 2026 | Rate 0.10 | Train Loss: 1.3995 | Val Loss: 0.9885 | Acc (clean): 0.9139 | Acc (poison): 0.8379 | Val Acc: 0.7763 | Time: 00:00:12
Epoch 050 | Seed 2026 | Rate 0.10 | Train Loss: 1.3136 | Val Loss: 0.9688 | Acc (clean): 0.9097 | Acc (poison): 0.8354 | Val Acc: 0.7615 | Time: 00:00:12
Epoch 051 | Seed 2026 | Rate 0.10 | Train Loss: 1.2230 | Val Loss: 0.4926 | Acc (clean): 0.9565 | Acc (poison): 0.8823 | Val Acc: 0.9044 | Time: 00:00:12
Epoch 052 | Seed 2026 | Rate 0.10 | Train Loss: 1.0567 | Val Loss: 0.4727 | Acc (clean): 0.9657 | Acc (poison): 0.8969 | Val Acc: 0.9056 | Time: 00:00:13
Epoch 053 | Seed 2026 | Rate 0.10 | Train Loss: 0.9429 | Val Loss: 0.4546 | Acc (clean): 0.9670 | Acc (poison): 0.9055 | Val Acc: 0.9056 | Time: 00:00:13
Epoch 054 | Seed 2026 | Rate 0.10 | Train Loss: 0.9586 | Val Loss: 0.4765 | Acc (clean): 0.9643 | Acc (poison): 0.9106 | Val Acc: 0.9041 | Time: 00:00:12
Epoch 055 | Seed 2026 | Rate 0.10 | Train Loss: 1.0498 | Val Loss: 0.5140 | Acc (clean): 0.9618 | Acc (poison): 0.9154 | Val Acc: 0.8993 | Time: 00:00:12
Epoch 056 | Seed 2026 | Rate 0.10 | Train Loss: 0.9600 | Val Loss: 0.4886 | Acc (clean): 0.9591 | Acc (poison): 0.9193 | Val Acc: 0.8978 | Time: 00:00:12
Epoch 057 | Seed 2026 | Rate 0.10 | Train Loss: 0.9831 | Val Loss: 0.5721 | Acc (clean): 0.9576 | Acc (poison): 0.9237 | Val Acc: 0.8841 | Time: 00:00:12
Epoch 058 | Seed 2026 | Rate 0.10 | Train Loss: 0.8935 | Val Loss: 0.4935 | Acc (clean): 0.9551 | Acc (poison): 0.9277 | Val Acc: 0.9030 | Time: 00:00:12
Epoch 059 | Seed 2026 | Rate 0.10 | Train Loss: 0.8381 | Val Loss: 0.4992 | Acc (clean): 0.9530 | Acc (poison): 0.9319 | Val Acc: 0.8985 | Time: 00:00:12
Epoch 060 | Seed 2026 | Rate 0.10 | Train Loss: 0.9542 | Val Loss: 0.4728 | Acc (clean): 0.9496 | Acc (poison): 0.9381 | Val Acc: 0.9056 | Time: 00:00:12
Epoch 061 | Seed 2026 | Rate 0.10 | Train Loss: 0.7287 | Val Loss: 0.4566 | Acc (clean): 0.9455 | Acc (poison): 0.9415 | Val Acc: 0.8974 | Time: 00:00:12
Epoch 062 | Seed 2026 | Rate 0.10 | Train Loss: 0.8139 | Val Loss: 0.4404 | Acc (clean): 0.9409 | Acc (poison): 0.9456 | Val Acc: 0.8993 | Time: 00:00:13
Epoch 063 | Seed 2026 | Rate 0.10 | Train Loss: 0.7908 | Val Loss: 0.4861 | Acc (clean): 0.9391 | Acc (poison): 0.9500 | Val Acc: 0.8967 | Time: 00:00:12
Epoch 064 | Seed 2026 | Rate 0.10 | Train Loss: 0.8185 | Val Loss: 0.4705 | Acc (clean): 0.9358 | Acc (poison): 0.9541 | Val Acc: 0.9004 | Time: 00:00:12
Epoch 065 | Seed 2026 | Rate 0.10 | Train Loss: 0.8859 | Val Loss: 0.5004 | Acc (clean): 0.9338 | Acc (poison): 0.9577 | Val Acc: 0.8959 | Time: 00:00:12
Epoch 066 | Seed 2026 | Rate 0.10 | Train Loss: 0.8107 | Val Loss: 0.4730 | Acc (clean): 0.9325 | Acc (poison): 0.9590 | Val Acc: 0.8956 | Time: 00:00:12
Epoch 067 | Seed 2026 | Rate 0.10 | Train Loss: 0.8221 | Val Loss: 0.4568 | Acc (clean): 0.9290 | Acc (poison): 0.9641 | Val Acc: 0.8959 | Time: 00:00:12
Epoch 068 | Seed 2026 | Rate 0.10 | Train Loss: 0.7664 | Val Loss: 0.4815 | Acc (clean): 0.9271 | Acc (poison): 0.9653 | Val Acc: 0.9015 | Time: 00:00:12
Epoch 069 | Seed 2026 | Rate 0.10 | Train Loss: 0.7827 | Val Loss: 0.4810 | Acc (clean): 0.9238 | Acc (poison): 0.9702 | Val Acc: 0.8933 | Time: 00:00:12
Epoch 070 | Seed 2026 | Rate 0.10 | Train Loss: 0.6202 | Val Loss: 0.4630 | Acc (clean): 0.9211 | Acc (poison): 0.9728 | Val Acc: 0.8944 | Time: 00:00:12
Epoch 071 | Seed 2026 | Rate 0.10 | Train Loss: 0.6892 | Val Loss: 0.4507 | Acc (clean): 0.9177 | Acc (poison): 0.9768 | Val Acc: 0.9037 | Time: 00:00:12
Epoch 072 | Seed 2026 | Rate 0.10 | Train Loss: 0.7884 | Val Loss: 0.4920 | Acc (clean): 0.9167 | Acc (poison): 0.9781 | Val Acc: 0.8933 | Time: 00:00:12
Epoch 073 | Seed 2026 | Rate 0.10 | Train Loss: 0.7043 | Val Loss: 0.5312 | Acc (clean): 0.9172 | Acc (poison): 0.9784 | Val Acc: 0.8870 | Time: 00:00:12
Epoch 074 | Seed 2026 | Rate 0.10 | Train Loss: 0.7946 | Val Loss: 0.5279 | Acc (clean): 0.9164 | Acc (poison): 0.9780 | Val Acc: 0.8900 | Time: 00:00:12
Epoch 075 | Seed 2026 | Rate 0.10 | Train Loss: 0.6909 | Val Loss: 0.5363 | Acc (clean): 0.9141 | Acc (poison): 0.9814 | Val Acc: 0.8830 | Time: 00:00:12
Epoch 076 | Seed 2026 | Rate 0.10 | Train Loss: 0.6709 | Val Loss: 0.4934 | Acc (clean): 0.9096 | Acc (poison): 0.9884 | Val Acc: 0.8922 | Time: 00:00:12
Epoch 077 | Seed 2026 | Rate 0.10 | Train Loss: 0.7965 | Val Loss: 0.4892 | Acc (clean): 0.9085 | Acc (poison): 0.9900 | Val Acc: 0.8948 | Time: 00:00:12
Epoch 078 | Seed 2026 | Rate 0.10 | Train Loss: 0.7956 | Val Loss: 0.4657 | Acc (clean): 0.9072 | Acc (poison): 0.9911 | Val Acc: 0.8970 | Time: 00:00:13
Epoch 079 | Seed 2026 | Rate 0.10 | Train Loss: 0.6401 | Val Loss: 0.4671 | Acc (clean): 0.9065 | Acc (poison): 0.9925 | Val Acc: 0.8959 | Time: 00:00:12
Epoch 080 | Seed 2026 | Rate 0.10 | Train Loss: 0.6757 | Val Loss: 0.4853 | Acc (clean): 0.9069 | Acc (poison): 0.9922 | Val Acc: 0.8974 | Time: 00:00:12
Epoch 081 | Seed 2026 | Rate 0.10 | Train Loss: 0.6641 | Val Loss: 0.5136 | Acc (clean): 0.9069 | Acc (poison): 0.9922 | Val Acc: 0.8900 | Time: 00:00:12
Epoch 082 | Seed 2026 | Rate 0.10 | Train Loss: 0.7225 | Val Loss: 0.5211 | Acc (clean): 0.9066 | Acc (poison): 0.9923 | Val Acc: 0.8874 | Time: 00:00:12
Epoch 083 | Seed 2026 | Rate 0.10 | Train Loss: 0.6409 | Val Loss: 0.4611 | Acc (clean): 0.9061 | Acc (poison): 0.9928 | Val Acc: 0.8970 | Time: 00:00:12
Epoch 084 | Seed 2026 | Rate 0.10 | Train Loss: 0.6390 | Val Loss: 0.4298 | Acc (clean): 0.9053 | Acc (poison): 0.9936 | Val Acc: 0.9015 | Time: 00:00:13
Epoch 085 | Seed 2026 | Rate 0.10 | Train Loss: 0.6846 | Val Loss: 0.4535 | Acc (clean): 0.9056 | Acc (poison): 0.9933 | Val Acc: 0.8993 | Time: 00:00:12
Epoch 086 | Seed 2026 | Rate 0.10 | Train Loss: 0.6780 | Val Loss: 0.4679 | Acc (clean): 0.9054 | Acc (poison): 0.9930 | Val Acc: 0.8948 | Time: 00:00:12
Epoch 087 | Seed 2026 | Rate 0.10 | Train Loss: 0.6861 | Val Loss: 0.4139 | Acc (clean): 0.9058 | Acc (poison): 0.9934 | Val Acc: 0.9030 | Time: 00:00:13
Epoch 088 | Seed 2026 | Rate 0.10 | Train Loss: 0.7011 | Val Loss: 0.4692 | Acc (clean): 0.9056 | Acc (poison): 0.9935 | Val Acc: 0.8963 | Time: 00:00:12
Epoch 089 | Seed 2026 | Rate 0.10 | Train Loss: 0.6652 | Val Loss: 0.5069 | Acc (clean): 0.9053 | Acc (poison): 0.9942 | Val Acc: 0.8900 | Time: 00:00:12
Epoch 090 | Seed 2026 | Rate 0.10 | Train Loss: 0.6369 | Val Loss: 0.4507 | Acc (clean): 0.9051 | Acc (poison): 0.9937 | Val Acc: 0.8956 | Time: 00:00:12
Epoch 091 | Seed 2026 | Rate 0.10 | Train Loss: 0.6257 | Val Loss: 0.4662 | Acc (clean): 0.9053 | Acc (poison): 0.9939 | Val Acc: 0.8970 | Time: 00:00:12
Epoch 092 | Seed 2026 | Rate 0.10 | Train Loss: 0.6620 | Val Loss: 0.4331 | Acc (clean): 0.9044 | Acc (poison): 0.9948 | Val Acc: 0.9033 | Time: 00:00:12
Epoch 093 | Seed 2026 | Rate 0.10 | Train Loss: 0.6107 | Val Loss: 0.4452 | Acc (clean): 0.9047 | Acc (poison): 0.9948 | Val Acc: 0.8993 | Time: 00:00:12
Epoch 094 | Seed 2026 | Rate 0.10 | Train Loss: 0.6868 | Val Loss: 0.4446 | Acc (clean): 0.9040 | Acc (poison): 0.9949 | Val Acc: 0.9015 | Time: 00:00:12
Epoch 095 | Seed 2026 | Rate 0.10 | Train Loss: 0.6268 | Val Loss: 0.4882 | Acc (clean): 0.9042 | Acc (poison): 0.9946 | Val Acc: 0.8930 | Time: 00:00:12
Epoch 096 | Seed 2026 | Rate 0.10 | Train Loss: 0.6274 | Val Loss: 0.4532 | Acc (clean): 0.9040 | Acc (poison): 0.9949 | Val Acc: 0.8989 | Time: 00:00:12
Epoch 097 | Seed 2026 | Rate 0.10 | Train Loss: 0.6967 | Val Loss: 0.4368 | Acc (clean): 0.9037 | Acc (poison): 0.9958 | Val Acc: 0.9007 | Time: 00:00:12
Epoch 098 | Seed 2026 | Rate 0.10 | Train Loss: 0.6503 | Val Loss: 0.4324 | Acc (clean): 0.9042 | Acc (poison): 0.9957 | Val Acc: 0.9033 | Time: 00:00:12
Epoch 099 | Seed 2026 | Rate 0.10 | Train Loss: 0.6246 | Val Loss: 0.4242 | Acc (clean): 0.9041 | Acc (poison): 0.9953 | Val Acc: 0.9052 | Time: 00:00:12
Epoch 100 | Seed 2026 | Rate 0.10 | Train Loss: 0.5924 | Val Loss: 0.4216 | Acc (clean): 0.9039 | Acc (poison): 0.9955 | Val Acc: 0.9048 | Time: 00:00:12

=== defense=mixup attack=RQ1 seed=2026 rate=0.2 ===
Loading train data from /home/yazanme/BachelorThesis/BachelorThesis/data/processed/resisc45/train.h5 with mapping /home/yazanme/BachelorThesis/BachelorThesis/data/processed/resisc45/poisoned/RQ1/seed_2026/labels_0.20.pt... (in_memory=True, workers=4)
Testing torch.compile support...
Successfully compiled model using torch.compile.
Epoch 001 | Seed 2026 | Rate 0.20 | Train Loss: 3.4452 | Val Loss: 2.7956 | Acc (clean): 0.2109 | Acc (poison): 0.1730 | Val Acc: 0.2600 | Time: 00:00:14
Epoch 002 | Seed 2026 | Rate 0.20 | Train Loss: 3.0115 | Val Loss: 2.2983 | Acc (clean): 0.3557 | Acc (poison): 0.2884 | Val Acc: 0.3711 | Time: 00:00:13
Epoch 003 | Seed 2026 | Rate 0.20 | Train Loss: 2.8219 | Val Loss: 2.0343 | Acc (clean): 0.4511 | Acc (poison): 0.3651 | Val Acc: 0.4467 | Time: 00:00:13
Epoch 004 | Seed 2026 | Rate 0.20 | Train Loss: 2.6913 | Val Loss: 2.0331 | Acc (clean): 0.5139 | Acc (poison): 0.4137 | Val Acc: 0.4607 | Time: 00:00:13
Epoch 005 | Seed 2026 | Rate 0.20 | Train Loss: 2.6291 | Val Loss: 2.0255 | Acc (clean): 0.5567 | Acc (poison): 0.4478 | Val Acc: 0.4615 | Time: 00:00:13
Epoch 006 | Seed 2026 | Rate 0.20 | Train Loss: 2.5583 | Val Loss: 1.7319 | Acc (clean): 0.5871 | Acc (poison): 0.4727 | Val Acc: 0.5389 | Time: 00:00:12
Epoch 007 | Seed 2026 | Rate 0.20 | Train Loss: 2.4614 | Val Loss: 1.9707 | Acc (clean): 0.6259 | Acc (poison): 0.5051 | Val Acc: 0.4644 | Time: 00:00:12
Epoch 008 | Seed 2026 | Rate 0.20 | Train Loss: 2.3677 | Val Loss: 1.4808 | Acc (clean): 0.6605 | Acc (poison): 0.5327 | Val Acc: 0.6204 | Time: 00:00:13
Epoch 009 | Seed 2026 | Rate 0.20 | Train Loss: 2.3319 | Val Loss: 1.8217 | Acc (clean): 0.6902 | Acc (poison): 0.5563 | Val Acc: 0.5181 | Time: 00:00:12
Epoch 010 | Seed 2026 | Rate 0.20 | Train Loss: 2.2619 | Val Loss: 1.5128 | Acc (clean): 0.7129 | Acc (poison): 0.5747 | Val Acc: 0.6315 | Time: 00:00:12
Epoch 011 | Seed 2026 | Rate 0.20 | Train Loss: 2.1898 | Val Loss: 1.3799 | Acc (clean): 0.7399 | Acc (poison): 0.5958 | Val Acc: 0.6585 | Time: 00:00:13
Epoch 012 | Seed 2026 | Rate 0.20 | Train Loss: 2.1780 | Val Loss: 1.3645 | Acc (clean): 0.7597 | Acc (poison): 0.6126 | Val Acc: 0.6426 | Time: 00:00:12
Epoch 013 | Seed 2026 | Rate 0.20 | Train Loss: 2.1174 | Val Loss: 1.3727 | Acc (clean): 0.7739 | Acc (poison): 0.6240 | Val Acc: 0.6852 | Time: 00:00:12
Epoch 014 | Seed 2026 | Rate 0.20 | Train Loss: 2.1183 | Val Loss: 1.1863 | Acc (clean): 0.7859 | Acc (poison): 0.6356 | Val Acc: 0.7044 | Time: 00:00:13
Epoch 015 | Seed 2026 | Rate 0.20 | Train Loss: 2.0571 | Val Loss: 1.1346 | Acc (clean): 0.7977 | Acc (poison): 0.6461 | Val Acc: 0.7126 | Time: 00:00:13
Epoch 016 | Seed 2026 | Rate 0.20 | Train Loss: 2.0468 | Val Loss: 1.4929 | Acc (clean): 0.8041 | Acc (poison): 0.6497 | Val Acc: 0.6319 | Time: 00:00:12
Epoch 017 | Seed 2026 | Rate 0.20 | Train Loss: 2.0203 | Val Loss: 1.1488 | Acc (clean): 0.8140 | Acc (poison): 0.6588 | Val Acc: 0.7322 | Time: 00:00:12
Epoch 018 | Seed 2026 | Rate 0.20 | Train Loss: 2.1173 | Val Loss: 1.1696 | Acc (clean): 0.8226 | Acc (poison): 0.6653 | Val Acc: 0.7148 | Time: 00:00:12
Epoch 019 | Seed 2026 | Rate 0.20 | Train Loss: 2.0328 | Val Loss: 1.0087 | Acc (clean): 0.8281 | Acc (poison): 0.6714 | Val Acc: 0.7826 | Time: 00:00:13
Epoch 020 | Seed 2026 | Rate 0.20 | Train Loss: 1.9496 | Val Loss: 0.9520 | Acc (clean): 0.8309 | Acc (poison): 0.6729 | Val Acc: 0.7956 | Time: 00:00:13
Epoch 021 | Seed 2026 | Rate 0.20 | Train Loss: 1.9666 | Val Loss: 1.0956 | Acc (clean): 0.8342 | Acc (poison): 0.6768 | Val Acc: 0.7119 | Time: 00:00:12
Epoch 022 | Seed 2026 | Rate 0.20 | Train Loss: 1.9526 | Val Loss: 1.1946 | Acc (clean): 0.8395 | Acc (poison): 0.6811 | Val Acc: 0.7352 | Time: 00:00:12
Epoch 023 | Seed 2026 | Rate 0.20 | Train Loss: 1.9761 | Val Loss: 1.0282 | Acc (clean): 0.8420 | Acc (poison): 0.6839 | Val Acc: 0.7630 | Time: 00:00:12
Epoch 024 | Seed 2026 | Rate 0.20 | Train Loss: 1.9467 | Val Loss: 1.3152 | Acc (clean): 0.8489 | Acc (poison): 0.6900 | Val Acc: 0.7137 | Time: 00:00:12
Epoch 025 | Seed 2026 | Rate 0.20 | Train Loss: 1.9532 | Val Loss: 1.2928 | Acc (clean): 0.8512 | Acc (poison): 0.6919 | Val Acc: 0.6893 | Time: 00:00:12
Epoch 026 | Seed 2026 | Rate 0.20 | Train Loss: 1.9187 | Val Loss: 1.1203 | Acc (clean): 0.8500 | Acc (poison): 0.6929 | Val Acc: 0.7415 | Time: 00:00:12
Epoch 027 | Seed 2026 | Rate 0.20 | Train Loss: 1.9210 | Val Loss: 1.1182 | Acc (clean): 0.8576 | Acc (poison): 0.6986 | Val Acc: 0.7444 | Time: 00:00:12
Epoch 028 | Seed 2026 | Rate 0.20 | Train Loss: 1.8991 | Val Loss: 1.2305 | Acc (clean): 0.8581 | Acc (poison): 0.6999 | Val Acc: 0.6967 | Time: 00:00:12
Epoch 029 | Seed 2026 | Rate 0.20 | Train Loss: 1.8837 | Val Loss: 1.2224 | Acc (clean): 0.8622 | Acc (poison): 0.7026 | Val Acc: 0.6956 | Time: 00:00:12
Epoch 030 | Seed 2026 | Rate 0.20 | Train Loss: 1.8643 | Val Loss: 1.0117 | Acc (clean): 0.8623 | Acc (poison): 0.7044 | Val Acc: 0.7826 | Time: 00:00:12
Epoch 031 | Seed 2026 | Rate 0.20 | Train Loss: 1.9314 | Val Loss: 1.1518 | Acc (clean): 0.8624 | Acc (poison): 0.7046 | Val Acc: 0.7385 | Time: 00:00:12
Epoch 032 | Seed 2026 | Rate 0.20 | Train Loss: 1.8358 | Val Loss: 1.0866 | Acc (clean): 0.8668 | Acc (poison): 0.7092 | Val Acc: 0.7489 | Time: 00:00:12
Epoch 033 | Seed 2026 | Rate 0.20 | Train Loss: 1.8332 | Val Loss: 1.0902 | Acc (clean): 0.8701 | Acc (poison): 0.7112 | Val Acc: 0.7641 | Time: 00:00:12
Epoch 034 | Seed 2026 | Rate 0.20 | Train Loss: 1.8026 | Val Loss: 1.3583 | Acc (clean): 0.8700 | Acc (poison): 0.7143 | Val Acc: 0.6633 | Time: 00:00:12
Epoch 035 | Seed 2026 | Rate 0.20 | Train Loss: 1.8615 | Val Loss: 1.2468 | Acc (clean): 0.8685 | Acc (poison): 0.7135 | Val Acc: 0.6893 | Time: 00:00:12
Epoch 036 | Seed 2026 | Rate 0.20 | Train Loss: 1.8722 | Val Loss: 1.1821 | Acc (clean): 0.8727 | Acc (poison): 0.7158 | Val Acc: 0.7148 | Time: 00:00:12
Epoch 037 | Seed 2026 | Rate 0.20 | Train Loss: 1.7783 | Val Loss: 1.1116 | Acc (clean): 0.8730 | Acc (poison): 0.7161 | Val Acc: 0.7500 | Time: 00:00:12
Epoch 038 | Seed 2026 | Rate 0.20 | Train Loss: 1.8186 | Val Loss: 1.0199 | Acc (clean): 0.8731 | Acc (poison): 0.7175 | Val Acc: 0.7737 | Time: 00:00:12
Epoch 039 | Seed 2026 | Rate 0.20 | Train Loss: 1.7722 | Val Loss: 1.0264 | Acc (clean): 0.8765 | Acc (poison): 0.7213 | Val Acc: 0.7785 | Time: 00:00:12
Epoch 040 | Seed 2026 | Rate 0.20 | Train Loss: 1.7785 | Val Loss: 1.0517 | Acc (clean): 0.8779 | Acc (poison): 0.7216 | Val Acc: 0.7715 | Time: 00:00:12
Epoch 041 | Seed 2026 | Rate 0.20 | Train Loss: 1.7544 | Val Loss: 0.8862 | Acc (clean): 0.8791 | Acc (poison): 0.7239 | Val Acc: 0.8007 | Time: 00:00:16
Epoch 042 | Seed 2026 | Rate 0.20 | Train Loss: 1.7577 | Val Loss: 1.0201 | Acc (clean): 0.8793 | Acc (poison): 0.7237 | Val Acc: 0.7759 | Time: 00:00:13
Epoch 043 | Seed 2026 | Rate 0.20 | Train Loss: 1.8230 | Val Loss: 1.1541 | Acc (clean): 0.8780 | Acc (poison): 0.7254 | Val Acc: 0.7470 | Time: 00:00:12
Epoch 044 | Seed 2026 | Rate 0.20 | Train Loss: 1.7062 | Val Loss: 1.1833 | Acc (clean): 0.8801 | Acc (poison): 0.7264 | Val Acc: 0.7207 | Time: 00:00:12
Epoch 045 | Seed 2026 | Rate 0.20 | Train Loss: 1.7365 | Val Loss: 0.9868 | Acc (clean): 0.8802 | Acc (poison): 0.7281 | Val Acc: 0.7789 | Time: 00:00:12
Epoch 046 | Seed 2026 | Rate 0.20 | Train Loss: 1.7216 | Val Loss: 1.2479 | Acc (clean): 0.8790 | Acc (poison): 0.7263 | Val Acc: 0.7385 | Time: 00:00:12
Epoch 047 | Seed 2026 | Rate 0.20 | Train Loss: 1.6801 | Val Loss: 1.1629 | Acc (clean): 0.8834 | Acc (poison): 0.7322 | Val Acc: 0.7456 | Time: 00:00:12
Epoch 048 | Seed 2026 | Rate 0.20 | Train Loss: 1.7220 | Val Loss: 1.0960 | Acc (clean): 0.8780 | Acc (poison): 0.7292 | Val Acc: 0.7641 | Time: 00:00:12
Epoch 049 | Seed 2026 | Rate 0.20 | Train Loss: 1.7937 | Val Loss: 1.2822 | Acc (clean): 0.8858 | Acc (poison): 0.7383 | Val Acc: 0.6789 | Time: 00:00:12
Epoch 050 | Seed 2026 | Rate 0.20 | Train Loss: 1.7232 | Val Loss: 1.0000 | Acc (clean): 0.8857 | Acc (poison): 0.7361 | Val Acc: 0.7970 | Time: 00:00:12
Epoch 051 | Seed 2026 | Rate 0.20 | Train Loss: 1.5829 | Val Loss: 0.6619 | Acc (clean): 0.9343 | Acc (poison): 0.7825 | Val Acc: 0.8830 | Time: 00:00:12
Epoch 052 | Seed 2026 | Rate 0.20 | Train Loss: 1.4119 | Val Loss: 0.6327 | Acc (clean): 0.9435 | Acc (poison): 0.8012 | Val Acc: 0.8911 | Time: 00:00:13
Epoch 053 | Seed 2026 | Rate 0.20 | Train Loss: 1.2869 | Val Loss: 0.6239 | Acc (clean): 0.9390 | Acc (poison): 0.8124 | Val Acc: 0.8874 | Time: 00:00:13
Epoch 054 | Seed 2026 | Rate 0.20 | Train Loss: 1.2765 | Val Loss: 0.6701 | Acc (clean): 0.9342 | Acc (poison): 0.8215 | Val Acc: 0.8807 | Time: 00:00:12
Epoch 055 | Seed 2026 | Rate 0.20 | Train Loss: 1.3585 | Val Loss: 0.7166 | Acc (clean): 0.9291 | Acc (poison): 0.8291 | Val Acc: 0.8667 | Time: 00:00:12
Epoch 056 | Seed 2026 | Rate 0.20 | Train Loss: 1.2478 | Val Loss: 0.6786 | Acc (clean): 0.9225 | Acc (poison): 0.8388 | Val Acc: 0.8715 | Time: 00:00:12
Epoch 057 | Seed 2026 | Rate 0.20 | Train Loss: 1.2560 | Val Loss: 0.7883 | Acc (clean): 0.9157 | Acc (poison): 0.8491 | Val Acc: 0.8500 | Time: 00:00:12
Epoch 058 | Seed 2026 | Rate 0.20 | Train Loss: 1.1583 | Val Loss: 0.7382 | Acc (clean): 0.9091 | Acc (poison): 0.8567 | Val Acc: 0.8611 | Time: 00:00:12
Epoch 059 | Seed 2026 | Rate 0.20 | Train Loss: 1.0862 | Val Loss: 0.7156 | Acc (clean): 0.9019 | Acc (poison): 0.8668 | Val Acc: 0.8548 | Time: 00:00:12
Epoch 060 | Seed 2026 | Rate 0.20 | Train Loss: 1.1877 | Val Loss: 0.6787 | Acc (clean): 0.8920 | Acc (poison): 0.8774 | Val Acc: 0.8619 | Time: 00:00:12
Epoch 061 | Seed 2026 | Rate 0.20 | Train Loss: 0.9489 | Val Loss: 0.7056 | Acc (clean): 0.8862 | Acc (poison): 0.8861 | Val Acc: 0.8452 | Time: 00:00:12
Epoch 062 | Seed 2026 | Rate 0.20 | Train Loss: 1.0238 | Val Loss: 0.6701 | Acc (clean): 0.8760 | Acc (poison): 0.8958 | Val Acc: 0.8544 | Time: 00:00:12
Epoch 063 | Seed 2026 | Rate 0.20 | Train Loss: 0.9907 | Val Loss: 0.7155 | Acc (clean): 0.8690 | Acc (poison): 0.9057 | Val Acc: 0.8463 | Time: 00:00:12
Epoch 064 | Seed 2026 | Rate 0.20 | Train Loss: 1.0035 | Val Loss: 0.6897 | Acc (clean): 0.8610 | Acc (poison): 0.9158 | Val Acc: 0.8459 | Time: 00:00:12
Epoch 065 | Seed 2026 | Rate 0.20 | Train Loss: 1.0699 | Val Loss: 0.7288 | Acc (clean): 0.8580 | Acc (poison): 0.9206 | Val Acc: 0.8393 | Time: 00:00:12
Epoch 066 | Seed 2026 | Rate 0.20 | Train Loss: 0.9856 | Val Loss: 0.7138 | Acc (clean): 0.8541 | Acc (poison): 0.9247 | Val Acc: 0.8426 | Time: 00:00:13
Epoch 067 | Seed 2026 | Rate 0.20 | Train Loss: 0.9778 | Val Loss: 0.7185 | Acc (clean): 0.8488 | Acc (poison): 0.9325 | Val Acc: 0.8452 | Time: 00:00:12
Epoch 068 | Seed 2026 | Rate 0.20 | Train Loss: 0.9241 | Val Loss: 0.7010 | Acc (clean): 0.8437 | Acc (poison): 0.9384 | Val Acc: 0.8400 | Time: 00:00:12
Epoch 069 | Seed 2026 | Rate 0.20 | Train Loss: 0.9218 | Val Loss: 0.7273 | Acc (clean): 0.8376 | Acc (poison): 0.9458 | Val Acc: 0.8311 | Time: 00:00:12
Epoch 070 | Seed 2026 | Rate 0.20 | Train Loss: 0.7475 | Val Loss: 0.7271 | Acc (clean): 0.8354 | Acc (poison): 0.9504 | Val Acc: 0.8307 | Time: 00:00:12
Epoch 071 | Seed 2026 | Rate 0.20 | Train Loss: 0.8124 | Val Loss: 0.7148 | Acc (clean): 0.8301 | Acc (poison): 0.9570 | Val Acc: 0.8374 | Time: 00:00:12
Epoch 072 | Seed 2026 | Rate 0.20 | Train Loss: 0.9165 | Val Loss: 0.7394 | Acc (clean): 0.8280 | Acc (poison): 0.9598 | Val Acc: 0.8385 | Time: 00:00:12
Epoch 073 | Seed 2026 | Rate 0.20 | Train Loss: 0.8289 | Val Loss: 0.7945 | Acc (clean): 0.8269 | Acc (poison): 0.9616 | Val Acc: 0.8244 | Time: 00:00:12
Epoch 074 | Seed 2026 | Rate 0.20 | Train Loss: 0.9231 | Val Loss: 0.8126 | Acc (clean): 0.8265 | Acc (poison): 0.9625 | Val Acc: 0.8156 | Time: 00:00:12
Epoch 075 | Seed 2026 | Rate 0.20 | Train Loss: 0.8036 | Val Loss: 0.8210 | Acc (clean): 0.8236 | Acc (poison): 0.9668 | Val Acc: 0.8085 | Time: 00:00:12
Epoch 076 | Seed 2026 | Rate 0.20 | Train Loss: 0.7635 | Val Loss: 0.7177 | Acc (clean): 0.8151 | Acc (poison): 0.9792 | Val Acc: 0.8411 | Time: 00:00:12
Epoch 077 | Seed 2026 | Rate 0.20 | Train Loss: 0.8904 | Val Loss: 0.7168 | Acc (clean): 0.8115 | Acc (poison): 0.9851 | Val Acc: 0.8444 | Time: 00:00:12
Epoch 078 | Seed 2026 | Rate 0.20 | Train Loss: 0.8920 | Val Loss: 0.6904 | Acc (clean): 0.8109 | Acc (poison): 0.9865 | Val Acc: 0.8519 | Time: 00:00:12
Epoch 079 | Seed 2026 | Rate 0.20 | Train Loss: 0.7122 | Val Loss: 0.6958 | Acc (clean): 0.8107 | Acc (poison): 0.9873 | Val Acc: 0.8481 | Time: 00:00:12
Epoch 080 | Seed 2026 | Rate 0.20 | Train Loss: 0.7490 | Val Loss: 0.7060 | Acc (clean): 0.8095 | Acc (poison): 0.9881 | Val Acc: 0.8533 | Time: 00:00:12
Epoch 081 | Seed 2026 | Rate 0.20 | Train Loss: 0.7417 | Val Loss: 0.7540 | Acc (clean): 0.8098 | Acc (poison): 0.9884 | Val Acc: 0.8407 | Time: 00:00:12
Epoch 082 | Seed 2026 | Rate 0.20 | Train Loss: 0.7992 | Val Loss: 0.7523 | Acc (clean): 0.8088 | Acc (poison): 0.9893 | Val Acc: 0.8407 | Time: 00:00:12
Epoch 083 | Seed 2026 | Rate 0.20 | Train Loss: 0.7060 | Val Loss: 0.6754 | Acc (clean): 0.8080 | Acc (poison): 0.9902 | Val Acc: 0.8556 | Time: 00:00:12
Epoch 084 | Seed 2026 | Rate 0.20 | Train Loss: 0.7053 | Val Loss: 0.6385 | Acc (clean): 0.8079 | Acc (poison): 0.9901 | Val Acc: 0.8637 | Time: 00:00:12
Epoch 085 | Seed 2026 | Rate 0.20 | Train Loss: 0.7576 | Val Loss: 0.6729 | Acc (clean): 0.8078 | Acc (poison): 0.9899 | Val Acc: 0.8589 | Time: 00:00:12
Epoch 086 | Seed 2026 | Rate 0.20 | Train Loss: 0.7498 | Val Loss: 0.6921 | Acc (clean): 0.8085 | Acc (poison): 0.9898 | Val Acc: 0.8511 | Time: 00:00:12
Epoch 087 | Seed 2026 | Rate 0.20 | Train Loss: 0.7634 | Val Loss: 0.6272 | Acc (clean): 0.8079 | Acc (poison): 0.9907 | Val Acc: 0.8615 | Time: 00:00:12
Epoch 088 | Seed 2026 | Rate 0.20 | Train Loss: 0.7713 | Val Loss: 0.6911 | Acc (clean): 0.8073 | Acc (poison): 0.9915 | Val Acc: 0.8570 | Time: 00:00:12
Epoch 089 | Seed 2026 | Rate 0.20 | Train Loss: 0.7360 | Val Loss: 0.7266 | Acc (clean): 0.8078 | Acc (poison): 0.9912 | Val Acc: 0.8474 | Time: 00:00:12
Epoch 090 | Seed 2026 | Rate 0.20 | Train Loss: 0.7075 | Val Loss: 0.6614 | Acc (clean): 0.8073 | Acc (poison): 0.9910 | Val Acc: 0.8619 | Time: 00:00:12
Epoch 091 | Seed 2026 | Rate 0.20 | Train Loss: 0.6925 | Val Loss: 0.6778 | Acc (clean): 0.8073 | Acc (poison): 0.9915 | Val Acc: 0.8581 | Time: 00:00:12
Epoch 092 | Seed 2026 | Rate 0.20 | Train Loss: 0.7218 | Val Loss: 0.6434 | Acc (clean): 0.8064 | Acc (poison): 0.9926 | Val Acc: 0.8622 | Time: 00:00:12
Epoch 093 | Seed 2026 | Rate 0.20 | Train Loss: 0.6714 | Val Loss: 0.6630 | Acc (clean): 0.8069 | Acc (poison): 0.9920 | Val Acc: 0.8593 | Time: 00:00:12
Epoch 094 | Seed 2026 | Rate 0.20 | Train Loss: 0.7498 | Val Loss: 0.6549 | Acc (clean): 0.8060 | Acc (poison): 0.9930 | Val Acc: 0.8619 | Time: 00:00:12
Epoch 095 | Seed 2026 | Rate 0.20 | Train Loss: 0.6890 | Val Loss: 0.7092 | Acc (clean): 0.8058 | Acc (poison): 0.9929 | Val Acc: 0.8544 | Time: 00:00:12
Epoch 096 | Seed 2026 | Rate 0.20 | Train Loss: 0.6854 | Val Loss: 0.6660 | Acc (clean): 0.8058 | Acc (poison): 0.9930 | Val Acc: 0.8589 | Time: 00:00:12
Epoch 097 | Seed 2026 | Rate 0.20 | Train Loss: 0.7675 | Val Loss: 0.6452 | Acc (clean): 0.8060 | Acc (poison): 0.9930 | Val Acc: 0.8596 | Time: 00:00:13
Epoch 098 | Seed 2026 | Rate 0.20 | Train Loss: 0.7106 | Val Loss: 0.6472 | Acc (clean): 0.8067 | Acc (poison): 0.9925 | Val Acc: 0.8548 | Time: 00:00:13
Epoch 099 | Seed 2026 | Rate 0.20 | Train Loss: 0.6837 | Val Loss: 0.6405 | Acc (clean): 0.8052 | Acc (poison): 0.9934 | Val Acc: 0.8622 | Time: 00:00:12
Epoch 100 | Seed 2026 | Rate 0.20 | Train Loss: 0.6476 | Val Loss: 0.6353 | Acc (clean): 0.8051 | Acc (poison): 0.9941 | Val Acc: 0.8641 | Time: 00:00:12

=== defense=mixup attack=RQ2 seed=2026 rate=0.01 ===
Loading train data from /home/yazanme/BachelorThesis/BachelorThesis/data/processed/resisc45/train.h5 with mapping /home/yazanme/BachelorThesis/BachelorThesis/data/processed/resisc45/poisoned/RQ2/seed_2026/labels_0.01.pt... (in_memory=True, workers=4)
Testing torch.compile support...
Successfully compiled model using torch.compile.
Epoch 001 | Seed 2026 | Rate 0.01 | Train Loss: 3.0246 | Val Loss: 2.4204 | Acc (clean): 0.2660 | Acc (poison): 0.2647 | Val Acc: 0.3219 | Time: 00:00:12
Epoch 002 | Seed 2026 | Rate 0.01 | Train Loss: 2.2970 | Val Loss: 1.8887 | Acc (clean): 0.4534 | Acc (poison): 0.4501 | Val Acc: 0.4430 | Time: 00:00:12
Epoch 003 | Seed 2026 | Rate 0.01 | Train Loss: 1.9993 | Val Loss: 1.5060 | Acc (clean): 0.5519 | Acc (poison): 0.5479 | Val Acc: 0.5652 | Time: 00:00:12
Epoch 004 | Seed 2026 | Rate 0.01 | Train Loss: 1.8023 | Val Loss: 1.4222 | Acc (clean): 0.6208 | Acc (poison): 0.6159 | Val Acc: 0.5848 | Time: 00:00:12
Epoch 005 | Seed 2026 | Rate 0.01 | Train Loss: 1.7099 | Val Loss: 1.3735 | Acc (clean): 0.6702 | Acc (poison): 0.6647 | Val Acc: 0.6033 | Time: 00:00:12
Epoch 006 | Seed 2026 | Rate 0.01 | Train Loss: 1.5724 | Val Loss: 1.0487 | Acc (clean): 0.7144 | Acc (poison): 0.7086 | Val Acc: 0.6959 | Time: 00:00:12
Epoch 007 | Seed 2026 | Rate 0.01 | Train Loss: 1.4258 | Val Loss: 1.0224 | Acc (clean): 0.7526 | Acc (poison): 0.7462 | Val Acc: 0.6989 | Time: 00:00:12
Epoch 008 | Seed 2026 | Rate 0.01 | Train Loss: 1.3045 | Val Loss: 1.1371 | Acc (clean): 0.7837 | Acc (poison): 0.7770 | Val Acc: 0.6800 | Time: 00:00:11
Epoch 009 | Seed 2026 | Rate 0.01 | Train Loss: 1.2755 | Val Loss: 1.0215 | Acc (clean): 0.8060 | Acc (poison): 0.7990 | Val Acc: 0.7241 | Time: 00:00:12
Epoch 010 | Seed 2026 | Rate 0.01 | Train Loss: 1.2065 | Val Loss: 1.0919 | Acc (clean): 0.8227 | Acc (poison): 0.8151 | Val Acc: 0.7015 | Time: 00:00:11
Epoch 011 | Seed 2026 | Rate 0.01 | Train Loss: 1.1202 | Val Loss: 0.8823 | Acc (clean): 0.8380 | Acc (poison): 0.8307 | Val Acc: 0.7652 | Time: 00:00:12
Epoch 012 | Seed 2026 | Rate 0.01 | Train Loss: 1.1470 | Val Loss: 1.1697 | Acc (clean): 0.8519 | Acc (poison): 0.8443 | Val Acc: 0.6667 | Time: 00:00:12
Epoch 013 | Seed 2026 | Rate 0.01 | Train Loss: 1.0835 | Val Loss: 0.7213 | Acc (clean): 0.8602 | Acc (poison): 0.8528 | Val Acc: 0.8081 | Time: 00:00:12
Epoch 014 | Seed 2026 | Rate 0.01 | Train Loss: 1.1148 | Val Loss: 0.9692 | Acc (clean): 0.8653 | Acc (poison): 0.8574 | Val Acc: 0.7248 | Time: 00:00:12
Epoch 015 | Seed 2026 | Rate 0.01 | Train Loss: 1.0394 | Val Loss: 0.6077 | Acc (clean): 0.8713 | Acc (poison): 0.8639 | Val Acc: 0.8248 | Time: 00:00:13
Epoch 016 | Seed 2026 | Rate 0.01 | Train Loss: 1.0453 | Val Loss: 0.8583 | Acc (clean): 0.8779 | Acc (poison): 0.8705 | Val Acc: 0.7641 | Time: 00:00:12
Epoch 017 | Seed 2026 | Rate 0.01 | Train Loss: 1.0191 | Val Loss: 0.7998 | Acc (clean): 0.8796 | Acc (poison): 0.8720 | Val Acc: 0.7774 | Time: 00:00:12
Epoch 018 | Seed 2026 | Rate 0.01 | Train Loss: 1.1798 | Val Loss: 0.8309 | Acc (clean): 0.8840 | Acc (poison): 0.8765 | Val Acc: 0.7670 | Time: 00:00:12
Epoch 019 | Seed 2026 | Rate 0.01 | Train Loss: 1.0666 | Val Loss: 0.8990 | Acc (clean): 0.8898 | Acc (poison): 0.8824 | Val Acc: 0.7641 | Time: 00:00:12
Epoch 020 | Seed 2026 | Rate 0.01 | Train Loss: 0.9582 | Val Loss: 0.7415 | Acc (clean): 0.8951 | Acc (poison): 0.8881 | Val Acc: 0.7830 | Time: 00:00:12
Epoch 021 | Seed 2026 | Rate 0.01 | Train Loss: 1.0010 | Val Loss: 0.8282 | Acc (clean): 0.8929 | Acc (poison): 0.8854 | Val Acc: 0.7570 | Time: 00:00:12
Epoch 022 | Seed 2026 | Rate 0.01 | Train Loss: 0.9831 | Val Loss: 0.7557 | Acc (clean): 0.8961 | Acc (poison): 0.8886 | Val Acc: 0.7989 | Time: 00:00:12
Epoch 023 | Seed 2026 | Rate 0.01 | Train Loss: 1.0226 | Val Loss: 0.7854 | Acc (clean): 0.8960 | Acc (poison): 0.8888 | Val Acc: 0.7933 | Time: 00:00:12
Epoch 024 | Seed 2026 | Rate 0.01 | Train Loss: 1.0033 | Val Loss: 0.7867 | Acc (clean): 0.8994 | Acc (poison): 0.8923 | Val Acc: 0.8022 | Time: 00:00:12
Epoch 025 | Seed 2026 | Rate 0.01 | Train Loss: 1.0268 | Val Loss: 0.8528 | Acc (clean): 0.9073 | Acc (poison): 0.9003 | Val Acc: 0.7804 | Time: 00:00:12
Epoch 026 | Seed 2026 | Rate 0.01 | Train Loss: 0.9631 | Val Loss: 0.7461 | Acc (clean): 0.9132 | Acc (poison): 0.9058 | Val Acc: 0.7959 | Time: 00:00:12
Epoch 027 | Seed 2026 | Rate 0.01 | Train Loss: 0.9851 | Val Loss: 0.8038 | Acc (clean): 0.9104 | Acc (poison): 0.9030 | Val Acc: 0.7867 | Time: 00:00:12
Epoch 028 | Seed 2026 | Rate 0.01 | Train Loss: 0.9698 | Val Loss: 0.7553 | Acc (clean): 0.9087 | Acc (poison): 0.9020 | Val Acc: 0.7963 | Time: 00:00:12
Epoch 029 | Seed 2026 | Rate 0.01 | Train Loss: 0.9352 | Val Loss: 0.7036 | Acc (clean): 0.9123 | Acc (poison): 0.9046 | Val Acc: 0.8022 | Time: 00:00:12
Epoch 030 | Seed 2026 | Rate 0.01 | Train Loss: 0.9447 | Val Loss: 0.6561 | Acc (clean): 0.9160 | Acc (poison): 0.9093 | Val Acc: 0.8204 | Time: 00:00:12
Epoch 031 | Seed 2026 | Rate 0.01 | Train Loss: 1.0298 | Val Loss: 0.7233 | Acc (clean): 0.9147 | Acc (poison): 0.9079 | Val Acc: 0.8104 | Time: 00:00:12
Epoch 032 | Seed 2026 | Rate 0.01 | Train Loss: 0.9110 | Val Loss: 0.7281 | Acc (clean): 0.9137 | Acc (poison): 0.9067 | Val Acc: 0.8056 | Time: 00:00:12
Epoch 033 | Seed 2026 | Rate 0.01 | Train Loss: 0.9047 | Val Loss: 0.7607 | Acc (clean): 0.9134 | Acc (poison): 0.9068 | Val Acc: 0.7922 | Time: 00:00:12
Epoch 034 | Seed 2026 | Rate 0.01 | Train Loss: 0.8949 | Val Loss: 0.7592 | Acc (clean): 0.9165 | Acc (poison): 0.9100 | Val Acc: 0.7830 | Time: 00:00:12
Epoch 035 | Seed 2026 | Rate 0.01 | Train Loss: 0.9560 | Val Loss: 0.7770 | Acc (clean): 0.9212 | Acc (poison): 0.9147 | Val Acc: 0.7844 | Time: 00:00:12
Epoch 036 | Seed 2026 | Rate 0.01 | Train Loss: 0.9781 | Val Loss: 0.7418 | Acc (clean): 0.9202 | Acc (poison): 0.9135 | Val Acc: 0.8041 | Time: 00:00:12
Epoch 037 | Seed 2026 | Rate 0.01 | Train Loss: 0.8614 | Val Loss: 0.9175 | Acc (clean): 0.9207 | Acc (poison): 0.9142 | Val Acc: 0.7541 | Time: 00:00:12
Epoch 038 | Seed 2026 | Rate 0.01 | Train Loss: 0.9089 | Val Loss: 0.6415 | Acc (clean): 0.9212 | Acc (poison): 0.9144 | Val Acc: 0.8078 | Time: 00:00:12
Epoch 039 | Seed 2026 | Rate 0.01 | Train Loss: 0.8839 | Val Loss: 0.7117 | Acc (clean): 0.9200 | Acc (poison): 0.9132 | Val Acc: 0.8015 | Time: 00:00:12
Epoch 040 | Seed 2026 | Rate 0.01 | Train Loss: 0.8897 | Val Loss: 0.6621 | Acc (clean): 0.9202 | Acc (poison): 0.9140 | Val Acc: 0.8252 | Time: 00:00:12
Epoch 041 | Seed 2026 | Rate 0.01 | Train Loss: 0.8421 | Val Loss: 0.6637 | Acc (clean): 0.9301 | Acc (poison): 0.9239 | Val Acc: 0.8015 | Time: 00:00:12
Epoch 042 | Seed 2026 | Rate 0.01 | Train Loss: 0.8764 | Val Loss: 0.6542 | Acc (clean): 0.9221 | Acc (poison): 0.9156 | Val Acc: 0.8222 | Time: 00:00:12
Epoch 043 | Seed 2026 | Rate 0.01 | Train Loss: 0.9624 | Val Loss: 0.6489 | Acc (clean): 0.9302 | Acc (poison): 0.9232 | Val Acc: 0.8393 | Time: 00:00:12
Epoch 044 | Seed 2026 | Rate 0.01 | Train Loss: 0.7972 | Val Loss: 0.6476 | Acc (clean): 0.9265 | Acc (poison): 0.9196 | Val Acc: 0.8263 | Time: 00:00:12
Epoch 045 | Seed 2026 | Rate 0.01 | Train Loss: 0.8553 | Val Loss: 0.7477 | Acc (clean): 0.9270 | Acc (poison): 0.9205 | Val Acc: 0.7963 | Time: 00:00:12
Epoch 046 | Seed 2026 | Rate 0.01 | Train Loss: 0.8423 | Val Loss: 0.7304 | Acc (clean): 0.9323 | Acc (poison): 0.9260 | Val Acc: 0.8144 | Time: 00:00:12
Epoch 047 | Seed 2026 | Rate 0.01 | Train Loss: 0.8204 | Val Loss: 0.5538 | Acc (clean): 0.9307 | Acc (poison): 0.9249 | Val Acc: 0.8607 | Time: 00:00:13
Epoch 048 | Seed 2026 | Rate 0.01 | Train Loss: 0.8416 | Val Loss: 0.6477 | Acc (clean): 0.9333 | Acc (poison): 0.9277 | Val Acc: 0.8367 | Time: 00:00:12
Epoch 049 | Seed 2026 | Rate 0.01 | Train Loss: 0.9851 | Val Loss: 0.5493 | Acc (clean): 0.9326 | Acc (poison): 0.9272 | Val Acc: 0.8693 | Time: 00:00:12
Epoch 050 | Seed 2026 | Rate 0.01 | Train Loss: 0.8926 | Val Loss: 0.5772 | Acc (clean): 0.9254 | Acc (poison): 0.9193 | Val Acc: 0.8378 | Time: 00:00:12
Epoch 051 | Seed 2026 | Rate 0.01 | Train Loss: 0.8739 | Val Loss: 0.3503 | Acc (clean): 0.9707 | Acc (poison): 0.9658 | Val Acc: 0.9207 | Time: 00:00:13
Epoch 052 | Seed 2026 | Rate 0.01 | Train Loss: 0.7271 | Val Loss: 0.3195 | Acc (clean): 0.9841 | Acc (poison): 0.9791 | Val Acc: 0.9226 | Time: 00:00:13
Epoch 053 | Seed 2026 | Rate 0.01 | Train Loss: 0.6269 | Val Loss: 0.3153 | Acc (clean): 0.9870 | Acc (poison): 0.9835 | Val Acc: 0.9270 | Time: 00:00:12
Epoch 054 | Seed 2026 | Rate 0.01 | Train Loss: 0.6610 | Val Loss: 0.3082 | Acc (clean): 0.9888 | Acc (poison): 0.9860 | Val Acc: 0.9267 | Time: 00:00:12
Epoch 055 | Seed 2026 | Rate 0.01 | Train Loss: 0.7670 | Val Loss: 0.3905 | Acc (clean): 0.9883 | Acc (poison): 0.9861 | Val Acc: 0.9222 | Time: 00:00:12
Epoch 056 | Seed 2026 | Rate 0.01 | Train Loss: 0.6828 | Val Loss: 0.3329 | Acc (clean): 0.9895 | Acc (poison): 0.9875 | Val Acc: 0.9289 | Time: 00:00:12
Epoch 057 | Seed 2026 | Rate 0.01 | Train Loss: 0.7247 | Val Loss: 0.4206 | Acc (clean): 0.9898 | Acc (poison): 0.9888 | Val Acc: 0.9230 | Time: 00:00:12
Epoch 058 | Seed 2026 | Rate 0.01 | Train Loss: 0.6387 | Val Loss: 0.3382 | Acc (clean): 0.9900 | Acc (poison): 0.9902 | Val Acc: 0.9281 | Time: 00:00:12
Epoch 059 | Seed 2026 | Rate 0.01 | Train Loss: 0.5931 | Val Loss: 0.3229 | Acc (clean): 0.9903 | Acc (poison): 0.9903 | Val Acc: 0.9237 | Time: 00:00:12
Epoch 060 | Seed 2026 | Rate 0.01 | Train Loss: 0.7195 | Val Loss: 0.3188 | Acc (clean): 0.9912 | Acc (poison): 0.9915 | Val Acc: 0.9293 | Time: 00:00:12
Epoch 061 | Seed 2026 | Rate 0.01 | Train Loss: 0.5174 | Val Loss: 0.2815 | Acc (clean): 0.9902 | Acc (poison): 0.9921 | Val Acc: 0.9330 | Time: 00:00:13
Epoch 062 | Seed 2026 | Rate 0.01 | Train Loss: 0.6049 | Val Loss: 0.2642 | Acc (clean): 0.9908 | Acc (poison): 0.9926 | Val Acc: 0.9319 | Time: 00:00:13
Epoch 063 | Seed 2026 | Rate 0.01 | Train Loss: 0.5890 | Val Loss: 0.2990 | Acc (clean): 0.9907 | Acc (poison): 0.9935 | Val Acc: 0.9304 | Time: 00:00:12
Epoch 064 | Seed 2026 | Rate 0.01 | Train Loss: 0.6210 | Val Loss: 0.2992 | Acc (clean): 0.9908 | Acc (poison): 0.9939 | Val Acc: 0.9304 | Time: 00:00:12
Epoch 065 | Seed 2026 | Rate 0.01 | Train Loss: 0.6959 | Val Loss: 0.3481 | Acc (clean): 0.9908 | Acc (poison): 0.9947 | Val Acc: 0.9211 | Time: 00:00:12
Epoch 066 | Seed 2026 | Rate 0.01 | Train Loss: 0.6324 | Val Loss: 0.3029 | Acc (clean): 0.9916 | Acc (poison): 0.9942 | Val Acc: 0.9293 | Time: 00:00:12
Epoch 067 | Seed 2026 | Rate 0.01 | Train Loss: 0.6493 | Val Loss: 0.3023 | Acc (clean): 0.9906 | Acc (poison): 0.9949 | Val Acc: 0.9307 | Time: 00:00:12
Epoch 068 | Seed 2026 | Rate 0.01 | Train Loss: 0.5986 | Val Loss: 0.3070 | Acc (clean): 0.9905 | Acc (poison): 0.9951 | Val Acc: 0.9296 | Time: 00:00:12
Epoch 069 | Seed 2026 | Rate 0.01 | Train Loss: 0.6230 | Val Loss: 0.3040 | Acc (clean): 0.9912 | Acc (poison): 0.9958 | Val Acc: 0.9311 | Time: 00:00:12
Epoch 070 | Seed 2026 | Rate 0.01 | Train Loss: 0.4840 | Val Loss: 0.2748 | Acc (clean): 0.9900 | Acc (poison): 0.9958 | Val Acc: 0.9333 | Time: 00:00:12
Epoch 071 | Seed 2026 | Rate 0.01 | Train Loss: 0.5553 | Val Loss: 0.2830 | Acc (clean): 0.9902 | Acc (poison): 0.9958 | Val Acc: 0.9359 | Time: 00:00:12
Epoch 072 | Seed 2026 | Rate 0.01 | Train Loss: 0.6417 | Val Loss: 0.3094 | Acc (clean): 0.9906 | Acc (poison): 0.9965 | Val Acc: 0.9263 | Time: 00:00:12
Epoch 073 | Seed 2026 | Rate 0.01 | Train Loss: 0.5699 | Val Loss: 0.3534 | Acc (clean): 0.9908 | Acc (poison): 0.9969 | Val Acc: 0.9274 | Time: 00:00:12
Epoch 074 | Seed 2026 | Rate 0.01 | Train Loss: 0.6462 | Val Loss: 0.3509 | Acc (clean): 0.9907 | Acc (poison): 0.9968 | Val Acc: 0.9263 | Time: 00:00:12
Epoch 075 | Seed 2026 | Rate 0.01 | Train Loss: 0.5609 | Val Loss: 0.3376 | Acc (clean): 0.9899 | Acc (poison): 0.9966 | Val Acc: 0.9263 | Time: 00:00:12
Epoch 076 | Seed 2026 | Rate 0.01 | Train Loss: 0.5585 | Val Loss: 0.3361 | Acc (clean): 0.9905 | Acc (poison): 0.9979 | Val Acc: 0.9296 | Time: 00:00:12
Epoch 077 | Seed 2026 | Rate 0.01 | Train Loss: 0.6787 | Val Loss: 0.3185 | Acc (clean): 0.9902 | Acc (poison): 0.9986 | Val Acc: 0.9315 | Time: 00:00:12
Epoch 078 | Seed 2026 | Rate 0.01 | Train Loss: 0.6792 | Val Loss: 0.2999 | Acc (clean): 0.9900 | Acc (poison): 0.9980 | Val Acc: 0.9344 | Time: 00:00:12
Epoch 079 | Seed 2026 | Rate 0.01 | Train Loss: 0.5478 | Val Loss: 0.3112 | Acc (clean): 0.9902 | Acc (poison): 0.9982 | Val Acc: 0.9330 | Time: 00:00:12
Epoch 080 | Seed 2026 | Rate 0.01 | Train Loss: 0.5850 | Val Loss: 0.3326 | Acc (clean): 0.9904 | Acc (poison): 0.9987 | Val Acc: 0.9326 | Time: 00:00:12
Epoch 081 | Seed 2026 | Rate 0.01 | Train Loss: 0.5683 | Val Loss: 0.3591 | Acc (clean): 0.9905 | Acc (poison): 0.9986 | Val Acc: 0.9267 | Time: 00:00:12
Epoch 082 | Seed 2026 | Rate 0.01 | Train Loss: 0.6197 | Val Loss: 0.3483 | Acc (clean): 0.9903 | Acc (poison): 0.9988 | Val Acc: 0.9274 | Time: 00:00:12
Epoch 083 | Seed 2026 | Rate 0.01 | Train Loss: 0.5504 | Val Loss: 0.3056 | Acc (clean): 0.9902 | Acc (poison): 0.9987 | Val Acc: 0.9348 | Time: 00:00:12
Epoch 084 | Seed 2026 | Rate 0.01 | Train Loss: 0.5553 | Val Loss: 0.2813 | Acc (clean): 0.9907 | Acc (poison): 0.9986 | Val Acc: 0.9352 | Time: 00:00:12
Epoch 085 | Seed 2026 | Rate 0.01 | Train Loss: 0.5926 | Val Loss: 0.3045 | Acc (clean): 0.9904 | Acc (poison): 0.9986 | Val Acc: 0.9363 | Time: 00:00:12
Epoch 086 | Seed 2026 | Rate 0.01 | Train Loss: 0.5842 | Val Loss: 0.3115 | Acc (clean): 0.9907 | Acc (poison): 0.9985 | Val Acc: 0.9352 | Time: 00:00:12
Epoch 087 | Seed 2026 | Rate 0.01 | Train Loss: 0.5951 | Val Loss: 0.2547 | Acc (clean): 0.9905 | Acc (poison): 0.9986 | Val Acc: 0.9378 | Time: 00:00:13
Epoch 088 | Seed 2026 | Rate 0.01 | Train Loss: 0.6115 | Val Loss: 0.3118 | Acc (clean): 0.9903 | Acc (poison): 0.9988 | Val Acc: 0.9333 | Time: 00:00:12
Epoch 089 | Seed 2026 | Rate 0.01 | Train Loss: 0.5748 | Val Loss: 0.3411 | Acc (clean): 0.9905 | Acc (poison): 0.9988 | Val Acc: 0.9311 | Time: 00:00:12
Epoch 090 | Seed 2026 | Rate 0.01 | Train Loss: 0.5500 | Val Loss: 0.2932 | Acc (clean): 0.9900 | Acc (poison): 0.9986 | Val Acc: 0.9370 | Time: 00:00:12
Epoch 091 | Seed 2026 | Rate 0.01 | Train Loss: 0.5383 | Val Loss: 0.3104 | Acc (clean): 0.9905 | Acc (poison): 0.9986 | Val Acc: 0.9326 | Time: 00:00:12
Epoch 092 | Seed 2026 | Rate 0.01 | Train Loss: 0.5728 | Val Loss: 0.2789 | Acc (clean): 0.9904 | Acc (poison): 0.9990 | Val Acc: 0.9356 | Time: 00:00:12
Epoch 093 | Seed 2026 | Rate 0.01 | Train Loss: 0.5332 | Val Loss: 0.2897 | Acc (clean): 0.9905 | Acc (poison): 0.9991 | Val Acc: 0.9356 | Time: 00:00:12
Epoch 094 | Seed 2026 | Rate 0.01 | Train Loss: 0.5969 | Val Loss: 0.2861 | Acc (clean): 0.9906 | Acc (poison): 0.9989 | Val Acc: 0.9322 | Time: 00:00:12
Epoch 095 | Seed 2026 | Rate 0.01 | Train Loss: 0.5452 | Val Loss: 0.3359 | Acc (clean): 0.9902 | Acc (poison): 0.9986 | Val Acc: 0.9300 | Time: 00:00:12
Epoch 096 | Seed 2026 | Rate 0.01 | Train Loss: 0.5478 | Val Loss: 0.2952 | Acc (clean): 0.9902 | Acc (poison): 0.9990 | Val Acc: 0.9341 | Time: 00:00:12
Epoch 097 | Seed 2026 | Rate 0.01 | Train Loss: 0.6028 | Val Loss: 0.2807 | Acc (clean): 0.9905 | Acc (poison): 0.9991 | Val Acc: 0.9333 | Time: 00:00:12
Epoch 098 | Seed 2026 | Rate 0.01 | Train Loss: 0.5666 | Val Loss: 0.2785 | Acc (clean): 0.9904 | Acc (poison): 0.9993 | Val Acc: 0.9356 | Time: 00:00:12
Epoch 099 | Seed 2026 | Rate 0.01 | Train Loss: 0.5405 | Val Loss: 0.2672 | Acc (clean): 0.9902 | Acc (poison): 0.9989 | Val Acc: 0.9378 | Time: 00:00:12
Epoch 100 | Seed 2026 | Rate 0.01 | Train Loss: 0.5155 | Val Loss: 0.2775 | Acc (clean): 0.9901 | Acc (poison): 0.9993 | Val Acc: 0.9352 | Time: 00:00:12

=== defense=mixup attack=RQ2 seed=2026 rate=0.02 ===
Loading train data from /home/yazanme/BachelorThesis/BachelorThesis/data/processed/resisc45/train.h5 with mapping /home/yazanme/BachelorThesis/BachelorThesis/data/processed/resisc45/poisoned/RQ2/seed_2026/labels_0.02.pt... (in_memory=True, workers=4)
Testing torch.compile support...
Successfully compiled model using torch.compile.
Epoch 001 | Seed 2026 | Rate 0.02 | Train Loss: 3.0771 | Val Loss: 2.3678 | Acc (clean): 0.2559 | Acc (poison): 0.2540 | Val Acc: 0.3263 | Time: 00:00:14
Epoch 002 | Seed 2026 | Rate 0.02 | Train Loss: 2.3253 | Val Loss: 1.7400 | Acc (clean): 0.4471 | Acc (poison): 0.4417 | Val Acc: 0.4926 | Time: 00:00:14
Epoch 003 | Seed 2026 | Rate 0.02 | Train Loss: 2.0309 | Val Loss: 1.5939 | Acc (clean): 0.5461 | Acc (poison): 0.5382 | Val Acc: 0.5270 | Time: 00:00:13
Epoch 004 | Seed 2026 | Rate 0.02 | Train Loss: 1.8460 | Val Loss: 1.5860 | Acc (clean): 0.6091 | Acc (poison): 0.6007 | Val Acc: 0.5481 | Time: 00:00:13
Epoch 005 | Seed 2026 | Rate 0.02 | Train Loss: 1.7685 | Val Loss: 1.4567 | Acc (clean): 0.6579 | Acc (poison): 0.6480 | Val Acc: 0.5944 | Time: 00:00:14
Epoch 006 | Seed 2026 | Rate 0.02 | Train Loss: 1.6471 | Val Loss: 1.1960 | Acc (clean): 0.6976 | Acc (poison): 0.6864 | Val Acc: 0.6500 | Time: 00:00:13
Epoch 007 | Seed 2026 | Rate 0.02 | Train Loss: 1.4942 | Val Loss: 1.1261 | Acc (clean): 0.7351 | Acc (poison): 0.7237 | Val Acc: 0.6633 | Time: 00:00:13
Epoch 008 | Seed 2026 | Rate 0.02 | Train Loss: 1.3695 | Val Loss: 1.4628 | Acc (clean): 0.7697 | Acc (poison): 0.7572 | Val Acc: 0.5815 | Time: 00:00:12
Epoch 009 | Seed 2026 | Rate 0.02 | Train Loss: 1.3376 | Val Loss: 1.1341 | Acc (clean): 0.7943 | Acc (poison): 0.7812 | Val Acc: 0.6885 | Time: 00:00:12
Epoch 010 | Seed 2026 | Rate 0.02 | Train Loss: 1.2596 | Val Loss: 1.1232 | Acc (clean): 0.8142 | Acc (poison): 0.7999 | Val Acc: 0.6811 | Time: 00:00:13
Epoch 011 | Seed 2026 | Rate 0.02 | Train Loss: 1.1693 | Val Loss: 1.0034 | Acc (clean): 0.8291 | Acc (poison): 0.8158 | Val Acc: 0.7085 | Time: 00:00:13
Epoch 012 | Seed 2026 | Rate 0.02 | Train Loss: 1.1993 | Val Loss: 1.0736 | Acc (clean): 0.8437 | Acc (poison): 0.8293 | Val Acc: 0.6744 | Time: 00:00:12
Epoch 013 | Seed 2026 | Rate 0.02 | Train Loss: 1.1297 | Val Loss: 0.9476 | Acc (clean): 0.8507 | Acc (poison): 0.8369 | Val Acc: 0.7415 | Time: 00:00:13
Epoch 014 | Seed 2026 | Rate 0.02 | Train Loss: 1.1601 | Val Loss: 0.8822 | Acc (clean): 0.8577 | Acc (poison): 0.8434 | Val Acc: 0.7619 | Time: 00:00:12
Epoch 015 | Seed 2026 | Rate 0.02 | Train Loss: 1.0926 | Val Loss: 0.6660 | Acc (clean): 0.8646 | Acc (poison): 0.8502 | Val Acc: 0.8215 | Time: 00:00:13
Epoch 016 | Seed 2026 | Rate 0.02 | Train Loss: 1.0715 | Val Loss: 0.9279 | Acc (clean): 0.8778 | Acc (poison): 0.8632 | Val Acc: 0.7467 | Time: 00:00:12
Epoch 017 | Seed 2026 | Rate 0.02 | Train Loss: 1.0553 | Val Loss: 0.7031 | Acc (clean): 0.8734 | Acc (poison): 0.8584 | Val Acc: 0.7948 | Time: 00:00:12
Epoch 018 | Seed 2026 | Rate 0.02 | Train Loss: 1.2237 | Val Loss: 0.8022 | Acc (clean): 0.8772 | Acc (poison): 0.8626 | Val Acc: 0.7770 | Time: 00:00:12
Epoch 019 | Seed 2026 | Rate 0.02 | Train Loss: 1.1093 | Val Loss: 0.7790 | Acc (clean): 0.8813 | Acc (poison): 0.8665 | Val Acc: 0.8067 | Time: 00:00:12
Epoch 020 | Seed 2026 | Rate 0.02 | Train Loss: 0.9940 | Val Loss: 0.7977 | Acc (clean): 0.8874 | Acc (poison): 0.8733 | Val Acc: 0.7793 | Time: 00:00:12
Epoch 021 | Seed 2026 | Rate 0.02 | Train Loss: 1.0355 | Val Loss: 0.8534 | Acc (clean): 0.8880 | Acc (poison): 0.8729 | Val Acc: 0.7611 | Time: 00:00:12
Epoch 022 | Seed 2026 | Rate 0.02 | Train Loss: 1.0273 | Val Loss: 0.7490 | Acc (clean): 0.8912 | Acc (poison): 0.8775 | Val Acc: 0.7907 | Time: 00:00:12
Epoch 023 | Seed 2026 | Rate 0.02 | Train Loss: 1.0488 | Val Loss: 0.7428 | Acc (clean): 0.8911 | Acc (poison): 0.8763 | Val Acc: 0.8000 | Time: 00:00:12
Epoch 024 | Seed 2026 | Rate 0.02 | Train Loss: 1.0287 | Val Loss: 1.1167 | Acc (clean): 0.8966 | Acc (poison): 0.8824 | Val Acc: 0.6889 | Time: 00:00:12
Epoch 025 | Seed 2026 | Rate 0.02 | Train Loss: 1.0588 | Val Loss: 0.9010 | Acc (clean): 0.9035 | Acc (poison): 0.8895 | Val Acc: 0.7574 | Time: 00:00:13
Epoch 026 | Seed 2026 | Rate 0.02 | Train Loss: 0.9978 | Val Loss: 0.7921 | Acc (clean): 0.9053 | Acc (poison): 0.8918 | Val Acc: 0.7852 | Time: 00:00:12
Epoch 027 | Seed 2026 | Rate 0.02 | Train Loss: 1.0131 | Val Loss: 0.6681 | Acc (clean): 0.9057 | Acc (poison): 0.8919 | Val Acc: 0.8259 | Time: 00:00:12
Epoch 028 | Seed 2026 | Rate 0.02 | Train Loss: 0.9989 | Val Loss: 0.8745 | Acc (clean): 0.9043 | Acc (poison): 0.8897 | Val Acc: 0.7511 | Time: 00:00:12
Epoch 029 | Seed 2026 | Rate 0.02 | Train Loss: 0.9712 | Val Loss: 0.5234 | Acc (clean): 0.9067 | Acc (poison): 0.8923 | Val Acc: 0.8478 | Time: 00:00:13
Epoch 030 | Seed 2026 | Rate 0.02 | Train Loss: 0.9722 | Val Loss: 0.7738 | Acc (clean): 0.9098 | Acc (poison): 0.8958 | Val Acc: 0.7815 | Time: 00:00:12
Epoch 031 | Seed 2026 | Rate 0.02 | Train Loss: 1.0494 | Val Loss: 0.8335 | Acc (clean): 0.9118 | Acc (poison): 0.8974 | Val Acc: 0.7896 | Time: 00:00:12
Epoch 032 | Seed 2026 | Rate 0.02 | Train Loss: 0.9463 | Val Loss: 0.7902 | Acc (clean): 0.9129 | Acc (poison): 0.8994 | Val Acc: 0.7881 | Time: 00:00:12
Epoch 033 | Seed 2026 | Rate 0.02 | Train Loss: 0.9354 | Val Loss: 0.8695 | Acc (clean): 0.9140 | Acc (poison): 0.9004 | Val Acc: 0.7593 | Time: 00:00:12
Epoch 034 | Seed 2026 | Rate 0.02 | Train Loss: 0.9130 | Val Loss: 0.6441 | Acc (clean): 0.9148 | Acc (poison): 0.9022 | Val Acc: 0.8111 | Time: 00:00:12
Epoch 035 | Seed 2026 | Rate 0.02 | Train Loss: 0.9847 | Val Loss: 0.6958 | Acc (clean): 0.9174 | Acc (poison): 0.9034 | Val Acc: 0.8174 | Time: 00:00:12
Epoch 036 | Seed 2026 | Rate 0.02 | Train Loss: 1.0053 | Val Loss: 0.6446 | Acc (clean): 0.9157 | Acc (poison): 0.9026 | Val Acc: 0.8330 | Time: 00:00:12
Epoch 037 | Seed 2026 | Rate 0.02 | Train Loss: 0.8833 | Val Loss: 0.7440 | Acc (clean): 0.9158 | Acc (poison): 0.9032 | Val Acc: 0.7822 | Time: 00:00:12
Epoch 038 | Seed 2026 | Rate 0.02 | Train Loss: 0.9564 | Val Loss: 0.5794 | Acc (clean): 0.9137 | Acc (poison): 0.9009 | Val Acc: 0.8389 | Time: 00:00:12
Epoch 039 | Seed 2026 | Rate 0.02 | Train Loss: 0.9151 | Val Loss: 0.7444 | Acc (clean): 0.9176 | Acc (poison): 0.9045 | Val Acc: 0.7996 | Time: 00:00:12
Epoch 040 | Seed 2026 | Rate 0.02 | Train Loss: 0.9066 | Val Loss: 0.6981 | Acc (clean): 0.9231 | Acc (poison): 0.9105 | Val Acc: 0.8093 | Time: 00:00:13
Epoch 041 | Seed 2026 | Rate 0.02 | Train Loss: 0.8664 | Val Loss: 0.6229 | Acc (clean): 0.9253 | Acc (poison): 0.9123 | Val Acc: 0.8204 | Time: 00:00:12
Epoch 042 | Seed 2026 | Rate 0.02 | Train Loss: 0.9033 | Val Loss: 0.7138 | Acc (clean): 0.9178 | Acc (poison): 0.9057 | Val Acc: 0.8019 | Time: 00:00:12
Epoch 043 | Seed 2026 | Rate 0.02 | Train Loss: 0.9944 | Val Loss: 0.7504 | Acc (clean): 0.9201 | Acc (poison): 0.9074 | Val Acc: 0.8104 | Time: 00:00:12
Epoch 044 | Seed 2026 | Rate 0.02 | Train Loss: 0.8230 | Val Loss: 0.6644 | Acc (clean): 0.9201 | Acc (poison): 0.9078 | Val Acc: 0.8170 | Time: 00:00:12
Epoch 045 | Seed 2026 | Rate 0.02 | Train Loss: 0.8836 | Val Loss: 0.8805 | Acc (clean): 0.9242 | Acc (poison): 0.9119 | Val Acc: 0.7667 | Time: 00:00:13
Epoch 046 | Seed 2026 | Rate 0.02 | Train Loss: 0.8789 | Val Loss: 0.7651 | Acc (clean): 0.9243 | Acc (poison): 0.9126 | Val Acc: 0.7941 | Time: 00:00:12
Epoch 047 | Seed 2026 | Rate 0.02 | Train Loss: 0.8561 | Val Loss: 1.0027 | Acc (clean): 0.9277 | Acc (poison): 0.9150 | Val Acc: 0.7374 | Time: 00:00:12
Epoch 048 | Seed 2026 | Rate 0.02 | Train Loss: 0.9072 | Val Loss: 0.6622 | Acc (clean): 0.9278 | Acc (poison): 0.9161 | Val Acc: 0.8337 | Time: 00:00:12
Epoch 049 | Seed 2026 | Rate 0.02 | Train Loss: 1.0033 | Val Loss: 0.7275 | Acc (clean): 0.9327 | Acc (poison): 0.9216 | Val Acc: 0.8093 | Time: 00:00:12
Epoch 050 | Seed 2026 | Rate 0.02 | Train Loss: 0.9151 | Val Loss: 0.5765 | Acc (clean): 0.9241 | Acc (poison): 0.9128 | Val Acc: 0.8411 | Time: 00:00:13
Epoch 051 | Seed 2026 | Rate 0.02 | Train Loss: 0.8890 | Val Loss: 0.3621 | Acc (clean): 0.9689 | Acc (poison): 0.9573 | Val Acc: 0.9174 | Time: 00:00:12
Epoch 052 | Seed 2026 | Rate 0.02 | Train Loss: 0.7429 | Val Loss: 0.3292 | Acc (clean): 0.9809 | Acc (poison): 0.9719 | Val Acc: 0.9189 | Time: 00:00:13
Epoch 053 | Seed 2026 | Rate 0.02 | Train Loss: 0.6425 | Val Loss: 0.3217 | Acc (clean): 0.9840 | Acc (poison): 0.9761 | Val Acc: 0.9174 | Time: 00:00:13
Epoch 054 | Seed 2026 | Rate 0.02 | Train Loss: 0.6752 | Val Loss: 0.3221 | Acc (clean): 0.9847 | Acc (poison): 0.9792 | Val Acc: 0.9244 | Time: 00:00:12
Epoch 055 | Seed 2026 | Rate 0.02 | Train Loss: 0.7780 | Val Loss: 0.4045 | Acc (clean): 0.9844 | Acc (poison): 0.9808 | Val Acc: 0.9111 | Time: 00:00:12
Epoch 056 | Seed 2026 | Rate 0.02 | Train Loss: 0.6973 | Val Loss: 0.3467 | Acc (clean): 0.9844 | Acc (poison): 0.9816 | Val Acc: 0.9193 | Time: 00:00:12
Epoch 057 | Seed 2026 | Rate 0.02 | Train Loss: 0.7382 | Val Loss: 0.4422 | Acc (clean): 0.9845 | Acc (poison): 0.9835 | Val Acc: 0.9085 | Time: 00:00:12
Epoch 058 | Seed 2026 | Rate 0.02 | Train Loss: 0.6516 | Val Loss: 0.3560 | Acc (clean): 0.9848 | Acc (poison): 0.9838 | Val Acc: 0.9156 | Time: 00:00:12
Epoch 059 | Seed 2026 | Rate 0.02 | Train Loss: 0.6055 | Val Loss: 0.3310 | Acc (clean): 0.9850 | Acc (poison): 0.9861 | Val Acc: 0.9152 | Time: 00:00:12
Epoch 060 | Seed 2026 | Rate 0.02 | Train Loss: 0.7302 | Val Loss: 0.3310 | Acc (clean): 0.9848 | Acc (poison): 0.9870 | Val Acc: 0.9263 | Time: 00:00:12
Epoch 061 | Seed 2026 | Rate 0.02 | Train Loss: 0.5294 | Val Loss: 0.3096 | Acc (clean): 0.9844 | Acc (poison): 0.9884 | Val Acc: 0.9278 | Time: 00:00:13
Epoch 062 | Seed 2026 | Rate 0.02 | Train Loss: 0.6146 | Val Loss: 0.2794 | Acc (clean): 0.9836 | Acc (poison): 0.9887 | Val Acc: 0.9270 | Time: 00:00:13
Epoch 063 | Seed 2026 | Rate 0.02 | Train Loss: 0.5986 | Val Loss: 0.3261 | Acc (clean): 0.9836 | Acc (poison): 0.9903 | Val Acc: 0.9226 | Time: 00:00:12
Epoch 064 | Seed 2026 | Rate 0.02 | Train Loss: 0.6302 | Val Loss: 0.3114 | Acc (clean): 0.9839 | Acc (poison): 0.9907 | Val Acc: 0.9222 | Time: 00:00:12
Epoch 065 | Seed 2026 | Rate 0.02 | Train Loss: 0.7047 | Val Loss: 0.3506 | Acc (clean): 0.9826 | Acc (poison): 0.9914 | Val Acc: 0.9178 | Time: 00:00:12
Epoch 066 | Seed 2026 | Rate 0.02 | Train Loss: 0.6386 | Val Loss: 0.3197 | Acc (clean): 0.9830 | Acc (poison): 0.9921 | Val Acc: 0.9267 | Time: 00:00:12
Epoch 067 | Seed 2026 | Rate 0.02 | Train Loss: 0.6567 | Val Loss: 0.3120 | Acc (clean): 0.9826 | Acc (poison): 0.9932 | Val Acc: 0.9237 | Time: 00:00:12
Epoch 068 | Seed 2026 | Rate 0.02 | Train Loss: 0.6065 | Val Loss: 0.3252 | Acc (clean): 0.9830 | Acc (poison): 0.9922 | Val Acc: 0.9244 | Time: 00:00:13
Epoch 069 | Seed 2026 | Rate 0.02 | Train Loss: 0.6320 | Val Loss: 0.3290 | Acc (clean): 0.9824 | Acc (poison): 0.9935 | Val Acc: 0.9248 | Time: 00:00:12
Epoch 070 | Seed 2026 | Rate 0.02 | Train Loss: 0.4902 | Val Loss: 0.3066 | Acc (clean): 0.9825 | Acc (poison): 0.9944 | Val Acc: 0.9252 | Time: 00:00:12
Epoch 071 | Seed 2026 | Rate 0.02 | Train Loss: 0.5588 | Val Loss: 0.3028 | Acc (clean): 0.9816 | Acc (poison): 0.9949 | Val Acc: 0.9259 | Time: 00:00:12
Epoch 072 | Seed 2026 | Rate 0.02 | Train Loss: 0.6478 | Val Loss: 0.3296 | Acc (clean): 0.9814 | Acc (poison): 0.9951 | Val Acc: 0.9267 | Time: 00:00:12
Epoch 073 | Seed 2026 | Rate 0.02 | Train Loss: 0.5763 | Val Loss: 0.3616 | Acc (clean): 0.9817 | Acc (poison): 0.9958 | Val Acc: 0.9189 | Time: 00:00:12
Epoch 074 | Seed 2026 | Rate 0.02 | Train Loss: 0.6513 | Val Loss: 0.3731 | Acc (clean): 0.9815 | Acc (poison): 0.9955 | Val Acc: 0.9119 | Time: 00:00:12
Epoch 075 | Seed 2026 | Rate 0.02 | Train Loss: 0.5661 | Val Loss: 0.3582 | Acc (clean): 0.9809 | Acc (poison): 0.9956 | Val Acc: 0.9178 | Time: 00:00:12
Epoch 076 | Seed 2026 | Rate 0.02 | Train Loss: 0.5639 | Val Loss: 0.3548 | Acc (clean): 0.9810 | Acc (poison): 0.9975 | Val Acc: 0.9219 | Time: 00:00:12
Epoch 077 | Seed 2026 | Rate 0.02 | Train Loss: 0.6826 | Val Loss: 0.3401 | Acc (clean): 0.9808 | Acc (poison): 0.9978 | Val Acc: 0.9237 | Time: 00:00:12
Epoch 078 | Seed 2026 | Rate 0.02 | Train Loss: 0.6826 | Val Loss: 0.3219 | Acc (clean): 0.9802 | Acc (poison): 0.9981 | Val Acc: 0.9237 | Time: 00:00:12
Epoch 079 | Seed 2026 | Rate 0.02 | Train Loss: 0.5501 | Val Loss: 0.3326 | Acc (clean): 0.9802 | Acc (poison): 0.9983 | Val Acc: 0.9252 | Time: 00:00:12
Epoch 080 | Seed 2026 | Rate 0.02 | Train Loss: 0.5892 | Val Loss: 0.3458 | Acc (clean): 0.9808 | Acc (poison): 0.9983 | Val Acc: 0.9252 | Time: 00:00:12
Epoch 081 | Seed 2026 | Rate 0.02 | Train Loss: 0.5723 | Val Loss: 0.3789 | Acc (clean): 0.9806 | Acc (poison): 0.9984 | Val Acc: 0.9200 | Time: 00:00:12
Epoch 082 | Seed 2026 | Rate 0.02 | Train Loss: 0.6247 | Val Loss: 0.3652 | Acc (clean): 0.9807 | Acc (poison): 0.9983 | Val Acc: 0.9211 | Time: 00:00:12
Epoch 083 | Seed 2026 | Rate 0.02 | Train Loss: 0.5543 | Val Loss: 0.3176 | Acc (clean): 0.9807 | Acc (poison): 0.9982 | Val Acc: 0.9252 | Time: 00:00:12
Epoch 084 | Seed 2026 | Rate 0.02 | Train Loss: 0.5576 | Val Loss: 0.2988 | Acc (clean): 0.9806 | Acc (poison): 0.9983 | Val Acc: 0.9263 | Time: 00:00:12
Epoch 085 | Seed 2026 | Rate 0.02 | Train Loss: 0.5972 | Val Loss: 0.3212 | Acc (clean): 0.9802 | Acc (poison): 0.9986 | Val Acc: 0.9256 | Time: 00:00:12
Epoch 086 | Seed 2026 | Rate 0.02 | Train Loss: 0.5874 | Val Loss: 0.3344 | Acc (clean): 0.9803 | Acc (poison): 0.9984 | Val Acc: 0.9222 | Time: 00:00:12
Epoch 087 | Seed 2026 | Rate 0.02 | Train Loss: 0.5977 | Val Loss: 0.2719 | Acc (clean): 0.9807 | Acc (poison): 0.9984 | Val Acc: 0.9330 | Time: 00:00:13
Epoch 088 | Seed 2026 | Rate 0.02 | Train Loss: 0.6127 | Val Loss: 0.3328 | Acc (clean): 0.9802 | Acc (poison): 0.9988 | Val Acc: 0.9237 | Time: 00:00:12
Epoch 089 | Seed 2026 | Rate 0.02 | Train Loss: 0.5773 | Val Loss: 0.3589 | Acc (clean): 0.9800 | Acc (poison): 0.9985 | Val Acc: 0.9215 | Time: 00:00:12
Epoch 090 | Seed 2026 | Rate 0.02 | Train Loss: 0.5525 | Val Loss: 0.3126 | Acc (clean): 0.9803 | Acc (poison): 0.9986 | Val Acc: 0.9259 | Time: 00:00:12
Epoch 091 | Seed 2026 | Rate 0.02 | Train Loss: 0.5430 | Val Loss: 0.3278 | Acc (clean): 0.9804 | Acc (poison): 0.9986 | Val Acc: 0.9256 | Time: 00:00:12
Epoch 092 | Seed 2026 | Rate 0.02 | Train Loss: 0.5775 | Val Loss: 0.2989 | Acc (clean): 0.9805 | Acc (poison): 0.9988 | Val Acc: 0.9270 | Time: 00:00:12
Epoch 093 | Seed 2026 | Rate 0.02 | Train Loss: 0.5359 | Val Loss: 0.3073 | Acc (clean): 0.9806 | Acc (poison): 0.9988 | Val Acc: 0.9285 | Time: 00:00:12
Epoch 094 | Seed 2026 | Rate 0.02 | Train Loss: 0.5984 | Val Loss: 0.3095 | Acc (clean): 0.9802 | Acc (poison): 0.9988 | Val Acc: 0.9248 | Time: 00:00:12
Epoch 095 | Seed 2026 | Rate 0.02 | Train Loss: 0.5490 | Val Loss: 0.3501 | Acc (clean): 0.9807 | Acc (poison): 0.9986 | Val Acc: 0.9248 | Time: 00:00:12
Epoch 096 | Seed 2026 | Rate 0.02 | Train Loss: 0.5494 | Val Loss: 0.3097 | Acc (clean): 0.9801 | Acc (poison): 0.9989 | Val Acc: 0.9252 | Time: 00:00:12
Epoch 097 | Seed 2026 | Rate 0.02 | Train Loss: 0.6063 | Val Loss: 0.3056 | Acc (clean): 0.9807 | Acc (poison): 0.9987 | Val Acc: 0.9252 | Time: 00:00:12
Epoch 098 | Seed 2026 | Rate 0.02 | Train Loss: 0.5692 | Val Loss: 0.3004 | Acc (clean): 0.9802 | Acc (poison): 0.9992 | Val Acc: 0.9304 | Time: 00:00:12
Epoch 099 | Seed 2026 | Rate 0.02 | Train Loss: 0.5427 | Val Loss: 0.2849 | Acc (clean): 0.9805 | Acc (poison): 0.9987 | Val Acc: 0.9278 | Time: 00:00:12
Epoch 100 | Seed 2026 | Rate 0.02 | Train Loss: 0.5184 | Val Loss: 0.3005 | Acc (clean): 0.9804 | Acc (poison): 0.9990 | Val Acc: 0.9237 | Time: 00:00:12

=== defense=mixup attack=RQ2 seed=2026 rate=0.05 ===
Loading train data from /home/yazanme/BachelorThesis/BachelorThesis/data/processed/resisc45/train.h5 with mapping /home/yazanme/BachelorThesis/BachelorThesis/data/processed/resisc45/poisoned/RQ2/seed_2026/labels_0.05.pt... (in_memory=True, workers=4)
Testing torch.compile support...
Successfully compiled model using torch.compile.
Epoch 001 | Seed 2026 | Rate 0.05 | Train Loss: 3.0493 | Val Loss: 2.3450 | Acc (clean): 0.2611 | Acc (poison): 0.2564 | Val Acc: 0.3256 | Time: 00:00:14
Epoch 002 | Seed 2026 | Rate 0.05 | Train Loss: 2.3507 | Val Loss: 1.7688 | Acc (clean): 0.4407 | Acc (poison): 0.4283 | Val Acc: 0.4867 | Time: 00:00:13
Epoch 003 | Seed 2026 | Rate 0.05 | Train Loss: 2.0767 | Val Loss: 1.7676 | Acc (clean): 0.5395 | Acc (poison): 0.5213 | Val Acc: 0.4848 | Time: 00:00:13
Epoch 004 | Seed 2026 | Rate 0.05 | Train Loss: 1.9044 | Val Loss: 1.6110 | Acc (clean): 0.5983 | Acc (poison): 0.5756 | Val Acc: 0.5348 | Time: 00:00:13
Epoch 005 | Seed 2026 | Rate 0.05 | Train Loss: 1.8286 | Val Loss: 1.3998 | Acc (clean): 0.6434 | Acc (poison): 0.6207 | Val Acc: 0.5874 | Time: 00:00:13
Epoch 006 | Seed 2026 | Rate 0.05 | Train Loss: 1.7094 | Val Loss: 1.2845 | Acc (clean): 0.6789 | Acc (poison): 0.6544 | Val Acc: 0.6178 | Time: 00:00:13
Epoch 007 | Seed 2026 | Rate 0.05 | Train Loss: 1.5764 | Val Loss: 1.1947 | Acc (clean): 0.7193 | Acc (poison): 0.6919 | Val Acc: 0.6241 | Time: 00:00:13
Epoch 008 | Seed 2026 | Rate 0.05 | Train Loss: 1.4569 | Val Loss: 1.3872 | Acc (clean): 0.7500 | Acc (poison): 0.7209 | Val Acc: 0.6030 | Time: 00:00:12
Epoch 009 | Seed 2026 | Rate 0.05 | Train Loss: 1.4227 | Val Loss: 1.0279 | Acc (clean): 0.7737 | Acc (poison): 0.7440 | Val Acc: 0.7400 | Time: 00:00:13
Epoch 010 | Seed 2026 | Rate 0.05 | Train Loss: 1.3542 | Val Loss: 1.1301 | Acc (clean): 0.7913 | Acc (poison): 0.7600 | Val Acc: 0.6937 | Time: 00:00:12
Epoch 011 | Seed 2026 | Rate 0.05 | Train Loss: 1.2492 | Val Loss: 0.9540 | Acc (clean): 0.8162 | Acc (poison): 0.7828 | Val Acc: 0.7411 | Time: 00:00:13
Epoch 012 | Seed 2026 | Rate 0.05 | Train Loss: 1.2784 | Val Loss: 0.9948 | Acc (clean): 0.8301 | Acc (poison): 0.7960 | Val Acc: 0.7100 | Time: 00:00:12
Epoch 013 | Seed 2026 | Rate 0.05 | Train Loss: 1.2074 | Val Loss: 0.9966 | Acc (clean): 0.8406 | Acc (poison): 0.8060 | Val Acc: 0.7407 | Time: 00:00:12
Epoch 014 | Seed 2026 | Rate 0.05 | Train Loss: 1.2334 | Val Loss: 0.8447 | Acc (clean): 0.8493 | Acc (poison): 0.8149 | Val Acc: 0.7663 | Time: 00:00:14
Epoch 015 | Seed 2026 | Rate 0.05 | Train Loss: 1.1652 | Val Loss: 0.6752 | Acc (clean): 0.8569 | Acc (poison): 0.8214 | Val Acc: 0.8115 | Time: 00:00:13
Epoch 016 | Seed 2026 | Rate 0.05 | Train Loss: 1.1548 | Val Loss: 0.9937 | Acc (clean): 0.8646 | Acc (poison): 0.8298 | Val Acc: 0.7415 | Time: 00:00:12
Epoch 017 | Seed 2026 | Rate 0.05 | Train Loss: 1.1350 | Val Loss: 0.8023 | Acc (clean): 0.8647 | Acc (poison): 0.8294 | Val Acc: 0.7837 | Time: 00:00:12
Epoch 018 | Seed 2026 | Rate 0.05 | Train Loss: 1.2937 | Val Loss: 0.8352 | Acc (clean): 0.8712 | Acc (poison): 0.8368 | Val Acc: 0.7648 | Time: 00:00:12
Epoch 019 | Seed 2026 | Rate 0.05 | Train Loss: 1.1820 | Val Loss: 0.9574 | Acc (clean): 0.8757 | Acc (poison): 0.8403 | Val Acc: 0.7496 | Time: 00:00:12
Epoch 020 | Seed 2026 | Rate 0.05 | Train Loss: 1.0733 | Val Loss: 0.8997 | Acc (clean): 0.8802 | Acc (poison): 0.8446 | Val Acc: 0.7367 | Time: 00:00:12
Epoch 021 | Seed 2026 | Rate 0.05 | Train Loss: 1.1114 | Val Loss: 0.8848 | Acc (clean): 0.8809 | Acc (poison): 0.8457 | Val Acc: 0.7463 | Time: 00:00:12
Epoch 022 | Seed 2026 | Rate 0.05 | Train Loss: 1.0884 | Val Loss: 0.7106 | Acc (clean): 0.8857 | Acc (poison): 0.8522 | Val Acc: 0.7944 | Time: 00:00:12
Epoch 023 | Seed 2026 | Rate 0.05 | Train Loss: 1.1353 | Val Loss: 0.8481 | Acc (clean): 0.8819 | Acc (poison): 0.8482 | Val Acc: 0.7667 | Time: 00:00:12
Epoch 024 | Seed 2026 | Rate 0.05 | Train Loss: 1.1057 | Val Loss: 0.8456 | Acc (clean): 0.8863 | Acc (poison): 0.8521 | Val Acc: 0.7763 | Time: 00:00:12
Epoch 025 | Seed 2026 | Rate 0.05 | Train Loss: 1.1383 | Val Loss: 1.3081 | Acc (clean): 0.8921 | Acc (poison): 0.8579 | Val Acc: 0.6474 | Time: 00:00:12
Epoch 026 | Seed 2026 | Rate 0.05 | Train Loss: 1.0781 | Val Loss: 0.7956 | Acc (clean): 0.8974 | Acc (poison): 0.8629 | Val Acc: 0.7822 | Time: 00:00:12
Epoch 027 | Seed 2026 | Rate 0.05 | Train Loss: 1.0910 | Val Loss: 0.7342 | Acc (clean): 0.8964 | Acc (poison): 0.8621 | Val Acc: 0.8033 | Time: 00:00:12
Epoch 028 | Seed 2026 | Rate 0.05 | Train Loss: 1.0771 | Val Loss: 0.8409 | Acc (clean): 0.8963 | Acc (poison): 0.8628 | Val Acc: 0.7504 | Time: 00:00:12
Epoch 029 | Seed 2026 | Rate 0.05 | Train Loss: 1.0427 | Val Loss: 0.7353 | Acc (clean): 0.8961 | Acc (poison): 0.8627 | Val Acc: 0.7815 | Time: 00:00:12
Epoch 030 | Seed 2026 | Rate 0.05 | Train Loss: 1.0550 | Val Loss: 0.6300 | Acc (clean): 0.8986 | Acc (poison): 0.8668 | Val Acc: 0.8326 | Time: 00:00:13
Epoch 031 | Seed 2026 | Rate 0.05 | Train Loss: 1.1328 | Val Loss: 0.8399 | Acc (clean): 0.9037 | Acc (poison): 0.8697 | Val Acc: 0.7759 | Time: 00:00:12
Epoch 032 | Seed 2026 | Rate 0.05 | Train Loss: 1.0172 | Val Loss: 0.7138 | Acc (clean): 0.9024 | Acc (poison): 0.8686 | Val Acc: 0.7963 | Time: 00:00:12
Epoch 033 | Seed 2026 | Rate 0.05 | Train Loss: 1.0182 | Val Loss: 0.5901 | Acc (clean): 0.9035 | Acc (poison): 0.8695 | Val Acc: 0.8444 | Time: 00:00:13
Epoch 034 | Seed 2026 | Rate 0.05 | Train Loss: 0.9828 | Val Loss: 0.7372 | Acc (clean): 0.9088 | Acc (poison): 0.8752 | Val Acc: 0.7881 | Time: 00:00:12
Epoch 035 | Seed 2026 | Rate 0.05 | Train Loss: 1.0584 | Val Loss: 0.7225 | Acc (clean): 0.9087 | Acc (poison): 0.8751 | Val Acc: 0.7948 | Time: 00:00:12
Epoch 036 | Seed 2026 | Rate 0.05 | Train Loss: 1.0775 | Val Loss: 0.7028 | Acc (clean): 0.9061 | Acc (poison): 0.8735 | Val Acc: 0.8044 | Time: 00:00:12
Epoch 037 | Seed 2026 | Rate 0.05 | Train Loss: 0.9685 | Val Loss: 0.8143 | Acc (clean): 0.9055 | Acc (poison): 0.8720 | Val Acc: 0.7637 | Time: 00:00:12
Epoch 038 | Seed 2026 | Rate 0.05 | Train Loss: 1.0216 | Val Loss: 0.8528 | Acc (clean): 0.9044 | Acc (poison): 0.8713 | Val Acc: 0.7481 | Time: 00:00:12
Epoch 039 | Seed 2026 | Rate 0.05 | Train Loss: 0.9700 | Val Loss: 0.6362 | Acc (clean): 0.9140 | Acc (poison): 0.8823 | Val Acc: 0.8193 | Time: 00:00:12
Epoch 040 | Seed 2026 | Rate 0.05 | Train Loss: 0.9729 | Val Loss: 0.6805 | Acc (clean): 0.9128 | Acc (poison): 0.8812 | Val Acc: 0.8193 | Time: 00:00:12
Epoch 041 | Seed 2026 | Rate 0.05 | Train Loss: 0.9511 | Val Loss: 0.7165 | Acc (clean): 0.9127 | Acc (poison): 0.8803 | Val Acc: 0.7770 | Time: 00:00:12
Epoch 042 | Seed 2026 | Rate 0.05 | Train Loss: 0.9769 | Val Loss: 0.6376 | Acc (clean): 0.9079 | Acc (poison): 0.8779 | Val Acc: 0.8267 | Time: 00:00:12
Epoch 043 | Seed 2026 | Rate 0.05 | Train Loss: 1.0592 | Val Loss: 0.7548 | Acc (clean): 0.9133 | Acc (poison): 0.8822 | Val Acc: 0.7800 | Time: 00:00:12
Epoch 044 | Seed 2026 | Rate 0.05 | Train Loss: 0.8968 | Val Loss: 0.7433 | Acc (clean): 0.9118 | Acc (poison): 0.8816 | Val Acc: 0.8015 | Time: 00:00:12
Epoch 045 | Seed 2026 | Rate 0.05 | Train Loss: 0.9646 | Val Loss: 0.6319 | Acc (clean): 0.9108 | Acc (poison): 0.8787 | Val Acc: 0.8189 | Time: 00:00:12
Epoch 046 | Seed 2026 | Rate 0.05 | Train Loss: 0.9427 | Val Loss: 0.7700 | Acc (clean): 0.9152 | Acc (poison): 0.8856 | Val Acc: 0.7889 | Time: 00:00:12
Epoch 047 | Seed 2026 | Rate 0.05 | Train Loss: 0.9103 | Val Loss: 0.6118 | Acc (clean): 0.9174 | Acc (poison): 0.8868 | Val Acc: 0.8330 | Time: 00:00:12
Epoch 048 | Seed 2026 | Rate 0.05 | Train Loss: 0.9655 | Val Loss: 0.6654 | Acc (clean): 0.9121 | Acc (poison): 0.8831 | Val Acc: 0.8226 | Time: 00:00:12
Epoch 049 | Seed 2026 | Rate 0.05 | Train Loss: 1.0815 | Val Loss: 0.6059 | Acc (clean): 0.9188 | Acc (poison): 0.8881 | Val Acc: 0.8263 | Time: 00:00:12
Epoch 050 | Seed 2026 | Rate 0.05 | Train Loss: 0.9728 | Val Loss: 0.5753 | Acc (clean): 0.9159 | Acc (poison): 0.8856 | Val Acc: 0.8393 | Time: 00:00:13
Epoch 051 | Seed 2026 | Rate 0.05 | Train Loss: 0.9448 | Val Loss: 0.3504 | Acc (clean): 0.9590 | Acc (poison): 0.9309 | Val Acc: 0.9152 | Time: 00:00:13
Epoch 052 | Seed 2026 | Rate 0.05 | Train Loss: 0.7976 | Val Loss: 0.3358 | Acc (clean): 0.9711 | Acc (poison): 0.9468 | Val Acc: 0.9174 | Time: 00:00:13
Epoch 053 | Seed 2026 | Rate 0.05 | Train Loss: 0.6953 | Val Loss: 0.3309 | Acc (clean): 0.9743 | Acc (poison): 0.9538 | Val Acc: 0.9122 | Time: 00:00:27
Epoch 054 | Seed 2026 | Rate 0.05 | Train Loss: 0.7241 | Val Loss: 0.3241 | Acc (clean): 0.9725 | Acc (poison): 0.9579 | Val Acc: 0.9122 | Time: 00:00:23
Epoch 055 | Seed 2026 | Rate 0.05 | Train Loss: 0.8230 | Val Loss: 0.3712 | Acc (clean): 0.9705 | Acc (poison): 0.9592 | Val Acc: 0.9030 | Time: 00:00:13
Epoch 056 | Seed 2026 | Rate 0.05 | Train Loss: 0.7418 | Val Loss: 0.3310 | Acc (clean): 0.9705 | Acc (poison): 0.9619 | Val Acc: 0.9096 | Time: 00:00:12
Epoch 057 | Seed 2026 | Rate 0.05 | Train Loss: 0.7794 | Val Loss: 0.3933 | Acc (clean): 0.9700 | Acc (poison): 0.9645 | Val Acc: 0.8989 | Time: 00:00:12
Epoch 058 | Seed 2026 | Rate 0.05 | Train Loss: 0.6912 | Val Loss: 0.3593 | Acc (clean): 0.9679 | Acc (poison): 0.9673 | Val Acc: 0.9022 | Time: 00:00:12
Epoch 059 | Seed 2026 | Rate 0.05 | Train Loss: 0.6418 | Val Loss: 0.3333 | Acc (clean): 0.9671 | Acc (poison): 0.9697 | Val Acc: 0.9011 | Time: 00:00:12
Epoch 060 | Seed 2026 | Rate 0.05 | Train Loss: 0.7666 | Val Loss: 0.3360 | Acc (clean): 0.9659 | Acc (poison): 0.9736 | Val Acc: 0.9019 | Time: 00:00:12
Epoch 061 | Seed 2026 | Rate 0.05 | Train Loss: 0.5621 | Val Loss: 0.3330 | Acc (clean): 0.9643 | Acc (poison): 0.9752 | Val Acc: 0.9085 | Time: 00:00:12
Epoch 062 | Seed 2026 | Rate 0.05 | Train Loss: 0.6477 | Val Loss: 0.3072 | Acc (clean): 0.9625 | Acc (poison): 0.9777 | Val Acc: 0.9081 | Time: 00:00:13
Epoch 063 | Seed 2026 | Rate 0.05 | Train Loss: 0.6280 | Val Loss: 0.3363 | Acc (clean): 0.9617 | Acc (poison): 0.9800 | Val Acc: 0.9085 | Time: 00:00:12
Epoch 064 | Seed 2026 | Rate 0.05 | Train Loss: 0.6589 | Val Loss: 0.3313 | Acc (clean): 0.9614 | Acc (poison): 0.9812 | Val Acc: 0.9059 | Time: 00:00:12
Epoch 065 | Seed 2026 | Rate 0.05 | Train Loss: 0.7329 | Val Loss: 0.3587 | Acc (clean): 0.9600 | Acc (poison): 0.9823 | Val Acc: 0.8989 | Time: 00:00:12
Epoch 066 | Seed 2026 | Rate 0.05 | Train Loss: 0.6652 | Val Loss: 0.3371 | Acc (clean): 0.9581 | Acc (poison): 0.9850 | Val Acc: 0.9026 | Time: 00:00:12
Epoch 067 | Seed 2026 | Rate 0.05 | Train Loss: 0.6810 | Val Loss: 0.3339 | Acc (clean): 0.9577 | Acc (poison): 0.9859 | Val Acc: 0.9070 | Time: 00:00:12
Epoch 068 | Seed 2026 | Rate 0.05 | Train Loss: 0.6325 | Val Loss: 0.3260 | Acc (clean): 0.9578 | Acc (poison): 0.9858 | Val Acc: 0.9059 | Time: 00:00:12
Epoch 069 | Seed 2026 | Rate 0.05 | Train Loss: 0.6571 | Val Loss: 0.3317 | Acc (clean): 0.9568 | Acc (poison): 0.9865 | Val Acc: 0.9089 | Time: 00:00:12
Epoch 070 | Seed 2026 | Rate 0.05 | Train Loss: 0.5131 | Val Loss: 0.3214 | Acc (clean): 0.9560 | Acc (poison): 0.9887 | Val Acc: 0.9115 | Time: 00:00:12
Epoch 071 | Seed 2026 | Rate 0.05 | Train Loss: 0.5793 | Val Loss: 0.3256 | Acc (clean): 0.9541 | Acc (poison): 0.9898 | Val Acc: 0.9059 | Time: 00:00:12
Epoch 072 | Seed 2026 | Rate 0.05 | Train Loss: 0.6697 | Val Loss: 0.3590 | Acc (clean): 0.9544 | Acc (poison): 0.9909 | Val Acc: 0.8989 | Time: 00:00:12
Epoch 073 | Seed 2026 | Rate 0.05 | Train Loss: 0.5944 | Val Loss: 0.3489 | Acc (clean): 0.9535 | Acc (poison): 0.9909 | Val Acc: 0.9093 | Time: 00:00:12
Epoch 074 | Seed 2026 | Rate 0.05 | Train Loss: 0.6691 | Val Loss: 0.3640 | Acc (clean): 0.9534 | Acc (poison): 0.9913 | Val Acc: 0.8989 | Time: 00:00:12
Epoch 075 | Seed 2026 | Rate 0.05 | Train Loss: 0.5855 | Val Loss: 0.3478 | Acc (clean): 0.9533 | Acc (poison): 0.9917 | Val Acc: 0.9044 | Time: 00:00:12
Epoch 076 | Seed 2026 | Rate 0.05 | Train Loss: 0.5764 | Val Loss: 0.3347 | Acc (clean): 0.9524 | Acc (poison): 0.9951 | Val Acc: 0.9104 | Time: 00:00:12
Epoch 077 | Seed 2026 | Rate 0.05 | Train Loss: 0.6963 | Val Loss: 0.3284 | Acc (clean): 0.9515 | Acc (poison): 0.9963 | Val Acc: 0.9122 | Time: 00:00:12
Epoch 078 | Seed 2026 | Rate 0.05 | Train Loss: 0.6942 | Val Loss: 0.3196 | Acc (clean): 0.9514 | Acc (poison): 0.9966 | Val Acc: 0.9133 | Time: 00:00:12
Epoch 079 | Seed 2026 | Rate 0.05 | Train Loss: 0.5606 | Val Loss: 0.3206 | Acc (clean): 0.9514 | Acc (poison): 0.9970 | Val Acc: 0.9130 | Time: 00:00:12
Epoch 080 | Seed 2026 | Rate 0.05 | Train Loss: 0.6009 | Val Loss: 0.3344 | Acc (clean): 0.9516 | Acc (poison): 0.9972 | Val Acc: 0.9104 | Time: 00:00:12
Epoch 081 | Seed 2026 | Rate 0.05 | Train Loss: 0.5818 | Val Loss: 0.3531 | Acc (clean): 0.9514 | Acc (poison): 0.9976 | Val Acc: 0.9085 | Time: 00:00:12
Epoch 082 | Seed 2026 | Rate 0.05 | Train Loss: 0.6357 | Val Loss: 0.3418 | Acc (clean): 0.9515 | Acc (poison): 0.9976 | Val Acc: 0.9111 | Time: 00:00:12
Epoch 083 | Seed 2026 | Rate 0.05 | Train Loss: 0.5615 | Val Loss: 0.3132 | Acc (clean): 0.9512 | Acc (poison): 0.9976 | Val Acc: 0.9163 | Time: 00:00:12
Epoch 084 | Seed 2026 | Rate 0.05 | Train Loss: 0.5669 | Val Loss: 0.3083 | Acc (clean): 0.9511 | Acc (poison): 0.9975 | Val Acc: 0.9137 | Time: 00:00:13
Epoch 085 | Seed 2026 | Rate 0.05 | Train Loss: 0.6068 | Val Loss: 0.3145 | Acc (clean): 0.9513 | Acc (poison): 0.9974 | Val Acc: 0.9137 | Time: 00:00:13
Epoch 086 | Seed 2026 | Rate 0.05 | Train Loss: 0.5968 | Val Loss: 0.3282 | Acc (clean): 0.9507 | Acc (poison): 0.9974 | Val Acc: 0.9137 | Time: 00:00:13
Epoch 087 | Seed 2026 | Rate 0.05 | Train Loss: 0.6084 | Val Loss: 0.2872 | Acc (clean): 0.9509 | Acc (poison): 0.9972 | Val Acc: 0.9152 | Time: 00:00:13
Epoch 088 | Seed 2026 | Rate 0.05 | Train Loss: 0.6219 | Val Loss: 0.3195 | Acc (clean): 0.9509 | Acc (poison): 0.9982 | Val Acc: 0.9119 | Time: 00:00:13
Epoch 089 | Seed 2026 | Rate 0.05 | Train Loss: 0.5867 | Val Loss: 0.3354 | Acc (clean): 0.9511 | Acc (poison): 0.9977 | Val Acc: 0.9115 | Time: 00:00:13
Epoch 090 | Seed 2026 | Rate 0.05 | Train Loss: 0.5625 | Val Loss: 0.3028 | Acc (clean): 0.9507 | Acc (poison): 0.9983 | Val Acc: 0.9148 | Time: 00:00:13
Epoch 091 | Seed 2026 | Rate 0.05 | Train Loss: 0.5506 | Val Loss: 0.3126 | Acc (clean): 0.9507 | Acc (poison): 0.9979 | Val Acc: 0.9148 | Time: 00:00:13
Epoch 092 | Seed 2026 | Rate 0.05 | Train Loss: 0.5854 | Val Loss: 0.3047 | Acc (clean): 0.9506 | Acc (poison): 0.9985 | Val Acc: 0.9156 | Time: 00:00:12
Epoch 093 | Seed 2026 | Rate 0.05 | Train Loss: 0.5441 | Val Loss: 0.3051 | Acc (clean): 0.9510 | Acc (poison): 0.9985 | Val Acc: 0.9137 | Time: 00:00:13
Epoch 094 | Seed 2026 | Rate 0.05 | Train Loss: 0.6107 | Val Loss: 0.3033 | Acc (clean): 0.9511 | Acc (poison): 0.9982 | Val Acc: 0.9148 | Time: 00:00:13
Epoch 095 | Seed 2026 | Rate 0.05 | Train Loss: 0.5551 | Val Loss: 0.3293 | Acc (clean): 0.9505 | Acc (poison): 0.9981 | Val Acc: 0.9119 | Time: 00:00:13
Epoch 096 | Seed 2026 | Rate 0.05 | Train Loss: 0.5608 | Val Loss: 0.3138 | Acc (clean): 0.9507 | Acc (poison): 0.9985 | Val Acc: 0.9126 | Time: 00:00:13
Epoch 097 | Seed 2026 | Rate 0.05 | Train Loss: 0.6166 | Val Loss: 0.3010 | Acc (clean): 0.9505 | Acc (poison): 0.9986 | Val Acc: 0.9141 | Time: 00:00:13
Epoch 098 | Seed 2026 | Rate 0.05 | Train Loss: 0.5778 | Val Loss: 0.2972 | Acc (clean): 0.9507 | Acc (poison): 0.9982 | Val Acc: 0.9159 | Time: 00:00:13
Epoch 099 | Seed 2026 | Rate 0.05 | Train Loss: 0.5524 | Val Loss: 0.2929 | Acc (clean): 0.9505 | Acc (poison): 0.9984 | Val Acc: 0.9144 | Time: 00:00:13
Epoch 100 | Seed 2026 | Rate 0.05 | Train Loss: 0.5279 | Val Loss: 0.2980 | Acc (clean): 0.9503 | Acc (poison): 0.9985 | Val Acc: 0.9181 | Time: 00:00:13

=== defense=mixup attack=RQ2 seed=2026 rate=0.1 ===
Loading train data from /home/yazanme/BachelorThesis/BachelorThesis/data/processed/resisc45/train.h5 with mapping /home/yazanme/BachelorThesis/BachelorThesis/data/processed/resisc45/poisoned/RQ2/seed_2026/labels_0.10.pt... (in_memory=True, workers=4)
Testing torch.compile support...
Successfully compiled model using torch.compile.
Epoch 001 | Seed 2026 | Rate 0.10 | Train Loss: 3.0821 | Val Loss: 2.2955 | Acc (clean): 0.2516 | Acc (poison): 0.2438 | Val Acc: 0.3459 | Time: 00:00:14
Epoch 002 | Seed 2026 | Rate 0.10 | Train Loss: 2.4119 | Val Loss: 1.9200 | Acc (clean): 0.4259 | Acc (poison): 0.4038 | Val Acc: 0.4333 | Time: 00:00:13
Epoch 003 | Seed 2026 | Rate 0.10 | Train Loss: 2.1514 | Val Loss: 1.6020 | Acc (clean): 0.5200 | Acc (poison): 0.4875 | Val Acc: 0.5367 | Time: 00:00:13
Epoch 004 | Seed 2026 | Rate 0.10 | Train Loss: 1.9624 | Val Loss: 1.6154 | Acc (clean): 0.5863 | Acc (poison): 0.5479 | Val Acc: 0.5363 | Time: 00:00:13
Epoch 005 | Seed 2026 | Rate 0.10 | Train Loss: 1.8866 | Val Loss: 1.5175 | Acc (clean): 0.6376 | Acc (poison): 0.5926 | Val Acc: 0.5678 | Time: 00:00:13
Epoch 006 | Seed 2026 | Rate 0.10 | Train Loss: 1.7595 | Val Loss: 1.2948 | Acc (clean): 0.6774 | Acc (poison): 0.6285 | Val Acc: 0.6193 | Time: 00:00:13
Epoch 007 | Seed 2026 | Rate 0.10 | Train Loss: 1.6298 | Val Loss: 1.1824 | Acc (clean): 0.7080 | Acc (poison): 0.6568 | Val Acc: 0.6641 | Time: 00:00:13
Epoch 008 | Seed 2026 | Rate 0.10 | Train Loss: 1.5051 | Val Loss: 1.6609 | Acc (clean): 0.7484 | Acc (poison): 0.6909 | Val Acc: 0.5374 | Time: 00:00:12
Epoch 009 | Seed 2026 | Rate 0.10 | Train Loss: 1.4830 | Val Loss: 1.4865 | Acc (clean): 0.7665 | Acc (poison): 0.7077 | Val Acc: 0.5881 | Time: 00:00:12
Epoch 010 | Seed 2026 | Rate 0.10 | Train Loss: 1.4135 | Val Loss: 1.3118 | Acc (clean): 0.7831 | Acc (poison): 0.7224 | Val Acc: 0.6411 | Time: 00:00:11
Epoch 011 | Seed 2026 | Rate 0.10 | Train Loss: 1.3328 | Val Loss: 0.9281 | Acc (clean): 0.7977 | Acc (poison): 0.7345 | Val Acc: 0.7463 | Time: 00:00:12
Epoch 012 | Seed 2026 | Rate 0.10 | Train Loss: 1.3627 | Val Loss: 0.9365 | Acc (clean): 0.8159 | Acc (poison): 0.7511 | Val Acc: 0.7356 | Time: 00:00:12
Epoch 013 | Seed 2026 | Rate 0.10 | Train Loss: 1.2948 | Val Loss: 1.0009 | Acc (clean): 0.8264 | Acc (poison): 0.7611 | Val Acc: 0.7326 | Time: 00:00:12
Epoch 014 | Seed 2026 | Rate 0.10 | Train Loss: 1.3232 | Val Loss: 0.9231 | Acc (clean): 0.8330 | Acc (poison): 0.7657 | Val Acc: 0.7474 | Time: 00:00:13
Epoch 015 | Seed 2026 | Rate 0.10 | Train Loss: 1.2526 | Val Loss: 0.7828 | Acc (clean): 0.8371 | Acc (poison): 0.7698 | Val Acc: 0.7800 | Time: 00:00:14
Epoch 016 | Seed 2026 | Rate 0.10 | Train Loss: 1.2580 | Val Loss: 1.1277 | Acc (clean): 0.8476 | Acc (poison): 0.7798 | Val Acc: 0.6889 | Time: 00:00:13
Epoch 017 | Seed 2026 | Rate 0.10 | Train Loss: 1.2259 | Val Loss: 1.0543 | Acc (clean): 0.8458 | Acc (poison): 0.7797 | Val Acc: 0.7156 | Time: 00:00:12
Epoch 018 | Seed 2026 | Rate 0.10 | Train Loss: 1.3880 | Val Loss: 0.8054 | Acc (clean): 0.8518 | Acc (poison): 0.7830 | Val Acc: 0.7811 | Time: 00:00:12
Epoch 019 | Seed 2026 | Rate 0.10 | Train Loss: 1.2701 | Val Loss: 1.0847 | Acc (clean): 0.8578 | Acc (poison): 0.7878 | Val Acc: 0.7107 | Time: 00:00:12
Epoch 020 | Seed 2026 | Rate 0.10 | Train Loss: 1.1679 | Val Loss: 0.8764 | Acc (clean): 0.8633 | Acc (poison): 0.7945 | Val Acc: 0.7585 | Time: 00:00:12
Epoch 021 | Seed 2026 | Rate 0.10 | Train Loss: 1.2077 | Val Loss: 0.9518 | Acc (clean): 0.8661 | Acc (poison): 0.7972 | Val Acc: 0.7415 | Time: 00:00:12
Epoch 022 | Seed 2026 | Rate 0.10 | Train Loss: 1.1851 | Val Loss: 0.9345 | Acc (clean): 0.8672 | Acc (poison): 0.7981 | Val Acc: 0.7463 | Time: 00:00:12
Epoch 023 | Seed 2026 | Rate 0.10 | Train Loss: 1.2305 | Val Loss: 0.8640 | Acc (clean): 0.8647 | Acc (poison): 0.7958 | Val Acc: 0.7630 | Time: 00:00:12
Epoch 024 | Seed 2026 | Rate 0.10 | Train Loss: 1.2104 | Val Loss: 0.8249 | Acc (clean): 0.8684 | Acc (poison): 0.7995 | Val Acc: 0.7948 | Time: 00:00:12
Epoch 025 | Seed 2026 | Rate 0.10 | Train Loss: 1.2280 | Val Loss: 0.8240 | Acc (clean): 0.8747 | Acc (poison): 0.8068 | Val Acc: 0.7952 | Time: 00:00:12
Epoch 026 | Seed 2026 | Rate 0.10 | Train Loss: 1.1733 | Val Loss: 0.7568 | Acc (clean): 0.8806 | Acc (poison): 0.8102 | Val Acc: 0.8019 | Time: 00:00:13
Epoch 027 | Seed 2026 | Rate 0.10 | Train Loss: 1.1851 | Val Loss: 0.8160 | Acc (clean): 0.8783 | Acc (poison): 0.8104 | Val Acc: 0.7952 | Time: 00:00:12
Epoch 028 | Seed 2026 | Rate 0.10 | Train Loss: 1.1737 | Val Loss: 0.9722 | Acc (clean): 0.8814 | Acc (poison): 0.8131 | Val Acc: 0.7256 | Time: 00:00:12
Epoch 029 | Seed 2026 | Rate 0.10 | Train Loss: 1.1404 | Val Loss: 0.6595 | Acc (clean): 0.8820 | Acc (poison): 0.8138 | Val Acc: 0.8019 | Time: 00:00:13
Epoch 030 | Seed 2026 | Rate 0.10 | Train Loss: 1.1431 | Val Loss: 0.7814 | Acc (clean): 0.8843 | Acc (poison): 0.8165 | Val Acc: 0.7878 | Time: 00:00:12
Epoch 031 | Seed 2026 | Rate 0.10 | Train Loss: 1.2231 | Val Loss: 0.9220 | Acc (clean): 0.8865 | Acc (poison): 0.8188 | Val Acc: 0.7581 | Time: 00:00:12
Epoch 032 | Seed 2026 | Rate 0.10 | Train Loss: 1.1049 | Val Loss: 0.7537 | Acc (clean): 0.8875 | Acc (poison): 0.8206 | Val Acc: 0.7878 | Time: 00:00:12
Epoch 033 | Seed 2026 | Rate 0.10 | Train Loss: 1.1013 | Val Loss: 0.7069 | Acc (clean): 0.8876 | Acc (poison): 0.8207 | Val Acc: 0.8041 | Time: 00:00:12
Epoch 034 | Seed 2026 | Rate 0.10 | Train Loss: 1.0761 | Val Loss: 0.9167 | Acc (clean): 0.8890 | Acc (poison): 0.8233 | Val Acc: 0.7478 | Time: 00:00:12
Epoch 035 | Seed 2026 | Rate 0.10 | Train Loss: 1.1515 | Val Loss: 0.8390 | Acc (clean): 0.8879 | Acc (poison): 0.8240 | Val Acc: 0.7519 | Time: 00:00:12
Epoch 036 | Seed 2026 | Rate 0.10 | Train Loss: 1.1703 | Val Loss: 0.7520 | Acc (clean): 0.8904 | Acc (poison): 0.8241 | Val Acc: 0.7974 | Time: 00:00:12
Epoch 037 | Seed 2026 | Rate 0.10 | Train Loss: 1.0558 | Val Loss: 0.8887 | Acc (clean): 0.8882 | Acc (poison): 0.8261 | Val Acc: 0.7456 | Time: 00:00:12
Epoch 038 | Seed 2026 | Rate 0.10 | Train Loss: 1.1085 | Val Loss: 0.6239 | Acc (clean): 0.8887 | Acc (poison): 0.8238 | Val Acc: 0.8285 | Time: 00:00:13
Epoch 039 | Seed 2026 | Rate 0.10 | Train Loss: 1.0703 | Val Loss: 0.9064 | Acc (clean): 0.8906 | Acc (poison): 0.8265 | Val Acc: 0.7500 | Time: 00:00:12
Epoch 040 | Seed 2026 | Rate 0.10 | Train Loss: 1.0738 | Val Loss: 0.7886 | Acc (clean): 0.8942 | Acc (poison): 0.8295 | Val Acc: 0.7748 | Time: 00:00:13
Epoch 041 | Seed 2026 | Rate 0.10 | Train Loss: 1.0437 | Val Loss: 0.6599 | Acc (clean): 0.8933 | Acc (poison): 0.8303 | Val Acc: 0.8048 | Time: 00:00:12
Epoch 042 | Seed 2026 | Rate 0.10 | Train Loss: 1.0533 | Val Loss: 0.8027 | Acc (clean): 0.8979 | Acc (poison): 0.8372 | Val Acc: 0.7781 | Time: 00:00:12
Epoch 043 | Seed 2026 | Rate 0.10 | Train Loss: 1.1551 | Val Loss: 0.8395 | Acc (clean): 0.8933 | Acc (poison): 0.8324 | Val Acc: 0.7593 | Time: 00:00:12
Epoch 044 | Seed 2026 | Rate 0.10 | Train Loss: 0.9853 | Val Loss: 0.7555 | Acc (clean): 0.8953 | Acc (poison): 0.8326 | Val Acc: 0.7915 | Time: 00:00:12
Epoch 045 | Seed 2026 | Rate 0.10 | Train Loss: 1.0589 | Val Loss: 0.7296 | Acc (clean): 0.8923 | Acc (poison): 0.8326 | Val Acc: 0.7863 | Time: 00:00:12
Epoch 046 | Seed 2026 | Rate 0.10 | Train Loss: 1.0388 | Val Loss: 0.7553 | Acc (clean): 0.8919 | Acc (poison): 0.8336 | Val Acc: 0.8059 | Time: 00:00:12
Epoch 047 | Seed 2026 | Rate 0.10 | Train Loss: 1.0061 | Val Loss: 0.6576 | Acc (clean): 0.8978 | Acc (poison): 0.8393 | Val Acc: 0.8174 | Time: 00:00:12
Epoch 048 | Seed 2026 | Rate 0.10 | Train Loss: 1.0480 | Val Loss: 0.7103 | Acc (clean): 0.8942 | Acc (poison): 0.8353 | Val Acc: 0.8056 | Time: 00:00:12
Epoch 049 | Seed 2026 | Rate 0.10 | Train Loss: 1.1610 | Val Loss: 0.7470 | Acc (clean): 0.9006 | Acc (poison): 0.8425 | Val Acc: 0.7956 | Time: 00:00:12
Epoch 050 | Seed 2026 | Rate 0.10 | Train Loss: 1.0692 | Val Loss: 0.7753 | Acc (clean): 0.8940 | Acc (poison): 0.8353 | Val Acc: 0.7730 | Time: 00:00:12
Epoch 051 | Seed 2026 | Rate 0.10 | Train Loss: 1.0373 | Val Loss: 0.4194 | Acc (clean): 0.9449 | Acc (poison): 0.8865 | Val Acc: 0.9059 | Time: 00:00:13
Epoch 052 | Seed 2026 | Rate 0.10 | Train Loss: 0.8824 | Val Loss: 0.3914 | Acc (clean): 0.9568 | Acc (poison): 0.9045 | Val Acc: 0.9119 | Time: 00:00:13
Epoch 053 | Seed 2026 | Rate 0.10 | Train Loss: 0.7760 | Val Loss: 0.3748 | Acc (clean): 0.9563 | Acc (poison): 0.9132 | Val Acc: 0.9030 | Time: 00:00:13
Epoch 054 | Seed 2026 | Rate 0.10 | Train Loss: 0.8034 | Val Loss: 0.3626 | Acc (clean): 0.9519 | Acc (poison): 0.9191 | Val Acc: 0.9067 | Time: 00:00:13
Epoch 055 | Seed 2026 | Rate 0.10 | Train Loss: 0.8974 | Val Loss: 0.4236 | Acc (clean): 0.9502 | Acc (poison): 0.9223 | Val Acc: 0.8963 | Time: 00:00:12
Epoch 056 | Seed 2026 | Rate 0.10 | Train Loss: 0.8132 | Val Loss: 0.3848 | Acc (clean): 0.9452 | Acc (poison): 0.9279 | Val Acc: 0.8952 | Time: 00:00:12
Epoch 057 | Seed 2026 | Rate 0.10 | Train Loss: 0.8476 | Val Loss: 0.4546 | Acc (clean): 0.9446 | Acc (poison): 0.9342 | Val Acc: 0.8859 | Time: 00:00:12
Epoch 058 | Seed 2026 | Rate 0.10 | Train Loss: 0.7581 | Val Loss: 0.3909 | Acc (clean): 0.9393 | Acc (poison): 0.9371 | Val Acc: 0.8959 | Time: 00:00:12
Epoch 059 | Seed 2026 | Rate 0.10 | Train Loss: 0.7105 | Val Loss: 0.3753 | Acc (clean): 0.9372 | Acc (poison): 0.9415 | Val Acc: 0.8959 | Time: 00:00:12
Epoch 060 | Seed 2026 | Rate 0.10 | Train Loss: 0.8319 | Val Loss: 0.3747 | Acc (clean): 0.9342 | Acc (poison): 0.9462 | Val Acc: 0.8981 | Time: 00:00:12
Epoch 061 | Seed 2026 | Rate 0.10 | Train Loss: 0.6262 | Val Loss: 0.3857 | Acc (clean): 0.9304 | Acc (poison): 0.9502 | Val Acc: 0.8837 | Time: 00:00:12
Epoch 062 | Seed 2026 | Rate 0.10 | Train Loss: 0.7073 | Val Loss: 0.3676 | Acc (clean): 0.9284 | Acc (poison): 0.9542 | Val Acc: 0.8922 | Time: 00:00:12
Epoch 063 | Seed 2026 | Rate 0.10 | Train Loss: 0.6843 | Val Loss: 0.3904 | Acc (clean): 0.9250 | Acc (poison): 0.9586 | Val Acc: 0.8896 | Time: 00:00:12
Epoch 064 | Seed 2026 | Rate 0.10 | Train Loss: 0.7129 | Val Loss: 0.3905 | Acc (clean): 0.9217 | Acc (poison): 0.9627 | Val Acc: 0.8852 | Time: 00:00:12
Epoch 065 | Seed 2026 | Rate 0.10 | Train Loss: 0.7840 | Val Loss: 0.4084 | Acc (clean): 0.9184 | Acc (poison): 0.9656 | Val Acc: 0.8848 | Time: 00:00:12
Epoch 066 | Seed 2026 | Rate 0.10 | Train Loss: 0.7135 | Val Loss: 0.4027 | Acc (clean): 0.9166 | Acc (poison): 0.9677 | Val Acc: 0.8804 | Time: 00:00:12
Epoch 067 | Seed 2026 | Rate 0.10 | Train Loss: 0.7312 | Val Loss: 0.4126 | Acc (clean): 0.9140 | Acc (poison): 0.9699 | Val Acc: 0.8767 | Time: 00:00:12
Epoch 068 | Seed 2026 | Rate 0.10 | Train Loss: 0.6767 | Val Loss: 0.3851 | Acc (clean): 0.9140 | Acc (poison): 0.9721 | Val Acc: 0.8867 | Time: 00:00:12
Epoch 069 | Seed 2026 | Rate 0.10 | Train Loss: 0.6965 | Val Loss: 0.4055 | Acc (clean): 0.9116 | Acc (poison): 0.9750 | Val Acc: 0.8763 | Time: 00:00:12
Epoch 070 | Seed 2026 | Rate 0.10 | Train Loss: 0.5490 | Val Loss: 0.3787 | Acc (clean): 0.9100 | Acc (poison): 0.9784 | Val Acc: 0.8867 | Time: 00:00:12
Epoch 071 | Seed 2026 | Rate 0.10 | Train Loss: 0.6186 | Val Loss: 0.3905 | Acc (clean): 0.9093 | Acc (poison): 0.9784 | Val Acc: 0.8811 | Time: 00:00:12
Epoch 072 | Seed 2026 | Rate 0.10 | Train Loss: 0.7075 | Val Loss: 0.4156 | Acc (clean): 0.9077 | Acc (poison): 0.9814 | Val Acc: 0.8778 | Time: 00:00:12
Epoch 073 | Seed 2026 | Rate 0.10 | Train Loss: 0.6297 | Val Loss: 0.4466 | Acc (clean): 0.9072 | Acc (poison): 0.9827 | Val Acc: 0.8667 | Time: 00:00:12
Epoch 074 | Seed 2026 | Rate 0.10 | Train Loss: 0.7104 | Val Loss: 0.4494 | Acc (clean): 0.9060 | Acc (poison): 0.9822 | Val Acc: 0.8670 | Time: 00:00:12
Epoch 075 | Seed 2026 | Rate 0.10 | Train Loss: 0.6163 | Val Loss: 0.4169 | Acc (clean): 0.9047 | Acc (poison): 0.9854 | Val Acc: 0.8774 | Time: 00:00:13
Epoch 076 | Seed 2026 | Rate 0.10 | Train Loss: 0.6031 | Val Loss: 0.3989 | Acc (clean): 0.9041 | Acc (poison): 0.9918 | Val Acc: 0.8822 | Time: 00:00:12
Epoch 077 | Seed 2026 | Rate 0.10 | Train Loss: 0.7210 | Val Loss: 0.3912 | Acc (clean): 0.9036 | Acc (poison): 0.9937 | Val Acc: 0.8856 | Time: 00:00:12
Epoch 078 | Seed 2026 | Rate 0.10 | Train Loss: 0.7222 | Val Loss: 0.3833 | Acc (clean): 0.9032 | Acc (poison): 0.9936 | Val Acc: 0.8874 | Time: 00:00:12
Epoch 079 | Seed 2026 | Rate 0.10 | Train Loss: 0.5809 | Val Loss: 0.3891 | Acc (clean): 0.9023 | Acc (poison): 0.9947 | Val Acc: 0.8859 | Time: 00:00:12
Epoch 080 | Seed 2026 | Rate 0.10 | Train Loss: 0.6219 | Val Loss: 0.4026 | Acc (clean): 0.9021 | Acc (poison): 0.9949 | Val Acc: 0.8863 | Time: 00:00:12
Epoch 081 | Seed 2026 | Rate 0.10 | Train Loss: 0.6027 | Val Loss: 0.4157 | Acc (clean): 0.9025 | Acc (poison): 0.9952 | Val Acc: 0.8793 | Time: 00:00:13
Epoch 082 | Seed 2026 | Rate 0.10 | Train Loss: 0.6568 | Val Loss: 0.4010 | Acc (clean): 0.9015 | Acc (poison): 0.9963 | Val Acc: 0.8807 | Time: 00:00:12
Epoch 083 | Seed 2026 | Rate 0.10 | Train Loss: 0.5835 | Val Loss: 0.3774 | Acc (clean): 0.9022 | Acc (poison): 0.9960 | Val Acc: 0.8896 | Time: 00:00:12
Epoch 084 | Seed 2026 | Rate 0.10 | Train Loss: 0.5869 | Val Loss: 0.3729 | Acc (clean): 0.9013 | Acc (poison): 0.9958 | Val Acc: 0.8889 | Time: 00:00:12
Epoch 085 | Seed 2026 | Rate 0.10 | Train Loss: 0.6290 | Val Loss: 0.3832 | Acc (clean): 0.9020 | Acc (poison): 0.9960 | Val Acc: 0.8874 | Time: 00:00:12
Epoch 086 | Seed 2026 | Rate 0.10 | Train Loss: 0.6189 | Val Loss: 0.3918 | Acc (clean): 0.9014 | Acc (poison): 0.9966 | Val Acc: 0.8885 | Time: 00:00:12
Epoch 087 | Seed 2026 | Rate 0.10 | Train Loss: 0.6251 | Val Loss: 0.3530 | Acc (clean): 0.9016 | Acc (poison): 0.9971 | Val Acc: 0.8907 | Time: 00:00:13
Epoch 088 | Seed 2026 | Rate 0.10 | Train Loss: 0.6425 | Val Loss: 0.3837 | Acc (clean): 0.9014 | Acc (poison): 0.9967 | Val Acc: 0.8896 | Time: 00:00:12
Epoch 089 | Seed 2026 | Rate 0.10 | Train Loss: 0.6049 | Val Loss: 0.4017 | Acc (clean): 0.9014 | Acc (poison): 0.9971 | Val Acc: 0.8856 | Time: 00:00:12
Epoch 090 | Seed 2026 | Rate 0.10 | Train Loss: 0.5801 | Val Loss: 0.3724 | Acc (clean): 0.9016 | Acc (poison): 0.9965 | Val Acc: 0.8870 | Time: 00:00:12
Epoch 091 | Seed 2026 | Rate 0.10 | Train Loss: 0.5682 | Val Loss: 0.3782 | Acc (clean): 0.9014 | Acc (poison): 0.9972 | Val Acc: 0.8881 | Time: 00:00:13
Epoch 092 | Seed 2026 | Rate 0.10 | Train Loss: 0.6041 | Val Loss: 0.3671 | Acc (clean): 0.9012 | Acc (poison): 0.9976 | Val Acc: 0.8874 | Time: 00:00:12
Epoch 093 | Seed 2026 | Rate 0.10 | Train Loss: 0.5623 | Val Loss: 0.3752 | Acc (clean): 0.9015 | Acc (poison): 0.9976 | Val Acc: 0.8874 | Time: 00:00:13
Epoch 094 | Seed 2026 | Rate 0.10 | Train Loss: 0.6267 | Val Loss: 0.3701 | Acc (clean): 0.9011 | Acc (poison): 0.9977 | Val Acc: 0.8885 | Time: 00:00:13
Epoch 095 | Seed 2026 | Rate 0.10 | Train Loss: 0.5751 | Val Loss: 0.3957 | Acc (clean): 0.9010 | Acc (poison): 0.9973 | Val Acc: 0.8856 | Time: 00:00:12
Epoch 096 | Seed 2026 | Rate 0.10 | Train Loss: 0.5763 | Val Loss: 0.3747 | Acc (clean): 0.9010 | Acc (poison): 0.9980 | Val Acc: 0.8863 | Time: 00:00:12
Epoch 097 | Seed 2026 | Rate 0.10 | Train Loss: 0.6378 | Val Loss: 0.3734 | Acc (clean): 0.9008 | Acc (poison): 0.9973 | Val Acc: 0.8874 | Time: 00:00:12
Epoch 098 | Seed 2026 | Rate 0.10 | Train Loss: 0.5966 | Val Loss: 0.3636 | Acc (clean): 0.9010 | Acc (poison): 0.9980 | Val Acc: 0.8900 | Time: 00:00:12
Epoch 099 | Seed 2026 | Rate 0.10 | Train Loss: 0.5677 | Val Loss: 0.3620 | Acc (clean): 0.9011 | Acc (poison): 0.9973 | Val Acc: 0.8900 | Time: 00:00:13
Epoch 100 | Seed 2026 | Rate 0.10 | Train Loss: 0.5442 | Val Loss: 0.3621 | Acc (clean): 0.9009 | Acc (poison): 0.9978 | Val Acc: 0.8896 | Time: 00:00:13

=== defense=mixup attack=RQ2 seed=2026 rate=0.2 ===
Loading train data from /home/yazanme/BachelorThesis/BachelorThesis/data/processed/resisc45/train.h5 with mapping /home/yazanme/BachelorThesis/BachelorThesis/data/processed/resisc45/poisoned/RQ2/seed_2026/labels_0.20.pt... (in_memory=True, workers=4)
Testing torch.compile support...
Successfully compiled model using torch.compile.
Epoch 001 | Seed 2026 | Rate 0.20 | Train Loss: 3.3240 | Val Loss: 2.5286 | Acc (clean): 0.1989 | Acc (poison): 0.1882 | Val Acc: 0.2893 | Time: 00:00:14
Epoch 002 | Seed 2026 | Rate 0.20 | Train Loss: 2.5950 | Val Loss: 2.3042 | Acc (clean): 0.3606 | Acc (poison): 0.3367 | Val Acc: 0.3419 | Time: 00:00:14
Epoch 003 | Seed 2026 | Rate 0.20 | Train Loss: 2.3084 | Val Loss: 2.1009 | Acc (clean): 0.4610 | Acc (poison): 0.4179 | Val Acc: 0.3800 | Time: 00:00:13
Epoch 004 | Seed 2026 | Rate 0.20 | Train Loss: 2.1135 | Val Loss: 2.0215 | Acc (clean): 0.5266 | Acc (poison): 0.4709 | Val Acc: 0.4289 | Time: 00:00:14
Epoch 005 | Seed 2026 | Rate 0.20 | Train Loss: 2.0219 | Val Loss: 1.5181 | Acc (clean): 0.5751 | Acc (poison): 0.5107 | Val Acc: 0.5370 | Time: 00:00:13
Epoch 006 | Seed 2026 | Rate 0.20 | Train Loss: 1.8964 | Val Loss: 1.4182 | Acc (clean): 0.6213 | Acc (poison): 0.5447 | Val Acc: 0.5856 | Time: 00:00:14
Epoch 007 | Seed 2026 | Rate 0.20 | Train Loss: 1.7598 | Val Loss: 1.3448 | Acc (clean): 0.6526 | Acc (poison): 0.5702 | Val Acc: 0.5807 | Time: 00:00:13
Epoch 008 | Seed 2026 | Rate 0.20 | Train Loss: 1.6392 | Val Loss: 1.5632 | Acc (clean): 0.6817 | Acc (poison): 0.5961 | Val Acc: 0.5396 | Time: 00:00:12
Epoch 009 | Seed 2026 | Rate 0.20 | Train Loss: 1.5969 | Val Loss: 1.4141 | Acc (clean): 0.7098 | Acc (poison): 0.6167 | Val Acc: 0.6007 | Time: 00:00:13
Epoch 010 | Seed 2026 | Rate 0.20 | Train Loss: 1.5274 | Val Loss: 1.2728 | Acc (clean): 0.7311 | Acc (poison): 0.6342 | Val Acc: 0.6411 | Time: 00:00:13
Epoch 011 | Seed 2026 | Rate 0.20 | Train Loss: 1.4496 | Val Loss: 1.1065 | Acc (clean): 0.7432 | Acc (poison): 0.6431 | Val Acc: 0.6619 | Time: 00:00:13
Epoch 012 | Seed 2026 | Rate 0.20 | Train Loss: 1.4737 | Val Loss: 1.1283 | Acc (clean): 0.7657 | Acc (poison): 0.6572 | Val Acc: 0.6419 | Time: 00:00:12
Epoch 013 | Seed 2026 | Rate 0.20 | Train Loss: 1.4003 | Val Loss: 1.0373 | Acc (clean): 0.7767 | Acc (poison): 0.6662 | Val Acc: 0.7133 | Time: 00:00:13
Epoch 014 | Seed 2026 | Rate 0.20 | Train Loss: 1.4299 | Val Loss: 1.0240 | Acc (clean): 0.7858 | Acc (poison): 0.6748 | Val Acc: 0.7048 | Time: 00:00:13
Epoch 015 | Seed 2026 | Rate 0.20 | Train Loss: 1.3705 | Val Loss: 0.8713 | Acc (clean): 0.7858 | Acc (poison): 0.6790 | Val Acc: 0.7656 | Time: 00:00:13
Epoch 016 | Seed 2026 | Rate 0.20 | Train Loss: 1.3557 | Val Loss: 1.1180 | Acc (clean): 0.8014 | Acc (poison): 0.6862 | Val Acc: 0.6567 | Time: 00:00:12
Epoch 017 | Seed 2026 | Rate 0.20 | Train Loss: 1.3371 | Val Loss: 0.9655 | Acc (clean): 0.7940 | Acc (poison): 0.6847 | Val Acc: 0.7285 | Time: 00:00:12
Epoch 018 | Seed 2026 | Rate 0.20 | Train Loss: 1.4834 | Val Loss: 0.9598 | Acc (clean): 0.8040 | Acc (poison): 0.6902 | Val Acc: 0.7211 | Time: 00:00:12
Epoch 019 | Seed 2026 | Rate 0.20 | Train Loss: 1.3811 | Val Loss: 1.0181 | Acc (clean): 0.8067 | Acc (poison): 0.6955 | Val Acc: 0.7185 | Time: 00:00:12
Epoch 020 | Seed 2026 | Rate 0.20 | Train Loss: 1.2754 | Val Loss: 0.9253 | Acc (clean): 0.8183 | Acc (poison): 0.7009 | Val Acc: 0.7367 | Time: 00:00:13
Epoch 021 | Seed 2026 | Rate 0.20 | Train Loss: 1.3254 | Val Loss: 1.1360 | Acc (clean): 0.8125 | Acc (poison): 0.6996 | Val Acc: 0.6852 | Time: 00:00:12
Epoch 022 | Seed 2026 | Rate 0.20 | Train Loss: 1.2987 | Val Loss: 0.9575 | Acc (clean): 0.8178 | Acc (poison): 0.7026 | Val Acc: 0.7344 | Time: 00:00:12
Epoch 023 | Seed 2026 | Rate 0.20 | Train Loss: 1.3328 | Val Loss: 0.8756 | Acc (clean): 0.8207 | Acc (poison): 0.7065 | Val Acc: 0.7678 | Time: 00:00:12
Epoch 024 | Seed 2026 | Rate 0.20 | Train Loss: 1.3127 | Val Loss: 1.0869 | Acc (clean): 0.8237 | Acc (poison): 0.7087 | Val Acc: 0.6974 | Time: 00:00:12
Epoch 025 | Seed 2026 | Rate 0.20 | Train Loss: 1.3476 | Val Loss: 1.0740 | Acc (clean): 0.8267 | Acc (poison): 0.7114 | Val Acc: 0.7359 | Time: 00:00:13
Epoch 026 | Seed 2026 | Rate 0.20 | Train Loss: 1.2841 | Val Loss: 0.8121 | Acc (clean): 0.8286 | Acc (poison): 0.7139 | Val Acc: 0.7633 | Time: 00:00:13
Epoch 027 | Seed 2026 | Rate 0.20 | Train Loss: 1.2923 | Val Loss: 0.8458 | Acc (clean): 0.8260 | Acc (poison): 0.7159 | Val Acc: 0.7604 | Time: 00:00:13
Epoch 028 | Seed 2026 | Rate 0.20 | Train Loss: 1.2731 | Val Loss: 0.8702 | Acc (clean): 0.8291 | Acc (poison): 0.7181 | Val Acc: 0.7589 | Time: 00:00:13
Epoch 029 | Seed 2026 | Rate 0.20 | Train Loss: 1.2579 | Val Loss: 0.7914 | Acc (clean): 0.8272 | Acc (poison): 0.7168 | Val Acc: 0.7700 | Time: 00:00:13
Epoch 030 | Seed 2026 | Rate 0.20 | Train Loss: 1.2516 | Val Loss: 0.9172 | Acc (clean): 0.8302 | Acc (poison): 0.7230 | Val Acc: 0.7407 | Time: 00:00:12
Epoch 031 | Seed 2026 | Rate 0.20 | Train Loss: 1.3313 | Val Loss: 1.0227 | Acc (clean): 0.8342 | Acc (poison): 0.7206 | Val Acc: 0.7096 | Time: 00:00:13
Epoch 032 | Seed 2026 | Rate 0.20 | Train Loss: 1.2265 | Val Loss: 0.9155 | Acc (clean): 0.8341 | Acc (poison): 0.7223 | Val Acc: 0.7444 | Time: 00:00:13
Epoch 033 | Seed 2026 | Rate 0.20 | Train Loss: 1.2177 | Val Loss: 1.0041 | Acc (clean): 0.8332 | Acc (poison): 0.7248 | Val Acc: 0.7185 | Time: 00:00:13
Epoch 034 | Seed 2026 | Rate 0.20 | Train Loss: 1.1971 | Val Loss: 1.1586 | Acc (clean): 0.8322 | Acc (poison): 0.7283 | Val Acc: 0.6581 | Time: 00:00:13
Epoch 035 | Seed 2026 | Rate 0.20 | Train Loss: 1.2607 | Val Loss: 0.8626 | Acc (clean): 0.8371 | Acc (poison): 0.7302 | Val Acc: 0.7485 | Time: 00:00:13
Epoch 036 | Seed 2026 | Rate 0.20 | Train Loss: 1.2839 | Val Loss: 0.8300 | Acc (clean): 0.8386 | Acc (poison): 0.7310 | Val Acc: 0.7581 | Time: 00:00:13
Epoch 037 | Seed 2026 | Rate 0.20 | Train Loss: 1.1761 | Val Loss: 0.8076 | Acc (clean): 0.8354 | Acc (poison): 0.7296 | Val Acc: 0.7878 | Time: 00:00:13
Epoch 038 | Seed 2026 | Rate 0.20 | Train Loss: 1.2208 | Val Loss: 0.8537 | Acc (clean): 0.8301 | Acc (poison): 0.7290 | Val Acc: 0.7389 | Time: 00:00:12
Epoch 039 | Seed 2026 | Rate 0.20 | Train Loss: 1.1778 | Val Loss: 0.8607 | Acc (clean): 0.8371 | Acc (poison): 0.7352 | Val Acc: 0.7426 | Time: 00:00:12
Epoch 040 | Seed 2026 | Rate 0.20 | Train Loss: 1.1881 | Val Loss: 0.8909 | Acc (clean): 0.8345 | Acc (poison): 0.7347 | Val Acc: 0.7393 | Time: 00:00:13
Epoch 041 | Seed 2026 | Rate 0.20 | Train Loss: 1.1569 | Val Loss: 0.8602 | Acc (clean): 0.8396 | Acc (poison): 0.7386 | Val Acc: 0.7367 | Time: 00:00:12
Epoch 042 | Seed 2026 | Rate 0.20 | Train Loss: 1.1765 | Val Loss: 0.8795 | Acc (clean): 0.8341 | Acc (poison): 0.7367 | Val Acc: 0.7463 | Time: 00:00:12
Epoch 043 | Seed 2026 | Rate 0.20 | Train Loss: 1.2733 | Val Loss: 0.9042 | Acc (clean): 0.8358 | Acc (poison): 0.7365 | Val Acc: 0.7470 | Time: 00:00:12
Epoch 044 | Seed 2026 | Rate 0.20 | Train Loss: 1.1029 | Val Loss: 1.0036 | Acc (clean): 0.8365 | Acc (poison): 0.7398 | Val Acc: 0.7067 | Time: 00:00:12
Epoch 045 | Seed 2026 | Rate 0.20 | Train Loss: 1.1673 | Val Loss: 0.8452 | Acc (clean): 0.8269 | Acc (poison): 0.7371 | Val Acc: 0.7337 | Time: 00:00:13
Epoch 046 | Seed 2026 | Rate 0.20 | Train Loss: 1.1507 | Val Loss: 0.8703 | Acc (clean): 0.8355 | Acc (poison): 0.7455 | Val Acc: 0.7378 | Time: 00:00:12
Epoch 047 | Seed 2026 | Rate 0.20 | Train Loss: 1.1235 | Val Loss: 0.9557 | Acc (clean): 0.8389 | Acc (poison): 0.7486 | Val Acc: 0.7389 | Time: 00:00:13
Epoch 048 | Seed 2026 | Rate 0.20 | Train Loss: 1.1688 | Val Loss: 0.8680 | Acc (clean): 0.8353 | Acc (poison): 0.7452 | Val Acc: 0.7507 | Time: 00:00:13
Epoch 049 | Seed 2026 | Rate 0.20 | Train Loss: 1.2731 | Val Loss: 0.9057 | Acc (clean): 0.8384 | Acc (poison): 0.7523 | Val Acc: 0.7493 | Time: 00:00:12
Epoch 050 | Seed 2026 | Rate 0.20 | Train Loss: 1.1783 | Val Loss: 1.0136 | Acc (clean): 0.8340 | Acc (poison): 0.7477 | Val Acc: 0.6889 | Time: 00:00:13
Epoch 051 | Seed 2026 | Rate 0.20 | Train Loss: 1.1541 | Val Loss: 0.5787 | Acc (clean): 0.8983 | Acc (poison): 0.8033 | Val Acc: 0.8641 | Time: 00:00:13
Epoch 052 | Seed 2026 | Rate 0.20 | Train Loss: 0.9972 | Val Loss: 0.5588 | Acc (clean): 0.9086 | Acc (poison): 0.8298 | Val Acc: 0.8522 | Time: 00:00:13
Epoch 053 | Seed 2026 | Rate 0.20 | Train Loss: 0.8963 | Val Loss: 0.5531 | Acc (clean): 0.9012 | Acc (poison): 0.8417 | Val Acc: 0.8467 | Time: 00:00:13
Epoch 054 | Seed 2026 | Rate 0.20 | Train Loss: 0.9144 | Val Loss: 0.5536 | Acc (clean): 0.8901 | Acc (poison): 0.8519 | Val Acc: 0.8470 | Time: 00:00:12
Epoch 055 | Seed 2026 | Rate 0.20 | Train Loss: 1.0076 | Val Loss: 0.6079 | Acc (clean): 0.8869 | Acc (poison): 0.8583 | Val Acc: 0.8356 | Time: 00:00:13
Epoch 056 | Seed 2026 | Rate 0.20 | Train Loss: 0.9233 | Val Loss: 0.5707 | Acc (clean): 0.8771 | Acc (poison): 0.8645 | Val Acc: 0.8367 | Time: 00:00:13
Epoch 057 | Seed 2026 | Rate 0.20 | Train Loss: 0.9550 | Val Loss: 0.6675 | Acc (clean): 0.8718 | Acc (poison): 0.8737 | Val Acc: 0.8300 | Time: 00:00:13
Epoch 058 | Seed 2026 | Rate 0.20 | Train Loss: 0.8631 | Val Loss: 0.5718 | Acc (clean): 0.8631 | Acc (poison): 0.8861 | Val Acc: 0.8200 | Time: 00:00:12
Epoch 059 | Seed 2026 | Rate 0.20 | Train Loss: 0.8093 | Val Loss: 0.5647 | Acc (clean): 0.8555 | Acc (poison): 0.8943 | Val Acc: 0.8226 | Time: 00:00:13
Epoch 060 | Seed 2026 | Rate 0.20 | Train Loss: 0.9261 | Val Loss: 0.5864 | Acc (clean): 0.8482 | Acc (poison): 0.9006 | Val Acc: 0.8085 | Time: 00:00:13
Epoch 061 | Seed 2026 | Rate 0.20 | Train Loss: 0.7193 | Val Loss: 0.5765 | Acc (clean): 0.8438 | Acc (poison): 0.9072 | Val Acc: 0.8052 | Time: 00:00:12
Epoch 062 | Seed 2026 | Rate 0.20 | Train Loss: 0.7968 | Val Loss: 0.5618 | Acc (clean): 0.8381 | Acc (poison): 0.9167 | Val Acc: 0.8059 | Time: 00:00:12
Epoch 063 | Seed 2026 | Rate 0.20 | Train Loss: 0.7689 | Val Loss: 0.6152 | Acc (clean): 0.8310 | Acc (poison): 0.9247 | Val Acc: 0.7941 | Time: 00:00:12
Epoch 064 | Seed 2026 | Rate 0.20 | Train Loss: 0.7944 | Val Loss: 0.5945 | Acc (clean): 0.8294 | Acc (poison): 0.9287 | Val Acc: 0.8019 | Time: 00:00:13
Epoch 065 | Seed 2026 | Rate 0.20 | Train Loss: 0.8622 | Val Loss: 0.6289 | Acc (clean): 0.8220 | Acc (poison): 0.9361 | Val Acc: 0.7978 | Time: 00:00:12
Epoch 066 | Seed 2026 | Rate 0.20 | Train Loss: 0.7918 | Val Loss: 0.6132 | Acc (clean): 0.8224 | Acc (poison): 0.9415 | Val Acc: 0.7970 | Time: 00:00:13
Epoch 067 | Seed 2026 | Rate 0.20 | Train Loss: 0.8030 | Val Loss: 0.6092 | Acc (clean): 0.8186 | Acc (poison): 0.9464 | Val Acc: 0.7989 | Time: 00:00:13
Epoch 068 | Seed 2026 | Rate 0.20 | Train Loss: 0.7467 | Val Loss: 0.6153 | Acc (clean): 0.8159 | Acc (poison): 0.9482 | Val Acc: 0.8004 | Time: 00:00:13
Epoch 069 | Seed 2026 | Rate 0.20 | Train Loss: 0.7615 | Val Loss: 0.6441 | Acc (clean): 0.8128 | Acc (poison): 0.9550 | Val Acc: 0.7807 | Time: 00:00:13
Epoch 070 | Seed 2026 | Rate 0.20 | Train Loss: 0.6110 | Val Loss: 0.6211 | Acc (clean): 0.8126 | Acc (poison): 0.9583 | Val Acc: 0.7907 | Time: 00:00:13
Epoch 071 | Seed 2026 | Rate 0.20 | Train Loss: 0.6764 | Val Loss: 0.6349 | Acc (clean): 0.8097 | Acc (poison): 0.9604 | Val Acc: 0.7852 | Time: 00:00:13
Epoch 072 | Seed 2026 | Rate 0.20 | Train Loss: 0.7719 | Val Loss: 0.6426 | Acc (clean): 0.8065 | Acc (poison): 0.9626 | Val Acc: 0.7919 | Time: 00:00:12
Epoch 073 | Seed 2026 | Rate 0.20 | Train Loss: 0.6898 | Val Loss: 0.6709 | Acc (clean): 0.8088 | Acc (poison): 0.9664 | Val Acc: 0.7848 | Time: 00:00:12
Epoch 074 | Seed 2026 | Rate 0.20 | Train Loss: 0.7649 | Val Loss: 0.6790 | Acc (clean): 0.8079 | Acc (poison): 0.9692 | Val Acc: 0.7789 | Time: 00:00:12
Epoch 075 | Seed 2026 | Rate 0.20 | Train Loss: 0.6675 | Val Loss: 0.6649 | Acc (clean): 0.8049 | Acc (poison): 0.9735 | Val Acc: 0.7889 | Time: 00:00:13
Epoch 076 | Seed 2026 | Rate 0.20 | Train Loss: 0.6445 | Val Loss: 0.6439 | Acc (clean): 0.8057 | Acc (poison): 0.9863 | Val Acc: 0.7993 | Time: 00:00:12
Epoch 077 | Seed 2026 | Rate 0.20 | Train Loss: 0.7648 | Val Loss: 0.6394 | Acc (clean): 0.8033 | Acc (poison): 0.9900 | Val Acc: 0.7956 | Time: 00:00:12
Epoch 078 | Seed 2026 | Rate 0.20 | Train Loss: 0.7642 | Val Loss: 0.6271 | Acc (clean): 0.8035 | Acc (poison): 0.9917 | Val Acc: 0.7970 | Time: 00:00:13
Epoch 079 | Seed 2026 | Rate 0.20 | Train Loss: 0.6135 | Val Loss: 0.6504 | Acc (clean): 0.8019 | Acc (poison): 0.9928 | Val Acc: 0.7904 | Time: 00:00:12
Epoch 080 | Seed 2026 | Rate 0.20 | Train Loss: 0.6525 | Val Loss: 0.6614 | Acc (clean): 0.8025 | Acc (poison): 0.9931 | Val Acc: 0.7926 | Time: 00:00:12
Epoch 081 | Seed 2026 | Rate 0.20 | Train Loss: 0.6373 | Val Loss: 0.6805 | Acc (clean): 0.8029 | Acc (poison): 0.9941 | Val Acc: 0.7944 | Time: 00:00:12
Epoch 082 | Seed 2026 | Rate 0.20 | Train Loss: 0.6911 | Val Loss: 0.6835 | Acc (clean): 0.8019 | Acc (poison): 0.9942 | Val Acc: 0.7933 | Time: 00:00:12
Epoch 083 | Seed 2026 | Rate 0.20 | Train Loss: 0.6105 | Val Loss: 0.6379 | Acc (clean): 0.8019 | Acc (poison): 0.9951 | Val Acc: 0.7989 | Time: 00:00:13
Epoch 084 | Seed 2026 | Rate 0.20 | Train Loss: 0.6125 | Val Loss: 0.6187 | Acc (clean): 0.8014 | Acc (poison): 0.9956 | Val Acc: 0.8026 | Time: 00:00:13
Epoch 085 | Seed 2026 | Rate 0.20 | Train Loss: 0.6559 | Val Loss: 0.6404 | Acc (clean): 0.8016 | Acc (poison): 0.9951 | Val Acc: 0.7941 | Time: 00:00:13
Epoch 086 | Seed 2026 | Rate 0.20 | Train Loss: 0.6488 | Val Loss: 0.6421 | Acc (clean): 0.8015 | Acc (poison): 0.9958 | Val Acc: 0.7944 | Time: 00:00:13
Epoch 087 | Seed 2026 | Rate 0.20 | Train Loss: 0.6552 | Val Loss: 0.5934 | Acc (clean): 0.8016 | Acc (poison): 0.9964 | Val Acc: 0.8011 | Time: 00:00:12
Epoch 088 | Seed 2026 | Rate 0.20 | Train Loss: 0.6718 | Val Loss: 0.6557 | Acc (clean): 0.8011 | Acc (poison): 0.9965 | Val Acc: 0.7952 | Time: 00:00:13
Epoch 089 | Seed 2026 | Rate 0.20 | Train Loss: 0.6335 | Val Loss: 0.6899 | Acc (clean): 0.8016 | Acc (poison): 0.9957 | Val Acc: 0.7889 | Time: 00:00:12
Epoch 090 | Seed 2026 | Rate 0.20 | Train Loss: 0.6065 | Val Loss: 0.6398 | Acc (clean): 0.8012 | Acc (poison): 0.9959 | Val Acc: 0.7948 | Time: 00:00:13
Epoch 091 | Seed 2026 | Rate 0.20 | Train Loss: 0.5925 | Val Loss: 0.6492 | Acc (clean): 0.8012 | Acc (poison): 0.9967 | Val Acc: 0.7989 | Time: 00:00:13
Epoch 092 | Seed 2026 | Rate 0.20 | Train Loss: 0.6286 | Val Loss: 0.6225 | Acc (clean): 0.8012 | Acc (poison): 0.9968 | Val Acc: 0.7993 | Time: 00:00:13
Epoch 093 | Seed 2026 | Rate 0.20 | Train Loss: 0.5867 | Val Loss: 0.6392 | Acc (clean): 0.8009 | Acc (poison): 0.9965 | Val Acc: 0.7952 | Time: 00:00:13
Epoch 094 | Seed 2026 | Rate 0.20 | Train Loss: 0.6538 | Val Loss: 0.6376 | Acc (clean): 0.8006 | Acc (poison): 0.9972 | Val Acc: 0.7941 | Time: 00:00:13
Epoch 095 | Seed 2026 | Rate 0.20 | Train Loss: 0.6011 | Val Loss: 0.6799 | Acc (clean): 0.8005 | Acc (poison): 0.9966 | Val Acc: 0.7933 | Time: 00:00:13
Epoch 096 | Seed 2026 | Rate 0.20 | Train Loss: 0.5976 | Val Loss: 0.6449 | Acc (clean): 0.8007 | Acc (poison): 0.9970 | Val Acc: 0.7952 | Time: 00:00:13
Epoch 097 | Seed 2026 | Rate 0.20 | Train Loss: 0.6601 | Val Loss: 0.6346 | Acc (clean): 0.8011 | Acc (poison): 0.9967 | Val Acc: 0.7959 | Time: 00:00:12
Epoch 098 | Seed 2026 | Rate 0.20 | Train Loss: 0.6181 | Val Loss: 0.6354 | Acc (clean): 0.8003 | Acc (poison): 0.9979 | Val Acc: 0.7937 | Time: 00:00:13
Epoch 099 | Seed 2026 | Rate 0.20 | Train Loss: 0.5926 | Val Loss: 0.6283 | Acc (clean): 0.8012 | Acc (poison): 0.9971 | Val Acc: 0.7926 | Time: 00:00:13
Epoch 100 | Seed 2026 | Rate 0.20 | Train Loss: 0.5642 | Val Loss: 0.6304 | Acc (clean): 0.8000 | Acc (poison): 0.9979 | Val Acc: 0.7981 | Time: 00:00:13

Endzeit: 2026-08-08 21:08:11 CEST
Laufzeit: 04:07:27
Exit-Code: 0

Abgeschlossene Laeufe fuer Seed 2026 (erwartet: 11):
/home/yazanme/BachelorThesis/BachelorThesis/experiments/RQ3/mixup/resnet18/clean/seed_2026/rate_0.0
/home/yazanme/BachelorThesis/BachelorThesis/experiments/RQ3/mixup/resnet18/RQ1/seed_2026/rate_0.01
/home/yazanme/BachelorThesis/BachelorThesis/experiments/RQ3/mixup/resnet18/RQ1/seed_2026/rate_0.02
/home/yazanme/BachelorThesis/BachelorThesis/experiments/RQ3/mixup/resnet18/RQ1/seed_2026/rate_0.05
/home/yazanme/BachelorThesis/BachelorThesis/experiments/RQ3/mixup/resnet18/RQ1/seed_2026/rate_0.1
/home/yazanme/BachelorThesis/BachelorThesis/experiments/RQ3/mixup/resnet18/RQ1/seed_2026/rate_0.2
/home/yazanme/BachelorThesis/BachelorThesis/experiments/RQ3/mixup/resnet18/RQ2/seed_2026/rate_0.01
/home/yazanme/BachelorThesis/BachelorThesis/experiments/RQ3/mixup/resnet18/RQ2/seed_2026/rate_0.02
/home/yazanme/BachelorThesis/BachelorThesis/experiments/RQ3/mixup/resnet18/RQ2/seed_2026/rate_0.05
/home/yazanme/BachelorThesis/BachelorThesis/experiments/RQ3/mixup/resnet18/RQ2/seed_2026/rate_0.1
/home/yazanme/BachelorThesis/BachelorThesis/experiments/RQ3/mixup/resnet18/RQ2/seed_2026/rate_0.2
Anzahl: 11

clean/summary_metrics.csv:
seed,rate,accuracy,precision,recall,f1
2026,0.0,0.9504444444444444,0.95066816882248,0.9504444444444446,0.9503288773570864
2001,0.0,0.9457777777777778,0.946519551450268,0.9457777777777778,0.9457460526277583
42,0.0,0.9502222222222222,0.9506006447801315,0.9502222222222222,0.950058236232404

RQ1/summary_metrics.csv:
seed,rate,accuracy,precision,recall,f1
2026,0.01,0.9464444444444444,0.9465534342668682,0.9464444444444442,0.946250935620357
2001,0.01,0.942,0.9431307363610082,0.9420000000000002,0.9420032680212794
42,0.01,0.9442222222222222,0.9446825714264748,0.944222222222222,0.9439488147955166
2026,0.02,0.9466666666666668,0.9470001376248413,0.9466666666666668,0.9465262271101132
2001,0.02,0.9384444444444444,0.9399390229251418,0.9384444444444444,0.9384749186563608
42,0.02,0.9437777777777778,0.943909104285932,0.943777777777778,0.9435568676134604
2026,0.05,0.9375555555555556,0.938038490916618,0.9375555555555556,0.9374984522597096
2001,0.05,0.9304444444444444,0.9312872529220688,0.9304444444444442,0.9303860926835174
42,0.05,0.9355555555555556,0.9360216184424944,0.9355555555555556,0.9353232138353124
2026,0.1,0.9151111111111112,0.9156655390531122,0.9151111111111112,0.9149067530816442
2001,0.1,0.9093333333333332,0.9103363466215684,0.9093333333333332,0.9090991607724004
42,0.1,0.9115555555555556,0.912719554190195,0.9115555555555556,0.9114609153455816
2026,0.2,0.8906666666666667,0.8928959864030664,0.8906666666666666,0.8905630636590064
2001,0.2,0.8586666666666667,0.8595560144272579,0.8586666666666667,0.858068276307098
42,0.2,0.8691111111111111,0.871366119872255,0.869111111111111,0.8688198401762752

RQ2/summary_metrics.csv:
seed,rate,accuracy,precision,recall,f1
2026,0.01,0.9431111111111112,0.9436182502573112,0.9431111111111112,0.9429551235471082
2001,0.01,0.9475555555555556,0.947952706722938,0.9475555555555554,0.9473194145934114
42,0.01,0.9446666666666668,0.9451277455867528,0.9446666666666668,0.9445025015939243
2026,0.02,0.9382222222222222,0.9387812099267374,0.9382222222222224,0.938173894217276
2001,0.02,0.9386666666666666,0.9400253349186084,0.9386666666666668,0.9386648185309264
42,0.02,0.9391111111111112,0.9396442719953226,0.9391111111111112,0.9388714710562326
2026,0.05,0.9246666666666666,0.9249651084958148,0.9246666666666664,0.9245079510407462
2001,0.05,0.918,0.9193322501712532,0.9179999999999996,0.9179849800055327
42,0.05,0.922,0.9224661528165008,0.922,0.9217492489045884
2026,0.1,0.8962222222222223,0.8963590534275375,0.896222222222222,0.8956777068415633
2001,0.1,0.9015555555555556,0.9023209920537816,0.9015555555555556,0.9011149373873562
42,0.1,0.9011111111111112,0.9025603366626236,0.9011111111111112,0.9007693073346764
2026,0.2,0.854,0.8570636440832361,0.854,0.8529716595329624
