=========================================
1. SLURM ALLOKATIONS-INFO
=========================================
Job ID: 5147 (Array 5147, Task 2)
Job Name: rq3_gmm_filter_mobilenetv2
Ausfuehrender Node: gpu01
Zugewiesene CPUs: 6
Zugewiesener Speicher: 32768 MB
Zugewiesene GPUs: 2
Zugewiesene GPUs ueber CUDA: 0
0, Tesla V100S-PCIE-32GB, 32768 MiB, 535.309.01

Zeitzonen-Check -> Node-Uhr (UTC): 2026-08-07 04:31:09 UTC
Zeitzonen-Check -> korrigiert    : 2026-08-07 06:31:09 CEST

Python: /home/yazanme/miniforge3/envs/venv/bin/python
Version: Python 3.12.13

Preflight ok: RQ2-Labels mit 16 Paaren / 32 angegriffenen Klassen.
Modell:           mobilenetv2
Verteidigung:     gmm_filter
Seed:             2026
Trainings-Config: /home/yazanme/BachelorThesis/BachelorThesis/src/yaml/rq3/rq3_train_mobilenetv2.yaml
Daten-Config:     /home/yazanme/BachelorThesis/BachelorThesis/src/implementation/data_preparation/config.yaml
Ausgabe:          /home/yazanme/BachelorThesis/BachelorThesis/experiments/RQ3/gmm_filter/mobilenetv2/{clean,RQ1,RQ2}
Preflight ok: 3 HDF5-Splits + 10 Label-Tensoren (RQ1+RQ2) fuer Seed 2026.
Erwartet: 1 clean + 2 Angriffe x 5 Raten = 11 Laeufe (~3.3 h).

Startzeit: 2026-08-07 06:31:10 CEST

Starting main script...
Config: /home/yazanme/BachelorThesis/BachelorThesis/src/yaml/rq3/rq3_train_mobilenetv2.yaml
Experiment: rq=RQ3 model=mobilenetv2 rates=[0.0, 0.01, 0.02, 0.05, 0.1, 0.2]
Defense: gmm_filter | Seeds: [2026] | Attacks: ['clean', 'RQ1', 'RQ2']
Set float32 matmul precision to: high
Initializing PyTorch and checking CUDA...
Set cudnn.benchmark to: True
Using device: cuda
Initializing base loaders...
Loading validation data from /home/yazanme/BachelorThesis/BachelorThesis/data/processed/resisc45/val.h5... (in_memory=True, workers=4)
Loading test data from /home/yazanme/BachelorThesis/BachelorThesis/data/processed/resisc45/test.h5... (in_memory=True, workers=4)
Starting experiment run...

=== defense=gmm_filter attack=clean seed=2026 rate=0.0 ===
Loading train data from /home/yazanme/BachelorThesis/BachelorThesis/data/processed/resisc45/train.h5... (in_memory=True, workers=4)
Testing torch.compile support...
Successfully compiled model using torch.compile.
Epoch 001 | Seed 2026 | Rate 0.00 | Train Loss: 2.8039 | Val Loss: 2.7634 | Acc (clean): 0.2380 | Acc (poison): 0.2380 | Val Acc: 0.2681 | Time: 00:02:38
Epoch 002 | Seed 2026 | Rate 0.00 | Train Loss: 1.9140 | Val Loss: 1.9349 | Acc (clean): 0.4422 | Acc (poison): 0.4422 | Val Acc: 0.4126 | Time: 00:00:12
Epoch 003 | Seed 2026 | Rate 0.00 | Train Loss: 1.5536 | Val Loss: 1.7050 | Acc (clean): 0.5361 | Acc (poison): 0.5361 | Val Acc: 0.5078 | Time: 00:00:12
Epoch 004 | Seed 2026 | Rate 0.00 | Train Loss: 1.3285 | Val Loss: 1.5162 | Acc (clean): 0.5974 | Acc (poison): 0.5974 | Val Acc: 0.5515 | Time: 00:00:13
Epoch 005 | Seed 2026 | Rate 0.00 | Train Loss: 1.1340 | Val Loss: 1.4729 | Acc (clean): 0.6542 | Acc (poison): 0.6542 | Val Acc: 0.5611 | Time: 00:00:12
Epoch 006 | Seed 2026 | Rate 0.00 | Train Loss: 0.9781 | Val Loss: 1.5784 | Acc (clean): 0.6995 | Acc (poison): 0.6995 | Val Acc: 0.5607 | Time: 00:00:12
Epoch 007 | Seed 2026 | Rate 0.00 | Train Loss: 0.8527 | Val Loss: 1.7104 | Acc (clean): 0.7342 | Acc (poison): 0.7342 | Val Acc: 0.5378 | Time: 00:00:13
Epoch 008 | Seed 2026 | Rate 0.00 | Train Loss: 0.7902 | Val Loss: 1.0817 | Acc (clean): 0.7534 | Acc (poison): 0.7534 | Val Acc: 0.6619 | Time: 00:00:12
Epoch 009 | Seed 2026 | Rate 0.00 | Train Loss: 0.7278 | Val Loss: 1.0553 | Acc (clean): 0.7710 | Acc (poison): 0.7710 | Val Acc: 0.6826 | Time: 00:00:12
Epoch 010 | Seed 2026 | Rate 0.00 | Train Loss: 0.6933 | Val Loss: 1.1882 | Acc (clean): 0.7828 | Acc (poison): 0.7828 | Val Acc: 0.6441 | Time: 00:00:12
Epoch 011 | Seed 2026 | Rate 0.00 | Train Loss: 0.6477 | Val Loss: 0.9112 | Acc (clean): 0.7963 | Acc (poison): 0.7963 | Val Acc: 0.7178 | Time: 00:00:12
Epoch 012 | Seed 2026 | Rate 0.00 | Train Loss: 0.6422 | Val Loss: 1.0890 | Acc (clean): 0.7981 | Acc (poison): 0.7981 | Val Acc: 0.6770 | Time: 00:00:12
Epoch 013 | Seed 2026 | Rate 0.00 | Train Loss: 0.5987 | Val Loss: 0.9909 | Acc (clean): 0.8130 | Acc (poison): 0.8130 | Val Acc: 0.7026 | Time: 00:00:12
Epoch 014 | Seed 2026 | Rate 0.00 | Train Loss: 0.5939 | Val Loss: 1.0050 | Acc (clean): 0.8119 | Acc (poison): 0.8119 | Val Acc: 0.7000 | Time: 00:00:12
Epoch 015 | Seed 2026 | Rate 0.00 | Train Loss: 0.5841 | Val Loss: 0.8804 | Acc (clean): 0.8181 | Acc (poison): 0.8181 | Val Acc: 0.7374 | Time: 00:00:13
Epoch 016 | Seed 2026 | Rate 0.00 | Train Loss: 0.5755 | Val Loss: 0.7934 | Acc (clean): 0.8170 | Acc (poison): 0.8170 | Val Acc: 0.7574 | Time: 00:00:13
Epoch 017 | Seed 2026 | Rate 0.00 | Train Loss: 0.5727 | Val Loss: 0.8232 | Acc (clean): 0.8157 | Acc (poison): 0.8157 | Val Acc: 0.7485 | Time: 00:00:13
Epoch 018 | Seed 2026 | Rate 0.00 | Train Loss: 0.5530 | Val Loss: 1.0245 | Acc (clean): 0.8245 | Acc (poison): 0.8245 | Val Acc: 0.6963 | Time: 00:00:12
Epoch 019 | Seed 2026 | Rate 0.00 | Train Loss: 0.5492 | Val Loss: 0.8746 | Acc (clean): 0.8259 | Acc (poison): 0.8259 | Val Acc: 0.7289 | Time: 00:00:12
Epoch 020 | Seed 2026 | Rate 0.00 | Train Loss: 0.5555 | Val Loss: 1.0022 | Acc (clean): 0.8240 | Acc (poison): 0.8240 | Val Acc: 0.7004 | Time: 00:00:12
Epoch 021 | Seed 2026 | Rate 0.00 | Train Loss: 0.5480 | Val Loss: 0.9120 | Acc (clean): 0.8290 | Acc (poison): 0.8290 | Val Acc: 0.7322 | Time: 00:00:12
Epoch 022 | Seed 2026 | Rate 0.00 | Train Loss: 0.5350 | Val Loss: 0.9797 | Acc (clean): 0.8323 | Acc (poison): 0.8323 | Val Acc: 0.7011 | Time: 00:00:12
Epoch 023 | Seed 2026 | Rate 0.00 | Train Loss: 0.5539 | Val Loss: 0.7234 | Acc (clean): 0.8240 | Acc (poison): 0.8240 | Val Acc: 0.7767 | Time: 00:00:12
Epoch 024 | Seed 2026 | Rate 0.00 | Train Loss: 0.5323 | Val Loss: 1.2644 | Acc (clean): 0.8318 | Acc (poison): 0.8318 | Val Acc: 0.6456 | Time: 00:00:13
Epoch 025 | Seed 2026 | Rate 0.00 | Train Loss: 0.5414 | Val Loss: 1.0765 | Acc (clean): 0.8280 | Acc (poison): 0.8280 | Val Acc: 0.7015 | Time: 00:00:12
Epoch 026 | Seed 2026 | Rate 0.00 | Train Loss: 0.3644 | Val Loss: 1.3029 | Acc (clean): 0.8212 | Acc (poison): 0.8212 | Val Acc: 0.6419 | Time: 00:00:12
Epoch 027 | Seed 2026 | Rate 0.00 | Train Loss: 0.3592 | Val Loss: 0.9116 | Acc (clean): 0.8137 | Acc (poison): 0.8137 | Val Acc: 0.7374 | Time: 00:00:12
Epoch 028 | Seed 2026 | Rate 0.00 | Train Loss: 0.3523 | Val Loss: 1.1265 | Acc (clean): 0.8199 | Acc (poison): 0.8199 | Val Acc: 0.6907 | Time: 00:00:13
Epoch 029 | Seed 2026 | Rate 0.00 | Train Loss: 0.3645 | Val Loss: 1.3162 | Acc (clean): 0.8114 | Acc (poison): 0.8114 | Val Acc: 0.6852 | Time: 00:00:12
Epoch 030 | Seed 2026 | Rate 0.00 | Train Loss: 0.3530 | Val Loss: 0.9824 | Acc (clean): 0.8137 | Acc (poison): 0.8137 | Val Acc: 0.7211 | Time: 00:00:12
Epoch 031 | Seed 2026 | Rate 0.00 | Train Loss: 0.3618 | Val Loss: 1.1533 | Acc (clean): 0.8080 | Acc (poison): 0.8080 | Val Acc: 0.6830 | Time: 00:00:12
Epoch 032 | Seed 2026 | Rate 0.00 | Train Loss: 0.3516 | Val Loss: 1.3023 | Acc (clean): 0.8106 | Acc (poison): 0.8106 | Val Acc: 0.6444 | Time: 00:00:12
Epoch 033 | Seed 2026 | Rate 0.00 | Train Loss: 0.3458 | Val Loss: 0.9372 | Acc (clean): 0.8119 | Acc (poison): 0.8119 | Val Acc: 0.7319 | Time: 00:00:12
Epoch 034 | Seed 2026 | Rate 0.00 | Train Loss: 0.3629 | Val Loss: 1.3021 | Acc (clean): 0.8126 | Acc (poison): 0.8126 | Val Acc: 0.6437 | Time: 00:00:12
Epoch 035 | Seed 2026 | Rate 0.00 | Train Loss: 0.3492 | Val Loss: 1.6298 | Acc (clean): 0.8135 | Acc (poison): 0.8135 | Val Acc: 0.5707 | Time: 00:00:12
Epoch 036 | Seed 2026 | Rate 0.00 | Train Loss: 0.3735 | Val Loss: 1.2573 | Acc (clean): 0.8091 | Acc (poison): 0.8091 | Val Acc: 0.6515 | Time: 00:00:12
Epoch 037 | Seed 2026 | Rate 0.00 | Train Loss: 0.3594 | Val Loss: 1.4110 | Acc (clean): 0.8115 | Acc (poison): 0.8115 | Val Acc: 0.6233 | Time: 00:00:12
Epoch 038 | Seed 2026 | Rate 0.00 | Train Loss: 0.3406 | Val Loss: 1.0027 | Acc (clean): 0.8142 | Acc (poison): 0.8142 | Val Acc: 0.7126 | Time: 00:00:13
Epoch 039 | Seed 2026 | Rate 0.00 | Train Loss: 0.3509 | Val Loss: 1.0255 | Acc (clean): 0.8065 | Acc (poison): 0.8065 | Val Acc: 0.7200 | Time: 00:00:13
Epoch 040 | Seed 2026 | Rate 0.00 | Train Loss: 0.3535 | Val Loss: 1.2834 | Acc (clean): 0.8071 | Acc (poison): 0.8071 | Val Acc: 0.6485 | Time: 00:00:12
Epoch 041 | Seed 2026 | Rate 0.00 | Train Loss: 0.3890 | Val Loss: 1.5190 | Acc (clean): 0.8157 | Acc (poison): 0.8157 | Val Acc: 0.6100 | Time: 00:00:12
Epoch 042 | Seed 2026 | Rate 0.00 | Train Loss: 0.3616 | Val Loss: 1.0943 | Acc (clean): 0.8092 | Acc (poison): 0.8092 | Val Acc: 0.6930 | Time: 00:00:12
Epoch 043 | Seed 2026 | Rate 0.00 | Train Loss: 0.3625 | Val Loss: 1.0733 | Acc (clean): 0.8103 | Acc (poison): 0.8103 | Val Acc: 0.7089 | Time: 00:00:14
Epoch 044 | Seed 2026 | Rate 0.00 | Train Loss: 0.3625 | Val Loss: 1.5085 | Acc (clean): 0.8086 | Acc (poison): 0.8086 | Val Acc: 0.6352 | Time: 00:00:12
Epoch 045 | Seed 2026 | Rate 0.00 | Train Loss: 0.3712 | Val Loss: 1.1700 | Acc (clean): 0.8081 | Acc (poison): 0.8081 | Val Acc: 0.6833 | Time: 00:00:12
Epoch 046 | Seed 2026 | Rate 0.00 | Train Loss: 0.3652 | Val Loss: 1.1633 | Acc (clean): 0.8050 | Acc (poison): 0.8050 | Val Acc: 0.6796 | Time: 00:00:12
Epoch 047 | Seed 2026 | Rate 0.00 | Train Loss: 0.3453 | Val Loss: 1.2466 | Acc (clean): 0.8138 | Acc (poison): 0.8138 | Val Acc: 0.6737 | Time: 00:00:12
Epoch 048 | Seed 2026 | Rate 0.00 | Train Loss: 0.3527 | Val Loss: 1.0535 | Acc (clean): 0.8083 | Acc (poison): 0.8083 | Val Acc: 0.6996 | Time: 00:00:12
Epoch 049 | Seed 2026 | Rate 0.00 | Train Loss: 0.3410 | Val Loss: 1.1390 | Acc (clean): 0.8074 | Acc (poison): 0.8074 | Val Acc: 0.6833 | Time: 00:00:12
Epoch 050 | Seed 2026 | Rate 0.00 | Train Loss: 0.3555 | Val Loss: 1.5634 | Acc (clean): 0.8071 | Acc (poison): 0.8071 | Val Acc: 0.6248 | Time: 00:00:12
Epoch 051 | Seed 2026 | Rate 0.00 | Train Loss: 0.1841 | Val Loss: 0.4716 | Acc (clean): 0.8656 | Acc (poison): 0.8656 | Val Acc: 0.8589 | Time: 00:00:12
Epoch 052 | Seed 2026 | Rate 0.00 | Train Loss: 0.1380 | Val Loss: 0.4507 | Acc (clean): 0.8872 | Acc (poison): 0.8872 | Val Acc: 0.8663 | Time: 00:00:12
Epoch 053 | Seed 2026 | Rate 0.00 | Train Loss: 0.1203 | Val Loss: 0.4259 | Acc (clean): 0.8962 | Acc (poison): 0.8962 | Val Acc: 0.8737 | Time: 00:00:12
Epoch 054 | Seed 2026 | Rate 0.00 | Train Loss: 0.1197 | Val Loss: 0.4359 | Acc (clean): 0.8996 | Acc (poison): 0.8996 | Val Acc: 0.8759 | Time: 00:00:13
Epoch 055 | Seed 2026 | Rate 0.00 | Train Loss: 0.1121 | Val Loss: 0.4106 | Acc (clean): 0.9051 | Acc (poison): 0.9051 | Val Acc: 0.8800 | Time: 00:00:13
Epoch 056 | Seed 2026 | Rate 0.00 | Train Loss: 0.1095 | Val Loss: 0.4114 | Acc (clean): 0.9093 | Acc (poison): 0.9093 | Val Acc: 0.8837 | Time: 00:00:12
Epoch 057 | Seed 2026 | Rate 0.00 | Train Loss: 0.1092 | Val Loss: 0.4033 | Acc (clean): 0.9118 | Acc (poison): 0.9118 | Val Acc: 0.8833 | Time: 00:00:13
Epoch 058 | Seed 2026 | Rate 0.00 | Train Loss: 0.1062 | Val Loss: 0.3828 | Acc (clean): 0.9150 | Acc (poison): 0.9150 | Val Acc: 0.8848 | Time: 00:00:12
Epoch 059 | Seed 2026 | Rate 0.00 | Train Loss: 0.1004 | Val Loss: 0.4068 | Acc (clean): 0.9161 | Acc (poison): 0.9161 | Val Acc: 0.8800 | Time: 00:00:12
Epoch 060 | Seed 2026 | Rate 0.00 | Train Loss: 0.0989 | Val Loss: 0.3920 | Acc (clean): 0.9202 | Acc (poison): 0.9202 | Val Acc: 0.8856 | Time: 00:00:13
Epoch 061 | Seed 2026 | Rate 0.00 | Train Loss: 0.0974 | Val Loss: 0.3849 | Acc (clean): 0.9201 | Acc (poison): 0.9201 | Val Acc: 0.8930 | Time: 00:00:12
Epoch 062 | Seed 2026 | Rate 0.00 | Train Loss: 0.0926 | Val Loss: 0.3967 | Acc (clean): 0.9224 | Acc (poison): 0.9224 | Val Acc: 0.8863 | Time: 00:00:12
Epoch 063 | Seed 2026 | Rate 0.00 | Train Loss: 0.0950 | Val Loss: 0.3900 | Acc (clean): 0.9247 | Acc (poison): 0.9247 | Val Acc: 0.8881 | Time: 00:00:12
Epoch 064 | Seed 2026 | Rate 0.00 | Train Loss: 0.0889 | Val Loss: 0.3782 | Acc (clean): 0.9272 | Acc (poison): 0.9272 | Val Acc: 0.8948 | Time: 00:00:12
Epoch 065 | Seed 2026 | Rate 0.00 | Train Loss: 0.0844 | Val Loss: 0.3807 | Acc (clean): 0.9295 | Acc (poison): 0.9295 | Val Acc: 0.8926 | Time: 00:00:13
Epoch 066 | Seed 2026 | Rate 0.00 | Train Loss: 0.0890 | Val Loss: 0.3716 | Acc (clean): 0.9283 | Acc (poison): 0.9283 | Val Acc: 0.8978 | Time: 00:00:12
Epoch 067 | Seed 2026 | Rate 0.00 | Train Loss: 0.0836 | Val Loss: 0.3818 | Acc (clean): 0.9333 | Acc (poison): 0.9333 | Val Acc: 0.8893 | Time: 00:00:13
Epoch 068 | Seed 2026 | Rate 0.00 | Train Loss: 0.1014 | Val Loss: 0.3735 | Acc (clean): 0.9314 | Acc (poison): 0.9314 | Val Acc: 0.8978 | Time: 00:00:12
Epoch 069 | Seed 2026 | Rate 0.00 | Train Loss: 0.0867 | Val Loss: 0.3967 | Acc (clean): 0.9344 | Acc (poison): 0.9344 | Val Acc: 0.8900 | Time: 00:00:12
Epoch 070 | Seed 2026 | Rate 0.00 | Train Loss: 0.0884 | Val Loss: 0.3571 | Acc (clean): 0.9365 | Acc (poison): 0.9365 | Val Acc: 0.8967 | Time: 00:00:13
Epoch 071 | Seed 2026 | Rate 0.00 | Train Loss: 0.0901 | Val Loss: 0.3667 | Acc (clean): 0.9367 | Acc (poison): 0.9367 | Val Acc: 0.8970 | Time: 00:00:12
Epoch 072 | Seed 2026 | Rate 0.00 | Train Loss: 0.0824 | Val Loss: 0.3601 | Acc (clean): 0.9407 | Acc (poison): 0.9407 | Val Acc: 0.8996 | Time: 00:00:12
Epoch 073 | Seed 2026 | Rate 0.00 | Train Loss: 0.0840 | Val Loss: 0.3422 | Acc (clean): 0.9418 | Acc (poison): 0.9418 | Val Acc: 0.9044 | Time: 00:00:12
Epoch 074 | Seed 2026 | Rate 0.00 | Train Loss: 0.0906 | Val Loss: 0.3483 | Acc (clean): 0.9398 | Acc (poison): 0.9398 | Val Acc: 0.9081 | Time: 00:00:12
Epoch 075 | Seed 2026 | Rate 0.00 | Train Loss: 0.0833 | Val Loss: 0.3534 | Acc (clean): 0.9411 | Acc (poison): 0.9411 | Val Acc: 0.8996 | Time: 00:00:12
Epoch 076 | Seed 2026 | Rate 0.00 | Train Loss: 0.0651 | Val Loss: 0.3276 | Acc (clean): 0.9495 | Acc (poison): 0.9495 | Val Acc: 0.9056 | Time: 00:00:13
Epoch 077 | Seed 2026 | Rate 0.00 | Train Loss: 0.0657 | Val Loss: 0.3204 | Acc (clean): 0.9507 | Acc (poison): 0.9507 | Val Acc: 0.9063 | Time: 00:00:13
Epoch 078 | Seed 2026 | Rate 0.00 | Train Loss: 0.0582 | Val Loss: 0.3231 | Acc (clean): 0.9527 | Acc (poison): 0.9527 | Val Acc: 0.9089 | Time: 00:00:12
Epoch 079 | Seed 2026 | Rate 0.00 | Train Loss: 0.0614 | Val Loss: 0.3199 | Acc (clean): 0.9534 | Acc (poison): 0.9534 | Val Acc: 0.9089 | Time: 00:00:13
Epoch 080 | Seed 2026 | Rate 0.00 | Train Loss: 0.0605 | Val Loss: 0.3194 | Acc (clean): 0.9545 | Acc (poison): 0.9545 | Val Acc: 0.9093 | Time: 00:00:13
Epoch 081 | Seed 2026 | Rate 0.00 | Train Loss: 0.0609 | Val Loss: 0.3192 | Acc (clean): 0.9539 | Acc (poison): 0.9539 | Val Acc: 0.9089 | Time: 00:00:12
Epoch 082 | Seed 2026 | Rate 0.00 | Train Loss: 0.0593 | Val Loss: 0.3167 | Acc (clean): 0.9547 | Acc (poison): 0.9547 | Val Acc: 0.9107 | Time: 00:00:12
Epoch 083 | Seed 2026 | Rate 0.00 | Train Loss: 0.0597 | Val Loss: 0.3115 | Acc (clean): 0.9545 | Acc (poison): 0.9545 | Val Acc: 0.9137 | Time: 00:00:12
Epoch 084 | Seed 2026 | Rate 0.00 | Train Loss: 0.0607 | Val Loss: 0.3217 | Acc (clean): 0.9553 | Acc (poison): 0.9553 | Val Acc: 0.9115 | Time: 00:00:12
Epoch 085 | Seed 2026 | Rate 0.00 | Train Loss: 0.0559 | Val Loss: 0.3150 | Acc (clean): 0.9555 | Acc (poison): 0.9555 | Val Acc: 0.9100 | Time: 00:00:13
Epoch 086 | Seed 2026 | Rate 0.00 | Train Loss: 0.0572 | Val Loss: 0.3201 | Acc (clean): 0.9567 | Acc (poison): 0.9567 | Val Acc: 0.9093 | Time: 00:00:12
Epoch 087 | Seed 2026 | Rate 0.00 | Train Loss: 0.0581 | Val Loss: 0.3208 | Acc (clean): 0.9556 | Acc (poison): 0.9556 | Val Acc: 0.9122 | Time: 00:00:12
Epoch 088 | Seed 2026 | Rate 0.00 | Train Loss: 0.0574 | Val Loss: 0.3138 | Acc (clean): 0.9555 | Acc (poison): 0.9555 | Val Acc: 0.9107 | Time: 00:00:12
Epoch 089 | Seed 2026 | Rate 0.00 | Train Loss: 0.0535 | Val Loss: 0.3140 | Acc (clean): 0.9566 | Acc (poison): 0.9566 | Val Acc: 0.9111 | Time: 00:00:12
Epoch 090 | Seed 2026 | Rate 0.00 | Train Loss: 0.0572 | Val Loss: 0.3229 | Acc (clean): 0.9566 | Acc (poison): 0.9566 | Val Acc: 0.9111 | Time: 00:00:13
Epoch 091 | Seed 2026 | Rate 0.00 | Train Loss: 0.0594 | Val Loss: 0.3127 | Acc (clean): 0.9576 | Acc (poison): 0.9576 | Val Acc: 0.9133 | Time: 00:00:13
Epoch 092 | Seed 2026 | Rate 0.00 | Train Loss: 0.0581 | Val Loss: 0.3143 | Acc (clean): 0.9563 | Acc (poison): 0.9563 | Val Acc: 0.9137 | Time: 00:00:13
Epoch 093 | Seed 2026 | Rate 0.00 | Train Loss: 0.0556 | Val Loss: 0.3172 | Acc (clean): 0.9575 | Acc (poison): 0.9575 | Val Acc: 0.9141 | Time: 00:00:13
Epoch 094 | Seed 2026 | Rate 0.00 | Train Loss: 0.0532 | Val Loss: 0.3150 | Acc (clean): 0.9584 | Acc (poison): 0.9584 | Val Acc: 0.9122 | Time: 00:00:13
Epoch 095 | Seed 2026 | Rate 0.00 | Train Loss: 0.0584 | Val Loss: 0.3190 | Acc (clean): 0.9571 | Acc (poison): 0.9571 | Val Acc: 0.9085 | Time: 00:00:12
Epoch 096 | Seed 2026 | Rate 0.00 | Train Loss: 0.0544 | Val Loss: 0.3153 | Acc (clean): 0.9572 | Acc (poison): 0.9572 | Val Acc: 0.9137 | Time: 00:00:12
Epoch 097 | Seed 2026 | Rate 0.00 | Train Loss: 0.0554 | Val Loss: 0.3170 | Acc (clean): 0.9593 | Acc (poison): 0.9593 | Val Acc: 0.9144 | Time: 00:00:12
Epoch 098 | Seed 2026 | Rate 0.00 | Train Loss: 0.0552 | Val Loss: 0.3097 | Acc (clean): 0.9585 | Acc (poison): 0.9585 | Val Acc: 0.9163 | Time: 00:00:12
Epoch 099 | Seed 2026 | Rate 0.00 | Train Loss: 0.0579 | Val Loss: 0.3157 | Acc (clean): 0.9586 | Acc (poison): 0.9586 | Val Acc: 0.9133 | Time: 00:00:12
Epoch 100 | Seed 2026 | Rate 0.00 | Train Loss: 0.0547 | Val Loss: 0.3162 | Acc (clean): 0.9594 | Acc (poison): 0.9594 | Val Acc: 0.9126 | Time: 00:00:12

=== defense=gmm_filter attack=RQ1 seed=2026 rate=0.01 ===
Loading train data from /home/yazanme/BachelorThesis/BachelorThesis/data/processed/resisc45/train.h5 with mapping /home/yazanme/BachelorThesis/BachelorThesis/data/processed/resisc45/poisoned/RQ1/seed_2026/labels_0.01.pt... (in_memory=True, workers=4)
Testing torch.compile support...
Successfully compiled model using torch.compile.
Epoch 001 | Seed 2026 | Rate 0.01 | Train Loss: 2.8619 | Val Loss: 2.5638 | Acc (clean): 0.2290 | Acc (poison): 0.2274 | Val Acc: 0.2967 | Time: 00:00:12
Epoch 002 | Seed 2026 | Rate 0.01 | Train Loss: 1.9842 | Val Loss: 2.1157 | Acc (clean): 0.4331 | Acc (poison): 0.4293 | Val Acc: 0.4067 | Time: 00:00:12
Epoch 003 | Seed 2026 | Rate 0.01 | Train Loss: 1.6438 | Val Loss: 1.6769 | Acc (clean): 0.5278 | Acc (poison): 0.5233 | Val Acc: 0.5007 | Time: 00:00:12
Epoch 004 | Seed 2026 | Rate 0.01 | Train Loss: 1.3957 | Val Loss: 1.7819 | Acc (clean): 0.5977 | Acc (poison): 0.5919 | Val Acc: 0.4793 | Time: 00:00:12
Epoch 005 | Seed 2026 | Rate 0.01 | Train Loss: 1.2282 | Val Loss: 1.2339 | Acc (clean): 0.6474 | Acc (poison): 0.6412 | Val Acc: 0.6219 | Time: 00:00:12
Epoch 006 | Seed 2026 | Rate 0.01 | Train Loss: 1.0943 | Val Loss: 1.7933 | Acc (clean): 0.6891 | Acc (poison): 0.6825 | Val Acc: 0.5104 | Time: 00:00:12
Epoch 007 | Seed 2026 | Rate 0.01 | Train Loss: 0.9742 | Val Loss: 1.1155 | Acc (clean): 0.7207 | Acc (poison): 0.7140 | Val Acc: 0.6652 | Time: 00:00:12
Epoch 008 | Seed 2026 | Rate 0.01 | Train Loss: 0.8844 | Val Loss: 1.1332 | Acc (clean): 0.7471 | Acc (poison): 0.7400 | Val Acc: 0.6637 | Time: 00:00:12
Epoch 009 | Seed 2026 | Rate 0.01 | Train Loss: 0.8392 | Val Loss: 0.9712 | Acc (clean): 0.7611 | Acc (poison): 0.7544 | Val Acc: 0.7115 | Time: 00:00:12
Epoch 010 | Seed 2026 | Rate 0.01 | Train Loss: 0.7997 | Val Loss: 1.1426 | Acc (clean): 0.7721 | Acc (poison): 0.7653 | Val Acc: 0.6707 | Time: 00:00:12
Epoch 011 | Seed 2026 | Rate 0.01 | Train Loss: 0.7601 | Val Loss: 1.1180 | Acc (clean): 0.7863 | Acc (poison): 0.7792 | Val Acc: 0.6619 | Time: 00:00:12
Epoch 012 | Seed 2026 | Rate 0.01 | Train Loss: 0.7355 | Val Loss: 1.2653 | Acc (clean): 0.7937 | Acc (poison): 0.7869 | Val Acc: 0.6330 | Time: 00:00:12
Epoch 013 | Seed 2026 | Rate 0.01 | Train Loss: 0.7227 | Val Loss: 1.1411 | Acc (clean): 0.7981 | Acc (poison): 0.7910 | Val Acc: 0.6567 | Time: 00:00:11
Epoch 014 | Seed 2026 | Rate 0.01 | Train Loss: 0.6900 | Val Loss: 0.9145 | Acc (clean): 0.8080 | Acc (poison): 0.8006 | Val Acc: 0.7278 | Time: 00:00:12
Epoch 015 | Seed 2026 | Rate 0.01 | Train Loss: 0.6717 | Val Loss: 1.1330 | Acc (clean): 0.8159 | Acc (poison): 0.8090 | Val Acc: 0.6778 | Time: 00:00:12
Epoch 016 | Seed 2026 | Rate 0.01 | Train Loss: 0.6711 | Val Loss: 1.0970 | Acc (clean): 0.8167 | Acc (poison): 0.8092 | Val Acc: 0.6807 | Time: 00:00:12
Epoch 017 | Seed 2026 | Rate 0.01 | Train Loss: 0.6657 | Val Loss: 1.0964 | Acc (clean): 0.8176 | Acc (poison): 0.8103 | Val Acc: 0.6944 | Time: 00:00:12
Epoch 018 | Seed 2026 | Rate 0.01 | Train Loss: 0.6744 | Val Loss: 0.9539 | Acc (clean): 0.8126 | Acc (poison): 0.8048 | Val Acc: 0.7141 | Time: 00:00:11
Epoch 019 | Seed 2026 | Rate 0.01 | Train Loss: 0.6580 | Val Loss: 0.9834 | Acc (clean): 0.8186 | Acc (poison): 0.8112 | Val Acc: 0.6993 | Time: 00:00:12
Epoch 020 | Seed 2026 | Rate 0.01 | Train Loss: 0.6434 | Val Loss: 0.8790 | Acc (clean): 0.8229 | Acc (poison): 0.8153 | Val Acc: 0.7281 | Time: 00:00:12
Epoch 021 | Seed 2026 | Rate 0.01 | Train Loss: 0.6336 | Val Loss: 0.9458 | Acc (clean): 0.8276 | Acc (poison): 0.8198 | Val Acc: 0.7078 | Time: 00:00:12
Epoch 022 | Seed 2026 | Rate 0.01 | Train Loss: 0.6533 | Val Loss: 0.9492 | Acc (clean): 0.8239 | Acc (poison): 0.8167 | Val Acc: 0.7215 | Time: 00:00:12
Epoch 023 | Seed 2026 | Rate 0.01 | Train Loss: 0.6320 | Val Loss: 1.1753 | Acc (clean): 0.8306 | Acc (poison): 0.8229 | Val Acc: 0.6681 | Time: 00:00:12
Epoch 024 | Seed 2026 | Rate 0.01 | Train Loss: 0.6447 | Val Loss: 0.9126 | Acc (clean): 0.8248 | Acc (poison): 0.8172 | Val Acc: 0.7278 | Time: 00:00:12
Epoch 025 | Seed 2026 | Rate 0.01 | Train Loss: 0.6192 | Val Loss: 0.9425 | Acc (clean): 0.8317 | Acc (poison): 0.8244 | Val Acc: 0.7204 | Time: 00:00:12
Epoch 026 | Seed 2026 | Rate 0.01 | Train Loss: 0.4081 | Val Loss: 1.1344 | Acc (clean): 0.8291 | Acc (poison): 0.8214 | Val Acc: 0.6867 | Time: 00:00:12
Epoch 027 | Seed 2026 | Rate 0.01 | Train Loss: 0.4405 | Val Loss: 0.9782 | Acc (clean): 0.8163 | Acc (poison): 0.8084 | Val Acc: 0.7085 | Time: 00:00:12
Epoch 028 | Seed 2026 | Rate 0.01 | Train Loss: 0.4074 | Val Loss: 1.0065 | Acc (clean): 0.8236 | Acc (poison): 0.8157 | Val Acc: 0.7081 | Time: 00:00:12
Epoch 029 | Seed 2026 | Rate 0.01 | Train Loss: 0.4131 | Val Loss: 1.5896 | Acc (clean): 0.8163 | Acc (poison): 0.8086 | Val Acc: 0.5989 | Time: 00:00:12
Epoch 030 | Seed 2026 | Rate 0.01 | Train Loss: 0.4331 | Val Loss: 0.9587 | Acc (clean): 0.8248 | Acc (poison): 0.8171 | Val Acc: 0.7219 | Time: 00:00:12
Epoch 031 | Seed 2026 | Rate 0.01 | Train Loss: 0.4023 | Val Loss: 0.9235 | Acc (clean): 0.8258 | Acc (poison): 0.8182 | Val Acc: 0.7222 | Time: 00:00:12
Epoch 032 | Seed 2026 | Rate 0.01 | Train Loss: 0.4114 | Val Loss: 1.1108 | Acc (clean): 0.8197 | Acc (poison): 0.8119 | Val Acc: 0.6911 | Time: 00:00:12
Epoch 033 | Seed 2026 | Rate 0.01 | Train Loss: 0.4408 | Val Loss: 0.9533 | Acc (clean): 0.8210 | Acc (poison): 0.8139 | Val Acc: 0.7219 | Time: 00:00:12
Epoch 034 | Seed 2026 | Rate 0.01 | Train Loss: 0.4280 | Val Loss: 1.3114 | Acc (clean): 0.8277 | Acc (poison): 0.8198 | Val Acc: 0.6400 | Time: 00:00:12
Epoch 035 | Seed 2026 | Rate 0.01 | Train Loss: 0.4066 | Val Loss: 1.1985 | Acc (clean): 0.8263 | Acc (poison): 0.8187 | Val Acc: 0.6541 | Time: 00:00:12
Epoch 036 | Seed 2026 | Rate 0.01 | Train Loss: 0.3928 | Val Loss: 1.1233 | Acc (clean): 0.8286 | Acc (poison): 0.8207 | Val Acc: 0.7033 | Time: 00:00:12
Epoch 037 | Seed 2026 | Rate 0.01 | Train Loss: 0.4136 | Val Loss: 1.2043 | Acc (clean): 0.8239 | Acc (poison): 0.8164 | Val Acc: 0.6693 | Time: 00:00:12
Epoch 038 | Seed 2026 | Rate 0.01 | Train Loss: 0.4128 | Val Loss: 0.7764 | Acc (clean): 0.8242 | Acc (poison): 0.8166 | Val Acc: 0.7704 | Time: 00:00:12
Epoch 039 | Seed 2026 | Rate 0.01 | Train Loss: 0.4250 | Val Loss: 1.0080 | Acc (clean): 0.8232 | Acc (poison): 0.8154 | Val Acc: 0.7026 | Time: 00:00:12
Epoch 040 | Seed 2026 | Rate 0.01 | Train Loss: 0.4043 | Val Loss: 0.8625 | Acc (clean): 0.8281 | Acc (poison): 0.8204 | Val Acc: 0.7485 | Time: 00:00:12
Epoch 041 | Seed 2026 | Rate 0.01 | Train Loss: 0.4039 | Val Loss: 1.0399 | Acc (clean): 0.8277 | Acc (poison): 0.8198 | Val Acc: 0.7022 | Time: 00:00:12
Epoch 042 | Seed 2026 | Rate 0.01 | Train Loss: 0.4219 | Val Loss: 1.7396 | Acc (clean): 0.8321 | Acc (poison): 0.8244 | Val Acc: 0.6041 | Time: 00:00:12
Epoch 043 | Seed 2026 | Rate 0.01 | Train Loss: 0.4332 | Val Loss: 1.0468 | Acc (clean): 0.8287 | Acc (poison): 0.8214 | Val Acc: 0.6837 | Time: 00:00:13
Epoch 044 | Seed 2026 | Rate 0.01 | Train Loss: 0.4326 | Val Loss: 0.8210 | Acc (clean): 0.8306 | Acc (poison): 0.8228 | Val Acc: 0.7511 | Time: 00:00:12
Epoch 045 | Seed 2026 | Rate 0.01 | Train Loss: 0.4054 | Val Loss: 1.5787 | Acc (clean): 0.8307 | Acc (poison): 0.8231 | Val Acc: 0.6152 | Time: 00:00:12
Epoch 046 | Seed 2026 | Rate 0.01 | Train Loss: 0.4275 | Val Loss: 0.8815 | Acc (clean): 0.8316 | Acc (poison): 0.8237 | Val Acc: 0.7463 | Time: 00:00:12
Epoch 047 | Seed 2026 | Rate 0.01 | Train Loss: 0.4316 | Val Loss: 0.8991 | Acc (clean): 0.8278 | Acc (poison): 0.8198 | Val Acc: 0.7319 | Time: 00:00:12
Epoch 048 | Seed 2026 | Rate 0.01 | Train Loss: 0.4238 | Val Loss: 1.2959 | Acc (clean): 0.8270 | Acc (poison): 0.8193 | Val Acc: 0.6441 | Time: 00:00:12
Epoch 049 | Seed 2026 | Rate 0.01 | Train Loss: 0.3919 | Val Loss: 1.2299 | Acc (clean): 0.8337 | Acc (poison): 0.8259 | Val Acc: 0.6567 | Time: 00:00:12
Epoch 050 | Seed 2026 | Rate 0.01 | Train Loss: 0.4164 | Val Loss: 0.9475 | Acc (clean): 0.8289 | Acc (poison): 0.8212 | Val Acc: 0.7304 | Time: 00:00:12
Epoch 051 | Seed 2026 | Rate 0.01 | Train Loss: 0.2261 | Val Loss: 0.3794 | Acc (clean): 0.8926 | Acc (poison): 0.8843 | Val Acc: 0.8796 | Time: 00:00:12
Epoch 052 | Seed 2026 | Rate 0.01 | Train Loss: 0.1743 | Val Loss: 0.3577 | Acc (clean): 0.9136 | Acc (poison): 0.9051 | Val Acc: 0.8833 | Time: 00:00:12
Epoch 053 | Seed 2026 | Rate 0.01 | Train Loss: 0.1687 | Val Loss: 0.3328 | Acc (clean): 0.9195 | Acc (poison): 0.9109 | Val Acc: 0.8963 | Time: 00:00:12
Epoch 054 | Seed 2026 | Rate 0.01 | Train Loss: 0.1649 | Val Loss: 0.3167 | Acc (clean): 0.9265 | Acc (poison): 0.9176 | Val Acc: 0.9000 | Time: 00:00:12
Epoch 055 | Seed 2026 | Rate 0.01 | Train Loss: 0.1597 | Val Loss: 0.3235 | Acc (clean): 0.9314 | Acc (poison): 0.9228 | Val Acc: 0.8981 | Time: 00:00:12
Epoch 056 | Seed 2026 | Rate 0.01 | Train Loss: 0.1433 | Val Loss: 0.3120 | Acc (clean): 0.9319 | Acc (poison): 0.9233 | Val Acc: 0.9022 | Time: 00:00:12
Epoch 057 | Seed 2026 | Rate 0.01 | Train Loss: 0.1323 | Val Loss: 0.3162 | Acc (clean): 0.9370 | Acc (poison): 0.9283 | Val Acc: 0.8993 | Time: 00:00:12
Epoch 058 | Seed 2026 | Rate 0.01 | Train Loss: 0.1247 | Val Loss: 0.2984 | Acc (clean): 0.9398 | Acc (poison): 0.9314 | Val Acc: 0.9056 | Time: 00:00:12
Epoch 059 | Seed 2026 | Rate 0.01 | Train Loss: 0.1246 | Val Loss: 0.2994 | Acc (clean): 0.9415 | Acc (poison): 0.9331 | Val Acc: 0.9044 | Time: 00:00:12
Epoch 060 | Seed 2026 | Rate 0.01 | Train Loss: 0.1237 | Val Loss: 0.3088 | Acc (clean): 0.9422 | Acc (poison): 0.9336 | Val Acc: 0.9063 | Time: 00:00:12
Epoch 061 | Seed 2026 | Rate 0.01 | Train Loss: 0.1172 | Val Loss: 0.3194 | Acc (clean): 0.9470 | Acc (poison): 0.9385 | Val Acc: 0.9067 | Time: 00:00:12
Epoch 062 | Seed 2026 | Rate 0.01 | Train Loss: 0.1205 | Val Loss: 0.2987 | Acc (clean): 0.9481 | Acc (poison): 0.9393 | Val Acc: 0.9004 | Time: 00:00:12
Epoch 063 | Seed 2026 | Rate 0.01 | Train Loss: 0.1138 | Val Loss: 0.3035 | Acc (clean): 0.9494 | Acc (poison): 0.9407 | Val Acc: 0.9100 | Time: 00:00:12
Epoch 064 | Seed 2026 | Rate 0.01 | Train Loss: 0.1125 | Val Loss: 0.2908 | Acc (clean): 0.9514 | Acc (poison): 0.9429 | Val Acc: 0.9111 | Time: 00:00:12
Epoch 065 | Seed 2026 | Rate 0.01 | Train Loss: 0.1072 | Val Loss: 0.2909 | Acc (clean): 0.9541 | Acc (poison): 0.9455 | Val Acc: 0.9081 | Time: 00:00:12
Epoch 066 | Seed 2026 | Rate 0.01 | Train Loss: 0.1066 | Val Loss: 0.2961 | Acc (clean): 0.9540 | Acc (poison): 0.9453 | Val Acc: 0.9070 | Time: 00:00:12
Epoch 067 | Seed 2026 | Rate 0.01 | Train Loss: 0.1044 | Val Loss: 0.2775 | Acc (clean): 0.9548 | Acc (poison): 0.9461 | Val Acc: 0.9174 | Time: 00:00:12
Epoch 068 | Seed 2026 | Rate 0.01 | Train Loss: 0.1012 | Val Loss: 0.2836 | Acc (clean): 0.9578 | Acc (poison): 0.9488 | Val Acc: 0.9133 | Time: 00:00:12
Epoch 069 | Seed 2026 | Rate 0.01 | Train Loss: 0.0980 | Val Loss: 0.2740 | Acc (clean): 0.9583 | Acc (poison): 0.9497 | Val Acc: 0.9167 | Time: 00:00:12
Epoch 070 | Seed 2026 | Rate 0.01 | Train Loss: 0.0954 | Val Loss: 0.2953 | Acc (clean): 0.9602 | Acc (poison): 0.9517 | Val Acc: 0.9089 | Time: 00:00:12
Epoch 071 | Seed 2026 | Rate 0.01 | Train Loss: 0.0957 | Val Loss: 0.3117 | Acc (clean): 0.9595 | Acc (poison): 0.9507 | Val Acc: 0.9019 | Time: 00:00:12
Epoch 072 | Seed 2026 | Rate 0.01 | Train Loss: 0.0939 | Val Loss: 0.3116 | Acc (clean): 0.9600 | Acc (poison): 0.9516 | Val Acc: 0.9026 | Time: 00:00:12
Epoch 073 | Seed 2026 | Rate 0.01 | Train Loss: 0.0883 | Val Loss: 0.2870 | Acc (clean): 0.9629 | Acc (poison): 0.9541 | Val Acc: 0.9119 | Time: 00:00:12
Epoch 074 | Seed 2026 | Rate 0.01 | Train Loss: 0.0858 | Val Loss: 0.2957 | Acc (clean): 0.9652 | Acc (poison): 0.9564 | Val Acc: 0.9074 | Time: 00:00:12
Epoch 075 | Seed 2026 | Rate 0.01 | Train Loss: 0.0896 | Val Loss: 0.3085 | Acc (clean): 0.9630 | Acc (poison): 0.9546 | Val Acc: 0.9111 | Time: 00:00:12
Epoch 076 | Seed 2026 | Rate 0.01 | Train Loss: 0.0707 | Val Loss: 0.2632 | Acc (clean): 0.9710 | Acc (poison): 0.9621 | Val Acc: 0.9189 | Time: 00:00:12
Epoch 077 | Seed 2026 | Rate 0.01 | Train Loss: 0.0662 | Val Loss: 0.2609 | Acc (clean): 0.9744 | Acc (poison): 0.9658 | Val Acc: 0.9193 | Time: 00:00:12
Epoch 078 | Seed 2026 | Rate 0.01 | Train Loss: 0.0624 | Val Loss: 0.2568 | Acc (clean): 0.9736 | Acc (poison): 0.9652 | Val Acc: 0.9178 | Time: 00:00:12
Epoch 079 | Seed 2026 | Rate 0.01 | Train Loss: 0.0626 | Val Loss: 0.2608 | Acc (clean): 0.9756 | Acc (poison): 0.9668 | Val Acc: 0.9196 | Time: 00:00:12
Epoch 080 | Seed 2026 | Rate 0.01 | Train Loss: 0.0575 | Val Loss: 0.2656 | Acc (clean): 0.9763 | Acc (poison): 0.9677 | Val Acc: 0.9185 | Time: 00:00:12
Epoch 081 | Seed 2026 | Rate 0.01 | Train Loss: 0.0590 | Val Loss: 0.2601 | Acc (clean): 0.9772 | Acc (poison): 0.9686 | Val Acc: 0.9204 | Time: 00:00:12
Epoch 082 | Seed 2026 | Rate 0.01 | Train Loss: 0.0576 | Val Loss: 0.2600 | Acc (clean): 0.9767 | Acc (poison): 0.9681 | Val Acc: 0.9200 | Time: 00:00:12
Epoch 083 | Seed 2026 | Rate 0.01 | Train Loss: 0.0580 | Val Loss: 0.2558 | Acc (clean): 0.9770 | Acc (poison): 0.9681 | Val Acc: 0.9215 | Time: 00:00:12
Epoch 084 | Seed 2026 | Rate 0.01 | Train Loss: 0.0555 | Val Loss: 0.2512 | Acc (clean): 0.9766 | Acc (poison): 0.9681 | Val Acc: 0.9226 | Time: 00:00:12
Epoch 085 | Seed 2026 | Rate 0.01 | Train Loss: 0.0530 | Val Loss: 0.2587 | Acc (clean): 0.9792 | Acc (poison): 0.9703 | Val Acc: 0.9248 | Time: 00:00:12
Epoch 086 | Seed 2026 | Rate 0.01 | Train Loss: 0.0555 | Val Loss: 0.2575 | Acc (clean): 0.9769 | Acc (poison): 0.9683 | Val Acc: 0.9215 | Time: 00:00:12
Epoch 087 | Seed 2026 | Rate 0.01 | Train Loss: 0.0543 | Val Loss: 0.2590 | Acc (clean): 0.9781 | Acc (poison): 0.9693 | Val Acc: 0.9200 | Time: 00:00:12
Epoch 088 | Seed 2026 | Rate 0.01 | Train Loss: 0.0543 | Val Loss: 0.2583 | Acc (clean): 0.9781 | Acc (poison): 0.9695 | Val Acc: 0.9211 | Time: 00:00:12
Epoch 089 | Seed 2026 | Rate 0.01 | Train Loss: 0.0551 | Val Loss: 0.2544 | Acc (clean): 0.9779 | Acc (poison): 0.9691 | Val Acc: 0.9233 | Time: 00:00:12
Epoch 090 | Seed 2026 | Rate 0.01 | Train Loss: 0.0526 | Val Loss: 0.2552 | Acc (clean): 0.9789 | Acc (poison): 0.9702 | Val Acc: 0.9226 | Time: 00:00:12
Epoch 091 | Seed 2026 | Rate 0.01 | Train Loss: 0.0548 | Val Loss: 0.2642 | Acc (clean): 0.9791 | Acc (poison): 0.9704 | Val Acc: 0.9185 | Time: 00:00:12
Epoch 092 | Seed 2026 | Rate 0.01 | Train Loss: 0.0506 | Val Loss: 0.2529 | Acc (clean): 0.9789 | Acc (poison): 0.9705 | Val Acc: 0.9211 | Time: 00:00:12
Epoch 093 | Seed 2026 | Rate 0.01 | Train Loss: 0.0558 | Val Loss: 0.2554 | Acc (clean): 0.9787 | Acc (poison): 0.9699 | Val Acc: 0.9215 | Time: 00:00:12
Epoch 094 | Seed 2026 | Rate 0.01 | Train Loss: 0.0534 | Val Loss: 0.2543 | Acc (clean): 0.9789 | Acc (poison): 0.9705 | Val Acc: 0.9226 | Time: 00:00:12
Epoch 095 | Seed 2026 | Rate 0.01 | Train Loss: 0.0512 | Val Loss: 0.2547 | Acc (clean): 0.9797 | Acc (poison): 0.9710 | Val Acc: 0.9230 | Time: 00:00:11
Epoch 096 | Seed 2026 | Rate 0.01 | Train Loss: 0.0505 | Val Loss: 0.2589 | Acc (clean): 0.9804 | Acc (poison): 0.9719 | Val Acc: 0.9233 | Time: 00:00:11
Epoch 097 | Seed 2026 | Rate 0.01 | Train Loss: 0.0521 | Val Loss: 0.2585 | Acc (clean): 0.9793 | Acc (poison): 0.9707 | Val Acc: 0.9204 | Time: 00:00:12
Epoch 098 | Seed 2026 | Rate 0.01 | Train Loss: 0.0528 | Val Loss: 0.2583 | Acc (clean): 0.9785 | Acc (poison): 0.9700 | Val Acc: 0.9207 | Time: 00:00:12
Epoch 099 | Seed 2026 | Rate 0.01 | Train Loss: 0.0522 | Val Loss: 0.2535 | Acc (clean): 0.9795 | Acc (poison): 0.9709 | Val Acc: 0.9233 | Time: 00:00:12
Epoch 100 | Seed 2026 | Rate 0.01 | Train Loss: 0.0499 | Val Loss: 0.2523 | Acc (clean): 0.9803 | Acc (poison): 0.9717 | Val Acc: 0.9222 | Time: 00:00:12

=== defense=gmm_filter attack=RQ1 seed=2026 rate=0.02 ===
Loading train data from /home/yazanme/BachelorThesis/BachelorThesis/data/processed/resisc45/train.h5 with mapping /home/yazanme/BachelorThesis/BachelorThesis/data/processed/resisc45/poisoned/RQ1/seed_2026/labels_0.02.pt... (in_memory=True, workers=4)
Testing torch.compile support...
Successfully compiled model using torch.compile.
Epoch 001 | Seed 2026 | Rate 0.02 | Train Loss: 2.8930 | Val Loss: 2.8651 | Acc (clean): 0.2235 | Acc (poison): 0.2191 | Val Acc: 0.2333 | Time: 00:00:12
Epoch 002 | Seed 2026 | Rate 0.02 | Train Loss: 2.0318 | Val Loss: 2.4550 | Acc (clean): 0.4307 | Acc (poison): 0.4222 | Val Acc: 0.3481 | Time: 00:00:12
Epoch 003 | Seed 2026 | Rate 0.02 | Train Loss: 1.7256 | Val Loss: 1.8037 | Acc (clean): 0.5163 | Acc (poison): 0.5064 | Val Acc: 0.4756 | Time: 00:00:12
Epoch 004 | Seed 2026 | Rate 0.02 | Train Loss: 1.4997 | Val Loss: 1.4932 | Acc (clean): 0.5843 | Acc (poison): 0.5736 | Val Acc: 0.5526 | Time: 00:00:12
Epoch 005 | Seed 2026 | Rate 0.02 | Train Loss: 1.3318 | Val Loss: 1.4077 | Acc (clean): 0.6342 | Acc (poison): 0.6223 | Val Acc: 0.5774 | Time: 00:00:12
Epoch 006 | Seed 2026 | Rate 0.02 | Train Loss: 1.1724 | Val Loss: 1.5491 | Acc (clean): 0.6854 | Acc (poison): 0.6724 | Val Acc: 0.5633 | Time: 00:00:12
Epoch 007 | Seed 2026 | Rate 0.02 | Train Loss: 1.0459 | Val Loss: 1.1674 | Acc (clean): 0.7200 | Acc (poison): 0.7067 | Val Acc: 0.6456 | Time: 00:00:12
Epoch 008 | Seed 2026 | Rate 0.02 | Train Loss: 0.9635 | Val Loss: 0.9247 | Acc (clean): 0.7480 | Acc (poison): 0.7337 | Val Acc: 0.7341 | Time: 00:00:12
Epoch 009 | Seed 2026 | Rate 0.02 | Train Loss: 0.9090 | Val Loss: 1.1144 | Acc (clean): 0.7620 | Acc (poison): 0.7485 | Val Acc: 0.6593 | Time: 00:00:12
Epoch 010 | Seed 2026 | Rate 0.02 | Train Loss: 0.8706 | Val Loss: 1.0879 | Acc (clean): 0.7769 | Acc (poison): 0.7621 | Val Acc: 0.6752 | Time: 00:00:12
Epoch 011 | Seed 2026 | Rate 0.02 | Train Loss: 0.8341 | Val Loss: 0.9510 | Acc (clean): 0.7862 | Acc (poison): 0.7710 | Val Acc: 0.7059 | Time: 00:00:12
Epoch 012 | Seed 2026 | Rate 0.02 | Train Loss: 0.8058 | Val Loss: 1.1386 | Acc (clean): 0.7920 | Acc (poison): 0.7771 | Val Acc: 0.6615 | Time: 00:00:12
Epoch 013 | Seed 2026 | Rate 0.02 | Train Loss: 0.7985 | Val Loss: 0.8104 | Acc (clean): 0.7977 | Acc (poison): 0.7830 | Val Acc: 0.7574 | Time: 00:00:12
Epoch 014 | Seed 2026 | Rate 0.02 | Train Loss: 0.7686 | Val Loss: 1.0028 | Acc (clean): 0.8074 | Acc (poison): 0.7923 | Val Acc: 0.7019 | Time: 00:00:12
Epoch 015 | Seed 2026 | Rate 0.02 | Train Loss: 0.7539 | Val Loss: 1.0918 | Acc (clean): 0.8105 | Acc (poison): 0.7948 | Val Acc: 0.6796 | Time: 00:00:12
Epoch 016 | Seed 2026 | Rate 0.02 | Train Loss: 0.7523 | Val Loss: 0.8414 | Acc (clean): 0.8123 | Acc (poison): 0.7966 | Val Acc: 0.7563 | Time: 00:00:12
Epoch 017 | Seed 2026 | Rate 0.02 | Train Loss: 0.7392 | Val Loss: 1.1843 | Acc (clean): 0.8158 | Acc (poison): 0.8007 | Val Acc: 0.6615 | Time: 00:00:12
Epoch 018 | Seed 2026 | Rate 0.02 | Train Loss: 0.7571 | Val Loss: 1.0741 | Acc (clean): 0.8110 | Acc (poison): 0.7956 | Val Acc: 0.6896 | Time: 00:00:12
Epoch 019 | Seed 2026 | Rate 0.02 | Train Loss: 0.7277 | Val Loss: 0.8440 | Acc (clean): 0.8226 | Acc (poison): 0.8071 | Val Acc: 0.7404 | Time: 00:00:12
Epoch 020 | Seed 2026 | Rate 0.02 | Train Loss: 0.7250 | Val Loss: 0.7904 | Acc (clean): 0.8202 | Acc (poison): 0.8047 | Val Acc: 0.7589 | Time: 00:00:12
Epoch 021 | Seed 2026 | Rate 0.02 | Train Loss: 0.7215 | Val Loss: 1.1001 | Acc (clean): 0.8218 | Acc (poison): 0.8065 | Val Acc: 0.6726 | Time: 00:00:12
Epoch 022 | Seed 2026 | Rate 0.02 | Train Loss: 0.7287 | Val Loss: 1.3663 | Acc (clean): 0.8236 | Acc (poison): 0.8077 | Val Acc: 0.6374 | Time: 00:00:12
Epoch 023 | Seed 2026 | Rate 0.02 | Train Loss: 0.7229 | Val Loss: 0.8053 | Acc (clean): 0.8247 | Acc (poison): 0.8088 | Val Acc: 0.7511 | Time: 00:00:12
Epoch 024 | Seed 2026 | Rate 0.02 | Train Loss: 0.7254 | Val Loss: 0.7811 | Acc (clean): 0.8184 | Acc (poison): 0.8035 | Val Acc: 0.7593 | Time: 00:00:12
Epoch 025 | Seed 2026 | Rate 0.02 | Train Loss: 0.7122 | Val Loss: 1.0684 | Acc (clean): 0.8242 | Acc (poison): 0.8094 | Val Acc: 0.6874 | Time: 00:00:12
Epoch 026 | Seed 2026 | Rate 0.02 | Train Loss: 0.4493 | Val Loss: 1.3007 | Acc (clean): 0.8189 | Acc (poison): 0.8044 | Val Acc: 0.6256 | Time: 00:00:12
Epoch 027 | Seed 2026 | Rate 0.02 | Train Loss: 0.4528 | Val Loss: 1.3134 | Acc (clean): 0.8132 | Acc (poison): 0.7986 | Val Acc: 0.6426 | Time: 00:00:12
Epoch 028 | Seed 2026 | Rate 0.02 | Train Loss: 0.4472 | Val Loss: 2.2544 | Acc (clean): 0.8150 | Acc (poison): 0.7991 | Val Acc: 0.4604 | Time: 00:00:12
Epoch 029 | Seed 2026 | Rate 0.02 | Train Loss: 0.4581 | Val Loss: 0.9850 | Acc (clean): 0.8205 | Acc (poison): 0.8047 | Val Acc: 0.7207 | Time: 00:00:12
Epoch 030 | Seed 2026 | Rate 0.02 | Train Loss: 0.4668 | Val Loss: 1.0861 | Acc (clean): 0.8183 | Acc (poison): 0.8028 | Val Acc: 0.6841 | Time: 00:00:12
Epoch 031 | Seed 2026 | Rate 0.02 | Train Loss: 0.4222 | Val Loss: 1.0335 | Acc (clean): 0.8265 | Acc (poison): 0.8108 | Val Acc: 0.7041 | Time: 00:00:12
Epoch 032 | Seed 2026 | Rate 0.02 | Train Loss: 0.4296 | Val Loss: 1.8282 | Acc (clean): 0.8264 | Acc (poison): 0.8105 | Val Acc: 0.5326 | Time: 00:00:12
Epoch 033 | Seed 2026 | Rate 0.02 | Train Loss: 0.4759 | Val Loss: 2.1629 | Acc (clean): 0.8189 | Acc (poison): 0.8030 | Val Acc: 0.4859 | Time: 00:00:12
Epoch 034 | Seed 2026 | Rate 0.02 | Train Loss: 0.4648 | Val Loss: 0.9932 | Acc (clean): 0.8215 | Acc (poison): 0.8061 | Val Acc: 0.7070 | Time: 00:00:12
Epoch 035 | Seed 2026 | Rate 0.02 | Train Loss: 0.4418 | Val Loss: 1.4340 | Acc (clean): 0.8251 | Acc (poison): 0.8093 | Val Acc: 0.6159 | Time: 00:00:12
Epoch 036 | Seed 2026 | Rate 0.02 | Train Loss: 0.4099 | Val Loss: 1.1514 | Acc (clean): 0.8294 | Acc (poison): 0.8131 | Val Acc: 0.6822 | Time: 00:00:12
Epoch 037 | Seed 2026 | Rate 0.02 | Train Loss: 0.4739 | Val Loss: 1.2643 | Acc (clean): 0.8230 | Acc (poison): 0.8070 | Val Acc: 0.6522 | Time: 00:00:12
Epoch 038 | Seed 2026 | Rate 0.02 | Train Loss: 0.4450 | Val Loss: 1.3739 | Acc (clean): 0.8316 | Acc (poison): 0.8157 | Val Acc: 0.6448 | Time: 00:00:12
Epoch 039 | Seed 2026 | Rate 0.02 | Train Loss: 0.4269 | Val Loss: 1.1264 | Acc (clean): 0.8266 | Acc (poison): 0.8109 | Val Acc: 0.6870 | Time: 00:00:12
Epoch 040 | Seed 2026 | Rate 0.02 | Train Loss: 0.4421 | Val Loss: 0.8623 | Acc (clean): 0.8262 | Acc (poison): 0.8103 | Val Acc: 0.7467 | Time: 00:00:12
Epoch 041 | Seed 2026 | Rate 0.02 | Train Loss: 0.4282 | Val Loss: 1.3605 | Acc (clean): 0.8270 | Acc (poison): 0.8112 | Val Acc: 0.6611 | Time: 00:00:12
Epoch 042 | Seed 2026 | Rate 0.02 | Train Loss: 0.4290 | Val Loss: 1.5158 | Acc (clean): 0.8280 | Acc (poison): 0.8121 | Val Acc: 0.6107 | Time: 00:00:12
Epoch 043 | Seed 2026 | Rate 0.02 | Train Loss: 0.4347 | Val Loss: 1.0451 | Acc (clean): 0.8295 | Acc (poison): 0.8139 | Val Acc: 0.6789 | Time: 00:00:12
Epoch 044 | Seed 2026 | Rate 0.02 | Train Loss: 0.4279 | Val Loss: 1.1703 | Acc (clean): 0.8328 | Acc (poison): 0.8171 | Val Acc: 0.6807 | Time: 00:00:12
Epoch 045 | Seed 2026 | Rate 0.02 | Train Loss: 0.4306 | Val Loss: 1.0869 | Acc (clean): 0.8298 | Acc (poison): 0.8140 | Val Acc: 0.6859 | Time: 00:00:12
Epoch 046 | Seed 2026 | Rate 0.02 | Train Loss: 0.4543 | Val Loss: 0.9252 | Acc (clean): 0.8270 | Acc (poison): 0.8112 | Val Acc: 0.7304 | Time: 00:00:12
Epoch 047 | Seed 2026 | Rate 0.02 | Train Loss: 0.4423 | Val Loss: 1.0027 | Acc (clean): 0.8320 | Acc (poison): 0.8160 | Val Acc: 0.7141 | Time: 00:00:12
Epoch 048 | Seed 2026 | Rate 0.02 | Train Loss: 0.4139 | Val Loss: 1.1647 | Acc (clean): 0.8338 | Acc (poison): 0.8177 | Val Acc: 0.6767 | Time: 00:00:12
Epoch 049 | Seed 2026 | Rate 0.02 | Train Loss: 0.4444 | Val Loss: 0.8796 | Acc (clean): 0.8320 | Acc (poison): 0.8160 | Val Acc: 0.7400 | Time: 00:00:12
Epoch 050 | Seed 2026 | Rate 0.02 | Train Loss: 0.4241 | Val Loss: 0.8081 | Acc (clean): 0.8327 | Acc (poison): 0.8165 | Val Acc: 0.7670 | Time: 00:00:12
Epoch 051 | Seed 2026 | Rate 0.02 | Train Loss: 0.2295 | Val Loss: 0.3630 | Acc (clean): 0.8971 | Acc (poison): 0.8801 | Val Acc: 0.8837 | Time: 00:00:12
Epoch 052 | Seed 2026 | Rate 0.02 | Train Loss: 0.1980 | Val Loss: 0.3311 | Acc (clean): 0.9151 | Acc (poison): 0.8977 | Val Acc: 0.8926 | Time: 00:00:12
Epoch 053 | Seed 2026 | Rate 0.02 | Train Loss: 0.1702 | Val Loss: 0.3250 | Acc (clean): 0.9216 | Acc (poison): 0.9043 | Val Acc: 0.8970 | Time: 00:00:12
Epoch 054 | Seed 2026 | Rate 0.02 | Train Loss: 0.1572 | Val Loss: 0.3073 | Acc (clean): 0.9296 | Acc (poison): 0.9118 | Val Acc: 0.9030 | Time: 00:00:12
Epoch 055 | Seed 2026 | Rate 0.02 | Train Loss: 0.1588 | Val Loss: 0.3182 | Acc (clean): 0.9340 | Acc (poison): 0.9162 | Val Acc: 0.8963 | Time: 00:00:12
Epoch 056 | Seed 2026 | Rate 0.02 | Train Loss: 0.1452 | Val Loss: 0.2971 | Acc (clean): 0.9367 | Acc (poison): 0.9191 | Val Acc: 0.9019 | Time: 00:00:12
Epoch 057 | Seed 2026 | Rate 0.02 | Train Loss: 0.1375 | Val Loss: 0.3047 | Acc (clean): 0.9405 | Acc (poison): 0.9226 | Val Acc: 0.9044 | Time: 00:00:12
Epoch 058 | Seed 2026 | Rate 0.02 | Train Loss: 0.1263 | Val Loss: 0.2923 | Acc (clean): 0.9438 | Acc (poison): 0.9259 | Val Acc: 0.9033 | Time: 00:00:12
Epoch 059 | Seed 2026 | Rate 0.02 | Train Loss: 0.1302 | Val Loss: 0.2878 | Acc (clean): 0.9446 | Acc (poison): 0.9269 | Val Acc: 0.9056 | Time: 00:00:12
Epoch 060 | Seed 2026 | Rate 0.02 | Train Loss: 0.1240 | Val Loss: 0.2959 | Acc (clean): 0.9474 | Acc (poison): 0.9297 | Val Acc: 0.9074 | Time: 00:00:12
Epoch 061 | Seed 2026 | Rate 0.02 | Train Loss: 0.1210 | Val Loss: 0.2958 | Acc (clean): 0.9486 | Acc (poison): 0.9312 | Val Acc: 0.9081 | Time: 00:00:12
Epoch 062 | Seed 2026 | Rate 0.02 | Train Loss: 0.1147 | Val Loss: 0.2895 | Acc (clean): 0.9517 | Acc (poison): 0.9340 | Val Acc: 0.9059 | Time: 00:00:12
Epoch 063 | Seed 2026 | Rate 0.02 | Train Loss: 0.1129 | Val Loss: 0.2879 | Acc (clean): 0.9521 | Acc (poison): 0.9345 | Val Acc: 0.9107 | Time: 00:00:12
Epoch 064 | Seed 2026 | Rate 0.02 | Train Loss: 0.1080 | Val Loss: 0.3038 | Acc (clean): 0.9545 | Acc (poison): 0.9368 | Val Acc: 0.9070 | Time: 00:00:12
Epoch 065 | Seed 2026 | Rate 0.02 | Train Loss: 0.1076 | Val Loss: 0.2824 | Acc (clean): 0.9547 | Acc (poison): 0.9370 | Val Acc: 0.9122 | Time: 00:00:12
Epoch 066 | Seed 2026 | Rate 0.02 | Train Loss: 0.1071 | Val Loss: 0.2853 | Acc (clean): 0.9578 | Acc (poison): 0.9399 | Val Acc: 0.9119 | Time: 00:00:12
Epoch 067 | Seed 2026 | Rate 0.02 | Train Loss: 0.1032 | Val Loss: 0.2882 | Acc (clean): 0.9588 | Acc (poison): 0.9407 | Val Acc: 0.9167 | Time: 00:00:13
Epoch 068 | Seed 2026 | Rate 0.02 | Train Loss: 0.0979 | Val Loss: 0.2816 | Acc (clean): 0.9612 | Acc (poison): 0.9435 | Val Acc: 0.9107 | Time: 00:00:12
Epoch 069 | Seed 2026 | Rate 0.02 | Train Loss: 0.0962 | Val Loss: 0.2760 | Acc (clean): 0.9617 | Acc (poison): 0.9440 | Val Acc: 0.9152 | Time: 00:00:12
Epoch 070 | Seed 2026 | Rate 0.02 | Train Loss: 0.0958 | Val Loss: 0.2915 | Acc (clean): 0.9636 | Acc (poison): 0.9462 | Val Acc: 0.9130 | Time: 00:00:12
Epoch 071 | Seed 2026 | Rate 0.02 | Train Loss: 0.0953 | Val Loss: 0.2796 | Acc (clean): 0.9620 | Acc (poison): 0.9444 | Val Acc: 0.9115 | Time: 00:00:11
Epoch 072 | Seed 2026 | Rate 0.02 | Train Loss: 0.0919 | Val Loss: 0.3070 | Acc (clean): 0.9632 | Acc (poison): 0.9457 | Val Acc: 0.9104 | Time: 00:00:12
Epoch 073 | Seed 2026 | Rate 0.02 | Train Loss: 0.0883 | Val Loss: 0.2882 | Acc (clean): 0.9645 | Acc (poison): 0.9468 | Val Acc: 0.9137 | Time: 00:00:12
Epoch 074 | Seed 2026 | Rate 0.02 | Train Loss: 0.0855 | Val Loss: 0.2850 | Acc (clean): 0.9654 | Acc (poison): 0.9477 | Val Acc: 0.9126 | Time: 00:00:12
Epoch 075 | Seed 2026 | Rate 0.02 | Train Loss: 0.0945 | Val Loss: 0.2962 | Acc (clean): 0.9637 | Acc (poison): 0.9462 | Val Acc: 0.9115 | Time: 00:00:12
Epoch 076 | Seed 2026 | Rate 0.02 | Train Loss: 0.0726 | Val Loss: 0.2548 | Acc (clean): 0.9716 | Acc (poison): 0.9542 | Val Acc: 0.9207 | Time: 00:00:12
Epoch 077 | Seed 2026 | Rate 0.02 | Train Loss: 0.0655 | Val Loss: 0.2546 | Acc (clean): 0.9739 | Acc (poison): 0.9565 | Val Acc: 0.9193 | Time: 00:00:12
Epoch 078 | Seed 2026 | Rate 0.02 | Train Loss: 0.0604 | Val Loss: 0.2514 | Acc (clean): 0.9771 | Acc (poison): 0.9594 | Val Acc: 0.9211 | Time: 00:00:12
Epoch 079 | Seed 2026 | Rate 0.02 | Train Loss: 0.0594 | Val Loss: 0.2578 | Acc (clean): 0.9779 | Acc (poison): 0.9601 | Val Acc: 0.9204 | Time: 00:00:12
Epoch 080 | Seed 2026 | Rate 0.02 | Train Loss: 0.0558 | Val Loss: 0.2577 | Acc (clean): 0.9784 | Acc (poison): 0.9610 | Val Acc: 0.9204 | Time: 00:00:12
Epoch 081 | Seed 2026 | Rate 0.02 | Train Loss: 0.0548 | Val Loss: 0.2590 | Acc (clean): 0.9794 | Acc (poison): 0.9617 | Val Acc: 0.9207 | Time: 00:00:12
Epoch 082 | Seed 2026 | Rate 0.02 | Train Loss: 0.0533 | Val Loss: 0.2603 | Acc (clean): 0.9791 | Acc (poison): 0.9616 | Val Acc: 0.9185 | Time: 00:00:12
Epoch 083 | Seed 2026 | Rate 0.02 | Train Loss: 0.0565 | Val Loss: 0.2570 | Acc (clean): 0.9788 | Acc (poison): 0.9610 | Val Acc: 0.9211 | Time: 00:00:12
Epoch 084 | Seed 2026 | Rate 0.02 | Train Loss: 0.0550 | Val Loss: 0.2558 | Acc (clean): 0.9790 | Acc (poison): 0.9617 | Val Acc: 0.9174 | Time: 00:00:12
Epoch 085 | Seed 2026 | Rate 0.02 | Train Loss: 0.0558 | Val Loss: 0.2539 | Acc (clean): 0.9795 | Acc (poison): 0.9619 | Val Acc: 0.9219 | Time: 00:00:12
Epoch 086 | Seed 2026 | Rate 0.02 | Train Loss: 0.0523 | Val Loss: 0.2587 | Acc (clean): 0.9809 | Acc (poison): 0.9632 | Val Acc: 0.9204 | Time: 00:00:12
Epoch 087 | Seed 2026 | Rate 0.02 | Train Loss: 0.0522 | Val Loss: 0.2608 | Acc (clean): 0.9807 | Acc (poison): 0.9632 | Val Acc: 0.9178 | Time: 00:00:12
Epoch 088 | Seed 2026 | Rate 0.02 | Train Loss: 0.0501 | Val Loss: 0.2633 | Acc (clean): 0.9807 | Acc (poison): 0.9630 | Val Acc: 0.9207 | Time: 00:00:12
Epoch 089 | Seed 2026 | Rate 0.02 | Train Loss: 0.0530 | Val Loss: 0.2562 | Acc (clean): 0.9795 | Acc (poison): 0.9620 | Val Acc: 0.9193 | Time: 00:00:12
Epoch 090 | Seed 2026 | Rate 0.02 | Train Loss: 0.0508 | Val Loss: 0.2542 | Acc (clean): 0.9815 | Acc (poison): 0.9640 | Val Acc: 0.9226 | Time: 00:00:12
Epoch 091 | Seed 2026 | Rate 0.02 | Train Loss: 0.0493 | Val Loss: 0.2669 | Acc (clean): 0.9805 | Acc (poison): 0.9630 | Val Acc: 0.9189 | Time: 00:00:12
Epoch 092 | Seed 2026 | Rate 0.02 | Train Loss: 0.0517 | Val Loss: 0.2547 | Acc (clean): 0.9802 | Acc (poison): 0.9627 | Val Acc: 0.9211 | Time: 00:00:12
Epoch 093 | Seed 2026 | Rate 0.02 | Train Loss: 0.0499 | Val Loss: 0.2562 | Acc (clean): 0.9809 | Acc (poison): 0.9631 | Val Acc: 0.9185 | Time: 00:00:12
Epoch 094 | Seed 2026 | Rate 0.02 | Train Loss: 0.0483 | Val Loss: 0.2580 | Acc (clean): 0.9817 | Acc (poison): 0.9646 | Val Acc: 0.9226 | Time: 00:00:12
Epoch 095 | Seed 2026 | Rate 0.02 | Train Loss: 0.0493 | Val Loss: 0.2595 | Acc (clean): 0.9824 | Acc (poison): 0.9645 | Val Acc: 0.9196 | Time: 00:00:12
Epoch 096 | Seed 2026 | Rate 0.02 | Train Loss: 0.0497 | Val Loss: 0.2598 | Acc (clean): 0.9812 | Acc (poison): 0.9639 | Val Acc: 0.9200 | Time: 00:00:12
Epoch 097 | Seed 2026 | Rate 0.02 | Train Loss: 0.0470 | Val Loss: 0.2619 | Acc (clean): 0.9819 | Acc (poison): 0.9643 | Val Acc: 0.9181 | Time: 00:00:12
Epoch 098 | Seed 2026 | Rate 0.02 | Train Loss: 0.0491 | Val Loss: 0.2610 | Acc (clean): 0.9824 | Acc (poison): 0.9647 | Val Acc: 0.9170 | Time: 00:00:12
Epoch 099 | Seed 2026 | Rate 0.02 | Train Loss: 0.0498 | Val Loss: 0.2579 | Acc (clean): 0.9816 | Acc (poison): 0.9638 | Val Acc: 0.9211 | Time: 00:00:12
Epoch 100 | Seed 2026 | Rate 0.02 | Train Loss: 0.0464 | Val Loss: 0.2570 | Acc (clean): 0.9831 | Acc (poison): 0.9652 | Val Acc: 0.9207 | Time: 00:00:12

=== defense=gmm_filter attack=RQ1 seed=2026 rate=0.05 ===
Loading train data from /home/yazanme/BachelorThesis/BachelorThesis/data/processed/resisc45/train.h5 with mapping /home/yazanme/BachelorThesis/BachelorThesis/data/processed/resisc45/poisoned/RQ1/seed_2026/labels_0.05.pt... (in_memory=True, workers=4)
Testing torch.compile support...
Successfully compiled model using torch.compile.
Epoch 001 | Seed 2026 | Rate 0.05 | Train Loss: 3.0009 | Val Loss: 2.5098 | Acc (clean): 0.2156 | Acc (poison): 0.2056 | Val Acc: 0.2833 | Time: 00:00:13
Epoch 002 | Seed 2026 | Rate 0.05 | Train Loss: 2.2146 | Val Loss: 1.9318 | Acc (clean): 0.4151 | Acc (poison): 0.3949 | Val Acc: 0.4300 | Time: 00:00:12
Epoch 003 | Seed 2026 | Rate 0.05 | Train Loss: 1.8992 | Val Loss: 1.9962 | Acc (clean): 0.5132 | Acc (poison): 0.4882 | Val Acc: 0.4300 | Time: 00:00:11
Epoch 004 | Seed 2026 | Rate 0.05 | Train Loss: 1.7006 | Val Loss: 1.7663 | Acc (clean): 0.5777 | Acc (poison): 0.5491 | Val Acc: 0.4830 | Time: 00:00:12
Epoch 005 | Seed 2026 | Rate 0.05 | Train Loss: 1.5506 | Val Loss: 1.7396 | Acc (clean): 0.6194 | Acc (poison): 0.5889 | Val Acc: 0.4974 | Time: 00:00:12
Epoch 006 | Seed 2026 | Rate 0.05 | Train Loss: 1.4112 | Val Loss: 1.4179 | Acc (clean): 0.6676 | Acc (poison): 0.6349 | Val Acc: 0.5826 | Time: 00:00:12
Epoch 007 | Seed 2026 | Rate 0.05 | Train Loss: 1.3078 | Val Loss: 1.7269 | Acc (clean): 0.6980 | Acc (poison): 0.6639 | Val Acc: 0.5044 | Time: 00:00:12
Epoch 008 | Seed 2026 | Rate 0.05 | Train Loss: 1.2222 | Val Loss: 1.2452 | Acc (clean): 0.7265 | Acc (poison): 0.6914 | Val Acc: 0.6441 | Time: 00:00:12
Epoch 009 | Seed 2026 | Rate 0.05 | Train Loss: 1.1594 | Val Loss: 1.0893 | Acc (clean): 0.7423 | Acc (poison): 0.7072 | Val Acc: 0.6841 | Time: 00:00:12
Epoch 010 | Seed 2026 | Rate 0.05 | Train Loss: 1.1079 | Val Loss: 1.3163 | Acc (clean): 0.7614 | Acc (poison): 0.7256 | Val Acc: 0.6307 | Time: 00:00:12
Epoch 011 | Seed 2026 | Rate 0.05 | Train Loss: 1.0722 | Val Loss: 0.9988 | Acc (clean): 0.7737 | Acc (poison): 0.7362 | Val Acc: 0.7196 | Time: 00:00:12
Epoch 012 | Seed 2026 | Rate 0.05 | Train Loss: 1.0367 | Val Loss: 0.9746 | Acc (clean): 0.7842 | Acc (poison): 0.7468 | Val Acc: 0.7233 | Time: 00:00:12
Epoch 013 | Seed 2026 | Rate 0.05 | Train Loss: 1.0273 | Val Loss: 1.0252 | Acc (clean): 0.7877 | Acc (poison): 0.7496 | Val Acc: 0.7059 | Time: 00:00:12
Epoch 014 | Seed 2026 | Rate 0.05 | Train Loss: 0.9969 | Val Loss: 0.8443 | Acc (clean): 0.7946 | Acc (poison): 0.7566 | Val Acc: 0.7585 | Time: 00:00:12
Epoch 015 | Seed 2026 | Rate 0.05 | Train Loss: 0.9911 | Val Loss: 0.9138 | Acc (clean): 0.8002 | Acc (poison): 0.7612 | Val Acc: 0.7322 | Time: 00:00:12
Epoch 016 | Seed 2026 | Rate 0.05 | Train Loss: 0.9819 | Val Loss: 1.1365 | Acc (clean): 0.8053 | Acc (poison): 0.7661 | Val Acc: 0.6848 | Time: 00:00:12
Epoch 017 | Seed 2026 | Rate 0.05 | Train Loss: 0.9626 | Val Loss: 1.0533 | Acc (clean): 0.8072 | Acc (poison): 0.7686 | Val Acc: 0.6863 | Time: 00:00:12
Epoch 018 | Seed 2026 | Rate 0.05 | Train Loss: 0.9700 | Val Loss: 1.0651 | Acc (clean): 0.8052 | Acc (poison): 0.7665 | Val Acc: 0.6996 | Time: 00:00:12
Epoch 019 | Seed 2026 | Rate 0.05 | Train Loss: 0.9591 | Val Loss: 0.9790 | Acc (clean): 0.8088 | Acc (poison): 0.7694 | Val Acc: 0.7222 | Time: 00:00:12
Epoch 020 | Seed 2026 | Rate 0.05 | Train Loss: 0.9374 | Val Loss: 1.5606 | Acc (clean): 0.8155 | Acc (poison): 0.7763 | Val Acc: 0.5815 | Time: 00:00:12
Epoch 021 | Seed 2026 | Rate 0.05 | Train Loss: 0.9368 | Val Loss: 1.4336 | Acc (clean): 0.8159 | Acc (poison): 0.7768 | Val Acc: 0.5781 | Time: 00:00:12
Epoch 022 | Seed 2026 | Rate 0.05 | Train Loss: 0.9357 | Val Loss: 1.1999 | Acc (clean): 0.8187 | Acc (poison): 0.7800 | Val Acc: 0.6448 | Time: 00:00:12
Epoch 023 | Seed 2026 | Rate 0.05 | Train Loss: 0.9372 | Val Loss: 1.2639 | Acc (clean): 0.8161 | Acc (poison): 0.7770 | Val Acc: 0.6378 | Time: 00:00:12
Epoch 024 | Seed 2026 | Rate 0.05 | Train Loss: 0.9306 | Val Loss: 0.9541 | Acc (clean): 0.8149 | Acc (poison): 0.7758 | Val Acc: 0.7337 | Time: 00:00:12
Epoch 025 | Seed 2026 | Rate 0.05 | Train Loss: 0.9182 | Val Loss: 0.9267 | Acc (clean): 0.8212 | Acc (poison): 0.7823 | Val Acc: 0.7352 | Time: 00:00:12
Epoch 026 | Seed 2026 | Rate 0.05 | Train Loss: 0.4699 | Val Loss: 1.0945 | Acc (clean): 0.8102 | Acc (poison): 0.7713 | Val Acc: 0.6867 | Time: 00:00:12
Epoch 027 | Seed 2026 | Rate 0.05 | Train Loss: 0.4811 | Val Loss: 1.1605 | Acc (clean): 0.7959 | Acc (poison): 0.7580 | Val Acc: 0.6619 | Time: 00:00:12
Epoch 028 | Seed 2026 | Rate 0.05 | Train Loss: 0.4502 | Val Loss: 1.3817 | Acc (clean): 0.8118 | Acc (poison): 0.7718 | Val Acc: 0.6470 | Time: 00:00:12
Epoch 029 | Seed 2026 | Rate 0.05 | Train Loss: 0.4550 | Val Loss: 1.5204 | Acc (clean): 0.8159 | Acc (poison): 0.7763 | Val Acc: 0.6267 | Time: 00:00:12
Epoch 030 | Seed 2026 | Rate 0.05 | Train Loss: 0.4541 | Val Loss: 1.2930 | Acc (clean): 0.8130 | Acc (poison): 0.7733 | Val Acc: 0.6430 | Time: 00:00:12
Epoch 031 | Seed 2026 | Rate 0.05 | Train Loss: 0.4413 | Val Loss: 1.3461 | Acc (clean): 0.8196 | Acc (poison): 0.7796 | Val Acc: 0.6267 | Time: 00:00:12
Epoch 032 | Seed 2026 | Rate 0.05 | Train Loss: 0.4680 | Val Loss: 1.5120 | Acc (clean): 0.8216 | Acc (poison): 0.7816 | Val Acc: 0.6259 | Time: 00:00:12
Epoch 033 | Seed 2026 | Rate 0.05 | Train Loss: 0.4394 | Val Loss: 1.5108 | Acc (clean): 0.8232 | Acc (poison): 0.7837 | Val Acc: 0.5930 | Time: 00:00:12
Epoch 034 | Seed 2026 | Rate 0.05 | Train Loss: 0.4518 | Val Loss: 1.0545 | Acc (clean): 0.8208 | Acc (poison): 0.7806 | Val Acc: 0.6896 | Time: 00:00:12
Epoch 035 | Seed 2026 | Rate 0.05 | Train Loss: 0.4549 | Val Loss: 1.1883 | Acc (clean): 0.8184 | Acc (poison): 0.7790 | Val Acc: 0.6667 | Time: 00:00:12
Epoch 036 | Seed 2026 | Rate 0.05 | Train Loss: 0.4433 | Val Loss: 1.2049 | Acc (clean): 0.8241 | Acc (poison): 0.7831 | Val Acc: 0.6926 | Time: 00:00:12
Epoch 037 | Seed 2026 | Rate 0.05 | Train Loss: 0.4571 | Val Loss: 0.7636 | Acc (clean): 0.8182 | Acc (poison): 0.7786 | Val Acc: 0.7730 | Time: 00:00:12
Epoch 038 | Seed 2026 | Rate 0.05 | Train Loss: 0.4280 | Val Loss: 0.9380 | Acc (clean): 0.8281 | Acc (poison): 0.7877 | Val Acc: 0.7274 | Time: 00:00:12
Epoch 039 | Seed 2026 | Rate 0.05 | Train Loss: 0.4410 | Val Loss: 1.1184 | Acc (clean): 0.8243 | Acc (poison): 0.7843 | Val Acc: 0.6911 | Time: 00:00:12
Epoch 040 | Seed 2026 | Rate 0.05 | Train Loss: 0.4553 | Val Loss: 1.3882 | Acc (clean): 0.8216 | Acc (poison): 0.7813 | Val Acc: 0.6174 | Time: 00:00:12
Epoch 041 | Seed 2026 | Rate 0.05 | Train Loss: 0.4465 | Val Loss: 0.8972 | Acc (clean): 0.8235 | Acc (poison): 0.7832 | Val Acc: 0.7348 | Time: 00:00:12
Epoch 042 | Seed 2026 | Rate 0.05 | Train Loss: 0.4487 | Val Loss: 1.6977 | Acc (clean): 0.8309 | Acc (poison): 0.7904 | Val Acc: 0.5770 | Time: 00:00:12
Epoch 043 | Seed 2026 | Rate 0.05 | Train Loss: 0.4490 | Val Loss: 1.7619 | Acc (clean): 0.8217 | Acc (poison): 0.7815 | Val Acc: 0.5456 | Time: 00:00:12
Epoch 044 | Seed 2026 | Rate 0.05 | Train Loss: 0.4541 | Val Loss: 1.4008 | Acc (clean): 0.8222 | Acc (poison): 0.7826 | Val Acc: 0.6200 | Time: 00:00:12
Epoch 045 | Seed 2026 | Rate 0.05 | Train Loss: 0.4691 | Val Loss: 1.1672 | Acc (clean): 0.8220 | Acc (poison): 0.7816 | Val Acc: 0.6744 | Time: 00:00:12
Epoch 046 | Seed 2026 | Rate 0.05 | Train Loss: 0.4410 | Val Loss: 1.0206 | Acc (clean): 0.8244 | Acc (poison): 0.7846 | Val Acc: 0.7022 | Time: 00:00:12
Epoch 047 | Seed 2026 | Rate 0.05 | Train Loss: 0.4511 | Val Loss: 1.0930 | Acc (clean): 0.8279 | Acc (poison): 0.7869 | Val Acc: 0.6722 | Time: 00:00:12
Epoch 048 | Seed 2026 | Rate 0.05 | Train Loss: 0.4615 | Val Loss: 1.3158 | Acc (clean): 0.8310 | Acc (poison): 0.7911 | Val Acc: 0.6333 | Time: 00:00:12
Epoch 049 | Seed 2026 | Rate 0.05 | Train Loss: 0.4502 | Val Loss: 1.4055 | Acc (clean): 0.8293 | Acc (poison): 0.7894 | Val Acc: 0.6500 | Time: 00:00:12
Epoch 050 | Seed 2026 | Rate 0.05 | Train Loss: 0.4527 | Val Loss: 1.1976 | Acc (clean): 0.8324 | Acc (poison): 0.7913 | Val Acc: 0.6770 | Time: 00:00:12
Epoch 051 | Seed 2026 | Rate 0.05 | Train Loss: 0.2391 | Val Loss: 0.3716 | Acc (clean): 0.8955 | Acc (poison): 0.8523 | Val Acc: 0.8811 | Time: 00:00:12
Epoch 052 | Seed 2026 | Rate 0.05 | Train Loss: 0.1946 | Val Loss: 0.3418 | Acc (clean): 0.9142 | Acc (poison): 0.8702 | Val Acc: 0.8922 | Time: 00:00:12
Epoch 053 | Seed 2026 | Rate 0.05 | Train Loss: 0.1769 | Val Loss: 0.3253 | Acc (clean): 0.9216 | Acc (poison): 0.8777 | Val Acc: 0.8952 | Time: 00:00:12
Epoch 054 | Seed 2026 | Rate 0.05 | Train Loss: 0.1629 | Val Loss: 0.3181 | Acc (clean): 0.9294 | Acc (poison): 0.8845 | Val Acc: 0.8989 | Time: 00:00:12
Epoch 055 | Seed 2026 | Rate 0.05 | Train Loss: 0.1521 | Val Loss: 0.3211 | Acc (clean): 0.9333 | Acc (poison): 0.8884 | Val Acc: 0.9011 | Time: 00:00:12
Epoch 056 | Seed 2026 | Rate 0.05 | Train Loss: 0.1446 | Val Loss: 0.3000 | Acc (clean): 0.9368 | Acc (poison): 0.8925 | Val Acc: 0.9063 | Time: 00:00:12
Epoch 057 | Seed 2026 | Rate 0.05 | Train Loss: 0.1404 | Val Loss: 0.3069 | Acc (clean): 0.9391 | Acc (poison): 0.8947 | Val Acc: 0.9026 | Time: 00:00:12
Epoch 058 | Seed 2026 | Rate 0.05 | Train Loss: 0.1325 | Val Loss: 0.2978 | Acc (clean): 0.9423 | Acc (poison): 0.8974 | Val Acc: 0.9052 | Time: 00:00:12
Epoch 059 | Seed 2026 | Rate 0.05 | Train Loss: 0.1254 | Val Loss: 0.2860 | Acc (clean): 0.9453 | Acc (poison): 0.9009 | Val Acc: 0.9111 | Time: 00:00:12
Epoch 060 | Seed 2026 | Rate 0.05 | Train Loss: 0.1244 | Val Loss: 0.3069 | Acc (clean): 0.9453 | Acc (poison): 0.9003 | Val Acc: 0.9067 | Time: 00:00:12
Epoch 061 | Seed 2026 | Rate 0.05 | Train Loss: 0.1188 | Val Loss: 0.3082 | Acc (clean): 0.9486 | Acc (poison): 0.9041 | Val Acc: 0.9056 | Time: 00:00:12
Epoch 062 | Seed 2026 | Rate 0.05 | Train Loss: 0.1146 | Val Loss: 0.2862 | Acc (clean): 0.9504 | Acc (poison): 0.9055 | Val Acc: 0.9107 | Time: 00:00:12
Epoch 063 | Seed 2026 | Rate 0.05 | Train Loss: 0.1137 | Val Loss: 0.2880 | Acc (clean): 0.9509 | Acc (poison): 0.9066 | Val Acc: 0.9130 | Time: 00:00:12
Epoch 064 | Seed 2026 | Rate 0.05 | Train Loss: 0.1065 | Val Loss: 0.3091 | Acc (clean): 0.9533 | Acc (poison): 0.9089 | Val Acc: 0.9033 | Time: 00:00:12
Epoch 065 | Seed 2026 | Rate 0.05 | Train Loss: 0.1091 | Val Loss: 0.2896 | Acc (clean): 0.9558 | Acc (poison): 0.9114 | Val Acc: 0.9130 | Time: 00:00:12
Epoch 066 | Seed 2026 | Rate 0.05 | Train Loss: 0.1041 | Val Loss: 0.2948 | Acc (clean): 0.9566 | Acc (poison): 0.9114 | Val Acc: 0.9078 | Time: 00:00:12
Epoch 067 | Seed 2026 | Rate 0.05 | Train Loss: 0.1015 | Val Loss: 0.2966 | Acc (clean): 0.9579 | Acc (poison): 0.9134 | Val Acc: 0.9059 | Time: 00:00:12
Epoch 068 | Seed 2026 | Rate 0.05 | Train Loss: 0.1007 | Val Loss: 0.2697 | Acc (clean): 0.9583 | Acc (poison): 0.9137 | Val Acc: 0.9178 | Time: 00:00:12
Epoch 069 | Seed 2026 | Rate 0.05 | Train Loss: 0.0969 | Val Loss: 0.2887 | Acc (clean): 0.9589 | Acc (poison): 0.9147 | Val Acc: 0.9148 | Time: 00:00:12
Epoch 070 | Seed 2026 | Rate 0.05 | Train Loss: 0.0944 | Val Loss: 0.3064 | Acc (clean): 0.9608 | Acc (poison): 0.9162 | Val Acc: 0.9048 | Time: 00:00:12
Epoch 071 | Seed 2026 | Rate 0.05 | Train Loss: 0.0968 | Val Loss: 0.2957 | Acc (clean): 0.9595 | Acc (poison): 0.9149 | Val Acc: 0.9111 | Time: 00:00:12
Epoch 072 | Seed 2026 | Rate 0.05 | Train Loss: 0.0944 | Val Loss: 0.2962 | Acc (clean): 0.9601 | Acc (poison): 0.9165 | Val Acc: 0.9067 | Time: 00:00:12
Epoch 073 | Seed 2026 | Rate 0.05 | Train Loss: 0.0874 | Val Loss: 0.2785 | Acc (clean): 0.9623 | Acc (poison): 0.9184 | Val Acc: 0.9156 | Time: 00:00:12
Epoch 074 | Seed 2026 | Rate 0.05 | Train Loss: 0.0842 | Val Loss: 0.2886 | Acc (clean): 0.9644 | Acc (poison): 0.9205 | Val Acc: 0.9078 | Time: 00:00:12
Epoch 075 | Seed 2026 | Rate 0.05 | Train Loss: 0.0887 | Val Loss: 0.2876 | Acc (clean): 0.9629 | Acc (poison): 0.9190 | Val Acc: 0.9137 | Time: 00:00:12
Epoch 076 | Seed 2026 | Rate 0.05 | Train Loss: 0.0718 | Val Loss: 0.2546 | Acc (clean): 0.9701 | Acc (poison): 0.9258 | Val Acc: 0.9233 | Time: 00:00:12
Epoch 077 | Seed 2026 | Rate 0.05 | Train Loss: 0.0634 | Val Loss: 0.2540 | Acc (clean): 0.9740 | Acc (poison): 0.9304 | Val Acc: 0.9196 | Time: 00:00:12
Epoch 078 | Seed 2026 | Rate 0.05 | Train Loss: 0.0618 | Val Loss: 0.2522 | Acc (clean): 0.9742 | Acc (poison): 0.9295 | Val Acc: 0.9211 | Time: 00:00:12
Epoch 079 | Seed 2026 | Rate 0.05 | Train Loss: 0.0578 | Val Loss: 0.2534 | Acc (clean): 0.9760 | Acc (poison): 0.9315 | Val Acc: 0.9196 | Time: 00:00:12
Epoch 080 | Seed 2026 | Rate 0.05 | Train Loss: 0.0554 | Val Loss: 0.2583 | Acc (clean): 0.9767 | Acc (poison): 0.9321 | Val Acc: 0.9207 | Time: 00:00:12
Epoch 081 | Seed 2026 | Rate 0.05 | Train Loss: 0.0562 | Val Loss: 0.2529 | Acc (clean): 0.9770 | Acc (poison): 0.9321 | Val Acc: 0.9196 | Time: 00:00:12
Epoch 082 | Seed 2026 | Rate 0.05 | Train Loss: 0.0559 | Val Loss: 0.2537 | Acc (clean): 0.9766 | Acc (poison): 0.9324 | Val Acc: 0.9207 | Time: 00:00:12
Epoch 083 | Seed 2026 | Rate 0.05 | Train Loss: 0.0561 | Val Loss: 0.2522 | Acc (clean): 0.9777 | Acc (poison): 0.9333 | Val Acc: 0.9241 | Time: 00:00:12
Epoch 084 | Seed 2026 | Rate 0.05 | Train Loss: 0.0553 | Val Loss: 0.2488 | Acc (clean): 0.9765 | Acc (poison): 0.9315 | Val Acc: 0.9241 | Time: 00:00:12
Epoch 085 | Seed 2026 | Rate 0.05 | Train Loss: 0.0535 | Val Loss: 0.2543 | Acc (clean): 0.9783 | Acc (poison): 0.9340 | Val Acc: 0.9252 | Time: 00:00:12
Epoch 086 | Seed 2026 | Rate 0.05 | Train Loss: 0.0535 | Val Loss: 0.2555 | Acc (clean): 0.9780 | Acc (poison): 0.9337 | Val Acc: 0.9211 | Time: 00:00:12
Epoch 087 | Seed 2026 | Rate 0.05 | Train Loss: 0.0506 | Val Loss: 0.2566 | Acc (clean): 0.9784 | Acc (poison): 0.9340 | Val Acc: 0.9200 | Time: 00:00:12
Epoch 088 | Seed 2026 | Rate 0.05 | Train Loss: 0.0530 | Val Loss: 0.2602 | Acc (clean): 0.9788 | Acc (poison): 0.9342 | Val Acc: 0.9200 | Time: 00:00:12
Epoch 089 | Seed 2026 | Rate 0.05 | Train Loss: 0.0546 | Val Loss: 0.2520 | Acc (clean): 0.9777 | Acc (poison): 0.9329 | Val Acc: 0.9248 | Time: 00:00:12
Epoch 090 | Seed 2026 | Rate 0.05 | Train Loss: 0.0495 | Val Loss: 0.2526 | Acc (clean): 0.9796 | Acc (poison): 0.9356 | Val Acc: 0.9226 | Time: 00:00:12
Epoch 091 | Seed 2026 | Rate 0.05 | Train Loss: 0.0514 | Val Loss: 0.2600 | Acc (clean): 0.9797 | Acc (poison): 0.9350 | Val Acc: 0.9207 | Time: 00:00:12
Epoch 092 | Seed 2026 | Rate 0.05 | Train Loss: 0.0505 | Val Loss: 0.2523 | Acc (clean): 0.9791 | Acc (poison): 0.9347 | Val Acc: 0.9244 | Time: 00:00:13
Epoch 093 | Seed 2026 | Rate 0.05 | Train Loss: 0.0528 | Val Loss: 0.2537 | Acc (clean): 0.9785 | Acc (poison): 0.9342 | Val Acc: 0.9207 | Time: 00:00:12
Epoch 094 | Seed 2026 | Rate 0.05 | Train Loss: 0.0496 | Val Loss: 0.2551 | Acc (clean): 0.9795 | Acc (poison): 0.9350 | Val Acc: 0.9256 | Time: 00:00:12
Epoch 095 | Seed 2026 | Rate 0.05 | Train Loss: 0.0499 | Val Loss: 0.2560 | Acc (clean): 0.9793 | Acc (poison): 0.9352 | Val Acc: 0.9241 | Time: 00:00:12
Epoch 096 | Seed 2026 | Rate 0.05 | Train Loss: 0.0476 | Val Loss: 0.2547 | Acc (clean): 0.9796 | Acc (poison): 0.9354 | Val Acc: 0.9248 | Time: 00:00:12
Epoch 097 | Seed 2026 | Rate 0.05 | Train Loss: 0.0494 | Val Loss: 0.2559 | Acc (clean): 0.9795 | Acc (poison): 0.9350 | Val Acc: 0.9230 | Time: 00:00:12
Epoch 098 | Seed 2026 | Rate 0.05 | Train Loss: 0.0507 | Val Loss: 0.2570 | Acc (clean): 0.9785 | Acc (poison): 0.9348 | Val Acc: 0.9222 | Time: 00:00:12
Epoch 099 | Seed 2026 | Rate 0.05 | Train Loss: 0.0503 | Val Loss: 0.2561 | Acc (clean): 0.9792 | Acc (poison): 0.9350 | Val Acc: 0.9233 | Time: 00:00:12
Epoch 100 | Seed 2026 | Rate 0.05 | Train Loss: 0.0469 | Val Loss: 0.2549 | Acc (clean): 0.9804 | Acc (poison): 0.9363 | Val Acc: 0.9248 | Time: 00:00:12

=== defense=gmm_filter attack=RQ1 seed=2026 rate=0.1 ===
Loading train data from /home/yazanme/BachelorThesis/BachelorThesis/data/processed/resisc45/train.h5 with mapping /home/yazanme/BachelorThesis/BachelorThesis/data/processed/resisc45/poisoned/RQ1/seed_2026/labels_0.10.pt... (in_memory=True, workers=4)
Testing torch.compile support...
Successfully compiled model using torch.compile.
Epoch 001 | Seed 2026 | Rate 0.10 | Train Loss: 3.1475 | Val Loss: 2.5612 | Acc (clean): 0.2045 | Acc (poison): 0.1858 | Val Acc: 0.2878 | Time: 00:00:13
Epoch 002 | Seed 2026 | Rate 0.10 | Train Loss: 2.4292 | Val Loss: 2.5086 | Acc (clean): 0.4030 | Acc (poison): 0.3635 | Val Acc: 0.3026 | Time: 00:00:12
Epoch 003 | Seed 2026 | Rate 0.10 | Train Loss: 2.1517 | Val Loss: 2.0476 | Acc (clean): 0.4964 | Acc (poison): 0.4490 | Val Acc: 0.4230 | Time: 00:00:11
Epoch 004 | Seed 2026 | Rate 0.10 | Train Loss: 1.9813 | Val Loss: 1.9599 | Acc (clean): 0.5523 | Acc (poison): 0.4970 | Val Acc: 0.4396 | Time: 00:00:12
Epoch 005 | Seed 2026 | Rate 0.10 | Train Loss: 1.8584 | Val Loss: 1.6058 | Acc (clean): 0.5973 | Acc (poison): 0.5381 | Val Acc: 0.5407 | Time: 00:00:12
Epoch 006 | Seed 2026 | Rate 0.10 | Train Loss: 1.7416 | Val Loss: 1.5630 | Acc (clean): 0.6390 | Acc (poison): 0.5761 | Val Acc: 0.5544 | Time: 00:00:12
Epoch 007 | Seed 2026 | Rate 0.10 | Train Loss: 1.6496 | Val Loss: 1.6823 | Acc (clean): 0.6691 | Acc (poison): 0.6037 | Val Acc: 0.5226 | Time: 00:00:12
Epoch 008 | Seed 2026 | Rate 0.10 | Train Loss: 1.5572 | Val Loss: 1.4332 | Acc (clean): 0.7002 | Acc (poison): 0.6318 | Val Acc: 0.6144 | Time: 00:00:12
Epoch 009 | Seed 2026 | Rate 0.10 | Train Loss: 1.4987 | Val Loss: 1.4117 | Acc (clean): 0.7220 | Acc (poison): 0.6522 | Val Acc: 0.6011 | Time: 00:00:12
Epoch 010 | Seed 2026 | Rate 0.10 | Train Loss: 1.4352 | Val Loss: 1.5957 | Acc (clean): 0.7453 | Acc (poison): 0.6734 | Val Acc: 0.5496 | Time: 00:00:12
Epoch 011 | Seed 2026 | Rate 0.10 | Train Loss: 1.3940 | Val Loss: 1.1793 | Acc (clean): 0.7554 | Acc (poison): 0.6816 | Val Acc: 0.6733 | Time: 00:00:12
Epoch 012 | Seed 2026 | Rate 0.10 | Train Loss: 1.3616 | Val Loss: 1.0888 | Acc (clean): 0.7665 | Acc (poison): 0.6930 | Val Acc: 0.7000 | Time: 00:00:12
Epoch 013 | Seed 2026 | Rate 0.10 | Train Loss: 1.3438 | Val Loss: 1.1027 | Acc (clean): 0.7717 | Acc (poison): 0.6969 | Val Acc: 0.6748 | Time: 00:00:12
Epoch 014 | Seed 2026 | Rate 0.10 | Train Loss: 1.3189 | Val Loss: 1.0129 | Acc (clean): 0.7833 | Acc (poison): 0.7080 | Val Acc: 0.7196 | Time: 00:00:12
Epoch 015 | Seed 2026 | Rate 0.10 | Train Loss: 1.3098 | Val Loss: 1.4734 | Acc (clean): 0.7840 | Acc (poison): 0.7077 | Val Acc: 0.5826 | Time: 00:00:12
Epoch 016 | Seed 2026 | Rate 0.10 | Train Loss: 1.2951 | Val Loss: 1.1369 | Acc (clean): 0.7889 | Acc (poison): 0.7130 | Val Acc: 0.6970 | Time: 00:00:12
Epoch 017 | Seed 2026 | Rate 0.10 | Train Loss: 1.2874 | Val Loss: 1.3622 | Acc (clean): 0.7944 | Acc (poison): 0.7180 | Val Acc: 0.6085 | Time: 00:00:12
Epoch 018 | Seed 2026 | Rate 0.10 | Train Loss: 1.2947 | Val Loss: 1.2046 | Acc (clean): 0.7912 | Acc (poison): 0.7149 | Val Acc: 0.6659 | Time: 00:00:12
Epoch 019 | Seed 2026 | Rate 0.10 | Train Loss: 1.2730 | Val Loss: 1.0066 | Acc (clean): 0.7995 | Acc (poison): 0.7217 | Val Acc: 0.7337 | Time: 00:00:12
Epoch 020 | Seed 2026 | Rate 0.10 | Train Loss: 1.2572 | Val Loss: 1.1883 | Acc (clean): 0.8033 | Acc (poison): 0.7265 | Val Acc: 0.6759 | Time: 00:00:12
Epoch 021 | Seed 2026 | Rate 0.10 | Train Loss: 1.2599 | Val Loss: 1.2249 | Acc (clean): 0.8007 | Acc (poison): 0.7242 | Val Acc: 0.6630 | Time: 00:00:12
Epoch 022 | Seed 2026 | Rate 0.10 | Train Loss: 1.2588 | Val Loss: 1.2349 | Acc (clean): 0.8041 | Acc (poison): 0.7265 | Val Acc: 0.6641 | Time: 00:00:12
Epoch 023 | Seed 2026 | Rate 0.10 | Train Loss: 1.2510 | Val Loss: 1.0358 | Acc (clean): 0.8063 | Acc (poison): 0.7281 | Val Acc: 0.7148 | Time: 00:00:12
Epoch 024 | Seed 2026 | Rate 0.10 | Train Loss: 1.2594 | Val Loss: 1.0973 | Acc (clean): 0.8020 | Acc (poison): 0.7253 | Val Acc: 0.7015 | Time: 00:00:12
Epoch 025 | Seed 2026 | Rate 0.10 | Train Loss: 1.2543 | Val Loss: 1.9628 | Acc (clean): 0.8054 | Acc (poison): 0.7273 | Val Acc: 0.4811 | Time: 00:00:12
Epoch 026 | Seed 2026 | Rate 0.10 | Train Loss: 0.4956 | Val Loss: 1.3573 | Acc (clean): 0.7885 | Acc (poison): 0.7130 | Val Acc: 0.6204 | Time: 00:00:12
Epoch 027 | Seed 2026 | Rate 0.10 | Train Loss: 0.5311 | Val Loss: 1.0646 | Acc (clean): 0.7779 | Acc (poison): 0.7021 | Val Acc: 0.7030 | Time: 00:00:12
Epoch 028 | Seed 2026 | Rate 0.10 | Train Loss: 0.5157 | Val Loss: 1.1797 | Acc (clean): 0.7923 | Acc (poison): 0.7149 | Val Acc: 0.6659 | Time: 00:00:12
Epoch 029 | Seed 2026 | Rate 0.10 | Train Loss: 0.4861 | Val Loss: 1.1826 | Acc (clean): 0.8004 | Acc (poison): 0.7220 | Val Acc: 0.6689 | Time: 00:00:12
Epoch 030 | Seed 2026 | Rate 0.10 | Train Loss: 0.4991 | Val Loss: 0.9789 | Acc (clean): 0.8044 | Acc (poison): 0.7262 | Val Acc: 0.7174 | Time: 00:00:12
Epoch 031 | Seed 2026 | Rate 0.10 | Train Loss: 0.4671 | Val Loss: 1.1986 | Acc (clean): 0.8088 | Acc (poison): 0.7296 | Val Acc: 0.6707 | Time: 00:00:12
Epoch 032 | Seed 2026 | Rate 0.10 | Train Loss: 0.4944 | Val Loss: 1.2734 | Acc (clean): 0.8090 | Acc (poison): 0.7289 | Val Acc: 0.6333 | Time: 00:00:12
Epoch 033 | Seed 2026 | Rate 0.10 | Train Loss: 0.5117 | Val Loss: 1.0638 | Acc (clean): 0.8053 | Acc (poison): 0.7273 | Val Acc: 0.6993 | Time: 00:00:12
Epoch 034 | Seed 2026 | Rate 0.10 | Train Loss: 0.4798 | Val Loss: 1.1474 | Acc (clean): 0.8091 | Acc (poison): 0.7302 | Val Acc: 0.6900 | Time: 00:00:12
Epoch 035 | Seed 2026 | Rate 0.10 | Train Loss: 0.4691 | Val Loss: 1.2530 | Acc (clean): 0.8112 | Acc (poison): 0.7324 | Val Acc: 0.6459 | Time: 00:00:12
Epoch 036 | Seed 2026 | Rate 0.10 | Train Loss: 0.4758 | Val Loss: 1.2496 | Acc (clean): 0.8175 | Acc (poison): 0.7375 | Val Acc: 0.6389 | Time: 00:00:12
Epoch 037 | Seed 2026 | Rate 0.10 | Train Loss: 0.4868 | Val Loss: 0.9874 | Acc (clean): 0.8096 | Acc (poison): 0.7320 | Val Acc: 0.7100 | Time: 00:00:12
Epoch 038 | Seed 2026 | Rate 0.10 | Train Loss: 0.4733 | Val Loss: 1.5273 | Acc (clean): 0.8136 | Acc (poison): 0.7355 | Val Acc: 0.6156 | Time: 00:00:12
Epoch 039 | Seed 2026 | Rate 0.10 | Train Loss: 0.4720 | Val Loss: 1.3336 | Acc (clean): 0.8126 | Acc (poison): 0.7342 | Val Acc: 0.6281 | Time: 00:00:12
Epoch 040 | Seed 2026 | Rate 0.10 | Train Loss: 0.4761 | Val Loss: 1.4558 | Acc (clean): 0.8131 | Acc (poison): 0.7339 | Val Acc: 0.6115 | Time: 00:00:12
Epoch 041 | Seed 2026 | Rate 0.10 | Train Loss: 0.4677 | Val Loss: 0.9642 | Acc (clean): 0.8155 | Acc (poison): 0.7362 | Val Acc: 0.7156 | Time: 00:00:12
Epoch 042 | Seed 2026 | Rate 0.10 | Train Loss: 0.4772 | Val Loss: 1.2847 | Acc (clean): 0.8162 | Acc (poison): 0.7367 | Val Acc: 0.6444 | Time: 00:00:12
Epoch 043 | Seed 2026 | Rate 0.10 | Train Loss: 0.4903 | Val Loss: 1.5613 | Acc (clean): 0.8146 | Acc (poison): 0.7356 | Val Acc: 0.5889 | Time: 00:00:12
Epoch 044 | Seed 2026 | Rate 0.10 | Train Loss: 0.4881 | Val Loss: 1.0266 | Acc (clean): 0.8153 | Acc (poison): 0.7352 | Val Acc: 0.7056 | Time: 00:00:12
Epoch 045 | Seed 2026 | Rate 0.10 | Train Loss: 0.4794 | Val Loss: 1.4232 | Acc (clean): 0.8133 | Acc (poison): 0.7349 | Val Acc: 0.6337 | Time: 00:00:12
Epoch 046 | Seed 2026 | Rate 0.10 | Train Loss: 0.4627 | Val Loss: 1.0450 | Acc (clean): 0.8189 | Acc (poison): 0.7402 | Val Acc: 0.7074 | Time: 00:00:12
Epoch 047 | Seed 2026 | Rate 0.10 | Train Loss: 0.4768 | Val Loss: 1.0813 | Acc (clean): 0.8098 | Acc (poison): 0.7306 | Val Acc: 0.6900 | Time: 00:00:12
Epoch 048 | Seed 2026 | Rate 0.10 | Train Loss: 0.4577 | Val Loss: 1.8763 | Acc (clean): 0.8192 | Acc (poison): 0.7394 | Val Acc: 0.5185 | Time: 00:00:12
Epoch 049 | Seed 2026 | Rate 0.10 | Train Loss: 0.4599 | Val Loss: 1.4499 | Acc (clean): 0.8204 | Acc (poison): 0.7407 | Val Acc: 0.6319 | Time: 00:00:12
Epoch 050 | Seed 2026 | Rate 0.10 | Train Loss: 0.4765 | Val Loss: 1.0601 | Acc (clean): 0.8155 | Acc (poison): 0.7362 | Val Acc: 0.6956 | Time: 00:00:12
Epoch 051 | Seed 2026 | Rate 0.10 | Train Loss: 0.2714 | Val Loss: 0.3990 | Acc (clean): 0.8836 | Acc (poison): 0.7984 | Val Acc: 0.8793 | Time: 00:00:12
Epoch 052 | Seed 2026 | Rate 0.10 | Train Loss: 0.2081 | Val Loss: 0.3725 | Acc (clean): 0.9034 | Acc (poison): 0.8162 | Val Acc: 0.8819 | Time: 00:00:12
Epoch 053 | Seed 2026 | Rate 0.10 | Train Loss: 0.1986 | Val Loss: 0.3588 | Acc (clean): 0.9120 | Acc (poison): 0.8245 | Val Acc: 0.8856 | Time: 00:00:12
Epoch 054 | Seed 2026 | Rate 0.10 | Train Loss: 0.1752 | Val Loss: 0.3377 | Acc (clean): 0.9156 | Acc (poison): 0.8288 | Val Acc: 0.8911 | Time: 00:00:12
Epoch 055 | Seed 2026 | Rate 0.10 | Train Loss: 0.1724 | Val Loss: 0.3379 | Acc (clean): 0.9210 | Acc (poison): 0.8326 | Val Acc: 0.8915 | Time: 00:00:12
Epoch 056 | Seed 2026 | Rate 0.10 | Train Loss: 0.1560 | Val Loss: 0.3196 | Acc (clean): 0.9244 | Acc (poison): 0.8358 | Val Acc: 0.8993 | Time: 00:00:12
Epoch 057 | Seed 2026 | Rate 0.10 | Train Loss: 0.1568 | Val Loss: 0.3240 | Acc (clean): 0.9284 | Acc (poison): 0.8397 | Val Acc: 0.8922 | Time: 00:00:12
Epoch 058 | Seed 2026 | Rate 0.10 | Train Loss: 0.1470 | Val Loss: 0.3093 | Acc (clean): 0.9335 | Acc (poison): 0.8449 | Val Acc: 0.9004 | Time: 00:00:12
Epoch 059 | Seed 2026 | Rate 0.10 | Train Loss: 0.1491 | Val Loss: 0.3183 | Acc (clean): 0.9338 | Acc (poison): 0.8455 | Val Acc: 0.9044 | Time: 00:00:12
Epoch 060 | Seed 2026 | Rate 0.10 | Train Loss: 0.1392 | Val Loss: 0.3064 | Acc (clean): 0.9370 | Acc (poison): 0.8480 | Val Acc: 0.9022 | Time: 00:00:12
Epoch 061 | Seed 2026 | Rate 0.10 | Train Loss: 0.1309 | Val Loss: 0.3277 | Acc (clean): 0.9376 | Acc (poison): 0.8498 | Val Acc: 0.8978 | Time: 00:00:12
Epoch 062 | Seed 2026 | Rate 0.10 | Train Loss: 0.1321 | Val Loss: 0.3087 | Acc (clean): 0.9400 | Acc (poison): 0.8513 | Val Acc: 0.9052 | Time: 00:00:12
Epoch 063 | Seed 2026 | Rate 0.10 | Train Loss: 0.1314 | Val Loss: 0.3095 | Acc (clean): 0.9412 | Acc (poison): 0.8528 | Val Acc: 0.8996 | Time: 00:00:12
Epoch 064 | Seed 2026 | Rate 0.10 | Train Loss: 0.1240 | Val Loss: 0.3062 | Acc (clean): 0.9441 | Acc (poison): 0.8566 | Val Acc: 0.9096 | Time: 00:00:12
Epoch 065 | Seed 2026 | Rate 0.10 | Train Loss: 0.1212 | Val Loss: 0.2940 | Acc (clean): 0.9462 | Acc (poison): 0.8584 | Val Acc: 0.9074 | Time: 00:00:12
Epoch 066 | Seed 2026 | Rate 0.10 | Train Loss: 0.1213 | Val Loss: 0.3047 | Acc (clean): 0.9465 | Acc (poison): 0.8586 | Val Acc: 0.9030 | Time: 00:00:12
Epoch 067 | Seed 2026 | Rate 0.10 | Train Loss: 0.1193 | Val Loss: 0.3006 | Acc (clean): 0.9477 | Acc (poison): 0.8588 | Val Acc: 0.9159 | Time: 00:00:12
Epoch 068 | Seed 2026 | Rate 0.10 | Train Loss: 0.1143 | Val Loss: 0.2911 | Acc (clean): 0.9497 | Acc (poison): 0.8614 | Val Acc: 0.9067 | Time: 00:00:12
Epoch 069 | Seed 2026 | Rate 0.10 | Train Loss: 0.1090 | Val Loss: 0.3272 | Acc (clean): 0.9514 | Acc (poison): 0.8633 | Val Acc: 0.9019 | Time: 00:00:12
Epoch 070 | Seed 2026 | Rate 0.10 | Train Loss: 0.1069 | Val Loss: 0.2991 | Acc (clean): 0.9528 | Acc (poison): 0.8649 | Val Acc: 0.9067 | Time: 00:00:12
Epoch 071 | Seed 2026 | Rate 0.10 | Train Loss: 0.1031 | Val Loss: 0.2980 | Acc (clean): 0.9549 | Acc (poison): 0.8663 | Val Acc: 0.9063 | Time: 00:00:12
Epoch 072 | Seed 2026 | Rate 0.10 | Train Loss: 0.1070 | Val Loss: 0.3140 | Acc (clean): 0.9514 | Acc (poison): 0.8640 | Val Acc: 0.8996 | Time: 00:00:12
Epoch 073 | Seed 2026 | Rate 0.10 | Train Loss: 0.1083 | Val Loss: 0.2995 | Acc (clean): 0.9546 | Acc (poison): 0.8667 | Val Acc: 0.9089 | Time: 00:00:12
Epoch 074 | Seed 2026 | Rate 0.10 | Train Loss: 0.0984 | Val Loss: 0.3365 | Acc (clean): 0.9569 | Acc (poison): 0.8687 | Val Acc: 0.8944 | Time: 00:00:12
Epoch 075 | Seed 2026 | Rate 0.10 | Train Loss: 0.1051 | Val Loss: 0.3036 | Acc (clean): 0.9539 | Acc (poison): 0.8665 | Val Acc: 0.9041 | Time: 00:00:12
Epoch 076 | Seed 2026 | Rate 0.10 | Train Loss: 0.0814 | Val Loss: 0.2688 | Acc (clean): 0.9626 | Acc (poison): 0.8750 | Val Acc: 0.9181 | Time: 00:00:12
Epoch 077 | Seed 2026 | Rate 0.10 | Train Loss: 0.0709 | Val Loss: 0.2697 | Acc (clean): 0.9659 | Acc (poison): 0.8785 | Val Acc: 0.9133 | Time: 00:00:12
Epoch 078 | Seed 2026 | Rate 0.10 | Train Loss: 0.0716 | Val Loss: 0.2688 | Acc (clean): 0.9685 | Acc (poison): 0.8803 | Val Acc: 0.9174 | Time: 00:00:12
Epoch 079 | Seed 2026 | Rate 0.10 | Train Loss: 0.0695 | Val Loss: 0.2666 | Acc (clean): 0.9669 | Acc (poison): 0.8797 | Val Acc: 0.9170 | Time: 00:00:12
Epoch 080 | Seed 2026 | Rate 0.10 | Train Loss: 0.0675 | Val Loss: 0.2694 | Acc (clean): 0.9685 | Acc (poison): 0.8804 | Val Acc: 0.9163 | Time: 00:00:12
Epoch 081 | Seed 2026 | Rate 0.10 | Train Loss: 0.0646 | Val Loss: 0.2661 | Acc (clean): 0.9683 | Acc (poison): 0.8802 | Val Acc: 0.9167 | Time: 00:00:12
Epoch 082 | Seed 2026 | Rate 0.10 | Train Loss: 0.0663 | Val Loss: 0.2705 | Acc (clean): 0.9699 | Acc (poison): 0.8817 | Val Acc: 0.9152 | Time: 00:00:12
Epoch 083 | Seed 2026 | Rate 0.10 | Train Loss: 0.0653 | Val Loss: 0.2625 | Acc (clean): 0.9689 | Acc (poison): 0.8809 | Val Acc: 0.9193 | Time: 00:00:12
Epoch 084 | Seed 2026 | Rate 0.10 | Train Loss: 0.0648 | Val Loss: 0.2604 | Acc (clean): 0.9697 | Acc (poison): 0.8816 | Val Acc: 0.9174 | Time: 00:00:12
Epoch 085 | Seed 2026 | Rate 0.10 | Train Loss: 0.0648 | Val Loss: 0.2661 | Acc (clean): 0.9687 | Acc (poison): 0.8814 | Val Acc: 0.9167 | Time: 00:00:12
Epoch 086 | Seed 2026 | Rate 0.10 | Train Loss: 0.0615 | Val Loss: 0.2658 | Acc (clean): 0.9699 | Acc (poison): 0.8820 | Val Acc: 0.9181 | Time: 00:00:12
Epoch 087 | Seed 2026 | Rate 0.10 | Train Loss: 0.0626 | Val Loss: 0.2690 | Acc (clean): 0.9698 | Acc (poison): 0.8818 | Val Acc: 0.9163 | Time: 00:00:12
Epoch 088 | Seed 2026 | Rate 0.10 | Train Loss: 0.0609 | Val Loss: 0.2716 | Acc (clean): 0.9713 | Acc (poison): 0.8838 | Val Acc: 0.9163 | Time: 00:00:12
Epoch 089 | Seed 2026 | Rate 0.10 | Train Loss: 0.0632 | Val Loss: 0.2656 | Acc (clean): 0.9700 | Acc (poison): 0.8820 | Val Acc: 0.9185 | Time: 00:00:12
Epoch 090 | Seed 2026 | Rate 0.10 | Train Loss: 0.0601 | Val Loss: 0.2617 | Acc (clean): 0.9712 | Acc (poison): 0.8833 | Val Acc: 0.9193 | Time: 00:00:12
Epoch 091 | Seed 2026 | Rate 0.10 | Train Loss: 0.0602 | Val Loss: 0.2720 | Acc (clean): 0.9713 | Acc (poison): 0.8838 | Val Acc: 0.9167 | Time: 00:00:12
Epoch 092 | Seed 2026 | Rate 0.10 | Train Loss: 0.0603 | Val Loss: 0.2649 | Acc (clean): 0.9717 | Acc (poison): 0.8838 | Val Acc: 0.9193 | Time: 00:00:12
Epoch 093 | Seed 2026 | Rate 0.10 | Train Loss: 0.0611 | Val Loss: 0.2640 | Acc (clean): 0.9716 | Acc (poison): 0.8835 | Val Acc: 0.9193 | Time: 00:00:12
Epoch 094 | Seed 2026 | Rate 0.10 | Train Loss: 0.0570 | Val Loss: 0.2628 | Acc (clean): 0.9715 | Acc (poison): 0.8842 | Val Acc: 0.9204 | Time: 00:00:12
Epoch 095 | Seed 2026 | Rate 0.10 | Train Loss: 0.0587 | Val Loss: 0.2646 | Acc (clean): 0.9727 | Acc (poison): 0.8844 | Val Acc: 0.9178 | Time: 00:00:12
Epoch 096 | Seed 2026 | Rate 0.10 | Train Loss: 0.0566 | Val Loss: 0.2658 | Acc (clean): 0.9717 | Acc (poison): 0.8842 | Val Acc: 0.9181 | Time: 00:00:12
Epoch 097 | Seed 2026 | Rate 0.10 | Train Loss: 0.0568 | Val Loss: 0.2693 | Acc (clean): 0.9714 | Acc (poison): 0.8844 | Val Acc: 0.9178 | Time: 00:00:12
Epoch 098 | Seed 2026 | Rate 0.10 | Train Loss: 0.0609 | Val Loss: 0.2643 | Acc (clean): 0.9720 | Acc (poison): 0.8848 | Val Acc: 0.9181 | Time: 00:00:12
Epoch 099 | Seed 2026 | Rate 0.10 | Train Loss: 0.0571 | Val Loss: 0.2634 | Acc (clean): 0.9721 | Acc (poison): 0.8851 | Val Acc: 0.9181 | Time: 00:00:12
Epoch 100 | Seed 2026 | Rate 0.10 | Train Loss: 0.0572 | Val Loss: 0.2656 | Acc (clean): 0.9732 | Acc (poison): 0.8856 | Val Acc: 0.9170 | Time: 00:00:12

=== defense=gmm_filter attack=RQ1 seed=2026 rate=0.2 ===
Loading train data from /home/yazanme/BachelorThesis/BachelorThesis/data/processed/resisc45/train.h5 with mapping /home/yazanme/BachelorThesis/BachelorThesis/data/processed/resisc45/poisoned/RQ1/seed_2026/labels_0.20.pt... (in_memory=True, workers=4)
Testing torch.compile support...
Successfully compiled model using torch.compile.
Epoch 001 | Seed 2026 | Rate 0.20 | Train Loss: 3.3524 | Val Loss: 3.0169 | Acc (clean): 0.1972 | Acc (poison): 0.1619 | Val Acc: 0.1919 | Time: 00:00:13
Epoch 002 | Seed 2026 | Rate 0.20 | Train Loss: 2.7923 | Val Loss: 2.2079 | Acc (clean): 0.3754 | Acc (poison): 0.3034 | Val Acc: 0.3793 | Time: 00:00:12
Epoch 003 | Seed 2026 | Rate 0.20 | Train Loss: 2.5850 | Val Loss: 2.4016 | Acc (clean): 0.4585 | Acc (poison): 0.3709 | Val Acc: 0.3611 | Time: 00:00:11
Epoch 004 | Seed 2026 | Rate 0.20 | Train Loss: 2.4489 | Val Loss: 2.1459 | Acc (clean): 0.5187 | Acc (poison): 0.4165 | Val Acc: 0.3922 | Time: 00:00:12
Epoch 005 | Seed 2026 | Rate 0.20 | Train Loss: 2.3484 | Val Loss: 2.0220 | Acc (clean): 0.5518 | Acc (poison): 0.4457 | Val Acc: 0.4693 | Time: 00:00:12
Epoch 006 | Seed 2026 | Rate 0.20 | Train Loss: 2.2598 | Val Loss: 1.6472 | Acc (clean): 0.5883 | Acc (poison): 0.4723 | Val Acc: 0.5596 | Time: 00:00:12
Epoch 007 | Seed 2026 | Rate 0.20 | Train Loss: 2.1883 | Val Loss: 1.8276 | Acc (clean): 0.6205 | Acc (poison): 0.4990 | Val Acc: 0.5081 | Time: 00:00:12
Epoch 008 | Seed 2026 | Rate 0.20 | Train Loss: 2.1158 | Val Loss: 1.7146 | Acc (clean): 0.6496 | Acc (poison): 0.5233 | Val Acc: 0.5259 | Time: 00:00:12
Epoch 009 | Seed 2026 | Rate 0.20 | Train Loss: 2.0595 | Val Loss: 1.7888 | Acc (clean): 0.6725 | Acc (poison): 0.5431 | Val Acc: 0.5233 | Time: 00:00:12
Epoch 010 | Seed 2026 | Rate 0.20 | Train Loss: 2.0008 | Val Loss: 1.7667 | Acc (clean): 0.6946 | Acc (poison): 0.5596 | Val Acc: 0.5230 | Time: 00:00:12
Epoch 011 | Seed 2026 | Rate 0.20 | Train Loss: 1.9616 | Val Loss: 1.5265 | Acc (clean): 0.7090 | Acc (poison): 0.5712 | Val Acc: 0.5948 | Time: 00:00:12
Epoch 012 | Seed 2026 | Rate 0.20 | Train Loss: 1.9290 | Val Loss: 1.5987 | Acc (clean): 0.7226 | Acc (poison): 0.5835 | Val Acc: 0.5707 | Time: 00:00:12
Epoch 013 | Seed 2026 | Rate 0.20 | Train Loss: 1.9084 | Val Loss: 1.1449 | Acc (clean): 0.7342 | Acc (poison): 0.5915 | Val Acc: 0.7100 | Time: 00:00:12
Epoch 014 | Seed 2026 | Rate 0.20 | Train Loss: 1.8730 | Val Loss: 1.4257 | Acc (clean): 0.7410 | Acc (poison): 0.5991 | Val Acc: 0.6322 | Time: 00:00:12
Epoch 015 | Seed 2026 | Rate 0.20 | Train Loss: 1.8635 | Val Loss: 1.9639 | Acc (clean): 0.7414 | Acc (poison): 0.5991 | Val Acc: 0.4989 | Time: 00:00:12
Epoch 016 | Seed 2026 | Rate 0.20 | Train Loss: 1.8472 | Val Loss: 1.4855 | Acc (clean): 0.7567 | Acc (poison): 0.6091 | Val Acc: 0.6319 | Time: 00:00:12
Epoch 017 | Seed 2026 | Rate 0.20 | Train Loss: 1.8406 | Val Loss: 1.1616 | Acc (clean): 0.7579 | Acc (poison): 0.6118 | Val Acc: 0.7163 | Time: 00:00:12
Epoch 018 | Seed 2026 | Rate 0.20 | Train Loss: 1.8294 | Val Loss: 1.4419 | Acc (clean): 0.7585 | Acc (poison): 0.6118 | Val Acc: 0.6274 | Time: 00:00:12
Epoch 019 | Seed 2026 | Rate 0.20 | Train Loss: 1.8161 | Val Loss: 1.6184 | Acc (clean): 0.7663 | Acc (poison): 0.6179 | Val Acc: 0.5752 | Time: 00:00:12
Epoch 020 | Seed 2026 | Rate 0.20 | Train Loss: 1.8076 | Val Loss: 1.6064 | Acc (clean): 0.7680 | Acc (poison): 0.6208 | Val Acc: 0.5881 | Time: 00:00:12
Epoch 021 | Seed 2026 | Rate 0.20 | Train Loss: 1.8028 | Val Loss: 1.5218 | Acc (clean): 0.7708 | Acc (poison): 0.6224 | Val Acc: 0.5959 | Time: 00:00:12
Epoch 022 | Seed 2026 | Rate 0.20 | Train Loss: 1.8037 | Val Loss: 1.6208 | Acc (clean): 0.7735 | Acc (poison): 0.6246 | Val Acc: 0.5870 | Time: 00:00:12
Epoch 023 | Seed 2026 | Rate 0.20 | Train Loss: 1.8027 | Val Loss: 1.1143 | Acc (clean): 0.7732 | Acc (poison): 0.6251 | Val Acc: 0.7374 | Time: 00:00:12
Epoch 024 | Seed 2026 | Rate 0.20 | Train Loss: 1.7944 | Val Loss: 1.7401 | Acc (clean): 0.7691 | Acc (poison): 0.6210 | Val Acc: 0.5585 | Time: 00:00:12
Epoch 025 | Seed 2026 | Rate 0.20 | Train Loss: 1.7898 | Val Loss: 1.5367 | Acc (clean): 0.7778 | Acc (poison): 0.6288 | Val Acc: 0.5900 | Time: 00:00:12
Epoch 026 | Seed 2026 | Rate 0.20 | Train Loss: 0.6551 | Val Loss: 1.2903 | Acc (clean): 0.7470 | Acc (poison): 0.6027 | Val Acc: 0.6422 | Time: 00:00:12
Epoch 027 | Seed 2026 | Rate 0.20 | Train Loss: 0.6270 | Val Loss: 1.4883 | Acc (clean): 0.7431 | Acc (poison): 0.5998 | Val Acc: 0.5889 | Time: 00:00:12
Epoch 028 | Seed 2026 | Rate 0.20 | Train Loss: 0.5751 | Val Loss: 1.1285 | Acc (clean): 0.7651 | Acc (poison): 0.6168 | Val Acc: 0.6722 | Time: 00:00:12
Epoch 029 | Seed 2026 | Rate 0.20 | Train Loss: 0.5840 | Val Loss: 1.1738 | Acc (clean): 0.7684 | Acc (poison): 0.6189 | Val Acc: 0.6619 | Time: 00:00:12
Epoch 030 | Seed 2026 | Rate 0.20 | Train Loss: 0.5626 | Val Loss: 1.0337 | Acc (clean): 0.7800 | Acc (poison): 0.6265 | Val Acc: 0.7089 | Time: 00:00:12
Epoch 031 | Seed 2026 | Rate 0.20 | Train Loss: 0.5313 | Val Loss: 1.3955 | Acc (clean): 0.7834 | Acc (poison): 0.6311 | Val Acc: 0.6137 | Time: 00:00:12
Epoch 032 | Seed 2026 | Rate 0.20 | Train Loss: 0.5606 | Val Loss: 0.9872 | Acc (clean): 0.7878 | Acc (poison): 0.6337 | Val Acc: 0.7030 | Time: 00:00:12
Epoch 033 | Seed 2026 | Rate 0.20 | Train Loss: 0.5535 | Val Loss: 1.1915 | Acc (clean): 0.7853 | Acc (poison): 0.6326 | Val Acc: 0.6681 | Time: 00:00:12
Epoch 034 | Seed 2026 | Rate 0.20 | Train Loss: 0.5409 | Val Loss: 1.2344 | Acc (clean): 0.7891 | Acc (poison): 0.6354 | Val Acc: 0.6659 | Time: 00:00:12
Epoch 035 | Seed 2026 | Rate 0.20 | Train Loss: 0.5317 | Val Loss: 1.1203 | Acc (clean): 0.7926 | Acc (poison): 0.6403 | Val Acc: 0.6856 | Time: 00:00:12
Epoch 036 | Seed 2026 | Rate 0.20 | Train Loss: 0.5312 | Val Loss: 0.9702 | Acc (clean): 0.7954 | Acc (poison): 0.6400 | Val Acc: 0.7100 | Time: 00:00:12
Epoch 037 | Seed 2026 | Rate 0.20 | Train Loss: 0.5512 | Val Loss: 1.3549 | Acc (clean): 0.7940 | Acc (poison): 0.6380 | Val Acc: 0.6115 | Time: 00:00:12
Epoch 038 | Seed 2026 | Rate 0.20 | Train Loss: 0.5413 | Val Loss: 0.9215 | Acc (clean): 0.7949 | Acc (poison): 0.6397 | Val Acc: 0.7407 | Time: 00:00:12
Epoch 039 | Seed 2026 | Rate 0.20 | Train Loss: 0.5264 | Val Loss: 0.9668 | Acc (clean): 0.7983 | Acc (poison): 0.6435 | Val Acc: 0.7278 | Time: 00:00:12
Epoch 040 | Seed 2026 | Rate 0.20 | Train Loss: 0.5286 | Val Loss: 1.1785 | Acc (clean): 0.7963 | Acc (poison): 0.6406 | Val Acc: 0.6696 | Time: 00:00:12
Epoch 041 | Seed 2026 | Rate 0.20 | Train Loss: 0.5384 | Val Loss: 1.1172 | Acc (clean): 0.7930 | Acc (poison): 0.6380 | Val Acc: 0.6770 | Time: 00:00:12
Epoch 042 | Seed 2026 | Rate 0.20 | Train Loss: 0.5335 | Val Loss: 1.3864 | Acc (clean): 0.7999 | Acc (poison): 0.6425 | Val Acc: 0.6393 | Time: 00:00:12
Epoch 043 | Seed 2026 | Rate 0.20 | Train Loss: 0.5273 | Val Loss: 1.5724 | Acc (clean): 0.7977 | Acc (poison): 0.6428 | Val Acc: 0.5678 | Time: 00:00:12
Epoch 044 | Seed 2026 | Rate 0.20 | Train Loss: 0.5187 | Val Loss: 0.9462 | Acc (clean): 0.7995 | Acc (poison): 0.6451 | Val Acc: 0.7152 | Time: 00:00:12
Epoch 045 | Seed 2026 | Rate 0.20 | Train Loss: 0.5261 | Val Loss: 1.6273 | Acc (clean): 0.7983 | Acc (poison): 0.6424 | Val Acc: 0.5996 | Time: 00:00:12
Epoch 046 | Seed 2026 | Rate 0.20 | Train Loss: 0.5640 | Val Loss: 0.7974 | Acc (clean): 0.7993 | Acc (poison): 0.6453 | Val Acc: 0.7656 | Time: 00:00:12
Epoch 047 | Seed 2026 | Rate 0.20 | Train Loss: 0.5347 | Val Loss: 1.0870 | Acc (clean): 0.8018 | Acc (poison): 0.6465 | Val Acc: 0.6807 | Time: 00:00:12
Epoch 048 | Seed 2026 | Rate 0.20 | Train Loss: 0.5243 | Val Loss: 1.1506 | Acc (clean): 0.7982 | Acc (poison): 0.6428 | Val Acc: 0.6659 | Time: 00:00:12
Epoch 049 | Seed 2026 | Rate 0.20 | Train Loss: 0.5248 | Val Loss: 1.4801 | Acc (clean): 0.7999 | Acc (poison): 0.6432 | Val Acc: 0.5941 | Time: 00:00:12
Epoch 050 | Seed 2026 | Rate 0.20 | Train Loss: 0.5342 | Val Loss: 1.4806 | Acc (clean): 0.8047 | Acc (poison): 0.6481 | Val Acc: 0.6200 | Time: 00:00:12
Epoch 051 | Seed 2026 | Rate 0.20 | Train Loss: 0.3120 | Val Loss: 0.4294 | Acc (clean): 0.8685 | Acc (poison): 0.7003 | Val Acc: 0.8715 | Time: 00:00:12
Epoch 052 | Seed 2026 | Rate 0.20 | Train Loss: 0.2338 | Val Loss: 0.3795 | Acc (clean): 0.8930 | Acc (poison): 0.7214 | Val Acc: 0.8778 | Time: 00:00:12
Epoch 053 | Seed 2026 | Rate 0.20 | Train Loss: 0.2223 | Val Loss: 0.3888 | Acc (clean): 0.9002 | Acc (poison): 0.7281 | Val Acc: 0.8819 | Time: 00:00:12
Epoch 054 | Seed 2026 | Rate 0.20 | Train Loss: 0.2009 | Val Loss: 0.3707 | Acc (clean): 0.9032 | Acc (poison): 0.7302 | Val Acc: 0.8881 | Time: 00:00:12
Epoch 055 | Seed 2026 | Rate 0.20 | Train Loss: 0.1955 | Val Loss: 0.3727 | Acc (clean): 0.9087 | Acc (poison): 0.7351 | Val Acc: 0.8859 | Time: 00:00:12
Epoch 056 | Seed 2026 | Rate 0.20 | Train Loss: 0.1898 | Val Loss: 0.3610 | Acc (clean): 0.9130 | Acc (poison): 0.7405 | Val Acc: 0.8904 | Time: 00:00:12
Epoch 057 | Seed 2026 | Rate 0.20 | Train Loss: 0.1745 | Val Loss: 0.3673 | Acc (clean): 0.9151 | Acc (poison): 0.7419 | Val Acc: 0.8907 | Time: 00:00:12
Epoch 058 | Seed 2026 | Rate 0.20 | Train Loss: 0.1699 | Val Loss: 0.3529 | Acc (clean): 0.9219 | Acc (poison): 0.7472 | Val Acc: 0.8970 | Time: 00:00:12
Epoch 059 | Seed 2026 | Rate 0.20 | Train Loss: 0.1698 | Val Loss: 0.3524 | Acc (clean): 0.9209 | Acc (poison): 0.7477 | Val Acc: 0.8900 | Time: 00:00:12
Epoch 060 | Seed 2026 | Rate 0.20 | Train Loss: 0.1596 | Val Loss: 0.3481 | Acc (clean): 0.9233 | Acc (poison): 0.7494 | Val Acc: 0.8948 | Time: 00:00:12
Epoch 061 | Seed 2026 | Rate 0.20 | Train Loss: 0.1545 | Val Loss: 0.3555 | Acc (clean): 0.9237 | Acc (poison): 0.7501 | Val Acc: 0.8926 | Time: 00:00:12
Epoch 062 | Seed 2026 | Rate 0.20 | Train Loss: 0.1623 | Val Loss: 0.3396 | Acc (clean): 0.9260 | Acc (poison): 0.7528 | Val Acc: 0.9000 | Time: 00:00:12
Epoch 063 | Seed 2026 | Rate 0.20 | Train Loss: 0.1459 | Val Loss: 0.3464 | Acc (clean): 0.9290 | Acc (poison): 0.7556 | Val Acc: 0.8974 | Time: 00:00:12
Epoch 064 | Seed 2026 | Rate 0.20 | Train Loss: 0.1433 | Val Loss: 0.3460 | Acc (clean): 0.9305 | Acc (poison): 0.7579 | Val Acc: 0.8941 | Time: 00:00:12
Epoch 065 | Seed 2026 | Rate 0.20 | Train Loss: 0.1437 | Val Loss: 0.3504 | Acc (clean): 0.9312 | Acc (poison): 0.7581 | Val Acc: 0.8944 | Time: 00:00:12
Epoch 066 | Seed 2026 | Rate 0.20 | Train Loss: 0.1420 | Val Loss: 0.3397 | Acc (clean): 0.9321 | Acc (poison): 0.7586 | Val Acc: 0.8937 | Time: 00:00:12
Epoch 067 | Seed 2026 | Rate 0.20 | Train Loss: 0.1434 | Val Loss: 0.3421 | Acc (clean): 0.9316 | Acc (poison): 0.7579 | Val Acc: 0.8952 | Time: 00:00:12
Epoch 068 | Seed 2026 | Rate 0.20 | Train Loss: 0.1507 | Val Loss: 0.3447 | Acc (clean): 0.9362 | Acc (poison): 0.7624 | Val Acc: 0.8937 | Time: 00:00:12
Epoch 069 | Seed 2026 | Rate 0.20 | Train Loss: 0.1332 | Val Loss: 0.3521 | Acc (clean): 0.9351 | Acc (poison): 0.7615 | Val Acc: 0.8926 | Time: 00:00:12
Epoch 070 | Seed 2026 | Rate 0.20 | Train Loss: 0.1295 | Val Loss: 0.3355 | Acc (clean): 0.9389 | Acc (poison): 0.7646 | Val Acc: 0.8919 | Time: 00:00:12
Epoch 071 | Seed 2026 | Rate 0.20 | Train Loss: 0.1251 | Val Loss: 0.3381 | Acc (clean): 0.9383 | Acc (poison): 0.7641 | Val Acc: 0.9033 | Time: 00:00:12
Epoch 072 | Seed 2026 | Rate 0.20 | Train Loss: 0.1316 | Val Loss: 0.3538 | Acc (clean): 0.9398 | Acc (poison): 0.7657 | Val Acc: 0.8926 | Time: 00:00:12
Epoch 073 | Seed 2026 | Rate 0.20 | Train Loss: 0.1234 | Val Loss: 0.3339 | Acc (clean): 0.9402 | Acc (poison): 0.7668 | Val Acc: 0.8985 | Time: 00:00:12
Epoch 074 | Seed 2026 | Rate 0.20 | Train Loss: 0.1194 | Val Loss: 0.3603 | Acc (clean): 0.9420 | Acc (poison): 0.7692 | Val Acc: 0.8956 | Time: 00:00:12
Epoch 075 | Seed 2026 | Rate 0.20 | Train Loss: 0.1237 | Val Loss: 0.3389 | Acc (clean): 0.9386 | Acc (poison): 0.7668 | Val Acc: 0.9000 | Time: 00:00:12
Epoch 076 | Seed 2026 | Rate 0.20 | Train Loss: 0.1017 | Val Loss: 0.3017 | Acc (clean): 0.9479 | Acc (poison): 0.7748 | Val Acc: 0.9163 | Time: 00:00:12
Epoch 077 | Seed 2026 | Rate 0.20 | Train Loss: 0.0867 | Val Loss: 0.3041 | Acc (clean): 0.9523 | Acc (poison): 0.7796 | Val Acc: 0.9115 | Time: 00:00:12
Epoch 078 | Seed 2026 | Rate 0.20 | Train Loss: 0.0858 | Val Loss: 0.2995 | Acc (clean): 0.9544 | Acc (poison): 0.7807 | Val Acc: 0.9141 | Time: 00:00:12
Epoch 079 | Seed 2026 | Rate 0.20 | Train Loss: 0.0833 | Val Loss: 0.3049 | Acc (clean): 0.9548 | Acc (poison): 0.7804 | Val Acc: 0.9130 | Time: 00:00:12
Epoch 080 | Seed 2026 | Rate 0.20 | Train Loss: 0.0821 | Val Loss: 0.3067 | Acc (clean): 0.9556 | Acc (poison): 0.7815 | Val Acc: 0.9107 | Time: 00:00:12
Epoch 081 | Seed 2026 | Rate 0.20 | Train Loss: 0.0786 | Val Loss: 0.3087 | Acc (clean): 0.9568 | Acc (poison): 0.7833 | Val Acc: 0.9104 | Time: 00:00:12
Epoch 082 | Seed 2026 | Rate 0.20 | Train Loss: 0.0780 | Val Loss: 0.3076 | Acc (clean): 0.9566 | Acc (poison): 0.7833 | Val Acc: 0.9107 | Time: 00:00:12
Epoch 083 | Seed 2026 | Rate 0.20 | Train Loss: 0.0788 | Val Loss: 0.3015 | Acc (clean): 0.9552 | Acc (poison): 0.7821 | Val Acc: 0.9141 | Time: 00:00:12
Epoch 084 | Seed 2026 | Rate 0.20 | Train Loss: 0.0789 | Val Loss: 0.3019 | Acc (clean): 0.9558 | Acc (poison): 0.7833 | Val Acc: 0.9148 | Time: 00:00:12
Epoch 085 | Seed 2026 | Rate 0.20 | Train Loss: 0.0797 | Val Loss: 0.3083 | Acc (clean): 0.9561 | Acc (poison): 0.7834 | Val Acc: 0.9096 | Time: 00:00:12
Epoch 086 | Seed 2026 | Rate 0.20 | Train Loss: 0.0777 | Val Loss: 0.3036 | Acc (clean): 0.9554 | Acc (poison): 0.7832 | Val Acc: 0.9119 | Time: 00:00:12
Epoch 087 | Seed 2026 | Rate 0.20 | Train Loss: 0.0735 | Val Loss: 0.3111 | Acc (clean): 0.9574 | Acc (poison): 0.7836 | Val Acc: 0.9100 | Time: 00:00:12
Epoch 088 | Seed 2026 | Rate 0.20 | Train Loss: 0.0745 | Val Loss: 0.3133 | Acc (clean): 0.9577 | Acc (poison): 0.7838 | Val Acc: 0.9107 | Time: 00:00:12
Epoch 089 | Seed 2026 | Rate 0.20 | Train Loss: 0.0738 | Val Loss: 0.3055 | Acc (clean): 0.9573 | Acc (poison): 0.7837 | Val Acc: 0.9104 | Time: 00:00:12
Epoch 090 | Seed 2026 | Rate 0.20 | Train Loss: 0.0766 | Val Loss: 0.3049 | Acc (clean): 0.9581 | Acc (poison): 0.7847 | Val Acc: 0.9111 | Time: 00:00:12
Epoch 091 | Seed 2026 | Rate 0.20 | Train Loss: 0.0725 | Val Loss: 0.3141 | Acc (clean): 0.9586 | Acc (poison): 0.7857 | Val Acc: 0.9078 | Time: 00:00:12
Epoch 092 | Seed 2026 | Rate 0.20 | Train Loss: 0.0764 | Val Loss: 0.3027 | Acc (clean): 0.9578 | Acc (poison): 0.7852 | Val Acc: 0.9144 | Time: 00:00:12
Epoch 093 | Seed 2026 | Rate 0.20 | Train Loss: 0.0726 | Val Loss: 0.3021 | Acc (clean): 0.9588 | Acc (poison): 0.7854 | Val Acc: 0.9133 | Time: 00:00:12
Epoch 094 | Seed 2026 | Rate 0.20 | Train Loss: 0.0731 | Val Loss: 0.3009 | Acc (clean): 0.9570 | Acc (poison): 0.7849 | Val Acc: 0.9144 | Time: 00:00:12
Epoch 095 | Seed 2026 | Rate 0.20 | Train Loss: 0.0694 | Val Loss: 0.3006 | Acc (clean): 0.9582 | Acc (poison): 0.7861 | Val Acc: 0.9178 | Time: 00:00:12
Epoch 096 | Seed 2026 | Rate 0.20 | Train Loss: 0.0696 | Val Loss: 0.3080 | Acc (clean): 0.9591 | Acc (poison): 0.7871 | Val Acc: 0.9111 | Time: 00:00:12
Epoch 097 | Seed 2026 | Rate 0.20 | Train Loss: 0.0715 | Val Loss: 0.3121 | Acc (clean): 0.9591 | Acc (poison): 0.7861 | Val Acc: 0.9115 | Time: 00:00:12
Epoch 098 | Seed 2026 | Rate 0.20 | Train Loss: 0.0704 | Val Loss: 0.3085 | Acc (clean): 0.9583 | Acc (poison): 0.7863 | Val Acc: 0.9126 | Time: 00:00:12
Epoch 099 | Seed 2026 | Rate 0.20 | Train Loss: 0.0711 | Val Loss: 0.3067 | Acc (clean): 0.9582 | Acc (poison): 0.7860 | Val Acc: 0.9122 | Time: 00:00:12
Epoch 100 | Seed 2026 | Rate 0.20 | Train Loss: 0.0682 | Val Loss: 0.3029 | Acc (clean): 0.9591 | Acc (poison): 0.7867 | Val Acc: 0.9130 | Time: 00:00:12

=== defense=gmm_filter attack=RQ2 seed=2026 rate=0.01 ===
Loading train data from /home/yazanme/BachelorThesis/BachelorThesis/data/processed/resisc45/train.h5 with mapping /home/yazanme/BachelorThesis/BachelorThesis/data/processed/resisc45/poisoned/RQ2/seed_2026/labels_0.01.pt... (in_memory=True, workers=4)
Testing torch.compile support...
Successfully compiled model using torch.compile.
Epoch 001 | Seed 2026 | Rate 0.01 | Train Loss: 2.8119 | Val Loss: 2.4419 | Acc (clean): 0.2386 | Acc (poison): 0.2376 | Val Acc: 0.3285 | Time: 00:00:12
Epoch 002 | Seed 2026 | Rate 0.01 | Train Loss: 1.9091 | Val Loss: 2.4523 | Acc (clean): 0.4460 | Acc (poison): 0.4431 | Val Acc: 0.3296 | Time: 00:00:11
Epoch 003 | Seed 2026 | Rate 0.01 | Train Loss: 1.5696 | Val Loss: 1.6824 | Acc (clean): 0.5399 | Acc (poison): 0.5360 | Val Acc: 0.5078 | Time: 00:00:11
Epoch 004 | Seed 2026 | Rate 0.01 | Train Loss: 1.3243 | Val Loss: 1.6401 | Acc (clean): 0.6034 | Acc (poison): 0.5992 | Val Acc: 0.5141 | Time: 00:00:11
Epoch 005 | Seed 2026 | Rate 0.01 | Train Loss: 1.1394 | Val Loss: 1.2306 | Acc (clean): 0.6556 | Acc (poison): 0.6504 | Val Acc: 0.6226 | Time: 00:00:12
Epoch 006 | Seed 2026 | Rate 0.01 | Train Loss: 0.9753 | Val Loss: 1.4928 | Acc (clean): 0.7058 | Acc (poison): 0.6999 | Val Acc: 0.5741 | Time: 00:00:12
Epoch 007 | Seed 2026 | Rate 0.01 | Train Loss: 0.8912 | Val Loss: 1.2873 | Acc (clean): 0.7340 | Acc (poison): 0.7274 | Val Acc: 0.6237 | Time: 00:00:12
Epoch 008 | Seed 2026 | Rate 0.01 | Train Loss: 0.8028 | Val Loss: 1.0274 | Acc (clean): 0.7580 | Acc (poison): 0.7516 | Val Acc: 0.6844 | Time: 00:00:12
Epoch 009 | Seed 2026 | Rate 0.01 | Train Loss: 0.7654 | Val Loss: 0.9782 | Acc (clean): 0.7655 | Acc (poison): 0.7592 | Val Acc: 0.6963 | Time: 00:00:12
Epoch 010 | Seed 2026 | Rate 0.01 | Train Loss: 0.7167 | Val Loss: 0.8838 | Acc (clean): 0.7853 | Acc (poison): 0.7784 | Val Acc: 0.7219 | Time: 00:00:12
Epoch 011 | Seed 2026 | Rate 0.01 | Train Loss: 0.6989 | Val Loss: 1.0298 | Acc (clean): 0.7912 | Acc (poison): 0.7844 | Val Acc: 0.6848 | Time: 00:00:12
Epoch 012 | Seed 2026 | Rate 0.01 | Train Loss: 0.6737 | Val Loss: 1.2447 | Acc (clean): 0.7987 | Acc (poison): 0.7917 | Val Acc: 0.6367 | Time: 00:00:12
Epoch 013 | Seed 2026 | Rate 0.01 | Train Loss: 0.6548 | Val Loss: 1.1386 | Acc (clean): 0.8073 | Acc (poison): 0.8004 | Val Acc: 0.6611 | Time: 00:00:12
Epoch 014 | Seed 2026 | Rate 0.01 | Train Loss: 0.6301 | Val Loss: 0.7645 | Acc (clean): 0.8121 | Acc (poison): 0.8052 | Val Acc: 0.7619 | Time: 00:00:12
Epoch 015 | Seed 2026 | Rate 0.01 | Train Loss: 0.6181 | Val Loss: 0.9415 | Acc (clean): 0.8159 | Acc (poison): 0.8097 | Val Acc: 0.7167 | Time: 00:00:12
Epoch 016 | Seed 2026 | Rate 0.01 | Train Loss: 0.6213 | Val Loss: 0.9822 | Acc (clean): 0.8167 | Acc (poison): 0.8097 | Val Acc: 0.7019 | Time: 00:00:12
Epoch 017 | Seed 2026 | Rate 0.01 | Train Loss: 0.6175 | Val Loss: 0.9582 | Acc (clean): 0.8183 | Acc (poison): 0.8109 | Val Acc: 0.6985 | Time: 00:00:12
Epoch 018 | Seed 2026 | Rate 0.01 | Train Loss: 0.6158 | Val Loss: 0.9182 | Acc (clean): 0.8154 | Acc (poison): 0.8083 | Val Acc: 0.7119 | Time: 00:00:12
Epoch 019 | Seed 2026 | Rate 0.01 | Train Loss: 0.6042 | Val Loss: 0.7586 | Acc (clean): 0.8211 | Acc (poison): 0.8139 | Val Acc: 0.7633 | Time: 00:00:12
Epoch 020 | Seed 2026 | Rate 0.01 | Train Loss: 0.5793 | Val Loss: 1.1999 | Acc (clean): 0.8320 | Acc (poison): 0.8246 | Val Acc: 0.6589 | Time: 00:00:12
Epoch 021 | Seed 2026 | Rate 0.01 | Train Loss: 0.5974 | Val Loss: 1.2498 | Acc (clean): 0.8232 | Acc (poison): 0.8157 | Val Acc: 0.6278 | Time: 00:00:12
Epoch 022 | Seed 2026 | Rate 0.01 | Train Loss: 0.5900 | Val Loss: 0.7306 | Acc (clean): 0.8242 | Acc (poison): 0.8169 | Val Acc: 0.7767 | Time: 00:00:12
Epoch 023 | Seed 2026 | Rate 0.01 | Train Loss: 0.5873 | Val Loss: 0.9546 | Acc (clean): 0.8236 | Acc (poison): 0.8170 | Val Acc: 0.7122 | Time: 00:00:12
Epoch 024 | Seed 2026 | Rate 0.01 | Train Loss: 0.5968 | Val Loss: 0.8173 | Acc (clean): 0.8255 | Acc (poison): 0.8179 | Val Acc: 0.7485 | Time: 00:00:12
Epoch 025 | Seed 2026 | Rate 0.01 | Train Loss: 0.5786 | Val Loss: 0.7003 | Acc (clean): 0.8285 | Acc (poison): 0.8208 | Val Acc: 0.7826 | Time: 00:00:12
Epoch 026 | Seed 2026 | Rate 0.01 | Train Loss: 0.3672 | Val Loss: 0.9074 | Acc (clean): 0.8250 | Acc (poison): 0.8177 | Val Acc: 0.7459 | Time: 00:00:12
Epoch 027 | Seed 2026 | Rate 0.01 | Train Loss: 0.3904 | Val Loss: 0.9704 | Acc (clean): 0.8121 | Acc (poison): 0.8051 | Val Acc: 0.7248 | Time: 00:00:12
Epoch 028 | Seed 2026 | Rate 0.01 | Train Loss: 0.3768 | Val Loss: 0.9419 | Acc (clean): 0.8152 | Acc (poison): 0.8080 | Val Acc: 0.7419 | Time: 00:00:12
Epoch 029 | Seed 2026 | Rate 0.01 | Train Loss: 0.3688 | Val Loss: 1.1725 | Acc (clean): 0.8133 | Acc (poison): 0.8068 | Val Acc: 0.6844 | Time: 00:00:12
Epoch 030 | Seed 2026 | Rate 0.01 | Train Loss: 0.3716 | Val Loss: 1.2259 | Acc (clean): 0.8186 | Acc (poison): 0.8110 | Val Acc: 0.6681 | Time: 00:00:12
Epoch 031 | Seed 2026 | Rate 0.01 | Train Loss: 0.3651 | Val Loss: 1.3965 | Acc (clean): 0.8183 | Acc (poison): 0.8113 | Val Acc: 0.6270 | Time: 00:00:12
Epoch 032 | Seed 2026 | Rate 0.01 | Train Loss: 0.3830 | Val Loss: 1.1083 | Acc (clean): 0.8133 | Acc (poison): 0.8060 | Val Acc: 0.6907 | Time: 00:00:12
Epoch 033 | Seed 2026 | Rate 0.01 | Train Loss: 0.3878 | Val Loss: 0.9338 | Acc (clean): 0.8129 | Acc (poison): 0.8059 | Val Acc: 0.7237 | Time: 00:00:12
Epoch 034 | Seed 2026 | Rate 0.01 | Train Loss: 0.3831 | Val Loss: 1.0324 | Acc (clean): 0.8130 | Acc (poison): 0.8055 | Val Acc: 0.7041 | Time: 00:00:12
Epoch 035 | Seed 2026 | Rate 0.01 | Train Loss: 0.3860 | Val Loss: 1.1523 | Acc (clean): 0.8121 | Acc (poison): 0.8049 | Val Acc: 0.6693 | Time: 00:00:12
Epoch 036 | Seed 2026 | Rate 0.01 | Train Loss: 0.3794 | Val Loss: 1.1662 | Acc (clean): 0.8183 | Acc (poison): 0.8113 | Val Acc: 0.6800 | Time: 00:00:12
Epoch 037 | Seed 2026 | Rate 0.01 | Train Loss: 0.4004 | Val Loss: 0.8421 | Acc (clean): 0.8169 | Acc (poison): 0.8095 | Val Acc: 0.7578 | Time: 00:00:12
Epoch 038 | Seed 2026 | Rate 0.01 | Train Loss: 0.3638 | Val Loss: 1.0010 | Acc (clean): 0.8192 | Acc (poison): 0.8122 | Val Acc: 0.7185 | Time: 00:00:12
Epoch 039 | Seed 2026 | Rate 0.01 | Train Loss: 0.3779 | Val Loss: 1.4178 | Acc (clean): 0.8140 | Acc (poison): 0.8069 | Val Acc: 0.6437 | Time: 00:00:12
Epoch 040 | Seed 2026 | Rate 0.01 | Train Loss: 0.3543 | Val Loss: 1.8155 | Acc (clean): 0.8199 | Acc (poison): 0.8134 | Val Acc: 0.6267 | Time: 00:00:12
Epoch 041 | Seed 2026 | Rate 0.01 | Train Loss: 0.3698 | Val Loss: 1.1266 | Acc (clean): 0.8161 | Acc (poison): 0.8093 | Val Acc: 0.6974 | Time: 00:00:12
Epoch 042 | Seed 2026 | Rate 0.01 | Train Loss: 0.3731 | Val Loss: 1.3485 | Acc (clean): 0.8181 | Acc (poison): 0.8107 | Val Acc: 0.6600 | Time: 00:00:12
Epoch 043 | Seed 2026 | Rate 0.01 | Train Loss: 0.3787 | Val Loss: 1.4046 | Acc (clean): 0.8111 | Acc (poison): 0.8047 | Val Acc: 0.6200 | Time: 00:00:12
Epoch 044 | Seed 2026 | Rate 0.01 | Train Loss: 0.3792 | Val Loss: 1.0739 | Acc (clean): 0.8176 | Acc (poison): 0.8103 | Val Acc: 0.6896 | Time: 00:00:12
Epoch 045 | Seed 2026 | Rate 0.01 | Train Loss: 0.3911 | Val Loss: 1.3225 | Acc (clean): 0.8144 | Acc (poison): 0.8070 | Val Acc: 0.6622 | Time: 00:00:12
Epoch 046 | Seed 2026 | Rate 0.01 | Train Loss: 0.3829 | Val Loss: 1.0225 | Acc (clean): 0.8154 | Acc (poison): 0.8084 | Val Acc: 0.7141 | Time: 00:00:12
Epoch 047 | Seed 2026 | Rate 0.01 | Train Loss: 0.3541 | Val Loss: 0.8678 | Acc (clean): 0.8204 | Acc (poison): 0.8131 | Val Acc: 0.7504 | Time: 00:00:12
Epoch 048 | Seed 2026 | Rate 0.01 | Train Loss: 0.3732 | Val Loss: 0.9558 | Acc (clean): 0.8197 | Acc (poison): 0.8125 | Val Acc: 0.7385 | Time: 00:00:12
Epoch 049 | Seed 2026 | Rate 0.01 | Train Loss: 0.3589 | Val Loss: 1.1074 | Acc (clean): 0.8176 | Acc (poison): 0.8106 | Val Acc: 0.6956 | Time: 00:00:12
Epoch 050 | Seed 2026 | Rate 0.01 | Train Loss: 0.3661 | Val Loss: 0.9133 | Acc (clean): 0.8141 | Acc (poison): 0.8065 | Val Acc: 0.7319 | Time: 00:00:12
Epoch 051 | Seed 2026 | Rate 0.01 | Train Loss: 0.1998 | Val Loss: 0.4306 | Acc (clean): 0.8768 | Acc (poison): 0.8689 | Val Acc: 0.8678 | Time: 00:00:12
Epoch 052 | Seed 2026 | Rate 0.01 | Train Loss: 0.1361 | Val Loss: 0.4026 | Acc (clean): 0.8967 | Acc (poison): 0.8886 | Val Acc: 0.8744 | Time: 00:00:12
Epoch 053 | Seed 2026 | Rate 0.01 | Train Loss: 0.1346 | Val Loss: 0.3957 | Acc (clean): 0.9031 | Acc (poison): 0.8950 | Val Acc: 0.8815 | Time: 00:00:12
Epoch 054 | Seed 2026 | Rate 0.01 | Train Loss: 0.1253 | Val Loss: 0.3774 | Acc (clean): 0.9097 | Acc (poison): 0.9016 | Val Acc: 0.8885 | Time: 00:00:12
Epoch 055 | Seed 2026 | Rate 0.01 | Train Loss: 0.1305 | Val Loss: 0.3874 | Acc (clean): 0.9149 | Acc (poison): 0.9070 | Val Acc: 0.8863 | Time: 00:00:12
Epoch 056 | Seed 2026 | Rate 0.01 | Train Loss: 0.1241 | Val Loss: 0.3649 | Acc (clean): 0.9174 | Acc (poison): 0.9091 | Val Acc: 0.8889 | Time: 00:00:12
Epoch 057 | Seed 2026 | Rate 0.01 | Train Loss: 0.1201 | Val Loss: 0.3616 | Acc (clean): 0.9218 | Acc (poison): 0.9137 | Val Acc: 0.8904 | Time: 00:00:12
Epoch 058 | Seed 2026 | Rate 0.01 | Train Loss: 0.1131 | Val Loss: 0.3529 | Acc (clean): 0.9256 | Acc (poison): 0.9172 | Val Acc: 0.8926 | Time: 00:00:12
Epoch 059 | Seed 2026 | Rate 0.01 | Train Loss: 0.1112 | Val Loss: 0.3532 | Acc (clean): 0.9258 | Acc (poison): 0.9178 | Val Acc: 0.8956 | Time: 00:00:12
Epoch 060 | Seed 2026 | Rate 0.01 | Train Loss: 0.1114 | Val Loss: 0.3442 | Acc (clean): 0.9288 | Acc (poison): 0.9204 | Val Acc: 0.8989 | Time: 00:00:12
Epoch 061 | Seed 2026 | Rate 0.01 | Train Loss: 0.1053 | Val Loss: 0.3598 | Acc (clean): 0.9320 | Acc (poison): 0.9239 | Val Acc: 0.8956 | Time: 00:00:12
Epoch 062 | Seed 2026 | Rate 0.01 | Train Loss: 0.1038 | Val Loss: 0.3295 | Acc (clean): 0.9342 | Acc (poison): 0.9257 | Val Acc: 0.8970 | Time: 00:00:12
Epoch 063 | Seed 2026 | Rate 0.01 | Train Loss: 0.1012 | Val Loss: 0.3478 | Acc (clean): 0.9350 | Acc (poison): 0.9269 | Val Acc: 0.9011 | Time: 00:00:12
Epoch 064 | Seed 2026 | Rate 0.01 | Train Loss: 0.1025 | Val Loss: 0.3456 | Acc (clean): 0.9377 | Acc (poison): 0.9293 | Val Acc: 0.8996 | Time: 00:00:12
Epoch 065 | Seed 2026 | Rate 0.01 | Train Loss: 0.0934 | Val Loss: 0.3314 | Acc (clean): 0.9400 | Acc (poison): 0.9319 | Val Acc: 0.9041 | Time: 00:00:12
Epoch 066 | Seed 2026 | Rate 0.01 | Train Loss: 0.0927 | Val Loss: 0.3291 | Acc (clean): 0.9409 | Acc (poison): 0.9326 | Val Acc: 0.9033 | Time: 00:00:12
Epoch 067 | Seed 2026 | Rate 0.01 | Train Loss: 0.0986 | Val Loss: 0.3379 | Acc (clean): 0.9420 | Acc (poison): 0.9339 | Val Acc: 0.9056 | Time: 00:00:12
Epoch 068 | Seed 2026 | Rate 0.01 | Train Loss: 0.0910 | Val Loss: 0.3195 | Acc (clean): 0.9445 | Acc (poison): 0.9364 | Val Acc: 0.9026 | Time: 00:00:12
Epoch 069 | Seed 2026 | Rate 0.01 | Train Loss: 0.0987 | Val Loss: 0.3348 | Acc (clean): 0.9418 | Acc (poison): 0.9335 | Val Acc: 0.9070 | Time: 00:00:12
Epoch 070 | Seed 2026 | Rate 0.01 | Train Loss: 0.0948 | Val Loss: 0.3240 | Acc (clean): 0.9456 | Acc (poison): 0.9371 | Val Acc: 0.9030 | Time: 00:00:12
Epoch 071 | Seed 2026 | Rate 0.01 | Train Loss: 0.0956 | Val Loss: 0.3046 | Acc (clean): 0.9453 | Acc (poison): 0.9370 | Val Acc: 0.9093 | Time: 00:00:12
Epoch 072 | Seed 2026 | Rate 0.01 | Train Loss: 0.0908 | Val Loss: 0.3300 | Acc (clean): 0.9471 | Acc (poison): 0.9390 | Val Acc: 0.9067 | Time: 00:00:12
Epoch 073 | Seed 2026 | Rate 0.01 | Train Loss: 0.0895 | Val Loss: 0.3188 | Acc (clean): 0.9491 | Acc (poison): 0.9407 | Val Acc: 0.9070 | Time: 00:00:12
Epoch 074 | Seed 2026 | Rate 0.01 | Train Loss: 0.0863 | Val Loss: 0.3266 | Acc (clean): 0.9521 | Acc (poison): 0.9441 | Val Acc: 0.9011 | Time: 00:00:12
Epoch 075 | Seed 2026 | Rate 0.01 | Train Loss: 0.0922 | Val Loss: 0.3245 | Acc (clean): 0.9490 | Acc (poison): 0.9414 | Val Acc: 0.9048 | Time: 00:00:12
Epoch 076 | Seed 2026 | Rate 0.01 | Train Loss: 0.0714 | Val Loss: 0.2972 | Acc (clean): 0.9577 | Acc (poison): 0.9498 | Val Acc: 0.9115 | Time: 00:00:12
Epoch 077 | Seed 2026 | Rate 0.01 | Train Loss: 0.0648 | Val Loss: 0.2904 | Acc (clean): 0.9604 | Acc (poison): 0.9525 | Val Acc: 0.9133 | Time: 00:00:12
Epoch 078 | Seed 2026 | Rate 0.01 | Train Loss: 0.0648 | Val Loss: 0.2873 | Acc (clean): 0.9628 | Acc (poison): 0.9548 | Val Acc: 0.9133 | Time: 00:00:12
Epoch 079 | Seed 2026 | Rate 0.01 | Train Loss: 0.0630 | Val Loss: 0.2904 | Acc (clean): 0.9621 | Acc (poison): 0.9541 | Val Acc: 0.9115 | Time: 00:00:12
Epoch 080 | Seed 2026 | Rate 0.01 | Train Loss: 0.0569 | Val Loss: 0.2940 | Acc (clean): 0.9633 | Acc (poison): 0.9552 | Val Acc: 0.9122 | Time: 00:00:12
Epoch 081 | Seed 2026 | Rate 0.01 | Train Loss: 0.0562 | Val Loss: 0.2934 | Acc (clean): 0.9647 | Acc (poison): 0.9567 | Val Acc: 0.9122 | Time: 00:00:12
Epoch 082 | Seed 2026 | Rate 0.01 | Train Loss: 0.0587 | Val Loss: 0.2911 | Acc (clean): 0.9641 | Acc (poison): 0.9560 | Val Acc: 0.9122 | Time: 00:00:12
Epoch 083 | Seed 2026 | Rate 0.01 | Train Loss: 0.0628 | Val Loss: 0.2885 | Acc (clean): 0.9634 | Acc (poison): 0.9553 | Val Acc: 0.9122 | Time: 00:00:12
Epoch 084 | Seed 2026 | Rate 0.01 | Train Loss: 0.0602 | Val Loss: 0.2866 | Acc (clean): 0.9642 | Acc (poison): 0.9562 | Val Acc: 0.9126 | Time: 00:00:12
Epoch 085 | Seed 2026 | Rate 0.01 | Train Loss: 0.0575 | Val Loss: 0.2902 | Acc (clean): 0.9657 | Acc (poison): 0.9574 | Val Acc: 0.9122 | Time: 00:00:12
Epoch 086 | Seed 2026 | Rate 0.01 | Train Loss: 0.0555 | Val Loss: 0.2883 | Acc (clean): 0.9656 | Acc (poison): 0.9574 | Val Acc: 0.9126 | Time: 00:00:11
Epoch 087 | Seed 2026 | Rate 0.01 | Train Loss: 0.0559 | Val Loss: 0.2917 | Acc (clean): 0.9663 | Acc (poison): 0.9578 | Val Acc: 0.9133 | Time: 00:00:12
Epoch 088 | Seed 2026 | Rate 0.01 | Train Loss: 0.0562 | Val Loss: 0.2898 | Acc (clean): 0.9660 | Acc (poison): 0.9583 | Val Acc: 0.9093 | Time: 00:00:12
Epoch 089 | Seed 2026 | Rate 0.01 | Train Loss: 0.0576 | Val Loss: 0.2858 | Acc (clean): 0.9656 | Acc (poison): 0.9574 | Val Acc: 0.9137 | Time: 00:00:12
Epoch 090 | Seed 2026 | Rate 0.01 | Train Loss: 0.0548 | Val Loss: 0.2852 | Acc (clean): 0.9668 | Acc (poison): 0.9589 | Val Acc: 0.9130 | Time: 00:00:12
Epoch 091 | Seed 2026 | Rate 0.01 | Train Loss: 0.0564 | Val Loss: 0.2898 | Acc (clean): 0.9661 | Acc (poison): 0.9578 | Val Acc: 0.9111 | Time: 00:00:12
Epoch 092 | Seed 2026 | Rate 0.01 | Train Loss: 0.0537 | Val Loss: 0.2865 | Acc (clean): 0.9663 | Acc (poison): 0.9584 | Val Acc: 0.9119 | Time: 00:00:12
Epoch 093 | Seed 2026 | Rate 0.01 | Train Loss: 0.0571 | Val Loss: 0.2871 | Acc (clean): 0.9667 | Acc (poison): 0.9588 | Val Acc: 0.9148 | Time: 00:00:12
Epoch 094 | Seed 2026 | Rate 0.01 | Train Loss: 0.0552 | Val Loss: 0.2896 | Acc (clean): 0.9678 | Acc (poison): 0.9598 | Val Acc: 0.9126 | Time: 00:00:12
Epoch 095 | Seed 2026 | Rate 0.01 | Train Loss: 0.0518 | Val Loss: 0.2877 | Acc (clean): 0.9679 | Acc (poison): 0.9599 | Val Acc: 0.9141 | Time: 00:00:12
Epoch 096 | Seed 2026 | Rate 0.01 | Train Loss: 0.0544 | Val Loss: 0.2892 | Acc (clean): 0.9677 | Acc (poison): 0.9595 | Val Acc: 0.9122 | Time: 00:00:12
Epoch 097 | Seed 2026 | Rate 0.01 | Train Loss: 0.0532 | Val Loss: 0.2915 | Acc (clean): 0.9673 | Acc (poison): 0.9593 | Val Acc: 0.9126 | Time: 00:00:12
Epoch 098 | Seed 2026 | Rate 0.01 | Train Loss: 0.0521 | Val Loss: 0.2874 | Acc (clean): 0.9678 | Acc (poison): 0.9599 | Val Acc: 0.9122 | Time: 00:00:12
Epoch 099 | Seed 2026 | Rate 0.01 | Train Loss: 0.0535 | Val Loss: 0.2855 | Acc (clean): 0.9672 | Acc (poison): 0.9595 | Val Acc: 0.9159 | Time: 00:00:12
Epoch 100 | Seed 2026 | Rate 0.01 | Train Loss: 0.0508 | Val Loss: 0.2881 | Acc (clean): 0.9684 | Acc (poison): 0.9603 | Val Acc: 0.9137 | Time: 00:00:12

=== defense=gmm_filter attack=RQ2 seed=2026 rate=0.02 ===
Loading train data from /home/yazanme/BachelorThesis/BachelorThesis/data/processed/resisc45/train.h5 with mapping /home/yazanme/BachelorThesis/BachelorThesis/data/processed/resisc45/poisoned/RQ2/seed_2026/labels_0.02.pt... (in_memory=True, workers=4)
Testing torch.compile support...
Successfully compiled model using torch.compile.
Epoch 001 | Seed 2026 | Rate 0.02 | Train Loss: 2.8201 | Val Loss: 2.2967 | Acc (clean): 0.2340 | Acc (poison): 0.2319 | Val Acc: 0.3296 | Time: 00:00:14
Epoch 002 | Seed 2026 | Rate 0.02 | Train Loss: 1.9329 | Val Loss: 2.1290 | Acc (clean): 0.4411 | Acc (poison): 0.4353 | Val Acc: 0.3826 | Time: 00:00:13
Epoch 003 | Seed 2026 | Rate 0.02 | Train Loss: 1.5996 | Val Loss: 1.6189 | Acc (clean): 0.5365 | Acc (poison): 0.5293 | Val Acc: 0.5063 | Time: 00:00:13
Epoch 004 | Seed 2026 | Rate 0.02 | Train Loss: 1.3542 | Val Loss: 1.6916 | Acc (clean): 0.6044 | Acc (poison): 0.5955 | Val Acc: 0.5078 | Time: 00:00:13
Epoch 005 | Seed 2026 | Rate 0.02 | Train Loss: 1.1862 | Val Loss: 1.3019 | Acc (clean): 0.6506 | Acc (poison): 0.6411 | Val Acc: 0.5922 | Time: 00:00:13
Epoch 006 | Seed 2026 | Rate 0.02 | Train Loss: 1.0654 | Val Loss: 1.3041 | Acc (clean): 0.6904 | Acc (poison): 0.6785 | Val Acc: 0.6141 | Time: 00:00:12
Epoch 007 | Seed 2026 | Rate 0.02 | Train Loss: 0.9626 | Val Loss: 1.0610 | Acc (clean): 0.7153 | Acc (poison): 0.7042 | Val Acc: 0.6759 | Time: 00:00:13
Epoch 008 | Seed 2026 | Rate 0.02 | Train Loss: 0.8784 | Val Loss: 1.1242 | Acc (clean): 0.7439 | Acc (poison): 0.7323 | Val Acc: 0.6648 | Time: 00:00:13
Epoch 009 | Seed 2026 | Rate 0.02 | Train Loss: 0.8314 | Val Loss: 1.2200 | Acc (clean): 0.7590 | Acc (poison): 0.7460 | Val Acc: 0.6404 | Time: 00:00:13
Epoch 010 | Seed 2026 | Rate 0.02 | Train Loss: 0.7860 | Val Loss: 1.2310 | Acc (clean): 0.7669 | Acc (poison): 0.7542 | Val Acc: 0.6433 | Time: 00:00:13
Epoch 011 | Seed 2026 | Rate 0.02 | Train Loss: 0.7584 | Val Loss: 1.1379 | Acc (clean): 0.7795 | Acc (poison): 0.7663 | Val Acc: 0.6533 | Time: 00:00:13
Epoch 012 | Seed 2026 | Rate 0.02 | Train Loss: 0.7305 | Val Loss: 1.4873 | Acc (clean): 0.7894 | Acc (poison): 0.7769 | Val Acc: 0.5989 | Time: 00:00:13
Epoch 013 | Seed 2026 | Rate 0.02 | Train Loss: 0.7024 | Val Loss: 0.8667 | Acc (clean): 0.7970 | Acc (poison): 0.7839 | Val Acc: 0.7322 | Time: 00:00:13
Epoch 014 | Seed 2026 | Rate 0.02 | Train Loss: 0.6801 | Val Loss: 1.0745 | Acc (clean): 0.8036 | Acc (poison): 0.7899 | Val Acc: 0.6963 | Time: 00:00:13
Epoch 015 | Seed 2026 | Rate 0.02 | Train Loss: 0.6857 | Val Loss: 1.1249 | Acc (clean): 0.8018 | Acc (poison): 0.7884 | Val Acc: 0.6600 | Time: 00:00:13
Epoch 016 | Seed 2026 | Rate 0.02 | Train Loss: 0.6639 | Val Loss: 0.8852 | Acc (clean): 0.8093 | Acc (poison): 0.7958 | Val Acc: 0.7378 | Time: 00:00:13
Epoch 017 | Seed 2026 | Rate 0.02 | Train Loss: 0.6551 | Val Loss: 0.9277 | Acc (clean): 0.8120 | Acc (poison): 0.7977 | Val Acc: 0.7093 | Time: 00:00:13
Epoch 018 | Seed 2026 | Rate 0.02 | Train Loss: 0.6618 | Val Loss: 1.2244 | Acc (clean): 0.8095 | Acc (poison): 0.7960 | Val Acc: 0.6530 | Time: 00:00:13
Epoch 019 | Seed 2026 | Rate 0.02 | Train Loss: 0.6440 | Val Loss: 1.0507 | Acc (clean): 0.8161 | Acc (poison): 0.8033 | Val Acc: 0.7044 | Time: 00:00:14
Epoch 020 | Seed 2026 | Rate 0.02 | Train Loss: 0.6426 | Val Loss: 0.7107 | Acc (clean): 0.8128 | Acc (poison): 0.7992 | Val Acc: 0.7726 | Time: 00:00:13
Epoch 021 | Seed 2026 | Rate 0.02 | Train Loss: 0.6277 | Val Loss: 1.1815 | Acc (clean): 0.8199 | Acc (poison): 0.8063 | Val Acc: 0.6570 | Time: 00:00:13
Epoch 022 | Seed 2026 | Rate 0.02 | Train Loss: 0.6322 | Val Loss: 0.9167 | Acc (clean): 0.8190 | Acc (poison): 0.8056 | Val Acc: 0.7089 | Time: 00:00:13
Epoch 023 | Seed 2026 | Rate 0.02 | Train Loss: 0.6253 | Val Loss: 0.7852 | Acc (clean): 0.8214 | Acc (poison): 0.8085 | Val Acc: 0.7593 | Time: 00:00:13
Epoch 024 | Seed 2026 | Rate 0.02 | Train Loss: 0.6479 | Val Loss: 1.0047 | Acc (clean): 0.8165 | Acc (poison): 0.8021 | Val Acc: 0.7111 | Time: 00:00:13
Epoch 025 | Seed 2026 | Rate 0.02 | Train Loss: 0.6240 | Val Loss: 0.9647 | Acc (clean): 0.8213 | Acc (poison): 0.8077 | Val Acc: 0.7044 | Time: 00:00:13
Epoch 026 | Seed 2026 | Rate 0.02 | Train Loss: 0.3749 | Val Loss: 1.1847 | Acc (clean): 0.8158 | Acc (poison): 0.8017 | Val Acc: 0.6878 | Time: 00:00:14
Epoch 027 | Seed 2026 | Rate 0.02 | Train Loss: 0.4002 | Val Loss: 1.0526 | Acc (clean): 0.8021 | Acc (poison): 0.7884 | Val Acc: 0.6996 | Time: 00:00:13
Epoch 028 | Seed 2026 | Rate 0.02 | Train Loss: 0.3868 | Val Loss: 1.3150 | Acc (clean): 0.8085 | Acc (poison): 0.7949 | Val Acc: 0.6370 | Time: 00:00:13
Epoch 029 | Seed 2026 | Rate 0.02 | Train Loss: 0.3783 | Val Loss: 1.0032 | Acc (clean): 0.8125 | Acc (poison): 0.7981 | Val Acc: 0.7096 | Time: 00:00:13
Epoch 030 | Seed 2026 | Rate 0.02 | Train Loss: 0.4001 | Val Loss: 0.8264 | Acc (clean): 0.8077 | Acc (poison): 0.7941 | Val Acc: 0.7604 | Time: 00:00:13
Epoch 031 | Seed 2026 | Rate 0.02 | Train Loss: 0.3791 | Val Loss: 1.6277 | Acc (clean): 0.8102 | Acc (poison): 0.7968 | Val Acc: 0.5733 | Time: 00:00:13
Epoch 032 | Seed 2026 | Rate 0.02 | Train Loss: 0.3906 | Val Loss: 1.2302 | Acc (clean): 0.8080 | Acc (poison): 0.7942 | Val Acc: 0.6656 | Time: 00:00:13
Epoch 033 | Seed 2026 | Rate 0.02 | Train Loss: 0.3712 | Val Loss: 1.2564 | Acc (clean): 0.8118 | Acc (poison): 0.7979 | Val Acc: 0.6422 | Time: 00:00:13
Epoch 034 | Seed 2026 | Rate 0.02 | Train Loss: 0.3840 | Val Loss: 0.8313 | Acc (clean): 0.8141 | Acc (poison): 0.8003 | Val Acc: 0.7459 | Time: 00:00:13
Epoch 035 | Seed 2026 | Rate 0.02 | Train Loss: 0.3939 | Val Loss: 1.7047 | Acc (clean): 0.8096 | Acc (poison): 0.7954 | Val Acc: 0.5533 | Time: 00:00:13
Epoch 036 | Seed 2026 | Rate 0.02 | Train Loss: 0.3821 | Val Loss: 1.7711 | Acc (clean): 0.8076 | Acc (poison): 0.7936 | Val Acc: 0.5541 | Time: 00:00:13
Epoch 037 | Seed 2026 | Rate 0.02 | Train Loss: 0.4121 | Val Loss: 1.3023 | Acc (clean): 0.8091 | Acc (poison): 0.7958 | Val Acc: 0.6463 | Time: 00:00:13
Epoch 038 | Seed 2026 | Rate 0.02 | Train Loss: 0.3940 | Val Loss: 1.1899 | Acc (clean): 0.8088 | Acc (poison): 0.7961 | Val Acc: 0.6759 | Time: 00:00:14
Epoch 039 | Seed 2026 | Rate 0.02 | Train Loss: 0.3813 | Val Loss: 0.8394 | Acc (clean): 0.8074 | Acc (poison): 0.7936 | Val Acc: 0.7578 | Time: 00:00:13
Epoch 040 | Seed 2026 | Rate 0.02 | Train Loss: 0.3843 | Val Loss: 0.9821 | Acc (clean): 0.8126 | Acc (poison): 0.7991 | Val Acc: 0.7144 | Time: 00:00:13
Epoch 041 | Seed 2026 | Rate 0.02 | Train Loss: 0.3888 | Val Loss: 1.1821 | Acc (clean): 0.8094 | Acc (poison): 0.7957 | Val Acc: 0.6674 | Time: 00:00:13
Epoch 042 | Seed 2026 | Rate 0.02 | Train Loss: 0.3804 | Val Loss: 1.7784 | Acc (clean): 0.8154 | Acc (poison): 0.8010 | Val Acc: 0.5719 | Time: 00:00:13
Epoch 043 | Seed 2026 | Rate 0.02 | Train Loss: 0.3905 | Val Loss: 1.1400 | Acc (clean): 0.8116 | Acc (poison): 0.7980 | Val Acc: 0.6789 | Time: 00:00:13
Epoch 044 | Seed 2026 | Rate 0.02 | Train Loss: 0.3814 | Val Loss: 1.5390 | Acc (clean): 0.8086 | Acc (poison): 0.7945 | Val Acc: 0.6074 | Time: 00:00:13
Epoch 045 | Seed 2026 | Rate 0.02 | Train Loss: 0.4020 | Val Loss: 2.2969 | Acc (clean): 0.8091 | Acc (poison): 0.7951 | Val Acc: 0.4841 | Time: 00:00:14
Epoch 046 | Seed 2026 | Rate 0.02 | Train Loss: 0.3758 | Val Loss: 1.2669 | Acc (clean): 0.8116 | Acc (poison): 0.7975 | Val Acc: 0.6559 | Time: 00:00:13
Epoch 047 | Seed 2026 | Rate 0.02 | Train Loss: 0.3760 | Val Loss: 2.1523 | Acc (clean): 0.8088 | Acc (poison): 0.7954 | Val Acc: 0.5689 | Time: 00:00:13
Epoch 048 | Seed 2026 | Rate 0.02 | Train Loss: 0.3813 | Val Loss: 0.8560 | Acc (clean): 0.8123 | Acc (poison): 0.7991 | Val Acc: 0.7530 | Time: 00:00:13
Epoch 049 | Seed 2026 | Rate 0.02 | Train Loss: 0.3722 | Val Loss: 1.2361 | Acc (clean): 0.8126 | Acc (poison): 0.7982 | Val Acc: 0.6544 | Time: 00:00:13
Epoch 050 | Seed 2026 | Rate 0.02 | Train Loss: 0.4008 | Val Loss: 1.4730 | Acc (clean): 0.8083 | Acc (poison): 0.7949 | Val Acc: 0.6015 | Time: 00:00:14
Epoch 051 | Seed 2026 | Rate 0.02 | Train Loss: 0.2075 | Val Loss: 0.4441 | Acc (clean): 0.8707 | Acc (poison): 0.8559 | Val Acc: 0.8656 | Time: 00:00:13
Epoch 052 | Seed 2026 | Rate 0.02 | Train Loss: 0.1542 | Val Loss: 0.4057 | Acc (clean): 0.8911 | Acc (poison): 0.8754 | Val Acc: 0.8715 | Time: 00:00:13
Epoch 053 | Seed 2026 | Rate 0.02 | Train Loss: 0.1398 | Val Loss: 0.3999 | Acc (clean): 0.8984 | Acc (poison): 0.8826 | Val Acc: 0.8822 | Time: 00:00:13
Epoch 054 | Seed 2026 | Rate 0.02 | Train Loss: 0.1396 | Val Loss: 0.3772 | Acc (clean): 0.9033 | Acc (poison): 0.8874 | Val Acc: 0.8919 | Time: 00:00:13
Epoch 055 | Seed 2026 | Rate 0.02 | Train Loss: 0.1276 | Val Loss: 0.3938 | Acc (clean): 0.9106 | Acc (poison): 0.8944 | Val Acc: 0.8863 | Time: 00:00:14
Epoch 056 | Seed 2026 | Rate 0.02 | Train Loss: 0.1404 | Val Loss: 0.3641 | Acc (clean): 0.9118 | Acc (poison): 0.8961 | Val Acc: 0.8944 | Time: 00:00:13
Epoch 057 | Seed 2026 | Rate 0.02 | Train Loss: 0.1267 | Val Loss: 0.3599 | Acc (clean): 0.9166 | Acc (poison): 0.9007 | Val Acc: 0.8926 | Time: 00:00:13
Epoch 058 | Seed 2026 | Rate 0.02 | Train Loss: 0.1392 | Val Loss: 0.3476 | Acc (clean): 0.9192 | Acc (poison): 0.9036 | Val Acc: 0.8959 | Time: 00:00:13
Epoch 059 | Seed 2026 | Rate 0.02 | Train Loss: 0.1272 | Val Loss: 0.3493 | Acc (clean): 0.9203 | Acc (poison): 0.9044 | Val Acc: 0.8996 | Time: 00:00:13
Epoch 060 | Seed 2026 | Rate 0.02 | Train Loss: 0.1289 | Val Loss: 0.3465 | Acc (clean): 0.9241 | Acc (poison): 0.9081 | Val Acc: 0.8993 | Time: 00:00:14
Epoch 061 | Seed 2026 | Rate 0.02 | Train Loss: 0.1153 | Val Loss: 0.3546 | Acc (clean): 0.9262 | Acc (poison): 0.9104 | Val Acc: 0.8970 | Time: 00:00:14
Epoch 062 | Seed 2026 | Rate 0.02 | Train Loss: 0.1316 | Val Loss: 0.3376 | Acc (clean): 0.9280 | Acc (poison): 0.9122 | Val Acc: 0.8967 | Time: 00:00:13
Epoch 063 | Seed 2026 | Rate 0.02 | Train Loss: 0.1148 | Val Loss: 0.3453 | Acc (clean): 0.9331 | Acc (poison): 0.9167 | Val Acc: 0.8978 | Time: 00:00:13
Epoch 064 | Seed 2026 | Rate 0.02 | Train Loss: 0.1156 | Val Loss: 0.3469 | Acc (clean): 0.9339 | Acc (poison): 0.9182 | Val Acc: 0.8974 | Time: 00:00:13
Epoch 065 | Seed 2026 | Rate 0.02 | Train Loss: 0.1093 | Val Loss: 0.3380 | Acc (clean): 0.9355 | Acc (poison): 0.9197 | Val Acc: 0.9011 | Time: 00:00:13
Epoch 066 | Seed 2026 | Rate 0.02 | Train Loss: 0.1176 | Val Loss: 0.3530 | Acc (clean): 0.9372 | Acc (poison): 0.9214 | Val Acc: 0.8926 | Time: 00:00:13
Epoch 067 | Seed 2026 | Rate 0.02 | Train Loss: 0.1079 | Val Loss: 0.3327 | Acc (clean): 0.9382 | Acc (poison): 0.9226 | Val Acc: 0.9037 | Time: 00:00:14
Epoch 068 | Seed 2026 | Rate 0.02 | Train Loss: 0.1056 | Val Loss: 0.3316 | Acc (clean): 0.9411 | Acc (poison): 0.9248 | Val Acc: 0.9004 | Time: 00:00:13
Epoch 069 | Seed 2026 | Rate 0.02 | Train Loss: 0.1064 | Val Loss: 0.3344 | Acc (clean): 0.9404 | Acc (poison): 0.9247 | Val Acc: 0.9056 | Time: 00:00:14
Epoch 070 | Seed 2026 | Rate 0.02 | Train Loss: 0.1033 | Val Loss: 0.3381 | Acc (clean): 0.9407 | Acc (poison): 0.9255 | Val Acc: 0.9019 | Time: 00:00:14
Epoch 071 | Seed 2026 | Rate 0.02 | Train Loss: 0.1041 | Val Loss: 0.3167 | Acc (clean): 0.9439 | Acc (poison): 0.9284 | Val Acc: 0.9070 | Time: 00:00:13
Epoch 072 | Seed 2026 | Rate 0.02 | Train Loss: 0.1049 | Val Loss: 0.3500 | Acc (clean): 0.9440 | Acc (poison): 0.9283 | Val Acc: 0.8996 | Time: 00:00:14
Epoch 073 | Seed 2026 | Rate 0.02 | Train Loss: 0.0989 | Val Loss: 0.3271 | Acc (clean): 0.9479 | Acc (poison): 0.9323 | Val Acc: 0.9041 | Time: 00:00:13
Epoch 074 | Seed 2026 | Rate 0.02 | Train Loss: 0.1000 | Val Loss: 0.3336 | Acc (clean): 0.9484 | Acc (poison): 0.9329 | Val Acc: 0.9026 | Time: 00:00:13
Epoch 075 | Seed 2026 | Rate 0.02 | Train Loss: 0.1092 | Val Loss: 0.3493 | Acc (clean): 0.9473 | Acc (poison): 0.9316 | Val Acc: 0.8996 | Time: 00:00:14
Epoch 076 | Seed 2026 | Rate 0.02 | Train Loss: 0.0821 | Val Loss: 0.2980 | Acc (clean): 0.9542 | Acc (poison): 0.9388 | Val Acc: 0.9144 | Time: 00:00:13
Epoch 077 | Seed 2026 | Rate 0.02 | Train Loss: 0.0739 | Val Loss: 0.2973 | Acc (clean): 0.9581 | Acc (poison): 0.9424 | Val Acc: 0.9159 | Time: 00:00:13
Epoch 078 | Seed 2026 | Rate 0.02 | Train Loss: 0.0772 | Val Loss: 0.2939 | Acc (clean): 0.9582 | Acc (poison): 0.9429 | Val Acc: 0.9137 | Time: 00:00:13
Epoch 079 | Seed 2026 | Rate 0.02 | Train Loss: 0.0734 | Val Loss: 0.2967 | Acc (clean): 0.9599 | Acc (poison): 0.9447 | Val Acc: 0.9115 | Time: 00:00:13
Epoch 080 | Seed 2026 | Rate 0.02 | Train Loss: 0.0709 | Val Loss: 0.3011 | Acc (clean): 0.9611 | Acc (poison): 0.9462 | Val Acc: 0.9115 | Time: 00:00:13
Epoch 081 | Seed 2026 | Rate 0.02 | Train Loss: 0.0679 | Val Loss: 0.2993 | Acc (clean): 0.9617 | Acc (poison): 0.9464 | Val Acc: 0.9141 | Time: 00:00:14
Epoch 082 | Seed 2026 | Rate 0.02 | Train Loss: 0.0680 | Val Loss: 0.2949 | Acc (clean): 0.9621 | Acc (poison): 0.9470 | Val Acc: 0.9133 | Time: 00:00:13
Epoch 083 | Seed 2026 | Rate 0.02 | Train Loss: 0.0671 | Val Loss: 0.2938 | Acc (clean): 0.9609 | Acc (poison): 0.9455 | Val Acc: 0.9178 | Time: 00:00:14
Epoch 084 | Seed 2026 | Rate 0.02 | Train Loss: 0.0702 | Val Loss: 0.2875 | Acc (clean): 0.9623 | Acc (poison): 0.9467 | Val Acc: 0.9215 | Time: 00:00:13
Epoch 085 | Seed 2026 | Rate 0.02 | Train Loss: 0.0692 | Val Loss: 0.2943 | Acc (clean): 0.9616 | Acc (poison): 0.9465 | Val Acc: 0.9189 | Time: 00:00:13
Epoch 086 | Seed 2026 | Rate 0.02 | Train Loss: 0.0661 | Val Loss: 0.2942 | Acc (clean): 0.9630 | Acc (poison): 0.9478 | Val Acc: 0.9159 | Time: 00:00:13
Epoch 087 | Seed 2026 | Rate 0.02 | Train Loss: 0.0661 | Val Loss: 0.2961 | Acc (clean): 0.9630 | Acc (poison): 0.9479 | Val Acc: 0.9163 | Time: 00:00:13
Epoch 088 | Seed 2026 | Rate 0.02 | Train Loss: 0.0686 | Val Loss: 0.2965 | Acc (clean): 0.9634 | Acc (poison): 0.9484 | Val Acc: 0.9144 | Time: 00:00:14
Epoch 089 | Seed 2026 | Rate 0.02 | Train Loss: 0.0694 | Val Loss: 0.2909 | Acc (clean): 0.9629 | Acc (poison): 0.9475 | Val Acc: 0.9167 | Time: 00:00:14
Epoch 090 | Seed 2026 | Rate 0.02 | Train Loss: 0.0658 | Val Loss: 0.2880 | Acc (clean): 0.9631 | Acc (poison): 0.9479 | Val Acc: 0.9211 | Time: 00:00:14
Epoch 091 | Seed 2026 | Rate 0.02 | Train Loss: 0.0660 | Val Loss: 0.2992 | Acc (clean): 0.9649 | Acc (poison): 0.9497 | Val Acc: 0.9148 | Time: 00:00:13
Epoch 092 | Seed 2026 | Rate 0.02 | Train Loss: 0.0651 | Val Loss: 0.2903 | Acc (clean): 0.9634 | Acc (poison): 0.9488 | Val Acc: 0.9159 | Time: 00:00:14
Epoch 093 | Seed 2026 | Rate 0.02 | Train Loss: 0.0685 | Val Loss: 0.2921 | Acc (clean): 0.9638 | Acc (poison): 0.9486 | Val Acc: 0.9159 | Time: 00:00:13
Epoch 094 | Seed 2026 | Rate 0.02 | Train Loss: 0.0644 | Val Loss: 0.2906 | Acc (clean): 0.9651 | Acc (poison): 0.9496 | Val Acc: 0.9189 | Time: 00:00:14
Epoch 095 | Seed 2026 | Rate 0.02 | Train Loss: 0.0620 | Val Loss: 0.2911 | Acc (clean): 0.9662 | Acc (poison): 0.9515 | Val Acc: 0.9185 | Time: 00:00:14
Epoch 096 | Seed 2026 | Rate 0.02 | Train Loss: 0.0623 | Val Loss: 0.2916 | Acc (clean): 0.9664 | Acc (poison): 0.9516 | Val Acc: 0.9181 | Time: 00:00:13
Epoch 097 | Seed 2026 | Rate 0.02 | Train Loss: 0.0624 | Val Loss: 0.2985 | Acc (clean): 0.9651 | Acc (poison): 0.9502 | Val Acc: 0.9167 | Time: 00:00:13
Epoch 098 | Seed 2026 | Rate 0.02 | Train Loss: 0.0623 | Val Loss: 0.2947 | Acc (clean): 0.9656 | Acc (poison): 0.9511 | Val Acc: 0.9163 | Time: 00:00:13
Epoch 099 | Seed 2026 | Rate 0.02 | Train Loss: 0.0664 | Val Loss: 0.2948 | Acc (clean): 0.9651 | Acc (poison): 0.9502 | Val Acc: 0.9185 | Time: 00:00:12
Epoch 100 | Seed 2026 | Rate 0.02 | Train Loss: 0.0600 | Val Loss: 0.2929 | Acc (clean): 0.9658 | Acc (poison): 0.9510 | Val Acc: 0.9163 | Time: 00:00:13

=== defense=gmm_filter attack=RQ2 seed=2026 rate=0.05 ===
Loading train data from /home/yazanme/BachelorThesis/BachelorThesis/data/processed/resisc45/train.h5 with mapping /home/yazanme/BachelorThesis/BachelorThesis/data/processed/resisc45/poisoned/RQ2/seed_2026/labels_0.05.pt... (in_memory=True, workers=4)
Testing torch.compile support...
Successfully compiled model using torch.compile.
Epoch 001 | Seed 2026 | Rate 0.05 | Train Loss: 2.8196 | Val Loss: 2.4891 | Acc (clean): 0.2399 | Acc (poison): 0.2347 | Val Acc: 0.2904 | Time: 00:00:13
Epoch 002 | Seed 2026 | Rate 0.05 | Train Loss: 1.9825 | Val Loss: 2.4004 | Acc (clean): 0.4363 | Acc (poison): 0.4238 | Val Acc: 0.3396 | Time: 00:00:12
Epoch 003 | Seed 2026 | Rate 0.05 | Train Loss: 1.6730 | Val Loss: 1.7600 | Acc (clean): 0.5231 | Acc (poison): 0.5052 | Val Acc: 0.4852 | Time: 00:00:12
Epoch 004 | Seed 2026 | Rate 0.05 | Train Loss: 1.4785 | Val Loss: 2.0473 | Acc (clean): 0.5779 | Acc (poison): 0.5573 | Val Acc: 0.4341 | Time: 00:00:12
Epoch 005 | Seed 2026 | Rate 0.05 | Train Loss: 1.3127 | Val Loss: 1.3114 | Acc (clean): 0.6246 | Acc (poison): 0.6033 | Val Acc: 0.6107 | Time: 00:00:12
Epoch 006 | Seed 2026 | Rate 0.05 | Train Loss: 1.1639 | Val Loss: 1.3862 | Acc (clean): 0.6723 | Acc (poison): 0.6469 | Val Acc: 0.5919 | Time: 00:00:12
Epoch 007 | Seed 2026 | Rate 0.05 | Train Loss: 1.0497 | Val Loss: 1.1804 | Acc (clean): 0.7035 | Acc (poison): 0.6770 | Val Acc: 0.6570 | Time: 00:00:12
Epoch 008 | Seed 2026 | Rate 0.05 | Train Loss: 0.9419 | Val Loss: 1.3227 | Acc (clean): 0.7344 | Acc (poison): 0.7065 | Val Acc: 0.6048 | Time: 00:00:12
Epoch 009 | Seed 2026 | Rate 0.05 | Train Loss: 0.8934 | Val Loss: 1.2978 | Acc (clean): 0.7505 | Acc (poison): 0.7195 | Val Acc: 0.5907 | Time: 00:00:12
Epoch 010 | Seed 2026 | Rate 0.05 | Train Loss: 0.8423 | Val Loss: 1.2676 | Acc (clean): 0.7635 | Acc (poison): 0.7340 | Val Acc: 0.6174 | Time: 00:00:12
Epoch 011 | Seed 2026 | Rate 0.05 | Train Loss: 0.8145 | Val Loss: 1.0992 | Acc (clean): 0.7737 | Acc (poison): 0.7433 | Val Acc: 0.6693 | Time: 00:00:12
Epoch 012 | Seed 2026 | Rate 0.05 | Train Loss: 0.7905 | Val Loss: 5.6330 | Acc (clean): 0.7830 | Acc (poison): 0.7518 | Val Acc: 0.1174 | Time: 00:00:12
Epoch 013 | Seed 2026 | Rate 0.05 | Train Loss: 0.7735 | Val Loss: 1.5369 | Acc (clean): 0.7893 | Acc (poison): 0.7575 | Val Acc: 0.5674 | Time: 00:00:12
Epoch 014 | Seed 2026 | Rate 0.05 | Train Loss: 0.7542 | Val Loss: 0.8968 | Acc (clean): 0.7993 | Acc (poison): 0.7669 | Val Acc: 0.7378 | Time: 00:00:12
Epoch 015 | Seed 2026 | Rate 0.05 | Train Loss: 0.7486 | Val Loss: 1.0974 | Acc (clean): 0.8016 | Acc (poison): 0.7681 | Val Acc: 0.6763 | Time: 00:00:12
Epoch 016 | Seed 2026 | Rate 0.05 | Train Loss: 0.7288 | Val Loss: 1.0728 | Acc (clean): 0.8034 | Acc (poison): 0.7705 | Val Acc: 0.6719 | Time: 00:00:12
Epoch 017 | Seed 2026 | Rate 0.05 | Train Loss: 0.7238 | Val Loss: 0.8499 | Acc (clean): 0.8059 | Acc (poison): 0.7739 | Val Acc: 0.7481 | Time: 00:00:12
Epoch 018 | Seed 2026 | Rate 0.05 | Train Loss: 0.7257 | Val Loss: 1.0668 | Acc (clean): 0.8021 | Acc (poison): 0.7691 | Val Acc: 0.6904 | Time: 00:00:12
Epoch 019 | Seed 2026 | Rate 0.05 | Train Loss: 0.7155 | Val Loss: 0.9785 | Acc (clean): 0.8100 | Acc (poison): 0.7769 | Val Acc: 0.7056 | Time: 00:00:12
Epoch 020 | Seed 2026 | Rate 0.05 | Train Loss: 0.7130 | Val Loss: 1.0991 | Acc (clean): 0.8122 | Acc (poison): 0.7786 | Val Acc: 0.6685 | Time: 00:00:12
Epoch 021 | Seed 2026 | Rate 0.05 | Train Loss: 0.7108 | Val Loss: 0.8838 | Acc (clean): 0.8103 | Acc (poison): 0.7781 | Val Acc: 0.7296 | Time: 00:00:12
Epoch 022 | Seed 2026 | Rate 0.05 | Train Loss: 0.7147 | Val Loss: 0.9807 | Acc (clean): 0.8071 | Acc (poison): 0.7737 | Val Acc: 0.7044 | Time: 00:00:12
Epoch 023 | Seed 2026 | Rate 0.05 | Train Loss: 0.6985 | Val Loss: 0.9943 | Acc (clean): 0.8136 | Acc (poison): 0.7801 | Val Acc: 0.7067 | Time: 00:00:12
Epoch 024 | Seed 2026 | Rate 0.05 | Train Loss: 0.7111 | Val Loss: 1.1585 | Acc (clean): 0.8109 | Acc (poison): 0.7781 | Val Acc: 0.6596 | Time: 00:00:12
Epoch 025 | Seed 2026 | Rate 0.05 | Train Loss: 0.6925 | Val Loss: 0.9368 | Acc (clean): 0.8139 | Acc (poison): 0.7806 | Val Acc: 0.7130 | Time: 00:00:12
Epoch 026 | Seed 2026 | Rate 0.05 | Train Loss: 0.4111 | Val Loss: 1.0523 | Acc (clean): 0.8089 | Acc (poison): 0.7760 | Val Acc: 0.6863 | Time: 00:00:12
Epoch 027 | Seed 2026 | Rate 0.05 | Train Loss: 0.4421 | Val Loss: 1.3642 | Acc (clean): 0.7981 | Acc (poison): 0.7654 | Val Acc: 0.6456 | Time: 00:00:12
Epoch 028 | Seed 2026 | Rate 0.05 | Train Loss: 0.4092 | Val Loss: 0.9274 | Acc (clean): 0.8058 | Acc (poison): 0.7715 | Val Acc: 0.7256 | Time: 00:00:12
Epoch 029 | Seed 2026 | Rate 0.05 | Train Loss: 0.4091 | Val Loss: 1.3247 | Acc (clean): 0.8090 | Acc (poison): 0.7747 | Val Acc: 0.6556 | Time: 00:00:12
Epoch 030 | Seed 2026 | Rate 0.05 | Train Loss: 0.3912 | Val Loss: 1.3148 | Acc (clean): 0.8137 | Acc (poison): 0.7792 | Val Acc: 0.6456 | Time: 00:00:12
Epoch 031 | Seed 2026 | Rate 0.05 | Train Loss: 0.4001 | Val Loss: 1.3491 | Acc (clean): 0.8048 | Acc (poison): 0.7714 | Val Acc: 0.6341 | Time: 00:00:12
Epoch 032 | Seed 2026 | Rate 0.05 | Train Loss: 0.4131 | Val Loss: 1.5333 | Acc (clean): 0.8065 | Acc (poison): 0.7719 | Val Acc: 0.6215 | Time: 00:00:12
Epoch 033 | Seed 2026 | Rate 0.05 | Train Loss: 0.3947 | Val Loss: 1.9220 | Acc (clean): 0.8062 | Acc (poison): 0.7723 | Val Acc: 0.5248 | Time: 00:00:12
Epoch 034 | Seed 2026 | Rate 0.05 | Train Loss: 0.3929 | Val Loss: 1.1431 | Acc (clean): 0.8089 | Acc (poison): 0.7746 | Val Acc: 0.6689 | Time: 00:00:12
Epoch 035 | Seed 2026 | Rate 0.05 | Train Loss: 0.3913 | Val Loss: 1.2238 | Acc (clean): 0.8086 | Acc (poison): 0.7736 | Val Acc: 0.6589 | Time: 00:00:13
Epoch 036 | Seed 2026 | Rate 0.05 | Train Loss: 0.3903 | Val Loss: 1.0087 | Acc (clean): 0.8137 | Acc (poison): 0.7798 | Val Acc: 0.7022 | Time: 00:00:12
Epoch 037 | Seed 2026 | Rate 0.05 | Train Loss: 0.4301 | Val Loss: 0.9644 | Acc (clean): 0.8120 | Acc (poison): 0.7781 | Val Acc: 0.7137 | Time: 00:00:12
Epoch 038 | Seed 2026 | Rate 0.05 | Train Loss: 0.3942 | Val Loss: 2.2671 | Acc (clean): 0.8159 | Acc (poison): 0.7807 | Val Acc: 0.5063 | Time: 00:00:12
Epoch 039 | Seed 2026 | Rate 0.05 | Train Loss: 0.3873 | Val Loss: 1.0087 | Acc (clean): 0.8147 | Acc (poison): 0.7810 | Val Acc: 0.7081 | Time: 00:00:12
Epoch 040 | Seed 2026 | Rate 0.05 | Train Loss: 0.4167 | Val Loss: 0.8766 | Acc (clean): 0.8094 | Acc (poison): 0.7740 | Val Acc: 0.7389 | Time: 00:00:12
Epoch 041 | Seed 2026 | Rate 0.05 | Train Loss: 0.3698 | Val Loss: 1.2804 | Acc (clean): 0.8149 | Acc (poison): 0.7808 | Val Acc: 0.6585 | Time: 00:00:12
Epoch 042 | Seed 2026 | Rate 0.05 | Train Loss: 0.4109 | Val Loss: 1.0357 | Acc (clean): 0.8065 | Acc (poison): 0.7721 | Val Acc: 0.7156 | Time: 00:00:12
Epoch 043 | Seed 2026 | Rate 0.05 | Train Loss: 0.4042 | Val Loss: 0.9310 | Acc (clean): 0.8031 | Acc (poison): 0.7704 | Val Acc: 0.7285 | Time: 00:00:12
Epoch 044 | Seed 2026 | Rate 0.05 | Train Loss: 0.4073 | Val Loss: 2.0200 | Acc (clean): 0.8100 | Acc (poison): 0.7763 | Val Acc: 0.5163 | Time: 00:00:12
Epoch 045 | Seed 2026 | Rate 0.05 | Train Loss: 0.4009 | Val Loss: 1.3281 | Acc (clean): 0.8091 | Acc (poison): 0.7744 | Val Acc: 0.6504 | Time: 00:00:12
Epoch 046 | Seed 2026 | Rate 0.05 | Train Loss: 0.4061 | Val Loss: 0.9269 | Acc (clean): 0.8088 | Acc (poison): 0.7736 | Val Acc: 0.7200 | Time: 00:00:12
Epoch 047 | Seed 2026 | Rate 0.05 | Train Loss: 0.3932 | Val Loss: 1.0729 | Acc (clean): 0.8095 | Acc (poison): 0.7745 | Val Acc: 0.6981 | Time: 00:00:12
Epoch 048 | Seed 2026 | Rate 0.05 | Train Loss: 0.3980 | Val Loss: 1.3477 | Acc (clean): 0.8073 | Acc (poison): 0.7716 | Val Acc: 0.6244 | Time: 00:00:12
Epoch 049 | Seed 2026 | Rate 0.05 | Train Loss: 0.3994 | Val Loss: 2.2216 | Acc (clean): 0.8075 | Acc (poison): 0.7737 | Val Acc: 0.4767 | Time: 00:00:12
Epoch 050 | Seed 2026 | Rate 0.05 | Train Loss: 0.4020 | Val Loss: 1.5874 | Acc (clean): 0.8090 | Acc (poison): 0.7743 | Val Acc: 0.6215 | Time: 00:00:12
Epoch 051 | Seed 2026 | Rate 0.05 | Train Loss: 0.2165 | Val Loss: 0.4378 | Acc (clean): 0.8691 | Acc (poison): 0.8317 | Val Acc: 0.8685 | Time: 00:00:12
Epoch 052 | Seed 2026 | Rate 0.05 | Train Loss: 0.1640 | Val Loss: 0.4109 | Acc (clean): 0.8905 | Acc (poison): 0.8523 | Val Acc: 0.8711 | Time: 00:00:12
Epoch 053 | Seed 2026 | Rate 0.05 | Train Loss: 0.1548 | Val Loss: 0.4067 | Acc (clean): 0.8971 | Acc (poison): 0.8583 | Val Acc: 0.8793 | Time: 00:00:12
Epoch 054 | Seed 2026 | Rate 0.05 | Train Loss: 0.1433 | Val Loss: 0.3956 | Acc (clean): 0.9034 | Acc (poison): 0.8647 | Val Acc: 0.8807 | Time: 00:00:12
Epoch 055 | Seed 2026 | Rate 0.05 | Train Loss: 0.1406 | Val Loss: 0.3935 | Acc (clean): 0.9071 | Acc (poison): 0.8681 | Val Acc: 0.8804 | Time: 00:00:12
Epoch 056 | Seed 2026 | Rate 0.05 | Train Loss: 0.1388 | Val Loss: 0.3880 | Acc (clean): 0.9101 | Acc (poison): 0.8701 | Val Acc: 0.8848 | Time: 00:00:12
Epoch 057 | Seed 2026 | Rate 0.05 | Train Loss: 0.1332 | Val Loss: 0.3720 | Acc (clean): 0.9136 | Acc (poison): 0.8742 | Val Acc: 0.8904 | Time: 00:00:12
Epoch 058 | Seed 2026 | Rate 0.05 | Train Loss: 0.1197 | Val Loss: 0.3613 | Acc (clean): 0.9183 | Acc (poison): 0.8796 | Val Acc: 0.8948 | Time: 00:00:12
Epoch 059 | Seed 2026 | Rate 0.05 | Train Loss: 0.1311 | Val Loss: 0.3572 | Acc (clean): 0.9200 | Acc (poison): 0.8804 | Val Acc: 0.8937 | Time: 00:00:12
Epoch 060 | Seed 2026 | Rate 0.05 | Train Loss: 0.1241 | Val Loss: 0.3688 | Acc (clean): 0.9212 | Acc (poison): 0.8822 | Val Acc: 0.8856 | Time: 00:00:12
Epoch 061 | Seed 2026 | Rate 0.05 | Train Loss: 0.1191 | Val Loss: 0.3655 | Acc (clean): 0.9268 | Acc (poison): 0.8876 | Val Acc: 0.8926 | Time: 00:00:12
Epoch 062 | Seed 2026 | Rate 0.05 | Train Loss: 0.1234 | Val Loss: 0.3598 | Acc (clean): 0.9250 | Acc (poison): 0.8854 | Val Acc: 0.8911 | Time: 00:00:12
Epoch 063 | Seed 2026 | Rate 0.05 | Train Loss: 0.1144 | Val Loss: 0.3536 | Acc (clean): 0.9265 | Acc (poison): 0.8875 | Val Acc: 0.8933 | Time: 00:00:12
Epoch 064 | Seed 2026 | Rate 0.05 | Train Loss: 0.1128 | Val Loss: 0.3725 | Acc (clean): 0.9298 | Acc (poison): 0.8913 | Val Acc: 0.8926 | Time: 00:00:12
Epoch 065 | Seed 2026 | Rate 0.05 | Train Loss: 0.1123 | Val Loss: 0.3479 | Acc (clean): 0.9315 | Acc (poison): 0.8926 | Val Acc: 0.8937 | Time: 00:00:12
Epoch 066 | Seed 2026 | Rate 0.05 | Train Loss: 0.1090 | Val Loss: 0.3352 | Acc (clean): 0.9323 | Acc (poison): 0.8937 | Val Acc: 0.8989 | Time: 00:00:12
Epoch 067 | Seed 2026 | Rate 0.05 | Train Loss: 0.1081 | Val Loss: 0.3388 | Acc (clean): 0.9347 | Acc (poison): 0.8958 | Val Acc: 0.8996 | Time: 00:00:12
Epoch 068 | Seed 2026 | Rate 0.05 | Train Loss: 0.1011 | Val Loss: 0.3495 | Acc (clean): 0.9368 | Acc (poison): 0.8986 | Val Acc: 0.8974 | Time: 00:00:12
Epoch 069 | Seed 2026 | Rate 0.05 | Train Loss: 0.1099 | Val Loss: 0.3333 | Acc (clean): 0.9356 | Acc (poison): 0.8980 | Val Acc: 0.8993 | Time: 00:00:12
Epoch 070 | Seed 2026 | Rate 0.05 | Train Loss: 0.1073 | Val Loss: 0.3574 | Acc (clean): 0.9381 | Acc (poison): 0.8993 | Val Acc: 0.8922 | Time: 00:00:12
Epoch 071 | Seed 2026 | Rate 0.05 | Train Loss: 0.1002 | Val Loss: 0.3368 | Acc (clean): 0.9383 | Acc (poison): 0.9004 | Val Acc: 0.9011 | Time: 00:00:12
Epoch 072 | Seed 2026 | Rate 0.05 | Train Loss: 0.1011 | Val Loss: 0.3551 | Acc (clean): 0.9395 | Acc (poison): 0.9020 | Val Acc: 0.8944 | Time: 00:00:12
Epoch 073 | Seed 2026 | Rate 0.05 | Train Loss: 0.1036 | Val Loss: 0.3390 | Acc (clean): 0.9406 | Acc (poison): 0.9026 | Val Acc: 0.8985 | Time: 00:00:12
Epoch 074 | Seed 2026 | Rate 0.05 | Train Loss: 0.0991 | Val Loss: 0.3394 | Acc (clean): 0.9422 | Acc (poison): 0.9049 | Val Acc: 0.9022 | Time: 00:00:12
Epoch 075 | Seed 2026 | Rate 0.05 | Train Loss: 0.1027 | Val Loss: 0.3408 | Acc (clean): 0.9407 | Acc (poison): 0.9030 | Val Acc: 0.8989 | Time: 00:00:12
Epoch 076 | Seed 2026 | Rate 0.05 | Train Loss: 0.0844 | Val Loss: 0.3106 | Acc (clean): 0.9495 | Acc (poison): 0.9125 | Val Acc: 0.9104 | Time: 00:00:13
Epoch 077 | Seed 2026 | Rate 0.05 | Train Loss: 0.0766 | Val Loss: 0.3060 | Acc (clean): 0.9513 | Acc (poison): 0.9140 | Val Acc: 0.9119 | Time: 00:00:12
Epoch 078 | Seed 2026 | Rate 0.05 | Train Loss: 0.0772 | Val Loss: 0.3029 | Acc (clean): 0.9521 | Acc (poison): 0.9151 | Val Acc: 0.9141 | Time: 00:00:12
Epoch 079 | Seed 2026 | Rate 0.05 | Train Loss: 0.0688 | Val Loss: 0.3074 | Acc (clean): 0.9538 | Acc (poison): 0.9170 | Val Acc: 0.9104 | Time: 00:00:12
Epoch 080 | Seed 2026 | Rate 0.05 | Train Loss: 0.0756 | Val Loss: 0.3078 | Acc (clean): 0.9544 | Acc (poison): 0.9170 | Val Acc: 0.9107 | Time: 00:00:12
Epoch 081 | Seed 2026 | Rate 0.05 | Train Loss: 0.0677 | Val Loss: 0.3063 | Acc (clean): 0.9547 | Acc (poison): 0.9179 | Val Acc: 0.9074 | Time: 00:00:12
Epoch 082 | Seed 2026 | Rate 0.05 | Train Loss: 0.0707 | Val Loss: 0.3072 | Acc (clean): 0.9564 | Acc (poison): 0.9190 | Val Acc: 0.9093 | Time: 00:00:12
Epoch 083 | Seed 2026 | Rate 0.05 | Train Loss: 0.0705 | Val Loss: 0.3029 | Acc (clean): 0.9559 | Acc (poison): 0.9192 | Val Acc: 0.9111 | Time: 00:00:13
Epoch 084 | Seed 2026 | Rate 0.05 | Train Loss: 0.0711 | Val Loss: 0.2967 | Acc (clean): 0.9553 | Acc (poison): 0.9183 | Val Acc: 0.9156 | Time: 00:00:12
Epoch 085 | Seed 2026 | Rate 0.05 | Train Loss: 0.0720 | Val Loss: 0.3057 | Acc (clean): 0.9558 | Acc (poison): 0.9190 | Val Acc: 0.9137 | Time: 00:00:12
Epoch 086 | Seed 2026 | Rate 0.05 | Train Loss: 0.0677 | Val Loss: 0.3028 | Acc (clean): 0.9558 | Acc (poison): 0.9200 | Val Acc: 0.9133 | Time: 00:00:12
Epoch 087 | Seed 2026 | Rate 0.05 | Train Loss: 0.0703 | Val Loss: 0.3054 | Acc (clean): 0.9568 | Acc (poison): 0.9199 | Val Acc: 0.9122 | Time: 00:00:12
Epoch 088 | Seed 2026 | Rate 0.05 | Train Loss: 0.0682 | Val Loss: 0.3054 | Acc (clean): 0.9568 | Acc (poison): 0.9204 | Val Acc: 0.9100 | Time: 00:00:12
Epoch 089 | Seed 2026 | Rate 0.05 | Train Loss: 0.0674 | Val Loss: 0.2981 | Acc (clean): 0.9558 | Acc (poison): 0.9197 | Val Acc: 0.9130 | Time: 00:00:12
Epoch 090 | Seed 2026 | Rate 0.05 | Train Loss: 0.0674 | Val Loss: 0.3006 | Acc (clean): 0.9563 | Acc (poison): 0.9206 | Val Acc: 0.9115 | Time: 00:00:12
Epoch 091 | Seed 2026 | Rate 0.05 | Train Loss: 0.0695 | Val Loss: 0.3082 | Acc (clean): 0.9577 | Acc (poison): 0.9212 | Val Acc: 0.9096 | Time: 00:00:13
Epoch 092 | Seed 2026 | Rate 0.05 | Train Loss: 0.0686 | Val Loss: 0.3009 | Acc (clean): 0.9576 | Acc (poison): 0.9216 | Val Acc: 0.9122 | Time: 00:00:12
Epoch 093 | Seed 2026 | Rate 0.05 | Train Loss: 0.0701 | Val Loss: 0.3008 | Acc (clean): 0.9581 | Acc (poison): 0.9213 | Val Acc: 0.9148 | Time: 00:00:13
Epoch 094 | Seed 2026 | Rate 0.05 | Train Loss: 0.0635 | Val Loss: 0.3015 | Acc (clean): 0.9593 | Acc (poison): 0.9231 | Val Acc: 0.9093 | Time: 00:00:13
Epoch 095 | Seed 2026 | Rate 0.05 | Train Loss: 0.0639 | Val Loss: 0.3028 | Acc (clean): 0.9591 | Acc (poison): 0.9229 | Val Acc: 0.9093 | Time: 00:00:13
Epoch 096 | Seed 2026 | Rate 0.05 | Train Loss: 0.0658 | Val Loss: 0.3034 | Acc (clean): 0.9590 | Acc (poison): 0.9231 | Val Acc: 0.9100 | Time: 00:00:12
Epoch 097 | Seed 2026 | Rate 0.05 | Train Loss: 0.0647 | Val Loss: 0.3019 | Acc (clean): 0.9585 | Acc (poison): 0.9226 | Val Acc: 0.9111 | Time: 00:00:12
Epoch 098 | Seed 2026 | Rate 0.05 | Train Loss: 0.0722 | Val Loss: 0.3037 | Acc (clean): 0.9588 | Acc (poison): 0.9226 | Val Acc: 0.9144 | Time: 00:00:12
Epoch 099 | Seed 2026 | Rate 0.05 | Train Loss: 0.0654 | Val Loss: 0.3019 | Acc (clean): 0.9584 | Acc (poison): 0.9225 | Val Acc: 0.9100 | Time: 00:00:11
Epoch 100 | Seed 2026 | Rate 0.05 | Train Loss: 0.0650 | Val Loss: 0.3012 | Acc (clean): 0.9582 | Acc (poison): 0.9232 | Val Acc: 0.9148 | Time: 00:00:12

=== defense=gmm_filter attack=RQ2 seed=2026 rate=0.1 ===
Loading train data from /home/yazanme/BachelorThesis/BachelorThesis/data/processed/resisc45/train.h5 with mapping /home/yazanme/BachelorThesis/BachelorThesis/data/processed/resisc45/poisoned/RQ2/seed_2026/labels_0.10.pt... (in_memory=True, workers=4)
Testing torch.compile support...
Successfully compiled model using torch.compile.
Epoch 001 | Seed 2026 | Rate 0.10 | Train Loss: 2.9123 | Val Loss: 3.1292 | Acc (clean): 0.2258 | Acc (poison): 0.2164 | Val Acc: 0.2241 | Time: 00:00:13
Epoch 002 | Seed 2026 | Rate 0.10 | Train Loss: 2.0577 | Val Loss: 2.1097 | Acc (clean): 0.4250 | Acc (poison): 0.4002 | Val Acc: 0.4174 | Time: 00:00:13
Epoch 003 | Seed 2026 | Rate 0.10 | Train Loss: 1.7525 | Val Loss: 1.6769 | Acc (clean): 0.5107 | Acc (poison): 0.4796 | Val Acc: 0.5189 | Time: 00:00:13
Epoch 004 | Seed 2026 | Rate 0.10 | Train Loss: 1.5431 | Val Loss: 2.0834 | Acc (clean): 0.5658 | Acc (poison): 0.5307 | Val Acc: 0.4244 | Time: 00:00:12
Epoch 005 | Seed 2026 | Rate 0.10 | Train Loss: 1.4062 | Val Loss: 1.5154 | Acc (clean): 0.6046 | Acc (poison): 0.5648 | Val Acc: 0.5581 | Time: 00:00:12
Epoch 006 | Seed 2026 | Rate 0.10 | Train Loss: 1.2671 | Val Loss: 1.3564 | Acc (clean): 0.6467 | Acc (poison): 0.6031 | Val Acc: 0.6000 | Time: 00:00:12
Epoch 007 | Seed 2026 | Rate 0.10 | Train Loss: 1.1466 | Val Loss: 1.4452 | Acc (clean): 0.6860 | Acc (poison): 0.6377 | Val Acc: 0.5759 | Time: 00:00:12
Epoch 008 | Seed 2026 | Rate 0.10 | Train Loss: 1.0643 | Val Loss: 1.2236 | Acc (clean): 0.7116 | Acc (poison): 0.6586 | Val Acc: 0.6356 | Time: 00:00:12
Epoch 009 | Seed 2026 | Rate 0.10 | Train Loss: 1.0113 | Val Loss: 1.0372 | Acc (clean): 0.7284 | Acc (poison): 0.6736 | Val Acc: 0.6919 | Time: 00:00:12
Epoch 010 | Seed 2026 | Rate 0.10 | Train Loss: 0.9686 | Val Loss: 1.1382 | Acc (clean): 0.7386 | Acc (poison): 0.6826 | Val Acc: 0.6700 | Time: 00:00:12
Epoch 011 | Seed 2026 | Rate 0.10 | Train Loss: 0.9408 | Val Loss: 0.9978 | Acc (clean): 0.7471 | Acc (poison): 0.6914 | Val Acc: 0.7015 | Time: 00:00:12
Epoch 012 | Seed 2026 | Rate 0.10 | Train Loss: 0.9197 | Val Loss: 1.1227 | Acc (clean): 0.7529 | Acc (poison): 0.6968 | Val Acc: 0.6711 | Time: 00:00:12
Epoch 013 | Seed 2026 | Rate 0.10 | Train Loss: 0.8901 | Val Loss: 1.2556 | Acc (clean): 0.7676 | Acc (poison): 0.7109 | Val Acc: 0.6252 | Time: 00:00:12
Epoch 014 | Seed 2026 | Rate 0.10 | Train Loss: 0.8727 | Val Loss: 1.1295 | Acc (clean): 0.7729 | Acc (poison): 0.7138 | Val Acc: 0.6567 | Time: 00:00:12
Epoch 015 | Seed 2026 | Rate 0.10 | Train Loss: 0.8665 | Val Loss: 1.6616 | Acc (clean): 0.7756 | Acc (poison): 0.7165 | Val Acc: 0.5611 | Time: 00:00:12
Epoch 016 | Seed 2026 | Rate 0.10 | Train Loss: 0.8527 | Val Loss: 1.7048 | Acc (clean): 0.7765 | Acc (poison): 0.7162 | Val Acc: 0.5270 | Time: 00:00:12
Epoch 017 | Seed 2026 | Rate 0.10 | Train Loss: 0.8483 | Val Loss: 1.0643 | Acc (clean): 0.7767 | Acc (poison): 0.7168 | Val Acc: 0.6726 | Time: 00:00:12
Epoch 018 | Seed 2026 | Rate 0.10 | Train Loss: 0.8587 | Val Loss: 0.9945 | Acc (clean): 0.7750 | Acc (poison): 0.7172 | Val Acc: 0.7119 | Time: 00:00:12
Epoch 019 | Seed 2026 | Rate 0.10 | Train Loss: 0.8326 | Val Loss: 1.0901 | Acc (clean): 0.7868 | Acc (poison): 0.7229 | Val Acc: 0.6741 | Time: 00:00:12
Epoch 020 | Seed 2026 | Rate 0.10 | Train Loss: 0.8345 | Val Loss: 1.0774 | Acc (clean): 0.7852 | Acc (poison): 0.7227 | Val Acc: 0.6674 | Time: 00:00:12
Epoch 021 | Seed 2026 | Rate 0.10 | Train Loss: 0.8367 | Val Loss: 1.1788 | Acc (clean): 0.7858 | Acc (poison): 0.7235 | Val Acc: 0.6496 | Time: 00:00:12
Epoch 022 | Seed 2026 | Rate 0.10 | Train Loss: 0.8278 | Val Loss: 1.3923 | Acc (clean): 0.7828 | Acc (poison): 0.7228 | Val Acc: 0.6030 | Time: 00:00:12
Epoch 023 | Seed 2026 | Rate 0.10 | Train Loss: 0.8228 | Val Loss: 1.2307 | Acc (clean): 0.7891 | Acc (poison): 0.7273 | Val Acc: 0.6274 | Time: 00:00:12
Epoch 024 | Seed 2026 | Rate 0.10 | Train Loss: 0.8306 | Val Loss: 1.0333 | Acc (clean): 0.7854 | Acc (poison): 0.7247 | Val Acc: 0.6896 | Time: 00:00:12
Epoch 025 | Seed 2026 | Rate 0.10 | Train Loss: 0.8024 | Val Loss: 1.0372 | Acc (clean): 0.7944 | Acc (poison): 0.7301 | Val Acc: 0.6837 | Time: 00:00:12
Epoch 026 | Seed 2026 | Rate 0.10 | Train Loss: 0.5355 | Val Loss: 0.9308 | Acc (clean): 0.7916 | Acc (poison): 0.7291 | Val Acc: 0.7211 | Time: 00:00:12
Epoch 027 | Seed 2026 | Rate 0.10 | Train Loss: 0.4573 | Val Loss: 2.1153 | Acc (clean): 0.7879 | Acc (poison): 0.7235 | Val Acc: 0.5056 | Time: 00:00:12
Epoch 028 | Seed 2026 | Rate 0.10 | Train Loss: 0.4637 | Val Loss: 2.6091 | Acc (clean): 0.7849 | Acc (poison): 0.7207 | Val Acc: 0.4444 | Time: 00:00:12
Epoch 029 | Seed 2026 | Rate 0.10 | Train Loss: 0.4447 | Val Loss: 1.3125 | Acc (clean): 0.7830 | Acc (poison): 0.7193 | Val Acc: 0.6630 | Time: 00:00:12
Epoch 030 | Seed 2026 | Rate 0.10 | Train Loss: 0.4611 | Val Loss: 0.9786 | Acc (clean): 0.7879 | Acc (poison): 0.7248 | Val Acc: 0.7237 | Time: 00:00:12
Epoch 031 | Seed 2026 | Rate 0.10 | Train Loss: 0.4623 | Val Loss: 1.0738 | Acc (clean): 0.7934 | Acc (poison): 0.7299 | Val Acc: 0.7007 | Time: 00:00:12
Epoch 032 | Seed 2026 | Rate 0.10 | Train Loss: 0.4453 | Val Loss: 0.7965 | Acc (clean): 0.7957 | Acc (poison): 0.7306 | Val Acc: 0.7541 | Time: 00:00:12
Epoch 033 | Seed 2026 | Rate 0.10 | Train Loss: 0.4546 | Val Loss: 1.2020 | Acc (clean): 0.7903 | Acc (poison): 0.7244 | Val Acc: 0.6744 | Time: 00:00:12
Epoch 034 | Seed 2026 | Rate 0.10 | Train Loss: 0.4523 | Val Loss: 0.8423 | Acc (clean): 0.7962 | Acc (poison): 0.7300 | Val Acc: 0.7430 | Time: 00:00:12
Epoch 035 | Seed 2026 | Rate 0.10 | Train Loss: 0.4328 | Val Loss: 1.4950 | Acc (clean): 0.7905 | Acc (poison): 0.7253 | Val Acc: 0.6011 | Time: 00:00:12
Epoch 036 | Seed 2026 | Rate 0.10 | Train Loss: 0.4257 | Val Loss: 0.9956 | Acc (clean): 0.7973 | Acc (poison): 0.7325 | Val Acc: 0.7211 | Time: 00:00:12
Epoch 037 | Seed 2026 | Rate 0.10 | Train Loss: 0.4463 | Val Loss: 1.3042 | Acc (clean): 0.7940 | Acc (poison): 0.7272 | Val Acc: 0.6441 | Time: 00:00:12
Epoch 038 | Seed 2026 | Rate 0.10 | Train Loss: 0.4597 | Val Loss: 1.1071 | Acc (clean): 0.7928 | Acc (poison): 0.7265 | Val Acc: 0.6915 | Time: 00:00:12
Epoch 039 | Seed 2026 | Rate 0.10 | Train Loss: 0.4301 | Val Loss: 1.1207 | Acc (clean): 0.7952 | Acc (poison): 0.7309 | Val Acc: 0.6837 | Time: 00:00:13
Epoch 040 | Seed 2026 | Rate 0.10 | Train Loss: 0.4557 | Val Loss: 1.1967 | Acc (clean): 0.7988 | Acc (poison): 0.7335 | Val Acc: 0.6726 | Time: 00:00:12
Epoch 041 | Seed 2026 | Rate 0.10 | Train Loss: 0.4201 | Val Loss: 0.9946 | Acc (clean): 0.7938 | Acc (poison): 0.7298 | Val Acc: 0.7137 | Time: 00:00:12
Epoch 042 | Seed 2026 | Rate 0.10 | Train Loss: 0.4423 | Val Loss: 0.9139 | Acc (clean): 0.7916 | Acc (poison): 0.7266 | Val Acc: 0.7274 | Time: 00:00:12
Epoch 043 | Seed 2026 | Rate 0.10 | Train Loss: 0.4401 | Val Loss: 0.9927 | Acc (clean): 0.7977 | Acc (poison): 0.7300 | Val Acc: 0.7081 | Time: 00:00:12
Epoch 044 | Seed 2026 | Rate 0.10 | Train Loss: 0.4347 | Val Loss: 1.4851 | Acc (clean): 0.7952 | Acc (poison): 0.7275 | Val Acc: 0.5885 | Time: 00:00:12
Epoch 045 | Seed 2026 | Rate 0.10 | Train Loss: 0.4407 | Val Loss: 1.1935 | Acc (clean): 0.7959 | Acc (poison): 0.7293 | Val Acc: 0.6626 | Time: 00:00:13
Epoch 046 | Seed 2026 | Rate 0.10 | Train Loss: 0.4398 | Val Loss: 1.0652 | Acc (clean): 0.7938 | Acc (poison): 0.7286 | Val Acc: 0.7000 | Time: 00:00:12
Epoch 047 | Seed 2026 | Rate 0.10 | Train Loss: 0.4271 | Val Loss: 2.0651 | Acc (clean): 0.7945 | Acc (poison): 0.7287 | Val Acc: 0.5211 | Time: 00:00:13
Epoch 048 | Seed 2026 | Rate 0.10 | Train Loss: 0.4253 | Val Loss: 1.2243 | Acc (clean): 0.7938 | Acc (poison): 0.7268 | Val Acc: 0.6633 | Time: 00:00:12
Epoch 049 | Seed 2026 | Rate 0.10 | Train Loss: 0.4321 | Val Loss: 1.3086 | Acc (clean): 0.8010 | Acc (poison): 0.7347 | Val Acc: 0.6604 | Time: 00:00:12
Epoch 050 | Seed 2026 | Rate 0.10 | Train Loss: 0.4357 | Val Loss: 1.0224 | Acc (clean): 0.7965 | Acc (poison): 0.7299 | Val Acc: 0.7078 | Time: 00:00:12
Epoch 051 | Seed 2026 | Rate 0.10 | Train Loss: 0.2483 | Val Loss: 0.4800 | Acc (clean): 0.8584 | Acc (poison): 0.7865 | Val Acc: 0.8544 | Time: 00:00:12
Epoch 052 | Seed 2026 | Rate 0.10 | Train Loss: 0.1787 | Val Loss: 0.4548 | Acc (clean): 0.8800 | Acc (poison): 0.8055 | Val Acc: 0.8622 | Time: 00:00:12
Epoch 053 | Seed 2026 | Rate 0.10 | Train Loss: 0.1774 | Val Loss: 0.4528 | Acc (clean): 0.8864 | Acc (poison): 0.8109 | Val Acc: 0.8637 | Time: 00:00:12
Epoch 054 | Seed 2026 | Rate 0.10 | Train Loss: 0.1651 | Val Loss: 0.4264 | Acc (clean): 0.8898 | Acc (poison): 0.8154 | Val Acc: 0.8774 | Time: 00:00:12
Epoch 055 | Seed 2026 | Rate 0.10 | Train Loss: 0.1643 | Val Loss: 0.4324 | Acc (clean): 0.8943 | Acc (poison): 0.8187 | Val Acc: 0.8719 | Time: 00:00:13
Epoch 056 | Seed 2026 | Rate 0.10 | Train Loss: 0.1558 | Val Loss: 0.4092 | Acc (clean): 0.9013 | Acc (poison): 0.8261 | Val Acc: 0.8778 | Time: 00:00:12
Epoch 057 | Seed 2026 | Rate 0.10 | Train Loss: 0.1564 | Val Loss: 0.4261 | Acc (clean): 0.9052 | Acc (poison): 0.8286 | Val Acc: 0.8707 | Time: 00:00:12
Epoch 058 | Seed 2026 | Rate 0.10 | Train Loss: 0.1484 | Val Loss: 0.3990 | Acc (clean): 0.9050 | Acc (poison): 0.8299 | Val Acc: 0.8767 | Time: 00:00:12
Epoch 059 | Seed 2026 | Rate 0.10 | Train Loss: 0.1409 | Val Loss: 0.3937 | Acc (clean): 0.9082 | Acc (poison): 0.8329 | Val Acc: 0.8785 | Time: 00:00:12
Epoch 060 | Seed 2026 | Rate 0.10 | Train Loss: 0.1371 | Val Loss: 0.3954 | Acc (clean): 0.9102 | Acc (poison): 0.8356 | Val Acc: 0.8819 | Time: 00:00:12
Epoch 061 | Seed 2026 | Rate 0.10 | Train Loss: 0.1321 | Val Loss: 0.4151 | Acc (clean): 0.9134 | Acc (poison): 0.8382 | Val Acc: 0.8726 | Time: 00:00:12
Epoch 062 | Seed 2026 | Rate 0.10 | Train Loss: 0.1377 | Val Loss: 0.3968 | Acc (clean): 0.9153 | Acc (poison): 0.8410 | Val Acc: 0.8789 | Time: 00:00:12
Epoch 063 | Seed 2026 | Rate 0.10 | Train Loss: 0.1315 | Val Loss: 0.3940 | Acc (clean): 0.9178 | Acc (poison): 0.8418 | Val Acc: 0.8811 | Time: 00:00:12
Epoch 064 | Seed 2026 | Rate 0.10 | Train Loss: 0.1371 | Val Loss: 0.3961 | Acc (clean): 0.9190 | Acc (poison): 0.8441 | Val Acc: 0.8800 | Time: 00:00:12
Epoch 065 | Seed 2026 | Rate 0.10 | Train Loss: 0.1358 | Val Loss: 0.3963 | Acc (clean): 0.9199 | Acc (poison): 0.8467 | Val Acc: 0.8833 | Time: 00:00:12
Epoch 066 | Seed 2026 | Rate 0.10 | Train Loss: 0.1392 | Val Loss: 0.3923 | Acc (clean): 0.9219 | Acc (poison): 0.8460 | Val Acc: 0.8878 | Time: 00:00:12
Epoch 067 | Seed 2026 | Rate 0.10 | Train Loss: 0.1292 | Val Loss: 0.3938 | Acc (clean): 0.9227 | Acc (poison): 0.8492 | Val Acc: 0.8796 | Time: 00:00:12
Epoch 068 | Seed 2026 | Rate 0.10 | Train Loss: 0.1252 | Val Loss: 0.3798 | Acc (clean): 0.9262 | Acc (poison): 0.8523 | Val Acc: 0.8874 | Time: 00:00:12
Epoch 069 | Seed 2026 | Rate 0.10 | Train Loss: 0.1304 | Val Loss: 0.3794 | Acc (clean): 0.9245 | Acc (poison): 0.8508 | Val Acc: 0.8863 | Time: 00:00:12
Epoch 070 | Seed 2026 | Rate 0.10 | Train Loss: 0.1352 | Val Loss: 0.3918 | Acc (clean): 0.9245 | Acc (poison): 0.8518 | Val Acc: 0.8856 | Time: 00:00:12
Epoch 071 | Seed 2026 | Rate 0.10 | Train Loss: 0.1272 | Val Loss: 0.3713 | Acc (clean): 0.9276 | Acc (poison): 0.8556 | Val Acc: 0.8874 | Time: 00:00:12
Epoch 072 | Seed 2026 | Rate 0.10 | Train Loss: 0.1211 | Val Loss: 0.3814 | Acc (clean): 0.9296 | Acc (poison): 0.8561 | Val Acc: 0.8937 | Time: 00:00:12
Epoch 073 | Seed 2026 | Rate 0.10 | Train Loss: 0.1258 | Val Loss: 0.3814 | Acc (clean): 0.9291 | Acc (poison): 0.8563 | Val Acc: 0.8915 | Time: 00:00:12
Epoch 074 | Seed 2026 | Rate 0.10 | Train Loss: 0.1168 | Val Loss: 0.3861 | Acc (clean): 0.9326 | Acc (poison): 0.8614 | Val Acc: 0.8870 | Time: 00:00:12
Epoch 075 | Seed 2026 | Rate 0.10 | Train Loss: 0.1306 | Val Loss: 0.3824 | Acc (clean): 0.9286 | Acc (poison): 0.8574 | Val Acc: 0.8867 | Time: 00:00:12
Epoch 076 | Seed 2026 | Rate 0.10 | Train Loss: 0.1002 | Val Loss: 0.3504 | Acc (clean): 0.9382 | Acc (poison): 0.8680 | Val Acc: 0.8911 | Time: 00:00:12
Epoch 077 | Seed 2026 | Rate 0.10 | Train Loss: 0.0948 | Val Loss: 0.3490 | Acc (clean): 0.9404 | Acc (poison): 0.8690 | Val Acc: 0.8919 | Time: 00:00:12
Epoch 078 | Seed 2026 | Rate 0.10 | Train Loss: 0.0930 | Val Loss: 0.3478 | Acc (clean): 0.9427 | Acc (poison): 0.8726 | Val Acc: 0.8937 | Time: 00:00:12
Epoch 079 | Seed 2026 | Rate 0.10 | Train Loss: 0.0919 | Val Loss: 0.3549 | Acc (clean): 0.9433 | Acc (poison): 0.8714 | Val Acc: 0.8878 | Time: 00:00:12
Epoch 080 | Seed 2026 | Rate 0.10 | Train Loss: 0.0908 | Val Loss: 0.3550 | Acc (clean): 0.9425 | Acc (poison): 0.8734 | Val Acc: 0.8922 | Time: 00:00:12
Epoch 081 | Seed 2026 | Rate 0.10 | Train Loss: 0.0785 | Val Loss: 0.3502 | Acc (clean): 0.9440 | Acc (poison): 0.8746 | Val Acc: 0.8952 | Time: 00:00:12
Epoch 082 | Seed 2026 | Rate 0.10 | Train Loss: 0.0868 | Val Loss: 0.3568 | Acc (clean): 0.9442 | Acc (poison): 0.8743 | Val Acc: 0.8885 | Time: 00:00:12
Epoch 083 | Seed 2026 | Rate 0.10 | Train Loss: 0.0877 | Val Loss: 0.3526 | Acc (clean): 0.9439 | Acc (poison): 0.8750 | Val Acc: 0.8926 | Time: 00:00:12
Epoch 084 | Seed 2026 | Rate 0.10 | Train Loss: 0.0867 | Val Loss: 0.3486 | Acc (clean): 0.9437 | Acc (poison): 0.8744 | Val Acc: 0.8937 | Time: 00:00:12
Epoch 085 | Seed 2026 | Rate 0.10 | Train Loss: 0.0862 | Val Loss: 0.3499 | Acc (clean): 0.9441 | Acc (poison): 0.8743 | Val Acc: 0.8933 | Time: 00:00:12
Epoch 086 | Seed 2026 | Rate 0.10 | Train Loss: 0.0873 | Val Loss: 0.3522 | Acc (clean): 0.9445 | Acc (poison): 0.8752 | Val Acc: 0.8915 | Time: 00:00:12
Epoch 087 | Seed 2026 | Rate 0.10 | Train Loss: 0.0832 | Val Loss: 0.3511 | Acc (clean): 0.9469 | Acc (poison): 0.8765 | Val Acc: 0.8944 | Time: 00:00:12
Epoch 088 | Seed 2026 | Rate 0.10 | Train Loss: 0.0801 | Val Loss: 0.3597 | Acc (clean): 0.9451 | Acc (poison): 0.8762 | Val Acc: 0.8930 | Time: 00:00:12
Epoch 089 | Seed 2026 | Rate 0.10 | Train Loss: 0.0846 | Val Loss: 0.3519 | Acc (clean): 0.9451 | Acc (poison): 0.8765 | Val Acc: 0.8956 | Time: 00:00:12
Epoch 090 | Seed 2026 | Rate 0.10 | Train Loss: 0.0807 | Val Loss: 0.3441 | Acc (clean): 0.9462 | Acc (poison): 0.8767 | Val Acc: 0.8937 | Time: 00:00:12
Epoch 091 | Seed 2026 | Rate 0.10 | Train Loss: 0.0830 | Val Loss: 0.3546 | Acc (clean): 0.9449 | Acc (poison): 0.8771 | Val Acc: 0.8926 | Time: 00:00:12
Epoch 092 | Seed 2026 | Rate 0.10 | Train Loss: 0.0824 | Val Loss: 0.3492 | Acc (clean): 0.9457 | Acc (poison): 0.8772 | Val Acc: 0.8922 | Time: 00:00:12
Epoch 093 | Seed 2026 | Rate 0.10 | Train Loss: 0.0833 | Val Loss: 0.3474 | Acc (clean): 0.9464 | Acc (poison): 0.8779 | Val Acc: 0.8959 | Time: 00:00:12
Epoch 094 | Seed 2026 | Rate 0.10 | Train Loss: 0.0814 | Val Loss: 0.3468 | Acc (clean): 0.9474 | Acc (poison): 0.8773 | Val Acc: 0.8959 | Time: 00:00:12
Epoch 095 | Seed 2026 | Rate 0.10 | Train Loss: 0.0806 | Val Loss: 0.3484 | Acc (clean): 0.9463 | Acc (poison): 0.8786 | Val Acc: 0.8948 | Time: 00:00:12
Epoch 096 | Seed 2026 | Rate 0.10 | Train Loss: 0.0757 | Val Loss: 0.3466 | Acc (clean): 0.9484 | Acc (poison): 0.8807 | Val Acc: 0.8922 | Time: 00:00:13
Epoch 097 | Seed 2026 | Rate 0.10 | Train Loss: 0.0760 | Val Loss: 0.3522 | Acc (clean): 0.9490 | Acc (poison): 0.8798 | Val Acc: 0.8952 | Time: 00:00:12
Epoch 098 | Seed 2026 | Rate 0.10 | Train Loss: 0.0775 | Val Loss: 0.3510 | Acc (clean): 0.9477 | Acc (poison): 0.8809 | Val Acc: 0.8944 | Time: 00:00:12
Epoch 099 | Seed 2026 | Rate 0.10 | Train Loss: 0.0834 | Val Loss: 0.3483 | Acc (clean): 0.9463 | Acc (poison): 0.8786 | Val Acc: 0.8952 | Time: 00:00:12
Epoch 100 | Seed 2026 | Rate 0.10 | Train Loss: 0.0730 | Val Loss: 0.3446 | Acc (clean): 0.9490 | Acc (poison): 0.8805 | Val Acc: 0.8963 | Time: 00:00:12

=== defense=gmm_filter attack=RQ2 seed=2026 rate=0.2 ===
Loading train data from /home/yazanme/BachelorThesis/BachelorThesis/data/processed/resisc45/train.h5 with mapping /home/yazanme/BachelorThesis/BachelorThesis/data/processed/resisc45/poisoned/RQ2/seed_2026/labels_0.20.pt... (in_memory=True, workers=4)
Testing torch.compile support...
Successfully compiled model using torch.compile.
Epoch 001 | Seed 2026 | Rate 0.20 | Train Loss: 2.9640 | Val Loss: 2.5389 | Acc (clean): 0.2109 | Acc (poison): 0.1991 | Val Acc: 0.2830 | Time: 00:00:13
Epoch 002 | Seed 2026 | Rate 0.20 | Train Loss: 2.1367 | Val Loss: 2.4986 | Acc (clean): 0.3902 | Acc (poison): 0.3596 | Val Acc: 0.3037 | Time: 00:00:12
Epoch 003 | Seed 2026 | Rate 0.20 | Train Loss: 1.8236 | Val Loss: 2.0090 | Acc (clean): 0.4740 | Acc (poison): 0.4300 | Val Acc: 0.3981 | Time: 00:00:12
Epoch 004 | Seed 2026 | Rate 0.20 | Train Loss: 1.6102 | Val Loss: 1.7382 | Acc (clean): 0.5291 | Acc (poison): 0.4763 | Val Acc: 0.4833 | Time: 00:00:12
Epoch 005 | Seed 2026 | Rate 0.20 | Train Loss: 1.4567 | Val Loss: 1.7303 | Acc (clean): 0.5651 | Acc (poison): 0.5036 | Val Acc: 0.4907 | Time: 00:00:12
Epoch 006 | Seed 2026 | Rate 0.20 | Train Loss: 1.3137 | Val Loss: 2.0339 | Acc (clean): 0.6140 | Acc (poison): 0.5419 | Val Acc: 0.4185 | Time: 00:00:12
Epoch 007 | Seed 2026 | Rate 0.20 | Train Loss: 1.2192 | Val Loss: 1.7556 | Acc (clean): 0.6391 | Acc (poison): 0.5649 | Val Acc: 0.5059 | Time: 00:00:12
Epoch 008 | Seed 2026 | Rate 0.20 | Train Loss: 1.1469 | Val Loss: 1.5139 | Acc (clean): 0.6621 | Acc (poison): 0.5834 | Val Acc: 0.5467 | Time: 00:00:12
Epoch 009 | Seed 2026 | Rate 0.20 | Train Loss: 1.1025 | Val Loss: 1.2833 | Acc (clean): 0.6744 | Acc (poison): 0.5932 | Val Acc: 0.5741 | Time: 00:00:12
Epoch 010 | Seed 2026 | Rate 0.20 | Train Loss: 1.0541 | Val Loss: 1.5689 | Acc (clean): 0.6918 | Acc (poison): 0.6036 | Val Acc: 0.5281 | Time: 00:00:12
Epoch 011 | Seed 2026 | Rate 0.20 | Train Loss: 1.0448 | Val Loss: 1.1379 | Acc (clean): 0.6950 | Acc (poison): 0.6083 | Val Acc: 0.6326 | Time: 00:00:12
Epoch 012 | Seed 2026 | Rate 0.20 | Train Loss: 1.0245 | Val Loss: 1.3092 | Acc (clean): 0.7034 | Acc (poison): 0.6092 | Val Acc: 0.5852 | Time: 00:00:12
Epoch 013 | Seed 2026 | Rate 0.20 | Train Loss: 0.9967 | Val Loss: 1.6833 | Acc (clean): 0.7090 | Acc (poison): 0.6209 | Val Acc: 0.4830 | Time: 00:00:12
Epoch 014 | Seed 2026 | Rate 0.20 | Train Loss: 0.9785 | Val Loss: 1.2233 | Acc (clean): 0.7118 | Acc (poison): 0.6248 | Val Acc: 0.6174 | Time: 00:00:12
Epoch 015 | Seed 2026 | Rate 0.20 | Train Loss: 0.9700 | Val Loss: 1.2160 | Acc (clean): 0.7182 | Acc (poison): 0.6272 | Val Acc: 0.6352 | Time: 00:00:12
Epoch 016 | Seed 2026 | Rate 0.20 | Train Loss: 0.9659 | Val Loss: 1.3713 | Acc (clean): 0.7212 | Acc (poison): 0.6276 | Val Acc: 0.5959 | Time: 00:00:12
Epoch 017 | Seed 2026 | Rate 0.20 | Train Loss: 0.9571 | Val Loss: 1.3358 | Acc (clean): 0.7247 | Acc (poison): 0.6323 | Val Acc: 0.6041 | Time: 00:00:12
Epoch 018 | Seed 2026 | Rate 0.20 | Train Loss: 0.9639 | Val Loss: 1.3456 | Acc (clean): 0.7211 | Acc (poison): 0.6269 | Val Acc: 0.6137 | Time: 00:00:12
Epoch 019 | Seed 2026 | Rate 0.20 | Train Loss: 0.9360 | Val Loss: 1.5112 | Acc (clean): 0.7302 | Acc (poison): 0.6362 | Val Acc: 0.5781 | Time: 00:00:12
Epoch 020 | Seed 2026 | Rate 0.20 | Train Loss: 0.9426 | Val Loss: 3.0444 | Acc (clean): 0.7281 | Acc (poison): 0.6353 | Val Acc: 0.3089 | Time: 00:00:12
Epoch 021 | Seed 2026 | Rate 0.20 | Train Loss: 0.9317 | Val Loss: 1.2176 | Acc (clean): 0.7310 | Acc (poison): 0.6374 | Val Acc: 0.6078 | Time: 00:00:12
Epoch 022 | Seed 2026 | Rate 0.20 | Train Loss: 0.9408 | Val Loss: 1.0072 | Acc (clean): 0.7299 | Acc (poison): 0.6386 | Val Acc: 0.6767 | Time: 00:00:12
Epoch 023 | Seed 2026 | Rate 0.20 | Train Loss: 0.9290 | Val Loss: 1.6837 | Acc (clean): 0.7335 | Acc (poison): 0.6380 | Val Acc: 0.5267 | Time: 00:00:12
Epoch 024 | Seed 2026 | Rate 0.20 | Train Loss: 0.9428 | Val Loss: 1.3510 | Acc (clean): 0.7285 | Acc (poison): 0.6338 | Val Acc: 0.5937 | Time: 00:00:12
Epoch 025 | Seed 2026 | Rate 0.20 | Train Loss: 0.9152 | Val Loss: 1.2255 | Acc (clean): 0.7394 | Acc (poison): 0.6438 | Val Acc: 0.6193 | Time: 00:00:12
Epoch 026 | Seed 2026 | Rate 0.20 | Train Loss: 0.7512 | Val Loss: 1.1894 | Acc (clean): 0.7428 | Acc (poison): 0.6410 | Val Acc: 0.6426 | Time: 00:00:12
Epoch 027 | Seed 2026 | Rate 0.20 | Train Loss: 0.7311 | Val Loss: 1.1247 | Acc (clean): 0.7464 | Acc (poison): 0.6426 | Val Acc: 0.6515 | Time: 00:00:12
Epoch 028 | Seed 2026 | Rate 0.20 | Train Loss: 0.7344 | Val Loss: 1.4780 | Acc (clean): 0.7433 | Acc (poison): 0.6366 | Val Acc: 0.5841 | Time: 00:00:12
Epoch 029 | Seed 2026 | Rate 0.20 | Train Loss: 0.7028 | Val Loss: 1.9280 | Acc (clean): 0.7539 | Acc (poison): 0.6410 | Val Acc: 0.4822 | Time: 00:00:12
Epoch 030 | Seed 2026 | Rate 0.20 | Train Loss: 0.6842 | Val Loss: 1.6797 | Acc (clean): 0.7512 | Acc (poison): 0.6422 | Val Acc: 0.5370 | Time: 00:00:12
Epoch 031 | Seed 2026 | Rate 0.20 | Train Loss: 0.6824 | Val Loss: 1.0687 | Acc (clean): 0.7571 | Acc (poison): 0.6467 | Val Acc: 0.6811 | Time: 00:00:12
Epoch 032 | Seed 2026 | Rate 0.20 | Train Loss: 0.6867 | Val Loss: 1.3527 | Acc (clean): 0.7567 | Acc (poison): 0.6457 | Val Acc: 0.5941 | Time: 00:00:12
Epoch 033 | Seed 2026 | Rate 0.20 | Train Loss: 0.7005 | Val Loss: 1.1441 | Acc (clean): 0.7548 | Acc (poison): 0.6438 | Val Acc: 0.6637 | Time: 00:00:12
Epoch 034 | Seed 2026 | Rate 0.20 | Train Loss: 0.6791 | Val Loss: 1.1656 | Acc (clean): 0.7524 | Acc (poison): 0.6442 | Val Acc: 0.6367 | Time: 00:00:12
Epoch 035 | Seed 2026 | Rate 0.20 | Train Loss: 0.6813 | Val Loss: 2.7183 | Acc (clean): 0.7517 | Acc (poison): 0.6430 | Val Acc: 0.3519 | Time: 00:00:12
Epoch 036 | Seed 2026 | Rate 0.20 | Train Loss: 0.6644 | Val Loss: 1.1354 | Acc (clean): 0.7599 | Acc (poison): 0.6492 | Val Acc: 0.6567 | Time: 00:00:12
Epoch 037 | Seed 2026 | Rate 0.20 | Train Loss: 0.6763 | Val Loss: 2.0736 | Acc (clean): 0.7560 | Acc (poison): 0.6426 | Val Acc: 0.4696 | Time: 00:00:12
Epoch 038 | Seed 2026 | Rate 0.20 | Train Loss: 0.6577 | Val Loss: 1.5129 | Acc (clean): 0.7635 | Acc (poison): 0.6486 | Val Acc: 0.5930 | Time: 00:00:12
Epoch 039 | Seed 2026 | Rate 0.20 | Train Loss: 0.6686 | Val Loss: 1.7743 | Acc (clean): 0.7546 | Acc (poison): 0.6441 | Val Acc: 0.4896 | Time: 00:00:12
Epoch 040 | Seed 2026 | Rate 0.20 | Train Loss: 0.6346 | Val Loss: 1.6825 | Acc (clean): 0.7597 | Acc (poison): 0.6466 | Val Acc: 0.5789 | Time: 00:00:12
Epoch 041 | Seed 2026 | Rate 0.20 | Train Loss: 0.6661 | Val Loss: 1.1325 | Acc (clean): 0.7570 | Acc (poison): 0.6444 | Val Acc: 0.6711 | Time: 00:00:12
Epoch 042 | Seed 2026 | Rate 0.20 | Train Loss: 0.6516 | Val Loss: 1.1837 | Acc (clean): 0.7616 | Acc (poison): 0.6478 | Val Acc: 0.6478 | Time: 00:00:12
Epoch 043 | Seed 2026 | Rate 0.20 | Train Loss: 0.6426 | Val Loss: 1.2891 | Acc (clean): 0.7592 | Acc (poison): 0.6436 | Val Acc: 0.6185 | Time: 00:00:12
Epoch 044 | Seed 2026 | Rate 0.20 | Train Loss: 0.6675 | Val Loss: 1.5424 | Acc (clean): 0.7558 | Acc (poison): 0.6437 | Val Acc: 0.5652 | Time: 00:00:12
Epoch 045 | Seed 2026 | Rate 0.20 | Train Loss: 0.6637 | Val Loss: 1.1576 | Acc (clean): 0.7596 | Acc (poison): 0.6479 | Val Acc: 0.6607 | Time: 00:00:12
Epoch 046 | Seed 2026 | Rate 0.20 | Train Loss: 0.6567 | Val Loss: 1.1630 | Acc (clean): 0.7559 | Acc (poison): 0.6438 | Val Acc: 0.6574 | Time: 00:00:12
Epoch 047 | Seed 2026 | Rate 0.20 | Train Loss: 0.6580 | Val Loss: 1.4802 | Acc (clean): 0.7563 | Acc (poison): 0.6451 | Val Acc: 0.5667 | Time: 00:00:12
Epoch 048 | Seed 2026 | Rate 0.20 | Train Loss: 0.6671 | Val Loss: 2.0254 | Acc (clean): 0.7598 | Acc (poison): 0.6444 | Val Acc: 0.4722 | Time: 00:00:12
Epoch 049 | Seed 2026 | Rate 0.20 | Train Loss: 0.6726 | Val Loss: 1.2703 | Acc (clean): 0.7546 | Acc (poison): 0.6458 | Val Acc: 0.6137 | Time: 00:00:12
Epoch 050 | Seed 2026 | Rate 0.20 | Train Loss: 0.6846 | Val Loss: 1.1404 | Acc (clean): 0.7521 | Acc (poison): 0.6443 | Val Acc: 0.6489 | Time: 00:00:12
Epoch 051 | Seed 2026 | Rate 0.20 | Train Loss: 0.4929 | Val Loss: 0.5761 | Acc (clean): 0.8277 | Acc (poison): 0.6995 | Val Acc: 0.8304 | Time: 00:00:12
Epoch 052 | Seed 2026 | Rate 0.20 | Train Loss: 0.3814 | Val Loss: 0.5505 | Acc (clean): 0.8506 | Acc (poison): 0.7140 | Val Acc: 0.8385 | Time: 00:00:12
Epoch 053 | Seed 2026 | Rate 0.20 | Train Loss: 0.3249 | Val Loss: 0.5189 | Acc (clean): 0.8602 | Acc (poison): 0.7210 | Val Acc: 0.8448 | Time: 00:00:12
Epoch 054 | Seed 2026 | Rate 0.20 | Train Loss: 0.2993 | Val Loss: 0.5078 | Acc (clean): 0.8658 | Acc (poison): 0.7258 | Val Acc: 0.8404 | Time: 00:00:12
Epoch 055 | Seed 2026 | Rate 0.20 | Train Loss: 0.2929 | Val Loss: 0.5028 | Acc (clean): 0.8691 | Acc (poison): 0.7286 | Val Acc: 0.8474 | Time: 00:00:12
Epoch 056 | Seed 2026 | Rate 0.20 | Train Loss: 0.2407 | Val Loss: 0.4760 | Acc (clean): 0.8744 | Acc (poison): 0.7341 | Val Acc: 0.8533 | Time: 00:00:12
Epoch 057 | Seed 2026 | Rate 0.20 | Train Loss: 0.2160 | Val Loss: 0.4767 | Acc (clean): 0.8781 | Acc (poison): 0.7369 | Val Acc: 0.8581 | Time: 00:00:12
Epoch 058 | Seed 2026 | Rate 0.20 | Train Loss: 0.2043 | Val Loss: 0.4519 | Acc (clean): 0.8845 | Acc (poison): 0.7411 | Val Acc: 0.8619 | Time: 00:00:12
Epoch 059 | Seed 2026 | Rate 0.20 | Train Loss: 0.1911 | Val Loss: 0.4520 | Acc (clean): 0.8823 | Acc (poison): 0.7409 | Val Acc: 0.8589 | Time: 00:00:12
Epoch 060 | Seed 2026 | Rate 0.20 | Train Loss: 0.2068 | Val Loss: 0.4651 | Acc (clean): 0.8861 | Acc (poison): 0.7437 | Val Acc: 0.8556 | Time: 00:00:12
Epoch 061 | Seed 2026 | Rate 0.20 | Train Loss: 0.1851 | Val Loss: 0.4678 | Acc (clean): 0.8893 | Acc (poison): 0.7463 | Val Acc: 0.8593 | Time: 00:00:12
Epoch 062 | Seed 2026 | Rate 0.20 | Train Loss: 0.1829 | Val Loss: 0.4504 | Acc (clean): 0.8903 | Acc (poison): 0.7480 | Val Acc: 0.8537 | Time: 00:00:12
Epoch 063 | Seed 2026 | Rate 0.20 | Train Loss: 0.1654 | Val Loss: 0.4436 | Acc (clean): 0.8909 | Acc (poison): 0.7493 | Val Acc: 0.8704 | Time: 00:00:12
Epoch 064 | Seed 2026 | Rate 0.20 | Train Loss: 0.1656 | Val Loss: 0.4444 | Acc (clean): 0.8942 | Acc (poison): 0.7512 | Val Acc: 0.8648 | Time: 00:00:12
Epoch 065 | Seed 2026 | Rate 0.20 | Train Loss: 0.1698 | Val Loss: 0.4373 | Acc (clean): 0.8965 | Acc (poison): 0.7523 | Val Acc: 0.8656 | Time: 00:00:12
Epoch 066 | Seed 2026 | Rate 0.20 | Train Loss: 0.1694 | Val Loss: 0.4429 | Acc (clean): 0.8965 | Acc (poison): 0.7550 | Val Acc: 0.8641 | Time: 00:00:12
Epoch 067 | Seed 2026 | Rate 0.20 | Train Loss: 0.1571 | Val Loss: 0.4260 | Acc (clean): 0.8970 | Acc (poison): 0.7560 | Val Acc: 0.8689 | Time: 00:00:12
Epoch 068 | Seed 2026 | Rate 0.20 | Train Loss: 0.1611 | Val Loss: 0.4157 | Acc (clean): 0.9002 | Acc (poison): 0.7574 | Val Acc: 0.8707 | Time: 00:00:12
Epoch 069 | Seed 2026 | Rate 0.20 | Train Loss: 0.1538 | Val Loss: 0.4516 | Acc (clean): 0.8998 | Acc (poison): 0.7606 | Val Acc: 0.8574 | Time: 00:00:12
Epoch 070 | Seed 2026 | Rate 0.20 | Train Loss: 0.1595 | Val Loss: 0.4462 | Acc (clean): 0.9007 | Acc (poison): 0.7629 | Val Acc: 0.8644 | Time: 00:00:12
Epoch 071 | Seed 2026 | Rate 0.20 | Train Loss: 0.1578 | Val Loss: 0.4289 | Acc (clean): 0.9012 | Acc (poison): 0.7624 | Val Acc: 0.8696 | Time: 00:00:12
Epoch 072 | Seed 2026 | Rate 0.20 | Train Loss: 0.1551 | Val Loss: 0.4573 | Acc (clean): 0.9007 | Acc (poison): 0.7633 | Val Acc: 0.8600 | Time: 00:00:12
Epoch 073 | Seed 2026 | Rate 0.20 | Train Loss: 0.1506 | Val Loss: 0.4330 | Acc (clean): 0.9038 | Acc (poison): 0.7679 | Val Acc: 0.8641 | Time: 00:00:12
Epoch 074 | Seed 2026 | Rate 0.20 | Train Loss: 0.1509 | Val Loss: 0.4516 | Acc (clean): 0.9022 | Acc (poison): 0.7671 | Val Acc: 0.8600 | Time: 00:00:12
Epoch 075 | Seed 2026 | Rate 0.20 | Train Loss: 0.1591 | Val Loss: 0.4650 | Acc (clean): 0.9017 | Acc (poison): 0.7672 | Val Acc: 0.8615 | Time: 00:00:12
Epoch 076 | Seed 2026 | Rate 0.20 | Train Loss: 0.1327 | Val Loss: 0.4150 | Acc (clean): 0.9098 | Acc (poison): 0.7775 | Val Acc: 0.8711 | Time: 00:00:12
Epoch 077 | Seed 2026 | Rate 0.20 | Train Loss: 0.1135 | Val Loss: 0.4076 | Acc (clean): 0.9126 | Acc (poison): 0.7817 | Val Acc: 0.8737 | Time: 00:00:12
Epoch 078 | Seed 2026 | Rate 0.20 | Train Loss: 0.1081 | Val Loss: 0.4091 | Acc (clean): 0.9129 | Acc (poison): 0.7831 | Val Acc: 0.8719 | Time: 00:00:12
Epoch 079 | Seed 2026 | Rate 0.20 | Train Loss: 0.1160 | Val Loss: 0.4086 | Acc (clean): 0.9130 | Acc (poison): 0.7819 | Val Acc: 0.8789 | Time: 00:00:12
Epoch 080 | Seed 2026 | Rate 0.20 | Train Loss: 0.1097 | Val Loss: 0.4081 | Acc (clean): 0.9156 | Acc (poison): 0.7855 | Val Acc: 0.8756 | Time: 00:00:12
Epoch 081 | Seed 2026 | Rate 0.20 | Train Loss: 0.1033 | Val Loss: 0.4078 | Acc (clean): 0.9186 | Acc (poison): 0.7866 | Val Acc: 0.8748 | Time: 00:00:12
Epoch 082 | Seed 2026 | Rate 0.20 | Train Loss: 0.1058 | Val Loss: 0.4130 | Acc (clean): 0.9158 | Acc (poison): 0.7846 | Val Acc: 0.8722 | Time: 00:00:12
Epoch 083 | Seed 2026 | Rate 0.20 | Train Loss: 0.1109 | Val Loss: 0.4041 | Acc (clean): 0.9149 | Acc (poison): 0.7862 | Val Acc: 0.8737 | Time: 00:00:12
Epoch 084 | Seed 2026 | Rate 0.20 | Train Loss: 0.1052 | Val Loss: 0.3997 | Acc (clean): 0.9148 | Acc (poison): 0.7870 | Val Acc: 0.8726 | Time: 00:00:12
Epoch 085 | Seed 2026 | Rate 0.20 | Train Loss: 0.1056 | Val Loss: 0.4061 | Acc (clean): 0.9159 | Acc (poison): 0.7897 | Val Acc: 0.8767 | Time: 00:00:12
Epoch 086 | Seed 2026 | Rate 0.20 | Train Loss: 0.1044 | Val Loss: 0.4014 | Acc (clean): 0.9184 | Acc (poison): 0.7905 | Val Acc: 0.8759 | Time: 00:00:12
Epoch 087 | Seed 2026 | Rate 0.20 | Train Loss: 0.1138 | Val Loss: 0.4052 | Acc (clean): 0.9154 | Acc (poison): 0.7891 | Val Acc: 0.8756 | Time: 00:00:12
Epoch 088 | Seed 2026 | Rate 0.20 | Train Loss: 0.1100 | Val Loss: 0.4122 | Acc (clean): 0.9177 | Acc (poison): 0.7904 | Val Acc: 0.8748 | Time: 00:00:12
Epoch 089 | Seed 2026 | Rate 0.20 | Train Loss: 0.1180 | Val Loss: 0.4021 | Acc (clean): 0.9151 | Acc (poison): 0.7895 | Val Acc: 0.8763 | Time: 00:00:12
Epoch 090 | Seed 2026 | Rate 0.20 | Train Loss: 0.1045 | Val Loss: 0.4003 | Acc (clean): 0.9155 | Acc (poison): 0.7915 | Val Acc: 0.8756 | Time: 00:00:12
Epoch 091 | Seed 2026 | Rate 0.20 | Train Loss: 0.0978 | Val Loss: 0.4099 | Acc (clean): 0.9155 | Acc (poison): 0.7911 | Val Acc: 0.8711 | Time: 00:00:12
Epoch 092 | Seed 2026 | Rate 0.20 | Train Loss: 0.0992 | Val Loss: 0.4032 | Acc (clean): 0.9171 | Acc (poison): 0.7909 | Val Acc: 0.8726 | Time: 00:00:12
Epoch 093 | Seed 2026 | Rate 0.20 | Train Loss: 0.1037 | Val Loss: 0.4030 | Acc (clean): 0.9165 | Acc (poison): 0.7914 | Val Acc: 0.8763 | Time: 00:00:12
Epoch 094 | Seed 2026 | Rate 0.20 | Train Loss: 0.1027 | Val Loss: 0.4025 | Acc (clean): 0.9159 | Acc (poison): 0.7930 | Val Acc: 0.8796 | Time: 00:00:12
Epoch 095 | Seed 2026 | Rate 0.20 | Train Loss: 0.1093 | Val Loss: 0.4033 | Acc (clean): 0.9174 | Acc (poison): 0.7919 | Val Acc: 0.8756 | Time: 00:00:12
Epoch 096 | Seed 2026 | Rate 0.20 | Train Loss: 0.1088 | Val Loss: 0.4061 | Acc (clean): 0.9154 | Acc (poison): 0.7950 | Val Acc: 0.8744 | Time: 00:00:12
Epoch 097 | Seed 2026 | Rate 0.20 | Train Loss: 0.1033 | Val Loss: 0.4062 | Acc (clean): 0.9177 | Acc (poison): 0.7948 | Val Acc: 0.8770 | Time: 00:00:12
Epoch 098 | Seed 2026 | Rate 0.20 | Train Loss: 0.1019 | Val Loss: 0.4036 | Acc (clean): 0.9166 | Acc (poison): 0.7953 | Val Acc: 0.8796 | Time: 00:00:12
Epoch 099 | Seed 2026 | Rate 0.20 | Train Loss: 0.1032 | Val Loss: 0.4050 | Acc (clean): 0.9161 | Acc (poison): 0.7944 | Val Acc: 0.8759 | Time: 00:00:12
Epoch 100 | Seed 2026 | Rate 0.20 | Train Loss: 0.0993 | Val Loss: 0.4030 | Acc (clean): 0.9155 | Acc (poison): 0.7944 | Val Acc: 0.8763 | Time: 00:00:11

Endzeit: 2026-08-07 10:35:36 CEST
Laufzeit: 04:04:26
Exit-Code: 0

Abgeschlossene Laeufe fuer Seed 2026 (erwartet: 11):
/home/yazanme/BachelorThesis/BachelorThesis/experiments/RQ3/gmm_filter/mobilenetv2/clean/seed_2026/rate_0.0
/home/yazanme/BachelorThesis/BachelorThesis/experiments/RQ3/gmm_filter/mobilenetv2/RQ1/seed_2026/rate_0.01
/home/yazanme/BachelorThesis/BachelorThesis/experiments/RQ3/gmm_filter/mobilenetv2/RQ1/seed_2026/rate_0.02
/home/yazanme/BachelorThesis/BachelorThesis/experiments/RQ3/gmm_filter/mobilenetv2/RQ1/seed_2026/rate_0.05
/home/yazanme/BachelorThesis/BachelorThesis/experiments/RQ3/gmm_filter/mobilenetv2/RQ1/seed_2026/rate_0.1
/home/yazanme/BachelorThesis/BachelorThesis/experiments/RQ3/gmm_filter/mobilenetv2/RQ1/seed_2026/rate_0.2
/home/yazanme/BachelorThesis/BachelorThesis/experiments/RQ3/gmm_filter/mobilenetv2/RQ2/seed_2026/rate_0.01
/home/yazanme/BachelorThesis/BachelorThesis/experiments/RQ3/gmm_filter/mobilenetv2/RQ2/seed_2026/rate_0.02
/home/yazanme/BachelorThesis/BachelorThesis/experiments/RQ3/gmm_filter/mobilenetv2/RQ2/seed_2026/rate_0.05
/home/yazanme/BachelorThesis/BachelorThesis/experiments/RQ3/gmm_filter/mobilenetv2/RQ2/seed_2026/rate_0.1
/home/yazanme/BachelorThesis/BachelorThesis/experiments/RQ3/gmm_filter/mobilenetv2/RQ2/seed_2026/rate_0.2
Anzahl: 11

clean/summary_metrics.csv:
seed,rate,accuracy,precision,recall,f1
42,0.0,0.9162222222222224,0.9177983329636752,0.916222222222222,0.916438752476102
2026,0.0,0.9177777777777778,0.9188899290148924,0.9177777777777776,0.9177637684648088
2001,0.0,0.9146666666666666,0.9158517281899614,0.9146666666666664,0.9146651945268585

RQ1/summary_metrics.csv:
seed,rate,accuracy,precision,recall,f1
42,0.01,0.9302222222222222,0.9311213584317912,0.930222222222222,0.9301952118485242
2026,0.01,0.928,0.9290079392697876,0.9280000000000002,0.9279416115258344
2001,0.01,0.9246666666666666,0.9258056326772256,0.9246666666666664,0.9246241043936148
2026,0.02,0.9311111111111112,0.93272466179924,0.9311111111111108,0.9314023186943678
2001,0.02,0.9273333333333332,0.92822743121286,0.9273333333333332,0.9273786144500924
42,0.02,0.9308888888888888,0.932045063138086,0.9308888888888892,0.9309026221787524
2026,0.05,0.93,0.930823764675496,0.9299999999999998,0.9298641896997626
42,0.05,0.9268888888888888,0.927756731661348,0.9268888888888884,0.9268336995086224
2001,0.05,0.9291111111111112,0.9303595012656192,0.9291111111111112,0.9292128892797268
2026,0.1,0.9228888888888888,0.9238776828124036,0.9228888888888888,0.922936159014854
42,0.1,0.9222222222222224,0.9235060882543396,0.922222222222222,0.9222964661444694
2001,0.1,0.9242222222222222,0.9254969051024114,0.9242222222222222,0.924314191512352
2026,0.2,0.9155555555555556,0.917534326453597,0.9155555555555556,0.915778548056958
2001,0.2,0.9148888888888888,0.9162940864548724,0.9148888888888888,0.9148943915695166
42,0.2,0.9124444444444444,0.9133790448368845,0.9124444444444445,0.9124117390243671

RQ2/summary_metrics.csv:
seed,rate,accuracy,precision,recall,f1
2026,0.01,0.9242222222222222,0.9257248419815232,0.9242222222222222,0.924282325485414
42,0.01,0.9213333333333332,0.9226434720377202,0.9213333333333332,0.9215119286216223
2001,0.01,0.928,0.9289353884174406,0.9280000000000002,0.927918772426266
2001,0.02,0.9255555555555556,0.9265697749995908,0.9255555555555556,0.9255996357777287
42,0.02,0.9211111111111112,0.92278971907316,0.9211111111111112,0.921289213904852
2026,0.02,0.9177777777777778,0.9190015093378592,0.9177777777777776,0.9178532390621806
42,0.05,0.9146666666666666,0.9159575570066828,0.9146666666666666,0.9147307676526468
2001,0.05,0.916,0.9172395687086574,0.916,0.9159303761580811
2026,0.05,0.9166666666666666,0.918156070363846,0.9166666666666664,0.91678999910185
2001,0.1,0.9053333333333332,0.90639138731382,0.9053333333333332,0.9050505995611448
42,0.1,0.914,0.915569966132096,0.914,0.9139448720408436
2026,0.1,0.9088888888888887,0.9101901270654582,0.9088888888888887,0.9089101742347272
2001,0.2,0.8868888888888888,0.8903222305298868,0.8868888888888892,0.8868605009758859
42,0.2,0.8866666666666667,0.8887702103012478,0.8866666666666668,0.8865756626354835
2026,0.2,0.89,0.8921356783312833,0.8900000000000001,0.8900113083413849
