=========================================
1. SLURM ALLOKATIONS-INFO
=========================================
Job ID: 5176 (Array 5163, Task 0)
Job Name: rq3_none_resnet18
Ausfuehrender Node: gpu01
Zugewiesene CPUs: 6
Zugewiesener Speicher: 32768 MB
Zugewiesene GPUs: 2
Zugewiesene GPUs ueber CUDA: 0
0, Tesla V100S-PCIE-32GB, 32768 MiB, 535.309.01

Zeitzonen-Check -> Node-Uhr (UTC): 2026-08-08 19:08:12 UTC
Zeitzonen-Check -> korrigiert    : 2026-08-08 21:08:12 CEST

Python: /home/yazanme/miniforge3/envs/venv/bin/python
Version: Python 3.12.13

Preflight ok: RQ2-Labels mit 16 Paaren / 32 angegriffenen Klassen.
Modell:           resnet18
Verteidigung:     none
Seed:             42
Trainings-Config: /home/yazanme/BachelorThesis/BachelorThesis/src/yaml/rq3/rq3_train_resnet18.yaml
Daten-Config:     /home/yazanme/BachelorThesis/BachelorThesis/src/implementation/data_preparation/config.yaml
Ausgabe:          /home/yazanme/BachelorThesis/BachelorThesis/experiments/RQ3/none/resnet18/{clean,RQ1,RQ2}
Preflight ok: 3 HDF5-Splits + 10 Label-Tensoren (RQ1+RQ2) fuer Seed 42.
Erwartet: 1 clean + 2 Angriffe x 5 Raten = 11 Laeufe (~4.6 h).

Startzeit: 2026-08-08 21:08:14 CEST

Starting main script...
Config: /home/yazanme/BachelorThesis/BachelorThesis/src/yaml/rq3/rq3_train_resnet18.yaml
Experiment: rq=RQ3 model=resnet18 rates=[0.0, 0.01, 0.02, 0.05, 0.1, 0.2]
Defense: none | Seeds: [42] | Attacks: ['clean', 'RQ1', 'RQ2']
Set float32 matmul precision to: high
Initializing PyTorch and checking CUDA...
Set cudnn.benchmark to: True
Using device: cuda
Initializing base loaders...
Loading validation data from /home/yazanme/BachelorThesis/BachelorThesis/data/processed/resisc45/val.h5... (in_memory=True, workers=4)
Loading test data from /home/yazanme/BachelorThesis/BachelorThesis/data/processed/resisc45/test.h5... (in_memory=True, workers=4)
Starting experiment run...

=== defense=none attack=clean seed=42 rate=0.0 ===
Loading train data from /home/yazanme/BachelorThesis/BachelorThesis/data/processed/resisc45/train.h5... (in_memory=True, workers=4)
Testing torch.compile support...
Successfully compiled model using torch.compile.
Epoch 001 | Seed 42 | Rate 0.00 | Train Loss: 2.6038 | Val Loss: 2.3009 | Acc (clean): 0.2944 | Acc (poison): 0.2944 | Val Acc: 0.3407 | Time: 00:01:22
Epoch 002 | Seed 42 | Rate 0.00 | Train Loss: 1.7384 | Val Loss: 2.0977 | Acc (clean): 0.4878 | Acc (poison): 0.4878 | Val Acc: 0.3948 | Time: 00:00:14
Epoch 003 | Seed 42 | Rate 0.00 | Train Loss: 1.4000 | Val Loss: 2.3746 | Acc (clean): 0.5803 | Acc (poison): 0.5803 | Val Acc: 0.3893 | Time: 00:00:12
Epoch 004 | Seed 42 | Rate 0.00 | Train Loss: 1.1604 | Val Loss: 1.3324 | Acc (clean): 0.6454 | Acc (poison): 0.6454 | Val Acc: 0.6148 | Time: 00:00:15
Epoch 005 | Seed 42 | Rate 0.00 | Train Loss: 0.9897 | Val Loss: 1.4737 | Acc (clean): 0.6951 | Acc (poison): 0.6951 | Val Acc: 0.5744 | Time: 00:00:12
Epoch 006 | Seed 42 | Rate 0.00 | Train Loss: 0.8246 | Val Loss: 1.0342 | Acc (clean): 0.7464 | Acc (poison): 0.7464 | Val Acc: 0.6878 | Time: 00:00:13
Epoch 007 | Seed 42 | Rate 0.00 | Train Loss: 0.7115 | Val Loss: 0.9896 | Acc (clean): 0.7790 | Acc (poison): 0.7790 | Val Acc: 0.6952 | Time: 00:00:13
Epoch 008 | Seed 42 | Rate 0.00 | Train Loss: 0.6251 | Val Loss: 0.9051 | Acc (clean): 0.8017 | Acc (poison): 0.8017 | Val Acc: 0.7296 | Time: 00:00:13
Epoch 009 | Seed 42 | Rate 0.00 | Train Loss: 0.5646 | Val Loss: 0.9028 | Acc (clean): 0.8228 | Acc (poison): 0.8228 | Val Acc: 0.7252 | Time: 00:00:13
Epoch 010 | Seed 42 | Rate 0.00 | Train Loss: 0.5103 | Val Loss: 0.9968 | Acc (clean): 0.8382 | Acc (poison): 0.8382 | Val Acc: 0.7063 | Time: 00:00:12
Epoch 011 | Seed 42 | Rate 0.00 | Train Loss: 0.4846 | Val Loss: 0.7515 | Acc (clean): 0.8436 | Acc (poison): 0.8436 | Val Acc: 0.7648 | Time: 00:00:13
Epoch 012 | Seed 42 | Rate 0.00 | Train Loss: 0.4457 | Val Loss: 0.7338 | Acc (clean): 0.8576 | Acc (poison): 0.8576 | Val Acc: 0.7741 | Time: 00:00:13
Epoch 013 | Seed 42 | Rate 0.00 | Train Loss: 0.4348 | Val Loss: 0.8936 | Acc (clean): 0.8616 | Acc (poison): 0.8616 | Val Acc: 0.7393 | Time: 00:00:12
Epoch 014 | Seed 42 | Rate 0.00 | Train Loss: 0.4076 | Val Loss: 0.6403 | Acc (clean): 0.8698 | Acc (poison): 0.8698 | Val Acc: 0.8044 | Time: 00:00:13
Epoch 015 | Seed 42 | Rate 0.00 | Train Loss: 0.3978 | Val Loss: 0.5843 | Acc (clean): 0.8716 | Acc (poison): 0.8716 | Val Acc: 0.8174 | Time: 00:00:13
Epoch 016 | Seed 42 | Rate 0.00 | Train Loss: 0.3822 | Val Loss: 0.5528 | Acc (clean): 0.8774 | Acc (poison): 0.8774 | Val Acc: 0.8278 | Time: 00:00:13
Epoch 017 | Seed 42 | Rate 0.00 | Train Loss: 0.3645 | Val Loss: 0.9416 | Acc (clean): 0.8829 | Acc (poison): 0.8829 | Val Acc: 0.7370 | Time: 00:00:13
Epoch 018 | Seed 42 | Rate 0.00 | Train Loss: 0.3515 | Val Loss: 0.5995 | Acc (clean): 0.8870 | Acc (poison): 0.8870 | Val Acc: 0.8170 | Time: 00:00:12
Epoch 019 | Seed 42 | Rate 0.00 | Train Loss: 0.3324 | Val Loss: 0.8630 | Acc (clean): 0.8942 | Acc (poison): 0.8942 | Val Acc: 0.7474 | Time: 00:00:12
Epoch 020 | Seed 42 | Rate 0.00 | Train Loss: 0.3482 | Val Loss: 0.7521 | Acc (clean): 0.8879 | Acc (poison): 0.8879 | Val Acc: 0.7737 | Time: 00:00:12
Epoch 021 | Seed 42 | Rate 0.00 | Train Loss: 0.3281 | Val Loss: 0.6571 | Acc (clean): 0.8963 | Acc (poison): 0.8963 | Val Acc: 0.7996 | Time: 00:00:13
Epoch 022 | Seed 42 | Rate 0.00 | Train Loss: 0.3189 | Val Loss: 0.6629 | Acc (clean): 0.8981 | Acc (poison): 0.8981 | Val Acc: 0.8041 | Time: 00:00:13
Epoch 023 | Seed 42 | Rate 0.00 | Train Loss: 0.3150 | Val Loss: 0.7673 | Acc (clean): 0.8988 | Acc (poison): 0.8988 | Val Acc: 0.7689 | Time: 00:00:13
Epoch 024 | Seed 42 | Rate 0.00 | Train Loss: 0.3227 | Val Loss: 0.7522 | Acc (clean): 0.8981 | Acc (poison): 0.8981 | Val Acc: 0.7737 | Time: 00:00:13
Epoch 025 | Seed 42 | Rate 0.00 | Train Loss: 0.3001 | Val Loss: 0.5946 | Acc (clean): 0.9037 | Acc (poison): 0.9037 | Val Acc: 0.8159 | Time: 00:00:13
Epoch 026 | Seed 42 | Rate 0.00 | Train Loss: 0.2914 | Val Loss: 0.7829 | Acc (clean): 0.9065 | Acc (poison): 0.9065 | Val Acc: 0.7696 | Time: 00:00:13
Epoch 027 | Seed 42 | Rate 0.00 | Train Loss: 0.2957 | Val Loss: 0.5941 | Acc (clean): 0.9052 | Acc (poison): 0.9052 | Val Acc: 0.8248 | Time: 00:00:13
Epoch 028 | Seed 42 | Rate 0.00 | Train Loss: 0.2915 | Val Loss: 0.5965 | Acc (clean): 0.9071 | Acc (poison): 0.9071 | Val Acc: 0.8185 | Time: 00:00:13
Epoch 029 | Seed 42 | Rate 0.00 | Train Loss: 0.2826 | Val Loss: 0.7908 | Acc (clean): 0.9088 | Acc (poison): 0.9088 | Val Acc: 0.7652 | Time: 00:00:13
Epoch 030 | Seed 42 | Rate 0.00 | Train Loss: 0.2717 | Val Loss: 0.5617 | Acc (clean): 0.9138 | Acc (poison): 0.9138 | Val Acc: 0.8300 | Time: 00:00:13
Epoch 031 | Seed 42 | Rate 0.00 | Train Loss: 0.2868 | Val Loss: 0.5912 | Acc (clean): 0.9091 | Acc (poison): 0.9091 | Val Acc: 0.8219 | Time: 00:00:13
Epoch 032 | Seed 42 | Rate 0.00 | Train Loss: 0.2735 | Val Loss: 0.5965 | Acc (clean): 0.9152 | Acc (poison): 0.9152 | Val Acc: 0.8189 | Time: 00:00:13
Epoch 033 | Seed 42 | Rate 0.00 | Train Loss: 0.2623 | Val Loss: 0.8930 | Acc (clean): 0.9162 | Acc (poison): 0.9162 | Val Acc: 0.7485 | Time: 00:00:14
Epoch 034 | Seed 42 | Rate 0.00 | Train Loss: 0.2755 | Val Loss: 0.6406 | Acc (clean): 0.9115 | Acc (poison): 0.9115 | Val Acc: 0.8074 | Time: 00:00:13
Epoch 035 | Seed 42 | Rate 0.00 | Train Loss: 0.2676 | Val Loss: 0.8544 | Acc (clean): 0.9147 | Acc (poison): 0.9147 | Val Acc: 0.7700 | Time: 00:00:13
Epoch 036 | Seed 42 | Rate 0.00 | Train Loss: 0.2589 | Val Loss: 1.0025 | Acc (clean): 0.9181 | Acc (poison): 0.9181 | Val Acc: 0.7356 | Time: 00:00:13
Epoch 037 | Seed 42 | Rate 0.00 | Train Loss: 0.2591 | Val Loss: 0.6920 | Acc (clean): 0.9175 | Acc (poison): 0.9175 | Val Acc: 0.8044 | Time: 00:00:13
Epoch 038 | Seed 42 | Rate 0.00 | Train Loss: 0.2787 | Val Loss: 0.6476 | Acc (clean): 0.9102 | Acc (poison): 0.9102 | Val Acc: 0.8026 | Time: 00:00:13
Epoch 039 | Seed 42 | Rate 0.00 | Train Loss: 0.2422 | Val Loss: 0.7061 | Acc (clean): 0.9231 | Acc (poison): 0.9231 | Val Acc: 0.7933 | Time: 00:00:13
Epoch 040 | Seed 42 | Rate 0.00 | Train Loss: 0.2618 | Val Loss: 0.6804 | Acc (clean): 0.9156 | Acc (poison): 0.9156 | Val Acc: 0.8019 | Time: 00:00:13
Epoch 041 | Seed 42 | Rate 0.00 | Train Loss: 0.2420 | Val Loss: 0.5988 | Acc (clean): 0.9227 | Acc (poison): 0.9227 | Val Acc: 0.8219 | Time: 00:00:13
Epoch 042 | Seed 42 | Rate 0.00 | Train Loss: 0.2607 | Val Loss: 0.7578 | Acc (clean): 0.9172 | Acc (poison): 0.9172 | Val Acc: 0.7848 | Time: 00:00:13
Epoch 043 | Seed 42 | Rate 0.00 | Train Loss: 0.2385 | Val Loss: 0.6251 | Acc (clean): 0.9230 | Acc (poison): 0.9230 | Val Acc: 0.8193 | Time: 00:00:13
Epoch 044 | Seed 42 | Rate 0.00 | Train Loss: 0.2338 | Val Loss: 0.5922 | Acc (clean): 0.9254 | Acc (poison): 0.9254 | Val Acc: 0.8204 | Time: 00:00:13
Epoch 045 | Seed 42 | Rate 0.00 | Train Loss: 0.2508 | Val Loss: 0.9041 | Acc (clean): 0.9212 | Acc (poison): 0.9212 | Val Acc: 0.7541 | Time: 00:00:13
Epoch 046 | Seed 42 | Rate 0.00 | Train Loss: 0.2434 | Val Loss: 0.8960 | Acc (clean): 0.9221 | Acc (poison): 0.9221 | Val Acc: 0.7522 | Time: 00:00:13
Epoch 047 | Seed 42 | Rate 0.00 | Train Loss: 0.2402 | Val Loss: 0.7048 | Acc (clean): 0.9237 | Acc (poison): 0.9237 | Val Acc: 0.7981 | Time: 00:00:13
Epoch 048 | Seed 42 | Rate 0.00 | Train Loss: 0.2599 | Val Loss: 1.1227 | Acc (clean): 0.9173 | Acc (poison): 0.9173 | Val Acc: 0.7059 | Time: 00:00:13
Epoch 049 | Seed 42 | Rate 0.00 | Train Loss: 0.2366 | Val Loss: 0.6531 | Acc (clean): 0.9255 | Acc (poison): 0.9255 | Val Acc: 0.8126 | Time: 00:00:12
Epoch 050 | Seed 42 | Rate 0.00 | Train Loss: 0.2521 | Val Loss: 0.6207 | Acc (clean): 0.9207 | Acc (poison): 0.9207 | Val Acc: 0.8193 | Time: 00:00:13
Epoch 051 | Seed 42 | Rate 0.00 | Train Loss: 0.0997 | Val Loss: 0.2405 | Acc (clean): 0.9728 | Acc (poison): 0.9728 | Val Acc: 0.9226 | Time: 00:00:15
Epoch 052 | Seed 42 | Rate 0.00 | Train Loss: 0.0618 | Val Loss: 0.2397 | Acc (clean): 0.9842 | Acc (poison): 0.9842 | Val Acc: 0.9259 | Time: 00:00:15
Epoch 053 | Seed 42 | Rate 0.00 | Train Loss: 0.0487 | Val Loss: 0.2268 | Acc (clean): 0.9890 | Acc (poison): 0.9890 | Val Acc: 0.9289 | Time: 00:00:14
Epoch 054 | Seed 42 | Rate 0.00 | Train Loss: 0.0415 | Val Loss: 0.2218 | Acc (clean): 0.9908 | Acc (poison): 0.9908 | Val Acc: 0.9296 | Time: 00:00:15
Epoch 055 | Seed 42 | Rate 0.00 | Train Loss: 0.0359 | Val Loss: 0.2154 | Acc (clean): 0.9930 | Acc (poison): 0.9930 | Val Acc: 0.9326 | Time: 00:00:14
Epoch 056 | Seed 42 | Rate 0.00 | Train Loss: 0.0338 | Val Loss: 0.2239 | Acc (clean): 0.9932 | Acc (poison): 0.9932 | Val Acc: 0.9330 | Time: 00:00:13
Epoch 057 | Seed 42 | Rate 0.00 | Train Loss: 0.0295 | Val Loss: 0.2221 | Acc (clean): 0.9948 | Acc (poison): 0.9948 | Val Acc: 0.9322 | Time: 00:00:13
Epoch 058 | Seed 42 | Rate 0.00 | Train Loss: 0.0271 | Val Loss: 0.2196 | Acc (clean): 0.9951 | Acc (poison): 0.9951 | Val Acc: 0.9319 | Time: 00:00:13
Epoch 059 | Seed 42 | Rate 0.00 | Train Loss: 0.0252 | Val Loss: 0.2228 | Acc (clean): 0.9960 | Acc (poison): 0.9960 | Val Acc: 0.9315 | Time: 00:00:13
Epoch 060 | Seed 42 | Rate 0.00 | Train Loss: 0.0236 | Val Loss: 0.2216 | Acc (clean): 0.9965 | Acc (poison): 0.9965 | Val Acc: 0.9293 | Time: 00:00:13
Epoch 061 | Seed 42 | Rate 0.00 | Train Loss: 0.0228 | Val Loss: 0.2251 | Acc (clean): 0.9966 | Acc (poison): 0.9966 | Val Acc: 0.9296 | Time: 00:00:13
Epoch 062 | Seed 42 | Rate 0.00 | Train Loss: 0.0196 | Val Loss: 0.2183 | Acc (clean): 0.9977 | Acc (poison): 0.9977 | Val Acc: 0.9293 | Time: 00:00:13
Epoch 063 | Seed 42 | Rate 0.00 | Train Loss: 0.0196 | Val Loss: 0.2252 | Acc (clean): 0.9975 | Acc (poison): 0.9975 | Val Acc: 0.9296 | Time: 00:00:13
Epoch 064 | Seed 42 | Rate 0.00 | Train Loss: 0.0185 | Val Loss: 0.2219 | Acc (clean): 0.9978 | Acc (poison): 0.9978 | Val Acc: 0.9341 | Time: 00:00:13
Epoch 065 | Seed 42 | Rate 0.00 | Train Loss: 0.0173 | Val Loss: 0.2167 | Acc (clean): 0.9983 | Acc (poison): 0.9983 | Val Acc: 0.9348 | Time: 00:00:13
Epoch 066 | Seed 42 | Rate 0.00 | Train Loss: 0.0166 | Val Loss: 0.2113 | Acc (clean): 0.9982 | Acc (poison): 0.9982 | Val Acc: 0.9363 | Time: 00:00:14
Epoch 067 | Seed 42 | Rate 0.00 | Train Loss: 0.0161 | Val Loss: 0.2157 | Acc (clean): 0.9986 | Acc (poison): 0.9986 | Val Acc: 0.9359 | Time: 00:00:13
Epoch 068 | Seed 42 | Rate 0.00 | Train Loss: 0.0159 | Val Loss: 0.2171 | Acc (clean): 0.9982 | Acc (poison): 0.9982 | Val Acc: 0.9359 | Time: 00:00:13
Epoch 069 | Seed 42 | Rate 0.00 | Train Loss: 0.0144 | Val Loss: 0.2177 | Acc (clean): 0.9991 | Acc (poison): 0.9991 | Val Acc: 0.9344 | Time: 00:00:13
Epoch 070 | Seed 42 | Rate 0.00 | Train Loss: 0.0150 | Val Loss: 0.2168 | Acc (clean): 0.9982 | Acc (poison): 0.9982 | Val Acc: 0.9341 | Time: 00:00:13
Epoch 071 | Seed 42 | Rate 0.00 | Train Loss: 0.0152 | Val Loss: 0.2105 | Acc (clean): 0.9986 | Acc (poison): 0.9986 | Val Acc: 0.9381 | Time: 00:00:14
Epoch 072 | Seed 42 | Rate 0.00 | Train Loss: 0.0143 | Val Loss: 0.2093 | Acc (clean): 0.9987 | Acc (poison): 0.9987 | Val Acc: 0.9359 | Time: 00:00:14
Epoch 073 | Seed 42 | Rate 0.00 | Train Loss: 0.0139 | Val Loss: 0.2240 | Acc (clean): 0.9987 | Acc (poison): 0.9987 | Val Acc: 0.9315 | Time: 00:00:13
Epoch 074 | Seed 42 | Rate 0.00 | Train Loss: 0.0133 | Val Loss: 0.2242 | Acc (clean): 0.9988 | Acc (poison): 0.9988 | Val Acc: 0.9333 | Time: 00:00:13
Epoch 075 | Seed 42 | Rate 0.00 | Train Loss: 0.0129 | Val Loss: 0.2174 | Acc (clean): 0.9989 | Acc (poison): 0.9989 | Val Acc: 0.9322 | Time: 00:00:13
Epoch 076 | Seed 42 | Rate 0.00 | Train Loss: 0.0114 | Val Loss: 0.2154 | Acc (clean): 0.9992 | Acc (poison): 0.9992 | Val Acc: 0.9322 | Time: 00:00:13
Epoch 077 | Seed 42 | Rate 0.00 | Train Loss: 0.0113 | Val Loss: 0.2121 | Acc (clean): 0.9993 | Acc (poison): 0.9993 | Val Acc: 0.9326 | Time: 00:00:13
Epoch 078 | Seed 42 | Rate 0.00 | Train Loss: 0.0116 | Val Loss: 0.2150 | Acc (clean): 0.9991 | Acc (poison): 0.9991 | Val Acc: 0.9337 | Time: 00:00:13
Epoch 079 | Seed 42 | Rate 0.00 | Train Loss: 0.0113 | Val Loss: 0.2135 | Acc (clean): 0.9991 | Acc (poison): 0.9991 | Val Acc: 0.9341 | Time: 00:00:13
Epoch 080 | Seed 42 | Rate 0.00 | Train Loss: 0.0111 | Val Loss: 0.2175 | Acc (clean): 0.9991 | Acc (poison): 0.9991 | Val Acc: 0.9337 | Time: 00:00:13
Epoch 081 | Seed 42 | Rate 0.00 | Train Loss: 0.0110 | Val Loss: 0.2154 | Acc (clean): 0.9995 | Acc (poison): 0.9995 | Val Acc: 0.9330 | Time: 00:00:12
Epoch 082 | Seed 42 | Rate 0.00 | Train Loss: 0.0103 | Val Loss: 0.2120 | Acc (clean): 0.9995 | Acc (poison): 0.9995 | Val Acc: 0.9348 | Time: 00:00:13
Epoch 083 | Seed 42 | Rate 0.00 | Train Loss: 0.0106 | Val Loss: 0.2107 | Acc (clean): 0.9995 | Acc (poison): 0.9995 | Val Acc: 0.9341 | Time: 00:00:13
Epoch 084 | Seed 42 | Rate 0.00 | Train Loss: 0.0107 | Val Loss: 0.2118 | Acc (clean): 0.9993 | Acc (poison): 0.9993 | Val Acc: 0.9363 | Time: 00:00:13
Epoch 085 | Seed 42 | Rate 0.00 | Train Loss: 0.0103 | Val Loss: 0.2118 | Acc (clean): 0.9994 | Acc (poison): 0.9994 | Val Acc: 0.9348 | Time: 00:00:13
Epoch 086 | Seed 42 | Rate 0.00 | Train Loss: 0.0102 | Val Loss: 0.2099 | Acc (clean): 0.9995 | Acc (poison): 0.9995 | Val Acc: 0.9348 | Time: 00:00:13
Epoch 087 | Seed 42 | Rate 0.00 | Train Loss: 0.0102 | Val Loss: 0.2116 | Acc (clean): 0.9996 | Acc (poison): 0.9996 | Val Acc: 0.9359 | Time: 00:00:13
Epoch 088 | Seed 42 | Rate 0.00 | Train Loss: 0.0111 | Val Loss: 0.2103 | Acc (clean): 0.9991 | Acc (poison): 0.9991 | Val Acc: 0.9344 | Time: 00:00:13
Epoch 089 | Seed 42 | Rate 0.00 | Train Loss: 0.0111 | Val Loss: 0.2145 | Acc (clean): 0.9993 | Acc (poison): 0.9993 | Val Acc: 0.9315 | Time: 00:00:13
Epoch 090 | Seed 42 | Rate 0.00 | Train Loss: 0.0103 | Val Loss: 0.2127 | Acc (clean): 0.9993 | Acc (poison): 0.9993 | Val Acc: 0.9352 | Time: 00:00:13
Epoch 091 | Seed 42 | Rate 0.00 | Train Loss: 0.0106 | Val Loss: 0.2147 | Acc (clean): 0.9992 | Acc (poison): 0.9992 | Val Acc: 0.9337 | Time: 00:00:13
Epoch 092 | Seed 42 | Rate 0.00 | Train Loss: 0.0106 | Val Loss: 0.2136 | Acc (clean): 0.9996 | Acc (poison): 0.9996 | Val Acc: 0.9344 | Time: 00:00:13
Epoch 093 | Seed 42 | Rate 0.00 | Train Loss: 0.0095 | Val Loss: 0.2110 | Acc (clean): 0.9997 | Acc (poison): 0.9997 | Val Acc: 0.9348 | Time: 00:00:13
Epoch 094 | Seed 42 | Rate 0.00 | Train Loss: 0.0106 | Val Loss: 0.2130 | Acc (clean): 0.9993 | Acc (poison): 0.9993 | Val Acc: 0.9356 | Time: 00:00:13
Epoch 095 | Seed 42 | Rate 0.00 | Train Loss: 0.0098 | Val Loss: 0.2157 | Acc (clean): 0.9995 | Acc (poison): 0.9995 | Val Acc: 0.9337 | Time: 00:00:13
Epoch 096 | Seed 42 | Rate 0.00 | Train Loss: 0.0100 | Val Loss: 0.2090 | Acc (clean): 0.9997 | Acc (poison): 0.9997 | Val Acc: 0.9341 | Time: 00:00:14
Epoch 097 | Seed 42 | Rate 0.00 | Train Loss: 0.0101 | Val Loss: 0.2146 | Acc (clean): 0.9996 | Acc (poison): 0.9996 | Val Acc: 0.9344 | Time: 00:00:13
Epoch 098 | Seed 42 | Rate 0.00 | Train Loss: 0.0105 | Val Loss: 0.2120 | Acc (clean): 0.9993 | Acc (poison): 0.9993 | Val Acc: 0.9337 | Time: 00:00:13
Epoch 099 | Seed 42 | Rate 0.00 | Train Loss: 0.0105 | Val Loss: 0.2116 | Acc (clean): 0.9993 | Acc (poison): 0.9993 | Val Acc: 0.9344 | Time: 00:00:13
Epoch 100 | Seed 42 | Rate 0.00 | Train Loss: 0.0102 | Val Loss: 0.2154 | Acc (clean): 0.9997 | Acc (poison): 0.9997 | Val Acc: 0.9322 | Time: 00:00:13

=== defense=none attack=RQ1 seed=42 rate=0.01 ===
Loading train data from /home/yazanme/BachelorThesis/BachelorThesis/data/processed/resisc45/train.h5 with mapping /home/yazanme/BachelorThesis/BachelorThesis/data/processed/resisc45/poisoned/RQ1/seed_42/labels_0.01.pt... (in_memory=True, workers=4)
Testing torch.compile support...
Successfully compiled model using torch.compile.
Epoch 001 | Seed 42 | Rate 0.01 | Train Loss: 2.6470 | Val Loss: 2.1395 | Acc (clean): 0.2861 | Acc (poison): 0.2835 | Val Acc: 0.3774 | Time: 00:00:14
Epoch 002 | Seed 42 | Rate 0.01 | Train Loss: 1.8112 | Val Loss: 2.0129 | Acc (clean): 0.4865 | Acc (poison): 0.4817 | Val Acc: 0.4359 | Time: 00:00:13
Epoch 003 | Seed 42 | Rate 0.01 | Train Loss: 1.5026 | Val Loss: 1.7596 | Acc (clean): 0.5710 | Acc (poison): 0.5655 | Val Acc: 0.4978 | Time: 00:00:13
Epoch 004 | Seed 42 | Rate 0.01 | Train Loss: 1.2983 | Val Loss: 2.3602 | Acc (clean): 0.6330 | Acc (poison): 0.6267 | Val Acc: 0.4126 | Time: 00:00:12
Epoch 005 | Seed 42 | Rate 0.01 | Train Loss: 1.1395 | Val Loss: 1.4338 | Acc (clean): 0.6760 | Acc (poison): 0.6688 | Val Acc: 0.5985 | Time: 00:00:12
Epoch 006 | Seed 42 | Rate 0.01 | Train Loss: 1.0100 | Val Loss: 1.1676 | Acc (clean): 0.7140 | Acc (poison): 0.7068 | Val Acc: 0.6511 | Time: 00:00:12
Epoch 007 | Seed 42 | Rate 0.01 | Train Loss: 0.8711 | Val Loss: 0.9505 | Acc (clean): 0.7542 | Acc (poison): 0.7470 | Val Acc: 0.7167 | Time: 00:00:12
Epoch 008 | Seed 42 | Rate 0.01 | Train Loss: 0.7669 | Val Loss: 1.0274 | Acc (clean): 0.7857 | Acc (poison): 0.7778 | Val Acc: 0.6893 | Time: 00:00:12
Epoch 009 | Seed 42 | Rate 0.01 | Train Loss: 0.7040 | Val Loss: 0.9131 | Acc (clean): 0.8046 | Acc (poison): 0.7967 | Val Acc: 0.7170 | Time: 00:00:12
Epoch 010 | Seed 42 | Rate 0.01 | Train Loss: 0.6432 | Val Loss: 0.9692 | Acc (clean): 0.8247 | Acc (poison): 0.8167 | Val Acc: 0.7063 | Time: 00:00:12
Epoch 011 | Seed 42 | Rate 0.01 | Train Loss: 0.6102 | Val Loss: 0.7242 | Acc (clean): 0.8347 | Acc (poison): 0.8266 | Val Acc: 0.7759 | Time: 00:00:12
Epoch 012 | Seed 42 | Rate 0.01 | Train Loss: 0.5636 | Val Loss: 0.9836 | Acc (clean): 0.8485 | Acc (poison): 0.8402 | Val Acc: 0.7004 | Time: 00:00:11
Epoch 013 | Seed 42 | Rate 0.01 | Train Loss: 0.5345 | Val Loss: 0.7966 | Acc (clean): 0.8554 | Acc (poison): 0.8473 | Val Acc: 0.7515 | Time: 00:00:11
Epoch 014 | Seed 42 | Rate 0.01 | Train Loss: 0.5084 | Val Loss: 0.6419 | Acc (clean): 0.8648 | Acc (poison): 0.8569 | Val Acc: 0.8141 | Time: 00:00:12
Epoch 015 | Seed 42 | Rate 0.01 | Train Loss: 0.4943 | Val Loss: 0.9667 | Acc (clean): 0.8687 | Acc (poison): 0.8607 | Val Acc: 0.7211 | Time: 00:00:12
Epoch 016 | Seed 42 | Rate 0.01 | Train Loss: 0.4863 | Val Loss: 0.6690 | Acc (clean): 0.8710 | Acc (poison): 0.8628 | Val Acc: 0.7952 | Time: 00:00:11
Epoch 017 | Seed 42 | Rate 0.01 | Train Loss: 0.4619 | Val Loss: 0.6913 | Acc (clean): 0.8783 | Acc (poison): 0.8700 | Val Acc: 0.7837 | Time: 00:00:12
Epoch 018 | Seed 42 | Rate 0.01 | Train Loss: 0.4460 | Val Loss: 0.8061 | Acc (clean): 0.8841 | Acc (poison): 0.8759 | Val Acc: 0.7674 | Time: 00:00:12
Epoch 019 | Seed 42 | Rate 0.01 | Train Loss: 0.4252 | Val Loss: 1.0647 | Acc (clean): 0.8885 | Acc (poison): 0.8807 | Val Acc: 0.6963 | Time: 00:00:11
Epoch 020 | Seed 42 | Rate 0.01 | Train Loss: 0.4221 | Val Loss: 0.8303 | Acc (clean): 0.8889 | Acc (poison): 0.8811 | Val Acc: 0.7693 | Time: 00:00:12
Epoch 021 | Seed 42 | Rate 0.01 | Train Loss: 0.4195 | Val Loss: 0.7706 | Acc (clean): 0.8899 | Acc (poison): 0.8816 | Val Acc: 0.7804 | Time: 00:00:12
Epoch 022 | Seed 42 | Rate 0.01 | Train Loss: 0.4059 | Val Loss: 0.7854 | Acc (clean): 0.8939 | Acc (poison): 0.8864 | Val Acc: 0.7707 | Time: 00:00:12
Epoch 023 | Seed 42 | Rate 0.01 | Train Loss: 0.3934 | Val Loss: 0.7777 | Acc (clean): 0.8962 | Acc (poison): 0.8884 | Val Acc: 0.7667 | Time: 00:00:12
Epoch 024 | Seed 42 | Rate 0.01 | Train Loss: 0.3950 | Val Loss: 0.5789 | Acc (clean): 0.8957 | Acc (poison): 0.8879 | Val Acc: 0.8144 | Time: 00:00:13
Epoch 025 | Seed 42 | Rate 0.01 | Train Loss: 0.3903 | Val Loss: 0.5770 | Acc (clean): 0.8976 | Acc (poison): 0.8901 | Val Acc: 0.8248 | Time: 00:00:13
Epoch 026 | Seed 42 | Rate 0.01 | Train Loss: 0.3697 | Val Loss: 0.6412 | Acc (clean): 0.9042 | Acc (poison): 0.8962 | Val Acc: 0.8022 | Time: 00:00:12
Epoch 027 | Seed 42 | Rate 0.01 | Train Loss: 0.3645 | Val Loss: 0.7111 | Acc (clean): 0.9054 | Acc (poison): 0.8977 | Val Acc: 0.7922 | Time: 00:00:12
Epoch 028 | Seed 42 | Rate 0.01 | Train Loss: 0.3823 | Val Loss: 0.7274 | Acc (clean): 0.8996 | Acc (poison): 0.8921 | Val Acc: 0.7885 | Time: 00:00:12
Epoch 029 | Seed 42 | Rate 0.01 | Train Loss: 0.3610 | Val Loss: 0.7068 | Acc (clean): 0.9086 | Acc (poison): 0.9004 | Val Acc: 0.8011 | Time: 00:00:12
Epoch 030 | Seed 42 | Rate 0.01 | Train Loss: 0.3475 | Val Loss: 0.6414 | Acc (clean): 0.9112 | Acc (poison): 0.9033 | Val Acc: 0.8119 | Time: 00:00:12
Epoch 031 | Seed 42 | Rate 0.01 | Train Loss: 0.3405 | Val Loss: 0.6107 | Acc (clean): 0.9128 | Acc (poison): 0.9052 | Val Acc: 0.8222 | Time: 00:00:13
Epoch 032 | Seed 42 | Rate 0.01 | Train Loss: 0.3551 | Val Loss: 0.6819 | Acc (clean): 0.9060 | Acc (poison): 0.8988 | Val Acc: 0.8022 | Time: 00:00:12
Epoch 033 | Seed 42 | Rate 0.01 | Train Loss: 0.3509 | Val Loss: 0.6565 | Acc (clean): 0.9093 | Acc (poison): 0.9017 | Val Acc: 0.8059 | Time: 00:00:12
Epoch 034 | Seed 42 | Rate 0.01 | Train Loss: 0.3361 | Val Loss: 0.6442 | Acc (clean): 0.9130 | Acc (poison): 0.9056 | Val Acc: 0.8096 | Time: 00:00:12
Epoch 035 | Seed 42 | Rate 0.01 | Train Loss: 0.3295 | Val Loss: 0.6761 | Acc (clean): 0.9144 | Acc (poison): 0.9071 | Val Acc: 0.8033 | Time: 00:00:12
Epoch 036 | Seed 42 | Rate 0.01 | Train Loss: 0.3415 | Val Loss: 0.6862 | Acc (clean): 0.9116 | Acc (poison): 0.9042 | Val Acc: 0.8044 | Time: 00:00:12
Epoch 037 | Seed 42 | Rate 0.01 | Train Loss: 0.3206 | Val Loss: 0.6730 | Acc (clean): 0.9185 | Acc (poison): 0.9112 | Val Acc: 0.8193 | Time: 00:00:12
Epoch 038 | Seed 42 | Rate 0.01 | Train Loss: 0.3265 | Val Loss: 0.7079 | Acc (clean): 0.9153 | Acc (poison): 0.9078 | Val Acc: 0.7907 | Time: 00:00:13
Epoch 039 | Seed 42 | Rate 0.01 | Train Loss: 0.3319 | Val Loss: 0.6551 | Acc (clean): 0.9120 | Acc (poison): 0.9054 | Val Acc: 0.8007 | Time: 00:00:12
Epoch 040 | Seed 42 | Rate 0.01 | Train Loss: 0.3249 | Val Loss: 0.7012 | Acc (clean): 0.9168 | Acc (poison): 0.9093 | Val Acc: 0.8074 | Time: 00:00:12
Epoch 041 | Seed 42 | Rate 0.01 | Train Loss: 0.3163 | Val Loss: 0.6636 | Acc (clean): 0.9194 | Acc (poison): 0.9120 | Val Acc: 0.8041 | Time: 00:00:12
Epoch 042 | Seed 42 | Rate 0.01 | Train Loss: 0.3153 | Val Loss: 0.7851 | Acc (clean): 0.9177 | Acc (poison): 0.9105 | Val Acc: 0.7763 | Time: 00:00:12
Epoch 043 | Seed 42 | Rate 0.01 | Train Loss: 0.3172 | Val Loss: 0.6577 | Acc (clean): 0.9184 | Acc (poison): 0.9114 | Val Acc: 0.8052 | Time: 00:00:13
Epoch 044 | Seed 42 | Rate 0.01 | Train Loss: 0.2973 | Val Loss: 0.7985 | Acc (clean): 0.9244 | Acc (poison): 0.9170 | Val Acc: 0.7748 | Time: 00:00:12
Epoch 045 | Seed 42 | Rate 0.01 | Train Loss: 0.3026 | Val Loss: 0.6253 | Acc (clean): 0.9209 | Acc (poison): 0.9138 | Val Acc: 0.8174 | Time: 00:00:12
Epoch 046 | Seed 42 | Rate 0.01 | Train Loss: 0.3098 | Val Loss: 0.6142 | Acc (clean): 0.9212 | Acc (poison): 0.9142 | Val Acc: 0.8189 | Time: 00:00:12
Epoch 047 | Seed 42 | Rate 0.01 | Train Loss: 0.3059 | Val Loss: 0.6359 | Acc (clean): 0.9185 | Acc (poison): 0.9115 | Val Acc: 0.8130 | Time: 00:00:12
Epoch 048 | Seed 42 | Rate 0.01 | Train Loss: 0.2939 | Val Loss: 0.6110 | Acc (clean): 0.9253 | Acc (poison): 0.9186 | Val Acc: 0.8248 | Time: 00:00:12
Epoch 049 | Seed 42 | Rate 0.01 | Train Loss: 0.3082 | Val Loss: 0.7240 | Acc (clean): 0.9184 | Acc (poison): 0.9113 | Val Acc: 0.7870 | Time: 00:00:12
Epoch 050 | Seed 42 | Rate 0.01 | Train Loss: 0.2928 | Val Loss: 0.6164 | Acc (clean): 0.9249 | Acc (poison): 0.9179 | Val Acc: 0.8226 | Time: 00:00:13
Epoch 051 | Seed 42 | Rate 0.01 | Train Loss: 0.1375 | Val Loss: 0.2734 | Acc (clean): 0.9712 | Acc (poison): 0.9657 | Val Acc: 0.9211 | Time: 00:00:13
Epoch 052 | Seed 42 | Rate 0.01 | Train Loss: 0.0881 | Val Loss: 0.2539 | Acc (clean): 0.9847 | Acc (poison): 0.9802 | Val Acc: 0.9237 | Time: 00:00:13
Epoch 053 | Seed 42 | Rate 0.01 | Train Loss: 0.0731 | Val Loss: 0.2562 | Acc (clean): 0.9878 | Acc (poison): 0.9849 | Val Acc: 0.9226 | Time: 00:00:12
Epoch 054 | Seed 42 | Rate 0.01 | Train Loss: 0.0638 | Val Loss: 0.2436 | Acc (clean): 0.9889 | Acc (poison): 0.9867 | Val Acc: 0.9319 | Time: 00:00:13
Epoch 055 | Seed 42 | Rate 0.01 | Train Loss: 0.0560 | Val Loss: 0.2417 | Acc (clean): 0.9886 | Acc (poison): 0.9885 | Val Acc: 0.9296 | Time: 00:00:13
Epoch 056 | Seed 42 | Rate 0.01 | Train Loss: 0.0502 | Val Loss: 0.2408 | Acc (clean): 0.9895 | Acc (poison): 0.9902 | Val Acc: 0.9285 | Time: 00:00:13
Epoch 057 | Seed 42 | Rate 0.01 | Train Loss: 0.0465 | Val Loss: 0.2505 | Acc (clean): 0.9896 | Acc (poison): 0.9906 | Val Acc: 0.9274 | Time: 00:00:12
Epoch 058 | Seed 42 | Rate 0.01 | Train Loss: 0.0434 | Val Loss: 0.2510 | Acc (clean): 0.9896 | Acc (poison): 0.9919 | Val Acc: 0.9278 | Time: 00:00:12
Epoch 059 | Seed 42 | Rate 0.01 | Train Loss: 0.0391 | Val Loss: 0.2420 | Acc (clean): 0.9908 | Acc (poison): 0.9934 | Val Acc: 0.9274 | Time: 00:00:12
Epoch 060 | Seed 42 | Rate 0.01 | Train Loss: 0.0359 | Val Loss: 0.2451 | Acc (clean): 0.9906 | Acc (poison): 0.9942 | Val Acc: 0.9278 | Time: 00:00:13
Epoch 061 | Seed 42 | Rate 0.01 | Train Loss: 0.0322 | Val Loss: 0.2548 | Acc (clean): 0.9903 | Acc (poison): 0.9949 | Val Acc: 0.9241 | Time: 00:00:12
Epoch 062 | Seed 42 | Rate 0.01 | Train Loss: 0.0324 | Val Loss: 0.2421 | Acc (clean): 0.9904 | Acc (poison): 0.9949 | Val Acc: 0.9315 | Time: 00:00:13
Epoch 063 | Seed 42 | Rate 0.01 | Train Loss: 0.0286 | Val Loss: 0.2377 | Acc (clean): 0.9904 | Acc (poison): 0.9954 | Val Acc: 0.9311 | Time: 00:00:13
Epoch 064 | Seed 42 | Rate 0.01 | Train Loss: 0.0266 | Val Loss: 0.2425 | Acc (clean): 0.9906 | Acc (poison): 0.9965 | Val Acc: 0.9285 | Time: 00:00:12
Epoch 065 | Seed 42 | Rate 0.01 | Train Loss: 0.0260 | Val Loss: 0.2403 | Acc (clean): 0.9903 | Acc (poison): 0.9960 | Val Acc: 0.9289 | Time: 00:00:13
Epoch 066 | Seed 42 | Rate 0.01 | Train Loss: 0.0247 | Val Loss: 0.2473 | Acc (clean): 0.9902 | Acc (poison): 0.9965 | Val Acc: 0.9274 | Time: 00:00:12
Epoch 067 | Seed 42 | Rate 0.01 | Train Loss: 0.0238 | Val Loss: 0.2392 | Acc (clean): 0.9903 | Acc (poison): 0.9967 | Val Acc: 0.9330 | Time: 00:00:12
Epoch 068 | Seed 42 | Rate 0.01 | Train Loss: 0.0225 | Val Loss: 0.2506 | Acc (clean): 0.9907 | Acc (poison): 0.9969 | Val Acc: 0.9289 | Time: 00:00:12
Epoch 069 | Seed 42 | Rate 0.01 | Train Loss: 0.0222 | Val Loss: 0.2459 | Acc (clean): 0.9898 | Acc (poison): 0.9969 | Val Acc: 0.9293 | Time: 00:00:12
Epoch 070 | Seed 42 | Rate 0.01 | Train Loss: 0.0195 | Val Loss: 0.2425 | Acc (clean): 0.9900 | Acc (poison): 0.9977 | Val Acc: 0.9300 | Time: 00:00:12
Epoch 071 | Seed 42 | Rate 0.01 | Train Loss: 0.0195 | Val Loss: 0.2342 | Acc (clean): 0.9903 | Acc (poison): 0.9977 | Val Acc: 0.9296 | Time: 00:00:14
Epoch 072 | Seed 42 | Rate 0.01 | Train Loss: 0.0193 | Val Loss: 0.2355 | Acc (clean): 0.9903 | Acc (poison): 0.9974 | Val Acc: 0.9296 | Time: 00:00:12
Epoch 073 | Seed 42 | Rate 0.01 | Train Loss: 0.0180 | Val Loss: 0.2366 | Acc (clean): 0.9903 | Acc (poison): 0.9981 | Val Acc: 0.9285 | Time: 00:00:12
Epoch 074 | Seed 42 | Rate 0.01 | Train Loss: 0.0173 | Val Loss: 0.2556 | Acc (clean): 0.9902 | Acc (poison): 0.9979 | Val Acc: 0.9278 | Time: 00:00:13
Epoch 075 | Seed 42 | Rate 0.01 | Train Loss: 0.0163 | Val Loss: 0.2502 | Acc (clean): 0.9904 | Acc (poison): 0.9984 | Val Acc: 0.9267 | Time: 00:00:13
Epoch 076 | Seed 42 | Rate 0.01 | Train Loss: 0.0158 | Val Loss: 0.2401 | Acc (clean): 0.9899 | Acc (poison): 0.9981 | Val Acc: 0.9311 | Time: 00:00:12
Epoch 077 | Seed 42 | Rate 0.01 | Train Loss: 0.0144 | Val Loss: 0.2381 | Acc (clean): 0.9902 | Acc (poison): 0.9985 | Val Acc: 0.9315 | Time: 00:00:12
Epoch 078 | Seed 42 | Rate 0.01 | Train Loss: 0.0136 | Val Loss: 0.2358 | Acc (clean): 0.9902 | Acc (poison): 0.9988 | Val Acc: 0.9356 | Time: 00:00:12
Epoch 079 | Seed 42 | Rate 0.01 | Train Loss: 0.0139 | Val Loss: 0.2388 | Acc (clean): 0.9904 | Acc (poison): 0.9988 | Val Acc: 0.9344 | Time: 00:00:13
Epoch 080 | Seed 42 | Rate 0.01 | Train Loss: 0.0135 | Val Loss: 0.2342 | Acc (clean): 0.9903 | Acc (poison): 0.9990 | Val Acc: 0.9337 | Time: 00:00:13
Epoch 081 | Seed 42 | Rate 0.01 | Train Loss: 0.0138 | Val Loss: 0.2392 | Acc (clean): 0.9901 | Acc (poison): 0.9988 | Val Acc: 0.9315 | Time: 00:00:12
Epoch 082 | Seed 42 | Rate 0.01 | Train Loss: 0.0133 | Val Loss: 0.2365 | Acc (clean): 0.9904 | Acc (poison): 0.9989 | Val Acc: 0.9315 | Time: 00:00:13
Epoch 083 | Seed 42 | Rate 0.01 | Train Loss: 0.0128 | Val Loss: 0.2353 | Acc (clean): 0.9905 | Acc (poison): 0.9989 | Val Acc: 0.9359 | Time: 00:00:12
Epoch 084 | Seed 42 | Rate 0.01 | Train Loss: 0.0133 | Val Loss: 0.2336 | Acc (clean): 0.9902 | Acc (poison): 0.9988 | Val Acc: 0.9344 | Time: 00:00:13
Epoch 085 | Seed 42 | Rate 0.01 | Train Loss: 0.0127 | Val Loss: 0.2367 | Acc (clean): 0.9905 | Acc (poison): 0.9991 | Val Acc: 0.9344 | Time: 00:00:12
Epoch 086 | Seed 42 | Rate 0.01 | Train Loss: 0.0128 | Val Loss: 0.2345 | Acc (clean): 0.9904 | Acc (poison): 0.9988 | Val Acc: 0.9319 | Time: 00:00:12
Epoch 087 | Seed 42 | Rate 0.01 | Train Loss: 0.0126 | Val Loss: 0.2341 | Acc (clean): 0.9902 | Acc (poison): 0.9989 | Val Acc: 0.9333 | Time: 00:00:13
Epoch 088 | Seed 42 | Rate 0.01 | Train Loss: 0.0129 | Val Loss: 0.2367 | Acc (clean): 0.9900 | Acc (poison): 0.9990 | Val Acc: 0.9333 | Time: 00:00:13
Epoch 089 | Seed 42 | Rate 0.01 | Train Loss: 0.0128 | Val Loss: 0.2347 | Acc (clean): 0.9900 | Acc (poison): 0.9988 | Val Acc: 0.9322 | Time: 00:00:13
Epoch 090 | Seed 42 | Rate 0.01 | Train Loss: 0.0132 | Val Loss: 0.2395 | Acc (clean): 0.9902 | Acc (poison): 0.9988 | Val Acc: 0.9333 | Time: 00:00:13
Epoch 091 | Seed 42 | Rate 0.01 | Train Loss: 0.0124 | Val Loss: 0.2383 | Acc (clean): 0.9904 | Acc (poison): 0.9991 | Val Acc: 0.9333 | Time: 00:00:12
Epoch 092 | Seed 42 | Rate 0.01 | Train Loss: 0.0124 | Val Loss: 0.2381 | Acc (clean): 0.9905 | Acc (poison): 0.9990 | Val Acc: 0.9333 | Time: 00:00:13
Epoch 093 | Seed 42 | Rate 0.01 | Train Loss: 0.0129 | Val Loss: 0.2378 | Acc (clean): 0.9903 | Acc (poison): 0.9991 | Val Acc: 0.9330 | Time: 00:00:13
Epoch 094 | Seed 42 | Rate 0.01 | Train Loss: 0.0127 | Val Loss: 0.2355 | Acc (clean): 0.9901 | Acc (poison): 0.9990 | Val Acc: 0.9326 | Time: 00:00:12
Epoch 095 | Seed 42 | Rate 0.01 | Train Loss: 0.0122 | Val Loss: 0.2377 | Acc (clean): 0.9904 | Acc (poison): 0.9992 | Val Acc: 0.9330 | Time: 00:00:13
Epoch 096 | Seed 42 | Rate 0.01 | Train Loss: 0.0118 | Val Loss: 0.2423 | Acc (clean): 0.9901 | Acc (poison): 0.9995 | Val Acc: 0.9322 | Time: 00:00:13
Epoch 097 | Seed 42 | Rate 0.01 | Train Loss: 0.0122 | Val Loss: 0.2366 | Acc (clean): 0.9905 | Acc (poison): 0.9991 | Val Acc: 0.9330 | Time: 00:00:12
Epoch 098 | Seed 42 | Rate 0.01 | Train Loss: 0.0123 | Val Loss: 0.2416 | Acc (clean): 0.9902 | Acc (poison): 0.9991 | Val Acc: 0.9307 | Time: 00:00:12
Epoch 099 | Seed 42 | Rate 0.01 | Train Loss: 0.0120 | Val Loss: 0.2364 | Acc (clean): 0.9902 | Acc (poison): 0.9992 | Val Acc: 0.9341 | Time: 00:00:12
Epoch 100 | Seed 42 | Rate 0.01 | Train Loss: 0.0120 | Val Loss: 0.2384 | Acc (clean): 0.9901 | Acc (poison): 0.9994 | Val Acc: 0.9326 | Time: 00:00:12

=== defense=none attack=RQ1 seed=42 rate=0.02 ===
Loading train data from /home/yazanme/BachelorThesis/BachelorThesis/data/processed/resisc45/train.h5 with mapping /home/yazanme/BachelorThesis/BachelorThesis/data/processed/resisc45/poisoned/RQ1/seed_42/labels_0.02.pt... (in_memory=True, workers=4)
Testing torch.compile support...
Successfully compiled model using torch.compile.
Epoch 001 | Seed 42 | Rate 0.02 | Train Loss: 2.7338 | Val Loss: 2.1663 | Acc (clean): 0.2777 | Acc (poison): 0.2729 | Val Acc: 0.3670 | Time: 00:00:14
Epoch 002 | Seed 42 | Rate 0.02 | Train Loss: 1.9145 | Val Loss: 2.0253 | Acc (clean): 0.4714 | Acc (poison): 0.4628 | Val Acc: 0.4200 | Time: 00:00:13
Epoch 003 | Seed 42 | Rate 0.02 | Train Loss: 1.6103 | Val Loss: 1.6632 | Acc (clean): 0.5531 | Acc (poison): 0.5431 | Val Acc: 0.5126 | Time: 00:00:13
Epoch 004 | Seed 42 | Rate 0.02 | Train Loss: 1.3943 | Val Loss: 1.7827 | Acc (clean): 0.6208 | Acc (poison): 0.6088 | Val Acc: 0.5022 | Time: 00:00:13
Epoch 005 | Seed 42 | Rate 0.02 | Train Loss: 1.2301 | Val Loss: 1.2189 | Acc (clean): 0.6680 | Acc (poison): 0.6549 | Val Acc: 0.6359 | Time: 00:00:12
Epoch 006 | Seed 42 | Rate 0.02 | Train Loss: 1.0891 | Val Loss: 1.2048 | Acc (clean): 0.7105 | Acc (poison): 0.6967 | Val Acc: 0.6385 | Time: 00:00:13
Epoch 007 | Seed 42 | Rate 0.02 | Train Loss: 0.9456 | Val Loss: 1.0547 | Acc (clean): 0.7551 | Acc (poison): 0.7413 | Val Acc: 0.6859 | Time: 00:00:13
Epoch 008 | Seed 42 | Rate 0.02 | Train Loss: 0.8530 | Val Loss: 1.0494 | Acc (clean): 0.7816 | Acc (poison): 0.7666 | Val Acc: 0.6926 | Time: 00:00:13
Epoch 009 | Seed 42 | Rate 0.02 | Train Loss: 0.7900 | Val Loss: 1.0239 | Acc (clean): 0.8015 | Acc (poison): 0.7867 | Val Acc: 0.6959 | Time: 00:00:13
Epoch 010 | Seed 42 | Rate 0.02 | Train Loss: 0.7233 | Val Loss: 0.8370 | Acc (clean): 0.8223 | Acc (poison): 0.8065 | Val Acc: 0.7500 | Time: 00:00:14
Epoch 011 | Seed 42 | Rate 0.02 | Train Loss: 0.6879 | Val Loss: 0.9326 | Acc (clean): 0.8341 | Acc (poison): 0.8185 | Val Acc: 0.7215 | Time: 00:00:13
Epoch 012 | Seed 42 | Rate 0.02 | Train Loss: 0.6500 | Val Loss: 0.7069 | Acc (clean): 0.8442 | Acc (poison): 0.8277 | Val Acc: 0.7804 | Time: 00:00:13
Epoch 013 | Seed 42 | Rate 0.02 | Train Loss: 0.6230 | Val Loss: 0.9751 | Acc (clean): 0.8493 | Acc (poison): 0.8341 | Val Acc: 0.7163 | Time: 00:00:12
Epoch 014 | Seed 42 | Rate 0.02 | Train Loss: 0.5990 | Val Loss: 0.8878 | Acc (clean): 0.8582 | Acc (poison): 0.8420 | Val Acc: 0.7400 | Time: 00:00:12
Epoch 015 | Seed 42 | Rate 0.02 | Train Loss: 0.5791 | Val Loss: 0.9407 | Acc (clean): 0.8642 | Acc (poison): 0.8485 | Val Acc: 0.7252 | Time: 00:00:12
Epoch 016 | Seed 42 | Rate 0.02 | Train Loss: 0.5665 | Val Loss: 0.6104 | Acc (clean): 0.8651 | Acc (poison): 0.8492 | Val Acc: 0.8126 | Time: 00:00:13
Epoch 017 | Seed 42 | Rate 0.02 | Train Loss: 0.5432 | Val Loss: 0.6203 | Acc (clean): 0.8730 | Acc (poison): 0.8575 | Val Acc: 0.8048 | Time: 00:00:12
Epoch 018 | Seed 42 | Rate 0.02 | Train Loss: 0.5230 | Val Loss: 0.7012 | Acc (clean): 0.8803 | Acc (poison): 0.8640 | Val Acc: 0.7859 | Time: 00:00:12
Epoch 019 | Seed 42 | Rate 0.02 | Train Loss: 0.5175 | Val Loss: 0.7646 | Acc (clean): 0.8822 | Acc (poison): 0.8663 | Val Acc: 0.7856 | Time: 00:00:12
Epoch 020 | Seed 42 | Rate 0.02 | Train Loss: 0.5011 | Val Loss: 0.7148 | Acc (clean): 0.8851 | Acc (poison): 0.8688 | Val Acc: 0.7863 | Time: 00:00:12
Epoch 021 | Seed 42 | Rate 0.02 | Train Loss: 0.4942 | Val Loss: 0.8237 | Acc (clean): 0.8882 | Acc (poison): 0.8725 | Val Acc: 0.7656 | Time: 00:00:12
Epoch 022 | Seed 42 | Rate 0.02 | Train Loss: 0.4897 | Val Loss: 0.8544 | Acc (clean): 0.8898 | Acc (poison): 0.8751 | Val Acc: 0.7552 | Time: 00:00:12
Epoch 023 | Seed 42 | Rate 0.02 | Train Loss: 0.4609 | Val Loss: 0.8457 | Acc (clean): 0.8961 | Acc (poison): 0.8806 | Val Acc: 0.7489 | Time: 00:00:12
Epoch 024 | Seed 42 | Rate 0.02 | Train Loss: 0.4652 | Val Loss: 0.7394 | Acc (clean): 0.8951 | Acc (poison): 0.8795 | Val Acc: 0.7789 | Time: 00:00:12
Epoch 025 | Seed 42 | Rate 0.02 | Train Loss: 0.4632 | Val Loss: 0.7974 | Acc (clean): 0.8944 | Acc (poison): 0.8790 | Val Acc: 0.7630 | Time: 00:00:13
Epoch 026 | Seed 42 | Rate 0.02 | Train Loss: 0.4515 | Val Loss: 0.7392 | Acc (clean): 0.8963 | Acc (poison): 0.8811 | Val Acc: 0.7881 | Time: 00:00:12
Epoch 027 | Seed 42 | Rate 0.02 | Train Loss: 0.4400 | Val Loss: 0.5751 | Acc (clean): 0.9010 | Acc (poison): 0.8861 | Val Acc: 0.8322 | Time: 00:00:13
Epoch 028 | Seed 42 | Rate 0.02 | Train Loss: 0.4375 | Val Loss: 0.8176 | Acc (clean): 0.9008 | Acc (poison): 0.8861 | Val Acc: 0.7663 | Time: 00:00:12
Epoch 029 | Seed 42 | Rate 0.02 | Train Loss: 0.4308 | Val Loss: 0.7140 | Acc (clean): 0.9027 | Acc (poison): 0.8879 | Val Acc: 0.7904 | Time: 00:00:12
Epoch 030 | Seed 42 | Rate 0.02 | Train Loss: 0.4135 | Val Loss: 0.6434 | Acc (clean): 0.9068 | Acc (poison): 0.8920 | Val Acc: 0.8052 | Time: 00:00:12
Epoch 031 | Seed 42 | Rate 0.02 | Train Loss: 0.4176 | Val Loss: 0.8887 | Acc (clean): 0.9039 | Acc (poison): 0.8897 | Val Acc: 0.7556 | Time: 00:00:12
Epoch 032 | Seed 42 | Rate 0.02 | Train Loss: 0.4125 | Val Loss: 0.8613 | Acc (clean): 0.9075 | Acc (poison): 0.8931 | Val Acc: 0.7600 | Time: 00:00:12
Epoch 033 | Seed 42 | Rate 0.02 | Train Loss: 0.3987 | Val Loss: 0.6767 | Acc (clean): 0.9113 | Acc (poison): 0.8967 | Val Acc: 0.8044 | Time: 00:00:12
Epoch 034 | Seed 42 | Rate 0.02 | Train Loss: 0.4099 | Val Loss: 0.7663 | Acc (clean): 0.9070 | Acc (poison): 0.8926 | Val Acc: 0.7756 | Time: 00:00:12
Epoch 035 | Seed 42 | Rate 0.02 | Train Loss: 0.3798 | Val Loss: 0.7255 | Acc (clean): 0.9153 | Acc (poison): 0.9009 | Val Acc: 0.7885 | Time: 00:00:12
Epoch 036 | Seed 42 | Rate 0.02 | Train Loss: 0.3920 | Val Loss: 0.8992 | Acc (clean): 0.9108 | Acc (poison): 0.8969 | Val Acc: 0.7478 | Time: 00:00:12
Epoch 037 | Seed 42 | Rate 0.02 | Train Loss: 0.3925 | Val Loss: 0.7986 | Acc (clean): 0.9111 | Acc (poison): 0.8976 | Val Acc: 0.7700 | Time: 00:00:12
Epoch 038 | Seed 42 | Rate 0.02 | Train Loss: 0.3806 | Val Loss: 0.9305 | Acc (clean): 0.9118 | Acc (poison): 0.8977 | Val Acc: 0.7348 | Time: 00:00:12
Epoch 039 | Seed 42 | Rate 0.02 | Train Loss: 0.3746 | Val Loss: 0.9439 | Acc (clean): 0.9163 | Acc (poison): 0.9028 | Val Acc: 0.7374 | Time: 00:00:12
Epoch 040 | Seed 42 | Rate 0.02 | Train Loss: 0.3806 | Val Loss: 0.7305 | Acc (clean): 0.9147 | Acc (poison): 0.9008 | Val Acc: 0.7948 | Time: 00:00:12
Epoch 041 | Seed 42 | Rate 0.02 | Train Loss: 0.3695 | Val Loss: 0.9841 | Acc (clean): 0.9160 | Acc (poison): 0.9028 | Val Acc: 0.7456 | Time: 00:00:12
Epoch 042 | Seed 42 | Rate 0.02 | Train Loss: 0.3734 | Val Loss: 0.7430 | Acc (clean): 0.9138 | Acc (poison): 0.8997 | Val Acc: 0.7930 | Time: 00:00:12
Epoch 043 | Seed 42 | Rate 0.02 | Train Loss: 0.3582 | Val Loss: 0.6900 | Acc (clean): 0.9196 | Acc (poison): 0.9065 | Val Acc: 0.8096 | Time: 00:00:12
Epoch 044 | Seed 42 | Rate 0.02 | Train Loss: 0.3539 | Val Loss: 0.6004 | Acc (clean): 0.9204 | Acc (poison): 0.9068 | Val Acc: 0.8148 | Time: 00:00:12
Epoch 045 | Seed 42 | Rate 0.02 | Train Loss: 0.3584 | Val Loss: 0.9121 | Acc (clean): 0.9165 | Acc (poison): 0.9032 | Val Acc: 0.7422 | Time: 00:00:12
Epoch 046 | Seed 42 | Rate 0.02 | Train Loss: 0.3524 | Val Loss: 0.7851 | Acc (clean): 0.9218 | Acc (poison): 0.9084 | Val Acc: 0.7785 | Time: 00:00:13
Epoch 047 | Seed 42 | Rate 0.02 | Train Loss: 0.3616 | Val Loss: 1.0043 | Acc (clean): 0.9149 | Acc (poison): 0.9024 | Val Acc: 0.7407 | Time: 00:00:12
Epoch 048 | Seed 42 | Rate 0.02 | Train Loss: 0.3576 | Val Loss: 0.6865 | Acc (clean): 0.9173 | Acc (poison): 0.9043 | Val Acc: 0.7933 | Time: 00:00:12
Epoch 049 | Seed 42 | Rate 0.02 | Train Loss: 0.3482 | Val Loss: 0.8561 | Acc (clean): 0.9208 | Acc (poison): 0.9085 | Val Acc: 0.7470 | Time: 00:00:12
Epoch 050 | Seed 42 | Rate 0.02 | Train Loss: 0.3372 | Val Loss: 0.7247 | Acc (clean): 0.9219 | Acc (poison): 0.9103 | Val Acc: 0.7900 | Time: 00:00:13
Epoch 051 | Seed 42 | Rate 0.02 | Train Loss: 0.1671 | Val Loss: 0.2841 | Acc (clean): 0.9683 | Acc (poison): 0.9579 | Val Acc: 0.9181 | Time: 00:00:14
Epoch 052 | Seed 42 | Rate 0.02 | Train Loss: 0.1085 | Val Loss: 0.2750 | Acc (clean): 0.9814 | Acc (poison): 0.9751 | Val Acc: 0.9178 | Time: 00:00:13
Epoch 053 | Seed 42 | Rate 0.02 | Train Loss: 0.0919 | Val Loss: 0.2805 | Acc (clean): 0.9838 | Acc (poison): 0.9806 | Val Acc: 0.9130 | Time: 00:00:12
Epoch 054 | Seed 42 | Rate 0.02 | Train Loss: 0.0778 | Val Loss: 0.2739 | Acc (clean): 0.9833 | Acc (poison): 0.9832 | Val Acc: 0.9219 | Time: 00:00:13
Epoch 055 | Seed 42 | Rate 0.02 | Train Loss: 0.0701 | Val Loss: 0.2755 | Acc (clean): 0.9835 | Acc (poison): 0.9857 | Val Acc: 0.9211 | Time: 00:00:12
Epoch 056 | Seed 42 | Rate 0.02 | Train Loss: 0.0648 | Val Loss: 0.2609 | Acc (clean): 0.9822 | Acc (poison): 0.9861 | Val Acc: 0.9226 | Time: 00:00:13
Epoch 057 | Seed 42 | Rate 0.02 | Train Loss: 0.0565 | Val Loss: 0.2719 | Acc (clean): 0.9835 | Acc (poison): 0.9889 | Val Acc: 0.9211 | Time: 00:00:12
Epoch 058 | Seed 42 | Rate 0.02 | Train Loss: 0.0525 | Val Loss: 0.2725 | Acc (clean): 0.9825 | Acc (poison): 0.9896 | Val Acc: 0.9204 | Time: 00:00:12
Epoch 059 | Seed 42 | Rate 0.02 | Train Loss: 0.0469 | Val Loss: 0.2663 | Acc (clean): 0.9821 | Acc (poison): 0.9912 | Val Acc: 0.9222 | Time: 00:00:12
Epoch 060 | Seed 42 | Rate 0.02 | Train Loss: 0.0433 | Val Loss: 0.2686 | Acc (clean): 0.9823 | Acc (poison): 0.9919 | Val Acc: 0.9252 | Time: 00:00:12
Epoch 061 | Seed 42 | Rate 0.02 | Train Loss: 0.0395 | Val Loss: 0.2693 | Acc (clean): 0.9822 | Acc (poison): 0.9932 | Val Acc: 0.9204 | Time: 00:00:12
Epoch 062 | Seed 42 | Rate 0.02 | Train Loss: 0.0395 | Val Loss: 0.2718 | Acc (clean): 0.9817 | Acc (poison): 0.9930 | Val Acc: 0.9230 | Time: 00:00:12
Epoch 063 | Seed 42 | Rate 0.02 | Train Loss: 0.0343 | Val Loss: 0.2678 | Acc (clean): 0.9814 | Acc (poison): 0.9943 | Val Acc: 0.9248 | Time: 00:00:12
Epoch 064 | Seed 42 | Rate 0.02 | Train Loss: 0.0315 | Val Loss: 0.2672 | Acc (clean): 0.9815 | Acc (poison): 0.9955 | Val Acc: 0.9219 | Time: 00:00:12
Epoch 065 | Seed 42 | Rate 0.02 | Train Loss: 0.0309 | Val Loss: 0.2662 | Acc (clean): 0.9811 | Acc (poison): 0.9951 | Val Acc: 0.9252 | Time: 00:00:12
Epoch 066 | Seed 42 | Rate 0.02 | Train Loss: 0.0290 | Val Loss: 0.2614 | Acc (clean): 0.9809 | Acc (poison): 0.9955 | Val Acc: 0.9252 | Time: 00:00:12
Epoch 067 | Seed 42 | Rate 0.02 | Train Loss: 0.0275 | Val Loss: 0.2616 | Acc (clean): 0.9813 | Acc (poison): 0.9961 | Val Acc: 0.9267 | Time: 00:00:12
Epoch 068 | Seed 42 | Rate 0.02 | Train Loss: 0.0263 | Val Loss: 0.2658 | Acc (clean): 0.9815 | Acc (poison): 0.9964 | Val Acc: 0.9233 | Time: 00:00:12
Epoch 069 | Seed 42 | Rate 0.02 | Train Loss: 0.0245 | Val Loss: 0.2662 | Acc (clean): 0.9809 | Acc (poison): 0.9970 | Val Acc: 0.9230 | Time: 00:00:12
Epoch 070 | Seed 42 | Rate 0.02 | Train Loss: 0.0221 | Val Loss: 0.2576 | Acc (clean): 0.9811 | Acc (poison): 0.9974 | Val Acc: 0.9259 | Time: 00:00:13
Epoch 071 | Seed 42 | Rate 0.02 | Train Loss: 0.0223 | Val Loss: 0.2614 | Acc (clean): 0.9805 | Acc (poison): 0.9976 | Val Acc: 0.9270 | Time: 00:00:12
Epoch 072 | Seed 42 | Rate 0.02 | Train Loss: 0.0203 | Val Loss: 0.2550 | Acc (clean): 0.9806 | Acc (poison): 0.9975 | Val Acc: 0.9289 | Time: 00:00:13
Epoch 073 | Seed 42 | Rate 0.02 | Train Loss: 0.0198 | Val Loss: 0.2559 | Acc (clean): 0.9804 | Acc (poison): 0.9972 | Val Acc: 0.9281 | Time: 00:00:12
Epoch 074 | Seed 42 | Rate 0.02 | Train Loss: 0.0190 | Val Loss: 0.2684 | Acc (clean): 0.9807 | Acc (poison): 0.9981 | Val Acc: 0.9259 | Time: 00:00:12
Epoch 075 | Seed 42 | Rate 0.02 | Train Loss: 0.0187 | Val Loss: 0.2670 | Acc (clean): 0.9807 | Acc (poison): 0.9978 | Val Acc: 0.9230 | Time: 00:00:12
Epoch 076 | Seed 42 | Rate 0.02 | Train Loss: 0.0168 | Val Loss: 0.2615 | Acc (clean): 0.9805 | Acc (poison): 0.9984 | Val Acc: 0.9256 | Time: 00:00:12
Epoch 077 | Seed 42 | Rate 0.02 | Train Loss: 0.0158 | Val Loss: 0.2615 | Acc (clean): 0.9803 | Acc (poison): 0.9984 | Val Acc: 0.9267 | Time: 00:00:12
Epoch 078 | Seed 42 | Rate 0.02 | Train Loss: 0.0145 | Val Loss: 0.2556 | Acc (clean): 0.9805 | Acc (poison): 0.9989 | Val Acc: 0.9304 | Time: 00:00:12
Epoch 079 | Seed 42 | Rate 0.02 | Train Loss: 0.0145 | Val Loss: 0.2588 | Acc (clean): 0.9804 | Acc (poison): 0.9984 | Val Acc: 0.9256 | Time: 00:00:12
Epoch 080 | Seed 42 | Rate 0.02 | Train Loss: 0.0144 | Val Loss: 0.2560 | Acc (clean): 0.9807 | Acc (poison): 0.9985 | Val Acc: 0.9285 | Time: 00:00:12
Epoch 081 | Seed 42 | Rate 0.02 | Train Loss: 0.0148 | Val Loss: 0.2603 | Acc (clean): 0.9805 | Acc (poison): 0.9983 | Val Acc: 0.9267 | Time: 00:00:12
Epoch 082 | Seed 42 | Rate 0.02 | Train Loss: 0.0143 | Val Loss: 0.2588 | Acc (clean): 0.9804 | Acc (poison): 0.9986 | Val Acc: 0.9278 | Time: 00:00:12
Epoch 083 | Seed 42 | Rate 0.02 | Train Loss: 0.0139 | Val Loss: 0.2589 | Acc (clean): 0.9802 | Acc (poison): 0.9990 | Val Acc: 0.9281 | Time: 00:00:12
Epoch 084 | Seed 42 | Rate 0.02 | Train Loss: 0.0138 | Val Loss: 0.2555 | Acc (clean): 0.9805 | Acc (poison): 0.9989 | Val Acc: 0.9296 | Time: 00:00:12
Epoch 085 | Seed 42 | Rate 0.02 | Train Loss: 0.0136 | Val Loss: 0.2566 | Acc (clean): 0.9801 | Acc (poison): 0.9990 | Val Acc: 0.9293 | Time: 00:00:13
Epoch 086 | Seed 42 | Rate 0.02 | Train Loss: 0.0139 | Val Loss: 0.2557 | Acc (clean): 0.9802 | Acc (poison): 0.9988 | Val Acc: 0.9285 | Time: 00:00:12
Epoch 087 | Seed 42 | Rate 0.02 | Train Loss: 0.0134 | Val Loss: 0.2537 | Acc (clean): 0.9801 | Acc (poison): 0.9987 | Val Acc: 0.9293 | Time: 00:00:13
Epoch 088 | Seed 42 | Rate 0.02 | Train Loss: 0.0134 | Val Loss: 0.2562 | Acc (clean): 0.9801 | Acc (poison): 0.9988 | Val Acc: 0.9289 | Time: 00:00:12
Epoch 089 | Seed 42 | Rate 0.02 | Train Loss: 0.0136 | Val Loss: 0.2551 | Acc (clean): 0.9803 | Acc (poison): 0.9989 | Val Acc: 0.9296 | Time: 00:00:12
Epoch 090 | Seed 42 | Rate 0.02 | Train Loss: 0.0134 | Val Loss: 0.2595 | Acc (clean): 0.9803 | Acc (poison): 0.9991 | Val Acc: 0.9281 | Time: 00:00:12
Epoch 091 | Seed 42 | Rate 0.02 | Train Loss: 0.0132 | Val Loss: 0.2567 | Acc (clean): 0.9805 | Acc (poison): 0.9989 | Val Acc: 0.9259 | Time: 00:00:12
Epoch 092 | Seed 42 | Rate 0.02 | Train Loss: 0.0132 | Val Loss: 0.2580 | Acc (clean): 0.9802 | Acc (poison): 0.9991 | Val Acc: 0.9285 | Time: 00:00:12
Epoch 093 | Seed 42 | Rate 0.02 | Train Loss: 0.0131 | Val Loss: 0.2565 | Acc (clean): 0.9800 | Acc (poison): 0.9989 | Val Acc: 0.9300 | Time: 00:00:12
Epoch 094 | Seed 42 | Rate 0.02 | Train Loss: 0.0132 | Val Loss: 0.2543 | Acc (clean): 0.9803 | Acc (poison): 0.9988 | Val Acc: 0.9293 | Time: 00:00:12
Epoch 095 | Seed 42 | Rate 0.02 | Train Loss: 0.0123 | Val Loss: 0.2568 | Acc (clean): 0.9802 | Acc (poison): 0.9991 | Val Acc: 0.9300 | Time: 00:00:12
Epoch 096 | Seed 42 | Rate 0.02 | Train Loss: 0.0126 | Val Loss: 0.2612 | Acc (clean): 0.9802 | Acc (poison): 0.9990 | Val Acc: 0.9296 | Time: 00:00:12
Epoch 097 | Seed 42 | Rate 0.02 | Train Loss: 0.0127 | Val Loss: 0.2566 | Acc (clean): 0.9805 | Acc (poison): 0.9991 | Val Acc: 0.9296 | Time: 00:00:12
Epoch 098 | Seed 42 | Rate 0.02 | Train Loss: 0.0128 | Val Loss: 0.2597 | Acc (clean): 0.9802 | Acc (poison): 0.9993 | Val Acc: 0.9300 | Time: 00:00:12
Epoch 099 | Seed 42 | Rate 0.02 | Train Loss: 0.0123 | Val Loss: 0.2559 | Acc (clean): 0.9802 | Acc (poison): 0.9993 | Val Acc: 0.9300 | Time: 00:00:13
Epoch 100 | Seed 42 | Rate 0.02 | Train Loss: 0.0129 | Val Loss: 0.2588 | Acc (clean): 0.9805 | Acc (poison): 0.9990 | Val Acc: 0.9278 | Time: 00:00:13

=== defense=none attack=RQ1 seed=42 rate=0.05 ===
Loading train data from /home/yazanme/BachelorThesis/BachelorThesis/data/processed/resisc45/train.h5 with mapping /home/yazanme/BachelorThesis/BachelorThesis/data/processed/resisc45/poisoned/RQ1/seed_42/labels_0.05.pt... (in_memory=True, workers=4)
Testing torch.compile support...
Successfully compiled model using torch.compile.
Epoch 001 | Seed 42 | Rate 0.05 | Train Loss: 2.9336 | Val Loss: 2.3373 | Acc (clean): 0.2537 | Acc (poison): 0.2430 | Val Acc: 0.3307 | Time: 00:00:14
Epoch 002 | Seed 42 | Rate 0.05 | Train Loss: 2.1345 | Val Loss: 2.1333 | Acc (clean): 0.4463 | Acc (poison): 0.4255 | Val Acc: 0.3856 | Time: 00:00:13
Epoch 003 | Seed 42 | Rate 0.05 | Train Loss: 1.8339 | Val Loss: 1.9075 | Acc (clean): 0.5353 | Acc (poison): 0.5112 | Val Acc: 0.4707 | Time: 00:00:13
Epoch 004 | Seed 42 | Rate 0.05 | Train Loss: 1.6559 | Val Loss: 1.7838 | Acc (clean): 0.5884 | Acc (poison): 0.5604 | Val Acc: 0.4837 | Time: 00:00:13
Epoch 005 | Seed 42 | Rate 0.05 | Train Loss: 1.5144 | Val Loss: 1.8850 | Acc (clean): 0.6316 | Acc (poison): 0.6014 | Val Acc: 0.4933 | Time: 00:00:12
Epoch 006 | Seed 42 | Rate 0.05 | Train Loss: 1.3909 | Val Loss: 1.2494 | Acc (clean): 0.6718 | Acc (poison): 0.6407 | Val Acc: 0.6196 | Time: 00:00:13
Epoch 007 | Seed 42 | Rate 0.05 | Train Loss: 1.2665 | Val Loss: 1.5247 | Acc (clean): 0.7117 | Acc (poison): 0.6791 | Val Acc: 0.5837 | Time: 00:00:12
Epoch 008 | Seed 42 | Rate 0.05 | Train Loss: 1.1786 | Val Loss: 1.0701 | Acc (clean): 0.7402 | Acc (poison): 0.7056 | Val Acc: 0.6863 | Time: 00:00:13
Epoch 009 | Seed 42 | Rate 0.05 | Train Loss: 1.0895 | Val Loss: 1.0061 | Acc (clean): 0.7679 | Acc (poison): 0.7321 | Val Acc: 0.7044 | Time: 00:00:13
Epoch 010 | Seed 42 | Rate 0.05 | Train Loss: 1.0256 | Val Loss: 1.1741 | Acc (clean): 0.7852 | Acc (poison): 0.7484 | Val Acc: 0.6615 | Time: 00:00:13
Epoch 011 | Seed 42 | Rate 0.05 | Train Loss: 0.9665 | Val Loss: 0.9703 | Acc (clean): 0.8057 | Acc (poison): 0.7674 | Val Acc: 0.7207 | Time: 00:00:13
Epoch 012 | Seed 42 | Rate 0.05 | Train Loss: 0.9224 | Val Loss: 0.8239 | Acc (clean): 0.8215 | Acc (poison): 0.7828 | Val Acc: 0.7667 | Time: 00:00:12
Epoch 013 | Seed 42 | Rate 0.05 | Train Loss: 0.8756 | Val Loss: 1.3292 | Acc (clean): 0.8323 | Acc (poison): 0.7942 | Val Acc: 0.6133 | Time: 00:00:12
Epoch 014 | Seed 42 | Rate 0.05 | Train Loss: 0.8483 | Val Loss: 1.0142 | Acc (clean): 0.8405 | Acc (poison): 0.8005 | Val Acc: 0.7107 | Time: 00:00:12
Epoch 015 | Seed 42 | Rate 0.05 | Train Loss: 0.8240 | Val Loss: 1.4103 | Acc (clean): 0.8481 | Acc (poison): 0.8094 | Val Acc: 0.6007 | Time: 00:00:12
Epoch 016 | Seed 42 | Rate 0.05 | Train Loss: 0.8087 | Val Loss: 0.7653 | Acc (clean): 0.8499 | Acc (poison): 0.8117 | Val Acc: 0.7859 | Time: 00:00:13
Epoch 017 | Seed 42 | Rate 0.05 | Train Loss: 0.7817 | Val Loss: 0.7590 | Acc (clean): 0.8601 | Acc (poison): 0.8214 | Val Acc: 0.7789 | Time: 00:00:13
Epoch 018 | Seed 42 | Rate 0.05 | Train Loss: 0.7538 | Val Loss: 0.8541 | Acc (clean): 0.8686 | Acc (poison): 0.8293 | Val Acc: 0.7652 | Time: 00:00:12
Epoch 019 | Seed 42 | Rate 0.05 | Train Loss: 0.7471 | Val Loss: 0.8750 | Acc (clean): 0.8661 | Acc (poison): 0.8269 | Val Acc: 0.7511 | Time: 00:00:12
Epoch 020 | Seed 42 | Rate 0.05 | Train Loss: 0.7209 | Val Loss: 0.7828 | Acc (clean): 0.8742 | Acc (poison): 0.8357 | Val Acc: 0.7844 | Time: 00:00:12
Epoch 021 | Seed 42 | Rate 0.05 | Train Loss: 0.7152 | Val Loss: 0.9302 | Acc (clean): 0.8724 | Acc (poison): 0.8337 | Val Acc: 0.7300 | Time: 00:00:12
Epoch 022 | Seed 42 | Rate 0.05 | Train Loss: 0.7054 | Val Loss: 0.8276 | Acc (clean): 0.8752 | Acc (poison): 0.8372 | Val Acc: 0.7541 | Time: 00:00:12
Epoch 023 | Seed 42 | Rate 0.05 | Train Loss: 0.6848 | Val Loss: 0.7096 | Acc (clean): 0.8805 | Acc (poison): 0.8418 | Val Acc: 0.7919 | Time: 00:00:13
Epoch 024 | Seed 42 | Rate 0.05 | Train Loss: 0.6753 | Val Loss: 0.8938 | Acc (clean): 0.8831 | Acc (poison): 0.8449 | Val Acc: 0.7559 | Time: 00:00:13
Epoch 025 | Seed 42 | Rate 0.05 | Train Loss: 0.6629 | Val Loss: 0.8109 | Acc (clean): 0.8858 | Acc (poison): 0.8481 | Val Acc: 0.7722 | Time: 00:00:12
Epoch 026 | Seed 42 | Rate 0.05 | Train Loss: 0.6544 | Val Loss: 0.8475 | Acc (clean): 0.8873 | Acc (poison): 0.8491 | Val Acc: 0.7715 | Time: 00:00:12
Epoch 027 | Seed 42 | Rate 0.05 | Train Loss: 0.6385 | Val Loss: 0.8900 | Acc (clean): 0.8895 | Acc (poison): 0.8526 | Val Acc: 0.7367 | Time: 00:00:12
Epoch 028 | Seed 42 | Rate 0.05 | Train Loss: 0.6404 | Val Loss: 0.7010 | Acc (clean): 0.8908 | Acc (poison): 0.8531 | Val Acc: 0.8115 | Time: 00:00:13
Epoch 029 | Seed 42 | Rate 0.05 | Train Loss: 0.6196 | Val Loss: 0.8059 | Acc (clean): 0.8934 | Acc (poison): 0.8553 | Val Acc: 0.7785 | Time: 00:00:12
Epoch 030 | Seed 42 | Rate 0.05 | Train Loss: 0.6099 | Val Loss: 0.7745 | Acc (clean): 0.8984 | Acc (poison): 0.8616 | Val Acc: 0.7844 | Time: 00:00:12
Epoch 031 | Seed 42 | Rate 0.05 | Train Loss: 0.6022 | Val Loss: 0.8704 | Acc (clean): 0.8979 | Acc (poison): 0.8614 | Val Acc: 0.7519 | Time: 00:00:12
Epoch 032 | Seed 42 | Rate 0.05 | Train Loss: 0.6016 | Val Loss: 0.8250 | Acc (clean): 0.8968 | Acc (poison): 0.8607 | Val Acc: 0.7700 | Time: 00:00:12
Epoch 033 | Seed 42 | Rate 0.05 | Train Loss: 0.5924 | Val Loss: 0.7868 | Acc (clean): 0.8961 | Acc (poison): 0.8605 | Val Acc: 0.7826 | Time: 00:00:12
Epoch 034 | Seed 42 | Rate 0.05 | Train Loss: 0.5667 | Val Loss: 0.8718 | Acc (clean): 0.9017 | Acc (poison): 0.8663 | Val Acc: 0.7585 | Time: 00:00:13
Epoch 035 | Seed 42 | Rate 0.05 | Train Loss: 0.5757 | Val Loss: 1.0178 | Acc (clean): 0.8995 | Acc (poison): 0.8641 | Val Acc: 0.7244 | Time: 00:00:13
Epoch 036 | Seed 42 | Rate 0.05 | Train Loss: 0.5750 | Val Loss: 0.8738 | Acc (clean): 0.8997 | Acc (poison): 0.8638 | Val Acc: 0.7604 | Time: 00:00:13
Epoch 037 | Seed 42 | Rate 0.05 | Train Loss: 0.5479 | Val Loss: 0.9410 | Acc (clean): 0.9045 | Acc (poison): 0.8702 | Val Acc: 0.7374 | Time: 00:00:12
Epoch 038 | Seed 42 | Rate 0.05 | Train Loss: 0.5562 | Val Loss: 0.8478 | Acc (clean): 0.9032 | Acc (poison): 0.8680 | Val Acc: 0.7626 | Time: 00:00:12
Epoch 039 | Seed 42 | Rate 0.05 | Train Loss: 0.5415 | Val Loss: 0.8432 | Acc (clean): 0.9052 | Acc (poison): 0.8718 | Val Acc: 0.7759 | Time: 00:00:12
Epoch 040 | Seed 42 | Rate 0.05 | Train Loss: 0.5502 | Val Loss: 0.7834 | Acc (clean): 0.9042 | Acc (poison): 0.8690 | Val Acc: 0.7796 | Time: 00:00:12
Epoch 041 | Seed 42 | Rate 0.05 | Train Loss: 0.5204 | Val Loss: 0.8278 | Acc (clean): 0.9091 | Acc (poison): 0.8764 | Val Acc: 0.7752 | Time: 00:00:12
Epoch 042 | Seed 42 | Rate 0.05 | Train Loss: 0.5379 | Val Loss: 0.8957 | Acc (clean): 0.9044 | Acc (poison): 0.8716 | Val Acc: 0.7530 | Time: 00:00:12
Epoch 043 | Seed 42 | Rate 0.05 | Train Loss: 0.5135 | Val Loss: 0.9740 | Acc (clean): 0.9092 | Acc (poison): 0.8764 | Val Acc: 0.7433 | Time: 00:00:12
Epoch 044 | Seed 42 | Rate 0.05 | Train Loss: 0.5161 | Val Loss: 0.9882 | Acc (clean): 0.9070 | Acc (poison): 0.8744 | Val Acc: 0.7285 | Time: 00:00:12
Epoch 045 | Seed 42 | Rate 0.05 | Train Loss: 0.5085 | Val Loss: 0.6892 | Acc (clean): 0.9074 | Acc (poison): 0.8758 | Val Acc: 0.8104 | Time: 00:00:14
Epoch 046 | Seed 42 | Rate 0.05 | Train Loss: 0.5002 | Val Loss: 0.9156 | Acc (clean): 0.9093 | Acc (poison): 0.8789 | Val Acc: 0.7548 | Time: 00:00:12
Epoch 047 | Seed 42 | Rate 0.05 | Train Loss: 0.5048 | Val Loss: 0.8585 | Acc (clean): 0.9074 | Acc (poison): 0.8763 | Val Acc: 0.7641 | Time: 00:00:12
Epoch 048 | Seed 42 | Rate 0.05 | Train Loss: 0.5043 | Val Loss: 0.7273 | Acc (clean): 0.9088 | Acc (poison): 0.8777 | Val Acc: 0.7970 | Time: 00:00:12
Epoch 049 | Seed 42 | Rate 0.05 | Train Loss: 0.4976 | Val Loss: 0.9460 | Acc (clean): 0.9070 | Acc (poison): 0.8774 | Val Acc: 0.7426 | Time: 00:00:12
Epoch 050 | Seed 42 | Rate 0.05 | Train Loss: 0.4907 | Val Loss: 0.8024 | Acc (clean): 0.9070 | Acc (poison): 0.8768 | Val Acc: 0.7685 | Time: 00:00:12
Epoch 051 | Seed 42 | Rate 0.05 | Train Loss: 0.2639 | Val Loss: 0.3531 | Acc (clean): 0.9590 | Acc (poison): 0.9394 | Val Acc: 0.9004 | Time: 00:00:13
Epoch 052 | Seed 42 | Rate 0.05 | Train Loss: 0.1834 | Val Loss: 0.3485 | Acc (clean): 0.9668 | Acc (poison): 0.9586 | Val Acc: 0.9033 | Time: 00:00:13
Epoch 053 | Seed 42 | Rate 0.05 | Train Loss: 0.1555 | Val Loss: 0.3466 | Acc (clean): 0.9674 | Acc (poison): 0.9649 | Val Acc: 0.9074 | Time: 00:00:13
Epoch 054 | Seed 42 | Rate 0.05 | Train Loss: 0.1339 | Val Loss: 0.3377 | Acc (clean): 0.9646 | Acc (poison): 0.9701 | Val Acc: 0.9089 | Time: 00:00:14
Epoch 055 | Seed 42 | Rate 0.05 | Train Loss: 0.1183 | Val Loss: 0.3364 | Acc (clean): 0.9638 | Acc (poison): 0.9744 | Val Acc: 0.9074 | Time: 00:00:14
Epoch 056 | Seed 42 | Rate 0.05 | Train Loss: 0.1092 | Val Loss: 0.3358 | Acc (clean): 0.9629 | Acc (poison): 0.9762 | Val Acc: 0.9081 | Time: 00:00:15
Epoch 057 | Seed 42 | Rate 0.05 | Train Loss: 0.0961 | Val Loss: 0.3473 | Acc (clean): 0.9610 | Acc (poison): 0.9799 | Val Acc: 0.9059 | Time: 00:00:12
Epoch 058 | Seed 42 | Rate 0.05 | Train Loss: 0.0857 | Val Loss: 0.3355 | Acc (clean): 0.9598 | Acc (poison): 0.9825 | Val Acc: 0.9070 | Time: 00:00:15
Epoch 059 | Seed 42 | Rate 0.05 | Train Loss: 0.0769 | Val Loss: 0.3443 | Acc (clean): 0.9587 | Acc (poison): 0.9849 | Val Acc: 0.9048 | Time: 00:00:12
Epoch 060 | Seed 42 | Rate 0.05 | Train Loss: 0.0707 | Val Loss: 0.3368 | Acc (clean): 0.9571 | Acc (poison): 0.9860 | Val Acc: 0.9081 | Time: 00:00:12
Epoch 061 | Seed 42 | Rate 0.05 | Train Loss: 0.0616 | Val Loss: 0.3478 | Acc (clean): 0.9563 | Acc (poison): 0.9884 | Val Acc: 0.9052 | Time: 00:00:12
Epoch 062 | Seed 42 | Rate 0.05 | Train Loss: 0.0600 | Val Loss: 0.3514 | Acc (clean): 0.9568 | Acc (poison): 0.9886 | Val Acc: 0.9056 | Time: 00:00:12
Epoch 063 | Seed 42 | Rate 0.05 | Train Loss: 0.0536 | Val Loss: 0.3421 | Acc (clean): 0.9561 | Acc (poison): 0.9903 | Val Acc: 0.9041 | Time: 00:00:12
Epoch 064 | Seed 42 | Rate 0.05 | Train Loss: 0.0493 | Val Loss: 0.3379 | Acc (clean): 0.9547 | Acc (poison): 0.9909 | Val Acc: 0.9074 | Time: 00:00:12
Epoch 065 | Seed 42 | Rate 0.05 | Train Loss: 0.0461 | Val Loss: 0.3450 | Acc (clean): 0.9542 | Acc (poison): 0.9918 | Val Acc: 0.9070 | Time: 00:00:12
Epoch 066 | Seed 42 | Rate 0.05 | Train Loss: 0.0425 | Val Loss: 0.3592 | Acc (clean): 0.9540 | Acc (poison): 0.9925 | Val Acc: 0.8989 | Time: 00:00:12
Epoch 067 | Seed 42 | Rate 0.05 | Train Loss: 0.0409 | Val Loss: 0.3367 | Acc (clean): 0.9537 | Acc (poison): 0.9930 | Val Acc: 0.9085 | Time: 00:00:12
Epoch 068 | Seed 42 | Rate 0.05 | Train Loss: 0.0373 | Val Loss: 0.3434 | Acc (clean): 0.9527 | Acc (poison): 0.9942 | Val Acc: 0.9063 | Time: 00:00:13
Epoch 069 | Seed 42 | Rate 0.05 | Train Loss: 0.0339 | Val Loss: 0.3409 | Acc (clean): 0.9524 | Acc (poison): 0.9951 | Val Acc: 0.9078 | Time: 00:00:12
Epoch 070 | Seed 42 | Rate 0.05 | Train Loss: 0.0310 | Val Loss: 0.3400 | Acc (clean): 0.9522 | Acc (poison): 0.9955 | Val Acc: 0.9048 | Time: 00:00:12
Epoch 071 | Seed 42 | Rate 0.05 | Train Loss: 0.0296 | Val Loss: 0.3340 | Acc (clean): 0.9516 | Acc (poison): 0.9958 | Val Acc: 0.9089 | Time: 00:00:15
Epoch 072 | Seed 42 | Rate 0.05 | Train Loss: 0.0287 | Val Loss: 0.3352 | Acc (clean): 0.9514 | Acc (poison): 0.9958 | Val Acc: 0.9067 | Time: 00:00:13
Epoch 073 | Seed 42 | Rate 0.05 | Train Loss: 0.0274 | Val Loss: 0.3382 | Acc (clean): 0.9516 | Acc (poison): 0.9956 | Val Acc: 0.9052 | Time: 00:00:13
Epoch 074 | Seed 42 | Rate 0.05 | Train Loss: 0.0245 | Val Loss: 0.3359 | Acc (clean): 0.9516 | Acc (poison): 0.9966 | Val Acc: 0.9056 | Time: 00:00:12
Epoch 075 | Seed 42 | Rate 0.05 | Train Loss: 0.0239 | Val Loss: 0.3363 | Acc (clean): 0.9517 | Acc (poison): 0.9967 | Val Acc: 0.9078 | Time: 00:00:13
Epoch 076 | Seed 42 | Rate 0.05 | Train Loss: 0.0208 | Val Loss: 0.3283 | Acc (clean): 0.9510 | Acc (poison): 0.9974 | Val Acc: 0.9070 | Time: 00:00:14
Epoch 077 | Seed 42 | Rate 0.05 | Train Loss: 0.0186 | Val Loss: 0.3261 | Acc (clean): 0.9512 | Acc (poison): 0.9979 | Val Acc: 0.9122 | Time: 00:00:15
Epoch 078 | Seed 42 | Rate 0.05 | Train Loss: 0.0169 | Val Loss: 0.3228 | Acc (clean): 0.9512 | Acc (poison): 0.9982 | Val Acc: 0.9107 | Time: 00:00:15
Epoch 079 | Seed 42 | Rate 0.05 | Train Loss: 0.0173 | Val Loss: 0.3258 | Acc (clean): 0.9509 | Acc (poison): 0.9982 | Val Acc: 0.9119 | Time: 00:00:12
Epoch 080 | Seed 42 | Rate 0.05 | Train Loss: 0.0172 | Val Loss: 0.3215 | Acc (clean): 0.9512 | Acc (poison): 0.9983 | Val Acc: 0.9115 | Time: 00:00:15
Epoch 081 | Seed 42 | Rate 0.05 | Train Loss: 0.0167 | Val Loss: 0.3249 | Acc (clean): 0.9503 | Acc (poison): 0.9984 | Val Acc: 0.9096 | Time: 00:00:12
Epoch 082 | Seed 42 | Rate 0.05 | Train Loss: 0.0162 | Val Loss: 0.3219 | Acc (clean): 0.9511 | Acc (poison): 0.9987 | Val Acc: 0.9119 | Time: 00:00:13
Epoch 083 | Seed 42 | Rate 0.05 | Train Loss: 0.0153 | Val Loss: 0.3226 | Acc (clean): 0.9507 | Acc (poison): 0.9989 | Val Acc: 0.9111 | Time: 00:00:12
Epoch 084 | Seed 42 | Rate 0.05 | Train Loss: 0.0162 | Val Loss: 0.3229 | Acc (clean): 0.9506 | Acc (poison): 0.9988 | Val Acc: 0.9111 | Time: 00:00:12
Epoch 085 | Seed 42 | Rate 0.05 | Train Loss: 0.0157 | Val Loss: 0.3244 | Acc (clean): 0.9508 | Acc (poison): 0.9987 | Val Acc: 0.9115 | Time: 00:00:12
Epoch 086 | Seed 42 | Rate 0.05 | Train Loss: 0.0162 | Val Loss: 0.3209 | Acc (clean): 0.9506 | Acc (poison): 0.9986 | Val Acc: 0.9100 | Time: 00:00:13
Epoch 087 | Seed 42 | Rate 0.05 | Train Loss: 0.0155 | Val Loss: 0.3217 | Acc (clean): 0.9508 | Acc (poison): 0.9988 | Val Acc: 0.9100 | Time: 00:00:12
Epoch 088 | Seed 42 | Rate 0.05 | Train Loss: 0.0160 | Val Loss: 0.3234 | Acc (clean): 0.9508 | Acc (poison): 0.9985 | Val Acc: 0.9100 | Time: 00:00:12
Epoch 089 | Seed 42 | Rate 0.05 | Train Loss: 0.0158 | Val Loss: 0.3216 | Acc (clean): 0.9509 | Acc (poison): 0.9987 | Val Acc: 0.9141 | Time: 00:00:12
Epoch 090 | Seed 42 | Rate 0.05 | Train Loss: 0.0158 | Val Loss: 0.3274 | Acc (clean): 0.9509 | Acc (poison): 0.9987 | Val Acc: 0.9133 | Time: 00:00:12
Epoch 091 | Seed 42 | Rate 0.05 | Train Loss: 0.0152 | Val Loss: 0.3251 | Acc (clean): 0.9507 | Acc (poison): 0.9991 | Val Acc: 0.9111 | Time: 00:00:12
Epoch 092 | Seed 42 | Rate 0.05 | Train Loss: 0.0145 | Val Loss: 0.3256 | Acc (clean): 0.9507 | Acc (poison): 0.9988 | Val Acc: 0.9122 | Time: 00:00:13
Epoch 093 | Seed 42 | Rate 0.05 | Train Loss: 0.0150 | Val Loss: 0.3263 | Acc (clean): 0.9506 | Acc (poison): 0.9989 | Val Acc: 0.9107 | Time: 00:00:12
Epoch 094 | Seed 42 | Rate 0.05 | Train Loss: 0.0149 | Val Loss: 0.3217 | Acc (clean): 0.9508 | Acc (poison): 0.9988 | Val Acc: 0.9107 | Time: 00:00:13
Epoch 095 | Seed 42 | Rate 0.05 | Train Loss: 0.0147 | Val Loss: 0.3229 | Acc (clean): 0.9504 | Acc (poison): 0.9988 | Val Acc: 0.9111 | Time: 00:00:12
Epoch 096 | Seed 42 | Rate 0.05 | Train Loss: 0.0143 | Val Loss: 0.3278 | Acc (clean): 0.9505 | Acc (poison): 0.9991 | Val Acc: 0.9104 | Time: 00:00:13
Epoch 097 | Seed 42 | Rate 0.05 | Train Loss: 0.0149 | Val Loss: 0.3233 | Acc (clean): 0.9509 | Acc (poison): 0.9988 | Val Acc: 0.9111 | Time: 00:00:12
Epoch 098 | Seed 42 | Rate 0.05 | Train Loss: 0.0145 | Val Loss: 0.3237 | Acc (clean): 0.9506 | Acc (poison): 0.9991 | Val Acc: 0.9104 | Time: 00:00:13
Epoch 099 | Seed 42 | Rate 0.05 | Train Loss: 0.0143 | Val Loss: 0.3228 | Acc (clean): 0.9503 | Acc (poison): 0.9991 | Val Acc: 0.9119 | Time: 00:00:13
Epoch 100 | Seed 42 | Rate 0.05 | Train Loss: 0.0150 | Val Loss: 0.3231 | Acc (clean): 0.9507 | Acc (poison): 0.9987 | Val Acc: 0.9111 | Time: 00:00:13

=== defense=none attack=RQ1 seed=42 rate=0.1 ===
Loading train data from /home/yazanme/BachelorThesis/BachelorThesis/data/processed/resisc45/train.h5 with mapping /home/yazanme/BachelorThesis/BachelorThesis/data/processed/resisc45/poisoned/RQ1/seed_42/labels_0.10.pt... (in_memory=True, workers=4)
Testing torch.compile support...
Successfully compiled model using torch.compile.
Epoch 001 | Seed 42 | Rate 0.10 | Train Loss: 3.0873 | Val Loss: 2.3146 | Acc (clean): 0.2490 | Acc (poison): 0.2266 | Val Acc: 0.3478 | Time: 00:00:14
Epoch 002 | Seed 42 | Rate 0.10 | Train Loss: 2.3852 | Val Loss: 1.8511 | Acc (clean): 0.4257 | Acc (poison): 0.3849 | Val Acc: 0.4722 | Time: 00:00:13
Epoch 003 | Seed 42 | Rate 0.10 | Train Loss: 2.1043 | Val Loss: 1.7602 | Acc (clean): 0.5118 | Acc (poison): 0.4635 | Val Acc: 0.4907 | Time: 00:00:13
Epoch 004 | Seed 42 | Rate 0.10 | Train Loss: 1.9254 | Val Loss: 1.7052 | Acc (clean): 0.5765 | Acc (poison): 0.5209 | Val Acc: 0.5019 | Time: 00:00:13
Epoch 005 | Seed 42 | Rate 0.10 | Train Loss: 1.8031 | Val Loss: 1.6448 | Acc (clean): 0.6155 | Acc (poison): 0.5555 | Val Acc: 0.5311 | Time: 00:00:13
Epoch 006 | Seed 42 | Rate 0.10 | Train Loss: 1.7003 | Val Loss: 1.8835 | Acc (clean): 0.6498 | Acc (poison): 0.5894 | Val Acc: 0.4856 | Time: 00:00:12
Epoch 007 | Seed 42 | Rate 0.10 | Train Loss: 1.5858 | Val Loss: 1.4671 | Acc (clean): 0.6885 | Acc (poison): 0.6232 | Val Acc: 0.5867 | Time: 00:00:13
Epoch 008 | Seed 42 | Rate 0.10 | Train Loss: 1.5049 | Val Loss: 1.1653 | Acc (clean): 0.7156 | Acc (poison): 0.6476 | Val Acc: 0.6770 | Time: 00:00:13
Epoch 009 | Seed 42 | Rate 0.10 | Train Loss: 1.4341 | Val Loss: 1.2578 | Acc (clean): 0.7384 | Acc (poison): 0.6685 | Val Acc: 0.6456 | Time: 00:00:12
Epoch 010 | Seed 42 | Rate 0.10 | Train Loss: 1.3673 | Val Loss: 1.2092 | Acc (clean): 0.7607 | Acc (poison): 0.6892 | Val Acc: 0.6674 | Time: 00:00:12
Epoch 011 | Seed 42 | Rate 0.10 | Train Loss: 1.3092 | Val Loss: 1.0984 | Acc (clean): 0.7786 | Acc (poison): 0.7042 | Val Acc: 0.6900 | Time: 00:00:13
Epoch 012 | Seed 42 | Rate 0.10 | Train Loss: 1.2555 | Val Loss: 1.1000 | Acc (clean): 0.7967 | Acc (poison): 0.7212 | Val Acc: 0.6963 | Time: 00:00:12
Epoch 013 | Seed 42 | Rate 0.10 | Train Loss: 1.2178 | Val Loss: 0.9844 | Acc (clean): 0.8082 | Acc (poison): 0.7325 | Val Acc: 0.7274 | Time: 00:00:13
Epoch 014 | Seed 42 | Rate 0.10 | Train Loss: 1.1854 | Val Loss: 1.1681 | Acc (clean): 0.8179 | Acc (poison): 0.7416 | Val Acc: 0.6789 | Time: 00:00:12
Epoch 015 | Seed 42 | Rate 0.10 | Train Loss: 1.1480 | Val Loss: 0.9694 | Acc (clean): 0.8302 | Acc (poison): 0.7518 | Val Acc: 0.7319 | Time: 00:00:13
Epoch 016 | Seed 42 | Rate 0.10 | Train Loss: 1.1276 | Val Loss: 0.8440 | Acc (clean): 0.8341 | Acc (poison): 0.7574 | Val Acc: 0.7630 | Time: 00:00:13
Epoch 017 | Seed 42 | Rate 0.10 | Train Loss: 1.0933 | Val Loss: 0.9959 | Acc (clean): 0.8430 | Acc (poison): 0.7668 | Val Acc: 0.7207 | Time: 00:00:12
Epoch 018 | Seed 42 | Rate 0.10 | Train Loss: 1.0865 | Val Loss: 0.8924 | Acc (clean): 0.8491 | Acc (poison): 0.7708 | Val Acc: 0.7474 | Time: 00:00:12
Epoch 019 | Seed 42 | Rate 0.10 | Train Loss: 1.0537 | Val Loss: 0.8944 | Acc (clean): 0.8553 | Acc (poison): 0.7770 | Val Acc: 0.7578 | Time: 00:00:12
Epoch 020 | Seed 42 | Rate 0.10 | Train Loss: 1.0288 | Val Loss: 0.9430 | Acc (clean): 0.8574 | Acc (poison): 0.7805 | Val Acc: 0.7359 | Time: 00:00:12
Epoch 021 | Seed 42 | Rate 0.10 | Train Loss: 1.0259 | Val Loss: 0.8036 | Acc (clean): 0.8574 | Acc (poison): 0.7812 | Val Acc: 0.7789 | Time: 00:00:13
Epoch 022 | Seed 42 | Rate 0.10 | Train Loss: 1.0048 | Val Loss: 1.0863 | Acc (clean): 0.8619 | Acc (poison): 0.7863 | Val Acc: 0.7059 | Time: 00:00:12
Epoch 023 | Seed 42 | Rate 0.10 | Train Loss: 0.9867 | Val Loss: 0.7864 | Acc (clean): 0.8672 | Acc (poison): 0.7899 | Val Acc: 0.7848 | Time: 00:00:13
Epoch 024 | Seed 42 | Rate 0.10 | Train Loss: 0.9688 | Val Loss: 0.8557 | Acc (clean): 0.8685 | Acc (poison): 0.7929 | Val Acc: 0.7726 | Time: 00:00:12
Epoch 025 | Seed 42 | Rate 0.10 | Train Loss: 0.9599 | Val Loss: 0.8187 | Acc (clean): 0.8738 | Acc (poison): 0.7983 | Val Acc: 0.7793 | Time: 00:00:12
Epoch 026 | Seed 42 | Rate 0.10 | Train Loss: 0.9430 | Val Loss: 0.8052 | Acc (clean): 0.8742 | Acc (poison): 0.7991 | Val Acc: 0.7870 | Time: 00:00:12
Epoch 027 | Seed 42 | Rate 0.10 | Train Loss: 0.9279 | Val Loss: 0.7515 | Acc (clean): 0.8761 | Acc (poison): 0.8013 | Val Acc: 0.8041 | Time: 00:00:13
Epoch 028 | Seed 42 | Rate 0.10 | Train Loss: 0.9148 | Val Loss: 1.2191 | Acc (clean): 0.8788 | Acc (poison): 0.8044 | Val Acc: 0.6881 | Time: 00:00:12
Epoch 029 | Seed 42 | Rate 0.10 | Train Loss: 0.8987 | Val Loss: 1.0410 | Acc (clean): 0.8811 | Acc (poison): 0.8065 | Val Acc: 0.7281 | Time: 00:00:12
Epoch 030 | Seed 42 | Rate 0.10 | Train Loss: 0.8909 | Val Loss: 1.1134 | Acc (clean): 0.8804 | Acc (poison): 0.8057 | Val Acc: 0.6974 | Time: 00:00:12
Epoch 031 | Seed 42 | Rate 0.10 | Train Loss: 0.8826 | Val Loss: 0.7425 | Acc (clean): 0.8823 | Acc (poison): 0.8105 | Val Acc: 0.8007 | Time: 00:00:13
Epoch 032 | Seed 42 | Rate 0.10 | Train Loss: 0.8730 | Val Loss: 1.0117 | Acc (clean): 0.8821 | Acc (poison): 0.8094 | Val Acc: 0.7207 | Time: 00:00:12
Epoch 033 | Seed 42 | Rate 0.10 | Train Loss: 0.8577 | Val Loss: 0.8505 | Acc (clean): 0.8839 | Acc (poison): 0.8125 | Val Acc: 0.7696 | Time: 00:00:13
Epoch 034 | Seed 42 | Rate 0.10 | Train Loss: 0.8300 | Val Loss: 0.7896 | Acc (clean): 0.8900 | Acc (poison): 0.8198 | Val Acc: 0.7885 | Time: 00:00:12
Epoch 035 | Seed 42 | Rate 0.10 | Train Loss: 0.8379 | Val Loss: 0.8612 | Acc (clean): 0.8861 | Acc (poison): 0.8167 | Val Acc: 0.7670 | Time: 00:00:12
Epoch 036 | Seed 42 | Rate 0.10 | Train Loss: 0.8239 | Val Loss: 1.0853 | Acc (clean): 0.8904 | Acc (poison): 0.8213 | Val Acc: 0.7244 | Time: 00:00:12
Epoch 037 | Seed 42 | Rate 0.10 | Train Loss: 0.8090 | Val Loss: 1.1614 | Acc (clean): 0.8884 | Acc (poison): 0.8200 | Val Acc: 0.6926 | Time: 00:00:12
Epoch 038 | Seed 42 | Rate 0.10 | Train Loss: 0.7971 | Val Loss: 0.8123 | Acc (clean): 0.8910 | Acc (poison): 0.8230 | Val Acc: 0.7844 | Time: 00:00:12
Epoch 039 | Seed 42 | Rate 0.10 | Train Loss: 0.7974 | Val Loss: 1.0227 | Acc (clean): 0.8861 | Acc (poison): 0.8200 | Val Acc: 0.7281 | Time: 00:00:12
Epoch 040 | Seed 42 | Rate 0.10 | Train Loss: 0.7863 | Val Loss: 0.8495 | Acc (clean): 0.8907 | Acc (poison): 0.8242 | Val Acc: 0.7781 | Time: 00:00:12
Epoch 041 | Seed 42 | Rate 0.10 | Train Loss: 0.7778 | Val Loss: 0.8535 | Acc (clean): 0.8910 | Acc (poison): 0.8260 | Val Acc: 0.7711 | Time: 00:00:12
Epoch 042 | Seed 42 | Rate 0.10 | Train Loss: 0.7504 | Val Loss: 0.7710 | Acc (clean): 0.8924 | Acc (poison): 0.8303 | Val Acc: 0.7959 | Time: 00:00:12
Epoch 043 | Seed 42 | Rate 0.10 | Train Loss: 0.7661 | Val Loss: 1.1065 | Acc (clean): 0.8854 | Acc (poison): 0.8235 | Val Acc: 0.7104 | Time: 00:00:12
Epoch 044 | Seed 42 | Rate 0.10 | Train Loss: 0.7367 | Val Loss: 1.0419 | Acc (clean): 0.8935 | Acc (poison): 0.8323 | Val Acc: 0.7278 | Time: 00:00:12
Epoch 045 | Seed 42 | Rate 0.10 | Train Loss: 0.7288 | Val Loss: 0.8651 | Acc (clean): 0.8918 | Acc (poison): 0.8337 | Val Acc: 0.7711 | Time: 00:00:12
Epoch 046 | Seed 42 | Rate 0.10 | Train Loss: 0.7205 | Val Loss: 0.8591 | Acc (clean): 0.8927 | Acc (poison): 0.8341 | Val Acc: 0.7781 | Time: 00:00:12
Epoch 047 | Seed 42 | Rate 0.10 | Train Loss: 0.7190 | Val Loss: 0.8828 | Acc (clean): 0.8868 | Acc (poison): 0.8300 | Val Acc: 0.7644 | Time: 00:00:12
Epoch 048 | Seed 42 | Rate 0.10 | Train Loss: 0.7162 | Val Loss: 0.8936 | Acc (clean): 0.8866 | Acc (poison): 0.8308 | Val Acc: 0.7637 | Time: 00:00:12
Epoch 049 | Seed 42 | Rate 0.10 | Train Loss: 0.7050 | Val Loss: 0.8396 | Acc (clean): 0.8870 | Acc (poison): 0.8333 | Val Acc: 0.7737 | Time: 00:00:12
Epoch 050 | Seed 42 | Rate 0.10 | Train Loss: 0.6836 | Val Loss: 1.0058 | Acc (clean): 0.8931 | Acc (poison): 0.8395 | Val Acc: 0.7348 | Time: 00:00:12
Epoch 051 | Seed 42 | Rate 0.10 | Train Loss: 0.4139 | Val Loss: 0.4812 | Acc (clean): 0.9343 | Acc (poison): 0.9023 | Val Acc: 0.8767 | Time: 00:00:13
Epoch 052 | Seed 42 | Rate 0.10 | Train Loss: 0.2874 | Val Loss: 0.4454 | Acc (clean): 0.9400 | Acc (poison): 0.9330 | Val Acc: 0.8852 | Time: 00:00:13
Epoch 053 | Seed 42 | Rate 0.10 | Train Loss: 0.2402 | Val Loss: 0.4553 | Acc (clean): 0.9356 | Acc (poison): 0.9439 | Val Acc: 0.8815 | Time: 00:00:12
Epoch 054 | Seed 42 | Rate 0.10 | Train Loss: 0.2075 | Val Loss: 0.4536 | Acc (clean): 0.9322 | Acc (poison): 0.9515 | Val Acc: 0.8841 | Time: 00:00:12
Epoch 055 | Seed 42 | Rate 0.10 | Train Loss: 0.1759 | Val Loss: 0.4513 | Acc (clean): 0.9264 | Acc (poison): 0.9605 | Val Acc: 0.8833 | Time: 00:00:12
Epoch 056 | Seed 42 | Rate 0.10 | Train Loss: 0.1603 | Val Loss: 0.4483 | Acc (clean): 0.9241 | Acc (poison): 0.9635 | Val Acc: 0.8822 | Time: 00:00:12
Epoch 057 | Seed 42 | Rate 0.10 | Train Loss: 0.1413 | Val Loss: 0.4659 | Acc (clean): 0.9200 | Acc (poison): 0.9686 | Val Acc: 0.8796 | Time: 00:00:12
Epoch 058 | Seed 42 | Rate 0.10 | Train Loss: 0.1248 | Val Loss: 0.4525 | Acc (clean): 0.9185 | Acc (poison): 0.9733 | Val Acc: 0.8778 | Time: 00:00:12
Epoch 059 | Seed 42 | Rate 0.10 | Train Loss: 0.1118 | Val Loss: 0.4636 | Acc (clean): 0.9157 | Acc (poison): 0.9756 | Val Acc: 0.8781 | Time: 00:00:12
Epoch 060 | Seed 42 | Rate 0.10 | Train Loss: 0.1016 | Val Loss: 0.4530 | Acc (clean): 0.9142 | Acc (poison): 0.9790 | Val Acc: 0.8763 | Time: 00:00:12
Epoch 061 | Seed 42 | Rate 0.10 | Train Loss: 0.0879 | Val Loss: 0.4693 | Acc (clean): 0.9111 | Acc (poison): 0.9829 | Val Acc: 0.8767 | Time: 00:00:12
Epoch 062 | Seed 42 | Rate 0.10 | Train Loss: 0.0826 | Val Loss: 0.4582 | Acc (clean): 0.9108 | Acc (poison): 0.9829 | Val Acc: 0.8744 | Time: 00:00:12
Epoch 063 | Seed 42 | Rate 0.10 | Train Loss: 0.0717 | Val Loss: 0.4600 | Acc (clean): 0.9078 | Acc (poison): 0.9869 | Val Acc: 0.8726 | Time: 00:00:12
Epoch 064 | Seed 42 | Rate 0.10 | Train Loss: 0.0641 | Val Loss: 0.4633 | Acc (clean): 0.9076 | Acc (poison): 0.9886 | Val Acc: 0.8763 | Time: 00:00:12
Epoch 065 | Seed 42 | Rate 0.10 | Train Loss: 0.0594 | Val Loss: 0.4568 | Acc (clean): 0.9070 | Acc (poison): 0.9895 | Val Acc: 0.8774 | Time: 00:00:12
Epoch 066 | Seed 42 | Rate 0.10 | Train Loss: 0.0539 | Val Loss: 0.4740 | Acc (clean): 0.9056 | Acc (poison): 0.9905 | Val Acc: 0.8748 | Time: 00:00:12
Epoch 067 | Seed 42 | Rate 0.10 | Train Loss: 0.0513 | Val Loss: 0.4556 | Acc (clean): 0.9056 | Acc (poison): 0.9914 | Val Acc: 0.8759 | Time: 00:00:12
Epoch 068 | Seed 42 | Rate 0.10 | Train Loss: 0.0477 | Val Loss: 0.4643 | Acc (clean): 0.9053 | Acc (poison): 0.9916 | Val Acc: 0.8793 | Time: 00:00:12
Epoch 069 | Seed 42 | Rate 0.10 | Train Loss: 0.0427 | Val Loss: 0.4620 | Acc (clean): 0.9036 | Acc (poison): 0.9926 | Val Acc: 0.8726 | Time: 00:00:12
Epoch 070 | Seed 42 | Rate 0.10 | Train Loss: 0.0410 | Val Loss: 0.4506 | Acc (clean): 0.9039 | Acc (poison): 0.9929 | Val Acc: 0.8800 | Time: 00:00:12
Epoch 071 | Seed 42 | Rate 0.10 | Train Loss: 0.0383 | Val Loss: 0.4432 | Acc (clean): 0.9033 | Acc (poison): 0.9940 | Val Acc: 0.8859 | Time: 00:00:13
Epoch 072 | Seed 42 | Rate 0.10 | Train Loss: 0.0364 | Val Loss: 0.4327 | Acc (clean): 0.9022 | Acc (poison): 0.9945 | Val Acc: 0.8822 | Time: 00:00:13
Epoch 073 | Seed 42 | Rate 0.10 | Train Loss: 0.0339 | Val Loss: 0.4575 | Acc (clean): 0.9028 | Acc (poison): 0.9947 | Val Acc: 0.8744 | Time: 00:00:12
Epoch 074 | Seed 42 | Rate 0.10 | Train Loss: 0.0311 | Val Loss: 0.4534 | Acc (clean): 0.9022 | Acc (poison): 0.9951 | Val Acc: 0.8752 | Time: 00:00:12
Epoch 075 | Seed 42 | Rate 0.10 | Train Loss: 0.0282 | Val Loss: 0.4612 | Acc (clean): 0.9022 | Acc (poison): 0.9963 | Val Acc: 0.8741 | Time: 00:00:12
Epoch 076 | Seed 42 | Rate 0.10 | Train Loss: 0.0242 | Val Loss: 0.4398 | Acc (clean): 0.9013 | Acc (poison): 0.9974 | Val Acc: 0.8796 | Time: 00:00:12
Epoch 077 | Seed 42 | Rate 0.10 | Train Loss: 0.0214 | Val Loss: 0.4317 | Acc (clean): 0.9012 | Acc (poison): 0.9978 | Val Acc: 0.8833 | Time: 00:00:13
Epoch 078 | Seed 42 | Rate 0.10 | Train Loss: 0.0205 | Val Loss: 0.4285 | Acc (clean): 0.9011 | Acc (poison): 0.9978 | Val Acc: 0.8859 | Time: 00:00:13
Epoch 079 | Seed 42 | Rate 0.10 | Train Loss: 0.0206 | Val Loss: 0.4295 | Acc (clean): 0.9012 | Acc (poison): 0.9980 | Val Acc: 0.8863 | Time: 00:00:12
Epoch 080 | Seed 42 | Rate 0.10 | Train Loss: 0.0201 | Val Loss: 0.4232 | Acc (clean): 0.9011 | Acc (poison): 0.9982 | Val Acc: 0.8859 | Time: 00:00:13
Epoch 081 | Seed 42 | Rate 0.10 | Train Loss: 0.0198 | Val Loss: 0.4301 | Acc (clean): 0.9007 | Acc (poison): 0.9984 | Val Acc: 0.8859 | Time: 00:00:12
Epoch 082 | Seed 42 | Rate 0.10 | Train Loss: 0.0196 | Val Loss: 0.4249 | Acc (clean): 0.9012 | Acc (poison): 0.9978 | Val Acc: 0.8867 | Time: 00:00:12
Epoch 083 | Seed 42 | Rate 0.10 | Train Loss: 0.0183 | Val Loss: 0.4229 | Acc (clean): 0.9008 | Acc (poison): 0.9984 | Val Acc: 0.8896 | Time: 00:00:13
Epoch 084 | Seed 42 | Rate 0.10 | Train Loss: 0.0186 | Val Loss: 0.4251 | Acc (clean): 0.9011 | Acc (poison): 0.9983 | Val Acc: 0.8863 | Time: 00:00:12
Epoch 085 | Seed 42 | Rate 0.10 | Train Loss: 0.0188 | Val Loss: 0.4300 | Acc (clean): 0.9007 | Acc (poison): 0.9985 | Val Acc: 0.8852 | Time: 00:00:12
Epoch 086 | Seed 42 | Rate 0.10 | Train Loss: 0.0179 | Val Loss: 0.4221 | Acc (clean): 0.9004 | Acc (poison): 0.9986 | Val Acc: 0.8859 | Time: 00:00:13
Epoch 087 | Seed 42 | Rate 0.10 | Train Loss: 0.0183 | Val Loss: 0.4235 | Acc (clean): 0.9009 | Acc (poison): 0.9985 | Val Acc: 0.8874 | Time: 00:00:12
Epoch 088 | Seed 42 | Rate 0.10 | Train Loss: 0.0182 | Val Loss: 0.4299 | Acc (clean): 0.9009 | Acc (poison): 0.9985 | Val Acc: 0.8830 | Time: 00:00:12
Epoch 089 | Seed 42 | Rate 0.10 | Train Loss: 0.0179 | Val Loss: 0.4216 | Acc (clean): 0.9006 | Acc (poison): 0.9988 | Val Acc: 0.8859 | Time: 00:00:13
Epoch 090 | Seed 42 | Rate 0.10 | Train Loss: 0.0177 | Val Loss: 0.4299 | Acc (clean): 0.9005 | Acc (poison): 0.9988 | Val Acc: 0.8844 | Time: 00:00:12
Epoch 091 | Seed 42 | Rate 0.10 | Train Loss: 0.0177 | Val Loss: 0.4272 | Acc (clean): 0.9007 | Acc (poison): 0.9987 | Val Acc: 0.8863 | Time: 00:00:12
Epoch 092 | Seed 42 | Rate 0.10 | Train Loss: 0.0178 | Val Loss: 0.4240 | Acc (clean): 0.9008 | Acc (poison): 0.9985 | Val Acc: 0.8870 | Time: 00:00:12
Epoch 093 | Seed 42 | Rate 0.10 | Train Loss: 0.0175 | Val Loss: 0.4292 | Acc (clean): 0.9008 | Acc (poison): 0.9988 | Val Acc: 0.8863 | Time: 00:00:12
Epoch 094 | Seed 42 | Rate 0.10 | Train Loss: 0.0167 | Val Loss: 0.4238 | Acc (clean): 0.9007 | Acc (poison): 0.9988 | Val Acc: 0.8848 | Time: 00:00:12
Epoch 095 | Seed 42 | Rate 0.10 | Train Loss: 0.0167 | Val Loss: 0.4242 | Acc (clean): 0.9009 | Acc (poison): 0.9990 | Val Acc: 0.8837 | Time: 00:00:12
Epoch 096 | Seed 42 | Rate 0.10 | Train Loss: 0.0164 | Val Loss: 0.4328 | Acc (clean): 0.9001 | Acc (poison): 0.9991 | Val Acc: 0.8822 | Time: 00:00:12
Epoch 097 | Seed 42 | Rate 0.10 | Train Loss: 0.0167 | Val Loss: 0.4250 | Acc (clean): 0.9005 | Acc (poison): 0.9988 | Val Acc: 0.8859 | Time: 00:00:12
Epoch 098 | Seed 42 | Rate 0.10 | Train Loss: 0.0162 | Val Loss: 0.4245 | Acc (clean): 0.9005 | Acc (poison): 0.9992 | Val Acc: 0.8859 | Time: 00:00:12
Epoch 099 | Seed 42 | Rate 0.10 | Train Loss: 0.0164 | Val Loss: 0.4220 | Acc (clean): 0.9005 | Acc (poison): 0.9989 | Val Acc: 0.8856 | Time: 00:00:12
Epoch 100 | Seed 42 | Rate 0.10 | Train Loss: 0.0168 | Val Loss: 0.4235 | Acc (clean): 0.9010 | Acc (poison): 0.9987 | Val Acc: 0.8893 | Time: 00:00:12

=== defense=none attack=RQ1 seed=42 rate=0.2 ===
Loading train data from /home/yazanme/BachelorThesis/BachelorThesis/data/processed/resisc45/train.h5 with mapping /home/yazanme/BachelorThesis/BachelorThesis/data/processed/resisc45/poisoned/RQ1/seed_42/labels_0.20.pt... (in_memory=True, workers=4)
Testing torch.compile support...
Successfully compiled model using torch.compile.
Epoch 001 | Seed 42 | Rate 0.20 | Train Loss: 3.2709 | Val Loss: 2.6534 | Acc (clean): 0.2328 | Acc (poison): 0.1900 | Val Acc: 0.2626 | Time: 00:00:15
Epoch 002 | Seed 42 | Rate 0.20 | Train Loss: 2.7514 | Val Loss: 2.4784 | Acc (clean): 0.3974 | Acc (poison): 0.3206 | Val Acc: 0.3174 | Time: 00:00:13
Epoch 003 | Seed 42 | Rate 0.20 | Train Loss: 2.5266 | Val Loss: 2.0680 | Acc (clean): 0.4807 | Acc (poison): 0.3895 | Val Acc: 0.4222 | Time: 00:00:13
Epoch 004 | Seed 42 | Rate 0.20 | Train Loss: 2.3811 | Val Loss: 2.0397 | Acc (clean): 0.5460 | Acc (poison): 0.4418 | Val Acc: 0.4285 | Time: 00:00:13
Epoch 005 | Seed 42 | Rate 0.20 | Train Loss: 2.2794 | Val Loss: 1.7190 | Acc (clean): 0.5834 | Acc (poison): 0.4702 | Val Acc: 0.5285 | Time: 00:00:13
Epoch 006 | Seed 42 | Rate 0.20 | Train Loss: 2.1928 | Val Loss: 1.5671 | Acc (clean): 0.6123 | Acc (poison): 0.4970 | Val Acc: 0.5819 | Time: 00:00:13
Epoch 007 | Seed 42 | Rate 0.20 | Train Loss: 2.1069 | Val Loss: 1.5811 | Acc (clean): 0.6524 | Acc (poison): 0.5288 | Val Acc: 0.5841 | Time: 00:00:12
Epoch 008 | Seed 42 | Rate 0.20 | Train Loss: 2.0289 | Val Loss: 1.6044 | Acc (clean): 0.6800 | Acc (poison): 0.5494 | Val Acc: 0.5889 | Time: 00:00:12
Epoch 009 | Seed 42 | Rate 0.20 | Train Loss: 1.9705 | Val Loss: 1.3902 | Acc (clean): 0.7007 | Acc (poison): 0.5653 | Val Acc: 0.6467 | Time: 00:00:13
Epoch 010 | Seed 42 | Rate 0.20 | Train Loss: 1.9107 | Val Loss: 1.3643 | Acc (clean): 0.7222 | Acc (poison): 0.5837 | Val Acc: 0.6515 | Time: 00:00:13
Epoch 011 | Seed 42 | Rate 0.20 | Train Loss: 1.8550 | Val Loss: 1.3375 | Acc (clean): 0.7423 | Acc (poison): 0.6010 | Val Acc: 0.6378 | Time: 00:00:12
Epoch 012 | Seed 42 | Rate 0.20 | Train Loss: 1.8082 | Val Loss: 1.1146 | Acc (clean): 0.7619 | Acc (poison): 0.6164 | Val Acc: 0.7348 | Time: 00:00:12
Epoch 013 | Seed 42 | Rate 0.20 | Train Loss: 1.7700 | Val Loss: 1.2529 | Acc (clean): 0.7737 | Acc (poison): 0.6284 | Val Acc: 0.6722 | Time: 00:00:12
Epoch 014 | Seed 42 | Rate 0.20 | Train Loss: 1.7315 | Val Loss: 1.1756 | Acc (clean): 0.7894 | Acc (poison): 0.6403 | Val Acc: 0.6974 | Time: 00:00:12
Epoch 015 | Seed 42 | Rate 0.20 | Train Loss: 1.6982 | Val Loss: 1.3929 | Acc (clean): 0.7953 | Acc (poison): 0.6456 | Val Acc: 0.6381 | Time: 00:00:12
Epoch 016 | Seed 42 | Rate 0.20 | Train Loss: 1.6695 | Val Loss: 1.0994 | Acc (clean): 0.8052 | Acc (poison): 0.6568 | Val Acc: 0.7274 | Time: 00:00:12
Epoch 017 | Seed 42 | Rate 0.20 | Train Loss: 1.6405 | Val Loss: 1.0775 | Acc (clean): 0.8149 | Acc (poison): 0.6628 | Val Acc: 0.7237 | Time: 00:00:13
Epoch 018 | Seed 42 | Rate 0.20 | Train Loss: 1.6240 | Val Loss: 1.1257 | Acc (clean): 0.8186 | Acc (poison): 0.6671 | Val Acc: 0.7119 | Time: 00:00:12
Epoch 019 | Seed 42 | Rate 0.20 | Train Loss: 1.6096 | Val Loss: 1.1967 | Acc (clean): 0.8228 | Acc (poison): 0.6716 | Val Acc: 0.6974 | Time: 00:00:12
Epoch 020 | Seed 42 | Rate 0.20 | Train Loss: 1.5779 | Val Loss: 1.2616 | Acc (clean): 0.8325 | Acc (poison): 0.6791 | Val Acc: 0.6863 | Time: 00:00:12
Epoch 021 | Seed 42 | Rate 0.20 | Train Loss: 1.5676 | Val Loss: 1.0740 | Acc (clean): 0.8314 | Acc (poison): 0.6788 | Val Acc: 0.7326 | Time: 00:00:15
Epoch 022 | Seed 42 | Rate 0.20 | Train Loss: 1.5540 | Val Loss: 1.2084 | Acc (clean): 0.8333 | Acc (poison): 0.6835 | Val Acc: 0.6937 | Time: 00:00:12
Epoch 023 | Seed 42 | Rate 0.20 | Train Loss: 1.5244 | Val Loss: 0.9519 | Acc (clean): 0.8414 | Acc (poison): 0.6889 | Val Acc: 0.7685 | Time: 00:00:13
Epoch 024 | Seed 42 | Rate 0.20 | Train Loss: 1.5054 | Val Loss: 1.1110 | Acc (clean): 0.8442 | Acc (poison): 0.6929 | Val Acc: 0.7370 | Time: 00:00:12
Epoch 025 | Seed 42 | Rate 0.20 | Train Loss: 1.4952 | Val Loss: 0.9756 | Acc (clean): 0.8449 | Acc (poison): 0.6946 | Val Acc: 0.7493 | Time: 00:00:12
Epoch 026 | Seed 42 | Rate 0.20 | Train Loss: 1.4828 | Val Loss: 1.1522 | Acc (clean): 0.8460 | Acc (poison): 0.6949 | Val Acc: 0.7037 | Time: 00:00:12
Epoch 027 | Seed 42 | Rate 0.20 | Train Loss: 1.4513 | Val Loss: 1.0176 | Acc (clean): 0.8512 | Acc (poison): 0.7014 | Val Acc: 0.7704 | Time: 00:00:12
Epoch 028 | Seed 42 | Rate 0.20 | Train Loss: 1.4496 | Val Loss: 1.0708 | Acc (clean): 0.8512 | Acc (poison): 0.7016 | Val Acc: 0.7541 | Time: 00:00:12
Epoch 029 | Seed 42 | Rate 0.20 | Train Loss: 1.4262 | Val Loss: 1.0036 | Acc (clean): 0.8522 | Acc (poison): 0.7048 | Val Acc: 0.7478 | Time: 00:00:12
Epoch 030 | Seed 42 | Rate 0.20 | Train Loss: 1.4077 | Val Loss: 1.1862 | Acc (clean): 0.8563 | Acc (poison): 0.7083 | Val Acc: 0.7052 | Time: 00:00:12
Epoch 031 | Seed 42 | Rate 0.20 | Train Loss: 1.4023 | Val Loss: 0.8570 | Acc (clean): 0.8516 | Acc (poison): 0.7076 | Val Acc: 0.7863 | Time: 00:00:13
Epoch 032 | Seed 42 | Rate 0.20 | Train Loss: 1.3850 | Val Loss: 1.1777 | Acc (clean): 0.8571 | Acc (poison): 0.7115 | Val Acc: 0.7170 | Time: 00:00:12
Epoch 033 | Seed 42 | Rate 0.20 | Train Loss: 1.3733 | Val Loss: 1.1560 | Acc (clean): 0.8516 | Acc (poison): 0.7097 | Val Acc: 0.7122 | Time: 00:00:12
Epoch 034 | Seed 42 | Rate 0.20 | Train Loss: 1.3465 | Val Loss: 0.9506 | Acc (clean): 0.8602 | Acc (poison): 0.7178 | Val Acc: 0.7563 | Time: 00:00:12
Epoch 035 | Seed 42 | Rate 0.20 | Train Loss: 1.3316 | Val Loss: 1.1451 | Acc (clean): 0.8637 | Acc (poison): 0.7194 | Val Acc: 0.7178 | Time: 00:00:12
Epoch 036 | Seed 42 | Rate 0.20 | Train Loss: 1.3091 | Val Loss: 1.2745 | Acc (clean): 0.8597 | Acc (poison): 0.7228 | Val Acc: 0.6774 | Time: 00:00:12
Epoch 037 | Seed 42 | Rate 0.20 | Train Loss: 1.2995 | Val Loss: 0.9985 | Acc (clean): 0.8607 | Acc (poison): 0.7215 | Val Acc: 0.7489 | Time: 00:00:12
Epoch 038 | Seed 42 | Rate 0.20 | Train Loss: 1.2837 | Val Loss: 0.9659 | Acc (clean): 0.8554 | Acc (poison): 0.7228 | Val Acc: 0.7648 | Time: 00:00:12
Epoch 039 | Seed 42 | Rate 0.20 | Train Loss: 1.2666 | Val Loss: 1.1374 | Acc (clean): 0.8578 | Acc (poison): 0.7257 | Val Acc: 0.7326 | Time: 00:00:12
Epoch 040 | Seed 42 | Rate 0.20 | Train Loss: 1.2564 | Val Loss: 0.9782 | Acc (clean): 0.8547 | Acc (poison): 0.7244 | Val Acc: 0.7693 | Time: 00:00:12
Epoch 041 | Seed 42 | Rate 0.20 | Train Loss: 1.2316 | Val Loss: 1.1314 | Acc (clean): 0.8579 | Acc (poison): 0.7293 | Val Acc: 0.7215 | Time: 00:00:12
Epoch 042 | Seed 42 | Rate 0.20 | Train Loss: 1.2211 | Val Loss: 0.9509 | Acc (clean): 0.8510 | Acc (poison): 0.7266 | Val Acc: 0.7748 | Time: 00:00:13
Epoch 043 | Seed 42 | Rate 0.20 | Train Loss: 1.2136 | Val Loss: 1.1365 | Acc (clean): 0.8538 | Acc (poison): 0.7322 | Val Acc: 0.7081 | Time: 00:00:12
Epoch 044 | Seed 42 | Rate 0.20 | Train Loss: 1.1806 | Val Loss: 1.2165 | Acc (clean): 0.8576 | Acc (poison): 0.7383 | Val Acc: 0.6941 | Time: 00:00:12
Epoch 045 | Seed 42 | Rate 0.20 | Train Loss: 1.1740 | Val Loss: 1.1853 | Acc (clean): 0.8521 | Acc (poison): 0.7357 | Val Acc: 0.7207 | Time: 00:00:12
Epoch 046 | Seed 42 | Rate 0.20 | Train Loss: 1.1562 | Val Loss: 1.2829 | Acc (clean): 0.8531 | Acc (poison): 0.7408 | Val Acc: 0.6800 | Time: 00:00:12
Epoch 047 | Seed 42 | Rate 0.20 | Train Loss: 1.1556 | Val Loss: 1.1479 | Acc (clean): 0.8486 | Acc (poison): 0.7371 | Val Acc: 0.7107 | Time: 00:00:12
Epoch 048 | Seed 42 | Rate 0.20 | Train Loss: 1.1327 | Val Loss: 1.1227 | Acc (clean): 0.8494 | Acc (poison): 0.7415 | Val Acc: 0.7200 | Time: 00:00:12
Epoch 049 | Seed 42 | Rate 0.20 | Train Loss: 1.1114 | Val Loss: 1.0460 | Acc (clean): 0.8496 | Acc (poison): 0.7438 | Val Acc: 0.7400 | Time: 00:00:12
Epoch 050 | Seed 42 | Rate 0.20 | Train Loss: 1.0985 | Val Loss: 1.0777 | Acc (clean): 0.8493 | Acc (poison): 0.7488 | Val Acc: 0.7367 | Time: 00:00:12
Epoch 051 | Seed 42 | Rate 0.20 | Train Loss: 0.7048 | Val Loss: 0.6796 | Acc (clean): 0.8935 | Acc (poison): 0.8310 | Val Acc: 0.8456 | Time: 00:00:13
Epoch 052 | Seed 42 | Rate 0.20 | Train Loss: 0.5251 | Val Loss: 0.6706 | Acc (clean): 0.8851 | Acc (poison): 0.8755 | Val Acc: 0.8463 | Time: 00:00:13
Epoch 053 | Seed 42 | Rate 0.20 | Train Loss: 0.4506 | Val Loss: 0.6853 | Acc (clean): 0.8756 | Acc (poison): 0.8926 | Val Acc: 0.8367 | Time: 00:00:12
Epoch 054 | Seed 42 | Rate 0.20 | Train Loss: 0.3889 | Val Loss: 0.7086 | Acc (clean): 0.8647 | Acc (poison): 0.9067 | Val Acc: 0.8270 | Time: 00:00:12
Epoch 055 | Seed 42 | Rate 0.20 | Train Loss: 0.3359 | Val Loss: 0.6950 | Acc (clean): 0.8558 | Acc (poison): 0.9196 | Val Acc: 0.8322 | Time: 00:00:12
Epoch 056 | Seed 42 | Rate 0.20 | Train Loss: 0.2972 | Val Loss: 0.7221 | Acc (clean): 0.8482 | Acc (poison): 0.9303 | Val Acc: 0.8270 | Time: 00:00:12
Epoch 057 | Seed 42 | Rate 0.20 | Train Loss: 0.2591 | Val Loss: 0.7360 | Acc (clean): 0.8412 | Acc (poison): 0.9403 | Val Acc: 0.8126 | Time: 00:00:12
Epoch 058 | Seed 42 | Rate 0.20 | Train Loss: 0.2296 | Val Loss: 0.7096 | Acc (clean): 0.8345 | Acc (poison): 0.9477 | Val Acc: 0.8256 | Time: 00:00:12
Epoch 059 | Seed 42 | Rate 0.20 | Train Loss: 0.2016 | Val Loss: 0.7396 | Acc (clean): 0.8293 | Acc (poison): 0.9556 | Val Acc: 0.8163 | Time: 00:00:12
Epoch 060 | Seed 42 | Rate 0.20 | Train Loss: 0.1794 | Val Loss: 0.7195 | Acc (clean): 0.8251 | Acc (poison): 0.9609 | Val Acc: 0.8230 | Time: 00:00:12
Epoch 061 | Seed 42 | Rate 0.20 | Train Loss: 0.1576 | Val Loss: 0.7387 | Acc (clean): 0.8222 | Acc (poison): 0.9662 | Val Acc: 0.8174 | Time: 00:00:12
Epoch 062 | Seed 42 | Rate 0.20 | Train Loss: 0.1414 | Val Loss: 0.7250 | Acc (clean): 0.8180 | Acc (poison): 0.9709 | Val Acc: 0.8211 | Time: 00:00:12
Epoch 063 | Seed 42 | Rate 0.20 | Train Loss: 0.1234 | Val Loss: 0.7279 | Acc (clean): 0.8157 | Acc (poison): 0.9760 | Val Acc: 0.8159 | Time: 00:00:12
Epoch 064 | Seed 42 | Rate 0.20 | Train Loss: 0.1138 | Val Loss: 0.7375 | Acc (clean): 0.8130 | Acc (poison): 0.9783 | Val Acc: 0.8119 | Time: 00:00:12
Epoch 065 | Seed 42 | Rate 0.20 | Train Loss: 0.1030 | Val Loss: 0.7475 | Acc (clean): 0.8126 | Acc (poison): 0.9789 | Val Acc: 0.8148 | Time: 00:00:12
Epoch 066 | Seed 42 | Rate 0.20 | Train Loss: 0.0980 | Val Loss: 0.7519 | Acc (clean): 0.8116 | Acc (poison): 0.9805 | Val Acc: 0.8093 | Time: 00:00:12
Epoch 067 | Seed 42 | Rate 0.20 | Train Loss: 0.0904 | Val Loss: 0.7379 | Acc (clean): 0.8100 | Acc (poison): 0.9826 | Val Acc: 0.8137 | Time: 00:00:12
Epoch 068 | Seed 42 | Rate 0.20 | Train Loss: 0.0802 | Val Loss: 0.7506 | Acc (clean): 0.8088 | Acc (poison): 0.9847 | Val Acc: 0.8137 | Time: 00:00:12
Epoch 069 | Seed 42 | Rate 0.20 | Train Loss: 0.0750 | Val Loss: 0.7443 | Acc (clean): 0.8075 | Acc (poison): 0.9863 | Val Acc: 0.8119 | Time: 00:00:12
Epoch 070 | Seed 42 | Rate 0.20 | Train Loss: 0.0692 | Val Loss: 0.7476 | Acc (clean): 0.8072 | Acc (poison): 0.9876 | Val Acc: 0.8089 | Time: 00:00:12
Epoch 071 | Seed 42 | Rate 0.20 | Train Loss: 0.0670 | Val Loss: 0.7621 | Acc (clean): 0.8066 | Acc (poison): 0.9876 | Val Acc: 0.8041 | Time: 00:00:12
Epoch 072 | Seed 42 | Rate 0.20 | Train Loss: 0.0627 | Val Loss: 0.7436 | Acc (clean): 0.8053 | Acc (poison): 0.9887 | Val Acc: 0.8148 | Time: 00:00:12
Epoch 073 | Seed 42 | Rate 0.20 | Train Loss: 0.0576 | Val Loss: 0.7685 | Acc (clean): 0.8051 | Acc (poison): 0.9890 | Val Acc: 0.8059 | Time: 00:00:12
Epoch 074 | Seed 42 | Rate 0.20 | Train Loss: 0.0533 | Val Loss: 0.7649 | Acc (clean): 0.8044 | Acc (poison): 0.9899 | Val Acc: 0.8011 | Time: 00:00:12
Epoch 075 | Seed 42 | Rate 0.20 | Train Loss: 0.0516 | Val Loss: 0.7306 | Acc (clean): 0.8050 | Acc (poison): 0.9902 | Val Acc: 0.8156 | Time: 00:00:12
Epoch 076 | Seed 42 | Rate 0.20 | Train Loss: 0.0400 | Val Loss: 0.7025 | Acc (clean): 0.8030 | Acc (poison): 0.9940 | Val Acc: 0.8252 | Time: 00:00:12
Epoch 077 | Seed 42 | Rate 0.20 | Train Loss: 0.0338 | Val Loss: 0.6998 | Acc (clean): 0.8028 | Acc (poison): 0.9951 | Val Acc: 0.8256 | Time: 00:00:12
Epoch 078 | Seed 42 | Rate 0.20 | Train Loss: 0.0303 | Val Loss: 0.6973 | Acc (clean): 0.8028 | Acc (poison): 0.9958 | Val Acc: 0.8241 | Time: 00:00:12
Epoch 079 | Seed 42 | Rate 0.20 | Train Loss: 0.0300 | Val Loss: 0.7014 | Acc (clean): 0.8022 | Acc (poison): 0.9960 | Val Acc: 0.8222 | Time: 00:00:12
Epoch 080 | Seed 42 | Rate 0.20 | Train Loss: 0.0283 | Val Loss: 0.6925 | Acc (clean): 0.8027 | Acc (poison): 0.9962 | Val Acc: 0.8248 | Time: 00:00:12
Epoch 081 | Seed 42 | Rate 0.20 | Train Loss: 0.0274 | Val Loss: 0.6978 | Acc (clean): 0.8017 | Acc (poison): 0.9965 | Val Acc: 0.8230 | Time: 00:00:12
Epoch 082 | Seed 42 | Rate 0.20 | Train Loss: 0.0276 | Val Loss: 0.6927 | Acc (clean): 0.8021 | Acc (poison): 0.9964 | Val Acc: 0.8263 | Time: 00:00:12
Epoch 083 | Seed 42 | Rate 0.20 | Train Loss: 0.0266 | Val Loss: 0.6898 | Acc (clean): 0.8019 | Acc (poison): 0.9968 | Val Acc: 0.8237 | Time: 00:00:12
Epoch 084 | Seed 42 | Rate 0.20 | Train Loss: 0.0257 | Val Loss: 0.6902 | Acc (clean): 0.8016 | Acc (poison): 0.9969 | Val Acc: 0.8263 | Time: 00:00:12
Epoch 085 | Seed 42 | Rate 0.20 | Train Loss: 0.0260 | Val Loss: 0.6929 | Acc (clean): 0.8021 | Acc (poison): 0.9968 | Val Acc: 0.8263 | Time: 00:00:13
Epoch 086 | Seed 42 | Rate 0.20 | Train Loss: 0.0258 | Val Loss: 0.6893 | Acc (clean): 0.8020 | Acc (poison): 0.9970 | Val Acc: 0.8285 | Time: 00:00:12
Epoch 087 | Seed 42 | Rate 0.20 | Train Loss: 0.0260 | Val Loss: 0.6916 | Acc (clean): 0.8021 | Acc (poison): 0.9963 | Val Acc: 0.8304 | Time: 00:00:12
Epoch 088 | Seed 42 | Rate 0.20 | Train Loss: 0.0245 | Val Loss: 0.6938 | Acc (clean): 0.8013 | Acc (poison): 0.9974 | Val Acc: 0.8267 | Time: 00:00:12
Epoch 089 | Seed 42 | Rate 0.20 | Train Loss: 0.0249 | Val Loss: 0.6831 | Acc (clean): 0.8019 | Acc (poison): 0.9971 | Val Acc: 0.8267 | Time: 00:00:12
Epoch 090 | Seed 42 | Rate 0.20 | Train Loss: 0.0237 | Val Loss: 0.6878 | Acc (clean): 0.8020 | Acc (poison): 0.9972 | Val Acc: 0.8256 | Time: 00:00:12
Epoch 091 | Seed 42 | Rate 0.20 | Train Loss: 0.0250 | Val Loss: 0.6890 | Acc (clean): 0.8016 | Acc (poison): 0.9971 | Val Acc: 0.8263 | Time: 00:00:12
Epoch 092 | Seed 42 | Rate 0.20 | Train Loss: 0.0237 | Val Loss: 0.6837 | Acc (clean): 0.8016 | Acc (poison): 0.9972 | Val Acc: 0.8281 | Time: 00:00:12
Epoch 093 | Seed 42 | Rate 0.20 | Train Loss: 0.0227 | Val Loss: 0.6914 | Acc (clean): 0.8012 | Acc (poison): 0.9981 | Val Acc: 0.8278 | Time: 00:00:12
Epoch 094 | Seed 42 | Rate 0.20 | Train Loss: 0.0231 | Val Loss: 0.6809 | Acc (clean): 0.8014 | Acc (poison): 0.9974 | Val Acc: 0.8293 | Time: 00:00:12
Epoch 095 | Seed 42 | Rate 0.20 | Train Loss: 0.0222 | Val Loss: 0.6825 | Acc (clean): 0.8009 | Acc (poison): 0.9979 | Val Acc: 0.8285 | Time: 00:00:12
Epoch 096 | Seed 42 | Rate 0.20 | Train Loss: 0.0227 | Val Loss: 0.6917 | Acc (clean): 0.8009 | Acc (poison): 0.9976 | Val Acc: 0.8293 | Time: 00:00:13
Epoch 097 | Seed 42 | Rate 0.20 | Train Loss: 0.0234 | Val Loss: 0.6822 | Acc (clean): 0.8016 | Acc (poison): 0.9975 | Val Acc: 0.8311 | Time: 00:00:12
Epoch 098 | Seed 42 | Rate 0.20 | Train Loss: 0.0225 | Val Loss: 0.6816 | Acc (clean): 0.8012 | Acc (poison): 0.9979 | Val Acc: 0.8304 | Time: 00:00:12
Epoch 099 | Seed 42 | Rate 0.20 | Train Loss: 0.0215 | Val Loss: 0.6823 | Acc (clean): 0.8013 | Acc (poison): 0.9979 | Val Acc: 0.8304 | Time: 00:00:13
Epoch 100 | Seed 42 | Rate 0.20 | Train Loss: 0.0214 | Val Loss: 0.6837 | Acc (clean): 0.8013 | Acc (poison): 0.9980 | Val Acc: 0.8311 | Time: 00:00:12

=== defense=none attack=RQ2 seed=42 rate=0.01 ===
Loading train data from /home/yazanme/BachelorThesis/BachelorThesis/data/processed/resisc45/train.h5 with mapping /home/yazanme/BachelorThesis/BachelorThesis/data/processed/resisc45/poisoned/RQ2/seed_42/labels_0.01.pt... (in_memory=True, workers=4)
Testing torch.compile support...
Successfully compiled model using torch.compile.
Epoch 001 | Seed 42 | Rate 0.01 | Train Loss: 2.6218 | Val Loss: 2.1372 | Acc (clean): 0.2890 | Acc (poison): 0.2879 | Val Acc: 0.3811 | Time: 00:00:13
Epoch 002 | Seed 42 | Rate 0.01 | Train Loss: 1.7961 | Val Loss: 1.9447 | Acc (clean): 0.4786 | Acc (poison): 0.4757 | Val Acc: 0.4519 | Time: 00:00:13
Epoch 003 | Seed 42 | Rate 0.01 | Train Loss: 1.4889 | Val Loss: 1.6263 | Acc (clean): 0.5636 | Acc (poison): 0.5599 | Val Acc: 0.5241 | Time: 00:00:13
Epoch 004 | Seed 42 | Rate 0.01 | Train Loss: 1.2803 | Val Loss: 2.5924 | Acc (clean): 0.6212 | Acc (poison): 0.6161 | Val Acc: 0.3833 | Time: 00:00:12
Epoch 005 | Seed 42 | Rate 0.01 | Train Loss: 1.1201 | Val Loss: 1.3771 | Acc (clean): 0.6670 | Acc (poison): 0.6621 | Val Acc: 0.5952 | Time: 00:00:12
Epoch 006 | Seed 42 | Rate 0.01 | Train Loss: 0.9848 | Val Loss: 1.1134 | Acc (clean): 0.7036 | Acc (poison): 0.6981 | Val Acc: 0.6622 | Time: 00:00:12
Epoch 007 | Seed 42 | Rate 0.01 | Train Loss: 0.8502 | Val Loss: 1.0838 | Acc (clean): 0.7481 | Acc (poison): 0.7421 | Val Acc: 0.6704 | Time: 00:00:12
Epoch 008 | Seed 42 | Rate 0.01 | Train Loss: 0.7437 | Val Loss: 1.3689 | Acc (clean): 0.7763 | Acc (poison): 0.7701 | Val Acc: 0.6107 | Time: 00:00:11
Epoch 009 | Seed 42 | Rate 0.01 | Train Loss: 0.6712 | Val Loss: 0.8771 | Acc (clean): 0.7985 | Acc (poison): 0.7927 | Val Acc: 0.7400 | Time: 00:00:12
Epoch 010 | Seed 42 | Rate 0.01 | Train Loss: 0.6055 | Val Loss: 1.1568 | Acc (clean): 0.8196 | Acc (poison): 0.8126 | Val Acc: 0.6470 | Time: 00:00:11
Epoch 011 | Seed 42 | Rate 0.01 | Train Loss: 0.5690 | Val Loss: 0.8735 | Acc (clean): 0.8319 | Acc (poison): 0.8246 | Val Acc: 0.7352 | Time: 00:00:12
Epoch 012 | Seed 42 | Rate 0.01 | Train Loss: 0.5231 | Val Loss: 0.7225 | Acc (clean): 0.8442 | Acc (poison): 0.8375 | Val Acc: 0.7830 | Time: 00:00:12
Epoch 013 | Seed 42 | Rate 0.01 | Train Loss: 0.4955 | Val Loss: 0.9026 | Acc (clean): 0.8546 | Acc (poison): 0.8481 | Val Acc: 0.7259 | Time: 00:00:12
Epoch 014 | Seed 42 | Rate 0.01 | Train Loss: 0.4796 | Val Loss: 0.6851 | Acc (clean): 0.8558 | Acc (poison): 0.8496 | Val Acc: 0.7956 | Time: 00:00:12
Epoch 015 | Seed 42 | Rate 0.01 | Train Loss: 0.4641 | Val Loss: 0.9599 | Acc (clean): 0.8629 | Acc (poison): 0.8564 | Val Acc: 0.7119 | Time: 00:00:11
Epoch 016 | Seed 42 | Rate 0.01 | Train Loss: 0.4447 | Val Loss: 0.6067 | Acc (clean): 0.8674 | Acc (poison): 0.8609 | Val Acc: 0.8074 | Time: 00:00:12
Epoch 017 | Seed 42 | Rate 0.01 | Train Loss: 0.4199 | Val Loss: 0.6476 | Acc (clean): 0.8758 | Acc (poison): 0.8694 | Val Acc: 0.7948 | Time: 00:00:11
Epoch 018 | Seed 42 | Rate 0.01 | Train Loss: 0.4069 | Val Loss: 0.8549 | Acc (clean): 0.8792 | Acc (poison): 0.8726 | Val Acc: 0.7504 | Time: 00:00:12
Epoch 019 | Seed 42 | Rate 0.01 | Train Loss: 0.3957 | Val Loss: 0.6162 | Acc (clean): 0.8834 | Acc (poison): 0.8768 | Val Acc: 0.8148 | Time: 00:00:11
Epoch 020 | Seed 42 | Rate 0.01 | Train Loss: 0.3762 | Val Loss: 0.9503 | Acc (clean): 0.8912 | Acc (poison): 0.8851 | Val Acc: 0.7407 | Time: 00:00:12
Epoch 021 | Seed 42 | Rate 0.01 | Train Loss: 0.3890 | Val Loss: 0.6802 | Acc (clean): 0.8863 | Acc (poison): 0.8800 | Val Acc: 0.7870 | Time: 00:00:12
Epoch 022 | Seed 42 | Rate 0.01 | Train Loss: 0.3776 | Val Loss: 0.7492 | Acc (clean): 0.8881 | Acc (poison): 0.8821 | Val Acc: 0.7878 | Time: 00:00:12
Epoch 023 | Seed 42 | Rate 0.01 | Train Loss: 0.3608 | Val Loss: 0.6446 | Acc (clean): 0.8926 | Acc (poison): 0.8860 | Val Acc: 0.8044 | Time: 00:00:12
Epoch 024 | Seed 42 | Rate 0.01 | Train Loss: 0.3568 | Val Loss: 0.5689 | Acc (clean): 0.8972 | Acc (poison): 0.8907 | Val Acc: 0.8196 | Time: 00:00:16
Epoch 025 | Seed 42 | Rate 0.01 | Train Loss: 0.3578 | Val Loss: 0.7010 | Acc (clean): 0.8941 | Acc (poison): 0.8877 | Val Acc: 0.7904 | Time: 00:00:12
Epoch 026 | Seed 42 | Rate 0.01 | Train Loss: 0.3409 | Val Loss: 0.6335 | Acc (clean): 0.8988 | Acc (poison): 0.8934 | Val Acc: 0.8089 | Time: 00:00:12
Epoch 027 | Seed 42 | Rate 0.01 | Train Loss: 0.3369 | Val Loss: 0.6496 | Acc (clean): 0.9035 | Acc (poison): 0.8976 | Val Acc: 0.7993 | Time: 00:00:12
Epoch 028 | Seed 42 | Rate 0.01 | Train Loss: 0.3437 | Val Loss: 0.6524 | Acc (clean): 0.8994 | Acc (poison): 0.8937 | Val Acc: 0.8056 | Time: 00:00:12
Epoch 029 | Seed 42 | Rate 0.01 | Train Loss: 0.3193 | Val Loss: 0.6936 | Acc (clean): 0.9065 | Acc (poison): 0.9010 | Val Acc: 0.7996 | Time: 00:00:12
Epoch 030 | Seed 42 | Rate 0.01 | Train Loss: 0.3360 | Val Loss: 0.7437 | Acc (clean): 0.9026 | Acc (poison): 0.8962 | Val Acc: 0.7885 | Time: 00:00:12
Epoch 031 | Seed 42 | Rate 0.01 | Train Loss: 0.3200 | Val Loss: 0.7280 | Acc (clean): 0.9047 | Acc (poison): 0.8994 | Val Acc: 0.7889 | Time: 00:00:12
Epoch 032 | Seed 42 | Rate 0.01 | Train Loss: 0.3187 | Val Loss: 0.6665 | Acc (clean): 0.9057 | Acc (poison): 0.9000 | Val Acc: 0.7989 | Time: 00:00:12
Epoch 033 | Seed 42 | Rate 0.01 | Train Loss: 0.3039 | Val Loss: 0.6202 | Acc (clean): 0.9110 | Acc (poison): 0.9057 | Val Acc: 0.8081 | Time: 00:00:12
Epoch 034 | Seed 42 | Rate 0.01 | Train Loss: 0.3152 | Val Loss: 0.8289 | Acc (clean): 0.9081 | Acc (poison): 0.9028 | Val Acc: 0.7526 | Time: 00:00:12
Epoch 035 | Seed 42 | Rate 0.01 | Train Loss: 0.3050 | Val Loss: 0.7186 | Acc (clean): 0.9112 | Acc (poison): 0.9051 | Val Acc: 0.7937 | Time: 00:00:12
Epoch 036 | Seed 42 | Rate 0.01 | Train Loss: 0.3065 | Val Loss: 0.7989 | Acc (clean): 0.9097 | Acc (poison): 0.9042 | Val Acc: 0.7674 | Time: 00:00:12
Epoch 037 | Seed 42 | Rate 0.01 | Train Loss: 0.2986 | Val Loss: 0.9223 | Acc (clean): 0.9118 | Acc (poison): 0.9063 | Val Acc: 0.7467 | Time: 00:00:12
Epoch 038 | Seed 42 | Rate 0.01 | Train Loss: 0.3031 | Val Loss: 0.6582 | Acc (clean): 0.9118 | Acc (poison): 0.9061 | Val Acc: 0.8233 | Time: 00:00:12
Epoch 039 | Seed 42 | Rate 0.01 | Train Loss: 0.2819 | Val Loss: 0.8893 | Acc (clean): 0.9181 | Acc (poison): 0.9127 | Val Acc: 0.7556 | Time: 00:00:12
Epoch 040 | Seed 42 | Rate 0.01 | Train Loss: 0.2863 | Val Loss: 0.5794 | Acc (clean): 0.9171 | Acc (poison): 0.9122 | Val Acc: 0.8248 | Time: 00:00:12
Epoch 041 | Seed 42 | Rate 0.01 | Train Loss: 0.2830 | Val Loss: 0.7012 | Acc (clean): 0.9170 | Acc (poison): 0.9121 | Val Acc: 0.7967 | Time: 00:00:12
Epoch 042 | Seed 42 | Rate 0.01 | Train Loss: 0.2931 | Val Loss: 0.6301 | Acc (clean): 0.9132 | Acc (poison): 0.9077 | Val Acc: 0.8248 | Time: 00:00:11
Epoch 043 | Seed 42 | Rate 0.01 | Train Loss: 0.3120 | Val Loss: 0.8021 | Acc (clean): 0.9090 | Acc (poison): 0.9035 | Val Acc: 0.7678 | Time: 00:00:12
Epoch 044 | Seed 42 | Rate 0.01 | Train Loss: 0.2769 | Val Loss: 0.7376 | Acc (clean): 0.9198 | Acc (poison): 0.9144 | Val Acc: 0.7874 | Time: 00:00:12
Epoch 045 | Seed 42 | Rate 0.01 | Train Loss: 0.2762 | Val Loss: 0.6014 | Acc (clean): 0.9182 | Acc (poison): 0.9127 | Val Acc: 0.8181 | Time: 00:00:12
Epoch 046 | Seed 42 | Rate 0.01 | Train Loss: 0.2785 | Val Loss: 0.8343 | Acc (clean): 0.9176 | Acc (poison): 0.9134 | Val Acc: 0.7733 | Time: 00:00:12
Epoch 047 | Seed 42 | Rate 0.01 | Train Loss: 0.2695 | Val Loss: 1.1105 | Acc (clean): 0.9218 | Acc (poison): 0.9167 | Val Acc: 0.6878 | Time: 00:00:12
Epoch 048 | Seed 42 | Rate 0.01 | Train Loss: 0.2879 | Val Loss: 0.5312 | Acc (clean): 0.9160 | Acc (poison): 0.9109 | Val Acc: 0.8374 | Time: 00:00:13
Epoch 049 | Seed 42 | Rate 0.01 | Train Loss: 0.2744 | Val Loss: 0.9990 | Acc (clean): 0.9179 | Acc (poison): 0.9135 | Val Acc: 0.7226 | Time: 00:00:12
Epoch 050 | Seed 42 | Rate 0.01 | Train Loss: 0.2826 | Val Loss: 0.6218 | Acc (clean): 0.9154 | Acc (poison): 0.9112 | Val Acc: 0.8256 | Time: 00:00:12
Epoch 051 | Seed 42 | Rate 0.01 | Train Loss: 0.1289 | Val Loss: 0.2751 | Acc (clean): 0.9671 | Acc (poison): 0.9628 | Val Acc: 0.9115 | Time: 00:00:13
Epoch 052 | Seed 42 | Rate 0.01 | Train Loss: 0.0800 | Val Loss: 0.2413 | Acc (clean): 0.9826 | Acc (poison): 0.9802 | Val Acc: 0.9226 | Time: 00:00:14
Epoch 053 | Seed 42 | Rate 0.01 | Train Loss: 0.0651 | Val Loss: 0.2464 | Acc (clean): 0.9865 | Acc (poison): 0.9848 | Val Acc: 0.9241 | Time: 00:00:13
Epoch 054 | Seed 42 | Rate 0.01 | Train Loss: 0.0560 | Val Loss: 0.2406 | Acc (clean): 0.9871 | Acc (poison): 0.9873 | Val Acc: 0.9263 | Time: 00:00:14
Epoch 055 | Seed 42 | Rate 0.01 | Train Loss: 0.0492 | Val Loss: 0.2397 | Acc (clean): 0.9880 | Acc (poison): 0.9891 | Val Acc: 0.9274 | Time: 00:00:14
Epoch 056 | Seed 42 | Rate 0.01 | Train Loss: 0.0455 | Val Loss: 0.2286 | Acc (clean): 0.9881 | Acc (poison): 0.9896 | Val Acc: 0.9359 | Time: 00:00:13
Epoch 057 | Seed 42 | Rate 0.01 | Train Loss: 0.0413 | Val Loss: 0.2413 | Acc (clean): 0.9881 | Acc (poison): 0.9906 | Val Acc: 0.9267 | Time: 00:00:12
Epoch 058 | Seed 42 | Rate 0.01 | Train Loss: 0.0384 | Val Loss: 0.2355 | Acc (clean): 0.9885 | Acc (poison): 0.9919 | Val Acc: 0.9307 | Time: 00:00:12
Epoch 059 | Seed 42 | Rate 0.01 | Train Loss: 0.0340 | Val Loss: 0.2360 | Acc (clean): 0.9895 | Acc (poison): 0.9940 | Val Acc: 0.9270 | Time: 00:00:12
Epoch 060 | Seed 42 | Rate 0.01 | Train Loss: 0.0326 | Val Loss: 0.2393 | Acc (clean): 0.9889 | Acc (poison): 0.9940 | Val Acc: 0.9270 | Time: 00:00:12
Epoch 061 | Seed 42 | Rate 0.01 | Train Loss: 0.0288 | Val Loss: 0.2308 | Acc (clean): 0.9901 | Acc (poison): 0.9955 | Val Acc: 0.9326 | Time: 00:00:12
Epoch 062 | Seed 42 | Rate 0.01 | Train Loss: 0.0298 | Val Loss: 0.2437 | Acc (clean): 0.9887 | Acc (poison): 0.9945 | Val Acc: 0.9285 | Time: 00:00:12
Epoch 063 | Seed 42 | Rate 0.01 | Train Loss: 0.0255 | Val Loss: 0.2401 | Acc (clean): 0.9901 | Acc (poison): 0.9962 | Val Acc: 0.9289 | Time: 00:00:12
Epoch 064 | Seed 42 | Rate 0.01 | Train Loss: 0.0247 | Val Loss: 0.2464 | Acc (clean): 0.9898 | Acc (poison): 0.9963 | Val Acc: 0.9289 | Time: 00:00:12
Epoch 065 | Seed 42 | Rate 0.01 | Train Loss: 0.0228 | Val Loss: 0.2394 | Acc (clean): 0.9895 | Acc (poison): 0.9968 | Val Acc: 0.9289 | Time: 00:00:12
Epoch 066 | Seed 42 | Rate 0.01 | Train Loss: 0.0226 | Val Loss: 0.2392 | Acc (clean): 0.9894 | Acc (poison): 0.9967 | Val Acc: 0.9296 | Time: 00:00:12
Epoch 067 | Seed 42 | Rate 0.01 | Train Loss: 0.0215 | Val Loss: 0.2371 | Acc (clean): 0.9893 | Acc (poison): 0.9968 | Val Acc: 0.9311 | Time: 00:00:12
Epoch 068 | Seed 42 | Rate 0.01 | Train Loss: 0.0193 | Val Loss: 0.2450 | Acc (clean): 0.9897 | Acc (poison): 0.9975 | Val Acc: 0.9293 | Time: 00:00:12
Epoch 069 | Seed 42 | Rate 0.01 | Train Loss: 0.0188 | Val Loss: 0.2376 | Acc (clean): 0.9898 | Acc (poison): 0.9979 | Val Acc: 0.9311 | Time: 00:00:12
Epoch 070 | Seed 42 | Rate 0.01 | Train Loss: 0.0173 | Val Loss: 0.2349 | Acc (clean): 0.9898 | Acc (poison): 0.9979 | Val Acc: 0.9344 | Time: 00:00:12
Epoch 071 | Seed 42 | Rate 0.01 | Train Loss: 0.0185 | Val Loss: 0.2376 | Acc (clean): 0.9889 | Acc (poison): 0.9975 | Val Acc: 0.9322 | Time: 00:00:12
Epoch 072 | Seed 42 | Rate 0.01 | Train Loss: 0.0180 | Val Loss: 0.2312 | Acc (clean): 0.9895 | Acc (poison): 0.9978 | Val Acc: 0.9356 | Time: 00:00:12
Epoch 073 | Seed 42 | Rate 0.01 | Train Loss: 0.0164 | Val Loss: 0.2334 | Acc (clean): 0.9895 | Acc (poison): 0.9983 | Val Acc: 0.9319 | Time: 00:00:12
Epoch 074 | Seed 42 | Rate 0.01 | Train Loss: 0.0157 | Val Loss: 0.2417 | Acc (clean): 0.9896 | Acc (poison): 0.9981 | Val Acc: 0.9330 | Time: 00:00:12
Epoch 075 | Seed 42 | Rate 0.01 | Train Loss: 0.0152 | Val Loss: 0.2437 | Acc (clean): 0.9895 | Acc (poison): 0.9984 | Val Acc: 0.9300 | Time: 00:00:12
Epoch 076 | Seed 42 | Rate 0.01 | Train Loss: 0.0142 | Val Loss: 0.2368 | Acc (clean): 0.9897 | Acc (poison): 0.9988 | Val Acc: 0.9307 | Time: 00:00:12
Epoch 077 | Seed 42 | Rate 0.01 | Train Loss: 0.0130 | Val Loss: 0.2371 | Acc (clean): 0.9895 | Acc (poison): 0.9993 | Val Acc: 0.9341 | Time: 00:00:12
Epoch 078 | Seed 42 | Rate 0.01 | Train Loss: 0.0124 | Val Loss: 0.2337 | Acc (clean): 0.9896 | Acc (poison): 0.9992 | Val Acc: 0.9326 | Time: 00:00:12
Epoch 079 | Seed 42 | Rate 0.01 | Train Loss: 0.0129 | Val Loss: 0.2365 | Acc (clean): 0.9895 | Acc (poison): 0.9989 | Val Acc: 0.9315 | Time: 00:00:12
Epoch 080 | Seed 42 | Rate 0.01 | Train Loss: 0.0124 | Val Loss: 0.2333 | Acc (clean): 0.9896 | Acc (poison): 0.9992 | Val Acc: 0.9322 | Time: 00:00:12
Epoch 081 | Seed 42 | Rate 0.01 | Train Loss: 0.0128 | Val Loss: 0.2373 | Acc (clean): 0.9895 | Acc (poison): 0.9992 | Val Acc: 0.9304 | Time: 00:00:12
Epoch 082 | Seed 42 | Rate 0.01 | Train Loss: 0.0125 | Val Loss: 0.2340 | Acc (clean): 0.9897 | Acc (poison): 0.9992 | Val Acc: 0.9341 | Time: 00:00:12
Epoch 083 | Seed 42 | Rate 0.01 | Train Loss: 0.0112 | Val Loss: 0.2332 | Acc (clean): 0.9896 | Acc (poison): 0.9993 | Val Acc: 0.9315 | Time: 00:00:12
Epoch 084 | Seed 42 | Rate 0.01 | Train Loss: 0.0122 | Val Loss: 0.2317 | Acc (clean): 0.9896 | Acc (poison): 0.9992 | Val Acc: 0.9337 | Time: 00:00:12
Epoch 085 | Seed 42 | Rate 0.01 | Train Loss: 0.0117 | Val Loss: 0.2321 | Acc (clean): 0.9898 | Acc (poison): 0.9995 | Val Acc: 0.9348 | Time: 00:00:12
Epoch 086 | Seed 42 | Rate 0.01 | Train Loss: 0.0123 | Val Loss: 0.2316 | Acc (clean): 0.9895 | Acc (poison): 0.9992 | Val Acc: 0.9322 | Time: 00:00:12
Epoch 087 | Seed 42 | Rate 0.01 | Train Loss: 0.0116 | Val Loss: 0.2299 | Acc (clean): 0.9896 | Acc (poison): 0.9993 | Val Acc: 0.9363 | Time: 00:00:12
Epoch 088 | Seed 42 | Rate 0.01 | Train Loss: 0.0122 | Val Loss: 0.2329 | Acc (clean): 0.9897 | Acc (poison): 0.9993 | Val Acc: 0.9333 | Time: 00:00:12
Epoch 089 | Seed 42 | Rate 0.01 | Train Loss: 0.0119 | Val Loss: 0.2306 | Acc (clean): 0.9899 | Acc (poison): 0.9992 | Val Acc: 0.9341 | Time: 00:00:12
Epoch 090 | Seed 42 | Rate 0.01 | Train Loss: 0.0122 | Val Loss: 0.2343 | Acc (clean): 0.9897 | Acc (poison): 0.9993 | Val Acc: 0.9326 | Time: 00:00:12
Epoch 091 | Seed 42 | Rate 0.01 | Train Loss: 0.0112 | Val Loss: 0.2335 | Acc (clean): 0.9899 | Acc (poison): 0.9993 | Val Acc: 0.9315 | Time: 00:00:12
Epoch 092 | Seed 42 | Rate 0.01 | Train Loss: 0.0117 | Val Loss: 0.2342 | Acc (clean): 0.9894 | Acc (poison): 0.9992 | Val Acc: 0.9319 | Time: 00:00:12
Epoch 093 | Seed 42 | Rate 0.01 | Train Loss: 0.0118 | Val Loss: 0.2348 | Acc (clean): 0.9897 | Acc (poison): 0.9995 | Val Acc: 0.9341 | Time: 00:00:12
Epoch 094 | Seed 42 | Rate 0.01 | Train Loss: 0.0117 | Val Loss: 0.2320 | Acc (clean): 0.9897 | Acc (poison): 0.9992 | Val Acc: 0.9374 | Time: 00:00:12
Epoch 095 | Seed 42 | Rate 0.01 | Train Loss: 0.0106 | Val Loss: 0.2348 | Acc (clean): 0.9898 | Acc (poison): 0.9996 | Val Acc: 0.9330 | Time: 00:00:12
Epoch 096 | Seed 42 | Rate 0.01 | Train Loss: 0.0111 | Val Loss: 0.2402 | Acc (clean): 0.9897 | Acc (poison): 0.9993 | Val Acc: 0.9300 | Time: 00:00:12
Epoch 097 | Seed 42 | Rate 0.01 | Train Loss: 0.0114 | Val Loss: 0.2332 | Acc (clean): 0.9897 | Acc (poison): 0.9995 | Val Acc: 0.9319 | Time: 00:00:12
Epoch 098 | Seed 42 | Rate 0.01 | Train Loss: 0.0112 | Val Loss: 0.2368 | Acc (clean): 0.9898 | Acc (poison): 0.9997 | Val Acc: 0.9315 | Time: 00:00:12
Epoch 099 | Seed 42 | Rate 0.01 | Train Loss: 0.0108 | Val Loss: 0.2328 | Acc (clean): 0.9899 | Acc (poison): 0.9996 | Val Acc: 0.9341 | Time: 00:00:12
Epoch 100 | Seed 42 | Rate 0.01 | Train Loss: 0.0111 | Val Loss: 0.2335 | Acc (clean): 0.9897 | Acc (poison): 0.9995 | Val Acc: 0.9319 | Time: 00:00:12

=== defense=none attack=RQ2 seed=42 rate=0.02 ===
Loading train data from /home/yazanme/BachelorThesis/BachelorThesis/data/processed/resisc45/train.h5 with mapping /home/yazanme/BachelorThesis/BachelorThesis/data/processed/resisc45/poisoned/RQ2/seed_42/labels_0.02.pt... (in_memory=True, workers=4)
Testing torch.compile support...
Successfully compiled model using torch.compile.
Epoch 001 | Seed 42 | Rate 0.02 | Train Loss: 2.6932 | Val Loss: 2.1642 | Acc (clean): 0.2752 | Acc (poison): 0.2721 | Val Acc: 0.3785 | Time: 00:00:14
Epoch 002 | Seed 42 | Rate 0.02 | Train Loss: 1.8411 | Val Loss: 2.2060 | Acc (clean): 0.4705 | Acc (poison): 0.4637 | Val Acc: 0.3915 | Time: 00:00:12
Epoch 003 | Seed 42 | Rate 0.02 | Train Loss: 1.5218 | Val Loss: 1.5541 | Acc (clean): 0.5569 | Acc (poison): 0.5488 | Val Acc: 0.5374 | Time: 00:00:12
Epoch 004 | Seed 42 | Rate 0.02 | Train Loss: 1.2986 | Val Loss: 1.5178 | Acc (clean): 0.6219 | Acc (poison): 0.6123 | Val Acc: 0.5407 | Time: 00:00:12
Epoch 005 | Seed 42 | Rate 0.02 | Train Loss: 1.1375 | Val Loss: 1.5520 | Acc (clean): 0.6687 | Acc (poison): 0.6576 | Val Acc: 0.5689 | Time: 00:00:12
Epoch 006 | Seed 42 | Rate 0.02 | Train Loss: 1.0062 | Val Loss: 1.4079 | Acc (clean): 0.7090 | Acc (poison): 0.6972 | Val Acc: 0.5841 | Time: 00:00:13
Epoch 007 | Seed 42 | Rate 0.02 | Train Loss: 0.8777 | Val Loss: 1.1752 | Acc (clean): 0.7448 | Acc (poison): 0.7319 | Val Acc: 0.6485 | Time: 00:00:13
Epoch 008 | Seed 42 | Rate 0.02 | Train Loss: 0.7827 | Val Loss: 1.0537 | Acc (clean): 0.7718 | Acc (poison): 0.7586 | Val Acc: 0.6733 | Time: 00:00:12
Epoch 009 | Seed 42 | Rate 0.02 | Train Loss: 0.7031 | Val Loss: 0.9332 | Acc (clean): 0.7959 | Acc (poison): 0.7831 | Val Acc: 0.7248 | Time: 00:00:12
Epoch 010 | Seed 42 | Rate 0.02 | Train Loss: 0.6408 | Val Loss: 0.8432 | Acc (clean): 0.8178 | Acc (poison): 0.8040 | Val Acc: 0.7319 | Time: 00:00:13
Epoch 011 | Seed 42 | Rate 0.02 | Train Loss: 0.6048 | Val Loss: 0.8362 | Acc (clean): 0.8307 | Acc (poison): 0.8167 | Val Acc: 0.7437 | Time: 00:00:13
Epoch 012 | Seed 42 | Rate 0.02 | Train Loss: 0.5619 | Val Loss: 0.7634 | Acc (clean): 0.8416 | Acc (poison): 0.8281 | Val Acc: 0.7619 | Time: 00:00:13
Epoch 013 | Seed 42 | Rate 0.02 | Train Loss: 0.5408 | Val Loss: 0.8336 | Acc (clean): 0.8469 | Acc (poison): 0.8321 | Val Acc: 0.7341 | Time: 00:00:12
Epoch 014 | Seed 42 | Rate 0.02 | Train Loss: 0.5192 | Val Loss: 0.8334 | Acc (clean): 0.8561 | Acc (poison): 0.8415 | Val Acc: 0.7541 | Time: 00:00:12
Epoch 015 | Seed 42 | Rate 0.02 | Train Loss: 0.5058 | Val Loss: 0.8688 | Acc (clean): 0.8586 | Acc (poison): 0.8440 | Val Acc: 0.7411 | Time: 00:00:12
Epoch 016 | Seed 42 | Rate 0.02 | Train Loss: 0.4783 | Val Loss: 0.7003 | Acc (clean): 0.8658 | Acc (poison): 0.8523 | Val Acc: 0.7885 | Time: 00:00:13
Epoch 017 | Seed 42 | Rate 0.02 | Train Loss: 0.4586 | Val Loss: 0.5903 | Acc (clean): 0.8738 | Acc (poison): 0.8597 | Val Acc: 0.8178 | Time: 00:00:13
Epoch 018 | Seed 42 | Rate 0.02 | Train Loss: 0.4543 | Val Loss: 0.8465 | Acc (clean): 0.8747 | Acc (poison): 0.8599 | Val Acc: 0.7600 | Time: 00:00:12
Epoch 019 | Seed 42 | Rate 0.02 | Train Loss: 0.4310 | Val Loss: 0.7071 | Acc (clean): 0.8826 | Acc (poison): 0.8686 | Val Acc: 0.7841 | Time: 00:00:12
Epoch 020 | Seed 42 | Rate 0.02 | Train Loss: 0.4227 | Val Loss: 0.9056 | Acc (clean): 0.8840 | Acc (poison): 0.8698 | Val Acc: 0.7337 | Time: 00:00:12
Epoch 021 | Seed 42 | Rate 0.02 | Train Loss: 0.4142 | Val Loss: 0.6759 | Acc (clean): 0.8843 | Acc (poison): 0.8712 | Val Acc: 0.7863 | Time: 00:00:12
Epoch 022 | Seed 42 | Rate 0.02 | Train Loss: 0.4203 | Val Loss: 0.5779 | Acc (clean): 0.8830 | Acc (poison): 0.8697 | Val Acc: 0.8207 | Time: 00:00:12
Epoch 023 | Seed 42 | Rate 0.02 | Train Loss: 0.3961 | Val Loss: 0.7830 | Acc (clean): 0.8911 | Acc (poison): 0.8767 | Val Acc: 0.7704 | Time: 00:00:12
Epoch 024 | Seed 42 | Rate 0.02 | Train Loss: 0.3992 | Val Loss: 0.8260 | Acc (clean): 0.8911 | Acc (poison): 0.8777 | Val Acc: 0.7674 | Time: 00:00:12
Epoch 025 | Seed 42 | Rate 0.02 | Train Loss: 0.3969 | Val Loss: 0.7680 | Acc (clean): 0.8915 | Acc (poison): 0.8783 | Val Acc: 0.7719 | Time: 00:00:12
Epoch 026 | Seed 42 | Rate 0.02 | Train Loss: 0.3873 | Val Loss: 0.7983 | Acc (clean): 0.8922 | Acc (poison): 0.8796 | Val Acc: 0.7659 | Time: 00:00:12
Epoch 027 | Seed 42 | Rate 0.02 | Train Loss: 0.3770 | Val Loss: 0.7332 | Acc (clean): 0.8956 | Acc (poison): 0.8828 | Val Acc: 0.7811 | Time: 00:00:12
Epoch 028 | Seed 42 | Rate 0.02 | Train Loss: 0.3849 | Val Loss: 0.8191 | Acc (clean): 0.8950 | Acc (poison): 0.8824 | Val Acc: 0.7767 | Time: 00:00:12
Epoch 029 | Seed 42 | Rate 0.02 | Train Loss: 0.3546 | Val Loss: 0.6961 | Acc (clean): 0.9026 | Acc (poison): 0.8898 | Val Acc: 0.7963 | Time: 00:00:12
Epoch 030 | Seed 42 | Rate 0.02 | Train Loss: 0.3589 | Val Loss: 0.7480 | Acc (clean): 0.9020 | Acc (poison): 0.8887 | Val Acc: 0.7741 | Time: 00:00:12
Epoch 031 | Seed 42 | Rate 0.02 | Train Loss: 0.3577 | Val Loss: 0.5733 | Acc (clean): 0.9020 | Acc (poison): 0.8906 | Val Acc: 0.8241 | Time: 00:00:15
Epoch 032 | Seed 42 | Rate 0.02 | Train Loss: 0.3586 | Val Loss: 0.5731 | Acc (clean): 0.9014 | Acc (poison): 0.8891 | Val Acc: 0.8241 | Time: 00:00:15
Epoch 033 | Seed 42 | Rate 0.02 | Train Loss: 0.3542 | Val Loss: 0.7487 | Acc (clean): 0.9035 | Acc (poison): 0.8916 | Val Acc: 0.7822 | Time: 00:00:12
Epoch 034 | Seed 42 | Rate 0.02 | Train Loss: 0.3423 | Val Loss: 0.9342 | Acc (clean): 0.9081 | Acc (poison): 0.8963 | Val Acc: 0.7444 | Time: 00:00:12
Epoch 035 | Seed 42 | Rate 0.02 | Train Loss: 0.3467 | Val Loss: 0.7257 | Acc (clean): 0.9061 | Acc (poison): 0.8931 | Val Acc: 0.7948 | Time: 00:00:12
Epoch 036 | Seed 42 | Rate 0.02 | Train Loss: 0.3418 | Val Loss: 0.9651 | Acc (clean): 0.9065 | Acc (poison): 0.8950 | Val Acc: 0.7148 | Time: 00:00:12
Epoch 037 | Seed 42 | Rate 0.02 | Train Loss: 0.3527 | Val Loss: 0.6111 | Acc (clean): 0.9024 | Acc (poison): 0.8912 | Val Acc: 0.8185 | Time: 00:00:12
Epoch 038 | Seed 42 | Rate 0.02 | Train Loss: 0.3334 | Val Loss: 0.6800 | Acc (clean): 0.9091 | Acc (poison): 0.8972 | Val Acc: 0.7893 | Time: 00:00:12
Epoch 039 | Seed 42 | Rate 0.02 | Train Loss: 0.3229 | Val Loss: 0.8560 | Acc (clean): 0.9118 | Acc (poison): 0.9001 | Val Acc: 0.7585 | Time: 00:00:12
Epoch 040 | Seed 42 | Rate 0.02 | Train Loss: 0.3234 | Val Loss: 0.5997 | Acc (clean): 0.9109 | Acc (poison): 0.9002 | Val Acc: 0.8237 | Time: 00:00:12
Epoch 041 | Seed 42 | Rate 0.02 | Train Loss: 0.3265 | Val Loss: 0.7912 | Acc (clean): 0.9103 | Acc (poison): 0.8986 | Val Acc: 0.7800 | Time: 00:00:12
Epoch 042 | Seed 42 | Rate 0.02 | Train Loss: 0.3300 | Val Loss: 0.6268 | Acc (clean): 0.9087 | Acc (poison): 0.8978 | Val Acc: 0.8037 | Time: 00:00:12
Epoch 043 | Seed 42 | Rate 0.02 | Train Loss: 0.3194 | Val Loss: 0.6924 | Acc (clean): 0.9121 | Acc (poison): 0.8988 | Val Acc: 0.7941 | Time: 00:00:12
Epoch 044 | Seed 42 | Rate 0.02 | Train Loss: 0.3069 | Val Loss: 0.9204 | Acc (clean): 0.9155 | Acc (poison): 0.9042 | Val Acc: 0.7456 | Time: 00:00:12
Epoch 045 | Seed 42 | Rate 0.02 | Train Loss: 0.3163 | Val Loss: 0.6290 | Acc (clean): 0.9132 | Acc (poison): 0.9016 | Val Acc: 0.8096 | Time: 00:00:12
Epoch 046 | Seed 42 | Rate 0.02 | Train Loss: 0.3263 | Val Loss: 0.6867 | Acc (clean): 0.9093 | Acc (poison): 0.8990 | Val Acc: 0.7933 | Time: 00:00:12
Epoch 047 | Seed 42 | Rate 0.02 | Train Loss: 0.3196 | Val Loss: 0.5817 | Acc (clean): 0.9098 | Acc (poison): 0.8990 | Val Acc: 0.8211 | Time: 00:00:12
Epoch 048 | Seed 42 | Rate 0.02 | Train Loss: 0.3073 | Val Loss: 0.6340 | Acc (clean): 0.9187 | Acc (poison): 0.9074 | Val Acc: 0.8000 | Time: 00:00:12
Epoch 049 | Seed 42 | Rate 0.02 | Train Loss: 0.3152 | Val Loss: 1.1267 | Acc (clean): 0.9126 | Acc (poison): 0.9017 | Val Acc: 0.6804 | Time: 00:00:12
Epoch 050 | Seed 42 | Rate 0.02 | Train Loss: 0.3007 | Val Loss: 0.5982 | Acc (clean): 0.9153 | Acc (poison): 0.9058 | Val Acc: 0.8163 | Time: 00:00:12
Epoch 051 | Seed 42 | Rate 0.02 | Train Loss: 0.1454 | Val Loss: 0.2781 | Acc (clean): 0.9679 | Acc (poison): 0.9603 | Val Acc: 0.9170 | Time: 00:00:14
Epoch 052 | Seed 42 | Rate 0.02 | Train Loss: 0.0973 | Val Loss: 0.2620 | Acc (clean): 0.9784 | Acc (poison): 0.9737 | Val Acc: 0.9207 | Time: 00:00:14
Epoch 053 | Seed 42 | Rate 0.02 | Train Loss: 0.0817 | Val Loss: 0.2640 | Acc (clean): 0.9813 | Acc (poison): 0.9787 | Val Acc: 0.9204 | Time: 00:00:12
Epoch 054 | Seed 42 | Rate 0.02 | Train Loss: 0.0712 | Val Loss: 0.2557 | Acc (clean): 0.9820 | Acc (poison): 0.9827 | Val Acc: 0.9200 | Time: 00:00:13
Epoch 055 | Seed 42 | Rate 0.02 | Train Loss: 0.0645 | Val Loss: 0.2546 | Acc (clean): 0.9822 | Acc (poison): 0.9840 | Val Acc: 0.9193 | Time: 00:00:13
Epoch 056 | Seed 42 | Rate 0.02 | Train Loss: 0.0560 | Val Loss: 0.2528 | Acc (clean): 0.9814 | Acc (poison): 0.9870 | Val Acc: 0.9226 | Time: 00:00:15
Epoch 057 | Seed 42 | Rate 0.02 | Train Loss: 0.0536 | Val Loss: 0.2548 | Acc (clean): 0.9823 | Acc (poison): 0.9875 | Val Acc: 0.9211 | Time: 00:00:12
Epoch 058 | Seed 42 | Rate 0.02 | Train Loss: 0.0494 | Val Loss: 0.2574 | Acc (clean): 0.9811 | Acc (poison): 0.9885 | Val Acc: 0.9230 | Time: 00:00:12
Epoch 059 | Seed 42 | Rate 0.02 | Train Loss: 0.0429 | Val Loss: 0.2555 | Acc (clean): 0.9819 | Acc (poison): 0.9907 | Val Acc: 0.9248 | Time: 00:00:13
Epoch 060 | Seed 42 | Rate 0.02 | Train Loss: 0.0418 | Val Loss: 0.2519 | Acc (clean): 0.9810 | Acc (poison): 0.9906 | Val Acc: 0.9233 | Time: 00:00:15
Epoch 061 | Seed 42 | Rate 0.02 | Train Loss: 0.0379 | Val Loss: 0.2520 | Acc (clean): 0.9812 | Acc (poison): 0.9923 | Val Acc: 0.9256 | Time: 00:00:12
Epoch 062 | Seed 42 | Rate 0.02 | Train Loss: 0.0350 | Val Loss: 0.2595 | Acc (clean): 0.9798 | Acc (poison): 0.9928 | Val Acc: 0.9222 | Time: 00:00:12
Epoch 063 | Seed 42 | Rate 0.02 | Train Loss: 0.0311 | Val Loss: 0.2571 | Acc (clean): 0.9814 | Acc (poison): 0.9945 | Val Acc: 0.9230 | Time: 00:00:12
Epoch 064 | Seed 42 | Rate 0.02 | Train Loss: 0.0292 | Val Loss: 0.2502 | Acc (clean): 0.9803 | Acc (poison): 0.9949 | Val Acc: 0.9226 | Time: 00:00:14
Epoch 065 | Seed 42 | Rate 0.02 | Train Loss: 0.0279 | Val Loss: 0.2611 | Acc (clean): 0.9807 | Acc (poison): 0.9953 | Val Acc: 0.9219 | Time: 00:00:12
Epoch 066 | Seed 42 | Rate 0.02 | Train Loss: 0.0268 | Val Loss: 0.2590 | Acc (clean): 0.9806 | Acc (poison): 0.9953 | Val Acc: 0.9207 | Time: 00:00:12
Epoch 067 | Seed 42 | Rate 0.02 | Train Loss: 0.0253 | Val Loss: 0.2514 | Acc (clean): 0.9804 | Acc (poison): 0.9961 | Val Acc: 0.9259 | Time: 00:00:12
Epoch 068 | Seed 42 | Rate 0.02 | Train Loss: 0.0221 | Val Loss: 0.2546 | Acc (clean): 0.9803 | Acc (poison): 0.9971 | Val Acc: 0.9230 | Time: 00:00:12
Epoch 069 | Seed 42 | Rate 0.02 | Train Loss: 0.0217 | Val Loss: 0.2544 | Acc (clean): 0.9803 | Acc (poison): 0.9972 | Val Acc: 0.9215 | Time: 00:00:12
Epoch 070 | Seed 42 | Rate 0.02 | Train Loss: 0.0195 | Val Loss: 0.2496 | Acc (clean): 0.9804 | Acc (poison): 0.9978 | Val Acc: 0.9226 | Time: 00:00:14
Epoch 071 | Seed 42 | Rate 0.02 | Train Loss: 0.0198 | Val Loss: 0.2534 | Acc (clean): 0.9800 | Acc (poison): 0.9979 | Val Acc: 0.9211 | Time: 00:00:12
Epoch 072 | Seed 42 | Rate 0.02 | Train Loss: 0.0192 | Val Loss: 0.2408 | Acc (clean): 0.9798 | Acc (poison): 0.9977 | Val Acc: 0.9274 | Time: 00:00:15
Epoch 073 | Seed 42 | Rate 0.02 | Train Loss: 0.0190 | Val Loss: 0.2437 | Acc (clean): 0.9797 | Acc (poison): 0.9977 | Val Acc: 0.9289 | Time: 00:00:12
Epoch 074 | Seed 42 | Rate 0.02 | Train Loss: 0.0182 | Val Loss: 0.2660 | Acc (clean): 0.9797 | Acc (poison): 0.9980 | Val Acc: 0.9204 | Time: 00:00:12
Epoch 075 | Seed 42 | Rate 0.02 | Train Loss: 0.0170 | Val Loss: 0.2610 | Acc (clean): 0.9795 | Acc (poison): 0.9981 | Val Acc: 0.9211 | Time: 00:00:12
Epoch 076 | Seed 42 | Rate 0.02 | Train Loss: 0.0153 | Val Loss: 0.2503 | Acc (clean): 0.9797 | Acc (poison): 0.9988 | Val Acc: 0.9256 | Time: 00:00:12
Epoch 077 | Seed 42 | Rate 0.02 | Train Loss: 0.0145 | Val Loss: 0.2464 | Acc (clean): 0.9798 | Acc (poison): 0.9990 | Val Acc: 0.9267 | Time: 00:00:12
Epoch 078 | Seed 42 | Rate 0.02 | Train Loss: 0.0133 | Val Loss: 0.2448 | Acc (clean): 0.9798 | Acc (poison): 0.9990 | Val Acc: 0.9252 | Time: 00:00:12
Epoch 079 | Seed 42 | Rate 0.02 | Train Loss: 0.0139 | Val Loss: 0.2467 | Acc (clean): 0.9798 | Acc (poison): 0.9992 | Val Acc: 0.9248 | Time: 00:00:12
Epoch 080 | Seed 42 | Rate 0.02 | Train Loss: 0.0133 | Val Loss: 0.2444 | Acc (clean): 0.9801 | Acc (poison): 0.9992 | Val Acc: 0.9252 | Time: 00:00:12
Epoch 081 | Seed 42 | Rate 0.02 | Train Loss: 0.0135 | Val Loss: 0.2487 | Acc (clean): 0.9797 | Acc (poison): 0.9988 | Val Acc: 0.9256 | Time: 00:00:12
Epoch 082 | Seed 42 | Rate 0.02 | Train Loss: 0.0134 | Val Loss: 0.2441 | Acc (clean): 0.9801 | Acc (poison): 0.9990 | Val Acc: 0.9274 | Time: 00:00:12
Epoch 083 | Seed 42 | Rate 0.02 | Train Loss: 0.0127 | Val Loss: 0.2429 | Acc (clean): 0.9797 | Acc (poison): 0.9991 | Val Acc: 0.9263 | Time: 00:00:12
Epoch 084 | Seed 42 | Rate 0.02 | Train Loss: 0.0132 | Val Loss: 0.2419 | Acc (clean): 0.9801 | Acc (poison): 0.9992 | Val Acc: 0.9263 | Time: 00:00:12
Epoch 085 | Seed 42 | Rate 0.02 | Train Loss: 0.0123 | Val Loss: 0.2432 | Acc (clean): 0.9800 | Acc (poison): 0.9993 | Val Acc: 0.9274 | Time: 00:00:12
Epoch 086 | Seed 42 | Rate 0.02 | Train Loss: 0.0128 | Val Loss: 0.2417 | Acc (clean): 0.9798 | Acc (poison): 0.9993 | Val Acc: 0.9285 | Time: 00:00:12
Epoch 087 | Seed 42 | Rate 0.02 | Train Loss: 0.0128 | Val Loss: 0.2410 | Acc (clean): 0.9797 | Acc (poison): 0.9991 | Val Acc: 0.9267 | Time: 00:00:12
Epoch 088 | Seed 42 | Rate 0.02 | Train Loss: 0.0129 | Val Loss: 0.2431 | Acc (clean): 0.9798 | Acc (poison): 0.9990 | Val Acc: 0.9281 | Time: 00:00:12
Epoch 089 | Seed 42 | Rate 0.02 | Train Loss: 0.0128 | Val Loss: 0.2423 | Acc (clean): 0.9794 | Acc (poison): 0.9989 | Val Acc: 0.9259 | Time: 00:00:12
Epoch 090 | Seed 42 | Rate 0.02 | Train Loss: 0.0131 | Val Loss: 0.2445 | Acc (clean): 0.9800 | Acc (poison): 0.9991 | Val Acc: 0.9270 | Time: 00:00:13
Epoch 091 | Seed 42 | Rate 0.02 | Train Loss: 0.0122 | Val Loss: 0.2428 | Acc (clean): 0.9798 | Acc (poison): 0.9993 | Val Acc: 0.9274 | Time: 00:00:12
Epoch 092 | Seed 42 | Rate 0.02 | Train Loss: 0.0124 | Val Loss: 0.2456 | Acc (clean): 0.9800 | Acc (poison): 0.9993 | Val Acc: 0.9274 | Time: 00:00:12
Epoch 093 | Seed 42 | Rate 0.02 | Train Loss: 0.0123 | Val Loss: 0.2438 | Acc (clean): 0.9799 | Acc (poison): 0.9993 | Val Acc: 0.9285 | Time: 00:00:13
Epoch 094 | Seed 42 | Rate 0.02 | Train Loss: 0.0121 | Val Loss: 0.2444 | Acc (clean): 0.9799 | Acc (poison): 0.9993 | Val Acc: 0.9281 | Time: 00:00:13
Epoch 095 | Seed 42 | Rate 0.02 | Train Loss: 0.0123 | Val Loss: 0.2454 | Acc (clean): 0.9796 | Acc (poison): 0.9993 | Val Acc: 0.9259 | Time: 00:00:12
Epoch 096 | Seed 42 | Rate 0.02 | Train Loss: 0.0122 | Val Loss: 0.2504 | Acc (clean): 0.9798 | Acc (poison): 0.9993 | Val Acc: 0.9222 | Time: 00:00:12
Epoch 097 | Seed 42 | Rate 0.02 | Train Loss: 0.0120 | Val Loss: 0.2423 | Acc (clean): 0.9799 | Acc (poison): 0.9993 | Val Acc: 0.9248 | Time: 00:00:12
Epoch 098 | Seed 42 | Rate 0.02 | Train Loss: 0.0117 | Val Loss: 0.2492 | Acc (clean): 0.9802 | Acc (poison): 0.9995 | Val Acc: 0.9244 | Time: 00:00:12
Epoch 099 | Seed 42 | Rate 0.02 | Train Loss: 0.0119 | Val Loss: 0.2447 | Acc (clean): 0.9801 | Acc (poison): 0.9994 | Val Acc: 0.9278 | Time: 00:00:13
Epoch 100 | Seed 42 | Rate 0.02 | Train Loss: 0.0120 | Val Loss: 0.2437 | Acc (clean): 0.9798 | Acc (poison): 0.9994 | Val Acc: 0.9267 | Time: 00:00:13

=== defense=none attack=RQ2 seed=42 rate=0.05 ===
Loading train data from /home/yazanme/BachelorThesis/BachelorThesis/data/processed/resisc45/train.h5 with mapping /home/yazanme/BachelorThesis/BachelorThesis/data/processed/resisc45/poisoned/RQ2/seed_42/labels_0.05.pt... (in_memory=True, workers=4)
Testing torch.compile support...
Successfully compiled model using torch.compile.
Epoch 001 | Seed 42 | Rate 0.05 | Train Loss: 2.7007 | Val Loss: 2.2979 | Acc (clean): 0.2832 | Acc (poison): 0.2766 | Val Acc: 0.3437 | Time: 00:00:14
Epoch 002 | Seed 42 | Rate 0.05 | Train Loss: 1.8699 | Val Loss: 1.9252 | Acc (clean): 0.4742 | Acc (poison): 0.4606 | Val Acc: 0.4578 | Time: 00:00:13
Epoch 003 | Seed 42 | Rate 0.05 | Train Loss: 1.5799 | Val Loss: 1.6811 | Acc (clean): 0.5514 | Acc (poison): 0.5322 | Val Acc: 0.5026 | Time: 00:00:13
Epoch 004 | Seed 42 | Rate 0.05 | Train Loss: 1.3820 | Val Loss: 1.7028 | Acc (clean): 0.6138 | Acc (poison): 0.5922 | Val Acc: 0.4974 | Time: 00:00:12
Epoch 005 | Seed 42 | Rate 0.05 | Train Loss: 1.2176 | Val Loss: 1.5420 | Acc (clean): 0.6560 | Acc (poison): 0.6328 | Val Acc: 0.5581 | Time: 00:00:12
Epoch 006 | Seed 42 | Rate 0.05 | Train Loss: 1.0700 | Val Loss: 1.0848 | Acc (clean): 0.6989 | Acc (poison): 0.6732 | Val Acc: 0.6685 | Time: 00:00:13
Epoch 007 | Seed 42 | Rate 0.05 | Train Loss: 0.9616 | Val Loss: 1.2657 | Acc (clean): 0.7331 | Acc (poison): 0.7047 | Val Acc: 0.6189 | Time: 00:00:12
Epoch 008 | Seed 42 | Rate 0.05 | Train Loss: 0.8627 | Val Loss: 0.9220 | Acc (clean): 0.7662 | Acc (poison): 0.7353 | Val Acc: 0.7322 | Time: 00:00:12
Epoch 009 | Seed 42 | Rate 0.05 | Train Loss: 0.7905 | Val Loss: 0.8882 | Acc (clean): 0.7859 | Acc (poison): 0.7537 | Val Acc: 0.7311 | Time: 00:00:13
Epoch 010 | Seed 42 | Rate 0.05 | Train Loss: 0.7292 | Val Loss: 1.0613 | Acc (clean): 0.8048 | Acc (poison): 0.7731 | Val Acc: 0.6800 | Time: 00:00:12
Epoch 011 | Seed 42 | Rate 0.05 | Train Loss: 0.6944 | Val Loss: 0.8396 | Acc (clean): 0.8203 | Acc (poison): 0.7872 | Val Acc: 0.7415 | Time: 00:00:13
Epoch 012 | Seed 42 | Rate 0.05 | Train Loss: 0.6580 | Val Loss: 0.7418 | Acc (clean): 0.8293 | Acc (poison): 0.7958 | Val Acc: 0.7715 | Time: 00:00:13
Epoch 013 | Seed 42 | Rate 0.05 | Train Loss: 0.6314 | Val Loss: 0.9518 | Acc (clean): 0.8366 | Acc (poison): 0.8035 | Val Acc: 0.7119 | Time: 00:00:12
Epoch 014 | Seed 42 | Rate 0.05 | Train Loss: 0.6075 | Val Loss: 0.8265 | Acc (clean): 0.8440 | Acc (poison): 0.8093 | Val Acc: 0.7604 | Time: 00:00:12
Epoch 015 | Seed 42 | Rate 0.05 | Train Loss: 0.5957 | Val Loss: 0.9493 | Acc (clean): 0.8493 | Acc (poison): 0.8160 | Val Acc: 0.7163 | Time: 00:00:12
Epoch 016 | Seed 42 | Rate 0.05 | Train Loss: 0.5866 | Val Loss: 0.6607 | Acc (clean): 0.8491 | Acc (poison): 0.8149 | Val Acc: 0.7959 | Time: 00:00:13
Epoch 017 | Seed 42 | Rate 0.05 | Train Loss: 0.5522 | Val Loss: 0.7716 | Acc (clean): 0.8590 | Acc (poison): 0.8251 | Val Acc: 0.7581 | Time: 00:00:12
Epoch 018 | Seed 42 | Rate 0.05 | Train Loss: 0.5500 | Val Loss: 0.7308 | Acc (clean): 0.8611 | Acc (poison): 0.8281 | Val Acc: 0.7885 | Time: 00:00:11
Epoch 019 | Seed 42 | Rate 0.05 | Train Loss: 0.5388 | Val Loss: 0.7747 | Acc (clean): 0.8662 | Acc (poison): 0.8317 | Val Acc: 0.7567 | Time: 00:00:11
Epoch 020 | Seed 42 | Rate 0.05 | Train Loss: 0.5194 | Val Loss: 1.0612 | Acc (clean): 0.8709 | Acc (poison): 0.8373 | Val Acc: 0.7100 | Time: 00:00:12
Epoch 021 | Seed 42 | Rate 0.05 | Train Loss: 0.5077 | Val Loss: 0.6830 | Acc (clean): 0.8753 | Acc (poison): 0.8408 | Val Acc: 0.7978 | Time: 00:00:12
Epoch 022 | Seed 42 | Rate 0.05 | Train Loss: 0.5105 | Val Loss: 0.6157 | Acc (clean): 0.8693 | Acc (poison): 0.8367 | Val Acc: 0.8148 | Time: 00:00:13
Epoch 023 | Seed 42 | Rate 0.05 | Train Loss: 0.4963 | Val Loss: 0.6439 | Acc (clean): 0.8750 | Acc (poison): 0.8425 | Val Acc: 0.8015 | Time: 00:00:12
Epoch 024 | Seed 42 | Rate 0.05 | Train Loss: 0.4847 | Val Loss: 0.6430 | Acc (clean): 0.8818 | Acc (poison): 0.8491 | Val Acc: 0.7937 | Time: 00:00:12
Epoch 025 | Seed 42 | Rate 0.05 | Train Loss: 0.4819 | Val Loss: 0.9374 | Acc (clean): 0.8811 | Acc (poison): 0.8484 | Val Acc: 0.7189 | Time: 00:00:12
Epoch 026 | Seed 42 | Rate 0.05 | Train Loss: 0.4802 | Val Loss: 0.8483 | Acc (clean): 0.8815 | Acc (poison): 0.8489 | Val Acc: 0.7496 | Time: 00:00:12
Epoch 027 | Seed 42 | Rate 0.05 | Train Loss: 0.4741 | Val Loss: 0.7100 | Acc (clean): 0.8857 | Acc (poison): 0.8523 | Val Acc: 0.7863 | Time: 00:00:12
Epoch 028 | Seed 42 | Rate 0.05 | Train Loss: 0.4749 | Val Loss: 0.7546 | Acc (clean): 0.8839 | Acc (poison): 0.8508 | Val Acc: 0.7796 | Time: 00:00:12
Epoch 029 | Seed 42 | Rate 0.05 | Train Loss: 0.4561 | Val Loss: 0.6864 | Acc (clean): 0.8898 | Acc (poison): 0.8556 | Val Acc: 0.7859 | Time: 00:00:12
Epoch 030 | Seed 42 | Rate 0.05 | Train Loss: 0.4472 | Val Loss: 0.6876 | Acc (clean): 0.8909 | Acc (poison): 0.8593 | Val Acc: 0.7959 | Time: 00:00:12
Epoch 031 | Seed 42 | Rate 0.05 | Train Loss: 0.4549 | Val Loss: 0.7870 | Acc (clean): 0.8881 | Acc (poison): 0.8562 | Val Acc: 0.7663 | Time: 00:00:12
Epoch 032 | Seed 42 | Rate 0.05 | Train Loss: 0.4528 | Val Loss: 0.7370 | Acc (clean): 0.8893 | Acc (poison): 0.8574 | Val Acc: 0.7859 | Time: 00:00:12
Epoch 033 | Seed 42 | Rate 0.05 | Train Loss: 0.4399 | Val Loss: 0.7354 | Acc (clean): 0.8929 | Acc (poison): 0.8606 | Val Acc: 0.7830 | Time: 00:00:12
Epoch 034 | Seed 42 | Rate 0.05 | Train Loss: 0.4362 | Val Loss: 0.7364 | Acc (clean): 0.8958 | Acc (poison): 0.8644 | Val Acc: 0.7744 | Time: 00:00:12
Epoch 035 | Seed 42 | Rate 0.05 | Train Loss: 0.4382 | Val Loss: 0.6657 | Acc (clean): 0.8933 | Acc (poison): 0.8608 | Val Acc: 0.7985 | Time: 00:00:12
Epoch 036 | Seed 42 | Rate 0.05 | Train Loss: 0.4326 | Val Loss: 0.6902 | Acc (clean): 0.8930 | Acc (poison): 0.8613 | Val Acc: 0.8011 | Time: 00:00:12
Epoch 037 | Seed 42 | Rate 0.05 | Train Loss: 0.4278 | Val Loss: 0.7124 | Acc (clean): 0.8964 | Acc (poison): 0.8663 | Val Acc: 0.7919 | Time: 00:00:12
Epoch 038 | Seed 42 | Rate 0.05 | Train Loss: 0.4215 | Val Loss: 0.8154 | Acc (clean): 0.8970 | Acc (poison): 0.8678 | Val Acc: 0.7737 | Time: 00:00:12
Epoch 039 | Seed 42 | Rate 0.05 | Train Loss: 0.4198 | Val Loss: 0.6782 | Acc (clean): 0.8958 | Acc (poison): 0.8666 | Val Acc: 0.8011 | Time: 00:00:12
Epoch 040 | Seed 42 | Rate 0.05 | Train Loss: 0.4062 | Val Loss: 0.7379 | Acc (clean): 0.9016 | Acc (poison): 0.8725 | Val Acc: 0.7781 | Time: 00:00:12
Epoch 041 | Seed 42 | Rate 0.05 | Train Loss: 0.3979 | Val Loss: 0.6312 | Acc (clean): 0.9028 | Acc (poison): 0.8744 | Val Acc: 0.8170 | Time: 00:00:12
Epoch 042 | Seed 42 | Rate 0.05 | Train Loss: 0.4121 | Val Loss: 0.8125 | Acc (clean): 0.8977 | Acc (poison): 0.8695 | Val Acc: 0.7667 | Time: 00:00:12
Epoch 043 | Seed 42 | Rate 0.05 | Train Loss: 0.4083 | Val Loss: 0.8079 | Acc (clean): 0.8958 | Acc (poison): 0.8686 | Val Acc: 0.7689 | Time: 00:00:12
Epoch 044 | Seed 42 | Rate 0.05 | Train Loss: 0.4006 | Val Loss: 0.8520 | Acc (clean): 0.9006 | Acc (poison): 0.8723 | Val Acc: 0.7556 | Time: 00:00:12
Epoch 045 | Seed 42 | Rate 0.05 | Train Loss: 0.4012 | Val Loss: 0.7629 | Acc (clean): 0.9010 | Acc (poison): 0.8734 | Val Acc: 0.7804 | Time: 00:00:12
Epoch 046 | Seed 42 | Rate 0.05 | Train Loss: 0.3873 | Val Loss: 0.7581 | Acc (clean): 0.9032 | Acc (poison): 0.8759 | Val Acc: 0.7637 | Time: 00:00:12
Epoch 047 | Seed 42 | Rate 0.05 | Train Loss: 0.4086 | Val Loss: 0.9503 | Acc (clean): 0.8970 | Acc (poison): 0.8721 | Val Acc: 0.7348 | Time: 00:00:12
Epoch 048 | Seed 42 | Rate 0.05 | Train Loss: 0.3845 | Val Loss: 0.9178 | Acc (clean): 0.9038 | Acc (poison): 0.8760 | Val Acc: 0.7348 | Time: 00:00:12
Epoch 049 | Seed 42 | Rate 0.05 | Train Loss: 0.3853 | Val Loss: 1.0400 | Acc (clean): 0.9049 | Acc (poison): 0.8777 | Val Acc: 0.7085 | Time: 00:00:12
Epoch 050 | Seed 42 | Rate 0.05 | Train Loss: 0.3771 | Val Loss: 0.6869 | Acc (clean): 0.9051 | Acc (poison): 0.8798 | Val Acc: 0.7885 | Time: 00:00:12
Epoch 051 | Seed 42 | Rate 0.05 | Train Loss: 0.2140 | Val Loss: 0.3124 | Acc (clean): 0.9565 | Acc (poison): 0.9339 | Val Acc: 0.9089 | Time: 00:00:13
Epoch 052 | Seed 42 | Rate 0.05 | Train Loss: 0.1562 | Val Loss: 0.3025 | Acc (clean): 0.9674 | Acc (poison): 0.9511 | Val Acc: 0.9111 | Time: 00:00:13
Epoch 053 | Seed 42 | Rate 0.05 | Train Loss: 0.1340 | Val Loss: 0.3144 | Acc (clean): 0.9685 | Acc (poison): 0.9591 | Val Acc: 0.9033 | Time: 00:00:12
Epoch 054 | Seed 42 | Rate 0.05 | Train Loss: 0.1226 | Val Loss: 0.2970 | Acc (clean): 0.9688 | Acc (poison): 0.9635 | Val Acc: 0.9074 | Time: 00:00:13
Epoch 055 | Seed 42 | Rate 0.05 | Train Loss: 0.1085 | Val Loss: 0.2963 | Acc (clean): 0.9662 | Acc (poison): 0.9677 | Val Acc: 0.9089 | Time: 00:00:13
Epoch 056 | Seed 42 | Rate 0.05 | Train Loss: 0.0997 | Val Loss: 0.2965 | Acc (clean): 0.9647 | Acc (poison): 0.9710 | Val Acc: 0.9078 | Time: 00:00:12
Epoch 057 | Seed 42 | Rate 0.05 | Train Loss: 0.0924 | Val Loss: 0.3039 | Acc (clean): 0.9628 | Acc (poison): 0.9740 | Val Acc: 0.9078 | Time: 00:00:12
Epoch 058 | Seed 42 | Rate 0.05 | Train Loss: 0.0835 | Val Loss: 0.3204 | Acc (clean): 0.9615 | Acc (poison): 0.9766 | Val Acc: 0.9059 | Time: 00:00:12
Epoch 059 | Seed 42 | Rate 0.05 | Train Loss: 0.0737 | Val Loss: 0.3069 | Acc (clean): 0.9601 | Acc (poison): 0.9805 | Val Acc: 0.9056 | Time: 00:00:12
Epoch 060 | Seed 42 | Rate 0.05 | Train Loss: 0.0696 | Val Loss: 0.3162 | Acc (clean): 0.9580 | Acc (poison): 0.9819 | Val Acc: 0.9007 | Time: 00:00:12
Epoch 061 | Seed 42 | Rate 0.05 | Train Loss: 0.0633 | Val Loss: 0.3163 | Acc (clean): 0.9579 | Acc (poison): 0.9842 | Val Acc: 0.9067 | Time: 00:00:12
Epoch 062 | Seed 42 | Rate 0.05 | Train Loss: 0.0575 | Val Loss: 0.3241 | Acc (clean): 0.9566 | Acc (poison): 0.9855 | Val Acc: 0.9004 | Time: 00:00:12
Epoch 063 | Seed 42 | Rate 0.05 | Train Loss: 0.0514 | Val Loss: 0.3374 | Acc (clean): 0.9545 | Acc (poison): 0.9883 | Val Acc: 0.8989 | Time: 00:00:12
Epoch 064 | Seed 42 | Rate 0.05 | Train Loss: 0.0478 | Val Loss: 0.3256 | Acc (clean): 0.9538 | Acc (poison): 0.9897 | Val Acc: 0.9037 | Time: 00:00:12
Epoch 065 | Seed 42 | Rate 0.05 | Train Loss: 0.0453 | Val Loss: 0.3285 | Acc (clean): 0.9531 | Acc (poison): 0.9899 | Val Acc: 0.9007 | Time: 00:00:12
Epoch 066 | Seed 42 | Rate 0.05 | Train Loss: 0.0425 | Val Loss: 0.3352 | Acc (clean): 0.9523 | Acc (poison): 0.9912 | Val Acc: 0.9022 | Time: 00:00:12
Epoch 067 | Seed 42 | Rate 0.05 | Train Loss: 0.0375 | Val Loss: 0.3210 | Acc (clean): 0.9515 | Acc (poison): 0.9930 | Val Acc: 0.9059 | Time: 00:00:12
Epoch 068 | Seed 42 | Rate 0.05 | Train Loss: 0.0351 | Val Loss: 0.3392 | Acc (clean): 0.9521 | Acc (poison): 0.9933 | Val Acc: 0.9015 | Time: 00:00:12
Epoch 069 | Seed 42 | Rate 0.05 | Train Loss: 0.0333 | Val Loss: 0.3322 | Acc (clean): 0.9515 | Acc (poison): 0.9938 | Val Acc: 0.9019 | Time: 00:00:12
Epoch 070 | Seed 42 | Rate 0.05 | Train Loss: 0.0306 | Val Loss: 0.3337 | Acc (clean): 0.9514 | Acc (poison): 0.9944 | Val Acc: 0.9004 | Time: 00:00:12
Epoch 071 | Seed 42 | Rate 0.05 | Train Loss: 0.0293 | Val Loss: 0.3304 | Acc (clean): 0.9505 | Acc (poison): 0.9950 | Val Acc: 0.9030 | Time: 00:00:12
Epoch 072 | Seed 42 | Rate 0.05 | Train Loss: 0.0262 | Val Loss: 0.3295 | Acc (clean): 0.9507 | Acc (poison): 0.9961 | Val Acc: 0.9041 | Time: 00:00:12
Epoch 073 | Seed 42 | Rate 0.05 | Train Loss: 0.0263 | Val Loss: 0.3316 | Acc (clean): 0.9502 | Acc (poison): 0.9954 | Val Acc: 0.9019 | Time: 00:00:12
Epoch 074 | Seed 42 | Rate 0.05 | Train Loss: 0.0257 | Val Loss: 0.3399 | Acc (clean): 0.9501 | Acc (poison): 0.9958 | Val Acc: 0.9052 | Time: 00:00:12
Epoch 075 | Seed 42 | Rate 0.05 | Train Loss: 0.0211 | Val Loss: 0.3499 | Acc (clean): 0.9498 | Acc (poison): 0.9976 | Val Acc: 0.8944 | Time: 00:00:12
Epoch 076 | Seed 42 | Rate 0.05 | Train Loss: 0.0182 | Val Loss: 0.3225 | Acc (clean): 0.9501 | Acc (poison): 0.9981 | Val Acc: 0.9041 | Time: 00:00:12
Epoch 077 | Seed 42 | Rate 0.05 | Train Loss: 0.0170 | Val Loss: 0.3250 | Acc (clean): 0.9502 | Acc (poison): 0.9984 | Val Acc: 0.9056 | Time: 00:00:12
Epoch 078 | Seed 42 | Rate 0.05 | Train Loss: 0.0156 | Val Loss: 0.3197 | Acc (clean): 0.9501 | Acc (poison): 0.9989 | Val Acc: 0.9067 | Time: 00:00:12
Epoch 079 | Seed 42 | Rate 0.05 | Train Loss: 0.0154 | Val Loss: 0.3199 | Acc (clean): 0.9502 | Acc (poison): 0.9990 | Val Acc: 0.9048 | Time: 00:00:12
Epoch 080 | Seed 42 | Rate 0.05 | Train Loss: 0.0155 | Val Loss: 0.3182 | Acc (clean): 0.9501 | Acc (poison): 0.9991 | Val Acc: 0.9048 | Time: 00:00:12
Epoch 081 | Seed 42 | Rate 0.05 | Train Loss: 0.0155 | Val Loss: 0.3264 | Acc (clean): 0.9497 | Acc (poison): 0.9990 | Val Acc: 0.9067 | Time: 00:00:12
Epoch 082 | Seed 42 | Rate 0.05 | Train Loss: 0.0150 | Val Loss: 0.3202 | Acc (clean): 0.9502 | Acc (poison): 0.9986 | Val Acc: 0.9052 | Time: 00:00:12
Epoch 083 | Seed 42 | Rate 0.05 | Train Loss: 0.0143 | Val Loss: 0.3213 | Acc (clean): 0.9503 | Acc (poison): 0.9988 | Val Acc: 0.9063 | Time: 00:00:12
Epoch 084 | Seed 42 | Rate 0.05 | Train Loss: 0.0146 | Val Loss: 0.3164 | Acc (clean): 0.9500 | Acc (poison): 0.9989 | Val Acc: 0.9089 | Time: 00:00:12
Epoch 085 | Seed 42 | Rate 0.05 | Train Loss: 0.0140 | Val Loss: 0.3211 | Acc (clean): 0.9498 | Acc (poison): 0.9991 | Val Acc: 0.9067 | Time: 00:00:12
Epoch 086 | Seed 42 | Rate 0.05 | Train Loss: 0.0140 | Val Loss: 0.3210 | Acc (clean): 0.9502 | Acc (poison): 0.9991 | Val Acc: 0.9074 | Time: 00:00:12
Epoch 087 | Seed 42 | Rate 0.05 | Train Loss: 0.0134 | Val Loss: 0.3208 | Acc (clean): 0.9504 | Acc (poison): 0.9992 | Val Acc: 0.9081 | Time: 00:00:12
Epoch 088 | Seed 42 | Rate 0.05 | Train Loss: 0.0137 | Val Loss: 0.3204 | Acc (clean): 0.9500 | Acc (poison): 0.9991 | Val Acc: 0.9070 | Time: 00:00:12
Epoch 089 | Seed 42 | Rate 0.05 | Train Loss: 0.0141 | Val Loss: 0.3194 | Acc (clean): 0.9495 | Acc (poison): 0.9988 | Val Acc: 0.9070 | Time: 00:00:12
Epoch 090 | Seed 42 | Rate 0.05 | Train Loss: 0.0139 | Val Loss: 0.3239 | Acc (clean): 0.9502 | Acc (poison): 0.9990 | Val Acc: 0.9070 | Time: 00:00:12
Epoch 091 | Seed 42 | Rate 0.05 | Train Loss: 0.0128 | Val Loss: 0.3231 | Acc (clean): 0.9502 | Acc (poison): 0.9993 | Val Acc: 0.9052 | Time: 00:00:12
Epoch 092 | Seed 42 | Rate 0.05 | Train Loss: 0.0138 | Val Loss: 0.3259 | Acc (clean): 0.9498 | Acc (poison): 0.9988 | Val Acc: 0.9074 | Time: 00:00:12
Epoch 093 | Seed 42 | Rate 0.05 | Train Loss: 0.0133 | Val Loss: 0.3236 | Acc (clean): 0.9500 | Acc (poison): 0.9993 | Val Acc: 0.9056 | Time: 00:00:12
Epoch 094 | Seed 42 | Rate 0.05 | Train Loss: 0.0134 | Val Loss: 0.3235 | Acc (clean): 0.9498 | Acc (poison): 0.9993 | Val Acc: 0.9067 | Time: 00:00:12
Epoch 095 | Seed 42 | Rate 0.05 | Train Loss: 0.0133 | Val Loss: 0.3216 | Acc (clean): 0.9498 | Acc (poison): 0.9992 | Val Acc: 0.9052 | Time: 00:00:12
Epoch 096 | Seed 42 | Rate 0.05 | Train Loss: 0.0129 | Val Loss: 0.3267 | Acc (clean): 0.9498 | Acc (poison): 0.9991 | Val Acc: 0.9011 | Time: 00:00:12
Epoch 097 | Seed 42 | Rate 0.05 | Train Loss: 0.0129 | Val Loss: 0.3185 | Acc (clean): 0.9502 | Acc (poison): 0.9992 | Val Acc: 0.9063 | Time: 00:00:12
Epoch 098 | Seed 42 | Rate 0.05 | Train Loss: 0.0129 | Val Loss: 0.3229 | Acc (clean): 0.9500 | Acc (poison): 0.9993 | Val Acc: 0.9037 | Time: 00:00:12
Epoch 099 | Seed 42 | Rate 0.05 | Train Loss: 0.0125 | Val Loss: 0.3239 | Acc (clean): 0.9500 | Acc (poison): 0.9993 | Val Acc: 0.9078 | Time: 00:00:12
Epoch 100 | Seed 42 | Rate 0.05 | Train Loss: 0.0129 | Val Loss: 0.3238 | Acc (clean): 0.9497 | Acc (poison): 0.9991 | Val Acc: 0.9059 | Time: 00:00:12

=== defense=none attack=RQ2 seed=42 rate=0.1 ===
Loading train data from /home/yazanme/BachelorThesis/BachelorThesis/data/processed/resisc45/train.h5 with mapping /home/yazanme/BachelorThesis/BachelorThesis/data/processed/resisc45/poisoned/RQ2/seed_42/labels_0.10.pt... (in_memory=True, workers=4)
Testing torch.compile support...
Successfully compiled model using torch.compile.
Epoch 001 | Seed 42 | Rate 0.10 | Train Loss: 2.8557 | Val Loss: 2.2869 | Acc (clean): 0.2547 | Acc (poison): 0.2460 | Val Acc: 0.3500 | Time: 00:00:13
Epoch 002 | Seed 42 | Rate 0.10 | Train Loss: 2.0344 | Val Loss: 2.4452 | Acc (clean): 0.4360 | Acc (poison): 0.4125 | Val Acc: 0.3452 | Time: 00:00:12
Epoch 003 | Seed 42 | Rate 0.10 | Train Loss: 1.7182 | Val Loss: 1.8211 | Acc (clean): 0.5208 | Acc (poison): 0.4880 | Val Acc: 0.4507 | Time: 00:00:13
Epoch 004 | Seed 42 | Rate 0.10 | Train Loss: 1.5234 | Val Loss: 1.6498 | Acc (clean): 0.5775 | Acc (poison): 0.5397 | Val Acc: 0.5070 | Time: 00:00:13
Epoch 005 | Seed 42 | Rate 0.10 | Train Loss: 1.3688 | Val Loss: 1.6028 | Acc (clean): 0.6233 | Acc (poison): 0.5799 | Val Acc: 0.5515 | Time: 00:00:13
Epoch 006 | Seed 42 | Rate 0.10 | Train Loss: 1.2407 | Val Loss: 1.3951 | Acc (clean): 0.6606 | Acc (poison): 0.6128 | Val Acc: 0.5863 | Time: 00:00:13
Epoch 007 | Seed 42 | Rate 0.10 | Train Loss: 1.1181 | Val Loss: 1.2964 | Acc (clean): 0.6957 | Acc (poison): 0.6445 | Val Acc: 0.6093 | Time: 00:00:13
Epoch 008 | Seed 42 | Rate 0.10 | Train Loss: 1.0173 | Val Loss: 1.4381 | Acc (clean): 0.7261 | Acc (poison): 0.6705 | Val Acc: 0.5896 | Time: 00:00:12
Epoch 009 | Seed 42 | Rate 0.10 | Train Loss: 0.9359 | Val Loss: 0.9444 | Acc (clean): 0.7521 | Acc (poison): 0.6948 | Val Acc: 0.7141 | Time: 00:00:13
Epoch 010 | Seed 42 | Rate 0.10 | Train Loss: 0.8652 | Val Loss: 1.0110 | Acc (clean): 0.7725 | Acc (poison): 0.7129 | Val Acc: 0.6881 | Time: 00:00:12
Epoch 011 | Seed 42 | Rate 0.10 | Train Loss: 0.8237 | Val Loss: 0.8319 | Acc (clean): 0.7901 | Acc (poison): 0.7283 | Val Acc: 0.7481 | Time: 00:00:14
Epoch 012 | Seed 42 | Rate 0.10 | Train Loss: 0.7804 | Val Loss: 0.8580 | Acc (clean): 0.8014 | Acc (poison): 0.7391 | Val Acc: 0.7378 | Time: 00:00:12
Epoch 013 | Seed 42 | Rate 0.10 | Train Loss: 0.7502 | Val Loss: 0.8580 | Acc (clean): 0.8088 | Acc (poison): 0.7469 | Val Acc: 0.7444 | Time: 00:00:12
Epoch 014 | Seed 42 | Rate 0.10 | Train Loss: 0.7271 | Val Loss: 0.8936 | Acc (clean): 0.8182 | Acc (poison): 0.7529 | Val Acc: 0.7293 | Time: 00:00:12
Epoch 015 | Seed 42 | Rate 0.10 | Train Loss: 0.6998 | Val Loss: 0.9937 | Acc (clean): 0.8300 | Acc (poison): 0.7656 | Val Acc: 0.7026 | Time: 00:00:12
Epoch 016 | Seed 42 | Rate 0.10 | Train Loss: 0.6842 | Val Loss: 0.8811 | Acc (clean): 0.8288 | Acc (poison): 0.7661 | Val Acc: 0.7315 | Time: 00:00:13
Epoch 017 | Seed 42 | Rate 0.10 | Train Loss: 0.6691 | Val Loss: 0.7077 | Acc (clean): 0.8356 | Acc (poison): 0.7727 | Val Acc: 0.7941 | Time: 00:00:16
Epoch 018 | Seed 42 | Rate 0.10 | Train Loss: 0.6485 | Val Loss: 0.7391 | Acc (clean): 0.8446 | Acc (poison): 0.7784 | Val Acc: 0.7796 | Time: 00:00:12
Epoch 019 | Seed 42 | Rate 0.10 | Train Loss: 0.6485 | Val Loss: 0.7731 | Acc (clean): 0.8401 | Acc (poison): 0.7793 | Val Acc: 0.7681 | Time: 00:00:11
Epoch 020 | Seed 42 | Rate 0.10 | Train Loss: 0.6323 | Val Loss: 0.9183 | Acc (clean): 0.8500 | Acc (poison): 0.7840 | Val Acc: 0.7304 | Time: 00:00:12
Epoch 021 | Seed 42 | Rate 0.10 | Train Loss: 0.6276 | Val Loss: 0.8808 | Acc (clean): 0.8530 | Acc (poison): 0.7857 | Val Acc: 0.7456 | Time: 00:00:12
Epoch 022 | Seed 42 | Rate 0.10 | Train Loss: 0.6107 | Val Loss: 0.7560 | Acc (clean): 0.8549 | Acc (poison): 0.7911 | Val Acc: 0.7689 | Time: 00:00:12
Epoch 023 | Seed 42 | Rate 0.10 | Train Loss: 0.5912 | Val Loss: 0.7286 | Acc (clean): 0.8621 | Acc (poison): 0.7977 | Val Acc: 0.7874 | Time: 00:00:12
Epoch 024 | Seed 42 | Rate 0.10 | Train Loss: 0.6057 | Val Loss: 0.8882 | Acc (clean): 0.8580 | Acc (poison): 0.7942 | Val Acc: 0.7259 | Time: 00:00:12
Epoch 025 | Seed 42 | Rate 0.10 | Train Loss: 0.5954 | Val Loss: 0.8377 | Acc (clean): 0.8599 | Acc (poison): 0.7957 | Val Acc: 0.7570 | Time: 00:00:12
Epoch 026 | Seed 42 | Rate 0.10 | Train Loss: 0.5756 | Val Loss: 0.8481 | Acc (clean): 0.8640 | Acc (poison): 0.8013 | Val Acc: 0.7459 | Time: 00:00:12
Epoch 027 | Seed 42 | Rate 0.10 | Train Loss: 0.5731 | Val Loss: 0.7618 | Acc (clean): 0.8665 | Acc (poison): 0.8049 | Val Acc: 0.7785 | Time: 00:00:12
Epoch 028 | Seed 42 | Rate 0.10 | Train Loss: 0.5868 | Val Loss: 0.6821 | Acc (clean): 0.8614 | Acc (poison): 0.7991 | Val Acc: 0.7996 | Time: 00:00:13
Epoch 029 | Seed 42 | Rate 0.10 | Train Loss: 0.5651 | Val Loss: 0.7232 | Acc (clean): 0.8695 | Acc (poison): 0.8058 | Val Acc: 0.7815 | Time: 00:00:12
Epoch 030 | Seed 42 | Rate 0.10 | Train Loss: 0.5552 | Val Loss: 0.8179 | Acc (clean): 0.8686 | Acc (poison): 0.8076 | Val Acc: 0.7541 | Time: 00:00:12
Epoch 031 | Seed 42 | Rate 0.10 | Train Loss: 0.5387 | Val Loss: 0.6959 | Acc (clean): 0.8741 | Acc (poison): 0.8132 | Val Acc: 0.7848 | Time: 00:00:12
Epoch 032 | Seed 42 | Rate 0.10 | Train Loss: 0.5545 | Val Loss: 0.8594 | Acc (clean): 0.8690 | Acc (poison): 0.8068 | Val Acc: 0.7404 | Time: 00:00:12
Epoch 033 | Seed 42 | Rate 0.10 | Train Loss: 0.5394 | Val Loss: 0.7536 | Acc (clean): 0.8733 | Acc (poison): 0.8143 | Val Acc: 0.7744 | Time: 00:00:12
Epoch 034 | Seed 42 | Rate 0.10 | Train Loss: 0.5393 | Val Loss: 0.7485 | Acc (clean): 0.8723 | Acc (poison): 0.8133 | Val Acc: 0.7744 | Time: 00:00:12
Epoch 035 | Seed 42 | Rate 0.10 | Train Loss: 0.5215 | Val Loss: 0.9119 | Acc (clean): 0.8763 | Acc (poison): 0.8183 | Val Acc: 0.7241 | Time: 00:00:12
Epoch 036 | Seed 42 | Rate 0.10 | Train Loss: 0.5236 | Val Loss: 0.6858 | Acc (clean): 0.8760 | Acc (poison): 0.8174 | Val Acc: 0.7944 | Time: 00:00:12
Epoch 037 | Seed 42 | Rate 0.10 | Train Loss: 0.5161 | Val Loss: 0.7562 | Acc (clean): 0.8801 | Acc (poison): 0.8209 | Val Acc: 0.7785 | Time: 00:00:12
Epoch 038 | Seed 42 | Rate 0.10 | Train Loss: 0.5278 | Val Loss: 1.1596 | Acc (clean): 0.8744 | Acc (poison): 0.8178 | Val Acc: 0.6833 | Time: 00:00:12
Epoch 039 | Seed 42 | Rate 0.10 | Train Loss: 0.5153 | Val Loss: 0.8268 | Acc (clean): 0.8769 | Acc (poison): 0.8221 | Val Acc: 0.7570 | Time: 00:00:12
Epoch 040 | Seed 42 | Rate 0.10 | Train Loss: 0.5165 | Val Loss: 0.7933 | Acc (clean): 0.8784 | Acc (poison): 0.8208 | Val Acc: 0.7667 | Time: 00:00:12
Epoch 041 | Seed 42 | Rate 0.10 | Train Loss: 0.4890 | Val Loss: 0.7095 | Acc (clean): 0.8821 | Acc (poison): 0.8289 | Val Acc: 0.7863 | Time: 00:00:12
Epoch 042 | Seed 42 | Rate 0.10 | Train Loss: 0.5035 | Val Loss: 0.8832 | Acc (clean): 0.8742 | Acc (poison): 0.8230 | Val Acc: 0.7356 | Time: 00:00:12
Epoch 043 | Seed 42 | Rate 0.10 | Train Loss: 0.5065 | Val Loss: 0.9381 | Acc (clean): 0.8755 | Acc (poison): 0.8234 | Val Acc: 0.7163 | Time: 00:00:12
Epoch 044 | Seed 42 | Rate 0.10 | Train Loss: 0.4970 | Val Loss: 0.7802 | Acc (clean): 0.8799 | Acc (poison): 0.8280 | Val Acc: 0.7707 | Time: 00:00:12
Epoch 045 | Seed 42 | Rate 0.10 | Train Loss: 0.4870 | Val Loss: 0.8336 | Acc (clean): 0.8829 | Acc (poison): 0.8294 | Val Acc: 0.7533 | Time: 00:00:12
Epoch 046 | Seed 42 | Rate 0.10 | Train Loss: 0.4902 | Val Loss: 0.8102 | Acc (clean): 0.8791 | Acc (poison): 0.8298 | Val Acc: 0.7748 | Time: 00:00:12
Epoch 047 | Seed 42 | Rate 0.10 | Train Loss: 0.4999 | Val Loss: 0.9248 | Acc (clean): 0.8752 | Acc (poison): 0.8264 | Val Acc: 0.7230 | Time: 00:00:12
Epoch 048 | Seed 42 | Rate 0.10 | Train Loss: 0.4811 | Val Loss: 0.8013 | Acc (clean): 0.8802 | Acc (poison): 0.8309 | Val Acc: 0.7674 | Time: 00:00:12
Epoch 049 | Seed 42 | Rate 0.10 | Train Loss: 0.4780 | Val Loss: 0.8721 | Acc (clean): 0.8774 | Acc (poison): 0.8315 | Val Acc: 0.7393 | Time: 00:00:12
Epoch 050 | Seed 42 | Rate 0.10 | Train Loss: 0.4691 | Val Loss: 0.8767 | Acc (clean): 0.8838 | Acc (poison): 0.8353 | Val Acc: 0.7493 | Time: 00:00:12
Epoch 051 | Seed 42 | Rate 0.10 | Train Loss: 0.2848 | Val Loss: 0.3918 | Acc (clean): 0.9360 | Acc (poison): 0.8977 | Val Acc: 0.8807 | Time: 00:00:13
Epoch 052 | Seed 42 | Rate 0.10 | Train Loss: 0.2245 | Val Loss: 0.3643 | Acc (clean): 0.9427 | Acc (poison): 0.9200 | Val Acc: 0.8926 | Time: 00:00:13
Epoch 053 | Seed 42 | Rate 0.10 | Train Loss: 0.2008 | Val Loss: 0.3743 | Acc (clean): 0.9414 | Acc (poison): 0.9290 | Val Acc: 0.8844 | Time: 00:00:12
Epoch 054 | Seed 42 | Rate 0.10 | Train Loss: 0.1832 | Val Loss: 0.3714 | Acc (clean): 0.9386 | Acc (poison): 0.9369 | Val Acc: 0.8859 | Time: 00:00:12
Epoch 055 | Seed 42 | Rate 0.10 | Train Loss: 0.1683 | Val Loss: 0.3649 | Acc (clean): 0.9329 | Acc (poison): 0.9432 | Val Acc: 0.8867 | Time: 00:00:12
Epoch 056 | Seed 42 | Rate 0.10 | Train Loss: 0.1531 | Val Loss: 0.3702 | Acc (clean): 0.9287 | Acc (poison): 0.9475 | Val Acc: 0.8796 | Time: 00:00:12
Epoch 057 | Seed 42 | Rate 0.10 | Train Loss: 0.1380 | Val Loss: 0.3759 | Acc (clean): 0.9248 | Acc (poison): 0.9550 | Val Acc: 0.8781 | Time: 00:00:12
Epoch 058 | Seed 42 | Rate 0.10 | Train Loss: 0.1281 | Val Loss: 0.3850 | Acc (clean): 0.9209 | Acc (poison): 0.9599 | Val Acc: 0.8707 | Time: 00:00:12
Epoch 059 | Seed 42 | Rate 0.10 | Train Loss: 0.1149 | Val Loss: 0.3816 | Acc (clean): 0.9188 | Acc (poison): 0.9647 | Val Acc: 0.8722 | Time: 00:00:12
Epoch 060 | Seed 42 | Rate 0.10 | Train Loss: 0.1057 | Val Loss: 0.3804 | Acc (clean): 0.9158 | Acc (poison): 0.9683 | Val Acc: 0.8741 | Time: 00:00:12
Epoch 061 | Seed 42 | Rate 0.10 | Train Loss: 0.0956 | Val Loss: 0.3844 | Acc (clean): 0.9134 | Acc (poison): 0.9714 | Val Acc: 0.8730 | Time: 00:00:12
Epoch 062 | Seed 42 | Rate 0.10 | Train Loss: 0.0876 | Val Loss: 0.3961 | Acc (clean): 0.9114 | Acc (poison): 0.9752 | Val Acc: 0.8633 | Time: 00:00:12
Epoch 063 | Seed 42 | Rate 0.10 | Train Loss: 0.0787 | Val Loss: 0.3871 | Acc (clean): 0.9089 | Acc (poison): 0.9791 | Val Acc: 0.8704 | Time: 00:00:12
Epoch 064 | Seed 42 | Rate 0.10 | Train Loss: 0.0740 | Val Loss: 0.4134 | Acc (clean): 0.9068 | Acc (poison): 0.9804 | Val Acc: 0.8607 | Time: 00:00:12
Epoch 065 | Seed 42 | Rate 0.10 | Train Loss: 0.0657 | Val Loss: 0.3784 | Acc (clean): 0.9058 | Acc (poison): 0.9840 | Val Acc: 0.8756 | Time: 00:00:12
Epoch 066 | Seed 42 | Rate 0.10 | Train Loss: 0.0603 | Val Loss: 0.3968 | Acc (clean): 0.9057 | Acc (poison): 0.9864 | Val Acc: 0.8711 | Time: 00:00:12
Epoch 067 | Seed 42 | Rate 0.10 | Train Loss: 0.0570 | Val Loss: 0.3954 | Acc (clean): 0.9033 | Acc (poison): 0.9864 | Val Acc: 0.8689 | Time: 00:00:12
Epoch 068 | Seed 42 | Rate 0.10 | Train Loss: 0.0499 | Val Loss: 0.3979 | Acc (clean): 0.9026 | Acc (poison): 0.9895 | Val Acc: 0.8648 | Time: 00:00:12
Epoch 069 | Seed 42 | Rate 0.10 | Train Loss: 0.0491 | Val Loss: 0.4030 | Acc (clean): 0.9019 | Acc (poison): 0.9889 | Val Acc: 0.8656 | Time: 00:00:12
Epoch 070 | Seed 42 | Rate 0.10 | Train Loss: 0.0422 | Val Loss: 0.4104 | Acc (clean): 0.9024 | Acc (poison): 0.9911 | Val Acc: 0.8689 | Time: 00:00:12
Epoch 071 | Seed 42 | Rate 0.10 | Train Loss: 0.0427 | Val Loss: 0.4189 | Acc (clean): 0.9015 | Acc (poison): 0.9914 | Val Acc: 0.8622 | Time: 00:00:12
Epoch 072 | Seed 42 | Rate 0.10 | Train Loss: 0.0382 | Val Loss: 0.3894 | Acc (clean): 0.9010 | Acc (poison): 0.9930 | Val Acc: 0.8744 | Time: 00:00:12
Epoch 073 | Seed 42 | Rate 0.10 | Train Loss: 0.0375 | Val Loss: 0.4385 | Acc (clean): 0.9012 | Acc (poison): 0.9920 | Val Acc: 0.8563 | Time: 00:00:12
Epoch 074 | Seed 42 | Rate 0.10 | Train Loss: 0.0364 | Val Loss: 0.4077 | Acc (clean): 0.9005 | Acc (poison): 0.9930 | Val Acc: 0.8759 | Time: 00:00:12
Epoch 075 | Seed 42 | Rate 0.10 | Train Loss: 0.0329 | Val Loss: 0.4087 | Acc (clean): 0.9004 | Acc (poison): 0.9936 | Val Acc: 0.8659 | Time: 00:00:12
Epoch 076 | Seed 42 | Rate 0.10 | Train Loss: 0.0260 | Val Loss: 0.3872 | Acc (clean): 0.9012 | Acc (poison): 0.9965 | Val Acc: 0.8741 | Time: 00:00:12
Epoch 077 | Seed 42 | Rate 0.10 | Train Loss: 0.0218 | Val Loss: 0.3844 | Acc (clean): 0.9001 | Acc (poison): 0.9977 | Val Acc: 0.8726 | Time: 00:00:12
Epoch 078 | Seed 42 | Rate 0.10 | Train Loss: 0.0205 | Val Loss: 0.3765 | Acc (clean): 0.9004 | Acc (poison): 0.9977 | Val Acc: 0.8789 | Time: 00:00:12
Epoch 079 | Seed 42 | Rate 0.10 | Train Loss: 0.0199 | Val Loss: 0.3811 | Acc (clean): 0.9005 | Acc (poison): 0.9978 | Val Acc: 0.8785 | Time: 00:00:12
Epoch 080 | Seed 42 | Rate 0.10 | Train Loss: 0.0186 | Val Loss: 0.3763 | Acc (clean): 0.9005 | Acc (poison): 0.9982 | Val Acc: 0.8778 | Time: 00:00:12
Epoch 081 | Seed 42 | Rate 0.10 | Train Loss: 0.0188 | Val Loss: 0.3791 | Acc (clean): 0.9003 | Acc (poison): 0.9983 | Val Acc: 0.8804 | Time: 00:00:12
Epoch 082 | Seed 42 | Rate 0.10 | Train Loss: 0.0182 | Val Loss: 0.3768 | Acc (clean): 0.9002 | Acc (poison): 0.9985 | Val Acc: 0.8778 | Time: 00:00:12
Epoch 083 | Seed 42 | Rate 0.10 | Train Loss: 0.0177 | Val Loss: 0.3751 | Acc (clean): 0.9005 | Acc (poison): 0.9984 | Val Acc: 0.8800 | Time: 00:00:12
Epoch 084 | Seed 42 | Rate 0.10 | Train Loss: 0.0177 | Val Loss: 0.3749 | Acc (clean): 0.9004 | Acc (poison): 0.9986 | Val Acc: 0.8815 | Time: 00:00:12
Epoch 085 | Seed 42 | Rate 0.10 | Train Loss: 0.0168 | Val Loss: 0.3790 | Acc (clean): 0.9005 | Acc (poison): 0.9987 | Val Acc: 0.8778 | Time: 00:00:12
Epoch 086 | Seed 42 | Rate 0.10 | Train Loss: 0.0170 | Val Loss: 0.3740 | Acc (clean): 0.9000 | Acc (poison): 0.9986 | Val Acc: 0.8785 | Time: 00:00:13
Epoch 087 | Seed 42 | Rate 0.10 | Train Loss: 0.0166 | Val Loss: 0.3694 | Acc (clean): 0.9002 | Acc (poison): 0.9989 | Val Acc: 0.8793 | Time: 00:00:12
Epoch 088 | Seed 42 | Rate 0.10 | Train Loss: 0.0158 | Val Loss: 0.3725 | Acc (clean): 0.9000 | Acc (poison): 0.9989 | Val Acc: 0.8833 | Time: 00:00:12
Epoch 089 | Seed 42 | Rate 0.10 | Train Loss: 0.0166 | Val Loss: 0.3709 | Acc (clean): 0.9000 | Acc (poison): 0.9983 | Val Acc: 0.8826 | Time: 00:00:12
Epoch 090 | Seed 42 | Rate 0.10 | Train Loss: 0.0166 | Val Loss: 0.3756 | Acc (clean): 0.9002 | Acc (poison): 0.9982 | Val Acc: 0.8815 | Time: 00:00:12
Epoch 091 | Seed 42 | Rate 0.10 | Train Loss: 0.0159 | Val Loss: 0.3764 | Acc (clean): 0.9002 | Acc (poison): 0.9987 | Val Acc: 0.8804 | Time: 00:00:12
Epoch 092 | Seed 42 | Rate 0.10 | Train Loss: 0.0162 | Val Loss: 0.3809 | Acc (clean): 0.9000 | Acc (poison): 0.9983 | Val Acc: 0.8811 | Time: 00:00:12
Epoch 093 | Seed 42 | Rate 0.10 | Train Loss: 0.0159 | Val Loss: 0.3807 | Acc (clean): 0.8994 | Acc (poison): 0.9985 | Val Acc: 0.8796 | Time: 00:00:12
Epoch 094 | Seed 42 | Rate 0.10 | Train Loss: 0.0156 | Val Loss: 0.3716 | Acc (clean): 0.8998 | Acc (poison): 0.9987 | Val Acc: 0.8830 | Time: 00:00:12
Epoch 095 | Seed 42 | Rate 0.10 | Train Loss: 0.0155 | Val Loss: 0.3739 | Acc (clean): 0.9000 | Acc (poison): 0.9988 | Val Acc: 0.8793 | Time: 00:00:12
Epoch 096 | Seed 42 | Rate 0.10 | Train Loss: 0.0153 | Val Loss: 0.3819 | Acc (clean): 0.9000 | Acc (poison): 0.9988 | Val Acc: 0.8763 | Time: 00:00:12
Epoch 097 | Seed 42 | Rate 0.10 | Train Loss: 0.0146 | Val Loss: 0.3765 | Acc (clean): 0.9004 | Acc (poison): 0.9990 | Val Acc: 0.8789 | Time: 00:00:12
Epoch 098 | Seed 42 | Rate 0.10 | Train Loss: 0.0148 | Val Loss: 0.3783 | Acc (clean): 0.8999 | Acc (poison): 0.9990 | Val Acc: 0.8778 | Time: 00:00:12
Epoch 099 | Seed 42 | Rate 0.10 | Train Loss: 0.0149 | Val Loss: 0.3726 | Acc (clean): 0.8998 | Acc (poison): 0.9988 | Val Acc: 0.8811 | Time: 00:00:12
Epoch 100 | Seed 42 | Rate 0.10 | Train Loss: 0.0147 | Val Loss: 0.3763 | Acc (clean): 0.9000 | Acc (poison): 0.9993 | Val Acc: 0.8793 | Time: 00:00:12

=== defense=none attack=RQ2 seed=42 rate=0.2 ===
Loading train data from /home/yazanme/BachelorThesis/BachelorThesis/data/processed/resisc45/train.h5 with mapping /home/yazanme/BachelorThesis/BachelorThesis/data/processed/resisc45/poisoned/RQ2/seed_42/labels_0.20.pt... (in_memory=True, workers=4)
Testing torch.compile support...
Successfully compiled model using torch.compile.
Epoch 001 | Seed 42 | Rate 0.20 | Train Loss: 2.7747 | Val Loss: 2.4258 | Acc (clean): 0.2629 | Acc (poison): 0.2484 | Val Acc: 0.3122 | Time: 00:00:14
Epoch 002 | Seed 42 | Rate 0.20 | Train Loss: 2.0160 | Val Loss: 1.9737 | Acc (clean): 0.4324 | Acc (poison): 0.3962 | Val Acc: 0.4193 | Time: 00:00:13
Epoch 003 | Seed 42 | Rate 0.20 | Train Loss: 1.7375 | Val Loss: 1.8540 | Acc (clean): 0.5048 | Acc (poison): 0.4523 | Val Acc: 0.4526 | Time: 00:00:13
Epoch 004 | Seed 42 | Rate 0.20 | Train Loss: 1.5501 | Val Loss: 1.6225 | Acc (clean): 0.5584 | Acc (poison): 0.4991 | Val Acc: 0.5130 | Time: 00:00:13
Epoch 005 | Seed 42 | Rate 0.20 | Train Loss: 1.3969 | Val Loss: 1.3684 | Acc (clean): 0.6052 | Acc (poison): 0.5353 | Val Acc: 0.5822 | Time: 00:00:13
Epoch 006 | Seed 42 | Rate 0.20 | Train Loss: 1.2549 | Val Loss: 1.2080 | Acc (clean): 0.6372 | Acc (poison): 0.5618 | Val Acc: 0.6270 | Time: 00:00:14
Epoch 007 | Seed 42 | Rate 0.20 | Train Loss: 1.1312 | Val Loss: 1.3366 | Acc (clean): 0.6716 | Acc (poison): 0.5910 | Val Acc: 0.5856 | Time: 00:00:12
Epoch 008 | Seed 42 | Rate 0.20 | Train Loss: 1.0495 | Val Loss: 1.1517 | Acc (clean): 0.6892 | Acc (poison): 0.6070 | Val Acc: 0.6407 | Time: 00:00:14
Epoch 009 | Seed 42 | Rate 0.20 | Train Loss: 0.9850 | Val Loss: 1.0006 | Acc (clean): 0.7079 | Acc (poison): 0.6218 | Val Acc: 0.6652 | Time: 00:00:14
Epoch 010 | Seed 42 | Rate 0.20 | Train Loss: 0.9389 | Val Loss: 1.2981 | Acc (clean): 0.7280 | Acc (poison): 0.6374 | Val Acc: 0.5789 | Time: 00:00:12
Epoch 011 | Seed 42 | Rate 0.20 | Train Loss: 0.9065 | Val Loss: 0.9377 | Acc (clean): 0.7421 | Acc (poison): 0.6458 | Val Acc: 0.6944 | Time: 00:00:13
Epoch 012 | Seed 42 | Rate 0.20 | Train Loss: 0.8694 | Val Loss: 1.0916 | Acc (clean): 0.7557 | Acc (poison): 0.6563 | Val Acc: 0.6715 | Time: 00:00:12
Epoch 013 | Seed 42 | Rate 0.20 | Train Loss: 0.8494 | Val Loss: 1.1568 | Acc (clean): 0.7631 | Acc (poison): 0.6639 | Val Acc: 0.6274 | Time: 00:00:12
Epoch 014 | Seed 42 | Rate 0.20 | Train Loss: 0.8252 | Val Loss: 1.0191 | Acc (clean): 0.7686 | Acc (poison): 0.6709 | Val Acc: 0.6959 | Time: 00:00:12
Epoch 015 | Seed 42 | Rate 0.20 | Train Loss: 0.8097 | Val Loss: 0.8956 | Acc (clean): 0.7706 | Acc (poison): 0.6744 | Val Acc: 0.7181 | Time: 00:00:14
Epoch 016 | Seed 42 | Rate 0.20 | Train Loss: 0.8028 | Val Loss: 0.9564 | Acc (clean): 0.7728 | Acc (poison): 0.6760 | Val Acc: 0.6937 | Time: 00:00:12
Epoch 017 | Seed 42 | Rate 0.20 | Train Loss: 0.7856 | Val Loss: 0.8942 | Acc (clean): 0.7792 | Acc (poison): 0.6801 | Val Acc: 0.7022 | Time: 00:00:13
Epoch 018 | Seed 42 | Rate 0.20 | Train Loss: 0.7691 | Val Loss: 1.0487 | Acc (clean): 0.7861 | Acc (poison): 0.6836 | Val Acc: 0.6874 | Time: 00:00:12
Epoch 019 | Seed 42 | Rate 0.20 | Train Loss: 0.7624 | Val Loss: 0.9353 | Acc (clean): 0.7879 | Acc (poison): 0.6878 | Val Acc: 0.7152 | Time: 00:00:12
Epoch 020 | Seed 42 | Rate 0.20 | Train Loss: 0.7492 | Val Loss: 1.1593 | Acc (clean): 0.7884 | Acc (poison): 0.6913 | Val Acc: 0.6637 | Time: 00:00:12
Epoch 021 | Seed 42 | Rate 0.20 | Train Loss: 0.7513 | Val Loss: 0.9245 | Acc (clean): 0.7878 | Acc (poison): 0.6908 | Val Acc: 0.7063 | Time: 00:00:12
Epoch 022 | Seed 42 | Rate 0.20 | Train Loss: 0.7299 | Val Loss: 1.1174 | Acc (clean): 0.7949 | Acc (poison): 0.6987 | Val Acc: 0.6478 | Time: 00:00:12
Epoch 023 | Seed 42 | Rate 0.20 | Train Loss: 0.7374 | Val Loss: 0.8850 | Acc (clean): 0.7956 | Acc (poison): 0.6943 | Val Acc: 0.7178 | Time: 00:00:13
Epoch 024 | Seed 42 | Rate 0.20 | Train Loss: 0.7290 | Val Loss: 0.9355 | Acc (clean): 0.7984 | Acc (poison): 0.7001 | Val Acc: 0.7119 | Time: 00:00:12
Epoch 025 | Seed 42 | Rate 0.20 | Train Loss: 0.7178 | Val Loss: 0.9061 | Acc (clean): 0.7995 | Acc (poison): 0.7007 | Val Acc: 0.7167 | Time: 00:00:12
Epoch 026 | Seed 42 | Rate 0.20 | Train Loss: 0.7056 | Val Loss: 0.9013 | Acc (clean): 0.8009 | Acc (poison): 0.7035 | Val Acc: 0.7374 | Time: 00:00:12
Epoch 027 | Seed 42 | Rate 0.20 | Train Loss: 0.7006 | Val Loss: 1.1543 | Acc (clean): 0.8068 | Acc (poison): 0.7113 | Val Acc: 0.6585 | Time: 00:00:12
Epoch 028 | Seed 42 | Rate 0.20 | Train Loss: 0.7098 | Val Loss: 0.9631 | Acc (clean): 0.8011 | Acc (poison): 0.7009 | Val Acc: 0.7037 | Time: 00:00:12
Epoch 029 | Seed 42 | Rate 0.20 | Train Loss: 0.6863 | Val Loss: 0.9599 | Acc (clean): 0.8072 | Acc (poison): 0.7127 | Val Acc: 0.6889 | Time: 00:00:12
Epoch 030 | Seed 42 | Rate 0.20 | Train Loss: 0.6953 | Val Loss: 0.9373 | Acc (clean): 0.8033 | Acc (poison): 0.7084 | Val Acc: 0.7059 | Time: 00:00:12
Epoch 031 | Seed 42 | Rate 0.20 | Train Loss: 0.6897 | Val Loss: 1.1622 | Acc (clean): 0.8040 | Acc (poison): 0.7147 | Val Acc: 0.6741 | Time: 00:00:12
Epoch 032 | Seed 42 | Rate 0.20 | Train Loss: 0.6770 | Val Loss: 1.0739 | Acc (clean): 0.8088 | Acc (poison): 0.7168 | Val Acc: 0.6815 | Time: 00:00:12
Epoch 033 | Seed 42 | Rate 0.20 | Train Loss: 0.6728 | Val Loss: 0.8469 | Acc (clean): 0.8093 | Acc (poison): 0.7158 | Val Acc: 0.7241 | Time: 00:00:13
Epoch 034 | Seed 42 | Rate 0.20 | Train Loss: 0.6713 | Val Loss: 0.9566 | Acc (clean): 0.8159 | Acc (poison): 0.7171 | Val Acc: 0.7100 | Time: 00:00:12
Epoch 035 | Seed 42 | Rate 0.20 | Train Loss: 0.6734 | Val Loss: 0.8966 | Acc (clean): 0.8093 | Acc (poison): 0.7150 | Val Acc: 0.7289 | Time: 00:00:12
Epoch 036 | Seed 42 | Rate 0.20 | Train Loss: 0.6710 | Val Loss: 1.3518 | Acc (clean): 0.8083 | Acc (poison): 0.7213 | Val Acc: 0.6233 | Time: 00:00:12
Epoch 037 | Seed 42 | Rate 0.20 | Train Loss: 0.6562 | Val Loss: 0.8651 | Acc (clean): 0.8100 | Acc (poison): 0.7241 | Val Acc: 0.7263 | Time: 00:00:12
Epoch 038 | Seed 42 | Rate 0.20 | Train Loss: 0.6633 | Val Loss: 0.9200 | Acc (clean): 0.8102 | Acc (poison): 0.7233 | Val Acc: 0.7056 | Time: 00:00:13
Epoch 039 | Seed 42 | Rate 0.20 | Train Loss: 0.6593 | Val Loss: 1.1009 | Acc (clean): 0.8116 | Acc (poison): 0.7262 | Val Acc: 0.6733 | Time: 00:00:12
Epoch 040 | Seed 42 | Rate 0.20 | Train Loss: 0.6468 | Val Loss: 0.9048 | Acc (clean): 0.8119 | Acc (poison): 0.7291 | Val Acc: 0.7148 | Time: 00:00:13
Epoch 041 | Seed 42 | Rate 0.20 | Train Loss: 0.6442 | Val Loss: 1.0490 | Acc (clean): 0.8153 | Acc (poison): 0.7310 | Val Acc: 0.6900 | Time: 00:00:12
Epoch 042 | Seed 42 | Rate 0.20 | Train Loss: 0.6473 | Val Loss: 0.9174 | Acc (clean): 0.8102 | Acc (poison): 0.7282 | Val Acc: 0.6948 | Time: 00:00:13
Epoch 043 | Seed 42 | Rate 0.20 | Train Loss: 0.6442 | Val Loss: 0.9380 | Acc (clean): 0.8147 | Acc (poison): 0.7321 | Val Acc: 0.6993 | Time: 00:00:13
Epoch 044 | Seed 42 | Rate 0.20 | Train Loss: 0.6346 | Val Loss: 0.9467 | Acc (clean): 0.8131 | Acc (poison): 0.7345 | Val Acc: 0.7156 | Time: 00:00:12
Epoch 045 | Seed 42 | Rate 0.20 | Train Loss: 0.6252 | Val Loss: 0.9083 | Acc (clean): 0.8174 | Acc (poison): 0.7384 | Val Acc: 0.7007 | Time: 00:00:12
Epoch 046 | Seed 42 | Rate 0.20 | Train Loss: 0.6219 | Val Loss: 0.9861 | Acc (clean): 0.8161 | Acc (poison): 0.7384 | Val Acc: 0.6989 | Time: 00:00:12
Epoch 047 | Seed 42 | Rate 0.20 | Train Loss: 0.6309 | Val Loss: 1.3062 | Acc (clean): 0.8119 | Acc (poison): 0.7371 | Val Acc: 0.6304 | Time: 00:00:12
Epoch 048 | Seed 42 | Rate 0.20 | Train Loss: 0.6234 | Val Loss: 0.8660 | Acc (clean): 0.8114 | Acc (poison): 0.7404 | Val Acc: 0.7307 | Time: 00:00:12
Epoch 049 | Seed 42 | Rate 0.20 | Train Loss: 0.6322 | Val Loss: 0.9377 | Acc (clean): 0.8065 | Acc (poison): 0.7366 | Val Acc: 0.7011 | Time: 00:00:12
Epoch 050 | Seed 42 | Rate 0.20 | Train Loss: 0.6192 | Val Loss: 0.8393 | Acc (clean): 0.8127 | Acc (poison): 0.7413 | Val Acc: 0.7033 | Time: 00:00:13
Epoch 051 | Seed 42 | Rate 0.20 | Train Loss: 0.4452 | Val Loss: 0.5062 | Acc (clean): 0.8801 | Acc (poison): 0.8110 | Val Acc: 0.8526 | Time: 00:00:13
Epoch 052 | Seed 42 | Rate 0.20 | Train Loss: 0.3806 | Val Loss: 0.4930 | Acc (clean): 0.8909 | Acc (poison): 0.8358 | Val Acc: 0.8526 | Time: 00:00:14
Epoch 053 | Seed 42 | Rate 0.20 | Train Loss: 0.3554 | Val Loss: 0.5075 | Acc (clean): 0.8814 | Acc (poison): 0.8479 | Val Acc: 0.8367 | Time: 00:00:13
Epoch 054 | Seed 42 | Rate 0.20 | Train Loss: 0.3304 | Val Loss: 0.5143 | Acc (clean): 0.8733 | Acc (poison): 0.8606 | Val Acc: 0.8278 | Time: 00:00:13
Epoch 055 | Seed 42 | Rate 0.20 | Train Loss: 0.3128 | Val Loss: 0.5071 | Acc (clean): 0.8608 | Acc (poison): 0.8707 | Val Acc: 0.8304 | Time: 00:00:13
Epoch 056 | Seed 42 | Rate 0.20 | Train Loss: 0.2967 | Val Loss: 0.5172 | Acc (clean): 0.8591 | Acc (poison): 0.8787 | Val Acc: 0.8174 | Time: 00:00:14
Epoch 057 | Seed 42 | Rate 0.20 | Train Loss: 0.2776 | Val Loss: 0.5365 | Acc (clean): 0.8494 | Acc (poison): 0.8887 | Val Acc: 0.8085 | Time: 00:00:13
Epoch 058 | Seed 42 | Rate 0.20 | Train Loss: 0.2583 | Val Loss: 0.5477 | Acc (clean): 0.8421 | Acc (poison): 0.8983 | Val Acc: 0.8052 | Time: 00:00:13
Epoch 059 | Seed 42 | Rate 0.20 | Train Loss: 0.2388 | Val Loss: 0.5834 | Acc (clean): 0.8384 | Acc (poison): 0.9087 | Val Acc: 0.7948 | Time: 00:00:13
Epoch 060 | Seed 42 | Rate 0.20 | Train Loss: 0.2213 | Val Loss: 0.5905 | Acc (clean): 0.8311 | Acc (poison): 0.9174 | Val Acc: 0.7859 | Time: 00:00:13
Epoch 061 | Seed 42 | Rate 0.20 | Train Loss: 0.2080 | Val Loss: 0.6103 | Acc (clean): 0.8258 | Acc (poison): 0.9235 | Val Acc: 0.7826 | Time: 00:00:13
Epoch 062 | Seed 42 | Rate 0.20 | Train Loss: 0.1925 | Val Loss: 0.6172 | Acc (clean): 0.8202 | Acc (poison): 0.9309 | Val Acc: 0.7763 | Time: 00:00:13
Epoch 063 | Seed 42 | Rate 0.20 | Train Loss: 0.1724 | Val Loss: 0.6100 | Acc (clean): 0.8190 | Acc (poison): 0.9403 | Val Acc: 0.7807 | Time: 00:00:13
Epoch 064 | Seed 42 | Rate 0.20 | Train Loss: 0.1626 | Val Loss: 0.6540 | Acc (clean): 0.8147 | Acc (poison): 0.9465 | Val Acc: 0.7733 | Time: 00:00:13
Epoch 065 | Seed 42 | Rate 0.20 | Train Loss: 0.1487 | Val Loss: 0.6678 | Acc (clean): 0.8122 | Acc (poison): 0.9500 | Val Acc: 0.7607 | Time: 00:00:13
Epoch 066 | Seed 42 | Rate 0.20 | Train Loss: 0.1398 | Val Loss: 0.6917 | Acc (clean): 0.8114 | Acc (poison): 0.9536 | Val Acc: 0.7656 | Time: 00:00:13
Epoch 067 | Seed 42 | Rate 0.20 | Train Loss: 0.1236 | Val Loss: 0.6459 | Acc (clean): 0.8088 | Acc (poison): 0.9630 | Val Acc: 0.7770 | Time: 00:00:13
Epoch 068 | Seed 42 | Rate 0.20 | Train Loss: 0.1126 | Val Loss: 0.7020 | Acc (clean): 0.8071 | Acc (poison): 0.9660 | Val Acc: 0.7607 | Time: 00:00:13
Epoch 069 | Seed 42 | Rate 0.20 | Train Loss: 0.1075 | Val Loss: 0.7065 | Acc (clean): 0.8049 | Acc (poison): 0.9687 | Val Acc: 0.7744 | Time: 00:00:13
Epoch 070 | Seed 42 | Rate 0.20 | Train Loss: 0.0946 | Val Loss: 0.7046 | Acc (clean): 0.8050 | Acc (poison): 0.9725 | Val Acc: 0.7596 | Time: 00:00:13
Epoch 071 | Seed 42 | Rate 0.20 | Train Loss: 0.0978 | Val Loss: 0.6989 | Acc (clean): 0.8032 | Acc (poison): 0.9696 | Val Acc: 0.7756 | Time: 00:00:13
Epoch 072 | Seed 42 | Rate 0.20 | Train Loss: 0.0906 | Val Loss: 0.6759 | Acc (clean): 0.8023 | Acc (poison): 0.9743 | Val Acc: 0.7822 | Time: 00:00:13
Epoch 073 | Seed 42 | Rate 0.20 | Train Loss: 0.0790 | Val Loss: 0.7239 | Acc (clean): 0.8016 | Acc (poison): 0.9795 | Val Acc: 0.7641 | Time: 00:00:13
Epoch 074 | Seed 42 | Rate 0.20 | Train Loss: 0.0771 | Val Loss: 0.7406 | Acc (clean): 0.8015 | Acc (poison): 0.9779 | Val Acc: 0.7663 | Time: 00:00:13
Epoch 075 | Seed 42 | Rate 0.20 | Train Loss: 0.0688 | Val Loss: 0.7584 | Acc (clean): 0.8011 | Acc (poison): 0.9821 | Val Acc: 0.7500 | Time: 00:00:13
Epoch 076 | Seed 42 | Rate 0.20 | Train Loss: 0.0503 | Val Loss: 0.6888 | Acc (clean): 0.8000 | Acc (poison): 0.9900 | Val Acc: 0.7719 | Time: 00:00:13
Epoch 077 | Seed 42 | Rate 0.20 | Train Loss: 0.0373 | Val Loss: 0.6786 | Acc (clean): 0.8005 | Acc (poison): 0.9949 | Val Acc: 0.7785 | Time: 00:00:13
Epoch 078 | Seed 42 | Rate 0.20 | Train Loss: 0.0343 | Val Loss: 0.6735 | Acc (clean): 0.8008 | Acc (poison): 0.9951 | Val Acc: 0.7756 | Time: 00:00:13
Epoch 079 | Seed 42 | Rate 0.20 | Train Loss: 0.0324 | Val Loss: 0.6805 | Acc (clean): 0.8009 | Acc (poison): 0.9958 | Val Acc: 0.7730 | Time: 00:00:13
Epoch 080 | Seed 42 | Rate 0.20 | Train Loss: 0.0308 | Val Loss: 0.6854 | Acc (clean): 0.8007 | Acc (poison): 0.9964 | Val Acc: 0.7737 | Time: 00:00:13
Epoch 081 | Seed 42 | Rate 0.20 | Train Loss: 0.0304 | Val Loss: 0.6909 | Acc (clean): 0.8000 | Acc (poison): 0.9961 | Val Acc: 0.7744 | Time: 00:00:13
Epoch 082 | Seed 42 | Rate 0.20 | Train Loss: 0.0286 | Val Loss: 0.6827 | Acc (clean): 0.8002 | Acc (poison): 0.9962 | Val Acc: 0.7763 | Time: 00:00:13
Epoch 083 | Seed 42 | Rate 0.20 | Train Loss: 0.0273 | Val Loss: 0.6866 | Acc (clean): 0.8006 | Acc (poison): 0.9964 | Val Acc: 0.7733 | Time: 00:00:13
Epoch 084 | Seed 42 | Rate 0.20 | Train Loss: 0.0269 | Val Loss: 0.6845 | Acc (clean): 0.8003 | Acc (poison): 0.9968 | Val Acc: 0.7756 | Time: 00:00:13
Epoch 085 | Seed 42 | Rate 0.20 | Train Loss: 0.0250 | Val Loss: 0.6917 | Acc (clean): 0.8001 | Acc (poison): 0.9974 | Val Acc: 0.7737 | Time: 00:00:13
Epoch 086 | Seed 42 | Rate 0.20 | Train Loss: 0.0244 | Val Loss: 0.6925 | Acc (clean): 0.8001 | Acc (poison): 0.9975 | Val Acc: 0.7704 | Time: 00:00:13
Epoch 087 | Seed 42 | Rate 0.20 | Train Loss: 0.0243 | Val Loss: 0.6962 | Acc (clean): 0.8007 | Acc (poison): 0.9975 | Val Acc: 0.7685 | Time: 00:00:13
Epoch 088 | Seed 42 | Rate 0.20 | Train Loss: 0.0233 | Val Loss: 0.6906 | Acc (clean): 0.8002 | Acc (poison): 0.9978 | Val Acc: 0.7715 | Time: 00:00:13
Epoch 089 | Seed 42 | Rate 0.20 | Train Loss: 0.0234 | Val Loss: 0.6917 | Acc (clean): 0.8000 | Acc (poison): 0.9971 | Val Acc: 0.7715 | Time: 00:00:13
Epoch 090 | Seed 42 | Rate 0.20 | Train Loss: 0.0243 | Val Loss: 0.6954 | Acc (clean): 0.8007 | Acc (poison): 0.9974 | Val Acc: 0.7689 | Time: 00:00:13
Epoch 091 | Seed 42 | Rate 0.20 | Train Loss: 0.0219 | Val Loss: 0.6949 | Acc (clean): 0.8000 | Acc (poison): 0.9976 | Val Acc: 0.7722 | Time: 00:00:13
Epoch 092 | Seed 42 | Rate 0.20 | Train Loss: 0.0228 | Val Loss: 0.6949 | Acc (clean): 0.8001 | Acc (poison): 0.9976 | Val Acc: 0.7748 | Time: 00:00:13
Epoch 093 | Seed 42 | Rate 0.20 | Train Loss: 0.0220 | Val Loss: 0.6970 | Acc (clean): 0.8006 | Acc (poison): 0.9978 | Val Acc: 0.7744 | Time: 00:00:13
Epoch 094 | Seed 42 | Rate 0.20 | Train Loss: 0.0217 | Val Loss: 0.6989 | Acc (clean): 0.8003 | Acc (poison): 0.9976 | Val Acc: 0.7763 | Time: 00:00:13
Epoch 095 | Seed 42 | Rate 0.20 | Train Loss: 0.0208 | Val Loss: 0.6940 | Acc (clean): 0.7998 | Acc (poison): 0.9985 | Val Acc: 0.7752 | Time: 00:00:13
Epoch 096 | Seed 42 | Rate 0.20 | Train Loss: 0.0206 | Val Loss: 0.7087 | Acc (clean): 0.8003 | Acc (poison): 0.9981 | Val Acc: 0.7678 | Time: 00:00:13
Epoch 097 | Seed 42 | Rate 0.20 | Train Loss: 0.0197 | Val Loss: 0.6938 | Acc (clean): 0.7998 | Acc (poison): 0.9987 | Val Acc: 0.7756 | Time: 00:00:13
Epoch 098 | Seed 42 | Rate 0.20 | Train Loss: 0.0193 | Val Loss: 0.6964 | Acc (clean): 0.8000 | Acc (poison): 0.9984 | Val Acc: 0.7722 | Time: 00:00:13
Epoch 099 | Seed 42 | Rate 0.20 | Train Loss: 0.0193 | Val Loss: 0.7006 | Acc (clean): 0.8005 | Acc (poison): 0.9982 | Val Acc: 0.7759 | Time: 00:00:13
Epoch 100 | Seed 42 | Rate 0.20 | Train Loss: 0.0191 | Val Loss: 0.6958 | Acc (clean): 0.7999 | Acc (poison): 0.9984 | Val Acc: 0.7752 | Time: 00:00:13

Endzeit: 2026-08-09 01:17:24 CEST
Laufzeit: 04:09:10
Exit-Code: 0

Abgeschlossene Laeufe fuer Seed 42 (erwartet: 11):
/home/yazanme/BachelorThesis/BachelorThesis/experiments/RQ3/none/resnet18/clean/seed_42/rate_0.0
/home/yazanme/BachelorThesis/BachelorThesis/experiments/RQ3/none/resnet18/RQ1/seed_42/rate_0.01
/home/yazanme/BachelorThesis/BachelorThesis/experiments/RQ3/none/resnet18/RQ1/seed_42/rate_0.02
/home/yazanme/BachelorThesis/BachelorThesis/experiments/RQ3/none/resnet18/RQ1/seed_42/rate_0.05
/home/yazanme/BachelorThesis/BachelorThesis/experiments/RQ3/none/resnet18/RQ1/seed_42/rate_0.1
/home/yazanme/BachelorThesis/BachelorThesis/experiments/RQ3/none/resnet18/RQ1/seed_42/rate_0.2
/home/yazanme/BachelorThesis/BachelorThesis/experiments/RQ3/none/resnet18/RQ2/seed_42/rate_0.01
/home/yazanme/BachelorThesis/BachelorThesis/experiments/RQ3/none/resnet18/RQ2/seed_42/rate_0.02
/home/yazanme/BachelorThesis/BachelorThesis/experiments/RQ3/none/resnet18/RQ2/seed_42/rate_0.05
/home/yazanme/BachelorThesis/BachelorThesis/experiments/RQ3/none/resnet18/RQ2/seed_42/rate_0.1
/home/yazanme/BachelorThesis/BachelorThesis/experiments/RQ3/none/resnet18/RQ2/seed_42/rate_0.2
Anzahl: 11

clean/summary_metrics.csv:
seed,rate,accuracy,precision,recall,f1
42,0.0,0.9446666666666668,0.9451764480195808,0.9446666666666668,0.9446380099758588
2001,0.0,0.9471111111111112,0.9478130020381916,0.9471111111111112,0.9470551113734332
2026,0.0,0.9462222222222222,0.9468279108246931,0.9462222222222222,0.9462858458854312

RQ1/summary_metrics.csv:
seed,rate,accuracy,precision,recall,f1
42,0.01,0.9371111111111112,0.9377363329356876,0.9371111111111112,0.9370262668663116
2001,0.01,0.9371111111111112,0.9379036343759024,0.937111111111111,0.9371780781328996
2026,0.01,0.9424444444444444,0.9427888770566368,0.9424444444444444,0.9423495045004018
42,0.02,0.9337777777777778,0.934205363778208,0.9337777777777778,0.93365426220235
2001,0.02,0.9317777777777778,0.9324034863512642,0.9317777777777778,0.9317855115411195
2026,0.02,0.9328888888888888,0.9339226478817736,0.9328888888888888,0.9329929435422948
42,0.05,0.9162222222222224,0.9177439251571105,0.9162222222222222,0.9164393783943424
2001,0.05,0.9186666666666666,0.919571488854814,0.9186666666666666,0.9187156461923718
2026,0.05,0.9204444444444444,0.9212171185513144,0.9204444444444446,0.9203664165561471
42,0.1,0.8902222222222222,0.891901868788328,0.8902222222222222,0.8901194860027755
2001,0.1,0.8964444444444445,0.8975803674133455,0.8964444444444445,0.8965147628560399
2026,0.1,0.8937777777777778,0.8947643359270511,0.8937777777777778,0.8936490782159195
42,0.2,0.8597777777777778,0.8619088104766026,0.8597777777777779,0.8596279704036381
2001,0.2,0.8335555555555556,0.8342453828234996,0.8335555555555557,0.8332030572077637
2026,0.2,0.8637777777777778,0.866493738661521,0.8637777777777775,0.8638601496840433

RQ2/summary_metrics.csv:
seed,rate,accuracy,precision,recall,f1
42,0.01,0.9348888888888888,0.9358981019611654,0.9348888888888888,0.9349519985268052
2001,0.01,0.9386666666666666,0.9397370958382688,0.9386666666666664,0.9387320482122192
2026,0.01,0.9384444444444444,0.9391835313387118,0.9384444444444442,0.938537173511916
42,0.02,0.9284444444444444,0.9292733331706692,0.9284444444444444,0.9285322258846398
2001,0.02,0.9362222222222222,0.9369210027062352,0.9362222222222226,0.9362171027509036
2026,0.02,0.9324444444444444,0.9330189617358028,0.9324444444444444,0.9324222108378284
42,0.05,0.9142222222222224,0.9151452181459466,0.9142222222222224,0.9142122091139908
2001,0.05,0.9162222222222224,0.9170108261484106,0.9162222222222224,0.9160736368975768
2026,0.05,0.9115555555555556,0.9127036768724688,0.9115555555555556,0.9114221926005964
42,0.1,0.8984444444444445,0.9015459293254005,0.8984444444444445,0.8986760690483795
2001,0.1,0.89,0.8917289151904059,0.8899999999999999,0.8897248059807111
2026,0.1,0.8884444444444445,0.8903973061266078,0.8884444444444444,0.8882037351702818
42,0.2,0.854,0.857798178683707,0.8540000000000002,0.8528230901456582
