=========================================
1. SLURM ALLOKATIONS-INFO
=========================================
Job ID: 4886 (Array 4882, Task 1)
Job Name: rq3_elr_resnet18
Ausfuehrender Node: gpu01
Zugewiesene CPUs: 8
Zugewiesener Speicher: 32768 MB
Zugewiesene GPUs: 1
Zugewiesene GPUs ueber CUDA: 0
0, Tesla V100S-PCIE-32GB, 32768 MiB, 535.309.01

Zeitzonen-Check -> Node-Uhr (UTC): 2026-08-03 08:00:14 UTC
Zeitzonen-Check -> korrigiert    : 2026-08-03 10:00:14 CEST

Python: /home/yazanme/miniforge3/envs/venv/bin/python
Version: Python 3.12.13

Preflight ok: RQ2-Labels mit 16 Paaren / 32 angegriffenen Klassen.
Modell:           resnet18
Verteidigung:     elr
Seed:             2001
Trainings-Config: /home/yazanme/BachelorThesis/BachelorThesis/src/yaml/rq3/rq3_train_resnet18.yaml
Daten-Config:     /home/yazanme/BachelorThesis/BachelorThesis/src/implementation/data_preparation/config.yaml
Ausgabe:          /home/yazanme/BachelorThesis/BachelorThesis/experiments/RQ3/elr/resnet18/{clean,RQ1,RQ2}
Preflight ok: 3 HDF5-Splits + 10 Label-Tensoren (RQ1+RQ2) fuer Seed 2001.
Erwartet: 1 clean + 2 Angriffe x 5 Raten = 11 Laeufe (~4.6 h).

Startzeit: 2026-08-03 10:00:15 CEST

Starting main script...
Config: /home/yazanme/BachelorThesis/BachelorThesis/src/yaml/rq3/rq3_train_resnet18.yaml
Experiment: rq=RQ3 model=resnet18 rates=[0.0, 0.01, 0.02, 0.05, 0.1, 0.2]
Defense: elr | Seeds: [2001] | Attacks: ['clean', 'RQ1', 'RQ2']
Set float32 matmul precision to: high
Initializing PyTorch and checking CUDA...
Set cudnn.benchmark to: True
Using device: cuda
Initializing base loaders...
Loading validation data from /home/yazanme/BachelorThesis/BachelorThesis/data/processed/resisc45/val.h5... (in_memory=True, workers=6)
Loading test data from /home/yazanme/BachelorThesis/BachelorThesis/data/processed/resisc45/test.h5... (in_memory=True, workers=6)
Starting experiment run...

=== defense=elr attack=clean seed=2001 rate=0.0 ===
Loading train data from /home/yazanme/BachelorThesis/BachelorThesis/data/processed/resisc45/train.h5... (in_memory=True, workers=6)
Testing torch.compile support...
Successfully compiled model using torch.compile.
Epoch 001 | Seed 2001 | Rate 0.00 | Train Loss: 2.5449 | Val Loss: 2.2803 | Acc (clean): 0.2594 | Acc (poison): 0.2594 | Val Acc: 0.3493 | Time: 00:01:23
Epoch 002 | Seed 2001 | Rate 0.00 | Train Loss: 1.3506 | Val Loss: 1.7874 | Acc (clean): 0.4537 | Acc (poison): 0.4537 | Val Acc: 0.4822 | Time: 00:00:10
Epoch 003 | Seed 2001 | Rate 0.00 | Train Loss: 0.5840 | Val Loss: 2.7585 | Acc (clean): 0.5499 | Acc (poison): 0.5499 | Val Acc: 0.3696 | Time: 00:00:09
Epoch 004 | Seed 2001 | Rate 0.00 | Train Loss: -0.0894 | Val Loss: 2.4147 | Acc (clean): 0.6136 | Acc (poison): 0.6136 | Val Acc: 0.4344 | Time: 00:00:09
Epoch 005 | Seed 2001 | Rate 0.00 | Train Loss: -0.7768 | Val Loss: 1.2916 | Acc (clean): 0.6636 | Acc (poison): 0.6636 | Val Acc: 0.6293 | Time: 00:00:11
Epoch 006 | Seed 2001 | Rate 0.00 | Train Loss: -1.4427 | Val Loss: 1.7712 | Acc (clean): 0.7044 | Acc (poison): 0.7044 | Val Acc: 0.5993 | Time: 00:00:09
Epoch 007 | Seed 2001 | Rate 0.00 | Train Loss: -2.0779 | Val Loss: 1.3860 | Acc (clean): 0.7267 | Acc (poison): 0.7267 | Val Acc: 0.6581 | Time: 00:00:09
Epoch 008 | Seed 2001 | Rate 0.00 | Train Loss: -2.7603 | Val Loss: 1.2706 | Acc (clean): 0.7622 | Acc (poison): 0.7622 | Val Acc: 0.6756 | Time: 00:00:11
Epoch 009 | Seed 2001 | Rate 0.00 | Train Loss: -3.3881 | Val Loss: 1.1408 | Acc (clean): 0.7785 | Acc (poison): 0.7785 | Val Acc: 0.7081 | Time: 00:00:11
Epoch 010 | Seed 2001 | Rate 0.00 | Train Loss: -4.0118 | Val Loss: 1.1503 | Acc (clean): 0.7943 | Acc (poison): 0.7943 | Val Acc: 0.7315 | Time: 00:00:10
Epoch 011 | Seed 2001 | Rate 0.00 | Train Loss: -4.6457 | Val Loss: 1.4824 | Acc (clean): 0.8109 | Acc (poison): 0.8109 | Val Acc: 0.6748 | Time: 00:00:10
Epoch 012 | Seed 2001 | Rate 0.00 | Train Loss: -5.2023 | Val Loss: 1.4400 | Acc (clean): 0.8201 | Acc (poison): 0.8201 | Val Acc: 0.7063 | Time: 00:00:09
Epoch 013 | Seed 2001 | Rate 0.00 | Train Loss: -5.7632 | Val Loss: 1.1912 | Acc (clean): 0.8295 | Acc (poison): 0.8295 | Val Acc: 0.7463 | Time: 00:00:09
Epoch 014 | Seed 2001 | Rate 0.00 | Train Loss: -6.2902 | Val Loss: 1.1616 | Acc (clean): 0.8372 | Acc (poison): 0.8372 | Val Acc: 0.7678 | Time: 00:00:09
Epoch 015 | Seed 2001 | Rate 0.00 | Train Loss: -6.7699 | Val Loss: 1.1278 | Acc (clean): 0.8416 | Acc (poison): 0.8416 | Val Acc: 0.7626 | Time: 00:00:10
Epoch 016 | Seed 2001 | Rate 0.00 | Train Loss: -7.1965 | Val Loss: 0.9925 | Acc (clean): 0.8450 | Acc (poison): 0.8450 | Val Acc: 0.7793 | Time: 00:00:10
Epoch 017 | Seed 2001 | Rate 0.00 | Train Loss: -7.6245 | Val Loss: 1.1266 | Acc (clean): 0.8542 | Acc (poison): 0.8542 | Val Acc: 0.7807 | Time: 00:00:10
Epoch 018 | Seed 2001 | Rate 0.00 | Train Loss: -8.0141 | Val Loss: 1.2973 | Acc (clean): 0.8592 | Acc (poison): 0.8592 | Val Acc: 0.7700 | Time: 00:00:10
Epoch 019 | Seed 2001 | Rate 0.00 | Train Loss: -8.3265 | Val Loss: 1.2076 | Acc (clean): 0.8588 | Acc (poison): 0.8588 | Val Acc: 0.7585 | Time: 00:00:09
Epoch 020 | Seed 2001 | Rate 0.00 | Train Loss: -8.6028 | Val Loss: 0.8989 | Acc (clean): 0.8616 | Acc (poison): 0.8616 | Val Acc: 0.8185 | Time: 00:00:11
Epoch 021 | Seed 2001 | Rate 0.00 | Train Loss: -8.8545 | Val Loss: 0.9513 | Acc (clean): 0.8667 | Acc (poison): 0.8667 | Val Acc: 0.8163 | Time: 00:00:10
Epoch 022 | Seed 2001 | Rate 0.00 | Train Loss: -9.0972 | Val Loss: 1.8391 | Acc (clean): 0.8706 | Acc (poison): 0.8706 | Val Acc: 0.7037 | Time: 00:00:09
Epoch 023 | Seed 2001 | Rate 0.00 | Train Loss: -9.2471 | Val Loss: 1.1121 | Acc (clean): 0.8695 | Acc (poison): 0.8695 | Val Acc: 0.8037 | Time: 00:00:10
Epoch 024 | Seed 2001 | Rate 0.00 | Train Loss: -9.4293 | Val Loss: 1.4279 | Acc (clean): 0.8723 | Acc (poison): 0.8723 | Val Acc: 0.7656 | Time: 00:00:09
Epoch 025 | Seed 2001 | Rate 0.00 | Train Loss: -9.5974 | Val Loss: 1.2707 | Acc (clean): 0.8783 | Acc (poison): 0.8783 | Val Acc: 0.7893 | Time: 00:00:10
Epoch 026 | Seed 2001 | Rate 0.00 | Train Loss: -9.8155 | Val Loss: 1.0657 | Acc (clean): 0.8842 | Acc (poison): 0.8842 | Val Acc: 0.8137 | Time: 00:00:10
Epoch 027 | Seed 2001 | Rate 0.00 | Train Loss: -9.8902 | Val Loss: 1.3438 | Acc (clean): 0.8821 | Acc (poison): 0.8821 | Val Acc: 0.7896 | Time: 00:00:10
Epoch 028 | Seed 2001 | Rate 0.00 | Train Loss: -9.9430 | Val Loss: 0.9430 | Acc (clean): 0.8814 | Acc (poison): 0.8814 | Val Acc: 0.8263 | Time: 00:00:09
Epoch 029 | Seed 2001 | Rate 0.00 | Train Loss: -10.0690 | Val Loss: 1.3800 | Acc (clean): 0.8842 | Acc (poison): 0.8842 | Val Acc: 0.7770 | Time: 00:00:09
Epoch 030 | Seed 2001 | Rate 0.00 | Train Loss: -10.0806 | Val Loss: 1.0935 | Acc (clean): 0.8830 | Acc (poison): 0.8830 | Val Acc: 0.8059 | Time: 00:00:10
Epoch 031 | Seed 2001 | Rate 0.00 | Train Loss: -10.1839 | Val Loss: 1.4511 | Acc (clean): 0.8873 | Acc (poison): 0.8873 | Val Acc: 0.7656 | Time: 00:00:10
Epoch 032 | Seed 2001 | Rate 0.00 | Train Loss: -10.2376 | Val Loss: 1.1938 | Acc (clean): 0.8892 | Acc (poison): 0.8892 | Val Acc: 0.8048 | Time: 00:00:10
Epoch 033 | Seed 2001 | Rate 0.00 | Train Loss: -10.2766 | Val Loss: 1.9282 | Acc (clean): 0.8878 | Acc (poison): 0.8878 | Val Acc: 0.7215 | Time: 00:00:10
Epoch 034 | Seed 2001 | Rate 0.00 | Train Loss: -10.3009 | Val Loss: 1.4064 | Acc (clean): 0.8871 | Acc (poison): 0.8871 | Val Acc: 0.7707 | Time: 00:00:10
Epoch 035 | Seed 2001 | Rate 0.00 | Train Loss: -10.3197 | Val Loss: 1.0538 | Acc (clean): 0.8908 | Acc (poison): 0.8908 | Val Acc: 0.8233 | Time: 00:00:10
Epoch 036 | Seed 2001 | Rate 0.00 | Train Loss: -10.4321 | Val Loss: 1.0008 | Acc (clean): 0.8943 | Acc (poison): 0.8943 | Val Acc: 0.8144 | Time: 00:00:10
Epoch 037 | Seed 2001 | Rate 0.00 | Train Loss: -10.4843 | Val Loss: 1.0969 | Acc (clean): 0.8946 | Acc (poison): 0.8946 | Val Acc: 0.8200 | Time: 00:00:10
Epoch 038 | Seed 2001 | Rate 0.00 | Train Loss: -10.4382 | Val Loss: 1.3686 | Acc (clean): 0.8919 | Acc (poison): 0.8919 | Val Acc: 0.7859 | Time: 00:00:10
Epoch 039 | Seed 2001 | Rate 0.00 | Train Loss: -10.4758 | Val Loss: 1.2489 | Acc (clean): 0.8919 | Acc (poison): 0.8919 | Val Acc: 0.7970 | Time: 00:00:10
Epoch 040 | Seed 2001 | Rate 0.00 | Train Loss: -10.4944 | Val Loss: 1.0798 | Acc (clean): 0.8943 | Acc (poison): 0.8943 | Val Acc: 0.8211 | Time: 00:00:10
Epoch 041 | Seed 2001 | Rate 0.00 | Train Loss: -10.6252 | Val Loss: 1.1405 | Acc (clean): 0.9010 | Acc (poison): 0.9010 | Val Acc: 0.8078 | Time: 00:00:10
Epoch 042 | Seed 2001 | Rate 0.00 | Train Loss: -10.6205 | Val Loss: 1.0878 | Acc (clean): 0.8984 | Acc (poison): 0.8984 | Val Acc: 0.8111 | Time: 00:00:09
Epoch 043 | Seed 2001 | Rate 0.00 | Train Loss: -10.6324 | Val Loss: 0.9814 | Acc (clean): 0.8974 | Acc (poison): 0.8974 | Val Acc: 0.8256 | Time: 00:00:09
Epoch 044 | Seed 2001 | Rate 0.00 | Train Loss: -10.6945 | Val Loss: 1.7511 | Acc (clean): 0.9005 | Acc (poison): 0.9005 | Val Acc: 0.7381 | Time: 00:00:10
Epoch 045 | Seed 2001 | Rate 0.00 | Train Loss: -10.6057 | Val Loss: 1.3178 | Acc (clean): 0.8938 | Acc (poison): 0.8938 | Val Acc: 0.7819 | Time: 00:00:10
Epoch 046 | Seed 2001 | Rate 0.00 | Train Loss: -10.7186 | Val Loss: 0.9508 | Acc (clean): 0.9013 | Acc (poison): 0.9013 | Val Acc: 0.8330 | Time: 00:00:10
Epoch 047 | Seed 2001 | Rate 0.00 | Train Loss: -10.7367 | Val Loss: 1.2214 | Acc (clean): 0.9018 | Acc (poison): 0.9018 | Val Acc: 0.8144 | Time: 00:00:09
Epoch 048 | Seed 2001 | Rate 0.00 | Train Loss: -10.7166 | Val Loss: 1.2911 | Acc (clean): 0.8995 | Acc (poison): 0.8995 | Val Acc: 0.7993 | Time: 00:00:09
Epoch 049 | Seed 2001 | Rate 0.00 | Train Loss: -10.7362 | Val Loss: 1.4370 | Acc (clean): 0.9019 | Acc (poison): 0.9019 | Val Acc: 0.7822 | Time: 00:00:09
Epoch 050 | Seed 2001 | Rate 0.00 | Train Loss: -10.6987 | Val Loss: 1.8979 | Acc (clean): 0.8980 | Acc (poison): 0.8980 | Val Acc: 0.7563 | Time: 00:00:09
Epoch 051 | Seed 2001 | Rate 0.00 | Train Loss: -11.4375 | Val Loss: 0.4616 | Acc (clean): 0.9443 | Acc (poison): 0.9443 | Val Acc: 0.9148 | Time: 00:00:10
Epoch 052 | Seed 2001 | Rate 0.00 | Train Loss: -11.9311 | Val Loss: 0.4393 | Acc (clean): 0.9581 | Acc (poison): 0.9581 | Val Acc: 0.9163 | Time: 00:00:10
Epoch 053 | Seed 2001 | Rate 0.00 | Train Loss: -12.3194 | Val Loss: 0.4315 | Acc (clean): 0.9654 | Acc (poison): 0.9654 | Val Acc: 0.9193 | Time: 00:00:11
Epoch 054 | Seed 2001 | Rate 0.00 | Train Loss: -12.6736 | Val Loss: 0.4036 | Acc (clean): 0.9673 | Acc (poison): 0.9673 | Val Acc: 0.9237 | Time: 00:00:10
Epoch 055 | Seed 2001 | Rate 0.00 | Train Loss: -12.9967 | Val Loss: 0.3929 | Acc (clean): 0.9695 | Acc (poison): 0.9695 | Val Acc: 0.9278 | Time: 00:00:10
Epoch 056 | Seed 2001 | Rate 0.00 | Train Loss: -13.2778 | Val Loss: 0.4031 | Acc (clean): 0.9716 | Acc (poison): 0.9716 | Val Acc: 0.9222 | Time: 00:00:09
Epoch 057 | Seed 2001 | Rate 0.00 | Train Loss: -13.5548 | Val Loss: 0.3821 | Acc (clean): 0.9744 | Acc (poison): 0.9744 | Val Acc: 0.9304 | Time: 00:00:10
Epoch 058 | Seed 2001 | Rate 0.00 | Train Loss: -13.7939 | Val Loss: 0.3819 | Acc (clean): 0.9753 | Acc (poison): 0.9753 | Val Acc: 0.9293 | Time: 00:00:10
Epoch 059 | Seed 2001 | Rate 0.00 | Train Loss: -14.0199 | Val Loss: 0.4015 | Acc (clean): 0.9766 | Acc (poison): 0.9766 | Val Acc: 0.9289 | Time: 00:00:10
Epoch 060 | Seed 2001 | Rate 0.00 | Train Loss: -14.2167 | Val Loss: 0.3830 | Acc (clean): 0.9786 | Acc (poison): 0.9786 | Val Acc: 0.9263 | Time: 00:00:10
Epoch 061 | Seed 2001 | Rate 0.00 | Train Loss: -14.3854 | Val Loss: 0.4028 | Acc (clean): 0.9793 | Acc (poison): 0.9793 | Val Acc: 0.9270 | Time: 00:00:10
Epoch 062 | Seed 2001 | Rate 0.00 | Train Loss: -14.5333 | Val Loss: 0.4036 | Acc (clean): 0.9814 | Acc (poison): 0.9814 | Val Acc: 0.9293 | Time: 00:00:10
Epoch 063 | Seed 2001 | Rate 0.00 | Train Loss: -14.6625 | Val Loss: 0.3983 | Acc (clean): 0.9819 | Acc (poison): 0.9819 | Val Acc: 0.9270 | Time: 00:00:09
Epoch 064 | Seed 2001 | Rate 0.00 | Train Loss: -14.7760 | Val Loss: 0.4048 | Acc (clean): 0.9836 | Acc (poison): 0.9836 | Val Acc: 0.9278 | Time: 00:00:09
Epoch 065 | Seed 2001 | Rate 0.00 | Train Loss: -14.8693 | Val Loss: 0.3799 | Acc (clean): 0.9847 | Acc (poison): 0.9847 | Val Acc: 0.9319 | Time: 00:00:10
Epoch 066 | Seed 2001 | Rate 0.00 | Train Loss: -14.9561 | Val Loss: 0.4223 | Acc (clean): 0.9848 | Acc (poison): 0.9848 | Val Acc: 0.9263 | Time: 00:00:09
Epoch 067 | Seed 2001 | Rate 0.00 | Train Loss: -15.0260 | Val Loss: 0.4222 | Acc (clean): 0.9862 | Acc (poison): 0.9862 | Val Acc: 0.9304 | Time: 00:00:09
Epoch 068 | Seed 2001 | Rate 0.00 | Train Loss: -15.0943 | Val Loss: 0.4150 | Acc (clean): 0.9868 | Acc (poison): 0.9868 | Val Acc: 0.9263 | Time: 00:00:09
Epoch 069 | Seed 2001 | Rate 0.00 | Train Loss: -15.1466 | Val Loss: 0.4154 | Acc (clean): 0.9865 | Acc (poison): 0.9865 | Val Acc: 0.9322 | Time: 00:00:09
Epoch 070 | Seed 2001 | Rate 0.00 | Train Loss: -15.1922 | Val Loss: 0.4251 | Acc (clean): 0.9878 | Acc (poison): 0.9878 | Val Acc: 0.9311 | Time: 00:00:09
Epoch 071 | Seed 2001 | Rate 0.00 | Train Loss: -15.2457 | Val Loss: 0.4430 | Acc (clean): 0.9889 | Acc (poison): 0.9889 | Val Acc: 0.9281 | Time: 00:00:09
Epoch 072 | Seed 2001 | Rate 0.00 | Train Loss: -15.2774 | Val Loss: 0.4405 | Acc (clean): 0.9887 | Acc (poison): 0.9887 | Val Acc: 0.9281 | Time: 00:00:09
Epoch 073 | Seed 2001 | Rate 0.00 | Train Loss: -15.3073 | Val Loss: 0.4008 | Acc (clean): 0.9893 | Acc (poison): 0.9893 | Val Acc: 0.9307 | Time: 00:00:09
Epoch 074 | Seed 2001 | Rate 0.00 | Train Loss: -15.3429 | Val Loss: 0.4428 | Acc (clean): 0.9905 | Acc (poison): 0.9905 | Val Acc: 0.9252 | Time: 00:00:10
Epoch 075 | Seed 2001 | Rate 0.00 | Train Loss: -15.3621 | Val Loss: 0.4850 | Acc (clean): 0.9906 | Acc (poison): 0.9906 | Val Acc: 0.9211 | Time: 00:00:10
Epoch 076 | Seed 2001 | Rate 0.00 | Train Loss: -15.4306 | Val Loss: 0.4024 | Acc (clean): 0.9923 | Acc (poison): 0.9923 | Val Acc: 0.9359 | Time: 00:00:10
Epoch 077 | Seed 2001 | Rate 0.00 | Train Loss: -15.5033 | Val Loss: 0.4013 | Acc (clean): 0.9935 | Acc (poison): 0.9935 | Val Acc: 0.9344 | Time: 00:00:09
Epoch 078 | Seed 2001 | Rate 0.00 | Train Loss: -15.5626 | Val Loss: 0.3961 | Acc (clean): 0.9943 | Acc (poison): 0.9943 | Val Acc: 0.9341 | Time: 00:00:10
Epoch 079 | Seed 2001 | Rate 0.00 | Train Loss: -15.6013 | Val Loss: 0.3874 | Acc (clean): 0.9937 | Acc (poison): 0.9937 | Val Acc: 0.9359 | Time: 00:00:09
Epoch 080 | Seed 2001 | Rate 0.00 | Train Loss: -15.6442 | Val Loss: 0.3905 | Acc (clean): 0.9942 | Acc (poison): 0.9942 | Val Acc: 0.9359 | Time: 00:00:09
Epoch 081 | Seed 2001 | Rate 0.00 | Train Loss: -15.6881 | Val Loss: 0.3915 | Acc (clean): 0.9946 | Acc (poison): 0.9946 | Val Acc: 0.9374 | Time: 00:00:09
Epoch 082 | Seed 2001 | Rate 0.00 | Train Loss: -15.7200 | Val Loss: 0.3842 | Acc (clean): 0.9949 | Acc (poison): 0.9949 | Val Acc: 0.9356 | Time: 00:00:10
Epoch 083 | Seed 2001 | Rate 0.00 | Train Loss: -15.7445 | Val Loss: 0.3807 | Acc (clean): 0.9956 | Acc (poison): 0.9956 | Val Acc: 0.9352 | Time: 00:00:10
Epoch 084 | Seed 2001 | Rate 0.00 | Train Loss: -15.7701 | Val Loss: 0.3967 | Acc (clean): 0.9953 | Acc (poison): 0.9953 | Val Acc: 0.9330 | Time: 00:00:09
Epoch 085 | Seed 2001 | Rate 0.00 | Train Loss: -15.7864 | Val Loss: 0.3883 | Acc (clean): 0.9952 | Acc (poison): 0.9952 | Val Acc: 0.9341 | Time: 00:00:10
Epoch 086 | Seed 2001 | Rate 0.00 | Train Loss: -15.8104 | Val Loss: 0.3869 | Acc (clean): 0.9958 | Acc (poison): 0.9958 | Val Acc: 0.9348 | Time: 00:00:09
Epoch 087 | Seed 2001 | Rate 0.00 | Train Loss: -15.8338 | Val Loss: 0.3857 | Acc (clean): 0.9956 | Acc (poison): 0.9956 | Val Acc: 0.9359 | Time: 00:00:10
Epoch 088 | Seed 2001 | Rate 0.00 | Train Loss: -15.8430 | Val Loss: 0.3881 | Acc (clean): 0.9956 | Acc (poison): 0.9956 | Val Acc: 0.9333 | Time: 00:00:09
Epoch 089 | Seed 2001 | Rate 0.00 | Train Loss: -15.8471 | Val Loss: 0.3887 | Acc (clean): 0.9958 | Acc (poison): 0.9958 | Val Acc: 0.9337 | Time: 00:00:09
Epoch 090 | Seed 2001 | Rate 0.00 | Train Loss: -15.8616 | Val Loss: 0.3821 | Acc (clean): 0.9958 | Acc (poison): 0.9958 | Val Acc: 0.9363 | Time: 00:00:10
Epoch 091 | Seed 2001 | Rate 0.00 | Train Loss: -15.8798 | Val Loss: 0.3826 | Acc (clean): 0.9962 | Acc (poison): 0.9962 | Val Acc: 0.9344 | Time: 00:00:09
Epoch 092 | Seed 2001 | Rate 0.00 | Train Loss: -15.8910 | Val Loss: 0.3800 | Acc (clean): 0.9965 | Acc (poison): 0.9965 | Val Acc: 0.9363 | Time: 00:00:09
Epoch 093 | Seed 2001 | Rate 0.00 | Train Loss: -15.8982 | Val Loss: 0.3854 | Acc (clean): 0.9963 | Acc (poison): 0.9963 | Val Acc: 0.9348 | Time: 00:00:09
Epoch 094 | Seed 2001 | Rate 0.00 | Train Loss: -15.9097 | Val Loss: 0.3846 | Acc (clean): 0.9964 | Acc (poison): 0.9964 | Val Acc: 0.9348 | Time: 00:00:09
Epoch 095 | Seed 2001 | Rate 0.00 | Train Loss: -15.9095 | Val Loss: 0.3879 | Acc (clean): 0.9965 | Acc (poison): 0.9965 | Val Acc: 0.9333 | Time: 00:00:10
Epoch 096 | Seed 2001 | Rate 0.00 | Train Loss: -15.9132 | Val Loss: 0.3812 | Acc (clean): 0.9961 | Acc (poison): 0.9961 | Val Acc: 0.9370 | Time: 00:00:09
Epoch 097 | Seed 2001 | Rate 0.00 | Train Loss: -15.9236 | Val Loss: 0.3879 | Acc (clean): 0.9966 | Acc (poison): 0.9966 | Val Acc: 0.9326 | Time: 00:00:10
Epoch 098 | Seed 2001 | Rate 0.00 | Train Loss: -15.9232 | Val Loss: 0.3952 | Acc (clean): 0.9963 | Acc (poison): 0.9963 | Val Acc: 0.9322 | Time: 00:00:09
Epoch 099 | Seed 2001 | Rate 0.00 | Train Loss: -15.9298 | Val Loss: 0.3867 | Acc (clean): 0.9965 | Acc (poison): 0.9965 | Val Acc: 0.9367 | Time: 00:00:09
Epoch 100 | Seed 2001 | Rate 0.00 | Train Loss: -15.9313 | Val Loss: 0.3818 | Acc (clean): 0.9963 | Acc (poison): 0.9963 | Val Acc: 0.9352 | Time: 00:00:08

=== defense=elr attack=RQ1 seed=2001 rate=0.01 ===
Loading train data from /home/yazanme/BachelorThesis/BachelorThesis/data/processed/resisc45/train.h5 with mapping /home/yazanme/BachelorThesis/BachelorThesis/data/processed/resisc45/poisoned/RQ1/seed_2001/labels_0.01.pt... (in_memory=True, workers=6)
Testing torch.compile support...
Successfully compiled model using torch.compile.
Epoch 001 | Seed 2001 | Rate 0.01 | Train Loss: 2.4544 | Val Loss: 2.2983 | Acc (clean): 0.2806 | Acc (poison): 0.2776 | Val Acc: 0.3407 | Time: 00:00:10
Epoch 002 | Seed 2001 | Rate 0.01 | Train Loss: 1.2915 | Val Loss: 1.9628 | Acc (clean): 0.4755 | Acc (poison): 0.4709 | Val Acc: 0.4496 | Time: 00:00:10
Epoch 003 | Seed 2001 | Rate 0.01 | Train Loss: 0.5627 | Val Loss: 1.4222 | Acc (clean): 0.5672 | Acc (poison): 0.5615 | Val Acc: 0.5770 | Time: 00:00:10
Epoch 004 | Seed 2001 | Rate 0.01 | Train Loss: -0.1291 | Val Loss: 1.5133 | Acc (clean): 0.6331 | Acc (poison): 0.6268 | Val Acc: 0.5704 | Time: 00:00:09
Epoch 005 | Seed 2001 | Rate 0.01 | Train Loss: -0.7873 | Val Loss: 2.3860 | Acc (clean): 0.6767 | Acc (poison): 0.6701 | Val Acc: 0.5096 | Time: 00:00:09
Epoch 006 | Seed 2001 | Rate 0.01 | Train Loss: -1.4858 | Val Loss: 1.1082 | Acc (clean): 0.7221 | Acc (poison): 0.7151 | Val Acc: 0.6930 | Time: 00:00:10
Epoch 007 | Seed 2001 | Rate 0.01 | Train Loss: -2.1580 | Val Loss: 1.3232 | Acc (clean): 0.7525 | Acc (poison): 0.7452 | Val Acc: 0.6759 | Time: 00:00:09
Epoch 008 | Seed 2001 | Rate 0.01 | Train Loss: -2.8223 | Val Loss: 1.1165 | Acc (clean): 0.7771 | Acc (poison): 0.7693 | Val Acc: 0.7096 | Time: 00:00:09
Epoch 009 | Seed 2001 | Rate 0.01 | Train Loss: -3.4697 | Val Loss: 1.1069 | Acc (clean): 0.7945 | Acc (poison): 0.7868 | Val Acc: 0.7181 | Time: 00:00:10
Epoch 010 | Seed 2001 | Rate 0.01 | Train Loss: -4.0958 | Val Loss: 1.2401 | Acc (clean): 0.8107 | Acc (poison): 0.8028 | Val Acc: 0.7233 | Time: 00:00:09
Epoch 011 | Seed 2001 | Rate 0.01 | Train Loss: -4.6652 | Val Loss: 1.3409 | Acc (clean): 0.8171 | Acc (poison): 0.8092 | Val Acc: 0.6922 | Time: 00:00:09
Epoch 012 | Seed 2001 | Rate 0.01 | Train Loss: -5.2577 | Val Loss: 1.0142 | Acc (clean): 0.8282 | Acc (poison): 0.8202 | Val Acc: 0.7507 | Time: 00:00:12
Epoch 013 | Seed 2001 | Rate 0.01 | Train Loss: -5.7898 | Val Loss: 1.1570 | Acc (clean): 0.8360 | Acc (poison): 0.8277 | Val Acc: 0.7593 | Time: 00:00:09
Epoch 014 | Seed 2001 | Rate 0.01 | Train Loss: -6.2774 | Val Loss: 0.9295 | Acc (clean): 0.8398 | Acc (poison): 0.8317 | Val Acc: 0.7893 | Time: 00:00:11
Epoch 015 | Seed 2001 | Rate 0.01 | Train Loss: -6.7207 | Val Loss: 1.2994 | Acc (clean): 0.8436 | Acc (poison): 0.8353 | Val Acc: 0.7419 | Time: 00:00:09
Epoch 016 | Seed 2001 | Rate 0.01 | Train Loss: -7.1643 | Val Loss: 0.9081 | Acc (clean): 0.8494 | Acc (poison): 0.8413 | Val Acc: 0.7878 | Time: 00:00:11
Epoch 017 | Seed 2001 | Rate 0.01 | Train Loss: -7.5462 | Val Loss: 0.9500 | Acc (clean): 0.8530 | Acc (poison): 0.8451 | Val Acc: 0.8078 | Time: 00:00:09
Epoch 018 | Seed 2001 | Rate 0.01 | Train Loss: -7.9071 | Val Loss: 1.0305 | Acc (clean): 0.8565 | Acc (poison): 0.8481 | Val Acc: 0.7893 | Time: 00:00:09
Epoch 019 | Seed 2001 | Rate 0.01 | Train Loss: -8.2849 | Val Loss: 1.0205 | Acc (clean): 0.8656 | Acc (poison): 0.8577 | Val Acc: 0.8007 | Time: 00:00:09
Epoch 020 | Seed 2001 | Rate 0.01 | Train Loss: -8.4877 | Val Loss: 1.0131 | Acc (clean): 0.8623 | Acc (poison): 0.8543 | Val Acc: 0.8007 | Time: 00:00:10
Epoch 021 | Seed 2001 | Rate 0.01 | Train Loss: -8.7542 | Val Loss: 1.0548 | Acc (clean): 0.8684 | Acc (poison): 0.8602 | Val Acc: 0.7807 | Time: 00:00:09
Epoch 022 | Seed 2001 | Rate 0.01 | Train Loss: -8.9745 | Val Loss: 1.0883 | Acc (clean): 0.8716 | Acc (poison): 0.8633 | Val Acc: 0.7796 | Time: 00:00:09
Epoch 023 | Seed 2001 | Rate 0.01 | Train Loss: -9.1325 | Val Loss: 1.2480 | Acc (clean): 0.8718 | Acc (poison): 0.8637 | Val Acc: 0.7700 | Time: 00:00:10
Epoch 024 | Seed 2001 | Rate 0.01 | Train Loss: -9.3633 | Val Loss: 1.4372 | Acc (clean): 0.8792 | Acc (poison): 0.8708 | Val Acc: 0.7530 | Time: 00:00:10
Epoch 025 | Seed 2001 | Rate 0.01 | Train Loss: -9.4717 | Val Loss: 1.1030 | Acc (clean): 0.8758 | Acc (poison): 0.8673 | Val Acc: 0.7819 | Time: 00:00:10
Epoch 026 | Seed 2001 | Rate 0.01 | Train Loss: -9.6161 | Val Loss: 1.2520 | Acc (clean): 0.8809 | Acc (poison): 0.8725 | Val Acc: 0.7815 | Time: 00:00:09
Epoch 027 | Seed 2001 | Rate 0.01 | Train Loss: -9.7176 | Val Loss: 0.9608 | Acc (clean): 0.8820 | Acc (poison): 0.8737 | Val Acc: 0.8270 | Time: 00:00:10
Epoch 028 | Seed 2001 | Rate 0.01 | Train Loss: -9.8345 | Val Loss: 1.0514 | Acc (clean): 0.8839 | Acc (poison): 0.8754 | Val Acc: 0.7967 | Time: 00:00:09
Epoch 029 | Seed 2001 | Rate 0.01 | Train Loss: -9.8572 | Val Loss: 1.1999 | Acc (clean): 0.8815 | Acc (poison): 0.8735 | Val Acc: 0.7981 | Time: 00:00:09
Epoch 030 | Seed 2001 | Rate 0.01 | Train Loss: -9.9596 | Val Loss: 1.2534 | Acc (clean): 0.8875 | Acc (poison): 0.8790 | Val Acc: 0.7707 | Time: 00:00:09
Epoch 031 | Seed 2001 | Rate 0.01 | Train Loss: -9.9132 | Val Loss: 0.9553 | Acc (clean): 0.8828 | Acc (poison): 0.8745 | Val Acc: 0.8304 | Time: 00:00:10
Epoch 032 | Seed 2001 | Rate 0.01 | Train Loss: -10.0562 | Val Loss: 1.5215 | Acc (clean): 0.8910 | Acc (poison): 0.8826 | Val Acc: 0.7770 | Time: 00:00:09
Epoch 033 | Seed 2001 | Rate 0.01 | Train Loss: -10.1273 | Val Loss: 0.8971 | Acc (clean): 0.8933 | Acc (poison): 0.8848 | Val Acc: 0.8185 | Time: 00:00:10
Epoch 034 | Seed 2001 | Rate 0.01 | Train Loss: -10.1490 | Val Loss: 0.9925 | Acc (clean): 0.8902 | Acc (poison): 0.8817 | Val Acc: 0.8252 | Time: 00:00:09
Epoch 035 | Seed 2001 | Rate 0.01 | Train Loss: -10.2281 | Val Loss: 1.1282 | Acc (clean): 0.8944 | Acc (poison): 0.8862 | Val Acc: 0.8167 | Time: 00:00:10
Epoch 036 | Seed 2001 | Rate 0.01 | Train Loss: -10.1879 | Val Loss: 1.0638 | Acc (clean): 0.8901 | Acc (poison): 0.8816 | Val Acc: 0.8141 | Time: 00:00:09
Epoch 037 | Seed 2001 | Rate 0.01 | Train Loss: -10.2850 | Val Loss: 1.1830 | Acc (clean): 0.8947 | Acc (poison): 0.8861 | Val Acc: 0.8000 | Time: 00:00:10
Epoch 038 | Seed 2001 | Rate 0.01 | Train Loss: -10.2999 | Val Loss: 1.1772 | Acc (clean): 0.8930 | Acc (poison): 0.8850 | Val Acc: 0.8052 | Time: 00:00:09
Epoch 039 | Seed 2001 | Rate 0.01 | Train Loss: -10.3959 | Val Loss: 1.2718 | Acc (clean): 0.8989 | Acc (poison): 0.8902 | Val Acc: 0.7778 | Time: 00:00:10
Epoch 040 | Seed 2001 | Rate 0.01 | Train Loss: -10.4142 | Val Loss: 1.0061 | Acc (clean): 0.8979 | Acc (poison): 0.8898 | Val Acc: 0.8030 | Time: 00:00:10
Epoch 041 | Seed 2001 | Rate 0.01 | Train Loss: -10.3687 | Val Loss: 1.3709 | Acc (clean): 0.8945 | Acc (poison): 0.8862 | Val Acc: 0.7659 | Time: 00:00:09
Epoch 042 | Seed 2001 | Rate 0.01 | Train Loss: -10.4536 | Val Loss: 1.0556 | Acc (clean): 0.8995 | Acc (poison): 0.8907 | Val Acc: 0.8163 | Time: 00:00:09
Epoch 043 | Seed 2001 | Rate 0.01 | Train Loss: -10.4396 | Val Loss: 0.9198 | Acc (clean): 0.8978 | Acc (poison): 0.8895 | Val Acc: 0.8267 | Time: 00:00:09
Epoch 044 | Seed 2001 | Rate 0.01 | Train Loss: -10.5468 | Val Loss: 1.1353 | Acc (clean): 0.9022 | Acc (poison): 0.8938 | Val Acc: 0.8044 | Time: 00:00:09
Epoch 045 | Seed 2001 | Rate 0.01 | Train Loss: -10.4554 | Val Loss: 1.4226 | Acc (clean): 0.8965 | Acc (poison): 0.8883 | Val Acc: 0.7611 | Time: 00:00:10
Epoch 046 | Seed 2001 | Rate 0.01 | Train Loss: -10.5297 | Val Loss: 1.2662 | Acc (clean): 0.9028 | Acc (poison): 0.8943 | Val Acc: 0.7859 | Time: 00:00:09
Epoch 047 | Seed 2001 | Rate 0.01 | Train Loss: -10.5015 | Val Loss: 1.1121 | Acc (clean): 0.8979 | Acc (poison): 0.8891 | Val Acc: 0.8111 | Time: 00:00:10
Epoch 048 | Seed 2001 | Rate 0.01 | Train Loss: -10.5834 | Val Loss: 1.2823 | Acc (clean): 0.9037 | Acc (poison): 0.8953 | Val Acc: 0.8070 | Time: 00:00:09
Epoch 049 | Seed 2001 | Rate 0.01 | Train Loss: -10.5619 | Val Loss: 1.1896 | Acc (clean): 0.9021 | Acc (poison): 0.8932 | Val Acc: 0.7867 | Time: 00:00:09
Epoch 050 | Seed 2001 | Rate 0.01 | Train Loss: -10.6044 | Val Loss: 0.9376 | Acc (clean): 0.9036 | Acc (poison): 0.8951 | Val Acc: 0.8293 | Time: 00:00:09
Epoch 051 | Seed 2001 | Rate 0.01 | Train Loss: -11.3169 | Val Loss: 0.4055 | Acc (clean): 0.9454 | Acc (poison): 0.9364 | Val Acc: 0.9204 | Time: 00:00:10
Epoch 052 | Seed 2001 | Rate 0.01 | Train Loss: -11.8010 | Val Loss: 0.3792 | Acc (clean): 0.9592 | Acc (poison): 0.9500 | Val Acc: 0.9219 | Time: 00:00:10
Epoch 053 | Seed 2001 | Rate 0.01 | Train Loss: -12.1901 | Val Loss: 0.3762 | Acc (clean): 0.9647 | Acc (poison): 0.9553 | Val Acc: 0.9270 | Time: 00:00:10
Epoch 054 | Seed 2001 | Rate 0.01 | Train Loss: -12.5322 | Val Loss: 0.3807 | Acc (clean): 0.9681 | Acc (poison): 0.9591 | Val Acc: 0.9252 | Time: 00:00:09
Epoch 055 | Seed 2001 | Rate 0.01 | Train Loss: -12.8587 | Val Loss: 0.3512 | Acc (clean): 0.9709 | Acc (poison): 0.9620 | Val Acc: 0.9311 | Time: 00:00:13
Epoch 056 | Seed 2001 | Rate 0.01 | Train Loss: -13.1471 | Val Loss: 0.3539 | Acc (clean): 0.9719 | Acc (poison): 0.9631 | Val Acc: 0.9352 | Time: 00:00:09
Epoch 057 | Seed 2001 | Rate 0.01 | Train Loss: -13.4184 | Val Loss: 0.3781 | Acc (clean): 0.9741 | Acc (poison): 0.9652 | Val Acc: 0.9352 | Time: 00:00:09
Epoch 058 | Seed 2001 | Rate 0.01 | Train Loss: -13.6623 | Val Loss: 0.3770 | Acc (clean): 0.9761 | Acc (poison): 0.9672 | Val Acc: 0.9270 | Time: 00:00:09
Epoch 059 | Seed 2001 | Rate 0.01 | Train Loss: -13.8828 | Val Loss: 0.3600 | Acc (clean): 0.9774 | Acc (poison): 0.9684 | Val Acc: 0.9341 | Time: 00:00:10
Epoch 060 | Seed 2001 | Rate 0.01 | Train Loss: -14.0708 | Val Loss: 0.3822 | Acc (clean): 0.9780 | Acc (poison): 0.9691 | Val Acc: 0.9322 | Time: 00:00:10
Epoch 061 | Seed 2001 | Rate 0.01 | Train Loss: -14.2320 | Val Loss: 0.3817 | Acc (clean): 0.9798 | Acc (poison): 0.9712 | Val Acc: 0.9326 | Time: 00:00:09
Epoch 062 | Seed 2001 | Rate 0.01 | Train Loss: -14.3841 | Val Loss: 0.3747 | Acc (clean): 0.9805 | Acc (poison): 0.9717 | Val Acc: 0.9348 | Time: 00:00:09
Epoch 063 | Seed 2001 | Rate 0.01 | Train Loss: -14.5052 | Val Loss: 0.3971 | Acc (clean): 0.9818 | Acc (poison): 0.9729 | Val Acc: 0.9319 | Time: 00:00:09
Epoch 064 | Seed 2001 | Rate 0.01 | Train Loss: -14.6319 | Val Loss: 0.3959 | Acc (clean): 0.9848 | Acc (poison): 0.9758 | Val Acc: 0.9315 | Time: 00:00:09
Epoch 065 | Seed 2001 | Rate 0.01 | Train Loss: -14.7279 | Val Loss: 0.4192 | Acc (clean): 0.9842 | Acc (poison): 0.9756 | Val Acc: 0.9300 | Time: 00:00:09
Epoch 066 | Seed 2001 | Rate 0.01 | Train Loss: -14.7919 | Val Loss: 0.4063 | Acc (clean): 0.9836 | Acc (poison): 0.9749 | Val Acc: 0.9337 | Time: 00:00:10
Epoch 067 | Seed 2001 | Rate 0.01 | Train Loss: -14.8800 | Val Loss: 0.4143 | Acc (clean): 0.9862 | Acc (poison): 0.9775 | Val Acc: 0.9300 | Time: 00:00:10
Epoch 068 | Seed 2001 | Rate 0.01 | Train Loss: -14.9481 | Val Loss: 0.3935 | Acc (clean): 0.9868 | Acc (poison): 0.9783 | Val Acc: 0.9363 | Time: 00:00:10
Epoch 069 | Seed 2001 | Rate 0.01 | Train Loss: -14.9884 | Val Loss: 0.4237 | Acc (clean): 0.9865 | Acc (poison): 0.9782 | Val Acc: 0.9322 | Time: 00:00:09
Epoch 070 | Seed 2001 | Rate 0.01 | Train Loss: -15.0373 | Val Loss: 0.4429 | Acc (clean): 0.9870 | Acc (poison): 0.9791 | Val Acc: 0.9333 | Time: 00:00:09
Epoch 071 | Seed 2001 | Rate 0.01 | Train Loss: -15.0918 | Val Loss: 0.4606 | Acc (clean): 0.9879 | Acc (poison): 0.9793 | Val Acc: 0.9278 | Time: 00:00:10
Epoch 072 | Seed 2001 | Rate 0.01 | Train Loss: -15.1323 | Val Loss: 0.4331 | Acc (clean): 0.9890 | Acc (poison): 0.9809 | Val Acc: 0.9319 | Time: 00:00:09
Epoch 073 | Seed 2001 | Rate 0.01 | Train Loss: -15.1672 | Val Loss: 0.4131 | Acc (clean): 0.9882 | Acc (poison): 0.9804 | Val Acc: 0.9370 | Time: 00:00:09
Epoch 074 | Seed 2001 | Rate 0.01 | Train Loss: -15.1973 | Val Loss: 0.4473 | Acc (clean): 0.9891 | Acc (poison): 0.9810 | Val Acc: 0.9322 | Time: 00:00:09
Epoch 075 | Seed 2001 | Rate 0.01 | Train Loss: -15.2177 | Val Loss: 0.4529 | Acc (clean): 0.9895 | Acc (poison): 0.9822 | Val Acc: 0.9281 | Time: 00:00:10
Epoch 076 | Seed 2001 | Rate 0.01 | Train Loss: -15.2942 | Val Loss: 0.4178 | Acc (clean): 0.9912 | Acc (poison): 0.9842 | Val Acc: 0.9378 | Time: 00:00:09
Epoch 077 | Seed 2001 | Rate 0.01 | Train Loss: -15.3706 | Val Loss: 0.4080 | Acc (clean): 0.9923 | Acc (poison): 0.9850 | Val Acc: 0.9352 | Time: 00:00:10
Epoch 078 | Seed 2001 | Rate 0.01 | Train Loss: -15.4290 | Val Loss: 0.4004 | Acc (clean): 0.9922 | Acc (poison): 0.9849 | Val Acc: 0.9370 | Time: 00:00:09
Epoch 079 | Seed 2001 | Rate 0.01 | Train Loss: -15.4899 | Val Loss: 0.4002 | Acc (clean): 0.9929 | Acc (poison): 0.9855 | Val Acc: 0.9367 | Time: 00:00:09
Epoch 080 | Seed 2001 | Rate 0.01 | Train Loss: -15.5397 | Val Loss: 0.3899 | Acc (clean): 0.9930 | Acc (poison): 0.9860 | Val Acc: 0.9400 | Time: 00:00:10
Epoch 081 | Seed 2001 | Rate 0.01 | Train Loss: -15.5749 | Val Loss: 0.3943 | Acc (clean): 0.9928 | Acc (poison): 0.9859 | Val Acc: 0.9374 | Time: 00:00:10
Epoch 082 | Seed 2001 | Rate 0.01 | Train Loss: -15.6071 | Val Loss: 0.3881 | Acc (clean): 0.9931 | Acc (poison): 0.9861 | Val Acc: 0.9374 | Time: 00:00:09
Epoch 083 | Seed 2001 | Rate 0.01 | Train Loss: -15.6351 | Val Loss: 0.3881 | Acc (clean): 0.9933 | Acc (poison): 0.9866 | Val Acc: 0.9378 | Time: 00:00:09
Epoch 084 | Seed 2001 | Rate 0.01 | Train Loss: -15.6567 | Val Loss: 0.3909 | Acc (clean): 0.9937 | Acc (poison): 0.9866 | Val Acc: 0.9396 | Time: 00:00:09
Epoch 085 | Seed 2001 | Rate 0.01 | Train Loss: -15.6793 | Val Loss: 0.4002 | Acc (clean): 0.9931 | Acc (poison): 0.9867 | Val Acc: 0.9363 | Time: 00:00:10
Epoch 086 | Seed 2001 | Rate 0.01 | Train Loss: -15.7042 | Val Loss: 0.3946 | Acc (clean): 0.9940 | Acc (poison): 0.9874 | Val Acc: 0.9370 | Time: 00:00:10
Epoch 087 | Seed 2001 | Rate 0.01 | Train Loss: -15.7188 | Val Loss: 0.3885 | Acc (clean): 0.9936 | Acc (poison): 0.9871 | Val Acc: 0.9374 | Time: 00:00:09
Epoch 088 | Seed 2001 | Rate 0.01 | Train Loss: -15.7410 | Val Loss: 0.3874 | Acc (clean): 0.9936 | Acc (poison): 0.9873 | Val Acc: 0.9385 | Time: 00:00:09
Epoch 089 | Seed 2001 | Rate 0.01 | Train Loss: -15.7515 | Val Loss: 0.3927 | Acc (clean): 0.9941 | Acc (poison): 0.9875 | Val Acc: 0.9396 | Time: 00:00:10
Epoch 090 | Seed 2001 | Rate 0.01 | Train Loss: -15.7506 | Val Loss: 0.3887 | Acc (clean): 0.9940 | Acc (poison): 0.9875 | Val Acc: 0.9374 | Time: 00:00:10
Epoch 091 | Seed 2001 | Rate 0.01 | Train Loss: -15.7664 | Val Loss: 0.3849 | Acc (clean): 0.9937 | Acc (poison): 0.9877 | Val Acc: 0.9404 | Time: 00:00:10
Epoch 092 | Seed 2001 | Rate 0.01 | Train Loss: -15.7848 | Val Loss: 0.3892 | Acc (clean): 0.9935 | Acc (poison): 0.9879 | Val Acc: 0.9378 | Time: 00:00:10
Epoch 093 | Seed 2001 | Rate 0.01 | Train Loss: -15.7839 | Val Loss: 0.4007 | Acc (clean): 0.9940 | Acc (poison): 0.9877 | Val Acc: 0.9367 | Time: 00:00:09
Epoch 094 | Seed 2001 | Rate 0.01 | Train Loss: -15.7923 | Val Loss: 0.3978 | Acc (clean): 0.9941 | Acc (poison): 0.9881 | Val Acc: 0.9393 | Time: 00:00:09
Epoch 095 | Seed 2001 | Rate 0.01 | Train Loss: -15.7998 | Val Loss: 0.3925 | Acc (clean): 0.9942 | Acc (poison): 0.9883 | Val Acc: 0.9378 | Time: 00:00:10
Epoch 096 | Seed 2001 | Rate 0.01 | Train Loss: -15.8041 | Val Loss: 0.3979 | Acc (clean): 0.9940 | Acc (poison): 0.9881 | Val Acc: 0.9359 | Time: 00:00:09
Epoch 097 | Seed 2001 | Rate 0.01 | Train Loss: -15.8137 | Val Loss: 0.3895 | Acc (clean): 0.9941 | Acc (poison): 0.9879 | Val Acc: 0.9411 | Time: 00:00:09
Epoch 098 | Seed 2001 | Rate 0.01 | Train Loss: -15.8226 | Val Loss: 0.4009 | Acc (clean): 0.9944 | Acc (poison): 0.9890 | Val Acc: 0.9374 | Time: 00:00:09
Epoch 099 | Seed 2001 | Rate 0.01 | Train Loss: -15.8250 | Val Loss: 0.4074 | Acc (clean): 0.9942 | Acc (poison): 0.9884 | Val Acc: 0.9352 | Time: 00:00:08
Epoch 100 | Seed 2001 | Rate 0.01 | Train Loss: -15.8324 | Val Loss: 0.3940 | Acc (clean): 0.9945 | Acc (poison): 0.9888 | Val Acc: 0.9374 | Time: 00:00:08

=== defense=elr attack=RQ1 seed=2001 rate=0.02 ===
Loading train data from /home/yazanme/BachelorThesis/BachelorThesis/data/processed/resisc45/train.h5 with mapping /home/yazanme/BachelorThesis/BachelorThesis/data/processed/resisc45/poisoned/RQ1/seed_2001/labels_0.02.pt... (in_memory=True, workers=6)
Testing torch.compile support...
Successfully compiled model using torch.compile.
Epoch 001 | Seed 2001 | Rate 0.02 | Train Loss: 2.5272 | Val Loss: 2.2059 | Acc (clean): 0.2745 | Acc (poison): 0.2695 | Val Acc: 0.3644 | Time: 00:00:11
Epoch 002 | Seed 2001 | Rate 0.02 | Train Loss: 1.4251 | Val Loss: 1.8560 | Acc (clean): 0.4597 | Acc (poison): 0.4507 | Val Acc: 0.4530 | Time: 00:00:12
Epoch 003 | Seed 2001 | Rate 0.02 | Train Loss: 0.7277 | Val Loss: 1.6332 | Acc (clean): 0.5547 | Acc (poison): 0.5432 | Val Acc: 0.5296 | Time: 00:00:11
Epoch 004 | Seed 2001 | Rate 0.02 | Train Loss: 0.1070 | Val Loss: 1.4155 | Acc (clean): 0.6098 | Acc (poison): 0.5983 | Val Acc: 0.5833 | Time: 00:00:10
Epoch 005 | Seed 2001 | Rate 0.02 | Train Loss: -0.5163 | Val Loss: 1.9218 | Acc (clean): 0.6538 | Acc (poison): 0.6412 | Val Acc: 0.5285 | Time: 00:00:10
Epoch 006 | Seed 2001 | Rate 0.02 | Train Loss: -1.1587 | Val Loss: 1.0948 | Acc (clean): 0.6937 | Acc (poison): 0.6799 | Val Acc: 0.6881 | Time: 00:00:10
Epoch 007 | Seed 2001 | Rate 0.02 | Train Loss: -1.8153 | Val Loss: 1.0314 | Acc (clean): 0.7306 | Acc (poison): 0.7164 | Val Acc: 0.7137 | Time: 00:00:10
Epoch 008 | Seed 2001 | Rate 0.02 | Train Loss: -2.4538 | Val Loss: 1.0578 | Acc (clean): 0.7588 | Acc (poison): 0.7440 | Val Acc: 0.7144 | Time: 00:00:09
Epoch 009 | Seed 2001 | Rate 0.02 | Train Loss: -3.0701 | Val Loss: 0.9030 | Acc (clean): 0.7766 | Acc (poison): 0.7617 | Val Acc: 0.7578 | Time: 00:00:10
Epoch 010 | Seed 2001 | Rate 0.02 | Train Loss: -3.7000 | Val Loss: 1.7240 | Acc (clean): 0.7939 | Acc (poison): 0.7787 | Val Acc: 0.6119 | Time: 00:00:09
Epoch 011 | Seed 2001 | Rate 0.02 | Train Loss: -4.2758 | Val Loss: 1.1957 | Acc (clean): 0.8070 | Acc (poison): 0.7917 | Val Acc: 0.7207 | Time: 00:00:09
Epoch 012 | Seed 2001 | Rate 0.02 | Train Loss: -4.8310 | Val Loss: 1.0289 | Acc (clean): 0.8191 | Acc (poison): 0.8037 | Val Acc: 0.7470 | Time: 00:00:10
Epoch 013 | Seed 2001 | Rate 0.02 | Train Loss: -5.4002 | Val Loss: 1.6841 | Acc (clean): 0.8281 | Acc (poison): 0.8123 | Val Acc: 0.6904 | Time: 00:00:09
Epoch 014 | Seed 2001 | Rate 0.02 | Train Loss: -5.9192 | Val Loss: 0.9206 | Acc (clean): 0.8362 | Acc (poison): 0.8197 | Val Acc: 0.7967 | Time: 00:00:09
Epoch 015 | Seed 2001 | Rate 0.02 | Train Loss: -6.3332 | Val Loss: 0.9559 | Acc (clean): 0.8370 | Acc (poison): 0.8211 | Val Acc: 0.7896 | Time: 00:00:09
Epoch 016 | Seed 2001 | Rate 0.02 | Train Loss: -6.7788 | Val Loss: 1.0131 | Acc (clean): 0.8449 | Acc (poison): 0.8285 | Val Acc: 0.7774 | Time: 00:00:10
Epoch 017 | Seed 2001 | Rate 0.02 | Train Loss: -7.1941 | Val Loss: 0.9434 | Acc (clean): 0.8506 | Acc (poison): 0.8351 | Val Acc: 0.7952 | Time: 00:00:10
Epoch 018 | Seed 2001 | Rate 0.02 | Train Loss: -7.5766 | Val Loss: 0.8606 | Acc (clean): 0.8568 | Acc (poison): 0.8402 | Val Acc: 0.8096 | Time: 00:00:11
Epoch 019 | Seed 2001 | Rate 0.02 | Train Loss: -7.9472 | Val Loss: 1.1502 | Acc (clean): 0.8625 | Acc (poison): 0.8464 | Val Acc: 0.7737 | Time: 00:00:09
Epoch 020 | Seed 2001 | Rate 0.02 | Train Loss: -8.1664 | Val Loss: 1.0357 | Acc (clean): 0.8601 | Acc (poison): 0.8435 | Val Acc: 0.7956 | Time: 00:00:10
Epoch 021 | Seed 2001 | Rate 0.02 | Train Loss: -8.4394 | Val Loss: 1.2687 | Acc (clean): 0.8667 | Acc (poison): 0.8502 | Val Acc: 0.7619 | Time: 00:00:09
Epoch 022 | Seed 2001 | Rate 0.02 | Train Loss: -8.7278 | Val Loss: 0.9572 | Acc (clean): 0.8730 | Acc (poison): 0.8567 | Val Acc: 0.8048 | Time: 00:00:10
Epoch 023 | Seed 2001 | Rate 0.02 | Train Loss: -8.8947 | Val Loss: 1.0634 | Acc (clean): 0.8737 | Acc (poison): 0.8570 | Val Acc: 0.7941 | Time: 00:00:09
Epoch 024 | Seed 2001 | Rate 0.02 | Train Loss: -9.0730 | Val Loss: 1.2790 | Acc (clean): 0.8729 | Acc (poison): 0.8565 | Val Acc: 0.7826 | Time: 00:00:09
Epoch 025 | Seed 2001 | Rate 0.02 | Train Loss: -9.1845 | Val Loss: 1.0925 | Acc (clean): 0.8730 | Acc (poison): 0.8570 | Val Acc: 0.8037 | Time: 00:00:10
Epoch 026 | Seed 2001 | Rate 0.02 | Train Loss: -9.3308 | Val Loss: 1.0710 | Acc (clean): 0.8773 | Acc (poison): 0.8611 | Val Acc: 0.7930 | Time: 00:00:10
Epoch 027 | Seed 2001 | Rate 0.02 | Train Loss: -9.5341 | Val Loss: 1.7480 | Acc (clean): 0.8851 | Acc (poison): 0.8683 | Val Acc: 0.7204 | Time: 00:00:09
Epoch 028 | Seed 2001 | Rate 0.02 | Train Loss: -9.6246 | Val Loss: 1.2393 | Acc (clean): 0.8847 | Acc (poison): 0.8679 | Val Acc: 0.7763 | Time: 00:00:10
Epoch 029 | Seed 2001 | Rate 0.02 | Train Loss: -9.6484 | Val Loss: 0.9938 | Acc (clean): 0.8805 | Acc (poison): 0.8638 | Val Acc: 0.8167 | Time: 00:00:10
Epoch 030 | Seed 2001 | Rate 0.02 | Train Loss: -9.7772 | Val Loss: 0.9411 | Acc (clean): 0.8873 | Acc (poison): 0.8711 | Val Acc: 0.8115 | Time: 00:00:09
Epoch 031 | Seed 2001 | Rate 0.02 | Train Loss: -9.7908 | Val Loss: 0.8907 | Acc (clean): 0.8841 | Acc (poison): 0.8679 | Val Acc: 0.8281 | Time: 00:00:10
Epoch 032 | Seed 2001 | Rate 0.02 | Train Loss: -9.8805 | Val Loss: 0.9933 | Acc (clean): 0.8880 | Acc (poison): 0.8717 | Val Acc: 0.8085 | Time: 00:00:09
Epoch 033 | Seed 2001 | Rate 0.02 | Train Loss: -9.9585 | Val Loss: 1.3597 | Acc (clean): 0.8921 | Acc (poison): 0.8753 | Val Acc: 0.7767 | Time: 00:00:09
Epoch 034 | Seed 2001 | Rate 0.02 | Train Loss: -9.9387 | Val Loss: 0.9948 | Acc (clean): 0.8879 | Acc (poison): 0.8718 | Val Acc: 0.8219 | Time: 00:00:09
Epoch 035 | Seed 2001 | Rate 0.02 | Train Loss: -10.0291 | Val Loss: 1.0533 | Acc (clean): 0.8908 | Acc (poison): 0.8738 | Val Acc: 0.8122 | Time: 00:00:09
Epoch 036 | Seed 2001 | Rate 0.02 | Train Loss: -10.0607 | Val Loss: 0.9680 | Acc (clean): 0.8953 | Acc (poison): 0.8784 | Val Acc: 0.8185 | Time: 00:00:10
Epoch 037 | Seed 2001 | Rate 0.02 | Train Loss: -10.0796 | Val Loss: 0.9207 | Acc (clean): 0.8917 | Acc (poison): 0.8753 | Val Acc: 0.8241 | Time: 00:00:09
Epoch 038 | Seed 2001 | Rate 0.02 | Train Loss: -10.1628 | Val Loss: 0.8492 | Acc (clean): 0.8934 | Acc (poison): 0.8768 | Val Acc: 0.8370 | Time: 00:00:10
Epoch 039 | Seed 2001 | Rate 0.02 | Train Loss: -10.2638 | Val Loss: 1.0367 | Acc (clean): 0.9001 | Acc (poison): 0.8836 | Val Acc: 0.8052 | Time: 00:00:09
Epoch 040 | Seed 2001 | Rate 0.02 | Train Loss: -10.1938 | Val Loss: 1.2903 | Acc (clean): 0.8945 | Acc (poison): 0.8781 | Val Acc: 0.7796 | Time: 00:00:10
Epoch 041 | Seed 2001 | Rate 0.02 | Train Loss: -10.1772 | Val Loss: 0.8630 | Acc (clean): 0.8925 | Acc (poison): 0.8758 | Val Acc: 0.8393 | Time: 00:00:09
Epoch 042 | Seed 2001 | Rate 0.02 | Train Loss: -10.3106 | Val Loss: 0.9401 | Acc (clean): 0.9021 | Acc (poison): 0.8853 | Val Acc: 0.8178 | Time: 00:00:09
Epoch 043 | Seed 2001 | Rate 0.02 | Train Loss: -10.3844 | Val Loss: 0.8355 | Acc (clean): 0.9042 | Acc (poison): 0.8879 | Val Acc: 0.8452 | Time: 00:00:10
Epoch 044 | Seed 2001 | Rate 0.02 | Train Loss: -10.4001 | Val Loss: 0.9499 | Acc (clean): 0.9017 | Acc (poison): 0.8847 | Val Acc: 0.8344 | Time: 00:00:10
Epoch 045 | Seed 2001 | Rate 0.02 | Train Loss: -10.3212 | Val Loss: 0.9730 | Acc (clean): 0.8970 | Acc (poison): 0.8810 | Val Acc: 0.8159 | Time: 00:00:10
Epoch 046 | Seed 2001 | Rate 0.02 | Train Loss: -10.3462 | Val Loss: 0.9564 | Acc (clean): 0.9002 | Acc (poison): 0.8834 | Val Acc: 0.8296 | Time: 00:00:10
Epoch 047 | Seed 2001 | Rate 0.02 | Train Loss: -10.3686 | Val Loss: 0.8564 | Acc (clean): 0.9004 | Acc (poison): 0.8839 | Val Acc: 0.8315 | Time: 00:00:10
Epoch 048 | Seed 2001 | Rate 0.02 | Train Loss: -10.4338 | Val Loss: 0.9104 | Acc (clean): 0.9049 | Acc (poison): 0.8881 | Val Acc: 0.8226 | Time: 00:00:10
Epoch 049 | Seed 2001 | Rate 0.02 | Train Loss: -10.4431 | Val Loss: 1.0558 | Acc (clean): 0.9039 | Acc (poison): 0.8872 | Val Acc: 0.8089 | Time: 00:00:09
Epoch 050 | Seed 2001 | Rate 0.02 | Train Loss: -10.5003 | Val Loss: 1.3251 | Acc (clean): 0.9052 | Acc (poison): 0.8885 | Val Acc: 0.7722 | Time: 00:00:09
Epoch 051 | Seed 2001 | Rate 0.02 | Train Loss: -11.2303 | Val Loss: 0.4259 | Acc (clean): 0.9470 | Acc (poison): 0.9294 | Val Acc: 0.9163 | Time: 00:00:10
Epoch 052 | Seed 2001 | Rate 0.02 | Train Loss: -11.7151 | Val Loss: 0.3993 | Acc (clean): 0.9599 | Acc (poison): 0.9420 | Val Acc: 0.9193 | Time: 00:00:11
Epoch 053 | Seed 2001 | Rate 0.02 | Train Loss: -12.1076 | Val Loss: 0.3929 | Acc (clean): 0.9647 | Acc (poison): 0.9467 | Val Acc: 0.9174 | Time: 00:00:11
Epoch 054 | Seed 2001 | Rate 0.02 | Train Loss: -12.4512 | Val Loss: 0.3937 | Acc (clean): 0.9677 | Acc (poison): 0.9502 | Val Acc: 0.9185 | Time: 00:00:10
Epoch 055 | Seed 2001 | Rate 0.02 | Train Loss: -12.7700 | Val Loss: 0.3769 | Acc (clean): 0.9702 | Acc (poison): 0.9525 | Val Acc: 0.9219 | Time: 00:00:10
Epoch 056 | Seed 2001 | Rate 0.02 | Train Loss: -13.0602 | Val Loss: 0.3772 | Acc (clean): 0.9726 | Acc (poison): 0.9550 | Val Acc: 0.9241 | Time: 00:00:09
Epoch 057 | Seed 2001 | Rate 0.02 | Train Loss: -13.3256 | Val Loss: 0.3880 | Acc (clean): 0.9751 | Acc (poison): 0.9573 | Val Acc: 0.9252 | Time: 00:00:10
Epoch 058 | Seed 2001 | Rate 0.02 | Train Loss: -13.5672 | Val Loss: 0.3796 | Acc (clean): 0.9757 | Acc (poison): 0.9579 | Val Acc: 0.9241 | Time: 00:00:10
Epoch 059 | Seed 2001 | Rate 0.02 | Train Loss: -13.7897 | Val Loss: 0.3828 | Acc (clean): 0.9774 | Acc (poison): 0.9599 | Val Acc: 0.9248 | Time: 00:00:10
Epoch 060 | Seed 2001 | Rate 0.02 | Train Loss: -13.9751 | Val Loss: 0.3972 | Acc (clean): 0.9783 | Acc (poison): 0.9607 | Val Acc: 0.9256 | Time: 00:00:10
Epoch 061 | Seed 2001 | Rate 0.02 | Train Loss: -14.1430 | Val Loss: 0.4029 | Acc (clean): 0.9802 | Acc (poison): 0.9628 | Val Acc: 0.9263 | Time: 00:00:10
Epoch 062 | Seed 2001 | Rate 0.02 | Train Loss: -14.3015 | Val Loss: 0.4006 | Acc (clean): 0.9807 | Acc (poison): 0.9640 | Val Acc: 0.9281 | Time: 00:00:10
Epoch 063 | Seed 2001 | Rate 0.02 | Train Loss: -14.4193 | Val Loss: 0.4269 | Acc (clean): 0.9826 | Acc (poison): 0.9655 | Val Acc: 0.9252 | Time: 00:00:10
Epoch 064 | Seed 2001 | Rate 0.02 | Train Loss: -14.5428 | Val Loss: 0.4013 | Acc (clean): 0.9832 | Acc (poison): 0.9662 | Val Acc: 0.9296 | Time: 00:00:10
Epoch 065 | Seed 2001 | Rate 0.02 | Train Loss: -14.6311 | Val Loss: 0.4330 | Acc (clean): 0.9833 | Acc (poison): 0.9663 | Val Acc: 0.9274 | Time: 00:00:10
Epoch 066 | Seed 2001 | Rate 0.02 | Train Loss: -14.7085 | Val Loss: 0.4105 | Acc (clean): 0.9838 | Acc (poison): 0.9674 | Val Acc: 0.9311 | Time: 00:00:10
Epoch 067 | Seed 2001 | Rate 0.02 | Train Loss: -14.8026 | Val Loss: 0.4502 | Acc (clean): 0.9853 | Acc (poison): 0.9691 | Val Acc: 0.9215 | Time: 00:00:09
Epoch 068 | Seed 2001 | Rate 0.02 | Train Loss: -14.8615 | Val Loss: 0.4663 | Acc (clean): 0.9864 | Acc (poison): 0.9705 | Val Acc: 0.9252 | Time: 00:00:10
Epoch 069 | Seed 2001 | Rate 0.02 | Train Loss: -14.9168 | Val Loss: 0.4739 | Acc (clean): 0.9873 | Acc (poison): 0.9713 | Val Acc: 0.9211 | Time: 00:00:10
Epoch 070 | Seed 2001 | Rate 0.02 | Train Loss: -14.9572 | Val Loss: 0.4442 | Acc (clean): 0.9869 | Acc (poison): 0.9716 | Val Acc: 0.9259 | Time: 00:00:10
Epoch 071 | Seed 2001 | Rate 0.02 | Train Loss: -15.0063 | Val Loss: 0.4471 | Acc (clean): 0.9880 | Acc (poison): 0.9721 | Val Acc: 0.9263 | Time: 00:00:10
Epoch 072 | Seed 2001 | Rate 0.02 | Train Loss: -15.0489 | Val Loss: 0.4894 | Acc (clean): 0.9884 | Acc (poison): 0.9733 | Val Acc: 0.9215 | Time: 00:00:10
Epoch 073 | Seed 2001 | Rate 0.02 | Train Loss: -15.0757 | Val Loss: 0.4462 | Acc (clean): 0.9878 | Acc (poison): 0.9733 | Val Acc: 0.9244 | Time: 00:00:09
Epoch 074 | Seed 2001 | Rate 0.02 | Train Loss: -15.1008 | Val Loss: 0.4729 | Acc (clean): 0.9883 | Acc (poison): 0.9733 | Val Acc: 0.9219 | Time: 00:00:10
Epoch 075 | Seed 2001 | Rate 0.02 | Train Loss: -15.1260 | Val Loss: 0.5187 | Acc (clean): 0.9886 | Acc (poison): 0.9742 | Val Acc: 0.9185 | Time: 00:00:10
Epoch 076 | Seed 2001 | Rate 0.02 | Train Loss: -15.2074 | Val Loss: 0.4581 | Acc (clean): 0.9908 | Acc (poison): 0.9773 | Val Acc: 0.9263 | Time: 00:00:09
Epoch 077 | Seed 2001 | Rate 0.02 | Train Loss: -15.2940 | Val Loss: 0.4496 | Acc (clean): 0.9915 | Acc (poison): 0.9775 | Val Acc: 0.9285 | Time: 00:00:09
Epoch 078 | Seed 2001 | Rate 0.02 | Train Loss: -15.3556 | Val Loss: 0.4389 | Acc (clean): 0.9911 | Acc (poison): 0.9783 | Val Acc: 0.9304 | Time: 00:00:09
Epoch 079 | Seed 2001 | Rate 0.02 | Train Loss: -15.4195 | Val Loss: 0.4424 | Acc (clean): 0.9916 | Acc (poison): 0.9789 | Val Acc: 0.9289 | Time: 00:00:09
Epoch 080 | Seed 2001 | Rate 0.02 | Train Loss: -15.4586 | Val Loss: 0.4353 | Acc (clean): 0.9918 | Acc (poison): 0.9788 | Val Acc: 0.9300 | Time: 00:00:09
Epoch 081 | Seed 2001 | Rate 0.02 | Train Loss: -15.4983 | Val Loss: 0.4331 | Acc (clean): 0.9917 | Acc (poison): 0.9797 | Val Acc: 0.9307 | Time: 00:00:10
Epoch 082 | Seed 2001 | Rate 0.02 | Train Loss: -15.5325 | Val Loss: 0.4238 | Acc (clean): 0.9914 | Acc (poison): 0.9797 | Val Acc: 0.9330 | Time: 00:00:09
Epoch 083 | Seed 2001 | Rate 0.02 | Train Loss: -15.5602 | Val Loss: 0.4243 | Acc (clean): 0.9914 | Acc (poison): 0.9799 | Val Acc: 0.9307 | Time: 00:00:09
Epoch 084 | Seed 2001 | Rate 0.02 | Train Loss: -15.5855 | Val Loss: 0.4274 | Acc (clean): 0.9917 | Acc (poison): 0.9798 | Val Acc: 0.9326 | Time: 00:00:09
Epoch 085 | Seed 2001 | Rate 0.02 | Train Loss: -15.6030 | Val Loss: 0.4383 | Acc (clean): 0.9914 | Acc (poison): 0.9800 | Val Acc: 0.9296 | Time: 00:00:10
Epoch 086 | Seed 2001 | Rate 0.02 | Train Loss: -15.6239 | Val Loss: 0.4349 | Acc (clean): 0.9916 | Acc (poison): 0.9805 | Val Acc: 0.9296 | Time: 00:00:10
Epoch 087 | Seed 2001 | Rate 0.02 | Train Loss: -15.6425 | Val Loss: 0.4329 | Acc (clean): 0.9916 | Acc (poison): 0.9803 | Val Acc: 0.9304 | Time: 00:00:10
Epoch 088 | Seed 2001 | Rate 0.02 | Train Loss: -15.6582 | Val Loss: 0.4283 | Acc (clean): 0.9916 | Acc (poison): 0.9813 | Val Acc: 0.9307 | Time: 00:00:09
Epoch 089 | Seed 2001 | Rate 0.02 | Train Loss: -15.6642 | Val Loss: 0.4364 | Acc (clean): 0.9923 | Acc (poison): 0.9810 | Val Acc: 0.9293 | Time: 00:00:09
Epoch 090 | Seed 2001 | Rate 0.02 | Train Loss: -15.6741 | Val Loss: 0.4342 | Acc (clean): 0.9922 | Acc (poison): 0.9812 | Val Acc: 0.9296 | Time: 00:00:09
Epoch 091 | Seed 2001 | Rate 0.02 | Train Loss: -15.6879 | Val Loss: 0.4330 | Acc (clean): 0.9916 | Acc (poison): 0.9806 | Val Acc: 0.9293 | Time: 00:00:10
Epoch 092 | Seed 2001 | Rate 0.02 | Train Loss: -15.6953 | Val Loss: 0.4349 | Acc (clean): 0.9925 | Acc (poison): 0.9815 | Val Acc: 0.9296 | Time: 00:00:10
Epoch 093 | Seed 2001 | Rate 0.02 | Train Loss: -15.7030 | Val Loss: 0.4411 | Acc (clean): 0.9917 | Acc (poison): 0.9817 | Val Acc: 0.9274 | Time: 00:00:09
Epoch 094 | Seed 2001 | Rate 0.02 | Train Loss: -15.7108 | Val Loss: 0.4419 | Acc (clean): 0.9919 | Acc (poison): 0.9815 | Val Acc: 0.9296 | Time: 00:00:10
Epoch 095 | Seed 2001 | Rate 0.02 | Train Loss: -15.7226 | Val Loss: 0.4375 | Acc (clean): 0.9918 | Acc (poison): 0.9819 | Val Acc: 0.9326 | Time: 00:00:10
Epoch 096 | Seed 2001 | Rate 0.02 | Train Loss: -15.7267 | Val Loss: 0.4352 | Acc (clean): 0.9917 | Acc (poison): 0.9823 | Val Acc: 0.9304 | Time: 00:00:10
Epoch 097 | Seed 2001 | Rate 0.02 | Train Loss: -15.7361 | Val Loss: 0.4315 | Acc (clean): 0.9921 | Acc (poison): 0.9820 | Val Acc: 0.9315 | Time: 00:00:09
Epoch 098 | Seed 2001 | Rate 0.02 | Train Loss: -15.7403 | Val Loss: 0.4368 | Acc (clean): 0.9920 | Acc (poison): 0.9831 | Val Acc: 0.9281 | Time: 00:00:08
Epoch 099 | Seed 2001 | Rate 0.02 | Train Loss: -15.7489 | Val Loss: 0.4452 | Acc (clean): 0.9921 | Acc (poison): 0.9826 | Val Acc: 0.9289 | Time: 00:00:08
Epoch 100 | Seed 2001 | Rate 0.02 | Train Loss: -15.7588 | Val Loss: 0.4351 | Acc (clean): 0.9921 | Acc (poison): 0.9827 | Val Acc: 0.9311 | Time: 00:00:08

=== defense=elr attack=RQ1 seed=2001 rate=0.05 ===
Loading train data from /home/yazanme/BachelorThesis/BachelorThesis/data/processed/resisc45/train.h5 with mapping /home/yazanme/BachelorThesis/BachelorThesis/data/processed/resisc45/poisoned/RQ1/seed_2001/labels_0.05.pt... (in_memory=True, workers=6)
Testing torch.compile support...
Successfully compiled model using torch.compile.
Epoch 001 | Seed 2001 | Rate 0.05 | Train Loss: 2.7506 | Val Loss: 2.2884 | Acc (clean): 0.2508 | Acc (poison): 0.2394 | Val Acc: 0.3315 | Time: 00:00:11
Epoch 002 | Seed 2001 | Rate 0.05 | Train Loss: 1.7036 | Val Loss: 1.9994 | Acc (clean): 0.4388 | Acc (poison): 0.4178 | Val Acc: 0.4278 | Time: 00:00:10
Epoch 003 | Seed 2001 | Rate 0.05 | Train Loss: 1.0536 | Val Loss: 1.8031 | Acc (clean): 0.5349 | Acc (poison): 0.5085 | Val Acc: 0.4826 | Time: 00:00:10
Epoch 004 | Seed 2001 | Rate 0.05 | Train Loss: 0.4594 | Val Loss: 1.6298 | Acc (clean): 0.5960 | Acc (poison): 0.5667 | Val Acc: 0.5315 | Time: 00:00:11
Epoch 005 | Seed 2001 | Rate 0.05 | Train Loss: -0.1238 | Val Loss: 1.6022 | Acc (clean): 0.6403 | Acc (poison): 0.6098 | Val Acc: 0.5741 | Time: 00:00:10
Epoch 006 | Seed 2001 | Rate 0.05 | Train Loss: -0.7321 | Val Loss: 1.1802 | Acc (clean): 0.6816 | Acc (poison): 0.6488 | Val Acc: 0.6633 | Time: 00:00:10
Epoch 007 | Seed 2001 | Rate 0.05 | Train Loss: -1.3476 | Val Loss: 1.1451 | Acc (clean): 0.7209 | Acc (poison): 0.6870 | Val Acc: 0.6774 | Time: 00:00:10
Epoch 008 | Seed 2001 | Rate 0.05 | Train Loss: -1.9471 | Val Loss: 1.2250 | Acc (clean): 0.7434 | Acc (poison): 0.7078 | Val Acc: 0.6667 | Time: 00:00:09
Epoch 009 | Seed 2001 | Rate 0.05 | Train Loss: -2.5738 | Val Loss: 1.0066 | Acc (clean): 0.7716 | Acc (poison): 0.7359 | Val Acc: 0.7319 | Time: 00:00:10
Epoch 010 | Seed 2001 | Rate 0.05 | Train Loss: -3.1697 | Val Loss: 1.4446 | Acc (clean): 0.7930 | Acc (poison): 0.7547 | Val Acc: 0.6526 | Time: 00:00:09
Epoch 011 | Seed 2001 | Rate 0.05 | Train Loss: -3.7048 | Val Loss: 1.0725 | Acc (clean): 0.7999 | Acc (poison): 0.7616 | Val Acc: 0.7278 | Time: 00:00:10
Epoch 012 | Seed 2001 | Rate 0.05 | Train Loss: -4.2834 | Val Loss: 0.9761 | Acc (clean): 0.8161 | Acc (poison): 0.7773 | Val Acc: 0.7519 | Time: 00:00:10
Epoch 013 | Seed 2001 | Rate 0.05 | Train Loss: -4.8369 | Val Loss: 1.1303 | Acc (clean): 0.8249 | Acc (poison): 0.7866 | Val Acc: 0.7389 | Time: 00:00:09
Epoch 014 | Seed 2001 | Rate 0.05 | Train Loss: -5.3197 | Val Loss: 1.1390 | Acc (clean): 0.8303 | Acc (poison): 0.7912 | Val Acc: 0.7281 | Time: 00:00:10
Epoch 015 | Seed 2001 | Rate 0.05 | Train Loss: -5.7595 | Val Loss: 0.9888 | Acc (clean): 0.8336 | Acc (poison): 0.7941 | Val Acc: 0.7711 | Time: 00:00:09
Epoch 016 | Seed 2001 | Rate 0.05 | Train Loss: -6.2281 | Val Loss: 1.7533 | Acc (clean): 0.8409 | Acc (poison): 0.8020 | Val Acc: 0.6263 | Time: 00:00:09
Epoch 017 | Seed 2001 | Rate 0.05 | Train Loss: -6.6199 | Val Loss: 0.8561 | Acc (clean): 0.8459 | Acc (poison): 0.8068 | Val Acc: 0.8015 | Time: 00:00:10
Epoch 018 | Seed 2001 | Rate 0.05 | Train Loss: -7.0591 | Val Loss: 0.8476 | Acc (clean): 0.8571 | Acc (poison): 0.8167 | Val Acc: 0.8022 | Time: 00:00:10
Epoch 019 | Seed 2001 | Rate 0.05 | Train Loss: -7.3579 | Val Loss: 1.1421 | Acc (clean): 0.8547 | Acc (poison): 0.8146 | Val Acc: 0.7504 | Time: 00:00:09
Epoch 020 | Seed 2001 | Rate 0.05 | Train Loss: -7.6367 | Val Loss: 1.0714 | Acc (clean): 0.8581 | Acc (poison): 0.8173 | Val Acc: 0.7815 | Time: 00:00:09
Epoch 021 | Seed 2001 | Rate 0.05 | Train Loss: -7.9211 | Val Loss: 1.1728 | Acc (clean): 0.8631 | Acc (poison): 0.8228 | Val Acc: 0.7589 | Time: 00:00:09
Epoch 022 | Seed 2001 | Rate 0.05 | Train Loss: -8.1910 | Val Loss: 1.0579 | Acc (clean): 0.8668 | Acc (poison): 0.8265 | Val Acc: 0.7778 | Time: 00:00:09
Epoch 023 | Seed 2001 | Rate 0.05 | Train Loss: -8.3754 | Val Loss: 0.8826 | Acc (clean): 0.8683 | Acc (poison): 0.8272 | Val Acc: 0.8111 | Time: 00:00:09
Epoch 024 | Seed 2001 | Rate 0.05 | Train Loss: -8.5777 | Val Loss: 1.1239 | Acc (clean): 0.8714 | Acc (poison): 0.8307 | Val Acc: 0.7796 | Time: 00:00:09
Epoch 025 | Seed 2001 | Rate 0.05 | Train Loss: -8.7120 | Val Loss: 0.9553 | Acc (clean): 0.8728 | Acc (poison): 0.8321 | Val Acc: 0.8000 | Time: 00:00:09
Epoch 026 | Seed 2001 | Rate 0.05 | Train Loss: -8.8584 | Val Loss: 1.3184 | Acc (clean): 0.8748 | Acc (poison): 0.8344 | Val Acc: 0.7352 | Time: 00:00:09
Epoch 027 | Seed 2001 | Rate 0.05 | Train Loss: -9.0859 | Val Loss: 1.4180 | Acc (clean): 0.8847 | Acc (poison): 0.8433 | Val Acc: 0.7589 | Time: 00:00:09
Epoch 028 | Seed 2001 | Rate 0.05 | Train Loss: -9.1488 | Val Loss: 1.1004 | Acc (clean): 0.8842 | Acc (poison): 0.8431 | Val Acc: 0.7878 | Time: 00:00:10
Epoch 029 | Seed 2001 | Rate 0.05 | Train Loss: -9.2000 | Val Loss: 0.9615 | Acc (clean): 0.8807 | Acc (poison): 0.8391 | Val Acc: 0.8104 | Time: 00:00:09
Epoch 030 | Seed 2001 | Rate 0.05 | Train Loss: -9.3017 | Val Loss: 1.0210 | Acc (clean): 0.8858 | Acc (poison): 0.8448 | Val Acc: 0.7889 | Time: 00:00:10
Epoch 031 | Seed 2001 | Rate 0.05 | Train Loss: -9.3110 | Val Loss: 0.8745 | Acc (clean): 0.8840 | Acc (poison): 0.8426 | Val Acc: 0.8156 | Time: 00:00:10
Epoch 032 | Seed 2001 | Rate 0.05 | Train Loss: -9.4357 | Val Loss: 0.9976 | Acc (clean): 0.8872 | Acc (poison): 0.8454 | Val Acc: 0.8059 | Time: 00:00:09
Epoch 033 | Seed 2001 | Rate 0.05 | Train Loss: -9.4831 | Val Loss: 1.1179 | Acc (clean): 0.8881 | Acc (poison): 0.8476 | Val Acc: 0.7815 | Time: 00:00:09
Epoch 034 | Seed 2001 | Rate 0.05 | Train Loss: -9.5237 | Val Loss: 1.0727 | Acc (clean): 0.8914 | Acc (poison): 0.8498 | Val Acc: 0.8015 | Time: 00:00:09
Epoch 035 | Seed 2001 | Rate 0.05 | Train Loss: -9.6245 | Val Loss: 0.9264 | Acc (clean): 0.8918 | Acc (poison): 0.8504 | Val Acc: 0.8215 | Time: 00:00:09
Epoch 036 | Seed 2001 | Rate 0.05 | Train Loss: -9.6313 | Val Loss: 0.9888 | Acc (clean): 0.8912 | Acc (poison): 0.8496 | Val Acc: 0.8111 | Time: 00:00:09
Epoch 037 | Seed 2001 | Rate 0.05 | Train Loss: -9.6844 | Val Loss: 1.7099 | Acc (clean): 0.8935 | Acc (poison): 0.8512 | Val Acc: 0.7119 | Time: 00:00:09
Epoch 038 | Seed 2001 | Rate 0.05 | Train Loss: -9.6704 | Val Loss: 1.1932 | Acc (clean): 0.8910 | Acc (poison): 0.8503 | Val Acc: 0.7730 | Time: 00:00:09
Epoch 039 | Seed 2001 | Rate 0.05 | Train Loss: -9.7735 | Val Loss: 1.1361 | Acc (clean): 0.8972 | Acc (poison): 0.8561 | Val Acc: 0.7826 | Time: 00:00:09
Epoch 040 | Seed 2001 | Rate 0.05 | Train Loss: -9.8216 | Val Loss: 1.2066 | Acc (clean): 0.8982 | Acc (poison): 0.8566 | Val Acc: 0.7670 | Time: 00:00:10
Epoch 041 | Seed 2001 | Rate 0.05 | Train Loss: -9.7841 | Val Loss: 0.9776 | Acc (clean): 0.8935 | Acc (poison): 0.8521 | Val Acc: 0.8230 | Time: 00:00:10
Epoch 042 | Seed 2001 | Rate 0.05 | Train Loss: -9.9490 | Val Loss: 1.0160 | Acc (clean): 0.9036 | Acc (poison): 0.8621 | Val Acc: 0.7941 | Time: 00:00:09
Epoch 043 | Seed 2001 | Rate 0.05 | Train Loss: -9.9213 | Val Loss: 1.0995 | Acc (clean): 0.9008 | Acc (poison): 0.8597 | Val Acc: 0.8015 | Time: 00:00:10
Epoch 044 | Seed 2001 | Rate 0.05 | Train Loss: -9.9981 | Val Loss: 1.0965 | Acc (clean): 0.9012 | Acc (poison): 0.8593 | Val Acc: 0.8063 | Time: 00:00:09
Epoch 045 | Seed 2001 | Rate 0.05 | Train Loss: -9.9537 | Val Loss: 1.0846 | Acc (clean): 0.8969 | Acc (poison): 0.8557 | Val Acc: 0.7904 | Time: 00:00:10
Epoch 046 | Seed 2001 | Rate 0.05 | Train Loss: -9.9652 | Val Loss: 1.1546 | Acc (clean): 0.9001 | Acc (poison): 0.8587 | Val Acc: 0.7881 | Time: 00:00:10
Epoch 047 | Seed 2001 | Rate 0.05 | Train Loss: -10.0385 | Val Loss: 0.9269 | Acc (clean): 0.9034 | Acc (poison): 0.8621 | Val Acc: 0.8167 | Time: 00:00:10
Epoch 048 | Seed 2001 | Rate 0.05 | Train Loss: -10.0108 | Val Loss: 1.1542 | Acc (clean): 0.9008 | Acc (poison): 0.8601 | Val Acc: 0.8111 | Time: 00:00:09
Epoch 049 | Seed 2001 | Rate 0.05 | Train Loss: -10.0382 | Val Loss: 1.1486 | Acc (clean): 0.9023 | Acc (poison): 0.8603 | Val Acc: 0.7900 | Time: 00:00:10
Epoch 050 | Seed 2001 | Rate 0.05 | Train Loss: -10.0856 | Val Loss: 1.5763 | Acc (clean): 0.9060 | Acc (poison): 0.8646 | Val Acc: 0.7259 | Time: 00:00:10
Epoch 051 | Seed 2001 | Rate 0.05 | Train Loss: -10.8010 | Val Loss: 0.4389 | Acc (clean): 0.9425 | Acc (poison): 0.8995 | Val Acc: 0.9096 | Time: 00:00:10
Epoch 052 | Seed 2001 | Rate 0.05 | Train Loss: -11.3126 | Val Loss: 0.4057 | Acc (clean): 0.9568 | Acc (poison): 0.9123 | Val Acc: 0.9141 | Time: 00:00:10
Epoch 053 | Seed 2001 | Rate 0.05 | Train Loss: -11.7092 | Val Loss: 0.3912 | Acc (clean): 0.9638 | Acc (poison): 0.9194 | Val Acc: 0.9174 | Time: 00:00:10
Epoch 054 | Seed 2001 | Rate 0.05 | Train Loss: -12.0506 | Val Loss: 0.3865 | Acc (clean): 0.9652 | Acc (poison): 0.9209 | Val Acc: 0.9181 | Time: 00:00:10
Epoch 055 | Seed 2001 | Rate 0.05 | Train Loss: -12.3819 | Val Loss: 0.3840 | Acc (clean): 0.9693 | Acc (poison): 0.9250 | Val Acc: 0.9215 | Time: 00:00:10
Epoch 056 | Seed 2001 | Rate 0.05 | Train Loss: -12.6671 | Val Loss: 0.3732 | Acc (clean): 0.9695 | Acc (poison): 0.9256 | Val Acc: 0.9237 | Time: 00:00:10
Epoch 057 | Seed 2001 | Rate 0.05 | Train Loss: -12.9267 | Val Loss: 0.3916 | Acc (clean): 0.9720 | Acc (poison): 0.9280 | Val Acc: 0.9222 | Time: 00:00:09
Epoch 058 | Seed 2001 | Rate 0.05 | Train Loss: -13.1681 | Val Loss: 0.3853 | Acc (clean): 0.9717 | Acc (poison): 0.9281 | Val Acc: 0.9207 | Time: 00:00:10
Epoch 059 | Seed 2001 | Rate 0.05 | Train Loss: -13.3957 | Val Loss: 0.3849 | Acc (clean): 0.9745 | Acc (poison): 0.9309 | Val Acc: 0.9211 | Time: 00:00:09
Epoch 060 | Seed 2001 | Rate 0.05 | Train Loss: -13.5931 | Val Loss: 0.4105 | Acc (clean): 0.9757 | Acc (poison): 0.9330 | Val Acc: 0.9170 | Time: 00:00:10
Epoch 061 | Seed 2001 | Rate 0.05 | Train Loss: -13.7645 | Val Loss: 0.4076 | Acc (clean): 0.9769 | Acc (poison): 0.9335 | Val Acc: 0.9200 | Time: 00:00:09
Epoch 062 | Seed 2001 | Rate 0.05 | Train Loss: -13.9194 | Val Loss: 0.3962 | Acc (clean): 0.9785 | Acc (poison): 0.9362 | Val Acc: 0.9256 | Time: 00:00:10
Epoch 063 | Seed 2001 | Rate 0.05 | Train Loss: -14.0408 | Val Loss: 0.4123 | Acc (clean): 0.9786 | Acc (poison): 0.9367 | Val Acc: 0.9181 | Time: 00:00:09
Epoch 064 | Seed 2001 | Rate 0.05 | Train Loss: -14.1584 | Val Loss: 0.4052 | Acc (clean): 0.9801 | Acc (poison): 0.9380 | Val Acc: 0.9270 | Time: 00:00:10
Epoch 065 | Seed 2001 | Rate 0.05 | Train Loss: -14.2645 | Val Loss: 0.4032 | Acc (clean): 0.9809 | Acc (poison): 0.9397 | Val Acc: 0.9226 | Time: 00:00:10
Epoch 066 | Seed 2001 | Rate 0.05 | Train Loss: -14.3450 | Val Loss: 0.4082 | Acc (clean): 0.9812 | Acc (poison): 0.9401 | Val Acc: 0.9219 | Time: 00:00:10
Epoch 067 | Seed 2001 | Rate 0.05 | Train Loss: -14.4446 | Val Loss: 0.4180 | Acc (clean): 0.9829 | Acc (poison): 0.9425 | Val Acc: 0.9200 | Time: 00:00:09
Epoch 068 | Seed 2001 | Rate 0.05 | Train Loss: -14.5006 | Val Loss: 0.4237 | Acc (clean): 0.9825 | Acc (poison): 0.9427 | Val Acc: 0.9248 | Time: 00:00:10
Epoch 069 | Seed 2001 | Rate 0.05 | Train Loss: -14.5710 | Val Loss: 0.4212 | Acc (clean): 0.9835 | Acc (poison): 0.9446 | Val Acc: 0.9259 | Time: 00:00:10
Epoch 070 | Seed 2001 | Rate 0.05 | Train Loss: -14.6193 | Val Loss: 0.4235 | Acc (clean): 0.9827 | Acc (poison): 0.9446 | Val Acc: 0.9241 | Time: 00:00:10
Epoch 071 | Seed 2001 | Rate 0.05 | Train Loss: -14.6675 | Val Loss: 0.4691 | Acc (clean): 0.9833 | Acc (poison): 0.9459 | Val Acc: 0.9230 | Time: 00:00:10
Epoch 072 | Seed 2001 | Rate 0.05 | Train Loss: -14.7173 | Val Loss: 0.4489 | Acc (clean): 0.9841 | Acc (poison): 0.9474 | Val Acc: 0.9215 | Time: 00:00:10
Epoch 073 | Seed 2001 | Rate 0.05 | Train Loss: -14.7477 | Val Loss: 0.4518 | Acc (clean): 0.9844 | Acc (poison): 0.9477 | Val Acc: 0.9233 | Time: 00:00:10
Epoch 074 | Seed 2001 | Rate 0.05 | Train Loss: -14.7812 | Val Loss: 0.4461 | Acc (clean): 0.9835 | Acc (poison): 0.9484 | Val Acc: 0.9174 | Time: 00:00:09
Epoch 075 | Seed 2001 | Rate 0.05 | Train Loss: -14.7977 | Val Loss: 0.4969 | Acc (clean): 0.9834 | Acc (poison): 0.9501 | Val Acc: 0.9163 | Time: 00:00:10
Epoch 076 | Seed 2001 | Rate 0.05 | Train Loss: -14.9017 | Val Loss: 0.4365 | Acc (clean): 0.9844 | Acc (poison): 0.9523 | Val Acc: 0.9274 | Time: 00:00:10
Epoch 077 | Seed 2001 | Rate 0.05 | Train Loss: -14.9904 | Val Loss: 0.4283 | Acc (clean): 0.9854 | Acc (poison): 0.9532 | Val Acc: 0.9304 | Time: 00:00:10
Epoch 078 | Seed 2001 | Rate 0.05 | Train Loss: -15.0443 | Val Loss: 0.4160 | Acc (clean): 0.9847 | Acc (poison): 0.9544 | Val Acc: 0.9285 | Time: 00:00:09
Epoch 079 | Seed 2001 | Rate 0.05 | Train Loss: -15.1018 | Val Loss: 0.4226 | Acc (clean): 0.9855 | Acc (poison): 0.9551 | Val Acc: 0.9270 | Time: 00:00:09
Epoch 080 | Seed 2001 | Rate 0.05 | Train Loss: -15.1440 | Val Loss: 0.4083 | Acc (clean): 0.9846 | Acc (poison): 0.9553 | Val Acc: 0.9300 | Time: 00:00:10
Epoch 081 | Seed 2001 | Rate 0.05 | Train Loss: -15.1801 | Val Loss: 0.4117 | Acc (clean): 0.9847 | Acc (poison): 0.9559 | Val Acc: 0.9278 | Time: 00:00:10
Epoch 082 | Seed 2001 | Rate 0.05 | Train Loss: -15.2152 | Val Loss: 0.4100 | Acc (clean): 0.9844 | Acc (poison): 0.9562 | Val Acc: 0.9285 | Time: 00:00:10
Epoch 083 | Seed 2001 | Rate 0.05 | Train Loss: -15.2448 | Val Loss: 0.4090 | Acc (clean): 0.9853 | Acc (poison): 0.9564 | Val Acc: 0.9267 | Time: 00:00:10
Epoch 084 | Seed 2001 | Rate 0.05 | Train Loss: -15.2695 | Val Loss: 0.4040 | Acc (clean): 0.9841 | Acc (poison): 0.9566 | Val Acc: 0.9304 | Time: 00:00:10
Epoch 085 | Seed 2001 | Rate 0.05 | Train Loss: -15.2888 | Val Loss: 0.4209 | Acc (clean): 0.9847 | Acc (poison): 0.9576 | Val Acc: 0.9270 | Time: 00:00:10
Epoch 086 | Seed 2001 | Rate 0.05 | Train Loss: -15.3142 | Val Loss: 0.4151 | Acc (clean): 0.9844 | Acc (poison): 0.9574 | Val Acc: 0.9296 | Time: 00:00:10
Epoch 087 | Seed 2001 | Rate 0.05 | Train Loss: -15.3297 | Val Loss: 0.4095 | Acc (clean): 0.9844 | Acc (poison): 0.9571 | Val Acc: 0.9278 | Time: 00:00:09
Epoch 088 | Seed 2001 | Rate 0.05 | Train Loss: -15.3388 | Val Loss: 0.4026 | Acc (clean): 0.9844 | Acc (poison): 0.9578 | Val Acc: 0.9300 | Time: 00:00:09
Epoch 089 | Seed 2001 | Rate 0.05 | Train Loss: -15.3531 | Val Loss: 0.4176 | Acc (clean): 0.9849 | Acc (poison): 0.9581 | Val Acc: 0.9237 | Time: 00:00:10
Epoch 090 | Seed 2001 | Rate 0.05 | Train Loss: -15.3595 | Val Loss: 0.4164 | Acc (clean): 0.9838 | Acc (poison): 0.9586 | Val Acc: 0.9259 | Time: 00:00:10
Epoch 091 | Seed 2001 | Rate 0.05 | Train Loss: -15.3723 | Val Loss: 0.4112 | Acc (clean): 0.9841 | Acc (poison): 0.9584 | Val Acc: 0.9263 | Time: 00:00:10
Epoch 092 | Seed 2001 | Rate 0.05 | Train Loss: -15.3877 | Val Loss: 0.4180 | Acc (clean): 0.9840 | Acc (poison): 0.9598 | Val Acc: 0.9259 | Time: 00:00:09
Epoch 093 | Seed 2001 | Rate 0.05 | Train Loss: -15.3977 | Val Loss: 0.4209 | Acc (clean): 0.9837 | Acc (poison): 0.9596 | Val Acc: 0.9259 | Time: 00:00:09
Epoch 094 | Seed 2001 | Rate 0.05 | Train Loss: -15.4022 | Val Loss: 0.4179 | Acc (clean): 0.9840 | Acc (poison): 0.9593 | Val Acc: 0.9274 | Time: 00:00:10
Epoch 095 | Seed 2001 | Rate 0.05 | Train Loss: -15.4117 | Val Loss: 0.4176 | Acc (clean): 0.9840 | Acc (poison): 0.9598 | Val Acc: 0.9281 | Time: 00:00:10
Epoch 096 | Seed 2001 | Rate 0.05 | Train Loss: -15.4239 | Val Loss: 0.4182 | Acc (clean): 0.9835 | Acc (poison): 0.9605 | Val Acc: 0.9241 | Time: 00:00:10
Epoch 097 | Seed 2001 | Rate 0.05 | Train Loss: -15.4349 | Val Loss: 0.4154 | Acc (clean): 0.9838 | Acc (poison): 0.9607 | Val Acc: 0.9256 | Time: 00:00:09
Epoch 098 | Seed 2001 | Rate 0.05 | Train Loss: -15.4427 | Val Loss: 0.4211 | Acc (clean): 0.9830 | Acc (poison): 0.9612 | Val Acc: 0.9226 | Time: 00:00:09
Epoch 099 | Seed 2001 | Rate 0.05 | Train Loss: -15.4467 | Val Loss: 0.4286 | Acc (clean): 0.9826 | Acc (poison): 0.9616 | Val Acc: 0.9219 | Time: 00:00:08
Epoch 100 | Seed 2001 | Rate 0.05 | Train Loss: -15.4549 | Val Loss: 0.4198 | Acc (clean): 0.9835 | Acc (poison): 0.9614 | Val Acc: 0.9230 | Time: 00:00:09

=== defense=elr attack=RQ1 seed=2001 rate=0.1 ===
Loading train data from /home/yazanme/BachelorThesis/BachelorThesis/data/processed/resisc45/train.h5 with mapping /home/yazanme/BachelorThesis/BachelorThesis/data/processed/resisc45/poisoned/RQ1/seed_2001/labels_0.10.pt... (in_memory=True, workers=6)
Testing torch.compile support...
Successfully compiled model using torch.compile.
Epoch 001 | Seed 2001 | Rate 0.10 | Train Loss: 2.7649 | Val Loss: 2.2570 | Acc (clean): 0.2666 | Acc (poison): 0.2427 | Val Acc: 0.3648 | Time: 00:00:11
Epoch 002 | Seed 2001 | Rate 0.10 | Train Loss: 1.9098 | Val Loss: 2.1902 | Acc (clean): 0.4402 | Acc (poison): 0.3990 | Val Acc: 0.3930 | Time: 00:00:10
Epoch 003 | Seed 2001 | Rate 0.10 | Train Loss: 1.3468 | Val Loss: 1.8347 | Acc (clean): 0.5310 | Acc (poison): 0.4796 | Val Acc: 0.4800 | Time: 00:00:10
Epoch 004 | Seed 2001 | Rate 0.10 | Train Loss: 0.8194 | Val Loss: 1.4343 | Acc (clean): 0.5868 | Acc (poison): 0.5299 | Val Acc: 0.5922 | Time: 00:00:10
Epoch 005 | Seed 2001 | Rate 0.10 | Train Loss: 0.2776 | Val Loss: 1.4770 | Acc (clean): 0.6348 | Acc (poison): 0.5741 | Val Acc: 0.5841 | Time: 00:00:09
Epoch 006 | Seed 2001 | Rate 0.10 | Train Loss: -0.2622 | Val Loss: 1.1449 | Acc (clean): 0.6707 | Acc (poison): 0.6058 | Val Acc: 0.6707 | Time: 00:00:10
Epoch 007 | Seed 2001 | Rate 0.10 | Train Loss: -0.8343 | Val Loss: 1.4269 | Acc (clean): 0.7069 | Acc (poison): 0.6399 | Val Acc: 0.6167 | Time: 00:00:10
Epoch 008 | Seed 2001 | Rate 0.10 | Train Loss: -1.3767 | Val Loss: 1.0876 | Acc (clean): 0.7298 | Acc (poison): 0.6612 | Val Acc: 0.6896 | Time: 00:00:10
Epoch 009 | Seed 2001 | Rate 0.10 | Train Loss: -1.9653 | Val Loss: 1.1141 | Acc (clean): 0.7576 | Acc (poison): 0.6853 | Val Acc: 0.7019 | Time: 00:00:09
Epoch 010 | Seed 2001 | Rate 0.10 | Train Loss: -2.5089 | Val Loss: 1.3995 | Acc (clean): 0.7775 | Acc (poison): 0.7036 | Val Acc: 0.6511 | Time: 00:00:10
Epoch 011 | Seed 2001 | Rate 0.10 | Train Loss: -3.0292 | Val Loss: 1.2056 | Acc (clean): 0.7894 | Acc (poison): 0.7152 | Val Acc: 0.6978 | Time: 00:00:10
Epoch 012 | Seed 2001 | Rate 0.10 | Train Loss: -3.5837 | Val Loss: 1.4225 | Acc (clean): 0.8070 | Acc (poison): 0.7310 | Val Acc: 0.6652 | Time: 00:00:10
Epoch 013 | Seed 2001 | Rate 0.10 | Train Loss: -4.0856 | Val Loss: 1.3171 | Acc (clean): 0.8143 | Acc (poison): 0.7379 | Val Acc: 0.6963 | Time: 00:00:09
Epoch 014 | Seed 2001 | Rate 0.10 | Train Loss: -4.5488 | Val Loss: 1.0977 | Acc (clean): 0.8230 | Acc (poison): 0.7454 | Val Acc: 0.7296 | Time: 00:00:09
Epoch 015 | Seed 2001 | Rate 0.10 | Train Loss: -5.0055 | Val Loss: 0.9702 | Acc (clean): 0.8287 | Acc (poison): 0.7503 | Val Acc: 0.7663 | Time: 00:00:10
Epoch 016 | Seed 2001 | Rate 0.10 | Train Loss: -5.4478 | Val Loss: 1.2419 | Acc (clean): 0.8340 | Acc (poison): 0.7559 | Val Acc: 0.7170 | Time: 00:00:10
Epoch 017 | Seed 2001 | Rate 0.10 | Train Loss: -5.8596 | Val Loss: 0.9655 | Acc (clean): 0.8399 | Acc (poison): 0.7617 | Val Acc: 0.7652 | Time: 00:00:10
Epoch 018 | Seed 2001 | Rate 0.10 | Train Loss: -6.2280 | Val Loss: 0.8054 | Acc (clean): 0.8473 | Acc (poison): 0.7680 | Val Acc: 0.8067 | Time: 00:00:10
Epoch 019 | Seed 2001 | Rate 0.10 | Train Loss: -6.5849 | Val Loss: 1.1129 | Acc (clean): 0.8535 | Acc (poison): 0.7733 | Val Acc: 0.7541 | Time: 00:00:09
Epoch 020 | Seed 2001 | Rate 0.10 | Train Loss: -6.8708 | Val Loss: 0.9350 | Acc (clean): 0.8542 | Acc (poison): 0.7739 | Val Acc: 0.7941 | Time: 00:00:10
Epoch 021 | Seed 2001 | Rate 0.10 | Train Loss: -7.1209 | Val Loss: 1.2196 | Acc (clean): 0.8567 | Acc (poison): 0.7768 | Val Acc: 0.7344 | Time: 00:00:09
Epoch 022 | Seed 2001 | Rate 0.10 | Train Loss: -7.3530 | Val Loss: 0.7993 | Acc (clean): 0.8579 | Acc (poison): 0.7772 | Val Acc: 0.8141 | Time: 00:00:10
Epoch 023 | Seed 2001 | Rate 0.10 | Train Loss: -7.6148 | Val Loss: 0.9559 | Acc (clean): 0.8665 | Acc (poison): 0.7857 | Val Acc: 0.7874 | Time: 00:00:09
Epoch 024 | Seed 2001 | Rate 0.10 | Train Loss: -7.7917 | Val Loss: 0.8281 | Acc (clean): 0.8678 | Acc (poison): 0.7868 | Val Acc: 0.8133 | Time: 00:00:10
Epoch 025 | Seed 2001 | Rate 0.10 | Train Loss: -7.9813 | Val Loss: 0.8390 | Acc (clean): 0.8694 | Acc (poison): 0.7877 | Val Acc: 0.8089 | Time: 00:00:10
Epoch 026 | Seed 2001 | Rate 0.10 | Train Loss: -8.0960 | Val Loss: 1.1167 | Acc (clean): 0.8723 | Acc (poison): 0.7904 | Val Acc: 0.7537 | Time: 00:00:10
Epoch 027 | Seed 2001 | Rate 0.10 | Train Loss: -8.3102 | Val Loss: 0.9458 | Acc (clean): 0.8770 | Acc (poison): 0.7952 | Val Acc: 0.8074 | Time: 00:00:10
Epoch 028 | Seed 2001 | Rate 0.10 | Train Loss: -8.4117 | Val Loss: 0.8481 | Acc (clean): 0.8775 | Acc (poison): 0.7954 | Val Acc: 0.8200 | Time: 00:00:10
Epoch 029 | Seed 2001 | Rate 0.10 | Train Loss: -8.4829 | Val Loss: 0.8648 | Acc (clean): 0.8778 | Acc (poison): 0.7960 | Val Acc: 0.8259 | Time: 00:00:10
Epoch 030 | Seed 2001 | Rate 0.10 | Train Loss: -8.6630 | Val Loss: 0.8394 | Acc (clean): 0.8844 | Acc (poison): 0.8023 | Val Acc: 0.8252 | Time: 00:00:10
Epoch 031 | Seed 2001 | Rate 0.10 | Train Loss: -8.6928 | Val Loss: 1.0178 | Acc (clean): 0.8817 | Acc (poison): 0.7996 | Val Acc: 0.7859 | Time: 00:00:09
Epoch 032 | Seed 2001 | Rate 0.10 | Train Loss: -8.8685 | Val Loss: 1.1370 | Acc (clean): 0.8889 | Acc (poison): 0.8062 | Val Acc: 0.7696 | Time: 00:00:10
Epoch 033 | Seed 2001 | Rate 0.10 | Train Loss: -8.8561 | Val Loss: 0.8961 | Acc (clean): 0.8853 | Acc (poison): 0.8039 | Val Acc: 0.8111 | Time: 00:00:10
Epoch 034 | Seed 2001 | Rate 0.10 | Train Loss: -8.8640 | Val Loss: 0.9513 | Acc (clean): 0.8812 | Acc (poison): 0.7987 | Val Acc: 0.8074 | Time: 00:00:09
Epoch 035 | Seed 2001 | Rate 0.10 | Train Loss: -9.0295 | Val Loss: 0.8611 | Acc (clean): 0.8906 | Acc (poison): 0.8074 | Val Acc: 0.8256 | Time: 00:00:10
Epoch 036 | Seed 2001 | Rate 0.10 | Train Loss: -9.0759 | Val Loss: 1.0257 | Acc (clean): 0.8916 | Acc (poison): 0.8088 | Val Acc: 0.7863 | Time: 00:00:10
Epoch 037 | Seed 2001 | Rate 0.10 | Train Loss: -9.1267 | Val Loss: 1.0890 | Acc (clean): 0.8922 | Acc (poison): 0.8091 | Val Acc: 0.7785 | Time: 00:00:10
Epoch 038 | Seed 2001 | Rate 0.10 | Train Loss: -9.1771 | Val Loss: 1.0539 | Acc (clean): 0.8934 | Acc (poison): 0.8098 | Val Acc: 0.7807 | Time: 00:00:09
Epoch 039 | Seed 2001 | Rate 0.10 | Train Loss: -9.2069 | Val Loss: 1.0936 | Acc (clean): 0.8942 | Acc (poison): 0.8112 | Val Acc: 0.7952 | Time: 00:00:09
Epoch 040 | Seed 2001 | Rate 0.10 | Train Loss: -9.2047 | Val Loss: 0.9770 | Acc (clean): 0.8937 | Acc (poison): 0.8112 | Val Acc: 0.7870 | Time: 00:00:10
Epoch 041 | Seed 2001 | Rate 0.10 | Train Loss: -9.2371 | Val Loss: 0.9176 | Acc (clean): 0.8963 | Acc (poison): 0.8122 | Val Acc: 0.8137 | Time: 00:00:10
Epoch 042 | Seed 2001 | Rate 0.10 | Train Loss: -9.3853 | Val Loss: 0.9766 | Acc (clean): 0.9009 | Acc (poison): 0.8184 | Val Acc: 0.8015 | Time: 00:00:09
Epoch 043 | Seed 2001 | Rate 0.10 | Train Loss: -9.3982 | Val Loss: 0.9185 | Acc (clean): 0.8993 | Acc (poison): 0.8164 | Val Acc: 0.8133 | Time: 00:00:10
Epoch 044 | Seed 2001 | Rate 0.10 | Train Loss: -9.4438 | Val Loss: 1.1095 | Acc (clean): 0.8993 | Acc (poison): 0.8163 | Val Acc: 0.7833 | Time: 00:00:10
Epoch 045 | Seed 2001 | Rate 0.10 | Train Loss: -9.3992 | Val Loss: 1.3955 | Acc (clean): 0.8977 | Acc (poison): 0.8149 | Val Acc: 0.7485 | Time: 00:00:09
Epoch 046 | Seed 2001 | Rate 0.10 | Train Loss: -9.4517 | Val Loss: 0.8772 | Acc (clean): 0.9006 | Acc (poison): 0.8174 | Val Acc: 0.8311 | Time: 00:00:10
Epoch 047 | Seed 2001 | Rate 0.10 | Train Loss: -9.5167 | Val Loss: 0.6970 | Acc (clean): 0.9035 | Acc (poison): 0.8207 | Val Acc: 0.8548 | Time: 00:00:10
Epoch 048 | Seed 2001 | Rate 0.10 | Train Loss: -9.5291 | Val Loss: 0.7932 | Acc (clean): 0.9061 | Acc (poison): 0.8221 | Val Acc: 0.8333 | Time: 00:00:09
Epoch 049 | Seed 2001 | Rate 0.10 | Train Loss: -9.5284 | Val Loss: 1.0775 | Acc (clean): 0.9032 | Acc (poison): 0.8209 | Val Acc: 0.8056 | Time: 00:00:10
Epoch 050 | Seed 2001 | Rate 0.10 | Train Loss: -9.5569 | Val Loss: 0.8851 | Acc (clean): 0.9044 | Acc (poison): 0.8216 | Val Acc: 0.8178 | Time: 00:00:09
Epoch 051 | Seed 2001 | Rate 0.10 | Train Loss: -10.3213 | Val Loss: 0.4009 | Acc (clean): 0.9416 | Acc (poison): 0.8553 | Val Acc: 0.9081 | Time: 00:00:10
Epoch 052 | Seed 2001 | Rate 0.10 | Train Loss: -10.8343 | Val Loss: 0.3852 | Acc (clean): 0.9550 | Acc (poison): 0.8669 | Val Acc: 0.9156 | Time: 00:00:10
Epoch 053 | Seed 2001 | Rate 0.10 | Train Loss: -11.2249 | Val Loss: 0.3807 | Acc (clean): 0.9607 | Acc (poison): 0.8724 | Val Acc: 0.9152 | Time: 00:00:10
Epoch 054 | Seed 2001 | Rate 0.10 | Train Loss: -11.5701 | Val Loss: 0.3690 | Acc (clean): 0.9623 | Acc (poison): 0.8748 | Val Acc: 0.9215 | Time: 00:00:12
Epoch 055 | Seed 2001 | Rate 0.10 | Train Loss: -11.8878 | Val Loss: 0.3718 | Acc (clean): 0.9656 | Acc (poison): 0.8776 | Val Acc: 0.9178 | Time: 00:00:10
Epoch 056 | Seed 2001 | Rate 0.10 | Train Loss: -12.1726 | Val Loss: 0.3579 | Acc (clean): 0.9678 | Acc (poison): 0.8805 | Val Acc: 0.9230 | Time: 00:00:12
Epoch 057 | Seed 2001 | Rate 0.10 | Train Loss: -12.4392 | Val Loss: 0.3908 | Acc (clean): 0.9705 | Acc (poison): 0.8825 | Val Acc: 0.9185 | Time: 00:00:09
Epoch 058 | Seed 2001 | Rate 0.10 | Train Loss: -12.6812 | Val Loss: 0.3804 | Acc (clean): 0.9704 | Acc (poison): 0.8823 | Val Acc: 0.9181 | Time: 00:00:10
Epoch 059 | Seed 2001 | Rate 0.10 | Train Loss: -12.8922 | Val Loss: 0.3729 | Acc (clean): 0.9717 | Acc (poison): 0.8847 | Val Acc: 0.9226 | Time: 00:00:10
Epoch 060 | Seed 2001 | Rate 0.10 | Train Loss: -13.0907 | Val Loss: 0.3854 | Acc (clean): 0.9739 | Acc (poison): 0.8868 | Val Acc: 0.9207 | Time: 00:00:10
Epoch 061 | Seed 2001 | Rate 0.10 | Train Loss: -13.2596 | Val Loss: 0.3704 | Acc (clean): 0.9739 | Acc (poison): 0.8879 | Val Acc: 0.9233 | Time: 00:00:09
Epoch 062 | Seed 2001 | Rate 0.10 | Train Loss: -13.3991 | Val Loss: 0.3781 | Acc (clean): 0.9740 | Acc (poison): 0.8892 | Val Acc: 0.9263 | Time: 00:00:09
Epoch 063 | Seed 2001 | Rate 0.10 | Train Loss: -13.5352 | Val Loss: 0.3776 | Acc (clean): 0.9763 | Acc (poison): 0.8910 | Val Acc: 0.9256 | Time: 00:00:10
Epoch 064 | Seed 2001 | Rate 0.10 | Train Loss: -13.6550 | Val Loss: 0.4082 | Acc (clean): 0.9766 | Acc (poison): 0.8928 | Val Acc: 0.9141 | Time: 00:00:09
Epoch 065 | Seed 2001 | Rate 0.10 | Train Loss: -13.7629 | Val Loss: 0.3923 | Acc (clean): 0.9772 | Acc (poison): 0.8933 | Val Acc: 0.9230 | Time: 00:00:09
Epoch 066 | Seed 2001 | Rate 0.10 | Train Loss: -13.8513 | Val Loss: 0.3875 | Acc (clean): 0.9772 | Acc (poison): 0.8959 | Val Acc: 0.9207 | Time: 00:00:10
Epoch 067 | Seed 2001 | Rate 0.10 | Train Loss: -13.9432 | Val Loss: 0.4000 | Acc (clean): 0.9771 | Acc (poison): 0.8971 | Val Acc: 0.9222 | Time: 00:00:09
Epoch 068 | Seed 2001 | Rate 0.10 | Train Loss: -14.0064 | Val Loss: 0.4054 | Acc (clean): 0.9768 | Acc (poison): 0.8976 | Val Acc: 0.9215 | Time: 00:00:09
Epoch 069 | Seed 2001 | Rate 0.10 | Train Loss: -14.0712 | Val Loss: 0.4421 | Acc (clean): 0.9772 | Acc (poison): 0.8994 | Val Acc: 0.9156 | Time: 00:00:09
Epoch 070 | Seed 2001 | Rate 0.10 | Train Loss: -14.1204 | Val Loss: 0.4197 | Acc (clean): 0.9772 | Acc (poison): 0.8994 | Val Acc: 0.9181 | Time: 00:00:09
Epoch 071 | Seed 2001 | Rate 0.10 | Train Loss: -14.1717 | Val Loss: 0.4746 | Acc (clean): 0.9767 | Acc (poison): 0.9017 | Val Acc: 0.9133 | Time: 00:00:09
Epoch 072 | Seed 2001 | Rate 0.10 | Train Loss: -14.2117 | Val Loss: 0.4950 | Acc (clean): 0.9779 | Acc (poison): 0.9035 | Val Acc: 0.9133 | Time: 00:00:09
Epoch 073 | Seed 2001 | Rate 0.10 | Train Loss: -14.2479 | Val Loss: 0.4153 | Acc (clean): 0.9756 | Acc (poison): 0.9046 | Val Acc: 0.9244 | Time: 00:00:09
Epoch 074 | Seed 2001 | Rate 0.10 | Train Loss: -14.2756 | Val Loss: 0.4197 | Acc (clean): 0.9752 | Acc (poison): 0.9058 | Val Acc: 0.9152 | Time: 00:00:09
Epoch 075 | Seed 2001 | Rate 0.10 | Train Loss: -14.2930 | Val Loss: 0.4989 | Acc (clean): 0.9743 | Acc (poison): 0.9074 | Val Acc: 0.9122 | Time: 00:00:09
Epoch 076 | Seed 2001 | Rate 0.10 | Train Loss: -14.3920 | Val Loss: 0.4178 | Acc (clean): 0.9751 | Acc (poison): 0.9103 | Val Acc: 0.9207 | Time: 00:00:09
Epoch 077 | Seed 2001 | Rate 0.10 | Train Loss: -14.4878 | Val Loss: 0.4128 | Acc (clean): 0.9749 | Acc (poison): 0.9125 | Val Acc: 0.9233 | Time: 00:00:09
Epoch 078 | Seed 2001 | Rate 0.10 | Train Loss: -14.5593 | Val Loss: 0.4054 | Acc (clean): 0.9753 | Acc (poison): 0.9143 | Val Acc: 0.9244 | Time: 00:00:09
Epoch 079 | Seed 2001 | Rate 0.10 | Train Loss: -14.6152 | Val Loss: 0.4052 | Acc (clean): 0.9750 | Acc (poison): 0.9138 | Val Acc: 0.9237 | Time: 00:00:09
Epoch 080 | Seed 2001 | Rate 0.10 | Train Loss: -14.6661 | Val Loss: 0.3960 | Acc (clean): 0.9742 | Acc (poison): 0.9155 | Val Acc: 0.9270 | Time: 00:00:09
Epoch 081 | Seed 2001 | Rate 0.10 | Train Loss: -14.6962 | Val Loss: 0.3976 | Acc (clean): 0.9737 | Acc (poison): 0.9160 | Val Acc: 0.9230 | Time: 00:00:09
Epoch 082 | Seed 2001 | Rate 0.10 | Train Loss: -14.7379 | Val Loss: 0.4040 | Acc (clean): 0.9736 | Acc (poison): 0.9164 | Val Acc: 0.9207 | Time: 00:00:09
Epoch 083 | Seed 2001 | Rate 0.10 | Train Loss: -14.7625 | Val Loss: 0.3944 | Acc (clean): 0.9736 | Acc (poison): 0.9159 | Val Acc: 0.9230 | Time: 00:00:09
Epoch 084 | Seed 2001 | Rate 0.10 | Train Loss: -14.7889 | Val Loss: 0.3994 | Acc (clean): 0.9738 | Acc (poison): 0.9174 | Val Acc: 0.9278 | Time: 00:00:09
Epoch 085 | Seed 2001 | Rate 0.10 | Train Loss: -14.8127 | Val Loss: 0.4173 | Acc (clean): 0.9732 | Acc (poison): 0.9174 | Val Acc: 0.9237 | Time: 00:00:09
Epoch 086 | Seed 2001 | Rate 0.10 | Train Loss: -14.8402 | Val Loss: 0.4095 | Acc (clean): 0.9726 | Acc (poison): 0.9184 | Val Acc: 0.9219 | Time: 00:00:09
Epoch 087 | Seed 2001 | Rate 0.10 | Train Loss: -14.8578 | Val Loss: 0.4083 | Acc (clean): 0.9726 | Acc (poison): 0.9181 | Val Acc: 0.9219 | Time: 00:00:09
Epoch 088 | Seed 2001 | Rate 0.10 | Train Loss: -14.8786 | Val Loss: 0.4100 | Acc (clean): 0.9717 | Acc (poison): 0.9199 | Val Acc: 0.9263 | Time: 00:00:09
Epoch 089 | Seed 2001 | Rate 0.10 | Train Loss: -14.8938 | Val Loss: 0.4267 | Acc (clean): 0.9718 | Acc (poison): 0.9205 | Val Acc: 0.9204 | Time: 00:00:09
Epoch 090 | Seed 2001 | Rate 0.10 | Train Loss: -14.8976 | Val Loss: 0.4163 | Acc (clean): 0.9711 | Acc (poison): 0.9199 | Val Acc: 0.9226 | Time: 00:00:10
Epoch 091 | Seed 2001 | Rate 0.10 | Train Loss: -14.9166 | Val Loss: 0.4163 | Acc (clean): 0.9712 | Acc (poison): 0.9207 | Val Acc: 0.9222 | Time: 00:00:09
Epoch 092 | Seed 2001 | Rate 0.10 | Train Loss: -14.9330 | Val Loss: 0.4252 | Acc (clean): 0.9705 | Acc (poison): 0.9213 | Val Acc: 0.9226 | Time: 00:00:09
Epoch 093 | Seed 2001 | Rate 0.10 | Train Loss: -14.9352 | Val Loss: 0.4245 | Acc (clean): 0.9700 | Acc (poison): 0.9211 | Val Acc: 0.9219 | Time: 00:00:09
Epoch 094 | Seed 2001 | Rate 0.10 | Train Loss: -14.9488 | Val Loss: 0.4178 | Acc (clean): 0.9701 | Acc (poison): 0.9219 | Val Acc: 0.9207 | Time: 00:00:09
Epoch 095 | Seed 2001 | Rate 0.10 | Train Loss: -14.9526 | Val Loss: 0.4215 | Acc (clean): 0.9701 | Acc (poison): 0.9227 | Val Acc: 0.9226 | Time: 00:00:09
Epoch 096 | Seed 2001 | Rate 0.10 | Train Loss: -14.9647 | Val Loss: 0.4285 | Acc (clean): 0.9692 | Acc (poison): 0.9232 | Val Acc: 0.9204 | Time: 00:00:09
Epoch 097 | Seed 2001 | Rate 0.10 | Train Loss: -14.9764 | Val Loss: 0.4288 | Acc (clean): 0.9693 | Acc (poison): 0.9235 | Val Acc: 0.9241 | Time: 00:00:09
Epoch 098 | Seed 2001 | Rate 0.10 | Train Loss: -14.9804 | Val Loss: 0.4320 | Acc (clean): 0.9696 | Acc (poison): 0.9235 | Val Acc: 0.9207 | Time: 00:00:09
Epoch 099 | Seed 2001 | Rate 0.10 | Train Loss: -14.9898 | Val Loss: 0.4373 | Acc (clean): 0.9683 | Acc (poison): 0.9242 | Val Acc: 0.9178 | Time: 00:00:08
Epoch 100 | Seed 2001 | Rate 0.10 | Train Loss: -15.0018 | Val Loss: 0.4366 | Acc (clean): 0.9693 | Acc (poison): 0.9246 | Val Acc: 0.9222 | Time: 00:00:08

=== defense=elr attack=RQ1 seed=2001 rate=0.2 ===
Loading train data from /home/yazanme/BachelorThesis/BachelorThesis/data/processed/resisc45/train.h5 with mapping /home/yazanme/BachelorThesis/BachelorThesis/data/processed/resisc45/poisoned/RQ1/seed_2001/labels_0.20.pt... (in_memory=True, workers=6)
Testing torch.compile support...
Successfully compiled model using torch.compile.
Epoch 001 | Seed 2001 | Rate 0.20 | Train Loss: 3.0812 | Val Loss: 2.5306 | Acc (clean): 0.2444 | Acc (poison): 0.2000 | Val Acc: 0.2996 | Time: 00:00:10
Epoch 002 | Seed 2001 | Rate 0.20 | Train Loss: 2.4361 | Val Loss: 2.2533 | Acc (clean): 0.3963 | Acc (poison): 0.3209 | Val Acc: 0.3667 | Time: 00:00:10
Epoch 003 | Seed 2001 | Rate 0.20 | Train Loss: 2.0164 | Val Loss: 1.9589 | Acc (clean): 0.4818 | Acc (poison): 0.3877 | Val Acc: 0.4381 | Time: 00:00:11
Epoch 004 | Seed 2001 | Rate 0.20 | Train Loss: 1.6210 | Val Loss: 1.6996 | Acc (clean): 0.5374 | Acc (poison): 0.4351 | Val Acc: 0.5085 | Time: 00:00:10
Epoch 005 | Seed 2001 | Rate 0.20 | Train Loss: 1.2186 | Val Loss: 1.6139 | Acc (clean): 0.5847 | Acc (poison): 0.4711 | Val Acc: 0.5348 | Time: 00:00:09
Epoch 006 | Seed 2001 | Rate 0.20 | Train Loss: 0.8097 | Val Loss: 1.6298 | Acc (clean): 0.6163 | Acc (poison): 0.4982 | Val Acc: 0.5552 | Time: 00:00:09
Epoch 007 | Seed 2001 | Rate 0.20 | Train Loss: 0.3962 | Val Loss: 1.4716 | Acc (clean): 0.6506 | Acc (poison): 0.5249 | Val Acc: 0.5937 | Time: 00:00:09
Epoch 008 | Seed 2001 | Rate 0.20 | Train Loss: -0.0434 | Val Loss: 1.4185 | Acc (clean): 0.6749 | Acc (poison): 0.5453 | Val Acc: 0.6104 | Time: 00:00:09
Epoch 009 | Seed 2001 | Rate 0.20 | Train Loss: -0.5074 | Val Loss: 1.2123 | Acc (clean): 0.7001 | Acc (poison): 0.5657 | Val Acc: 0.6726 | Time: 00:00:09
Epoch 010 | Seed 2001 | Rate 0.20 | Train Loss: -0.9551 | Val Loss: 1.1758 | Acc (clean): 0.7217 | Acc (poison): 0.5827 | Val Acc: 0.6781 | Time: 00:00:09
Epoch 011 | Seed 2001 | Rate 0.20 | Train Loss: -1.3940 | Val Loss: 1.2102 | Acc (clean): 0.7382 | Acc (poison): 0.5961 | Val Acc: 0.6781 | Time: 00:00:09
Epoch 012 | Seed 2001 | Rate 0.20 | Train Loss: -1.8802 | Val Loss: 1.1896 | Acc (clean): 0.7621 | Acc (poison): 0.6165 | Val Acc: 0.6859 | Time: 00:00:09
Epoch 013 | Seed 2001 | Rate 0.20 | Train Loss: -2.2921 | Val Loss: 1.2443 | Acc (clean): 0.7675 | Acc (poison): 0.6200 | Val Acc: 0.6852 | Time: 00:00:09
Epoch 014 | Seed 2001 | Rate 0.20 | Train Loss: -2.7429 | Val Loss: 0.9956 | Acc (clean): 0.7877 | Acc (poison): 0.6376 | Val Acc: 0.7300 | Time: 00:00:09
Epoch 015 | Seed 2001 | Rate 0.20 | Train Loss: -3.1740 | Val Loss: 0.9292 | Acc (clean): 0.7936 | Acc (poison): 0.6418 | Val Acc: 0.7663 | Time: 00:00:10
Epoch 016 | Seed 2001 | Rate 0.20 | Train Loss: -3.5759 | Val Loss: 0.9435 | Acc (clean): 0.8028 | Acc (poison): 0.6512 | Val Acc: 0.7581 | Time: 00:00:09
Epoch 017 | Seed 2001 | Rate 0.20 | Train Loss: -3.9489 | Val Loss: 1.1213 | Acc (clean): 0.8107 | Acc (poison): 0.6570 | Val Acc: 0.7178 | Time: 00:00:09
Epoch 018 | Seed 2001 | Rate 0.20 | Train Loss: -4.3196 | Val Loss: 1.0257 | Acc (clean): 0.8209 | Acc (poison): 0.6637 | Val Acc: 0.7541 | Time: 00:00:09
Epoch 019 | Seed 2001 | Rate 0.20 | Train Loss: -4.7041 | Val Loss: 1.0684 | Acc (clean): 0.8264 | Acc (poison): 0.6695 | Val Acc: 0.7526 | Time: 00:00:09
Epoch 020 | Seed 2001 | Rate 0.20 | Train Loss: -4.9956 | Val Loss: 0.9405 | Acc (clean): 0.8288 | Acc (poison): 0.6732 | Val Acc: 0.7707 | Time: 00:00:09
Epoch 021 | Seed 2001 | Rate 0.20 | Train Loss: -5.3043 | Val Loss: 1.0474 | Acc (clean): 0.8374 | Acc (poison): 0.6790 | Val Acc: 0.7556 | Time: 00:00:09
Epoch 022 | Seed 2001 | Rate 0.20 | Train Loss: -5.6016 | Val Loss: 1.1334 | Acc (clean): 0.8436 | Acc (poison): 0.6844 | Val Acc: 0.7444 | Time: 00:00:09
Epoch 023 | Seed 2001 | Rate 0.20 | Train Loss: -5.8101 | Val Loss: 1.0778 | Acc (clean): 0.8434 | Acc (poison): 0.6837 | Val Acc: 0.7463 | Time: 00:00:09
Epoch 024 | Seed 2001 | Rate 0.20 | Train Loss: -6.1134 | Val Loss: 0.9544 | Acc (clean): 0.8533 | Acc (poison): 0.6914 | Val Acc: 0.7763 | Time: 00:00:09
Epoch 025 | Seed 2001 | Rate 0.20 | Train Loss: -6.2944 | Val Loss: 0.8897 | Acc (clean): 0.8536 | Acc (poison): 0.6916 | Val Acc: 0.7933 | Time: 00:00:10
Epoch 026 | Seed 2001 | Rate 0.20 | Train Loss: -6.4223 | Val Loss: 1.1132 | Acc (clean): 0.8551 | Acc (poison): 0.6925 | Val Acc: 0.7459 | Time: 00:00:09
Epoch 027 | Seed 2001 | Rate 0.20 | Train Loss: -6.6763 | Val Loss: 1.1507 | Acc (clean): 0.8627 | Acc (poison): 0.6991 | Val Acc: 0.7552 | Time: 00:00:09
Epoch 028 | Seed 2001 | Rate 0.20 | Train Loss: -6.8288 | Val Loss: 1.1281 | Acc (clean): 0.8647 | Acc (poison): 0.7014 | Val Acc: 0.7848 | Time: 00:00:09
Epoch 029 | Seed 2001 | Rate 0.20 | Train Loss: -6.9181 | Val Loss: 1.0507 | Acc (clean): 0.8642 | Acc (poison): 0.7000 | Val Acc: 0.7670 | Time: 00:00:09
Epoch 030 | Seed 2001 | Rate 0.20 | Train Loss: -7.0658 | Val Loss: 0.9833 | Acc (clean): 0.8690 | Acc (poison): 0.7037 | Val Acc: 0.7859 | Time: 00:00:09
Epoch 031 | Seed 2001 | Rate 0.20 | Train Loss: -7.2198 | Val Loss: 0.8641 | Acc (clean): 0.8726 | Acc (poison): 0.7088 | Val Acc: 0.8185 | Time: 00:00:09
Epoch 032 | Seed 2001 | Rate 0.20 | Train Loss: -7.3405 | Val Loss: 0.9418 | Acc (clean): 0.8734 | Acc (poison): 0.7099 | Val Acc: 0.7967 | Time: 00:00:09
Epoch 033 | Seed 2001 | Rate 0.20 | Train Loss: -7.4040 | Val Loss: 1.0016 | Acc (clean): 0.8746 | Acc (poison): 0.7098 | Val Acc: 0.7826 | Time: 00:00:09
Epoch 034 | Seed 2001 | Rate 0.20 | Train Loss: -7.4914 | Val Loss: 1.8479 | Acc (clean): 0.8777 | Acc (poison): 0.7133 | Val Acc: 0.6307 | Time: 00:00:09
Epoch 035 | Seed 2001 | Rate 0.20 | Train Loss: -7.5507 | Val Loss: 1.0707 | Acc (clean): 0.8757 | Acc (poison): 0.7107 | Val Acc: 0.7830 | Time: 00:00:09
Epoch 036 | Seed 2001 | Rate 0.20 | Train Loss: -7.6628 | Val Loss: 0.8548 | Acc (clean): 0.8798 | Acc (poison): 0.7150 | Val Acc: 0.8211 | Time: 00:00:10
Epoch 037 | Seed 2001 | Rate 0.20 | Train Loss: -7.7761 | Val Loss: 0.8759 | Acc (clean): 0.8841 | Acc (poison): 0.7182 | Val Acc: 0.8152 | Time: 00:00:09
Epoch 038 | Seed 2001 | Rate 0.20 | Train Loss: -7.8345 | Val Loss: 0.7644 | Acc (clean): 0.8846 | Acc (poison): 0.7174 | Val Acc: 0.8252 | Time: 00:00:10
Epoch 039 | Seed 2001 | Rate 0.20 | Train Loss: -7.8565 | Val Loss: 0.8783 | Acc (clean): 0.8839 | Acc (poison): 0.7198 | Val Acc: 0.8119 | Time: 00:00:09
Epoch 040 | Seed 2001 | Rate 0.20 | Train Loss: -7.8552 | Val Loss: 0.8661 | Acc (clean): 0.8800 | Acc (poison): 0.7142 | Val Acc: 0.8033 | Time: 00:00:09
Epoch 041 | Seed 2001 | Rate 0.20 | Train Loss: -7.9594 | Val Loss: 0.9695 | Acc (clean): 0.8895 | Acc (poison): 0.7225 | Val Acc: 0.8015 | Time: 00:00:08
Epoch 042 | Seed 2001 | Rate 0.20 | Train Loss: -8.0685 | Val Loss: 0.8937 | Acc (clean): 0.8910 | Acc (poison): 0.7239 | Val Acc: 0.8085 | Time: 00:00:09
Epoch 043 | Seed 2001 | Rate 0.20 | Train Loss: -8.0977 | Val Loss: 1.0564 | Acc (clean): 0.8893 | Acc (poison): 0.7232 | Val Acc: 0.7770 | Time: 00:00:09
Epoch 044 | Seed 2001 | Rate 0.20 | Train Loss: -8.1562 | Val Loss: 0.8963 | Acc (clean): 0.8927 | Acc (poison): 0.7251 | Val Acc: 0.8037 | Time: 00:00:09
Epoch 045 | Seed 2001 | Rate 0.20 | Train Loss: -8.1743 | Val Loss: 0.9534 | Acc (clean): 0.8920 | Acc (poison): 0.7244 | Val Acc: 0.7970 | Time: 00:00:09
Epoch 046 | Seed 2001 | Rate 0.20 | Train Loss: -8.2069 | Val Loss: 0.9308 | Acc (clean): 0.8939 | Acc (poison): 0.7271 | Val Acc: 0.7996 | Time: 00:00:09
Epoch 047 | Seed 2001 | Rate 0.20 | Train Loss: -8.2208 | Val Loss: 0.7517 | Acc (clean): 0.8940 | Acc (poison): 0.7265 | Val Acc: 0.8356 | Time: 00:00:09
Epoch 048 | Seed 2001 | Rate 0.20 | Train Loss: -8.2757 | Val Loss: 0.9675 | Acc (clean): 0.8958 | Acc (poison): 0.7288 | Val Acc: 0.8030 | Time: 00:00:09
Epoch 049 | Seed 2001 | Rate 0.20 | Train Loss: -8.2808 | Val Loss: 0.9366 | Acc (clean): 0.8968 | Acc (poison): 0.7294 | Val Acc: 0.8089 | Time: 00:00:09
Epoch 050 | Seed 2001 | Rate 0.20 | Train Loss: -8.3457 | Val Loss: 1.0637 | Acc (clean): 0.8972 | Acc (poison): 0.7301 | Val Acc: 0.7900 | Time: 00:00:09
Epoch 051 | Seed 2001 | Rate 0.20 | Train Loss: -9.1534 | Val Loss: 0.4101 | Acc (clean): 0.9353 | Acc (poison): 0.7612 | Val Acc: 0.9052 | Time: 00:00:09
Epoch 052 | Seed 2001 | Rate 0.20 | Train Loss: -9.6637 | Val Loss: 0.4034 | Acc (clean): 0.9465 | Acc (poison): 0.7705 | Val Acc: 0.9063 | Time: 00:00:11
Epoch 053 | Seed 2001 | Rate 0.20 | Train Loss: -10.0522 | Val Loss: 0.3995 | Acc (clean): 0.9500 | Acc (poison): 0.7749 | Val Acc: 0.9096 | Time: 00:00:09
Epoch 054 | Seed 2001 | Rate 0.20 | Train Loss: -10.4056 | Val Loss: 0.3837 | Acc (clean): 0.9542 | Acc (poison): 0.7796 | Val Acc: 0.9126 | Time: 00:00:09
Epoch 055 | Seed 2001 | Rate 0.20 | Train Loss: -10.7294 | Val Loss: 0.3910 | Acc (clean): 0.9565 | Acc (poison): 0.7824 | Val Acc: 0.9170 | Time: 00:00:09
Epoch 056 | Seed 2001 | Rate 0.20 | Train Loss: -11.0147 | Val Loss: 0.3766 | Acc (clean): 0.9577 | Acc (poison): 0.7828 | Val Acc: 0.9181 | Time: 00:00:11
Epoch 057 | Seed 2001 | Rate 0.20 | Train Loss: -11.2763 | Val Loss: 0.3866 | Acc (clean): 0.9591 | Acc (poison): 0.7863 | Val Acc: 0.9219 | Time: 00:00:09
Epoch 058 | Seed 2001 | Rate 0.20 | Train Loss: -11.5214 | Val Loss: 0.4024 | Acc (clean): 0.9603 | Acc (poison): 0.7873 | Val Acc: 0.9137 | Time: 00:00:08
Epoch 059 | Seed 2001 | Rate 0.20 | Train Loss: -11.7403 | Val Loss: 0.4008 | Acc (clean): 0.9609 | Acc (poison): 0.7902 | Val Acc: 0.9148 | Time: 00:00:09
Epoch 060 | Seed 2001 | Rate 0.20 | Train Loss: -11.9449 | Val Loss: 0.4118 | Acc (clean): 0.9634 | Acc (poison): 0.7935 | Val Acc: 0.9152 | Time: 00:00:09
Epoch 061 | Seed 2001 | Rate 0.20 | Train Loss: -12.1061 | Val Loss: 0.4244 | Acc (clean): 0.9640 | Acc (poison): 0.7943 | Val Acc: 0.9163 | Time: 00:00:08
Epoch 062 | Seed 2001 | Rate 0.20 | Train Loss: -12.2635 | Val Loss: 0.4033 | Acc (clean): 0.9628 | Acc (poison): 0.7965 | Val Acc: 0.9181 | Time: 00:00:09
Epoch 063 | Seed 2001 | Rate 0.20 | Train Loss: -12.4044 | Val Loss: 0.4305 | Acc (clean): 0.9645 | Acc (poison): 0.7990 | Val Acc: 0.9126 | Time: 00:00:09
Epoch 064 | Seed 2001 | Rate 0.20 | Train Loss: -12.5410 | Val Loss: 0.4409 | Acc (clean): 0.9635 | Acc (poison): 0.8020 | Val Acc: 0.9137 | Time: 00:00:09
Epoch 065 | Seed 2001 | Rate 0.20 | Train Loss: -12.6351 | Val Loss: 0.4641 | Acc (clean): 0.9644 | Acc (poison): 0.8030 | Val Acc: 0.9122 | Time: 00:00:09
Epoch 066 | Seed 2001 | Rate 0.20 | Train Loss: -12.7375 | Val Loss: 0.4485 | Acc (clean): 0.9633 | Acc (poison): 0.8061 | Val Acc: 0.9141 | Time: 00:00:09
Epoch 067 | Seed 2001 | Rate 0.20 | Train Loss: -12.8157 | Val Loss: 0.4869 | Acc (clean): 0.9629 | Acc (poison): 0.8091 | Val Acc: 0.9093 | Time: 00:00:09
Epoch 068 | Seed 2001 | Rate 0.20 | Train Loss: -12.8842 | Val Loss: 0.4818 | Acc (clean): 0.9621 | Acc (poison): 0.8107 | Val Acc: 0.9163 | Time: 00:00:09
Epoch 069 | Seed 2001 | Rate 0.20 | Train Loss: -12.9539 | Val Loss: 0.4826 | Acc (clean): 0.9603 | Acc (poison): 0.8148 | Val Acc: 0.9081 | Time: 00:00:09
Epoch 070 | Seed 2001 | Rate 0.20 | Train Loss: -12.9893 | Val Loss: 0.4806 | Acc (clean): 0.9606 | Acc (poison): 0.8156 | Val Acc: 0.9126 | Time: 00:00:09
Epoch 071 | Seed 2001 | Rate 0.20 | Train Loss: -13.0343 | Val Loss: 0.4917 | Acc (clean): 0.9582 | Acc (poison): 0.8200 | Val Acc: 0.9126 | Time: 00:00:09
Epoch 072 | Seed 2001 | Rate 0.20 | Train Loss: -13.0721 | Val Loss: 0.5032 | Acc (clean): 0.9563 | Acc (poison): 0.8212 | Val Acc: 0.9093 | Time: 00:00:08
Epoch 073 | Seed 2001 | Rate 0.20 | Train Loss: -13.0944 | Val Loss: 0.5197 | Acc (clean): 0.9556 | Acc (poison): 0.8220 | Val Acc: 0.9044 | Time: 00:00:09
Epoch 074 | Seed 2001 | Rate 0.20 | Train Loss: -13.1454 | Val Loss: 0.5373 | Acc (clean): 0.9543 | Acc (poison): 0.8259 | Val Acc: 0.9000 | Time: 00:00:09
Epoch 075 | Seed 2001 | Rate 0.20 | Train Loss: -13.1259 | Val Loss: 0.5857 | Acc (clean): 0.9522 | Acc (poison): 0.8275 | Val Acc: 0.8941 | Time: 00:00:09
Epoch 076 | Seed 2001 | Rate 0.20 | Train Loss: -13.2932 | Val Loss: 0.4865 | Acc (clean): 0.9494 | Acc (poison): 0.8350 | Val Acc: 0.9122 | Time: 00:00:09
Epoch 077 | Seed 2001 | Rate 0.20 | Train Loss: -13.4323 | Val Loss: 0.4870 | Acc (clean): 0.9487 | Acc (poison): 0.8384 | Val Acc: 0.9096 | Time: 00:00:09
Epoch 078 | Seed 2001 | Rate 0.20 | Train Loss: -13.5241 | Val Loss: 0.4907 | Acc (clean): 0.9483 | Acc (poison): 0.8402 | Val Acc: 0.9107 | Time: 00:00:09
Epoch 079 | Seed 2001 | Rate 0.20 | Train Loss: -13.5980 | Val Loss: 0.4869 | Acc (clean): 0.9462 | Acc (poison): 0.8422 | Val Acc: 0.9104 | Time: 00:00:09
Epoch 080 | Seed 2001 | Rate 0.20 | Train Loss: -13.6571 | Val Loss: 0.4887 | Acc (clean): 0.9460 | Acc (poison): 0.8441 | Val Acc: 0.9078 | Time: 00:00:09
Epoch 081 | Seed 2001 | Rate 0.20 | Train Loss: -13.7113 | Val Loss: 0.4930 | Acc (clean): 0.9458 | Acc (poison): 0.8444 | Val Acc: 0.9089 | Time: 00:00:09
Epoch 082 | Seed 2001 | Rate 0.20 | Train Loss: -13.7512 | Val Loss: 0.4992 | Acc (clean): 0.9434 | Acc (poison): 0.8465 | Val Acc: 0.9096 | Time: 00:00:09
Epoch 083 | Seed 2001 | Rate 0.20 | Train Loss: -13.7864 | Val Loss: 0.4941 | Acc (clean): 0.9429 | Acc (poison): 0.8474 | Val Acc: 0.9078 | Time: 00:00:09
Epoch 084 | Seed 2001 | Rate 0.20 | Train Loss: -13.8307 | Val Loss: 0.4963 | Acc (clean): 0.9421 | Acc (poison): 0.8492 | Val Acc: 0.9115 | Time: 00:00:08
Epoch 085 | Seed 2001 | Rate 0.20 | Train Loss: -13.8684 | Val Loss: 0.5075 | Acc (clean): 0.9413 | Acc (poison): 0.8501 | Val Acc: 0.9059 | Time: 00:00:09
Epoch 086 | Seed 2001 | Rate 0.20 | Train Loss: -13.9093 | Val Loss: 0.5119 | Acc (clean): 0.9413 | Acc (poison): 0.8507 | Val Acc: 0.9081 | Time: 00:00:09
Epoch 087 | Seed 2001 | Rate 0.20 | Train Loss: -13.9266 | Val Loss: 0.5219 | Acc (clean): 0.9403 | Acc (poison): 0.8512 | Val Acc: 0.9052 | Time: 00:00:09
Epoch 088 | Seed 2001 | Rate 0.20 | Train Loss: -13.9448 | Val Loss: 0.5129 | Acc (clean): 0.9384 | Acc (poison): 0.8526 | Val Acc: 0.9070 | Time: 00:00:09
Epoch 089 | Seed 2001 | Rate 0.20 | Train Loss: -13.9792 | Val Loss: 0.5153 | Acc (clean): 0.9381 | Acc (poison): 0.8544 | Val Acc: 0.9081 | Time: 00:00:09
Epoch 090 | Seed 2001 | Rate 0.20 | Train Loss: -13.9984 | Val Loss: 0.5247 | Acc (clean): 0.9365 | Acc (poison): 0.8556 | Val Acc: 0.9037 | Time: 00:00:09
Epoch 091 | Seed 2001 | Rate 0.20 | Train Loss: -14.0174 | Val Loss: 0.5197 | Acc (clean): 0.9362 | Acc (poison): 0.8560 | Val Acc: 0.9059 | Time: 00:00:09
Epoch 092 | Seed 2001 | Rate 0.20 | Train Loss: -14.0353 | Val Loss: 0.5243 | Acc (clean): 0.9355 | Acc (poison): 0.8571 | Val Acc: 0.9033 | Time: 00:00:09
Epoch 093 | Seed 2001 | Rate 0.20 | Train Loss: -14.0533 | Val Loss: 0.5243 | Acc (clean): 0.9347 | Acc (poison): 0.8580 | Val Acc: 0.9067 | Time: 00:00:09
Epoch 094 | Seed 2001 | Rate 0.20 | Train Loss: -14.0676 | Val Loss: 0.5340 | Acc (clean): 0.9353 | Acc (poison): 0.8578 | Val Acc: 0.9011 | Time: 00:00:09
Epoch 095 | Seed 2001 | Rate 0.20 | Train Loss: -14.0933 | Val Loss: 0.5413 | Acc (clean): 0.9334 | Acc (poison): 0.8600 | Val Acc: 0.9041 | Time: 00:00:09
Epoch 096 | Seed 2001 | Rate 0.20 | Train Loss: -14.1083 | Val Loss: 0.5455 | Acc (clean): 0.9326 | Acc (poison): 0.8604 | Val Acc: 0.9030 | Time: 00:00:09
Epoch 097 | Seed 2001 | Rate 0.20 | Train Loss: -14.1283 | Val Loss: 0.5458 | Acc (clean): 0.9327 | Acc (poison): 0.8611 | Val Acc: 0.9048 | Time: 00:00:09
Epoch 098 | Seed 2001 | Rate 0.20 | Train Loss: -14.1454 | Val Loss: 0.5473 | Acc (clean): 0.9312 | Acc (poison): 0.8625 | Val Acc: 0.9033 | Time: 00:00:09
Epoch 099 | Seed 2001 | Rate 0.20 | Train Loss: -14.1579 | Val Loss: 0.5472 | Acc (clean): 0.9305 | Acc (poison): 0.8633 | Val Acc: 0.9037 | Time: 00:00:09
Epoch 100 | Seed 2001 | Rate 0.20 | Train Loss: -14.1779 | Val Loss: 0.5606 | Acc (clean): 0.9309 | Acc (poison): 0.8635 | Val Acc: 0.9019 | Time: 00:00:08

=== defense=elr attack=RQ2 seed=2001 rate=0.01 ===
Loading train data from /home/yazanme/BachelorThesis/BachelorThesis/data/processed/resisc45/train.h5 with mapping /home/yazanme/BachelorThesis/BachelorThesis/data/processed/resisc45/poisoned/RQ2/seed_2001/labels_0.01.pt... (in_memory=True, workers=6)
Testing torch.compile support...
Successfully compiled model using torch.compile.
Epoch 001 | Seed 2001 | Rate 0.01 | Train Loss: 2.5576 | Val Loss: 2.2904 | Acc (clean): 0.2547 | Acc (poison): 0.2537 | Val Acc: 0.3296 | Time: 00:00:10
Epoch 002 | Seed 2001 | Rate 0.01 | Train Loss: 1.3703 | Val Loss: 1.9289 | Acc (clean): 0.4504 | Acc (poison): 0.4474 | Val Acc: 0.4496 | Time: 00:00:09
Epoch 003 | Seed 2001 | Rate 0.01 | Train Loss: 0.5902 | Val Loss: 1.7682 | Acc (clean): 0.5571 | Acc (poison): 0.5527 | Val Acc: 0.5022 | Time: 00:00:10
Epoch 004 | Seed 2001 | Rate 0.01 | Train Loss: -0.0983 | Val Loss: 1.5017 | Acc (clean): 0.6219 | Acc (poison): 0.6168 | Val Acc: 0.5789 | Time: 00:00:09
Epoch 005 | Seed 2001 | Rate 0.01 | Train Loss: -0.7672 | Val Loss: 2.3939 | Acc (clean): 0.6676 | Acc (poison): 0.6626 | Val Acc: 0.4815 | Time: 00:00:09
Epoch 006 | Seed 2001 | Rate 0.01 | Train Loss: -1.4582 | Val Loss: 1.1432 | Acc (clean): 0.7143 | Acc (poison): 0.7081 | Val Acc: 0.6833 | Time: 00:00:09
Epoch 007 | Seed 2001 | Rate 0.01 | Train Loss: -2.1397 | Val Loss: 1.6845 | Acc (clean): 0.7472 | Acc (poison): 0.7409 | Val Acc: 0.6141 | Time: 00:00:09
Epoch 008 | Seed 2001 | Rate 0.01 | Train Loss: -2.8086 | Val Loss: 1.2473 | Acc (clean): 0.7728 | Acc (poison): 0.7663 | Val Acc: 0.7052 | Time: 00:00:08
Epoch 009 | Seed 2001 | Rate 0.01 | Train Loss: -3.4562 | Val Loss: 1.0591 | Acc (clean): 0.7945 | Acc (poison): 0.7873 | Val Acc: 0.7304 | Time: 00:00:09
Epoch 010 | Seed 2001 | Rate 0.01 | Train Loss: -4.0485 | Val Loss: 1.1280 | Acc (clean): 0.8059 | Acc (poison): 0.7988 | Val Acc: 0.7185 | Time: 00:00:08
Epoch 011 | Seed 2001 | Rate 0.01 | Train Loss: -4.6581 | Val Loss: 1.4905 | Acc (clean): 0.8202 | Acc (poison): 0.8126 | Val Acc: 0.7181 | Time: 00:00:08
Epoch 012 | Seed 2001 | Rate 0.01 | Train Loss: -5.2245 | Val Loss: 1.1480 | Acc (clean): 0.8286 | Acc (poison): 0.8215 | Val Acc: 0.7526 | Time: 00:00:08
Epoch 013 | Seed 2001 | Rate 0.01 | Train Loss: -5.6845 | Val Loss: 1.1709 | Acc (clean): 0.8274 | Acc (poison): 0.8200 | Val Acc: 0.7574 | Time: 00:00:08
Epoch 014 | Seed 2001 | Rate 0.01 | Train Loss: -6.2519 | Val Loss: 1.1075 | Acc (clean): 0.8411 | Acc (poison): 0.8334 | Val Acc: 0.7596 | Time: 00:00:09
Epoch 015 | Seed 2001 | Rate 0.01 | Train Loss: -6.7271 | Val Loss: 1.0281 | Acc (clean): 0.8426 | Acc (poison): 0.8351 | Val Acc: 0.7756 | Time: 00:00:09
Epoch 016 | Seed 2001 | Rate 0.01 | Train Loss: -7.1418 | Val Loss: 0.8607 | Acc (clean): 0.8483 | Acc (poison): 0.8405 | Val Acc: 0.7952 | Time: 00:00:09
Epoch 017 | Seed 2001 | Rate 0.01 | Train Loss: -7.5911 | Val Loss: 0.8874 | Acc (clean): 0.8566 | Acc (poison): 0.8488 | Val Acc: 0.7959 | Time: 00:00:08
Epoch 018 | Seed 2001 | Rate 0.01 | Train Loss: -7.9527 | Val Loss: 0.9342 | Acc (clean): 0.8592 | Acc (poison): 0.8515 | Val Acc: 0.8100 | Time: 00:00:09
Epoch 019 | Seed 2001 | Rate 0.01 | Train Loss: -8.2451 | Val Loss: 1.2861 | Acc (clean): 0.8623 | Acc (poison): 0.8543 | Val Acc: 0.7607 | Time: 00:00:08
Epoch 020 | Seed 2001 | Rate 0.01 | Train Loss: -8.4751 | Val Loss: 1.6657 | Acc (clean): 0.8603 | Acc (poison): 0.8524 | Val Acc: 0.7156 | Time: 00:00:09
Epoch 021 | Seed 2001 | Rate 0.01 | Train Loss: -8.7661 | Val Loss: 1.1725 | Acc (clean): 0.8690 | Acc (poison): 0.8614 | Val Acc: 0.7744 | Time: 00:00:09
Epoch 022 | Seed 2001 | Rate 0.01 | Train Loss: -8.9520 | Val Loss: 1.2046 | Acc (clean): 0.8685 | Acc (poison): 0.8604 | Val Acc: 0.7867 | Time: 00:00:08
Epoch 023 | Seed 2001 | Rate 0.01 | Train Loss: -9.1591 | Val Loss: 1.4045 | Acc (clean): 0.8757 | Acc (poison): 0.8678 | Val Acc: 0.7785 | Time: 00:00:09
Epoch 024 | Seed 2001 | Rate 0.01 | Train Loss: -9.3526 | Val Loss: 1.6453 | Acc (clean): 0.8769 | Acc (poison): 0.8693 | Val Acc: 0.7248 | Time: 00:00:08
Epoch 025 | Seed 2001 | Rate 0.01 | Train Loss: -9.4434 | Val Loss: 1.3624 | Acc (clean): 0.8744 | Acc (poison): 0.8666 | Val Acc: 0.7696 | Time: 00:00:09
Epoch 026 | Seed 2001 | Rate 0.01 | Train Loss: -9.5707 | Val Loss: 1.2901 | Acc (clean): 0.8768 | Acc (poison): 0.8689 | Val Acc: 0.7778 | Time: 00:00:09
Epoch 027 | Seed 2001 | Rate 0.01 | Train Loss: -9.7046 | Val Loss: 1.1287 | Acc (clean): 0.8812 | Acc (poison): 0.8735 | Val Acc: 0.8000 | Time: 00:00:08
Epoch 028 | Seed 2001 | Rate 0.01 | Train Loss: -9.8463 | Val Loss: 1.2435 | Acc (clean): 0.8862 | Acc (poison): 0.8779 | Val Acc: 0.7874 | Time: 00:00:08
Epoch 029 | Seed 2001 | Rate 0.01 | Train Loss: -9.8508 | Val Loss: 1.0009 | Acc (clean): 0.8821 | Acc (poison): 0.8743 | Val Acc: 0.8100 | Time: 00:00:08
Epoch 030 | Seed 2001 | Rate 0.01 | Train Loss: -9.9733 | Val Loss: 0.9698 | Acc (clean): 0.8859 | Acc (poison): 0.8781 | Val Acc: 0.8148 | Time: 00:00:09
Epoch 031 | Seed 2001 | Rate 0.01 | Train Loss: -10.0050 | Val Loss: 1.0288 | Acc (clean): 0.8866 | Acc (poison): 0.8784 | Val Acc: 0.8111 | Time: 00:00:08
Epoch 032 | Seed 2001 | Rate 0.01 | Train Loss: -10.1031 | Val Loss: 1.1728 | Acc (clean): 0.8919 | Acc (poison): 0.8840 | Val Acc: 0.8000 | Time: 00:00:09
Epoch 033 | Seed 2001 | Rate 0.01 | Train Loss: -10.1632 | Val Loss: 1.0312 | Acc (clean): 0.8928 | Acc (poison): 0.8847 | Val Acc: 0.8096 | Time: 00:00:08
Epoch 034 | Seed 2001 | Rate 0.01 | Train Loss: -10.1342 | Val Loss: 1.0707 | Acc (clean): 0.8867 | Acc (poison): 0.8786 | Val Acc: 0.8152 | Time: 00:00:08
Epoch 035 | Seed 2001 | Rate 0.01 | Train Loss: -10.2255 | Val Loss: 1.5829 | Acc (clean): 0.8923 | Acc (poison): 0.8842 | Val Acc: 0.7863 | Time: 00:00:09
Epoch 036 | Seed 2001 | Rate 0.01 | Train Loss: -10.2431 | Val Loss: 1.0153 | Acc (clean): 0.8925 | Acc (poison): 0.8846 | Val Acc: 0.8185 | Time: 00:00:08
Epoch 037 | Seed 2001 | Rate 0.01 | Train Loss: -10.3401 | Val Loss: 1.2903 | Acc (clean): 0.8960 | Acc (poison): 0.8880 | Val Acc: 0.7937 | Time: 00:00:08
Epoch 038 | Seed 2001 | Rate 0.01 | Train Loss: -10.2679 | Val Loss: 0.9832 | Acc (clean): 0.8906 | Acc (poison): 0.8828 | Val Acc: 0.8219 | Time: 00:00:09
Epoch 039 | Seed 2001 | Rate 0.01 | Train Loss: -10.3602 | Val Loss: 1.2427 | Acc (clean): 0.8953 | Acc (poison): 0.8874 | Val Acc: 0.8181 | Time: 00:00:09
Epoch 040 | Seed 2001 | Rate 0.01 | Train Loss: -10.3181 | Val Loss: 1.4792 | Acc (clean): 0.8933 | Acc (poison): 0.8847 | Val Acc: 0.7585 | Time: 00:00:09
Epoch 041 | Seed 2001 | Rate 0.01 | Train Loss: -10.3945 | Val Loss: 1.1775 | Acc (clean): 0.8965 | Acc (poison): 0.8886 | Val Acc: 0.8004 | Time: 00:00:08
Epoch 042 | Seed 2001 | Rate 0.01 | Train Loss: -10.4891 | Val Loss: 1.1581 | Acc (clean): 0.9006 | Acc (poison): 0.8928 | Val Acc: 0.8081 | Time: 00:00:09
Epoch 043 | Seed 2001 | Rate 0.01 | Train Loss: -10.4703 | Val Loss: 1.0887 | Acc (clean): 0.8985 | Acc (poison): 0.8906 | Val Acc: 0.8074 | Time: 00:00:09
Epoch 044 | Seed 2001 | Rate 0.01 | Train Loss: -10.5087 | Val Loss: 1.7834 | Acc (clean): 0.8988 | Acc (poison): 0.8910 | Val Acc: 0.7426 | Time: 00:00:09
Epoch 045 | Seed 2001 | Rate 0.01 | Train Loss: -10.4564 | Val Loss: 1.4341 | Acc (clean): 0.8951 | Acc (poison): 0.8874 | Val Acc: 0.7507 | Time: 00:00:09
Epoch 046 | Seed 2001 | Rate 0.01 | Train Loss: -10.5459 | Val Loss: 1.1456 | Acc (clean): 0.9011 | Acc (poison): 0.8934 | Val Acc: 0.8022 | Time: 00:00:09
Epoch 047 | Seed 2001 | Rate 0.01 | Train Loss: -10.5315 | Val Loss: 1.1415 | Acc (clean): 0.9005 | Acc (poison): 0.8930 | Val Acc: 0.7915 | Time: 00:00:09
Epoch 048 | Seed 2001 | Rate 0.01 | Train Loss: -10.5794 | Val Loss: 1.6632 | Acc (clean): 0.9020 | Acc (poison): 0.8938 | Val Acc: 0.7693 | Time: 00:00:08
Epoch 049 | Seed 2001 | Rate 0.01 | Train Loss: -10.5233 | Val Loss: 1.2663 | Acc (clean): 0.8975 | Acc (poison): 0.8901 | Val Acc: 0.8048 | Time: 00:00:08
Epoch 050 | Seed 2001 | Rate 0.01 | Train Loss: -10.5745 | Val Loss: 1.1543 | Acc (clean): 0.9015 | Acc (poison): 0.8937 | Val Acc: 0.8211 | Time: 00:00:09
Epoch 051 | Seed 2001 | Rate 0.01 | Train Loss: -11.3142 | Val Loss: 0.4562 | Acc (clean): 0.9440 | Acc (poison): 0.9359 | Val Acc: 0.9107 | Time: 00:00:09
Epoch 052 | Seed 2001 | Rate 0.01 | Train Loss: -11.8115 | Val Loss: 0.4212 | Acc (clean): 0.9598 | Acc (poison): 0.9514 | Val Acc: 0.9148 | Time: 00:00:09
Epoch 053 | Seed 2001 | Rate 0.01 | Train Loss: -12.1916 | Val Loss: 0.4133 | Acc (clean): 0.9657 | Acc (poison): 0.9573 | Val Acc: 0.9170 | Time: 00:00:09
Epoch 054 | Seed 2001 | Rate 0.01 | Train Loss: -12.5329 | Val Loss: 0.4034 | Acc (clean): 0.9673 | Acc (poison): 0.9586 | Val Acc: 0.9204 | Time: 00:00:09
Epoch 055 | Seed 2001 | Rate 0.01 | Train Loss: -12.8506 | Val Loss: 0.3777 | Acc (clean): 0.9693 | Acc (poison): 0.9612 | Val Acc: 0.9267 | Time: 00:00:09
Epoch 056 | Seed 2001 | Rate 0.01 | Train Loss: -13.1392 | Val Loss: 0.3794 | Acc (clean): 0.9716 | Acc (poison): 0.9633 | Val Acc: 0.9248 | Time: 00:00:08
Epoch 057 | Seed 2001 | Rate 0.01 | Train Loss: -13.4162 | Val Loss: 0.3833 | Acc (clean): 0.9747 | Acc (poison): 0.9666 | Val Acc: 0.9252 | Time: 00:00:08
Epoch 058 | Seed 2001 | Rate 0.01 | Train Loss: -13.6613 | Val Loss: 0.3824 | Acc (clean): 0.9756 | Acc (poison): 0.9675 | Val Acc: 0.9267 | Time: 00:00:08
Epoch 059 | Seed 2001 | Rate 0.01 | Train Loss: -13.8687 | Val Loss: 0.3916 | Acc (clean): 0.9771 | Acc (poison): 0.9690 | Val Acc: 0.9285 | Time: 00:00:09
Epoch 060 | Seed 2001 | Rate 0.01 | Train Loss: -14.0684 | Val Loss: 0.3870 | Acc (clean): 0.9778 | Acc (poison): 0.9705 | Val Acc: 0.9281 | Time: 00:00:09
Epoch 061 | Seed 2001 | Rate 0.01 | Train Loss: -14.2296 | Val Loss: 0.3921 | Acc (clean): 0.9799 | Acc (poison): 0.9718 | Val Acc: 0.9278 | Time: 00:00:08
Epoch 062 | Seed 2001 | Rate 0.01 | Train Loss: -14.3810 | Val Loss: 0.3771 | Acc (clean): 0.9807 | Acc (poison): 0.9724 | Val Acc: 0.9341 | Time: 00:00:09
Epoch 063 | Seed 2001 | Rate 0.01 | Train Loss: -14.5058 | Val Loss: 0.3924 | Acc (clean): 0.9807 | Acc (poison): 0.9732 | Val Acc: 0.9304 | Time: 00:00:08
Epoch 064 | Seed 2001 | Rate 0.01 | Train Loss: -14.6247 | Val Loss: 0.4016 | Acc (clean): 0.9820 | Acc (poison): 0.9743 | Val Acc: 0.9322 | Time: 00:00:08
Epoch 065 | Seed 2001 | Rate 0.01 | Train Loss: -14.7277 | Val Loss: 0.4437 | Acc (clean): 0.9840 | Acc (poison): 0.9765 | Val Acc: 0.9237 | Time: 00:00:09
Epoch 066 | Seed 2001 | Rate 0.01 | Train Loss: -14.7974 | Val Loss: 0.4053 | Acc (clean): 0.9840 | Acc (poison): 0.9770 | Val Acc: 0.9289 | Time: 00:00:08
Epoch 067 | Seed 2001 | Rate 0.01 | Train Loss: -14.8968 | Val Loss: 0.3779 | Acc (clean): 0.9867 | Acc (poison): 0.9791 | Val Acc: 0.9330 | Time: 00:00:09
Epoch 068 | Seed 2001 | Rate 0.01 | Train Loss: -14.9457 | Val Loss: 0.4107 | Acc (clean): 0.9856 | Acc (poison): 0.9782 | Val Acc: 0.9278 | Time: 00:00:09
Epoch 069 | Seed 2001 | Rate 0.01 | Train Loss: -14.9964 | Val Loss: 0.4052 | Acc (clean): 0.9869 | Acc (poison): 0.9798 | Val Acc: 0.9274 | Time: 00:00:08
Epoch 070 | Seed 2001 | Rate 0.01 | Train Loss: -15.0410 | Val Loss: 0.4307 | Acc (clean): 0.9871 | Acc (poison): 0.9798 | Val Acc: 0.9241 | Time: 00:00:09
Epoch 071 | Seed 2001 | Rate 0.01 | Train Loss: -15.0945 | Val Loss: 0.4505 | Acc (clean): 0.9874 | Acc (poison): 0.9808 | Val Acc: 0.9248 | Time: 00:00:09
Epoch 072 | Seed 2001 | Rate 0.01 | Train Loss: -15.1339 | Val Loss: 0.4422 | Acc (clean): 0.9894 | Acc (poison): 0.9826 | Val Acc: 0.9315 | Time: 00:00:08
Epoch 073 | Seed 2001 | Rate 0.01 | Train Loss: -15.1701 | Val Loss: 0.4670 | Acc (clean): 0.9880 | Acc (poison): 0.9820 | Val Acc: 0.9267 | Time: 00:00:08
Epoch 074 | Seed 2001 | Rate 0.01 | Train Loss: -15.2071 | Val Loss: 0.4207 | Acc (clean): 0.9893 | Acc (poison): 0.9828 | Val Acc: 0.9267 | Time: 00:00:08
Epoch 075 | Seed 2001 | Rate 0.01 | Train Loss: -15.2272 | Val Loss: 0.4724 | Acc (clean): 0.9899 | Acc (poison): 0.9830 | Val Acc: 0.9274 | Time: 00:00:09
Epoch 076 | Seed 2001 | Rate 0.01 | Train Loss: -15.3105 | Val Loss: 0.4009 | Acc (clean): 0.9909 | Acc (poison): 0.9854 | Val Acc: 0.9344 | Time: 00:00:08
Epoch 077 | Seed 2001 | Rate 0.01 | Train Loss: -15.3823 | Val Loss: 0.3914 | Acc (clean): 0.9917 | Acc (poison): 0.9861 | Val Acc: 0.9352 | Time: 00:00:08
Epoch 078 | Seed 2001 | Rate 0.01 | Train Loss: -15.4346 | Val Loss: 0.3857 | Acc (clean): 0.9923 | Acc (poison): 0.9865 | Val Acc: 0.9341 | Time: 00:00:08
Epoch 079 | Seed 2001 | Rate 0.01 | Train Loss: -15.4951 | Val Loss: 0.3962 | Acc (clean): 0.9931 | Acc (poison): 0.9873 | Val Acc: 0.9341 | Time: 00:00:08
Epoch 080 | Seed 2001 | Rate 0.01 | Train Loss: -15.5376 | Val Loss: 0.3726 | Acc (clean): 0.9927 | Acc (poison): 0.9874 | Val Acc: 0.9389 | Time: 00:00:09
Epoch 081 | Seed 2001 | Rate 0.01 | Train Loss: -15.5755 | Val Loss: 0.3837 | Acc (clean): 0.9930 | Acc (poison): 0.9878 | Val Acc: 0.9363 | Time: 00:00:08
Epoch 082 | Seed 2001 | Rate 0.01 | Train Loss: -15.6032 | Val Loss: 0.3802 | Acc (clean): 0.9931 | Acc (poison): 0.9879 | Val Acc: 0.9374 | Time: 00:00:08
Epoch 083 | Seed 2001 | Rate 0.01 | Train Loss: -15.6385 | Val Loss: 0.3744 | Acc (clean): 0.9934 | Acc (poison): 0.9880 | Val Acc: 0.9370 | Time: 00:00:09
Epoch 084 | Seed 2001 | Rate 0.01 | Train Loss: -15.6619 | Val Loss: 0.3710 | Acc (clean): 0.9937 | Acc (poison): 0.9880 | Val Acc: 0.9393 | Time: 00:00:09
Epoch 085 | Seed 2001 | Rate 0.01 | Train Loss: -15.6830 | Val Loss: 0.3879 | Acc (clean): 0.9937 | Acc (poison): 0.9882 | Val Acc: 0.9352 | Time: 00:00:09
Epoch 086 | Seed 2001 | Rate 0.01 | Train Loss: -15.7099 | Val Loss: 0.3850 | Acc (clean): 0.9937 | Acc (poison): 0.9888 | Val Acc: 0.9348 | Time: 00:00:09
Epoch 087 | Seed 2001 | Rate 0.01 | Train Loss: -15.7190 | Val Loss: 0.3756 | Acc (clean): 0.9933 | Acc (poison): 0.9886 | Val Acc: 0.9356 | Time: 00:00:08
Epoch 088 | Seed 2001 | Rate 0.01 | Train Loss: -15.7374 | Val Loss: 0.3713 | Acc (clean): 0.9941 | Acc (poison): 0.9891 | Val Acc: 0.9389 | Time: 00:00:09
Epoch 089 | Seed 2001 | Rate 0.01 | Train Loss: -15.7522 | Val Loss: 0.3852 | Acc (clean): 0.9936 | Acc (poison): 0.9889 | Val Acc: 0.9367 | Time: 00:00:08
Epoch 090 | Seed 2001 | Rate 0.01 | Train Loss: -15.7548 | Val Loss: 0.3860 | Acc (clean): 0.9930 | Acc (poison): 0.9888 | Val Acc: 0.9363 | Time: 00:00:08
Epoch 091 | Seed 2001 | Rate 0.01 | Train Loss: -15.7717 | Val Loss: 0.3804 | Acc (clean): 0.9937 | Acc (poison): 0.9887 | Val Acc: 0.9367 | Time: 00:00:08
Epoch 092 | Seed 2001 | Rate 0.01 | Train Loss: -15.7786 | Val Loss: 0.3749 | Acc (clean): 0.9941 | Acc (poison): 0.9892 | Val Acc: 0.9374 | Time: 00:00:09
Epoch 093 | Seed 2001 | Rate 0.01 | Train Loss: -15.7842 | Val Loss: 0.3779 | Acc (clean): 0.9937 | Acc (poison): 0.9891 | Val Acc: 0.9356 | Time: 00:00:08
Epoch 094 | Seed 2001 | Rate 0.01 | Train Loss: -15.7859 | Val Loss: 0.3789 | Acc (clean): 0.9941 | Acc (poison): 0.9897 | Val Acc: 0.9363 | Time: 00:00:09
Epoch 095 | Seed 2001 | Rate 0.01 | Train Loss: -15.7982 | Val Loss: 0.3720 | Acc (clean): 0.9942 | Acc (poison): 0.9900 | Val Acc: 0.9359 | Time: 00:00:09
Epoch 096 | Seed 2001 | Rate 0.01 | Train Loss: -15.8016 | Val Loss: 0.3820 | Acc (clean): 0.9941 | Acc (poison): 0.9897 | Val Acc: 0.9348 | Time: 00:00:09
Epoch 097 | Seed 2001 | Rate 0.01 | Train Loss: -15.8133 | Val Loss: 0.3699 | Acc (clean): 0.9940 | Acc (poison): 0.9899 | Val Acc: 0.9359 | Time: 00:00:09
Epoch 098 | Seed 2001 | Rate 0.01 | Train Loss: -15.8187 | Val Loss: 0.3711 | Acc (clean): 0.9942 | Acc (poison): 0.9898 | Val Acc: 0.9378 | Time: 00:00:09
Epoch 099 | Seed 2001 | Rate 0.01 | Train Loss: -15.8220 | Val Loss: 0.3819 | Acc (clean): 0.9942 | Acc (poison): 0.9898 | Val Acc: 0.9348 | Time: 00:00:09
Epoch 100 | Seed 2001 | Rate 0.01 | Train Loss: -15.8337 | Val Loss: 0.3755 | Acc (clean): 0.9947 | Acc (poison): 0.9904 | Val Acc: 0.9367 | Time: 00:00:08

=== defense=elr attack=RQ2 seed=2001 rate=0.02 ===
Loading train data from /home/yazanme/BachelorThesis/BachelorThesis/data/processed/resisc45/train.h5 with mapping /home/yazanme/BachelorThesis/BachelorThesis/data/processed/resisc45/poisoned/RQ2/seed_2001/labels_0.02.pt... (in_memory=True, workers=6)
Testing torch.compile support...
Successfully compiled model using torch.compile.
Epoch 001 | Seed 2001 | Rate 0.02 | Train Loss: 2.5152 | Val Loss: 2.2147 | Acc (clean): 0.2673 | Acc (poison): 0.2656 | Val Acc: 0.3589 | Time: 00:00:10
Epoch 002 | Seed 2001 | Rate 0.02 | Train Loss: 1.3185 | Val Loss: 2.0553 | Acc (clean): 0.4648 | Acc (poison): 0.4588 | Val Acc: 0.4337 | Time: 00:00:09
Epoch 003 | Seed 2001 | Rate 0.02 | Train Loss: 0.6029 | Val Loss: 2.1542 | Acc (clean): 0.5527 | Acc (poison): 0.5449 | Val Acc: 0.4589 | Time: 00:00:09
Epoch 004 | Seed 2001 | Rate 0.02 | Train Loss: -0.0753 | Val Loss: 1.7113 | Acc (clean): 0.6203 | Acc (poison): 0.6118 | Val Acc: 0.5252 | Time: 00:00:09
Epoch 005 | Seed 2001 | Rate 0.02 | Train Loss: -0.7277 | Val Loss: 1.4285 | Acc (clean): 0.6634 | Acc (poison): 0.6549 | Val Acc: 0.6156 | Time: 00:00:09
Epoch 006 | Seed 2001 | Rate 0.02 | Train Loss: -1.3989 | Val Loss: 1.4312 | Acc (clean): 0.7050 | Acc (poison): 0.6954 | Val Acc: 0.6333 | Time: 00:00:09
Epoch 007 | Seed 2001 | Rate 0.02 | Train Loss: -2.0782 | Val Loss: 1.7074 | Acc (clean): 0.7411 | Acc (poison): 0.7298 | Val Acc: 0.6141 | Time: 00:00:08
Epoch 008 | Seed 2001 | Rate 0.02 | Train Loss: -2.7019 | Val Loss: 1.5096 | Acc (clean): 0.7614 | Acc (poison): 0.7498 | Val Acc: 0.6507 | Time: 00:00:08
Epoch 009 | Seed 2001 | Rate 0.02 | Train Loss: -3.3467 | Val Loss: 1.0996 | Acc (clean): 0.7888 | Acc (poison): 0.7762 | Val Acc: 0.7207 | Time: 00:00:09
Epoch 010 | Seed 2001 | Rate 0.02 | Train Loss: -3.9258 | Val Loss: 1.0308 | Acc (clean): 0.7969 | Acc (poison): 0.7847 | Val Acc: 0.7407 | Time: 00:00:09
Epoch 011 | Seed 2001 | Rate 0.02 | Train Loss: -4.5386 | Val Loss: 1.1792 | Acc (clean): 0.8155 | Acc (poison): 0.8023 | Val Acc: 0.7430 | Time: 00:00:08
Epoch 012 | Seed 2001 | Rate 0.02 | Train Loss: -5.0883 | Val Loss: 1.0748 | Acc (clean): 0.8233 | Acc (poison): 0.8093 | Val Acc: 0.7600 | Time: 00:00:08
Epoch 013 | Seed 2001 | Rate 0.02 | Train Loss: -5.6227 | Val Loss: 1.2854 | Acc (clean): 0.8293 | Acc (poison): 0.8159 | Val Acc: 0.7396 | Time: 00:00:08
Epoch 014 | Seed 2001 | Rate 0.02 | Train Loss: -6.1425 | Val Loss: 1.1620 | Acc (clean): 0.8389 | Acc (poison): 0.8252 | Val Acc: 0.7500 | Time: 00:00:08
Epoch 015 | Seed 2001 | Rate 0.02 | Train Loss: -6.5750 | Val Loss: 0.9849 | Acc (clean): 0.8402 | Acc (poison): 0.8264 | Val Acc: 0.7815 | Time: 00:00:09
Epoch 016 | Seed 2001 | Rate 0.02 | Train Loss: -6.9910 | Val Loss: 1.1374 | Acc (clean): 0.8479 | Acc (poison): 0.8346 | Val Acc: 0.7452 | Time: 00:00:08
Epoch 017 | Seed 2001 | Rate 0.02 | Train Loss: -7.3993 | Val Loss: 0.9464 | Acc (clean): 0.8517 | Acc (poison): 0.8381 | Val Acc: 0.7930 | Time: 00:00:09
Epoch 018 | Seed 2001 | Rate 0.02 | Train Loss: -7.7876 | Val Loss: 1.0562 | Acc (clean): 0.8575 | Acc (poison): 0.8433 | Val Acc: 0.7804 | Time: 00:00:08
Epoch 019 | Seed 2001 | Rate 0.02 | Train Loss: -8.0826 | Val Loss: 1.2603 | Acc (clean): 0.8587 | Acc (poison): 0.8445 | Val Acc: 0.7667 | Time: 00:00:08
Epoch 020 | Seed 2001 | Rate 0.02 | Train Loss: -8.3311 | Val Loss: 0.9810 | Acc (clean): 0.8573 | Acc (poison): 0.8432 | Val Acc: 0.8000 | Time: 00:00:09
Epoch 021 | Seed 2001 | Rate 0.02 | Train Loss: -8.6468 | Val Loss: 1.3245 | Acc (clean): 0.8686 | Acc (poison): 0.8544 | Val Acc: 0.7696 | Time: 00:00:08
Epoch 022 | Seed 2001 | Rate 0.02 | Train Loss: -8.8168 | Val Loss: 0.9255 | Acc (clean): 0.8676 | Acc (poison): 0.8533 | Val Acc: 0.8004 | Time: 00:00:09
Epoch 023 | Seed 2001 | Rate 0.02 | Train Loss: -9.0097 | Val Loss: 1.2910 | Acc (clean): 0.8693 | Acc (poison): 0.8556 | Val Acc: 0.7767 | Time: 00:00:08
Epoch 024 | Seed 2001 | Rate 0.02 | Train Loss: -9.2137 | Val Loss: 1.2860 | Acc (clean): 0.8734 | Acc (poison): 0.8593 | Val Acc: 0.7604 | Time: 00:00:09
Epoch 025 | Seed 2001 | Rate 0.02 | Train Loss: -9.3461 | Val Loss: 0.9339 | Acc (clean): 0.8756 | Acc (poison): 0.8612 | Val Acc: 0.8193 | Time: 00:00:09
Epoch 026 | Seed 2001 | Rate 0.02 | Train Loss: -9.4548 | Val Loss: 1.0424 | Acc (clean): 0.8767 | Acc (poison): 0.8619 | Val Acc: 0.8015 | Time: 00:00:08
Epoch 027 | Seed 2001 | Rate 0.02 | Train Loss: -9.6081 | Val Loss: 1.1814 | Acc (clean): 0.8812 | Acc (poison): 0.8664 | Val Acc: 0.7922 | Time: 00:00:09
Epoch 028 | Seed 2001 | Rate 0.02 | Train Loss: -9.7040 | Val Loss: 1.2552 | Acc (clean): 0.8826 | Acc (poison): 0.8679 | Val Acc: 0.7852 | Time: 00:00:08
Epoch 029 | Seed 2001 | Rate 0.02 | Train Loss: -9.7900 | Val Loss: 0.9410 | Acc (clean): 0.8811 | Acc (poison): 0.8670 | Val Acc: 0.8278 | Time: 00:00:09
Epoch 030 | Seed 2001 | Rate 0.02 | Train Loss: -9.8670 | Val Loss: 1.3024 | Acc (clean): 0.8837 | Acc (poison): 0.8695 | Val Acc: 0.7570 | Time: 00:00:09
Epoch 031 | Seed 2001 | Rate 0.02 | Train Loss: -9.9095 | Val Loss: 1.7242 | Acc (clean): 0.8851 | Acc (poison): 0.8701 | Val Acc: 0.7300 | Time: 00:00:08
Epoch 032 | Seed 2001 | Rate 0.02 | Train Loss: -10.0214 | Val Loss: 1.2173 | Acc (clean): 0.8900 | Acc (poison): 0.8747 | Val Acc: 0.7844 | Time: 00:00:08
Epoch 033 | Seed 2001 | Rate 0.02 | Train Loss: -10.0446 | Val Loss: 1.1821 | Acc (clean): 0.8872 | Acc (poison): 0.8731 | Val Acc: 0.8022 | Time: 00:00:08
Epoch 034 | Seed 2001 | Rate 0.02 | Train Loss: -10.0407 | Val Loss: 1.3946 | Acc (clean): 0.8861 | Acc (poison): 0.8716 | Val Acc: 0.7637 | Time: 00:00:09
Epoch 035 | Seed 2001 | Rate 0.02 | Train Loss: -10.1508 | Val Loss: 1.3415 | Acc (clean): 0.8927 | Acc (poison): 0.8777 | Val Acc: 0.7770 | Time: 00:00:09
Epoch 036 | Seed 2001 | Rate 0.02 | Train Loss: -10.1023 | Val Loss: 1.7925 | Acc (clean): 0.8868 | Acc (poison): 0.8725 | Val Acc: 0.7448 | Time: 00:00:09
Epoch 037 | Seed 2001 | Rate 0.02 | Train Loss: -10.2156 | Val Loss: 1.0390 | Acc (clean): 0.8929 | Acc (poison): 0.8784 | Val Acc: 0.8063 | Time: 00:00:09
Epoch 038 | Seed 2001 | Rate 0.02 | Train Loss: -10.2860 | Val Loss: 1.1793 | Acc (clean): 0.8950 | Acc (poison): 0.8809 | Val Acc: 0.8074 | Time: 00:00:08
Epoch 039 | Seed 2001 | Rate 0.02 | Train Loss: -10.2877 | Val Loss: 1.6550 | Acc (clean): 0.8958 | Acc (poison): 0.8809 | Val Acc: 0.7530 | Time: 00:00:08
Epoch 040 | Seed 2001 | Rate 0.02 | Train Loss: -10.3210 | Val Loss: 0.9424 | Acc (clean): 0.8962 | Acc (poison): 0.8822 | Val Acc: 0.8156 | Time: 00:00:09
Epoch 041 | Seed 2001 | Rate 0.02 | Train Loss: -10.2974 | Val Loss: 1.4484 | Acc (clean): 0.8940 | Acc (poison): 0.8792 | Val Acc: 0.7841 | Time: 00:00:09
Epoch 042 | Seed 2001 | Rate 0.02 | Train Loss: -10.3626 | Val Loss: 1.0858 | Acc (clean): 0.8963 | Acc (poison): 0.8807 | Val Acc: 0.8037 | Time: 00:00:08
Epoch 043 | Seed 2001 | Rate 0.02 | Train Loss: -10.4082 | Val Loss: 1.1802 | Acc (clean): 0.8998 | Acc (poison): 0.8848 | Val Acc: 0.7930 | Time: 00:00:09
Epoch 044 | Seed 2001 | Rate 0.02 | Train Loss: -10.4184 | Val Loss: 1.1962 | Acc (clean): 0.8980 | Acc (poison): 0.8838 | Val Acc: 0.7759 | Time: 00:00:08
Epoch 045 | Seed 2001 | Rate 0.02 | Train Loss: -10.3897 | Val Loss: 0.9987 | Acc (clean): 0.8968 | Acc (poison): 0.8821 | Val Acc: 0.8100 | Time: 00:00:08
Epoch 046 | Seed 2001 | Rate 0.02 | Train Loss: -10.4483 | Val Loss: 1.2140 | Acc (clean): 0.8984 | Acc (poison): 0.8834 | Val Acc: 0.7774 | Time: 00:00:08
Epoch 047 | Seed 2001 | Rate 0.02 | Train Loss: -10.4985 | Val Loss: 1.1718 | Acc (clean): 0.9026 | Acc (poison): 0.8886 | Val Acc: 0.7841 | Time: 00:00:08
Epoch 048 | Seed 2001 | Rate 0.02 | Train Loss: -10.3965 | Val Loss: 0.7742 | Acc (clean): 0.8954 | Acc (poison): 0.8809 | Val Acc: 0.8474 | Time: 00:00:09
Epoch 049 | Seed 2001 | Rate 0.02 | Train Loss: -10.5011 | Val Loss: 0.9730 | Acc (clean): 0.9012 | Acc (poison): 0.8870 | Val Acc: 0.8356 | Time: 00:00:08
Epoch 050 | Seed 2001 | Rate 0.02 | Train Loss: -10.5212 | Val Loss: 1.1307 | Acc (clean): 0.9011 | Acc (poison): 0.8868 | Val Acc: 0.7904 | Time: 00:00:09
Epoch 051 | Seed 2001 | Rate 0.02 | Train Loss: -11.2331 | Val Loss: 0.4380 | Acc (clean): 0.9438 | Acc (poison): 0.9284 | Val Acc: 0.9163 | Time: 00:00:09
Epoch 052 | Seed 2001 | Rate 0.02 | Train Loss: -11.7351 | Val Loss: 0.4026 | Acc (clean): 0.9589 | Acc (poison): 0.9428 | Val Acc: 0.9174 | Time: 00:00:09
Epoch 053 | Seed 2001 | Rate 0.02 | Train Loss: -12.1198 | Val Loss: 0.3882 | Acc (clean): 0.9641 | Acc (poison): 0.9480 | Val Acc: 0.9204 | Time: 00:00:09
Epoch 054 | Seed 2001 | Rate 0.02 | Train Loss: -12.4561 | Val Loss: 0.3812 | Acc (clean): 0.9645 | Acc (poison): 0.9488 | Val Acc: 0.9248 | Time: 00:00:09
Epoch 055 | Seed 2001 | Rate 0.02 | Train Loss: -12.7715 | Val Loss: 0.3754 | Acc (clean): 0.9674 | Acc (poison): 0.9516 | Val Acc: 0.9219 | Time: 00:00:09
Epoch 056 | Seed 2001 | Rate 0.02 | Train Loss: -13.0633 | Val Loss: 0.3684 | Acc (clean): 0.9714 | Acc (poison): 0.9555 | Val Acc: 0.9237 | Time: 00:00:09
Epoch 057 | Seed 2001 | Rate 0.02 | Train Loss: -13.3250 | Val Loss: 0.3694 | Acc (clean): 0.9714 | Acc (poison): 0.9563 | Val Acc: 0.9285 | Time: 00:00:08
Epoch 058 | Seed 2001 | Rate 0.02 | Train Loss: -13.5568 | Val Loss: 0.3648 | Acc (clean): 0.9731 | Acc (poison): 0.9580 | Val Acc: 0.9278 | Time: 00:00:09
Epoch 059 | Seed 2001 | Rate 0.02 | Train Loss: -13.7894 | Val Loss: 0.3542 | Acc (clean): 0.9760 | Acc (poison): 0.9611 | Val Acc: 0.9293 | Time: 00:00:09
Epoch 060 | Seed 2001 | Rate 0.02 | Train Loss: -13.9778 | Val Loss: 0.3729 | Acc (clean): 0.9765 | Acc (poison): 0.9614 | Val Acc: 0.9311 | Time: 00:00:09
Epoch 061 | Seed 2001 | Rate 0.02 | Train Loss: -14.1363 | Val Loss: 0.3837 | Acc (clean): 0.9773 | Acc (poison): 0.9622 | Val Acc: 0.9285 | Time: 00:00:09
Epoch 062 | Seed 2001 | Rate 0.02 | Train Loss: -14.2878 | Val Loss: 0.3740 | Acc (clean): 0.9779 | Acc (poison): 0.9633 | Val Acc: 0.9304 | Time: 00:00:08
Epoch 063 | Seed 2001 | Rate 0.02 | Train Loss: -14.4096 | Val Loss: 0.3877 | Acc (clean): 0.9788 | Acc (poison): 0.9640 | Val Acc: 0.9252 | Time: 00:00:08
Epoch 064 | Seed 2001 | Rate 0.02 | Train Loss: -14.5266 | Val Loss: 0.3821 | Acc (clean): 0.9803 | Acc (poison): 0.9658 | Val Acc: 0.9304 | Time: 00:00:08
Epoch 065 | Seed 2001 | Rate 0.02 | Train Loss: -14.6219 | Val Loss: 0.3729 | Acc (clean): 0.9813 | Acc (poison): 0.9670 | Val Acc: 0.9293 | Time: 00:00:09
Epoch 066 | Seed 2001 | Rate 0.02 | Train Loss: -14.7129 | Val Loss: 0.3726 | Acc (clean): 0.9826 | Acc (poison): 0.9686 | Val Acc: 0.9304 | Time: 00:00:08
Epoch 067 | Seed 2001 | Rate 0.02 | Train Loss: -14.7787 | Val Loss: 0.3920 | Acc (clean): 0.9834 | Acc (poison): 0.9697 | Val Acc: 0.9289 | Time: 00:00:09
Epoch 068 | Seed 2001 | Rate 0.02 | Train Loss: -14.8482 | Val Loss: 0.3774 | Acc (clean): 0.9847 | Acc (poison): 0.9706 | Val Acc: 0.9281 | Time: 00:00:08
Epoch 069 | Seed 2001 | Rate 0.02 | Train Loss: -14.8859 | Val Loss: 0.3913 | Acc (clean): 0.9840 | Acc (poison): 0.9707 | Val Acc: 0.9281 | Time: 00:00:09
Epoch 070 | Seed 2001 | Rate 0.02 | Train Loss: -14.9413 | Val Loss: 0.4129 | Acc (clean): 0.9848 | Acc (poison): 0.9716 | Val Acc: 0.9300 | Time: 00:00:09
Epoch 071 | Seed 2001 | Rate 0.02 | Train Loss: -14.9832 | Val Loss: 0.4515 | Acc (clean): 0.9847 | Acc (poison): 0.9723 | Val Acc: 0.9237 | Time: 00:00:09
Epoch 072 | Seed 2001 | Rate 0.02 | Train Loss: -15.0388 | Val Loss: 0.4304 | Acc (clean): 0.9855 | Acc (poison): 0.9732 | Val Acc: 0.9270 | Time: 00:00:08
Epoch 073 | Seed 2001 | Rate 0.02 | Train Loss: -15.0814 | Val Loss: 0.4029 | Acc (clean): 0.9858 | Acc (poison): 0.9742 | Val Acc: 0.9263 | Time: 00:00:08
Epoch 074 | Seed 2001 | Rate 0.02 | Train Loss: -15.1054 | Val Loss: 0.3931 | Acc (clean): 0.9866 | Acc (poison): 0.9743 | Val Acc: 0.9315 | Time: 00:00:09
Epoch 075 | Seed 2001 | Rate 0.02 | Train Loss: -15.1235 | Val Loss: 0.4199 | Acc (clean): 0.9867 | Acc (poison): 0.9750 | Val Acc: 0.9270 | Time: 00:00:09
Epoch 076 | Seed 2001 | Rate 0.02 | Train Loss: -15.2114 | Val Loss: 0.3805 | Acc (clean): 0.9887 | Acc (poison): 0.9773 | Val Acc: 0.9367 | Time: 00:00:08
Epoch 077 | Seed 2001 | Rate 0.02 | Train Loss: -15.2887 | Val Loss: 0.3790 | Acc (clean): 0.9889 | Acc (poison): 0.9777 | Val Acc: 0.9341 | Time: 00:00:08
Epoch 078 | Seed 2001 | Rate 0.02 | Train Loss: -15.3439 | Val Loss: 0.3763 | Acc (clean): 0.9891 | Acc (poison): 0.9787 | Val Acc: 0.9359 | Time: 00:00:08
Epoch 079 | Seed 2001 | Rate 0.02 | Train Loss: -15.4052 | Val Loss: 0.3781 | Acc (clean): 0.9893 | Acc (poison): 0.9786 | Val Acc: 0.9337 | Time: 00:00:08
Epoch 080 | Seed 2001 | Rate 0.02 | Train Loss: -15.4471 | Val Loss: 0.3709 | Acc (clean): 0.9902 | Acc (poison): 0.9789 | Val Acc: 0.9363 | Time: 00:00:09
Epoch 081 | Seed 2001 | Rate 0.02 | Train Loss: -15.4839 | Val Loss: 0.3704 | Acc (clean): 0.9898 | Acc (poison): 0.9794 | Val Acc: 0.9352 | Time: 00:00:09
Epoch 082 | Seed 2001 | Rate 0.02 | Train Loss: -15.5185 | Val Loss: 0.3694 | Acc (clean): 0.9901 | Acc (poison): 0.9795 | Val Acc: 0.9348 | Time: 00:00:09
Epoch 083 | Seed 2001 | Rate 0.02 | Train Loss: -15.5431 | Val Loss: 0.3634 | Acc (clean): 0.9900 | Acc (poison): 0.9795 | Val Acc: 0.9370 | Time: 00:00:08
Epoch 084 | Seed 2001 | Rate 0.02 | Train Loss: -15.5686 | Val Loss: 0.3599 | Acc (clean): 0.9905 | Acc (poison): 0.9802 | Val Acc: 0.9370 | Time: 00:00:08
Epoch 085 | Seed 2001 | Rate 0.02 | Train Loss: -15.5898 | Val Loss: 0.3693 | Acc (clean): 0.9901 | Acc (poison): 0.9800 | Val Acc: 0.9348 | Time: 00:00:09
Epoch 086 | Seed 2001 | Rate 0.02 | Train Loss: -15.6147 | Val Loss: 0.3698 | Acc (clean): 0.9904 | Acc (poison): 0.9807 | Val Acc: 0.9359 | Time: 00:00:08
Epoch 087 | Seed 2001 | Rate 0.02 | Train Loss: -15.6250 | Val Loss: 0.3607 | Acc (clean): 0.9904 | Acc (poison): 0.9800 | Val Acc: 0.9381 | Time: 00:00:09
Epoch 088 | Seed 2001 | Rate 0.02 | Train Loss: -15.6429 | Val Loss: 0.3591 | Acc (clean): 0.9907 | Acc (poison): 0.9807 | Val Acc: 0.9370 | Time: 00:00:08
Epoch 089 | Seed 2001 | Rate 0.02 | Train Loss: -15.6524 | Val Loss: 0.3689 | Acc (clean): 0.9901 | Acc (poison): 0.9809 | Val Acc: 0.9326 | Time: 00:00:09
Epoch 090 | Seed 2001 | Rate 0.02 | Train Loss: -15.6572 | Val Loss: 0.3640 | Acc (clean): 0.9907 | Acc (poison): 0.9807 | Val Acc: 0.9363 | Time: 00:00:09
Epoch 091 | Seed 2001 | Rate 0.02 | Train Loss: -15.6702 | Val Loss: 0.3634 | Acc (clean): 0.9907 | Acc (poison): 0.9809 | Val Acc: 0.9374 | Time: 00:00:08
Epoch 092 | Seed 2001 | Rate 0.02 | Train Loss: -15.6844 | Val Loss: 0.3680 | Acc (clean): 0.9907 | Acc (poison): 0.9813 | Val Acc: 0.9330 | Time: 00:00:08
Epoch 093 | Seed 2001 | Rate 0.02 | Train Loss: -15.6878 | Val Loss: 0.3687 | Acc (clean): 0.9917 | Acc (poison): 0.9813 | Val Acc: 0.9326 | Time: 00:00:09
Epoch 094 | Seed 2001 | Rate 0.02 | Train Loss: -15.6909 | Val Loss: 0.3756 | Acc (clean): 0.9906 | Acc (poison): 0.9814 | Val Acc: 0.9315 | Time: 00:00:09
Epoch 095 | Seed 2001 | Rate 0.02 | Train Loss: -15.7040 | Val Loss: 0.3630 | Acc (clean): 0.9913 | Acc (poison): 0.9817 | Val Acc: 0.9352 | Time: 00:00:09
Epoch 096 | Seed 2001 | Rate 0.02 | Train Loss: -15.7115 | Val Loss: 0.3624 | Acc (clean): 0.9915 | Acc (poison): 0.9817 | Val Acc: 0.9381 | Time: 00:00:09
Epoch 097 | Seed 2001 | Rate 0.02 | Train Loss: -15.7184 | Val Loss: 0.3581 | Acc (clean): 0.9907 | Acc (poison): 0.9814 | Val Acc: 0.9400 | Time: 00:00:09
Epoch 098 | Seed 2001 | Rate 0.02 | Train Loss: -15.7260 | Val Loss: 0.3675 | Acc (clean): 0.9905 | Acc (poison): 0.9821 | Val Acc: 0.9359 | Time: 00:00:09
Epoch 099 | Seed 2001 | Rate 0.02 | Train Loss: -15.7265 | Val Loss: 0.3682 | Acc (clean): 0.9908 | Acc (poison): 0.9822 | Val Acc: 0.9348 | Time: 00:00:09
Epoch 100 | Seed 2001 | Rate 0.02 | Train Loss: -15.7388 | Val Loss: 0.3550 | Acc (clean): 0.9909 | Acc (poison): 0.9823 | Val Acc: 0.9374 | Time: 00:00:09

=== defense=elr attack=RQ2 seed=2001 rate=0.05 ===
Loading train data from /home/yazanme/BachelorThesis/BachelorThesis/data/processed/resisc45/train.h5 with mapping /home/yazanme/BachelorThesis/BachelorThesis/data/processed/resisc45/poisoned/RQ2/seed_2001/labels_0.05.pt... (in_memory=True, workers=6)
Testing torch.compile support...
Successfully compiled model using torch.compile.
Epoch 001 | Seed 2001 | Rate 0.05 | Train Loss: 2.5289 | Val Loss: 2.7222 | Acc (clean): 0.2654 | Acc (poison): 0.2591 | Val Acc: 0.2870 | Time: 00:00:10
Epoch 002 | Seed 2001 | Rate 0.05 | Train Loss: 1.3970 | Val Loss: 1.8810 | Acc (clean): 0.4548 | Acc (poison): 0.4416 | Val Acc: 0.4585 | Time: 00:00:09
Epoch 003 | Seed 2001 | Rate 0.05 | Train Loss: 0.6879 | Val Loss: 1.9219 | Acc (clean): 0.5523 | Acc (poison): 0.5332 | Val Acc: 0.4833 | Time: 00:00:09
Epoch 004 | Seed 2001 | Rate 0.05 | Train Loss: 0.0841 | Val Loss: 1.4414 | Acc (clean): 0.6072 | Acc (poison): 0.5848 | Val Acc: 0.5785 | Time: 00:00:09
Epoch 005 | Seed 2001 | Rate 0.05 | Train Loss: -0.5226 | Val Loss: 1.5215 | Acc (clean): 0.6511 | Acc (poison): 0.6258 | Val Acc: 0.5726 | Time: 00:00:08
Epoch 006 | Seed 2001 | Rate 0.05 | Train Loss: -1.1533 | Val Loss: 1.2186 | Acc (clean): 0.6961 | Acc (poison): 0.6694 | Val Acc: 0.6667 | Time: 00:00:09
Epoch 007 | Seed 2001 | Rate 0.05 | Train Loss: -1.7704 | Val Loss: 1.3407 | Acc (clean): 0.7260 | Acc (poison): 0.6977 | Val Acc: 0.6593 | Time: 00:00:09
Epoch 008 | Seed 2001 | Rate 0.05 | Train Loss: -2.4041 | Val Loss: 1.1999 | Acc (clean): 0.7531 | Acc (poison): 0.7236 | Val Acc: 0.6830 | Time: 00:00:09
Epoch 009 | Seed 2001 | Rate 0.05 | Train Loss: -3.0130 | Val Loss: 1.0878 | Acc (clean): 0.7795 | Acc (poison): 0.7458 | Val Acc: 0.6989 | Time: 00:00:09
Epoch 010 | Seed 2001 | Rate 0.05 | Train Loss: -3.6371 | Val Loss: 1.0189 | Acc (clean): 0.8004 | Acc (poison): 0.7674 | Val Acc: 0.7315 | Time: 00:00:09
Epoch 011 | Seed 2001 | Rate 0.05 | Train Loss: -4.1102 | Val Loss: 1.0391 | Acc (clean): 0.7994 | Acc (poison): 0.7653 | Val Acc: 0.7393 | Time: 00:00:08
Epoch 012 | Seed 2001 | Rate 0.05 | Train Loss: -4.7260 | Val Loss: 1.3479 | Acc (clean): 0.8181 | Acc (poison): 0.7843 | Val Acc: 0.7015 | Time: 00:00:08
Epoch 013 | Seed 2001 | Rate 0.05 | Train Loss: -5.2600 | Val Loss: 1.0595 | Acc (clean): 0.8258 | Acc (poison): 0.7906 | Val Acc: 0.7474 | Time: 00:00:09
Epoch 014 | Seed 2001 | Rate 0.05 | Train Loss: -5.7112 | Val Loss: 1.5210 | Acc (clean): 0.8291 | Acc (poison): 0.7941 | Val Acc: 0.7285 | Time: 00:00:08
Epoch 015 | Seed 2001 | Rate 0.05 | Train Loss: -6.1314 | Val Loss: 1.4508 | Acc (clean): 0.8352 | Acc (poison): 0.7998 | Val Acc: 0.7015 | Time: 00:00:09
Epoch 016 | Seed 2001 | Rate 0.05 | Train Loss: -6.6121 | Val Loss: 1.0533 | Acc (clean): 0.8470 | Acc (poison): 0.8107 | Val Acc: 0.7656 | Time: 00:00:09
Epoch 017 | Seed 2001 | Rate 0.05 | Train Loss: -7.0212 | Val Loss: 0.9273 | Acc (clean): 0.8498 | Acc (poison): 0.8138 | Val Acc: 0.7856 | Time: 00:00:09
Epoch 018 | Seed 2001 | Rate 0.05 | Train Loss: -7.3522 | Val Loss: 0.9930 | Acc (clean): 0.8487 | Acc (poison): 0.8127 | Val Acc: 0.7959 | Time: 00:00:08
Epoch 019 | Seed 2001 | Rate 0.05 | Train Loss: -7.6324 | Val Loss: 1.0222 | Acc (clean): 0.8530 | Acc (poison): 0.8156 | Val Acc: 0.7944 | Time: 00:00:09
Epoch 020 | Seed 2001 | Rate 0.05 | Train Loss: -7.9258 | Val Loss: 0.9067 | Acc (clean): 0.8579 | Acc (poison): 0.8208 | Val Acc: 0.7919 | Time: 00:00:09
Epoch 021 | Seed 2001 | Rate 0.05 | Train Loss: -8.2271 | Val Loss: 1.0180 | Acc (clean): 0.8632 | Acc (poison): 0.8265 | Val Acc: 0.7922 | Time: 00:00:08
Epoch 022 | Seed 2001 | Rate 0.05 | Train Loss: -8.4040 | Val Loss: 1.0329 | Acc (clean): 0.8642 | Acc (poison): 0.8251 | Val Acc: 0.7793 | Time: 00:00:08
Epoch 023 | Seed 2001 | Rate 0.05 | Train Loss: -8.6517 | Val Loss: 1.0271 | Acc (clean): 0.8684 | Acc (poison): 0.8310 | Val Acc: 0.7859 | Time: 00:00:08
Epoch 024 | Seed 2001 | Rate 0.05 | Train Loss: -8.7891 | Val Loss: 0.8544 | Acc (clean): 0.8703 | Acc (poison): 0.8330 | Val Acc: 0.8163 | Time: 00:00:09
Epoch 025 | Seed 2001 | Rate 0.05 | Train Loss: -9.0179 | Val Loss: 1.0579 | Acc (clean): 0.8753 | Acc (poison): 0.8382 | Val Acc: 0.8004 | Time: 00:00:09
Epoch 026 | Seed 2001 | Rate 0.05 | Train Loss: -9.0853 | Val Loss: 0.8515 | Acc (clean): 0.8733 | Acc (poison): 0.8356 | Val Acc: 0.8307 | Time: 00:00:09
Epoch 027 | Seed 2001 | Rate 0.05 | Train Loss: -9.2483 | Val Loss: 1.1313 | Acc (clean): 0.8791 | Acc (poison): 0.8398 | Val Acc: 0.7911 | Time: 00:00:08
Epoch 028 | Seed 2001 | Rate 0.05 | Train Loss: -9.4001 | Val Loss: 1.2637 | Acc (clean): 0.8804 | Acc (poison): 0.8421 | Val Acc: 0.7719 | Time: 00:00:08
Epoch 029 | Seed 2001 | Rate 0.05 | Train Loss: -9.3482 | Val Loss: 1.1724 | Acc (clean): 0.8747 | Acc (poison): 0.8364 | Val Acc: 0.7930 | Time: 00:00:09
Epoch 030 | Seed 2001 | Rate 0.05 | Train Loss: -9.4485 | Val Loss: 0.9977 | Acc (clean): 0.8794 | Acc (poison): 0.8417 | Val Acc: 0.7974 | Time: 00:00:09
Epoch 031 | Seed 2001 | Rate 0.05 | Train Loss: -9.5057 | Val Loss: 0.9208 | Acc (clean): 0.8811 | Acc (poison): 0.8439 | Val Acc: 0.8241 | Time: 00:00:08
Epoch 032 | Seed 2001 | Rate 0.05 | Train Loss: -9.6451 | Val Loss: 1.5587 | Acc (clean): 0.8869 | Acc (poison): 0.8480 | Val Acc: 0.7574 | Time: 00:00:08
Epoch 033 | Seed 2001 | Rate 0.05 | Train Loss: -9.6644 | Val Loss: 1.1090 | Acc (clean): 0.8862 | Acc (poison): 0.8468 | Val Acc: 0.8033 | Time: 00:00:09
Epoch 034 | Seed 2001 | Rate 0.05 | Train Loss: -9.7398 | Val Loss: 1.7817 | Acc (clean): 0.8872 | Acc (poison): 0.8487 | Val Acc: 0.7067 | Time: 00:00:08
Epoch 035 | Seed 2001 | Rate 0.05 | Train Loss: -9.7716 | Val Loss: 1.5846 | Acc (clean): 0.8862 | Acc (poison): 0.8496 | Val Acc: 0.7478 | Time: 00:00:09
Epoch 036 | Seed 2001 | Rate 0.05 | Train Loss: -9.6867 | Val Loss: 1.1518 | Acc (clean): 0.8825 | Acc (poison): 0.8440 | Val Acc: 0.7863 | Time: 00:00:09
Epoch 037 | Seed 2001 | Rate 0.05 | Train Loss: -9.8496 | Val Loss: 0.8720 | Acc (clean): 0.8930 | Acc (poison): 0.8535 | Val Acc: 0.8174 | Time: 00:00:08
Epoch 038 | Seed 2001 | Rate 0.05 | Train Loss: -9.9043 | Val Loss: 1.1050 | Acc (clean): 0.8935 | Acc (poison): 0.8542 | Val Acc: 0.8015 | Time: 00:00:08
Epoch 039 | Seed 2001 | Rate 0.05 | Train Loss: -9.9392 | Val Loss: 1.1023 | Acc (clean): 0.8934 | Acc (poison): 0.8537 | Val Acc: 0.8152 | Time: 00:00:09
Epoch 040 | Seed 2001 | Rate 0.05 | Train Loss: -9.9306 | Val Loss: 1.2421 | Acc (clean): 0.8899 | Acc (poison): 0.8517 | Val Acc: 0.7833 | Time: 00:00:09
Epoch 041 | Seed 2001 | Rate 0.05 | Train Loss: -9.8808 | Val Loss: 1.3823 | Acc (clean): 0.8890 | Acc (poison): 0.8502 | Val Acc: 0.7600 | Time: 00:00:08
Epoch 042 | Seed 2001 | Rate 0.05 | Train Loss: -10.0048 | Val Loss: 0.9669 | Acc (clean): 0.8961 | Acc (poison): 0.8574 | Val Acc: 0.8159 | Time: 00:00:08
Epoch 043 | Seed 2001 | Rate 0.05 | Train Loss: -10.0827 | Val Loss: 1.3148 | Acc (clean): 0.8998 | Acc (poison): 0.8607 | Val Acc: 0.7778 | Time: 00:00:08
Epoch 044 | Seed 2001 | Rate 0.05 | Train Loss: -10.0553 | Val Loss: 1.1557 | Acc (clean): 0.8955 | Acc (poison): 0.8560 | Val Acc: 0.8122 | Time: 00:00:09
Epoch 045 | Seed 2001 | Rate 0.05 | Train Loss: -10.1124 | Val Loss: 0.9706 | Acc (clean): 0.8977 | Acc (poison): 0.8595 | Val Acc: 0.8333 | Time: 00:00:08
Epoch 046 | Seed 2001 | Rate 0.05 | Train Loss: -10.0855 | Val Loss: 0.8430 | Acc (clean): 0.8958 | Acc (poison): 0.8570 | Val Acc: 0.8404 | Time: 00:00:09
Epoch 047 | Seed 2001 | Rate 0.05 | Train Loss: -10.1595 | Val Loss: 1.1484 | Acc (clean): 0.9005 | Acc (poison): 0.8625 | Val Acc: 0.7893 | Time: 00:00:09
Epoch 048 | Seed 2001 | Rate 0.05 | Train Loss: -10.1530 | Val Loss: 1.1201 | Acc (clean): 0.8983 | Acc (poison): 0.8600 | Val Acc: 0.8015 | Time: 00:00:08
Epoch 049 | Seed 2001 | Rate 0.05 | Train Loss: -10.2000 | Val Loss: 1.2610 | Acc (clean): 0.9019 | Acc (poison): 0.8630 | Val Acc: 0.7867 | Time: 00:00:08
Epoch 050 | Seed 2001 | Rate 0.05 | Train Loss: -10.1919 | Val Loss: 1.2593 | Acc (clean): 0.9007 | Acc (poison): 0.8611 | Val Acc: 0.7826 | Time: 00:00:09
Epoch 051 | Seed 2001 | Rate 0.05 | Train Loss: -10.8890 | Val Loss: 0.4340 | Acc (clean): 0.9395 | Acc (poison): 0.8983 | Val Acc: 0.9144 | Time: 00:00:09
Epoch 052 | Seed 2001 | Rate 0.05 | Train Loss: -11.3936 | Val Loss: 0.4033 | Acc (clean): 0.9538 | Acc (poison): 0.9125 | Val Acc: 0.9178 | Time: 00:00:09
Epoch 053 | Seed 2001 | Rate 0.05 | Train Loss: -11.7745 | Val Loss: 0.3944 | Acc (clean): 0.9588 | Acc (poison): 0.9170 | Val Acc: 0.9148 | Time: 00:00:09
Epoch 054 | Seed 2001 | Rate 0.05 | Train Loss: -12.1130 | Val Loss: 0.3865 | Acc (clean): 0.9626 | Acc (poison): 0.9209 | Val Acc: 0.9207 | Time: 00:00:09
Epoch 055 | Seed 2001 | Rate 0.05 | Train Loss: -12.4181 | Val Loss: 0.3825 | Acc (clean): 0.9635 | Acc (poison): 0.9222 | Val Acc: 0.9204 | Time: 00:00:09
Epoch 056 | Seed 2001 | Rate 0.05 | Train Loss: -12.7039 | Val Loss: 0.3768 | Acc (clean): 0.9671 | Acc (poison): 0.9259 | Val Acc: 0.9252 | Time: 00:00:09
Epoch 057 | Seed 2001 | Rate 0.05 | Train Loss: -12.9842 | Val Loss: 0.3942 | Acc (clean): 0.9696 | Acc (poison): 0.9279 | Val Acc: 0.9215 | Time: 00:00:09
Epoch 058 | Seed 2001 | Rate 0.05 | Train Loss: -13.2127 | Val Loss: 0.3886 | Acc (clean): 0.9700 | Acc (poison): 0.9292 | Val Acc: 0.9230 | Time: 00:00:09
Epoch 059 | Seed 2001 | Rate 0.05 | Train Loss: -13.4319 | Val Loss: 0.3750 | Acc (clean): 0.9718 | Acc (poison): 0.9301 | Val Acc: 0.9244 | Time: 00:00:09
Epoch 060 | Seed 2001 | Rate 0.05 | Train Loss: -13.6276 | Val Loss: 0.4125 | Acc (clean): 0.9728 | Acc (poison): 0.9310 | Val Acc: 0.9222 | Time: 00:00:09
Epoch 061 | Seed 2001 | Rate 0.05 | Train Loss: -13.7960 | Val Loss: 0.3865 | Acc (clean): 0.9747 | Acc (poison): 0.9337 | Val Acc: 0.9252 | Time: 00:00:08
Epoch 062 | Seed 2001 | Rate 0.05 | Train Loss: -13.9467 | Val Loss: 0.3801 | Acc (clean): 0.9758 | Acc (poison): 0.9344 | Val Acc: 0.9293 | Time: 00:00:09
Epoch 063 | Seed 2001 | Rate 0.05 | Train Loss: -14.0701 | Val Loss: 0.3800 | Acc (clean): 0.9765 | Acc (poison): 0.9357 | Val Acc: 0.9230 | Time: 00:00:08
Epoch 064 | Seed 2001 | Rate 0.05 | Train Loss: -14.1894 | Val Loss: 0.3866 | Acc (clean): 0.9781 | Acc (poison): 0.9375 | Val Acc: 0.9244 | Time: 00:00:09
Epoch 065 | Seed 2001 | Rate 0.05 | Train Loss: -14.2766 | Val Loss: 0.3927 | Acc (clean): 0.9785 | Acc (poison): 0.9381 | Val Acc: 0.9241 | Time: 00:00:09
Epoch 066 | Seed 2001 | Rate 0.05 | Train Loss: -14.3618 | Val Loss: 0.4134 | Acc (clean): 0.9788 | Acc (poison): 0.9390 | Val Acc: 0.9233 | Time: 00:00:09
Epoch 067 | Seed 2001 | Rate 0.05 | Train Loss: -14.4616 | Val Loss: 0.4257 | Acc (clean): 0.9806 | Acc (poison): 0.9416 | Val Acc: 0.9263 | Time: 00:00:08
Epoch 068 | Seed 2001 | Rate 0.05 | Train Loss: -14.5201 | Val Loss: 0.4023 | Acc (clean): 0.9802 | Acc (poison): 0.9412 | Val Acc: 0.9300 | Time: 00:00:08
Epoch 069 | Seed 2001 | Rate 0.05 | Train Loss: -14.5637 | Val Loss: 0.4110 | Acc (clean): 0.9805 | Acc (poison): 0.9420 | Val Acc: 0.9259 | Time: 00:00:08
Epoch 070 | Seed 2001 | Rate 0.05 | Train Loss: -14.6137 | Val Loss: 0.4500 | Acc (clean): 0.9819 | Acc (poison): 0.9439 | Val Acc: 0.9200 | Time: 00:00:09
Epoch 071 | Seed 2001 | Rate 0.05 | Train Loss: -14.6592 | Val Loss: 0.4540 | Acc (clean): 0.9822 | Acc (poison): 0.9454 | Val Acc: 0.9215 | Time: 00:00:09
Epoch 072 | Seed 2001 | Rate 0.05 | Train Loss: -14.7136 | Val Loss: 0.4423 | Acc (clean): 0.9828 | Acc (poison): 0.9451 | Val Acc: 0.9196 | Time: 00:00:08
Epoch 073 | Seed 2001 | Rate 0.05 | Train Loss: -14.7504 | Val Loss: 0.4240 | Acc (clean): 0.9841 | Acc (poison): 0.9466 | Val Acc: 0.9230 | Time: 00:00:08
Epoch 074 | Seed 2001 | Rate 0.05 | Train Loss: -14.7753 | Val Loss: 0.4125 | Acc (clean): 0.9827 | Acc (poison): 0.9470 | Val Acc: 0.9285 | Time: 00:00:08
Epoch 075 | Seed 2001 | Rate 0.05 | Train Loss: -14.8001 | Val Loss: 0.4495 | Acc (clean): 0.9831 | Acc (poison): 0.9481 | Val Acc: 0.9267 | Time: 00:00:09
Epoch 076 | Seed 2001 | Rate 0.05 | Train Loss: -14.8844 | Val Loss: 0.3995 | Acc (clean): 0.9849 | Acc (poison): 0.9500 | Val Acc: 0.9319 | Time: 00:00:08
Epoch 077 | Seed 2001 | Rate 0.05 | Train Loss: -14.9863 | Val Loss: 0.3976 | Acc (clean): 0.9860 | Acc (poison): 0.9512 | Val Acc: 0.9333 | Time: 00:00:08
Epoch 078 | Seed 2001 | Rate 0.05 | Train Loss: -15.0481 | Val Loss: 0.3958 | Acc (clean): 0.9855 | Acc (poison): 0.9516 | Val Acc: 0.9300 | Time: 00:00:08
Epoch 079 | Seed 2001 | Rate 0.05 | Train Loss: -15.1034 | Val Loss: 0.3904 | Acc (clean): 0.9859 | Acc (poison): 0.9514 | Val Acc: 0.9344 | Time: 00:00:09
Epoch 080 | Seed 2001 | Rate 0.05 | Train Loss: -15.1466 | Val Loss: 0.3850 | Acc (clean): 0.9859 | Acc (poison): 0.9524 | Val Acc: 0.9315 | Time: 00:00:09
Epoch 081 | Seed 2001 | Rate 0.05 | Train Loss: -15.1890 | Val Loss: 0.3886 | Acc (clean): 0.9858 | Acc (poison): 0.9528 | Val Acc: 0.9307 | Time: 00:00:08
Epoch 082 | Seed 2001 | Rate 0.05 | Train Loss: -15.2113 | Val Loss: 0.3802 | Acc (clean): 0.9861 | Acc (poison): 0.9530 | Val Acc: 0.9326 | Time: 00:00:09
Epoch 083 | Seed 2001 | Rate 0.05 | Train Loss: -15.2454 | Val Loss: 0.3826 | Acc (clean): 0.9856 | Acc (poison): 0.9534 | Val Acc: 0.9315 | Time: 00:00:08
Epoch 084 | Seed 2001 | Rate 0.05 | Train Loss: -15.2715 | Val Loss: 0.3837 | Acc (clean): 0.9867 | Acc (poison): 0.9537 | Val Acc: 0.9352 | Time: 00:00:08
Epoch 085 | Seed 2001 | Rate 0.05 | Train Loss: -15.2863 | Val Loss: 0.3900 | Acc (clean): 0.9860 | Acc (poison): 0.9538 | Val Acc: 0.9300 | Time: 00:00:09
Epoch 086 | Seed 2001 | Rate 0.05 | Train Loss: -15.3135 | Val Loss: 0.3944 | Acc (clean): 0.9862 | Acc (poison): 0.9540 | Val Acc: 0.9337 | Time: 00:00:09
Epoch 087 | Seed 2001 | Rate 0.05 | Train Loss: -15.3308 | Val Loss: 0.3838 | Acc (clean): 0.9864 | Acc (poison): 0.9542 | Val Acc: 0.9337 | Time: 00:00:08
Epoch 088 | Seed 2001 | Rate 0.05 | Train Loss: -15.3500 | Val Loss: 0.3801 | Acc (clean): 0.9863 | Acc (poison): 0.9547 | Val Acc: 0.9315 | Time: 00:00:09
Epoch 089 | Seed 2001 | Rate 0.05 | Train Loss: -15.3562 | Val Loss: 0.3822 | Acc (clean): 0.9866 | Acc (poison): 0.9549 | Val Acc: 0.9322 | Time: 00:00:08
Epoch 090 | Seed 2001 | Rate 0.05 | Train Loss: -15.3709 | Val Loss: 0.3830 | Acc (clean): 0.9866 | Acc (poison): 0.9544 | Val Acc: 0.9326 | Time: 00:00:09
Epoch 091 | Seed 2001 | Rate 0.05 | Train Loss: -15.3803 | Val Loss: 0.3842 | Acc (clean): 0.9861 | Acc (poison): 0.9542 | Val Acc: 0.9322 | Time: 00:00:09
Epoch 092 | Seed 2001 | Rate 0.05 | Train Loss: -15.3903 | Val Loss: 0.3921 | Acc (clean): 0.9862 | Acc (poison): 0.9549 | Val Acc: 0.9307 | Time: 00:00:09
Epoch 093 | Seed 2001 | Rate 0.05 | Train Loss: -15.3965 | Val Loss: 0.3881 | Acc (clean): 0.9862 | Acc (poison): 0.9557 | Val Acc: 0.9307 | Time: 00:00:09
Epoch 094 | Seed 2001 | Rate 0.05 | Train Loss: -15.4118 | Val Loss: 0.3900 | Acc (clean): 0.9864 | Acc (poison): 0.9559 | Val Acc: 0.9319 | Time: 00:00:09
Epoch 095 | Seed 2001 | Rate 0.05 | Train Loss: -15.4165 | Val Loss: 0.3923 | Acc (clean): 0.9865 | Acc (poison): 0.9552 | Val Acc: 0.9311 | Time: 00:00:09
Epoch 096 | Seed 2001 | Rate 0.05 | Train Loss: -15.4225 | Val Loss: 0.3985 | Acc (clean): 0.9862 | Acc (poison): 0.9569 | Val Acc: 0.9322 | Time: 00:00:09
Epoch 097 | Seed 2001 | Rate 0.05 | Train Loss: -15.4373 | Val Loss: 0.3822 | Acc (clean): 0.9869 | Acc (poison): 0.9559 | Val Acc: 0.9341 | Time: 00:00:09
Epoch 098 | Seed 2001 | Rate 0.05 | Train Loss: -15.4425 | Val Loss: 0.3821 | Acc (clean): 0.9865 | Acc (poison): 0.9563 | Val Acc: 0.9319 | Time: 00:00:09
Epoch 099 | Seed 2001 | Rate 0.05 | Train Loss: -15.4439 | Val Loss: 0.3932 | Acc (clean): 0.9866 | Acc (poison): 0.9567 | Val Acc: 0.9300 | Time: 00:00:09
Epoch 100 | Seed 2001 | Rate 0.05 | Train Loss: -15.4531 | Val Loss: 0.3856 | Acc (clean): 0.9869 | Acc (poison): 0.9564 | Val Acc: 0.9333 | Time: 00:00:09

=== defense=elr attack=RQ2 seed=2001 rate=0.1 ===
Loading train data from /home/yazanme/BachelorThesis/BachelorThesis/data/processed/resisc45/train.h5 with mapping /home/yazanme/BachelorThesis/BachelorThesis/data/processed/resisc45/poisoned/RQ2/seed_2001/labels_0.10.pt... (in_memory=True, workers=6)
Testing torch.compile support...
Successfully compiled model using torch.compile.
Epoch 001 | Seed 2001 | Rate 0.10 | Train Loss: 2.5432 | Val Loss: 2.6372 | Acc (clean): 0.2666 | Acc (poison): 0.2550 | Val Acc: 0.2974 | Time: 00:00:10
Epoch 002 | Seed 2001 | Rate 0.10 | Train Loss: 1.4463 | Val Loss: 2.0502 | Acc (clean): 0.4532 | Acc (poison): 0.4274 | Val Acc: 0.4274 | Time: 00:00:09
Epoch 003 | Seed 2001 | Rate 0.10 | Train Loss: 0.7746 | Val Loss: 1.8026 | Acc (clean): 0.5449 | Acc (poison): 0.5098 | Val Acc: 0.4993 | Time: 00:00:09
Epoch 004 | Seed 2001 | Rate 0.10 | Train Loss: 0.1514 | Val Loss: 2.2432 | Acc (clean): 0.6143 | Acc (poison): 0.5711 | Val Acc: 0.4478 | Time: 00:00:08
Epoch 005 | Seed 2001 | Rate 0.10 | Train Loss: -0.4703 | Val Loss: 1.4621 | Acc (clean): 0.6622 | Acc (poison): 0.6149 | Val Acc: 0.5948 | Time: 00:00:09
Epoch 006 | Seed 2001 | Rate 0.10 | Train Loss: -1.0866 | Val Loss: 1.1448 | Acc (clean): 0.7082 | Acc (poison): 0.6546 | Val Acc: 0.6793 | Time: 00:00:09
Epoch 007 | Seed 2001 | Rate 0.10 | Train Loss: -1.7275 | Val Loss: 1.3023 | Acc (clean): 0.7411 | Acc (poison): 0.6833 | Val Acc: 0.6622 | Time: 00:00:09
Epoch 008 | Seed 2001 | Rate 0.10 | Train Loss: -2.3098 | Val Loss: 1.0776 | Acc (clean): 0.7652 | Acc (poison): 0.7055 | Val Acc: 0.7159 | Time: 00:00:09
Epoch 009 | Seed 2001 | Rate 0.10 | Train Loss: -2.8999 | Val Loss: 1.0608 | Acc (clean): 0.7852 | Acc (poison): 0.7241 | Val Acc: 0.7119 | Time: 00:00:09
Epoch 010 | Seed 2001 | Rate 0.10 | Train Loss: -3.4330 | Val Loss: 1.1027 | Acc (clean): 0.7978 | Acc (poison): 0.7335 | Val Acc: 0.7300 | Time: 00:00:08
Epoch 011 | Seed 2001 | Rate 0.10 | Train Loss: -3.9699 | Val Loss: 1.2935 | Acc (clean): 0.8074 | Acc (poison): 0.7413 | Val Acc: 0.7104 | Time: 00:00:08
Epoch 012 | Seed 2001 | Rate 0.10 | Train Loss: -4.4698 | Val Loss: 1.1005 | Acc (clean): 0.8121 | Acc (poison): 0.7481 | Val Acc: 0.7385 | Time: 00:00:09
Epoch 013 | Seed 2001 | Rate 0.10 | Train Loss: -4.9676 | Val Loss: 1.1234 | Acc (clean): 0.8233 | Acc (poison): 0.7562 | Val Acc: 0.7585 | Time: 00:00:08
Epoch 014 | Seed 2001 | Rate 0.10 | Train Loss: -5.4673 | Val Loss: 1.0452 | Acc (clean): 0.8328 | Acc (poison): 0.7645 | Val Acc: 0.7567 | Time: 00:00:09
Epoch 015 | Seed 2001 | Rate 0.10 | Train Loss: -5.8244 | Val Loss: 0.9012 | Acc (clean): 0.8303 | Acc (poison): 0.7605 | Val Acc: 0.7915 | Time: 00:00:09
Epoch 016 | Seed 2001 | Rate 0.10 | Train Loss: -6.2646 | Val Loss: 0.8841 | Acc (clean): 0.8385 | Acc (poison): 0.7687 | Val Acc: 0.7748 | Time: 00:00:09
Epoch 017 | Seed 2001 | Rate 0.10 | Train Loss: -6.6596 | Val Loss: 1.0300 | Acc (clean): 0.8456 | Acc (poison): 0.7741 | Val Acc: 0.7737 | Time: 00:00:08
Epoch 018 | Seed 2001 | Rate 0.10 | Train Loss: -7.0326 | Val Loss: 0.9255 | Acc (clean): 0.8504 | Acc (poison): 0.7802 | Val Acc: 0.7915 | Time: 00:00:08
Epoch 019 | Seed 2001 | Rate 0.10 | Train Loss: -7.3009 | Val Loss: 0.8440 | Acc (clean): 0.8517 | Acc (poison): 0.7807 | Val Acc: 0.8181 | Time: 00:00:09
Epoch 020 | Seed 2001 | Rate 0.10 | Train Loss: -7.5923 | Val Loss: 1.4622 | Acc (clean): 0.8557 | Acc (poison): 0.7849 | Val Acc: 0.7059 | Time: 00:00:08
Epoch 021 | Seed 2001 | Rate 0.10 | Train Loss: -7.8145 | Val Loss: 0.8493 | Acc (clean): 0.8588 | Acc (poison): 0.7872 | Val Acc: 0.8033 | Time: 00:00:08
Epoch 022 | Seed 2001 | Rate 0.10 | Train Loss: -7.9784 | Val Loss: 0.8669 | Acc (clean): 0.8614 | Acc (poison): 0.7882 | Val Acc: 0.8096 | Time: 00:00:08
Epoch 023 | Seed 2001 | Rate 0.10 | Train Loss: -8.2493 | Val Loss: 0.9415 | Acc (clean): 0.8656 | Acc (poison): 0.7930 | Val Acc: 0.7952 | Time: 00:00:08
Epoch 024 | Seed 2001 | Rate 0.10 | Train Loss: -8.4214 | Val Loss: 0.9438 | Acc (clean): 0.8710 | Acc (poison): 0.7973 | Val Acc: 0.8133 | Time: 00:00:08
Epoch 025 | Seed 2001 | Rate 0.10 | Train Loss: -8.5393 | Val Loss: 1.2099 | Acc (clean): 0.8703 | Acc (poison): 0.7963 | Val Acc: 0.7689 | Time: 00:00:08
Epoch 026 | Seed 2001 | Rate 0.10 | Train Loss: -8.6598 | Val Loss: 1.0358 | Acc (clean): 0.8688 | Acc (poison): 0.7958 | Val Acc: 0.7833 | Time: 00:00:08
Epoch 027 | Seed 2001 | Rate 0.10 | Train Loss: -8.7915 | Val Loss: 1.2557 | Acc (clean): 0.8729 | Acc (poison): 0.7991 | Val Acc: 0.7844 | Time: 00:00:09
Epoch 028 | Seed 2001 | Rate 0.10 | Train Loss: -8.9054 | Val Loss: 1.1412 | Acc (clean): 0.8732 | Acc (poison): 0.8002 | Val Acc: 0.7878 | Time: 00:00:08
Epoch 029 | Seed 2001 | Rate 0.10 | Train Loss: -9.0214 | Val Loss: 1.1437 | Acc (clean): 0.8752 | Acc (poison): 0.8023 | Val Acc: 0.7841 | Time: 00:00:09
Epoch 030 | Seed 2001 | Rate 0.10 | Train Loss: -9.0350 | Val Loss: 0.9898 | Acc (clean): 0.8749 | Acc (poison): 0.8014 | Val Acc: 0.7959 | Time: 00:00:09
Epoch 031 | Seed 2001 | Rate 0.10 | Train Loss: -9.1503 | Val Loss: 0.9192 | Acc (clean): 0.8790 | Acc (poison): 0.8048 | Val Acc: 0.8126 | Time: 00:00:08
Epoch 032 | Seed 2001 | Rate 0.10 | Train Loss: -9.2337 | Val Loss: 0.8973 | Acc (clean): 0.8825 | Acc (poison): 0.8072 | Val Acc: 0.8267 | Time: 00:00:09
Epoch 033 | Seed 2001 | Rate 0.10 | Train Loss: -9.1915 | Val Loss: 0.8813 | Acc (clean): 0.8769 | Acc (poison): 0.8030 | Val Acc: 0.8252 | Time: 00:00:08
Epoch 034 | Seed 2001 | Rate 0.10 | Train Loss: -9.2028 | Val Loss: 1.9009 | Acc (clean): 0.8783 | Acc (poison): 0.8049 | Val Acc: 0.6856 | Time: 00:00:09
Epoch 035 | Seed 2001 | Rate 0.10 | Train Loss: -9.3409 | Val Loss: 1.5513 | Acc (clean): 0.8855 | Acc (poison): 0.8108 | Val Acc: 0.7407 | Time: 00:00:09
Epoch 036 | Seed 2001 | Rate 0.10 | Train Loss: -9.3635 | Val Loss: 0.9812 | Acc (clean): 0.8841 | Acc (poison): 0.8091 | Val Acc: 0.8178 | Time: 00:00:09
Epoch 037 | Seed 2001 | Rate 0.10 | Train Loss: -9.4831 | Val Loss: 0.9841 | Acc (clean): 0.8882 | Acc (poison): 0.8137 | Val Acc: 0.8141 | Time: 00:00:09
Epoch 038 | Seed 2001 | Rate 0.10 | Train Loss: -9.5201 | Val Loss: 0.8307 | Acc (clean): 0.8889 | Acc (poison): 0.8143 | Val Acc: 0.8367 | Time: 00:00:09
Epoch 039 | Seed 2001 | Rate 0.10 | Train Loss: -9.5330 | Val Loss: 1.1395 | Acc (clean): 0.8879 | Acc (poison): 0.8143 | Val Acc: 0.7893 | Time: 00:00:09
Epoch 040 | Seed 2001 | Rate 0.10 | Train Loss: -9.5604 | Val Loss: 1.2234 | Acc (clean): 0.8857 | Acc (poison): 0.8130 | Val Acc: 0.7722 | Time: 00:00:09
Epoch 041 | Seed 2001 | Rate 0.10 | Train Loss: -9.5472 | Val Loss: 0.8574 | Acc (clean): 0.8863 | Acc (poison): 0.8114 | Val Acc: 0.8341 | Time: 00:00:08
Epoch 042 | Seed 2001 | Rate 0.10 | Train Loss: -9.5889 | Val Loss: 0.8696 | Acc (clean): 0.8902 | Acc (poison): 0.8145 | Val Acc: 0.8211 | Time: 00:00:09
Epoch 043 | Seed 2001 | Rate 0.10 | Train Loss: -9.6776 | Val Loss: 1.0908 | Acc (clean): 0.8951 | Acc (poison): 0.8197 | Val Acc: 0.8026 | Time: 00:00:08
Epoch 044 | Seed 2001 | Rate 0.10 | Train Loss: -9.7164 | Val Loss: 1.3049 | Acc (clean): 0.8931 | Acc (poison): 0.8185 | Val Acc: 0.7733 | Time: 00:00:09
Epoch 045 | Seed 2001 | Rate 0.10 | Train Loss: -9.6141 | Val Loss: 1.2644 | Acc (clean): 0.8867 | Acc (poison): 0.8133 | Val Acc: 0.7781 | Time: 00:00:09
Epoch 046 | Seed 2001 | Rate 0.10 | Train Loss: -9.6327 | Val Loss: 0.9088 | Acc (clean): 0.8898 | Acc (poison): 0.8145 | Val Acc: 0.8241 | Time: 00:00:09
Epoch 047 | Seed 2001 | Rate 0.10 | Train Loss: -9.7145 | Val Loss: 0.8323 | Acc (clean): 0.8946 | Acc (poison): 0.8192 | Val Acc: 0.8426 | Time: 00:00:08
Epoch 048 | Seed 2001 | Rate 0.10 | Train Loss: -9.7056 | Val Loss: 0.8940 | Acc (clean): 0.8933 | Acc (poison): 0.8178 | Val Acc: 0.8219 | Time: 00:00:09
Epoch 049 | Seed 2001 | Rate 0.10 | Train Loss: -9.7746 | Val Loss: 1.0504 | Acc (clean): 0.8984 | Acc (poison): 0.8225 | Val Acc: 0.8100 | Time: 00:00:08
Epoch 050 | Seed 2001 | Rate 0.10 | Train Loss: -9.7968 | Val Loss: 0.8986 | Acc (clean): 0.8973 | Acc (poison): 0.8219 | Val Acc: 0.8311 | Time: 00:00:09
Epoch 051 | Seed 2001 | Rate 0.10 | Train Loss: -10.5079 | Val Loss: 0.4161 | Acc (clean): 0.9342 | Acc (poison): 0.8539 | Val Acc: 0.9074 | Time: 00:00:09
Epoch 052 | Seed 2001 | Rate 0.10 | Train Loss: -10.9767 | Val Loss: 0.3828 | Acc (clean): 0.9474 | Acc (poison): 0.8670 | Val Acc: 0.9189 | Time: 00:00:09
Epoch 053 | Seed 2001 | Rate 0.10 | Train Loss: -11.3520 | Val Loss: 0.3888 | Acc (clean): 0.9513 | Acc (poison): 0.8705 | Val Acc: 0.9119 | Time: 00:00:08
Epoch 054 | Seed 2001 | Rate 0.10 | Train Loss: -11.6817 | Val Loss: 0.3841 | Acc (clean): 0.9545 | Acc (poison): 0.8734 | Val Acc: 0.9170 | Time: 00:00:09
Epoch 055 | Seed 2001 | Rate 0.10 | Train Loss: -11.9837 | Val Loss: 0.3600 | Acc (clean): 0.9581 | Acc (poison): 0.8756 | Val Acc: 0.9237 | Time: 00:00:09
Epoch 056 | Seed 2001 | Rate 0.10 | Train Loss: -12.2573 | Val Loss: 0.3628 | Acc (clean): 0.9599 | Acc (poison): 0.8784 | Val Acc: 0.9270 | Time: 00:00:08
Epoch 057 | Seed 2001 | Rate 0.10 | Train Loss: -12.5239 | Val Loss: 0.3704 | Acc (clean): 0.9615 | Acc (poison): 0.8806 | Val Acc: 0.9241 | Time: 00:00:09
Epoch 058 | Seed 2001 | Rate 0.10 | Train Loss: -12.7501 | Val Loss: 0.3818 | Acc (clean): 0.9630 | Acc (poison): 0.8814 | Val Acc: 0.9219 | Time: 00:00:08
Epoch 059 | Seed 2001 | Rate 0.10 | Train Loss: -12.9630 | Val Loss: 0.3766 | Acc (clean): 0.9652 | Acc (poison): 0.8843 | Val Acc: 0.9230 | Time: 00:00:08
Epoch 060 | Seed 2001 | Rate 0.10 | Train Loss: -13.1392 | Val Loss: 0.3845 | Acc (clean): 0.9655 | Acc (poison): 0.8856 | Val Acc: 0.9285 | Time: 00:00:09
Epoch 061 | Seed 2001 | Rate 0.10 | Train Loss: -13.3042 | Val Loss: 0.3844 | Acc (clean): 0.9672 | Acc (poison): 0.8879 | Val Acc: 0.9281 | Time: 00:00:08
Epoch 062 | Seed 2001 | Rate 0.10 | Train Loss: -13.4441 | Val Loss: 0.3741 | Acc (clean): 0.9682 | Acc (poison): 0.8881 | Val Acc: 0.9289 | Time: 00:00:09
Epoch 063 | Seed 2001 | Rate 0.10 | Train Loss: -13.5696 | Val Loss: 0.4002 | Acc (clean): 0.9696 | Acc (poison): 0.8907 | Val Acc: 0.9207 | Time: 00:00:09
Epoch 064 | Seed 2001 | Rate 0.10 | Train Loss: -13.6807 | Val Loss: 0.3766 | Acc (clean): 0.9705 | Acc (poison): 0.8925 | Val Acc: 0.9263 | Time: 00:00:08
Epoch 065 | Seed 2001 | Rate 0.10 | Train Loss: -13.7769 | Val Loss: 0.4000 | Acc (clean): 0.9711 | Acc (poison): 0.8928 | Val Acc: 0.9215 | Time: 00:00:09
Epoch 066 | Seed 2001 | Rate 0.10 | Train Loss: -13.8566 | Val Loss: 0.4042 | Acc (clean): 0.9716 | Acc (poison): 0.8945 | Val Acc: 0.9204 | Time: 00:00:09
Epoch 067 | Seed 2001 | Rate 0.10 | Train Loss: -13.9536 | Val Loss: 0.4039 | Acc (clean): 0.9735 | Acc (poison): 0.8968 | Val Acc: 0.9285 | Time: 00:00:08
Epoch 068 | Seed 2001 | Rate 0.10 | Train Loss: -14.0185 | Val Loss: 0.4102 | Acc (clean): 0.9721 | Acc (poison): 0.8974 | Val Acc: 0.9215 | Time: 00:00:08
Epoch 069 | Seed 2001 | Rate 0.10 | Train Loss: -14.0742 | Val Loss: 0.4100 | Acc (clean): 0.9740 | Acc (poison): 0.8976 | Val Acc: 0.9252 | Time: 00:00:09
Epoch 070 | Seed 2001 | Rate 0.10 | Train Loss: -14.1132 | Val Loss: 0.4116 | Acc (clean): 0.9739 | Acc (poison): 0.8989 | Val Acc: 0.9233 | Time: 00:00:09
Epoch 071 | Seed 2001 | Rate 0.10 | Train Loss: -14.1594 | Val Loss: 0.4443 | Acc (clean): 0.9739 | Acc (poison): 0.8998 | Val Acc: 0.9196 | Time: 00:00:09
Epoch 072 | Seed 2001 | Rate 0.10 | Train Loss: -14.2069 | Val Loss: 0.4544 | Acc (clean): 0.9751 | Acc (poison): 0.9020 | Val Acc: 0.9185 | Time: 00:00:08
Epoch 073 | Seed 2001 | Rate 0.10 | Train Loss: -14.2369 | Val Loss: 0.4042 | Acc (clean): 0.9743 | Acc (poison): 0.9010 | Val Acc: 0.9263 | Time: 00:00:09
Epoch 074 | Seed 2001 | Rate 0.10 | Train Loss: -14.2733 | Val Loss: 0.3936 | Acc (clean): 0.9747 | Acc (poison): 0.9037 | Val Acc: 0.9219 | Time: 00:00:08
Epoch 075 | Seed 2001 | Rate 0.10 | Train Loss: -14.3033 | Val Loss: 0.4572 | Acc (clean): 0.9760 | Acc (poison): 0.9042 | Val Acc: 0.9226 | Time: 00:00:09
Epoch 076 | Seed 2001 | Rate 0.10 | Train Loss: -14.4144 | Val Loss: 0.4065 | Acc (clean): 0.9773 | Acc (poison): 0.9063 | Val Acc: 0.9300 | Time: 00:00:08
Epoch 077 | Seed 2001 | Rate 0.10 | Train Loss: -14.5024 | Val Loss: 0.3928 | Acc (clean): 0.9770 | Acc (poison): 0.9075 | Val Acc: 0.9296 | Time: 00:00:08
Epoch 078 | Seed 2001 | Rate 0.10 | Train Loss: -14.5646 | Val Loss: 0.3909 | Acc (clean): 0.9780 | Acc (poison): 0.9079 | Val Acc: 0.9274 | Time: 00:00:09
Epoch 079 | Seed 2001 | Rate 0.10 | Train Loss: -14.6198 | Val Loss: 0.3900 | Acc (clean): 0.9781 | Acc (poison): 0.9080 | Val Acc: 0.9289 | Time: 00:00:09
Epoch 080 | Seed 2001 | Rate 0.10 | Train Loss: -14.6709 | Val Loss: 0.3864 | Acc (clean): 0.9779 | Acc (poison): 0.9085 | Val Acc: 0.9274 | Time: 00:00:09
Epoch 081 | Seed 2001 | Rate 0.10 | Train Loss: -14.7132 | Val Loss: 0.3861 | Acc (clean): 0.9776 | Acc (poison): 0.9089 | Val Acc: 0.9285 | Time: 00:00:08
Epoch 082 | Seed 2001 | Rate 0.10 | Train Loss: -14.7477 | Val Loss: 0.3849 | Acc (clean): 0.9790 | Acc (poison): 0.9100 | Val Acc: 0.9263 | Time: 00:00:09
Epoch 083 | Seed 2001 | Rate 0.10 | Train Loss: -14.7882 | Val Loss: 0.3862 | Acc (clean): 0.9786 | Acc (poison): 0.9102 | Val Acc: 0.9281 | Time: 00:00:08
Epoch 084 | Seed 2001 | Rate 0.10 | Train Loss: -14.8124 | Val Loss: 0.3744 | Acc (clean): 0.9782 | Acc (poison): 0.9107 | Val Acc: 0.9307 | Time: 00:00:08
Epoch 085 | Seed 2001 | Rate 0.10 | Train Loss: -14.8400 | Val Loss: 0.3897 | Acc (clean): 0.9788 | Acc (poison): 0.9110 | Val Acc: 0.9274 | Time: 00:00:08
Epoch 086 | Seed 2001 | Rate 0.10 | Train Loss: -14.8595 | Val Loss: 0.3823 | Acc (clean): 0.9782 | Acc (poison): 0.9109 | Val Acc: 0.9256 | Time: 00:00:09
Epoch 087 | Seed 2001 | Rate 0.10 | Train Loss: -14.8833 | Val Loss: 0.3793 | Acc (clean): 0.9784 | Acc (poison): 0.9112 | Val Acc: 0.9259 | Time: 00:00:08
Epoch 088 | Seed 2001 | Rate 0.10 | Train Loss: -14.9003 | Val Loss: 0.3755 | Acc (clean): 0.9784 | Acc (poison): 0.9123 | Val Acc: 0.9270 | Time: 00:00:08
Epoch 089 | Seed 2001 | Rate 0.10 | Train Loss: -14.9187 | Val Loss: 0.3860 | Acc (clean): 0.9785 | Acc (poison): 0.9124 | Val Acc: 0.9256 | Time: 00:00:08
Epoch 090 | Seed 2001 | Rate 0.10 | Train Loss: -14.9233 | Val Loss: 0.3828 | Acc (clean): 0.9778 | Acc (poison): 0.9122 | Val Acc: 0.9281 | Time: 00:00:08
Epoch 091 | Seed 2001 | Rate 0.10 | Train Loss: -14.9311 | Val Loss: 0.3759 | Acc (clean): 0.9779 | Acc (poison): 0.9123 | Val Acc: 0.9270 | Time: 00:00:09
Epoch 092 | Seed 2001 | Rate 0.10 | Train Loss: -14.9430 | Val Loss: 0.3864 | Acc (clean): 0.9776 | Acc (poison): 0.9132 | Val Acc: 0.9248 | Time: 00:00:09
Epoch 093 | Seed 2001 | Rate 0.10 | Train Loss: -14.9599 | Val Loss: 0.3882 | Acc (clean): 0.9784 | Acc (poison): 0.9129 | Val Acc: 0.9252 | Time: 00:00:09
Epoch 094 | Seed 2001 | Rate 0.10 | Train Loss: -14.9721 | Val Loss: 0.3888 | Acc (clean): 0.9776 | Acc (poison): 0.9133 | Val Acc: 0.9274 | Time: 00:00:09
Epoch 095 | Seed 2001 | Rate 0.10 | Train Loss: -14.9794 | Val Loss: 0.3845 | Acc (clean): 0.9778 | Acc (poison): 0.9143 | Val Acc: 0.9274 | Time: 00:00:09
Epoch 096 | Seed 2001 | Rate 0.10 | Train Loss: -14.9821 | Val Loss: 0.3914 | Acc (clean): 0.9777 | Acc (poison): 0.9132 | Val Acc: 0.9296 | Time: 00:00:09
Epoch 097 | Seed 2001 | Rate 0.10 | Train Loss: -15.0003 | Val Loss: 0.3781 | Acc (clean): 0.9776 | Acc (poison): 0.9143 | Val Acc: 0.9319 | Time: 00:00:08
Epoch 098 | Seed 2001 | Rate 0.10 | Train Loss: -14.9972 | Val Loss: 0.3874 | Acc (clean): 0.9784 | Acc (poison): 0.9144 | Val Acc: 0.9263 | Time: 00:00:09
Epoch 099 | Seed 2001 | Rate 0.10 | Train Loss: -15.0064 | Val Loss: 0.3914 | Acc (clean): 0.9777 | Acc (poison): 0.9144 | Val Acc: 0.9281 | Time: 00:00:09
Epoch 100 | Seed 2001 | Rate 0.10 | Train Loss: -15.0129 | Val Loss: 0.3891 | Acc (clean): 0.9781 | Acc (poison): 0.9150 | Val Acc: 0.9241 | Time: 00:00:09

=== defense=elr attack=RQ2 seed=2001 rate=0.2 ===
Loading train data from /home/yazanme/BachelorThesis/BachelorThesis/data/processed/resisc45/train.h5 with mapping /home/yazanme/BachelorThesis/BachelorThesis/data/processed/resisc45/poisoned/RQ2/seed_2001/labels_0.20.pt... (in_memory=True, workers=6)
Testing torch.compile support...
Successfully compiled model using torch.compile.
Epoch 001 | Seed 2001 | Rate 0.20 | Train Loss: 2.6388 | Val Loss: 2.2997 | Acc (clean): 0.2474 | Acc (poison): 0.2360 | Val Acc: 0.3181 | Time: 00:00:10
Epoch 002 | Seed 2001 | Rate 0.20 | Train Loss: 1.6129 | Val Loss: 2.0637 | Acc (clean): 0.4171 | Acc (poison): 0.3797 | Val Acc: 0.4019 | Time: 00:00:09
Epoch 003 | Seed 2001 | Rate 0.20 | Train Loss: 1.0139 | Val Loss: 1.8763 | Acc (clean): 0.5015 | Acc (poison): 0.4486 | Val Acc: 0.4633 | Time: 00:00:09
Epoch 004 | Seed 2001 | Rate 0.20 | Train Loss: 0.4749 | Val Loss: 1.6813 | Acc (clean): 0.5656 | Acc (poison): 0.4980 | Val Acc: 0.5126 | Time: 00:00:09
Epoch 005 | Seed 2001 | Rate 0.20 | Train Loss: -0.0585 | Val Loss: 2.0559 | Acc (clean): 0.6138 | Acc (poison): 0.5354 | Val Acc: 0.4689 | Time: 00:00:08
Epoch 006 | Seed 2001 | Rate 0.20 | Train Loss: -0.6024 | Val Loss: 1.5261 | Acc (clean): 0.6601 | Acc (poison): 0.5724 | Val Acc: 0.5870 | Time: 00:00:09
Epoch 007 | Seed 2001 | Rate 0.20 | Train Loss: -1.1305 | Val Loss: 1.1513 | Acc (clean): 0.7005 | Acc (poison): 0.6014 | Val Acc: 0.6726 | Time: 00:00:09
Epoch 008 | Seed 2001 | Rate 0.20 | Train Loss: -1.6765 | Val Loss: 1.0179 | Acc (clean): 0.7315 | Acc (poison): 0.6263 | Val Acc: 0.7137 | Time: 00:00:09
Epoch 009 | Seed 2001 | Rate 0.20 | Train Loss: -2.1502 | Val Loss: 1.2530 | Acc (clean): 0.7508 | Acc (poison): 0.6384 | Val Acc: 0.6456 | Time: 00:00:09
Epoch 010 | Seed 2001 | Rate 0.20 | Train Loss: -2.6374 | Val Loss: 1.0429 | Acc (clean): 0.7704 | Acc (poison): 0.6523 | Val Acc: 0.7167 | Time: 00:00:09
Epoch 011 | Seed 2001 | Rate 0.20 | Train Loss: -3.1152 | Val Loss: 0.9423 | Acc (clean): 0.7829 | Acc (poison): 0.6617 | Val Acc: 0.7496 | Time: 00:00:09
Epoch 012 | Seed 2001 | Rate 0.20 | Train Loss: -3.5656 | Val Loss: 1.5248 | Acc (clean): 0.7939 | Acc (poison): 0.6687 | Val Acc: 0.6741 | Time: 00:00:08
Epoch 013 | Seed 2001 | Rate 0.20 | Train Loss: -3.9899 | Val Loss: 1.1820 | Acc (clean): 0.7991 | Acc (poison): 0.6737 | Val Acc: 0.7248 | Time: 00:00:09
Epoch 014 | Seed 2001 | Rate 0.20 | Train Loss: -4.4351 | Val Loss: 1.1115 | Acc (clean): 0.8097 | Acc (poison): 0.6805 | Val Acc: 0.7285 | Time: 00:00:08
Epoch 015 | Seed 2001 | Rate 0.20 | Train Loss: -4.8411 | Val Loss: 1.1007 | Acc (clean): 0.8167 | Acc (poison): 0.6857 | Val Acc: 0.7441 | Time: 00:00:08
Epoch 016 | Seed 2001 | Rate 0.20 | Train Loss: -5.1911 | Val Loss: 1.2067 | Acc (clean): 0.8186 | Acc (poison): 0.6891 | Val Acc: 0.7193 | Time: 00:00:08
Epoch 017 | Seed 2001 | Rate 0.20 | Train Loss: -5.5054 | Val Loss: 0.7827 | Acc (clean): 0.8212 | Acc (poison): 0.6896 | Val Acc: 0.8074 | Time: 00:00:09
Epoch 018 | Seed 2001 | Rate 0.20 | Train Loss: -5.9099 | Val Loss: 1.0528 | Acc (clean): 0.8333 | Acc (poison): 0.6979 | Val Acc: 0.7733 | Time: 00:00:09
Epoch 019 | Seed 2001 | Rate 0.20 | Train Loss: -6.1489 | Val Loss: 1.0057 | Acc (clean): 0.8321 | Acc (poison): 0.6985 | Val Acc: 0.7652 | Time: 00:00:08
Epoch 020 | Seed 2001 | Rate 0.20 | Train Loss: -6.4141 | Val Loss: 1.2298 | Acc (clean): 0.8358 | Acc (poison): 0.7000 | Val Acc: 0.7259 | Time: 00:00:09
Epoch 021 | Seed 2001 | Rate 0.20 | Train Loss: -6.7039 | Val Loss: 0.8726 | Acc (clean): 0.8433 | Acc (poison): 0.7049 | Val Acc: 0.7867 | Time: 00:00:09
Epoch 022 | Seed 2001 | Rate 0.20 | Train Loss: -6.9027 | Val Loss: 0.9781 | Acc (clean): 0.8424 | Acc (poison): 0.7055 | Val Acc: 0.7756 | Time: 00:00:08
Epoch 023 | Seed 2001 | Rate 0.20 | Train Loss: -7.0823 | Val Loss: 1.3185 | Acc (clean): 0.8474 | Acc (poison): 0.7076 | Val Acc: 0.7493 | Time: 00:00:08
Epoch 024 | Seed 2001 | Rate 0.20 | Train Loss: -7.2652 | Val Loss: 0.9969 | Acc (clean): 0.8494 | Acc (poison): 0.7092 | Val Acc: 0.7926 | Time: 00:00:09
Epoch 025 | Seed 2001 | Rate 0.20 | Train Loss: -7.3940 | Val Loss: 1.1338 | Acc (clean): 0.8516 | Acc (poison): 0.7100 | Val Acc: 0.7644 | Time: 00:00:09
Epoch 026 | Seed 2001 | Rate 0.20 | Train Loss: -7.5761 | Val Loss: 1.0810 | Acc (clean): 0.8531 | Acc (poison): 0.7142 | Val Acc: 0.7770 | Time: 00:00:09
Epoch 027 | Seed 2001 | Rate 0.20 | Train Loss: -7.7254 | Val Loss: 1.1166 | Acc (clean): 0.8570 | Acc (poison): 0.7130 | Val Acc: 0.7637 | Time: 00:00:09
Epoch 028 | Seed 2001 | Rate 0.20 | Train Loss: -7.9116 | Val Loss: 0.8904 | Acc (clean): 0.8637 | Acc (poison): 0.7201 | Val Acc: 0.8119 | Time: 00:00:08
Epoch 029 | Seed 2001 | Rate 0.20 | Train Loss: -7.9969 | Val Loss: 0.9774 | Acc (clean): 0.8599 | Acc (poison): 0.7184 | Val Acc: 0.7959 | Time: 00:00:09
Epoch 030 | Seed 2001 | Rate 0.20 | Train Loss: -8.0470 | Val Loss: 1.2715 | Acc (clean): 0.8613 | Acc (poison): 0.7184 | Val Acc: 0.7533 | Time: 00:00:09
Epoch 031 | Seed 2001 | Rate 0.20 | Train Loss: -8.1419 | Val Loss: 1.4288 | Acc (clean): 0.8640 | Acc (poison): 0.7210 | Val Acc: 0.7581 | Time: 00:00:09
Epoch 032 | Seed 2001 | Rate 0.20 | Train Loss: -8.2253 | Val Loss: 1.1731 | Acc (clean): 0.8640 | Acc (poison): 0.7223 | Val Acc: 0.7741 | Time: 00:00:09
Epoch 033 | Seed 2001 | Rate 0.20 | Train Loss: -8.2124 | Val Loss: 0.9852 | Acc (clean): 0.8630 | Acc (poison): 0.7206 | Val Acc: 0.8015 | Time: 00:00:09
Epoch 034 | Seed 2001 | Rate 0.20 | Train Loss: -8.3000 | Val Loss: 1.3505 | Acc (clean): 0.8669 | Acc (poison): 0.7250 | Val Acc: 0.7515 | Time: 00:00:09
Epoch 035 | Seed 2001 | Rate 0.20 | Train Loss: -8.3690 | Val Loss: 1.2134 | Acc (clean): 0.8705 | Acc (poison): 0.7252 | Val Acc: 0.7663 | Time: 00:00:09
Epoch 036 | Seed 2001 | Rate 0.20 | Train Loss: -8.4430 | Val Loss: 0.9863 | Acc (clean): 0.8709 | Acc (poison): 0.7262 | Val Acc: 0.8059 | Time: 00:00:09
Epoch 037 | Seed 2001 | Rate 0.20 | Train Loss: -8.5400 | Val Loss: 1.1777 | Acc (clean): 0.8752 | Acc (poison): 0.7293 | Val Acc: 0.7826 | Time: 00:00:09
Epoch 038 | Seed 2001 | Rate 0.20 | Train Loss: -8.5724 | Val Loss: 1.1401 | Acc (clean): 0.8750 | Acc (poison): 0.7301 | Val Acc: 0.7874 | Time: 00:00:09
Epoch 039 | Seed 2001 | Rate 0.20 | Train Loss: -8.5801 | Val Loss: 1.2363 | Acc (clean): 0.8711 | Acc (poison): 0.7258 | Val Acc: 0.7741 | Time: 00:00:09
Epoch 040 | Seed 2001 | Rate 0.20 | Train Loss: -8.5889 | Val Loss: 1.8168 | Acc (clean): 0.8716 | Acc (poison): 0.7282 | Val Acc: 0.6730 | Time: 00:00:09
Epoch 041 | Seed 2001 | Rate 0.20 | Train Loss: -8.6192 | Val Loss: 0.8005 | Acc (clean): 0.8729 | Acc (poison): 0.7282 | Val Acc: 0.8330 | Time: 00:00:09
Epoch 042 | Seed 2001 | Rate 0.20 | Train Loss: -8.7135 | Val Loss: 0.9825 | Acc (clean): 0.8795 | Acc (poison): 0.7329 | Val Acc: 0.8115 | Time: 00:00:08
Epoch 043 | Seed 2001 | Rate 0.20 | Train Loss: -8.7684 | Val Loss: 1.1356 | Acc (clean): 0.8793 | Acc (poison): 0.7328 | Val Acc: 0.7722 | Time: 00:00:08
Epoch 044 | Seed 2001 | Rate 0.20 | Train Loss: -8.7833 | Val Loss: 1.1793 | Acc (clean): 0.8800 | Acc (poison): 0.7348 | Val Acc: 0.7844 | Time: 00:00:09
Epoch 045 | Seed 2001 | Rate 0.20 | Train Loss: -8.7916 | Val Loss: 1.0326 | Acc (clean): 0.8767 | Acc (poison): 0.7330 | Val Acc: 0.7900 | Time: 00:00:09
Epoch 046 | Seed 2001 | Rate 0.20 | Train Loss: -8.7705 | Val Loss: 0.9991 | Acc (clean): 0.8757 | Acc (poison): 0.7294 | Val Acc: 0.7978 | Time: 00:00:08
Epoch 047 | Seed 2001 | Rate 0.20 | Train Loss: -8.7939 | Val Loss: 1.1354 | Acc (clean): 0.8787 | Acc (poison): 0.7335 | Val Acc: 0.7948 | Time: 00:00:08
Epoch 048 | Seed 2001 | Rate 0.20 | Train Loss: -8.8364 | Val Loss: 1.1633 | Acc (clean): 0.8798 | Acc (poison): 0.7351 | Val Acc: 0.7826 | Time: 00:00:09
Epoch 049 | Seed 2001 | Rate 0.20 | Train Loss: -8.9059 | Val Loss: 1.0204 | Acc (clean): 0.8834 | Acc (poison): 0.7359 | Val Acc: 0.8041 | Time: 00:00:09
Epoch 050 | Seed 2001 | Rate 0.20 | Train Loss: -8.9080 | Val Loss: 1.1700 | Acc (clean): 0.8829 | Acc (poison): 0.7350 | Val Acc: 0.7885 | Time: 00:00:09
Epoch 051 | Seed 2001 | Rate 0.20 | Train Loss: -9.5897 | Val Loss: 0.4559 | Acc (clean): 0.9182 | Acc (poison): 0.7642 | Val Acc: 0.8904 | Time: 00:00:09
Epoch 052 | Seed 2001 | Rate 0.20 | Train Loss: -10.0476 | Val Loss: 0.4379 | Acc (clean): 0.9305 | Acc (poison): 0.7744 | Val Acc: 0.8970 | Time: 00:00:09
Epoch 053 | Seed 2001 | Rate 0.20 | Train Loss: -10.3993 | Val Loss: 0.4435 | Acc (clean): 0.9363 | Acc (poison): 0.7791 | Val Acc: 0.8959 | Time: 00:00:08
Epoch 054 | Seed 2001 | Rate 0.20 | Train Loss: -10.7131 | Val Loss: 0.4274 | Acc (clean): 0.9395 | Acc (poison): 0.7829 | Val Acc: 0.9044 | Time: 00:00:09
Epoch 055 | Seed 2001 | Rate 0.20 | Train Loss: -11.0105 | Val Loss: 0.4197 | Acc (clean): 0.9409 | Acc (poison): 0.7850 | Val Acc: 0.9052 | Time: 00:00:09
Epoch 056 | Seed 2001 | Rate 0.20 | Train Loss: -11.2696 | Val Loss: 0.4070 | Acc (clean): 0.9424 | Acc (poison): 0.7858 | Val Acc: 0.9107 | Time: 00:00:09
Epoch 057 | Seed 2001 | Rate 0.20 | Train Loss: -11.5161 | Val Loss: 0.4530 | Acc (clean): 0.9458 | Acc (poison): 0.7888 | Val Acc: 0.9081 | Time: 00:00:08
Epoch 058 | Seed 2001 | Rate 0.20 | Train Loss: -11.7439 | Val Loss: 0.4257 | Acc (clean): 0.9466 | Acc (poison): 0.7902 | Val Acc: 0.9085 | Time: 00:00:08
Epoch 059 | Seed 2001 | Rate 0.20 | Train Loss: -11.9507 | Val Loss: 0.4298 | Acc (clean): 0.9480 | Acc (poison): 0.7917 | Val Acc: 0.9070 | Time: 00:00:09
Epoch 060 | Seed 2001 | Rate 0.20 | Train Loss: -12.1289 | Val Loss: 0.4520 | Acc (clean): 0.9495 | Acc (poison): 0.7933 | Val Acc: 0.9067 | Time: 00:00:09
Epoch 061 | Seed 2001 | Rate 0.20 | Train Loss: -12.2814 | Val Loss: 0.4394 | Acc (clean): 0.9503 | Acc (poison): 0.7948 | Val Acc: 0.9059 | Time: 00:00:09
Epoch 062 | Seed 2001 | Rate 0.20 | Train Loss: -12.4275 | Val Loss: 0.4504 | Acc (clean): 0.9524 | Acc (poison): 0.7969 | Val Acc: 0.9056 | Time: 00:00:09
Epoch 063 | Seed 2001 | Rate 0.20 | Train Loss: -12.5466 | Val Loss: 0.4492 | Acc (clean): 0.9516 | Acc (poison): 0.7973 | Val Acc: 0.9081 | Time: 00:00:08
Epoch 064 | Seed 2001 | Rate 0.20 | Train Loss: -12.6660 | Val Loss: 0.4236 | Acc (clean): 0.9526 | Acc (poison): 0.7996 | Val Acc: 0.9141 | Time: 00:00:08
Epoch 065 | Seed 2001 | Rate 0.20 | Train Loss: -12.7600 | Val Loss: 0.4510 | Acc (clean): 0.9543 | Acc (poison): 0.8005 | Val Acc: 0.9174 | Time: 00:00:09
Epoch 066 | Seed 2001 | Rate 0.20 | Train Loss: -12.8410 | Val Loss: 0.4353 | Acc (clean): 0.9544 | Acc (poison): 0.8023 | Val Acc: 0.9137 | Time: 00:00:08
Epoch 067 | Seed 2001 | Rate 0.20 | Train Loss: -12.9280 | Val Loss: 0.4609 | Acc (clean): 0.9549 | Acc (poison): 0.8051 | Val Acc: 0.9104 | Time: 00:00:08
Epoch 068 | Seed 2001 | Rate 0.20 | Train Loss: -12.9953 | Val Loss: 0.4691 | Acc (clean): 0.9553 | Acc (poison): 0.8059 | Val Acc: 0.9119 | Time: 00:00:08
Epoch 069 | Seed 2001 | Rate 0.20 | Train Loss: -13.0444 | Val Loss: 0.4458 | Acc (clean): 0.9560 | Acc (poison): 0.8068 | Val Acc: 0.9130 | Time: 00:00:08
Epoch 070 | Seed 2001 | Rate 0.20 | Train Loss: -13.0934 | Val Loss: 0.4833 | Acc (clean): 0.9552 | Acc (poison): 0.8076 | Val Acc: 0.9107 | Time: 00:00:09
Epoch 071 | Seed 2001 | Rate 0.20 | Train Loss: -13.1481 | Val Loss: 0.4848 | Acc (clean): 0.9573 | Acc (poison): 0.8101 | Val Acc: 0.9026 | Time: 00:00:08
Epoch 072 | Seed 2001 | Rate 0.20 | Train Loss: -13.1992 | Val Loss: 0.4869 | Acc (clean): 0.9574 | Acc (poison): 0.8113 | Val Acc: 0.9089 | Time: 00:00:09
Epoch 073 | Seed 2001 | Rate 0.20 | Train Loss: -13.2126 | Val Loss: 0.4770 | Acc (clean): 0.9552 | Acc (poison): 0.8112 | Val Acc: 0.9056 | Time: 00:00:09
Epoch 074 | Seed 2001 | Rate 0.20 | Train Loss: -13.2532 | Val Loss: 0.4855 | Acc (clean): 0.9556 | Acc (poison): 0.8130 | Val Acc: 0.9119 | Time: 00:00:08
Epoch 075 | Seed 2001 | Rate 0.20 | Train Loss: -13.2838 | Val Loss: 0.5079 | Acc (clean): 0.9561 | Acc (poison): 0.8142 | Val Acc: 0.9026 | Time: 00:00:08
Epoch 076 | Seed 2001 | Rate 0.20 | Train Loss: -13.3988 | Val Loss: 0.4673 | Acc (clean): 0.9570 | Acc (poison): 0.8174 | Val Acc: 0.9100 | Time: 00:00:08
Epoch 077 | Seed 2001 | Rate 0.20 | Train Loss: -13.4999 | Val Loss: 0.4530 | Acc (clean): 0.9570 | Acc (poison): 0.8187 | Val Acc: 0.9122 | Time: 00:00:09
Epoch 078 | Seed 2001 | Rate 0.20 | Train Loss: -13.5807 | Val Loss: 0.4507 | Acc (clean): 0.9579 | Acc (poison): 0.8195 | Val Acc: 0.9111 | Time: 00:00:09
Epoch 079 | Seed 2001 | Rate 0.20 | Train Loss: -13.6391 | Val Loss: 0.4500 | Acc (clean): 0.9581 | Acc (poison): 0.8198 | Val Acc: 0.9096 | Time: 00:00:09
Epoch 080 | Seed 2001 | Rate 0.20 | Train Loss: -13.6940 | Val Loss: 0.4525 | Acc (clean): 0.9582 | Acc (poison): 0.8200 | Val Acc: 0.9126 | Time: 00:00:09
Epoch 081 | Seed 2001 | Rate 0.20 | Train Loss: -13.7390 | Val Loss: 0.4511 | Acc (clean): 0.9588 | Acc (poison): 0.8204 | Val Acc: 0.9104 | Time: 00:00:09
Epoch 082 | Seed 2001 | Rate 0.20 | Train Loss: -13.7774 | Val Loss: 0.4463 | Acc (clean): 0.9587 | Acc (poison): 0.8215 | Val Acc: 0.9137 | Time: 00:00:08
Epoch 083 | Seed 2001 | Rate 0.20 | Train Loss: -13.8175 | Val Loss: 0.4467 | Acc (clean): 0.9573 | Acc (poison): 0.8221 | Val Acc: 0.9148 | Time: 00:00:08
Epoch 084 | Seed 2001 | Rate 0.20 | Train Loss: -13.8487 | Val Loss: 0.4402 | Acc (clean): 0.9581 | Acc (poison): 0.8226 | Val Acc: 0.9144 | Time: 00:00:09
Epoch 085 | Seed 2001 | Rate 0.20 | Train Loss: -13.8760 | Val Loss: 0.4502 | Acc (clean): 0.9586 | Acc (poison): 0.8219 | Val Acc: 0.9133 | Time: 00:00:09
Epoch 086 | Seed 2001 | Rate 0.20 | Train Loss: -13.9047 | Val Loss: 0.4431 | Acc (clean): 0.9581 | Acc (poison): 0.8228 | Val Acc: 0.9141 | Time: 00:00:09
Epoch 087 | Seed 2001 | Rate 0.20 | Train Loss: -13.9231 | Val Loss: 0.4505 | Acc (clean): 0.9581 | Acc (poison): 0.8233 | Val Acc: 0.9111 | Time: 00:00:08
Epoch 088 | Seed 2001 | Rate 0.20 | Train Loss: -13.9478 | Val Loss: 0.4475 | Acc (clean): 0.9581 | Acc (poison): 0.8230 | Val Acc: 0.9104 | Time: 00:00:08
Epoch 089 | Seed 2001 | Rate 0.20 | Train Loss: -13.9619 | Val Loss: 0.4564 | Acc (clean): 0.9577 | Acc (poison): 0.8244 | Val Acc: 0.9141 | Time: 00:00:09
Epoch 090 | Seed 2001 | Rate 0.20 | Train Loss: -13.9812 | Val Loss: 0.4597 | Acc (clean): 0.9573 | Acc (poison): 0.8241 | Val Acc: 0.9115 | Time: 00:00:08
Epoch 091 | Seed 2001 | Rate 0.20 | Train Loss: -13.9867 | Val Loss: 0.4598 | Acc (clean): 0.9567 | Acc (poison): 0.8247 | Val Acc: 0.9148 | Time: 00:00:09
Epoch 092 | Seed 2001 | Rate 0.20 | Train Loss: -14.0004 | Val Loss: 0.4631 | Acc (clean): 0.9575 | Acc (poison): 0.8249 | Val Acc: 0.9137 | Time: 00:00:09
Epoch 093 | Seed 2001 | Rate 0.20 | Train Loss: -14.0158 | Val Loss: 0.4666 | Acc (clean): 0.9577 | Acc (poison): 0.8256 | Val Acc: 0.9111 | Time: 00:00:09
Epoch 094 | Seed 2001 | Rate 0.20 | Train Loss: -14.0250 | Val Loss: 0.4668 | Acc (clean): 0.9562 | Acc (poison): 0.8266 | Val Acc: 0.9100 | Time: 00:00:09
Epoch 095 | Seed 2001 | Rate 0.20 | Train Loss: -14.0331 | Val Loss: 0.4571 | Acc (clean): 0.9571 | Acc (poison): 0.8260 | Val Acc: 0.9130 | Time: 00:00:09
Epoch 096 | Seed 2001 | Rate 0.20 | Train Loss: -14.0411 | Val Loss: 0.4692 | Acc (clean): 0.9570 | Acc (poison): 0.8268 | Val Acc: 0.9107 | Time: 00:00:09
Epoch 097 | Seed 2001 | Rate 0.20 | Train Loss: -14.0545 | Val Loss: 0.4582 | Acc (clean): 0.9567 | Acc (poison): 0.8264 | Val Acc: 0.9119 | Time: 00:00:09
Epoch 098 | Seed 2001 | Rate 0.20 | Train Loss: -14.0667 | Val Loss: 0.4668 | Acc (clean): 0.9571 | Acc (poison): 0.8271 | Val Acc: 0.9107 | Time: 00:00:09
Epoch 099 | Seed 2001 | Rate 0.20 | Train Loss: -14.0761 | Val Loss: 0.4722 | Acc (clean): 0.9565 | Acc (poison): 0.8277 | Val Acc: 0.9115 | Time: 00:00:08
Epoch 100 | Seed 2001 | Rate 0.20 | Train Loss: -14.0844 | Val Loss: 0.4777 | Acc (clean): 0.9563 | Acc (poison): 0.8281 | Val Acc: 0.9063 | Time: 00:00:09

Endzeit: 2026-08-03 13:06:44 CEST
Laufzeit: 03:06:29
Exit-Code: 0

Abgeschlossene Laeufe fuer Seed 2001 (erwartet: 11):
/home/yazanme/BachelorThesis/BachelorThesis/experiments/RQ3/elr/resnet18/clean/seed_2001/rate_0.0
/home/yazanme/BachelorThesis/BachelorThesis/experiments/RQ3/elr/resnet18/RQ1/seed_2001/rate_0.01
/home/yazanme/BachelorThesis/BachelorThesis/experiments/RQ3/elr/resnet18/RQ1/seed_2001/rate_0.02
/home/yazanme/BachelorThesis/BachelorThesis/experiments/RQ3/elr/resnet18/RQ1/seed_2001/rate_0.05
/home/yazanme/BachelorThesis/BachelorThesis/experiments/RQ3/elr/resnet18/RQ1/seed_2001/rate_0.1
/home/yazanme/BachelorThesis/BachelorThesis/experiments/RQ3/elr/resnet18/RQ1/seed_2001/rate_0.2
/home/yazanme/BachelorThesis/BachelorThesis/experiments/RQ3/elr/resnet18/RQ2/seed_2001/rate_0.01
/home/yazanme/BachelorThesis/BachelorThesis/experiments/RQ3/elr/resnet18/RQ2/seed_2001/rate_0.02
/home/yazanme/BachelorThesis/BachelorThesis/experiments/RQ3/elr/resnet18/RQ2/seed_2001/rate_0.05
/home/yazanme/BachelorThesis/BachelorThesis/experiments/RQ3/elr/resnet18/RQ2/seed_2001/rate_0.1
/home/yazanme/BachelorThesis/BachelorThesis/experiments/RQ3/elr/resnet18/RQ2/seed_2001/rate_0.2
Anzahl: 11

clean/summary_metrics.csv:
seed,rate,accuracy,precision,recall,f1
42,0.0,0.9437777777777778,0.944276477870972,0.9437777777777776,0.9437643958222404
2026,0.0,0.9446666666666668,0.9454153355556684,0.9446666666666668,0.9447684405930954
2001,0.0,0.9328888888888889,0.9337275167144757,0.9328888888888891,0.932870528084985

RQ1/summary_metrics.csv:
seed,rate,accuracy,precision,recall,f1
2026,0.01,0.9331111111111112,0.9348954777240408,0.933111111111111,0.9332610592726144
42,0.01,0.9315555555555556,0.9331128312586328,0.9315555555555556,0.931635508726
2001,0.01,0.9362222222222222,0.9367835451092325,0.936222222222222,0.9360486234364908
2026,0.02,0.9306666666666666,0.9318321881965664,0.9306666666666668,0.930621956794384
42,0.02,0.9331111111111112,0.9338636415025944,0.9331111111111112,0.9330397206868528
2001,0.02,0.93,0.9313258293132618,0.9300000000000002,0.9300043332989324
2026,0.05,0.9328888888888888,0.9339014034028564,0.932888888888889,0.9329711776379598
42,0.05,0.9362222222222222,0.9366260363039304,0.9362222222222224,0.936091654606334
2001,0.05,0.9311111111111112,0.9315197209218576,0.9311111111111112,0.9306993858605764
42,0.1,0.9268888888888888,0.9276786500017594,0.9268888888888888,0.9266514396276084
2001,0.1,0.9266666666666666,0.9273462001441716,0.9266666666666664,0.92652132071747
42,0.2,0.9233333333333332,0.9243794992737812,0.9233333333333332,0.9229908174335308
2001,0.2,0.9231111111111111,0.9237069997884428,0.9231111111111111,0.9228911595765178

RQ2/summary_metrics.csv:
seed,rate,accuracy,precision,recall,f1
42,0.01,0.9346666666666666,0.9357351795848504,0.9346666666666668,0.934574317920606
2001,0.01,0.9388888888888888,0.9391078402860152,0.9388888888888888,0.9387798069830572
2001,0.02,0.9308888888888888,0.931711688931256,0.9308888888888888,0.93079691841013
42,0.02,0.9266666666666666,0.9269346767037102,0.9266666666666667,0.9264470576050348
2001,0.05,0.9306666666666666,0.9320429380449896,0.9306666666666668,0.9307068014545228
42,0.05,0.9353333333333332,0.9359829324609024,0.9353333333333336,0.9352543262674744
2001,0.1,0.926,0.9270097466965675,0.926,0.9258278346682076
42,0.1,0.9237777777777778,0.924752570977156,0.923777777777778,0.923556935631602
2001,0.2,0.9097777777777778,0.9141217984286991,0.9097777777777776,0.9087975119092845
