=========================================
1. SLURM ALLOKATIONS-INFO
=========================================
Job ID: 5173 (Array 5159, Task 1)
Job Name: rq3_mixup_resnet18
Ausfuehrender Node: gpu01
Zugewiesene CPUs: 6
Zugewiesener Speicher: 32768 MB
Zugewiesene GPUs: 1
Zugewiesene GPUs ueber CUDA: 0
0, Tesla V100S-PCIE-32GB, 32768 MiB, 535.309.01

Zeitzonen-Check -> Node-Uhr (UTC): 2026-08-08 15:00:43 UTC
Zeitzonen-Check -> korrigiert    : 2026-08-08 17:00:43 CEST

Python: /home/yazanme/miniforge3/envs/venv/bin/python
Version: Python 3.12.13

Preflight ok: RQ2-Labels mit 16 Paaren / 32 angegriffenen Klassen.
Modell:           resnet18
Verteidigung:     mixup
Seed:             2001
Trainings-Config: /home/yazanme/BachelorThesis/BachelorThesis/src/yaml/rq3/rq3_train_resnet18.yaml
Daten-Config:     /home/yazanme/BachelorThesis/BachelorThesis/src/implementation/data_preparation/config.yaml
Ausgabe:          /home/yazanme/BachelorThesis/BachelorThesis/experiments/RQ3/mixup/resnet18/{clean,RQ1,RQ2}
Preflight ok: 3 HDF5-Splits + 10 Label-Tensoren (RQ1+RQ2) fuer Seed 2001.
Erwartet: 1 clean + 2 Angriffe x 5 Raten = 11 Laeufe (~4.6 h).

Startzeit: 2026-08-08 17:00:44 CEST

Starting main script...
Config: /home/yazanme/BachelorThesis/BachelorThesis/src/yaml/rq3/rq3_train_resnet18.yaml
Experiment: rq=RQ3 model=resnet18 rates=[0.0, 0.01, 0.02, 0.05, 0.1, 0.2]
Defense: mixup | Seeds: [2001] | Attacks: ['clean', 'RQ1', 'RQ2']
Set float32 matmul precision to: high
Initializing PyTorch and checking CUDA...
Set cudnn.benchmark to: True
Using device: cuda
Initializing base loaders...
Loading validation data from /home/yazanme/BachelorThesis/BachelorThesis/data/processed/resisc45/val.h5... (in_memory=True, workers=4)
Loading test data from /home/yazanme/BachelorThesis/BachelorThesis/data/processed/resisc45/test.h5... (in_memory=True, workers=4)
Starting experiment run...

=== defense=mixup attack=clean seed=2001 rate=0.0 ===
Loading train data from /home/yazanme/BachelorThesis/BachelorThesis/data/processed/resisc45/train.h5... (in_memory=True, workers=4)
Testing torch.compile support...
Successfully compiled model using torch.compile.
Epoch 001 | Seed 2001 | Rate 0.00 | Train Loss: 3.1729 | Val Loss: 2.6593 | Acc (clean): 0.2361 | Acc (poison): 0.2361 | Val Acc: 0.2674 | Time: 00:01:44
Epoch 002 | Seed 2001 | Rate 0.00 | Train Loss: 2.4254 | Val Loss: 2.3630 | Acc (clean): 0.4094 | Acc (poison): 0.4094 | Val Acc: 0.3504 | Time: 00:00:13
Epoch 003 | Seed 2001 | Rate 0.00 | Train Loss: 2.1128 | Val Loss: 2.1647 | Acc (clean): 0.5128 | Acc (poison): 0.5128 | Val Acc: 0.3796 | Time: 00:00:13
Epoch 004 | Seed 2001 | Rate 0.00 | Train Loss: 1.8886 | Val Loss: 1.5745 | Acc (clean): 0.5838 | Acc (poison): 0.5838 | Val Acc: 0.5433 | Time: 00:00:14
Epoch 005 | Seed 2001 | Rate 0.00 | Train Loss: 1.7232 | Val Loss: 1.3773 | Acc (clean): 0.6328 | Acc (poison): 0.6328 | Val Acc: 0.6093 | Time: 00:00:13
Epoch 006 | Seed 2001 | Rate 0.00 | Train Loss: 1.6432 | Val Loss: 1.5066 | Acc (clean): 0.6763 | Acc (poison): 0.6763 | Val Acc: 0.5556 | Time: 00:00:13
Epoch 007 | Seed 2001 | Rate 0.00 | Train Loss: 1.4856 | Val Loss: 1.5340 | Acc (clean): 0.7102 | Acc (poison): 0.7102 | Val Acc: 0.5589 | Time: 00:00:13
Epoch 008 | Seed 2001 | Rate 0.00 | Train Loss: 1.4086 | Val Loss: 1.0728 | Acc (clean): 0.7512 | Acc (poison): 0.7512 | Val Acc: 0.6733 | Time: 00:00:13
Epoch 009 | Seed 2001 | Rate 0.00 | Train Loss: 1.3185 | Val Loss: 1.1043 | Acc (clean): 0.7829 | Acc (poison): 0.7829 | Val Acc: 0.6759 | Time: 00:00:13
Epoch 010 | Seed 2001 | Rate 0.00 | Train Loss: 1.2825 | Val Loss: 0.7779 | Acc (clean): 0.7959 | Acc (poison): 0.7959 | Val Acc: 0.7741 | Time: 00:00:13
Epoch 011 | Seed 2001 | Rate 0.00 | Train Loss: 1.2542 | Val Loss: 1.0220 | Acc (clean): 0.8249 | Acc (poison): 0.8249 | Val Acc: 0.7067 | Time: 00:00:13
Epoch 012 | Seed 2001 | Rate 0.00 | Train Loss: 1.1292 | Val Loss: 0.7424 | Acc (clean): 0.8411 | Acc (poison): 0.8411 | Val Acc: 0.7852 | Time: 00:00:14
Epoch 013 | Seed 2001 | Rate 0.00 | Train Loss: 1.0851 | Val Loss: 0.7687 | Acc (clean): 0.8509 | Acc (poison): 0.8509 | Val Acc: 0.8026 | Time: 00:00:12
Epoch 014 | Seed 2001 | Rate 0.00 | Train Loss: 1.0410 | Val Loss: 0.7087 | Acc (clean): 0.8615 | Acc (poison): 0.8615 | Val Acc: 0.7937 | Time: 00:00:15
Epoch 015 | Seed 2001 | Rate 0.00 | Train Loss: 1.0437 | Val Loss: 0.8504 | Acc (clean): 0.8742 | Acc (poison): 0.8742 | Val Acc: 0.7663 | Time: 00:00:13
Epoch 016 | Seed 2001 | Rate 0.00 | Train Loss: 1.0460 | Val Loss: 1.0074 | Acc (clean): 0.8788 | Acc (poison): 0.8788 | Val Acc: 0.7011 | Time: 00:00:13
Epoch 017 | Seed 2001 | Rate 0.00 | Train Loss: 1.0864 | Val Loss: 0.5790 | Acc (clean): 0.8858 | Acc (poison): 0.8858 | Val Acc: 0.8352 | Time: 00:00:16
Epoch 018 | Seed 2001 | Rate 0.00 | Train Loss: 1.0076 | Val Loss: 0.6848 | Acc (clean): 0.8889 | Acc (poison): 0.8889 | Val Acc: 0.8004 | Time: 00:00:13
Epoch 019 | Seed 2001 | Rate 0.00 | Train Loss: 0.9966 | Val Loss: 0.8902 | Acc (clean): 0.8894 | Acc (poison): 0.8894 | Val Acc: 0.7648 | Time: 00:00:12
Epoch 020 | Seed 2001 | Rate 0.00 | Train Loss: 0.9896 | Val Loss: 0.6374 | Acc (clean): 0.8978 | Acc (poison): 0.8978 | Val Acc: 0.8167 | Time: 00:00:15
Epoch 021 | Seed 2001 | Rate 0.00 | Train Loss: 0.9639 | Val Loss: 0.6730 | Acc (clean): 0.8995 | Acc (poison): 0.8995 | Val Acc: 0.8037 | Time: 00:00:13
Epoch 022 | Seed 2001 | Rate 0.00 | Train Loss: 0.9512 | Val Loss: 0.6487 | Acc (clean): 0.9034 | Acc (poison): 0.9034 | Val Acc: 0.8222 | Time: 00:00:12
Epoch 023 | Seed 2001 | Rate 0.00 | Train Loss: 0.9433 | Val Loss: 0.5968 | Acc (clean): 0.9046 | Acc (poison): 0.9046 | Val Acc: 0.8374 | Time: 00:00:13
Epoch 024 | Seed 2001 | Rate 0.00 | Train Loss: 0.9814 | Val Loss: 0.6287 | Acc (clean): 0.9071 | Acc (poison): 0.9071 | Val Acc: 0.8189 | Time: 00:00:13
Epoch 025 | Seed 2001 | Rate 0.00 | Train Loss: 0.8598 | Val Loss: 0.8259 | Acc (clean): 0.9129 | Acc (poison): 0.9129 | Val Acc: 0.7819 | Time: 00:00:13
Epoch 026 | Seed 2001 | Rate 0.00 | Train Loss: 0.9355 | Val Loss: 0.7047 | Acc (clean): 0.9141 | Acc (poison): 0.9141 | Val Acc: 0.8067 | Time: 00:00:13
Epoch 027 | Seed 2001 | Rate 0.00 | Train Loss: 0.9341 | Val Loss: 0.8935 | Acc (clean): 0.9164 | Acc (poison): 0.9164 | Val Acc: 0.7430 | Time: 00:00:13
Epoch 028 | Seed 2001 | Rate 0.00 | Train Loss: 0.9343 | Val Loss: 0.6940 | Acc (clean): 0.9135 | Acc (poison): 0.9135 | Val Acc: 0.8044 | Time: 00:00:12
Epoch 029 | Seed 2001 | Rate 0.00 | Train Loss: 0.8679 | Val Loss: 0.6472 | Acc (clean): 0.9193 | Acc (poison): 0.9193 | Val Acc: 0.8330 | Time: 00:00:12
Epoch 030 | Seed 2001 | Rate 0.00 | Train Loss: 0.8724 | Val Loss: 0.6186 | Acc (clean): 0.9205 | Acc (poison): 0.9205 | Val Acc: 0.8174 | Time: 00:00:13
Epoch 031 | Seed 2001 | Rate 0.00 | Train Loss: 0.9177 | Val Loss: 0.7460 | Acc (clean): 0.9213 | Acc (poison): 0.9213 | Val Acc: 0.7826 | Time: 00:00:13
Epoch 032 | Seed 2001 | Rate 0.00 | Train Loss: 0.9459 | Val Loss: 0.6901 | Acc (clean): 0.9240 | Acc (poison): 0.9240 | Val Acc: 0.8133 | Time: 00:00:13
Epoch 033 | Seed 2001 | Rate 0.00 | Train Loss: 0.9527 | Val Loss: 0.7626 | Acc (clean): 0.9228 | Acc (poison): 0.9228 | Val Acc: 0.7889 | Time: 00:00:13
Epoch 034 | Seed 2001 | Rate 0.00 | Train Loss: 0.9183 | Val Loss: 0.6328 | Acc (clean): 0.9242 | Acc (poison): 0.9242 | Val Acc: 0.8159 | Time: 00:00:13
Epoch 035 | Seed 2001 | Rate 0.00 | Train Loss: 0.8562 | Val Loss: 0.7154 | Acc (clean): 0.9258 | Acc (poison): 0.9258 | Val Acc: 0.7967 | Time: 00:00:13
Epoch 036 | Seed 2001 | Rate 0.00 | Train Loss: 0.9310 | Val Loss: 0.5815 | Acc (clean): 0.9235 | Acc (poison): 0.9235 | Val Acc: 0.8337 | Time: 00:00:13
Epoch 037 | Seed 2001 | Rate 0.00 | Train Loss: 0.9941 | Val Loss: 0.5834 | Acc (clean): 0.9284 | Acc (poison): 0.9284 | Val Acc: 0.8359 | Time: 00:00:13
Epoch 038 | Seed 2001 | Rate 0.00 | Train Loss: 0.9042 | Val Loss: 0.5933 | Acc (clean): 0.9296 | Acc (poison): 0.9296 | Val Acc: 0.8352 | Time: 00:00:13
Epoch 039 | Seed 2001 | Rate 0.00 | Train Loss: 0.9105 | Val Loss: 0.7273 | Acc (clean): 0.9266 | Acc (poison): 0.9266 | Val Acc: 0.7933 | Time: 00:00:13
Epoch 040 | Seed 2001 | Rate 0.00 | Train Loss: 0.7808 | Val Loss: 0.6178 | Acc (clean): 0.9240 | Acc (poison): 0.9240 | Val Acc: 0.8285 | Time: 00:00:13
Epoch 041 | Seed 2001 | Rate 0.00 | Train Loss: 0.8966 | Val Loss: 0.6619 | Acc (clean): 0.9309 | Acc (poison): 0.9309 | Val Acc: 0.8181 | Time: 00:00:13
Epoch 042 | Seed 2001 | Rate 0.00 | Train Loss: 0.9227 | Val Loss: 0.6241 | Acc (clean): 0.9365 | Acc (poison): 0.9365 | Val Acc: 0.8256 | Time: 00:00:13
Epoch 043 | Seed 2001 | Rate 0.00 | Train Loss: 0.8690 | Val Loss: 0.6880 | Acc (clean): 0.9291 | Acc (poison): 0.9291 | Val Acc: 0.7974 | Time: 00:00:13
Epoch 044 | Seed 2001 | Rate 0.00 | Train Loss: 0.8821 | Val Loss: 0.7427 | Acc (clean): 0.9322 | Acc (poison): 0.9322 | Val Acc: 0.7844 | Time: 00:00:13
Epoch 045 | Seed 2001 | Rate 0.00 | Train Loss: 0.8646 | Val Loss: 0.5495 | Acc (clean): 0.9267 | Acc (poison): 0.9267 | Val Acc: 0.8419 | Time: 00:00:14
Epoch 046 | Seed 2001 | Rate 0.00 | Train Loss: 0.7675 | Val Loss: 0.8645 | Acc (clean): 0.9327 | Acc (poison): 0.9327 | Val Acc: 0.7585 | Time: 00:00:13
Epoch 047 | Seed 2001 | Rate 0.00 | Train Loss: 0.8675 | Val Loss: 0.6632 | Acc (clean): 0.9344 | Acc (poison): 0.9344 | Val Acc: 0.8093 | Time: 00:00:13
Epoch 048 | Seed 2001 | Rate 0.00 | Train Loss: 0.8431 | Val Loss: 0.6390 | Acc (clean): 0.9364 | Acc (poison): 0.9364 | Val Acc: 0.8200 | Time: 00:00:13
Epoch 049 | Seed 2001 | Rate 0.00 | Train Loss: 0.8737 | Val Loss: 0.6037 | Acc (clean): 0.9344 | Acc (poison): 0.9344 | Val Acc: 0.8378 | Time: 00:00:13
Epoch 050 | Seed 2001 | Rate 0.00 | Train Loss: 0.8116 | Val Loss: 0.6597 | Acc (clean): 0.9328 | Acc (poison): 0.9328 | Val Acc: 0.8096 | Time: 00:00:13
Epoch 051 | Seed 2001 | Rate 0.00 | Train Loss: 0.7475 | Val Loss: 0.3089 | Acc (clean): 0.9743 | Acc (poison): 0.9743 | Val Acc: 0.9196 | Time: 00:00:15
Epoch 052 | Seed 2001 | Rate 0.00 | Train Loss: 0.6070 | Val Loss: 0.2572 | Acc (clean): 0.9870 | Acc (poison): 0.9870 | Val Acc: 0.9256 | Time: 00:00:14
Epoch 053 | Seed 2001 | Rate 0.00 | Train Loss: 0.6478 | Val Loss: 0.2690 | Acc (clean): 0.9900 | Acc (poison): 0.9900 | Val Acc: 0.9259 | Time: 00:00:13
Epoch 054 | Seed 2001 | Rate 0.00 | Train Loss: 0.6383 | Val Loss: 0.2683 | Acc (clean): 0.9922 | Acc (poison): 0.9922 | Val Acc: 0.9319 | Time: 00:00:13
Epoch 055 | Seed 2001 | Rate 0.00 | Train Loss: 0.6062 | Val Loss: 0.2534 | Acc (clean): 0.9935 | Acc (poison): 0.9935 | Val Acc: 0.9307 | Time: 00:00:15
Epoch 056 | Seed 2001 | Rate 0.00 | Train Loss: 0.6196 | Val Loss: 0.2786 | Acc (clean): 0.9935 | Acc (poison): 0.9935 | Val Acc: 0.9267 | Time: 00:00:13
Epoch 057 | Seed 2001 | Rate 0.00 | Train Loss: 0.5624 | Val Loss: 0.2565 | Acc (clean): 0.9943 | Acc (poison): 0.9943 | Val Acc: 0.9300 | Time: 00:00:13
Epoch 058 | Seed 2001 | Rate 0.00 | Train Loss: 0.6416 | Val Loss: 0.2565 | Acc (clean): 0.9949 | Acc (poison): 0.9949 | Val Acc: 0.9304 | Time: 00:00:13
Epoch 059 | Seed 2001 | Rate 0.00 | Train Loss: 0.6610 | Val Loss: 0.2743 | Acc (clean): 0.9952 | Acc (poison): 0.9952 | Val Acc: 0.9259 | Time: 00:00:13
Epoch 060 | Seed 2001 | Rate 0.00 | Train Loss: 0.5691 | Val Loss: 0.2440 | Acc (clean): 0.9951 | Acc (poison): 0.9951 | Val Acc: 0.9274 | Time: 00:00:14
Epoch 061 | Seed 2001 | Rate 0.00 | Train Loss: 0.6517 | Val Loss: 0.2622 | Acc (clean): 0.9959 | Acc (poison): 0.9959 | Val Acc: 0.9304 | Time: 00:00:13
Epoch 062 | Seed 2001 | Rate 0.00 | Train Loss: 0.5771 | Val Loss: 0.2552 | Acc (clean): 0.9973 | Acc (poison): 0.9973 | Val Acc: 0.9281 | Time: 00:00:13
Epoch 063 | Seed 2001 | Rate 0.00 | Train Loss: 0.6133 | Val Loss: 0.2580 | Acc (clean): 0.9968 | Acc (poison): 0.9968 | Val Acc: 0.9326 | Time: 00:00:12
Epoch 064 | Seed 2001 | Rate 0.00 | Train Loss: 0.5603 | Val Loss: 0.2332 | Acc (clean): 0.9972 | Acc (poison): 0.9972 | Val Acc: 0.9356 | Time: 00:00:14
Epoch 065 | Seed 2001 | Rate 0.00 | Train Loss: 0.6662 | Val Loss: 0.2644 | Acc (clean): 0.9978 | Acc (poison): 0.9978 | Val Acc: 0.9337 | Time: 00:00:13
Epoch 066 | Seed 2001 | Rate 0.00 | Train Loss: 0.6574 | Val Loss: 0.2548 | Acc (clean): 0.9972 | Acc (poison): 0.9972 | Val Acc: 0.9311 | Time: 00:00:13
Epoch 067 | Seed 2001 | Rate 0.00 | Train Loss: 0.5601 | Val Loss: 0.2473 | Acc (clean): 0.9977 | Acc (poison): 0.9977 | Val Acc: 0.9326 | Time: 00:00:13
Epoch 068 | Seed 2001 | Rate 0.00 | Train Loss: 0.6158 | Val Loss: 0.2539 | Acc (clean): 0.9976 | Acc (poison): 0.9976 | Val Acc: 0.9359 | Time: 00:00:13
Epoch 069 | Seed 2001 | Rate 0.00 | Train Loss: 0.5551 | Val Loss: 0.2374 | Acc (clean): 0.9979 | Acc (poison): 0.9979 | Val Acc: 0.9378 | Time: 00:00:12
Epoch 070 | Seed 2001 | Rate 0.00 | Train Loss: 0.5803 | Val Loss: 0.2606 | Acc (clean): 0.9978 | Acc (poison): 0.9978 | Val Acc: 0.9315 | Time: 00:00:13
Epoch 071 | Seed 2001 | Rate 0.00 | Train Loss: 0.6135 | Val Loss: 0.2724 | Acc (clean): 0.9979 | Acc (poison): 0.9979 | Val Acc: 0.9300 | Time: 00:00:13
Epoch 072 | Seed 2001 | Rate 0.00 | Train Loss: 0.6360 | Val Loss: 0.2734 | Acc (clean): 0.9979 | Acc (poison): 0.9979 | Val Acc: 0.9307 | Time: 00:00:13
Epoch 073 | Seed 2001 | Rate 0.00 | Train Loss: 0.5284 | Val Loss: 0.2489 | Acc (clean): 0.9987 | Acc (poison): 0.9987 | Val Acc: 0.9322 | Time: 00:00:13
Epoch 074 | Seed 2001 | Rate 0.00 | Train Loss: 0.5406 | Val Loss: 0.2969 | Acc (clean): 0.9982 | Acc (poison): 0.9982 | Val Acc: 0.9248 | Time: 00:00:13
Epoch 075 | Seed 2001 | Rate 0.00 | Train Loss: 0.5435 | Val Loss: 0.2618 | Acc (clean): 0.9980 | Acc (poison): 0.9980 | Val Acc: 0.9322 | Time: 00:00:13
Epoch 076 | Seed 2001 | Rate 0.00 | Train Loss: 0.5383 | Val Loss: 0.2396 | Acc (clean): 0.9993 | Acc (poison): 0.9993 | Val Acc: 0.9352 | Time: 00:00:13
Epoch 077 | Seed 2001 | Rate 0.00 | Train Loss: 0.4762 | Val Loss: 0.2451 | Acc (clean): 0.9994 | Acc (poison): 0.9994 | Val Acc: 0.9374 | Time: 00:00:13
Epoch 078 | Seed 2001 | Rate 0.00 | Train Loss: 0.5609 | Val Loss: 0.2344 | Acc (clean): 0.9994 | Acc (poison): 0.9994 | Val Acc: 0.9352 | Time: 00:00:13
Epoch 079 | Seed 2001 | Rate 0.00 | Train Loss: 0.5697 | Val Loss: 0.2463 | Acc (clean): 0.9994 | Acc (poison): 0.9994 | Val Acc: 0.9315 | Time: 00:00:13
Epoch 080 | Seed 2001 | Rate 0.00 | Train Loss: 0.4775 | Val Loss: 0.2641 | Acc (clean): 0.9993 | Acc (poison): 0.9993 | Val Acc: 0.9300 | Time: 00:00:13
Epoch 081 | Seed 2001 | Rate 0.00 | Train Loss: 0.5647 | Val Loss: 0.2331 | Acc (clean): 0.9993 | Acc (poison): 0.9993 | Val Acc: 0.9348 | Time: 00:00:14
Epoch 082 | Seed 2001 | Rate 0.00 | Train Loss: 0.5303 | Val Loss: 0.2203 | Acc (clean): 0.9995 | Acc (poison): 0.9995 | Val Acc: 0.9385 | Time: 00:00:15
Epoch 083 | Seed 2001 | Rate 0.00 | Train Loss: 0.5817 | Val Loss: 0.2420 | Acc (clean): 0.9993 | Acc (poison): 0.9993 | Val Acc: 0.9344 | Time: 00:00:13
Epoch 084 | Seed 2001 | Rate 0.00 | Train Loss: 0.5856 | Val Loss: 0.2487 | Acc (clean): 0.9995 | Acc (poison): 0.9995 | Val Acc: 0.9311 | Time: 00:00:13
Epoch 085 | Seed 2001 | Rate 0.00 | Train Loss: 0.5584 | Val Loss: 0.2453 | Acc (clean): 0.9993 | Acc (poison): 0.9993 | Val Acc: 0.9319 | Time: 00:00:13
Epoch 086 | Seed 2001 | Rate 0.00 | Train Loss: 0.5664 | Val Loss: 0.2427 | Acc (clean): 0.9994 | Acc (poison): 0.9994 | Val Acc: 0.9337 | Time: 00:00:13
Epoch 087 | Seed 2001 | Rate 0.00 | Train Loss: 0.6077 | Val Loss: 0.2799 | Acc (clean): 0.9995 | Acc (poison): 0.9995 | Val Acc: 0.9304 | Time: 00:00:13
Epoch 088 | Seed 2001 | Rate 0.00 | Train Loss: 0.5034 | Val Loss: 0.2316 | Acc (clean): 0.9995 | Acc (poison): 0.9995 | Val Acc: 0.9378 | Time: 00:00:12
Epoch 089 | Seed 2001 | Rate 0.00 | Train Loss: 0.4514 | Val Loss: 0.2285 | Acc (clean): 0.9996 | Acc (poison): 0.9996 | Val Acc: 0.9370 | Time: 00:00:12
Epoch 090 | Seed 2001 | Rate 0.00 | Train Loss: 0.5804 | Val Loss: 0.2289 | Acc (clean): 0.9996 | Acc (poison): 0.9996 | Val Acc: 0.9370 | Time: 00:00:13
Epoch 091 | Seed 2001 | Rate 0.00 | Train Loss: 0.4843 | Val Loss: 0.2339 | Acc (clean): 0.9995 | Acc (poison): 0.9995 | Val Acc: 0.9363 | Time: 00:00:13
Epoch 092 | Seed 2001 | Rate 0.00 | Train Loss: 0.5447 | Val Loss: 0.2269 | Acc (clean): 0.9997 | Acc (poison): 0.9997 | Val Acc: 0.9396 | Time: 00:00:13
Epoch 093 | Seed 2001 | Rate 0.00 | Train Loss: 0.5577 | Val Loss: 0.2469 | Acc (clean): 0.9998 | Acc (poison): 0.9998 | Val Acc: 0.9341 | Time: 00:00:13
Epoch 094 | Seed 2001 | Rate 0.00 | Train Loss: 0.6045 | Val Loss: 0.2536 | Acc (clean): 0.9997 | Acc (poison): 0.9997 | Val Acc: 0.9344 | Time: 00:00:13
Epoch 095 | Seed 2001 | Rate 0.00 | Train Loss: 0.6743 | Val Loss: 0.2349 | Acc (clean): 0.9994 | Acc (poison): 0.9994 | Val Acc: 0.9374 | Time: 00:00:13
Epoch 096 | Seed 2001 | Rate 0.00 | Train Loss: 0.5925 | Val Loss: 0.2303 | Acc (clean): 0.9993 | Acc (poison): 0.9993 | Val Acc: 0.9400 | Time: 00:00:13
Epoch 097 | Seed 2001 | Rate 0.00 | Train Loss: 0.5331 | Val Loss: 0.2563 | Acc (clean): 0.9998 | Acc (poison): 0.9998 | Val Acc: 0.9322 | Time: 00:00:13
Epoch 098 | Seed 2001 | Rate 0.00 | Train Loss: 0.5473 | Val Loss: 0.2452 | Acc (clean): 0.9995 | Acc (poison): 0.9995 | Val Acc: 0.9344 | Time: 00:00:12
Epoch 099 | Seed 2001 | Rate 0.00 | Train Loss: 0.6322 | Val Loss: 0.2377 | Acc (clean): 0.9995 | Acc (poison): 0.9995 | Val Acc: 0.9359 | Time: 00:00:12
Epoch 100 | Seed 2001 | Rate 0.00 | Train Loss: 0.6240 | Val Loss: 0.2327 | Acc (clean): 0.9997 | Acc (poison): 0.9997 | Val Acc: 0.9367 | Time: 00:00:12

=== defense=mixup attack=RQ1 seed=2001 rate=0.01 ===
Loading train data from /home/yazanme/BachelorThesis/BachelorThesis/data/processed/resisc45/train.h5 with mapping /home/yazanme/BachelorThesis/BachelorThesis/data/processed/resisc45/poisoned/RQ1/seed_2001/labels_0.01.pt... (in_memory=True, workers=4)
Testing torch.compile support...
Successfully compiled model using torch.compile.
Epoch 001 | Seed 2001 | Rate 0.01 | Train Loss: 3.2581 | Val Loss: 2.6384 | Acc (clean): 0.2152 | Acc (poison): 0.2133 | Val Acc: 0.2622 | Time: 00:00:13
Epoch 002 | Seed 2001 | Rate 0.01 | Train Loss: 2.5557 | Val Loss: 2.0803 | Acc (clean): 0.3827 | Acc (poison): 0.3789 | Val Acc: 0.4078 | Time: 00:00:13
Epoch 003 | Seed 2001 | Rate 0.01 | Train Loss: 2.2205 | Val Loss: 2.0246 | Acc (clean): 0.4919 | Acc (poison): 0.4866 | Val Acc: 0.4374 | Time: 00:00:13
Epoch 004 | Seed 2001 | Rate 0.01 | Train Loss: 1.9959 | Val Loss: 1.7777 | Acc (clean): 0.5654 | Acc (poison): 0.5597 | Val Acc: 0.4815 | Time: 00:00:12
Epoch 005 | Seed 2001 | Rate 0.01 | Train Loss: 1.8223 | Val Loss: 1.6957 | Acc (clean): 0.6174 | Acc (poison): 0.6115 | Val Acc: 0.5159 | Time: 00:00:13
Epoch 006 | Seed 2001 | Rate 0.01 | Train Loss: 1.7240 | Val Loss: 1.6453 | Acc (clean): 0.6655 | Acc (poison): 0.6588 | Val Acc: 0.5278 | Time: 00:00:13
Epoch 007 | Seed 2001 | Rate 0.01 | Train Loss: 1.5767 | Val Loss: 1.5284 | Acc (clean): 0.7018 | Acc (poison): 0.6945 | Val Acc: 0.5581 | Time: 00:00:13
Epoch 008 | Seed 2001 | Rate 0.01 | Train Loss: 1.5112 | Val Loss: 1.3046 | Acc (clean): 0.7293 | Acc (poison): 0.7219 | Val Acc: 0.6115 | Time: 00:00:13
Epoch 009 | Seed 2001 | Rate 0.01 | Train Loss: 1.4152 | Val Loss: 1.1323 | Acc (clean): 0.7653 | Acc (poison): 0.7578 | Val Acc: 0.6830 | Time: 00:00:14
Epoch 010 | Seed 2001 | Rate 0.01 | Train Loss: 1.3570 | Val Loss: 0.9662 | Acc (clean): 0.7930 | Acc (poison): 0.7854 | Val Acc: 0.7122 | Time: 00:00:13
Epoch 011 | Seed 2001 | Rate 0.01 | Train Loss: 1.3341 | Val Loss: 0.9188 | Acc (clean): 0.8174 | Acc (poison): 0.8093 | Val Acc: 0.7600 | Time: 00:00:13
Epoch 012 | Seed 2001 | Rate 0.01 | Train Loss: 1.2124 | Val Loss: 0.9341 | Acc (clean): 0.8327 | Acc (poison): 0.8246 | Val Acc: 0.7204 | Time: 00:00:12
Epoch 013 | Seed 2001 | Rate 0.01 | Train Loss: 1.1667 | Val Loss: 1.0722 | Acc (clean): 0.8424 | Acc (poison): 0.8342 | Val Acc: 0.7037 | Time: 00:00:12
Epoch 014 | Seed 2001 | Rate 0.01 | Train Loss: 1.1179 | Val Loss: 0.6818 | Acc (clean): 0.8562 | Acc (poison): 0.8477 | Val Acc: 0.7933 | Time: 00:00:13
Epoch 015 | Seed 2001 | Rate 0.01 | Train Loss: 1.1179 | Val Loss: 0.7595 | Acc (clean): 0.8655 | Acc (poison): 0.8571 | Val Acc: 0.7911 | Time: 00:00:13
Epoch 016 | Seed 2001 | Rate 0.01 | Train Loss: 1.1098 | Val Loss: 0.8531 | Acc (clean): 0.8751 | Acc (poison): 0.8668 | Val Acc: 0.7600 | Time: 00:00:12
Epoch 017 | Seed 2001 | Rate 0.01 | Train Loss: 1.1629 | Val Loss: 0.7150 | Acc (clean): 0.8791 | Acc (poison): 0.8712 | Val Acc: 0.7941 | Time: 00:00:12
Epoch 018 | Seed 2001 | Rate 0.01 | Train Loss: 1.0822 | Val Loss: 0.7116 | Acc (clean): 0.8840 | Acc (poison): 0.8759 | Val Acc: 0.8052 | Time: 00:00:12
Epoch 019 | Seed 2001 | Rate 0.01 | Train Loss: 1.0582 | Val Loss: 0.7343 | Acc (clean): 0.8885 | Acc (poison): 0.8803 | Val Acc: 0.8111 | Time: 00:00:13
Epoch 020 | Seed 2001 | Rate 0.01 | Train Loss: 1.0518 | Val Loss: 0.6827 | Acc (clean): 0.8928 | Acc (poison): 0.8845 | Val Acc: 0.8107 | Time: 00:00:12
Epoch 021 | Seed 2001 | Rate 0.01 | Train Loss: 1.0320 | Val Loss: 0.9808 | Acc (clean): 0.8974 | Acc (poison): 0.8893 | Val Acc: 0.7289 | Time: 00:00:12
Epoch 022 | Seed 2001 | Rate 0.01 | Train Loss: 1.0215 | Val Loss: 0.7355 | Acc (clean): 0.8976 | Acc (poison): 0.8895 | Val Acc: 0.8007 | Time: 00:00:13
Epoch 023 | Seed 2001 | Rate 0.01 | Train Loss: 1.0005 | Val Loss: 0.7236 | Acc (clean): 0.9003 | Acc (poison): 0.8918 | Val Acc: 0.7896 | Time: 00:00:12
Epoch 024 | Seed 2001 | Rate 0.01 | Train Loss: 1.0283 | Val Loss: 0.7983 | Acc (clean): 0.9112 | Acc (poison): 0.9028 | Val Acc: 0.7656 | Time: 00:00:12
Epoch 025 | Seed 2001 | Rate 0.01 | Train Loss: 0.9372 | Val Loss: 0.8840 | Acc (clean): 0.9053 | Acc (poison): 0.8971 | Val Acc: 0.7648 | Time: 00:00:12
Epoch 026 | Seed 2001 | Rate 0.01 | Train Loss: 1.0046 | Val Loss: 0.7877 | Acc (clean): 0.9099 | Acc (poison): 0.9014 | Val Acc: 0.7933 | Time: 00:00:12
Epoch 027 | Seed 2001 | Rate 0.01 | Train Loss: 0.9977 | Val Loss: 0.5678 | Acc (clean): 0.9149 | Acc (poison): 0.9069 | Val Acc: 0.8356 | Time: 00:00:13
Epoch 028 | Seed 2001 | Rate 0.01 | Train Loss: 0.9970 | Val Loss: 0.6328 | Acc (clean): 0.9119 | Acc (poison): 0.9036 | Val Acc: 0.8241 | Time: 00:00:12
Epoch 029 | Seed 2001 | Rate 0.01 | Train Loss: 0.9368 | Val Loss: 0.7179 | Acc (clean): 0.9128 | Acc (poison): 0.9043 | Val Acc: 0.8204 | Time: 00:00:13
Epoch 030 | Seed 2001 | Rate 0.01 | Train Loss: 0.9323 | Val Loss: 0.5757 | Acc (clean): 0.9208 | Acc (poison): 0.9129 | Val Acc: 0.8400 | Time: 00:00:12
Epoch 031 | Seed 2001 | Rate 0.01 | Train Loss: 0.9784 | Val Loss: 0.6859 | Acc (clean): 0.9208 | Acc (poison): 0.9125 | Val Acc: 0.8122 | Time: 00:00:12
Epoch 032 | Seed 2001 | Rate 0.01 | Train Loss: 0.9963 | Val Loss: 0.6084 | Acc (clean): 0.9237 | Acc (poison): 0.9156 | Val Acc: 0.8393 | Time: 00:00:12
Epoch 033 | Seed 2001 | Rate 0.01 | Train Loss: 1.0033 | Val Loss: 0.7418 | Acc (clean): 0.9222 | Acc (poison): 0.9142 | Val Acc: 0.8148 | Time: 00:00:12
Epoch 034 | Seed 2001 | Rate 0.01 | Train Loss: 0.9981 | Val Loss: 0.6026 | Acc (clean): 0.9187 | Acc (poison): 0.9100 | Val Acc: 0.8385 | Time: 00:00:12
Epoch 035 | Seed 2001 | Rate 0.01 | Train Loss: 0.9226 | Val Loss: 0.7840 | Acc (clean): 0.9175 | Acc (poison): 0.9098 | Val Acc: 0.7930 | Time: 00:00:12
Epoch 036 | Seed 2001 | Rate 0.01 | Train Loss: 0.9906 | Val Loss: 0.5991 | Acc (clean): 0.9249 | Acc (poison): 0.9165 | Val Acc: 0.8252 | Time: 00:00:12
Epoch 037 | Seed 2001 | Rate 0.01 | Train Loss: 1.0567 | Val Loss: 0.6677 | Acc (clean): 0.9285 | Acc (poison): 0.9203 | Val Acc: 0.8237 | Time: 00:00:12
Epoch 038 | Seed 2001 | Rate 0.01 | Train Loss: 0.9684 | Val Loss: 0.6262 | Acc (clean): 0.9271 | Acc (poison): 0.9189 | Val Acc: 0.8248 | Time: 00:00:12
Epoch 039 | Seed 2001 | Rate 0.01 | Train Loss: 0.9664 | Val Loss: 0.6194 | Acc (clean): 0.9283 | Acc (poison): 0.9201 | Val Acc: 0.8311 | Time: 00:00:12
Epoch 040 | Seed 2001 | Rate 0.01 | Train Loss: 0.8438 | Val Loss: 0.8219 | Acc (clean): 0.9230 | Acc (poison): 0.9149 | Val Acc: 0.7893 | Time: 00:00:12
Epoch 041 | Seed 2001 | Rate 0.01 | Train Loss: 0.9621 | Val Loss: 0.6304 | Acc (clean): 0.9284 | Acc (poison): 0.9200 | Val Acc: 0.8348 | Time: 00:00:12
Epoch 042 | Seed 2001 | Rate 0.01 | Train Loss: 0.9914 | Val Loss: 0.7333 | Acc (clean): 0.9345 | Acc (poison): 0.9270 | Val Acc: 0.7996 | Time: 00:00:12
Epoch 043 | Seed 2001 | Rate 0.01 | Train Loss: 0.9157 | Val Loss: 0.8232 | Acc (clean): 0.9332 | Acc (poison): 0.9251 | Val Acc: 0.7815 | Time: 00:00:12
Epoch 044 | Seed 2001 | Rate 0.01 | Train Loss: 0.9431 | Val Loss: 0.7697 | Acc (clean): 0.9280 | Acc (poison): 0.9200 | Val Acc: 0.7833 | Time: 00:00:12
Epoch 045 | Seed 2001 | Rate 0.01 | Train Loss: 0.9178 | Val Loss: 0.7200 | Acc (clean): 0.9280 | Acc (poison): 0.9199 | Val Acc: 0.8067 | Time: 00:00:12
Epoch 046 | Seed 2001 | Rate 0.01 | Train Loss: 0.8371 | Val Loss: 0.7684 | Acc (clean): 0.9270 | Acc (poison): 0.9189 | Val Acc: 0.7970 | Time: 00:00:12
Epoch 047 | Seed 2001 | Rate 0.01 | Train Loss: 0.9259 | Val Loss: 0.5120 | Acc (clean): 0.9335 | Acc (poison): 0.9250 | Val Acc: 0.8593 | Time: 00:00:13
Epoch 048 | Seed 2001 | Rate 0.01 | Train Loss: 0.8913 | Val Loss: 0.6623 | Acc (clean): 0.9396 | Acc (poison): 0.9319 | Val Acc: 0.8256 | Time: 00:00:12
Epoch 049 | Seed 2001 | Rate 0.01 | Train Loss: 0.9402 | Val Loss: 0.6993 | Acc (clean): 0.9320 | Acc (poison): 0.9240 | Val Acc: 0.8130 | Time: 00:00:12
Epoch 050 | Seed 2001 | Rate 0.01 | Train Loss: 0.8612 | Val Loss: 0.6500 | Acc (clean): 0.9316 | Acc (poison): 0.9238 | Val Acc: 0.8204 | Time: 00:00:12
Epoch 051 | Seed 2001 | Rate 0.01 | Train Loss: 0.7888 | Val Loss: 0.3721 | Acc (clean): 0.9746 | Acc (poison): 0.9672 | Val Acc: 0.9130 | Time: 00:00:13
Epoch 052 | Seed 2001 | Rate 0.01 | Train Loss: 0.6542 | Val Loss: 0.3011 | Acc (clean): 0.9872 | Acc (poison): 0.9799 | Val Acc: 0.9230 | Time: 00:00:13
Epoch 053 | Seed 2001 | Rate 0.01 | Train Loss: 0.6893 | Val Loss: 0.3346 | Acc (clean): 0.9885 | Acc (poison): 0.9820 | Val Acc: 0.9163 | Time: 00:00:12
Epoch 054 | Seed 2001 | Rate 0.01 | Train Loss: 0.6800 | Val Loss: 0.3178 | Acc (clean): 0.9901 | Acc (poison): 0.9850 | Val Acc: 0.9211 | Time: 00:00:12
Epoch 055 | Seed 2001 | Rate 0.01 | Train Loss: 0.6417 | Val Loss: 0.3074 | Acc (clean): 0.9908 | Acc (poison): 0.9859 | Val Acc: 0.9196 | Time: 00:00:12
Epoch 056 | Seed 2001 | Rate 0.01 | Train Loss: 0.6583 | Val Loss: 0.3318 | Acc (clean): 0.9919 | Acc (poison): 0.9869 | Val Acc: 0.9219 | Time: 00:00:12
Epoch 057 | Seed 2001 | Rate 0.01 | Train Loss: 0.5990 | Val Loss: 0.3130 | Acc (clean): 0.9924 | Acc (poison): 0.9881 | Val Acc: 0.9230 | Time: 00:00:12
Epoch 058 | Seed 2001 | Rate 0.01 | Train Loss: 0.6794 | Val Loss: 0.3093 | Acc (clean): 0.9922 | Acc (poison): 0.9887 | Val Acc: 0.9241 | Time: 00:00:12
Epoch 059 | Seed 2001 | Rate 0.01 | Train Loss: 0.6907 | Val Loss: 0.3333 | Acc (clean): 0.9921 | Acc (poison): 0.9891 | Val Acc: 0.9263 | Time: 00:00:12
Epoch 060 | Seed 2001 | Rate 0.01 | Train Loss: 0.5986 | Val Loss: 0.2825 | Acc (clean): 0.9937 | Acc (poison): 0.9905 | Val Acc: 0.9230 | Time: 00:00:12
Epoch 061 | Seed 2001 | Rate 0.01 | Train Loss: 0.6779 | Val Loss: 0.3362 | Acc (clean): 0.9923 | Acc (poison): 0.9911 | Val Acc: 0.9215 | Time: 00:00:12
Epoch 062 | Seed 2001 | Rate 0.01 | Train Loss: 0.6122 | Val Loss: 0.3211 | Acc (clean): 0.9926 | Acc (poison): 0.9906 | Val Acc: 0.9237 | Time: 00:00:12
Epoch 063 | Seed 2001 | Rate 0.01 | Train Loss: 0.6403 | Val Loss: 0.3163 | Acc (clean): 0.9926 | Acc (poison): 0.9922 | Val Acc: 0.9252 | Time: 00:00:12
Epoch 064 | Seed 2001 | Rate 0.01 | Train Loss: 0.5913 | Val Loss: 0.2651 | Acc (clean): 0.9929 | Acc (poison): 0.9918 | Val Acc: 0.9307 | Time: 00:00:13
Epoch 065 | Seed 2001 | Rate 0.01 | Train Loss: 0.7007 | Val Loss: 0.3433 | Acc (clean): 0.9924 | Acc (poison): 0.9924 | Val Acc: 0.9222 | Time: 00:00:12
Epoch 066 | Seed 2001 | Rate 0.01 | Train Loss: 0.6860 | Val Loss: 0.2994 | Acc (clean): 0.9926 | Acc (poison): 0.9932 | Val Acc: 0.9256 | Time: 00:00:12
Epoch 067 | Seed 2001 | Rate 0.01 | Train Loss: 0.5869 | Val Loss: 0.3147 | Acc (clean): 0.9928 | Acc (poison): 0.9928 | Val Acc: 0.9281 | Time: 00:00:12
Epoch 068 | Seed 2001 | Rate 0.01 | Train Loss: 0.6435 | Val Loss: 0.3261 | Acc (clean): 0.9921 | Acc (poison): 0.9941 | Val Acc: 0.9241 | Time: 00:00:12
Epoch 069 | Seed 2001 | Rate 0.01 | Train Loss: 0.5843 | Val Loss: 0.3017 | Acc (clean): 0.9918 | Acc (poison): 0.9938 | Val Acc: 0.9270 | Time: 00:00:12
Epoch 070 | Seed 2001 | Rate 0.01 | Train Loss: 0.6039 | Val Loss: 0.3083 | Acc (clean): 0.9919 | Acc (poison): 0.9944 | Val Acc: 0.9259 | Time: 00:00:12
Epoch 071 | Seed 2001 | Rate 0.01 | Train Loss: 0.6423 | Val Loss: 0.3384 | Acc (clean): 0.9917 | Acc (poison): 0.9948 | Val Acc: 0.9219 | Time: 00:00:12
Epoch 072 | Seed 2001 | Rate 0.01 | Train Loss: 0.6643 | Val Loss: 0.3426 | Acc (clean): 0.9920 | Acc (poison): 0.9947 | Val Acc: 0.9263 | Time: 00:00:12
Epoch 073 | Seed 2001 | Rate 0.01 | Train Loss: 0.5519 | Val Loss: 0.2796 | Acc (clean): 0.9919 | Acc (poison): 0.9946 | Val Acc: 0.9281 | Time: 00:00:12
Epoch 074 | Seed 2001 | Rate 0.01 | Train Loss: 0.5635 | Val Loss: 0.3309 | Acc (clean): 0.9909 | Acc (poison): 0.9953 | Val Acc: 0.9296 | Time: 00:00:12
Epoch 075 | Seed 2001 | Rate 0.01 | Train Loss: 0.5622 | Val Loss: 0.3201 | Acc (clean): 0.9913 | Acc (poison): 0.9958 | Val Acc: 0.9241 | Time: 00:00:12
Epoch 076 | Seed 2001 | Rate 0.01 | Train Loss: 0.5591 | Val Loss: 0.2863 | Acc (clean): 0.9912 | Acc (poison): 0.9972 | Val Acc: 0.9344 | Time: 00:00:12
Epoch 077 | Seed 2001 | Rate 0.01 | Train Loss: 0.4927 | Val Loss: 0.2750 | Acc (clean): 0.9910 | Acc (poison): 0.9981 | Val Acc: 0.9326 | Time: 00:00:12
Epoch 078 | Seed 2001 | Rate 0.01 | Train Loss: 0.5801 | Val Loss: 0.2720 | Acc (clean): 0.9912 | Acc (poison): 0.9977 | Val Acc: 0.9315 | Time: 00:00:12
Epoch 079 | Seed 2001 | Rate 0.01 | Train Loss: 0.5896 | Val Loss: 0.3023 | Acc (clean): 0.9911 | Acc (poison): 0.9979 | Val Acc: 0.9296 | Time: 00:00:12
Epoch 080 | Seed 2001 | Rate 0.01 | Train Loss: 0.4972 | Val Loss: 0.3209 | Acc (clean): 0.9915 | Acc (poison): 0.9975 | Val Acc: 0.9274 | Time: 00:00:12
Epoch 081 | Seed 2001 | Rate 0.01 | Train Loss: 0.5835 | Val Loss: 0.2732 | Acc (clean): 0.9913 | Acc (poison): 0.9980 | Val Acc: 0.9315 | Time: 00:00:12
Epoch 082 | Seed 2001 | Rate 0.01 | Train Loss: 0.5528 | Val Loss: 0.2515 | Acc (clean): 0.9911 | Acc (poison): 0.9981 | Val Acc: 0.9330 | Time: 00:00:12
Epoch 083 | Seed 2001 | Rate 0.01 | Train Loss: 0.6024 | Val Loss: 0.2901 | Acc (clean): 0.9913 | Acc (poison): 0.9975 | Val Acc: 0.9315 | Time: 00:00:12
Epoch 084 | Seed 2001 | Rate 0.01 | Train Loss: 0.6025 | Val Loss: 0.2957 | Acc (clean): 0.9906 | Acc (poison): 0.9981 | Val Acc: 0.9341 | Time: 00:00:12
Epoch 085 | Seed 2001 | Rate 0.01 | Train Loss: 0.5780 | Val Loss: 0.3040 | Acc (clean): 0.9909 | Acc (poison): 0.9978 | Val Acc: 0.9281 | Time: 00:00:12
Epoch 086 | Seed 2001 | Rate 0.01 | Train Loss: 0.5877 | Val Loss: 0.2933 | Acc (clean): 0.9908 | Acc (poison): 0.9979 | Val Acc: 0.9326 | Time: 00:00:12
Epoch 087 | Seed 2001 | Rate 0.01 | Train Loss: 0.6261 | Val Loss: 0.3477 | Acc (clean): 0.9907 | Acc (poison): 0.9980 | Val Acc: 0.9252 | Time: 00:00:12
Epoch 088 | Seed 2001 | Rate 0.01 | Train Loss: 0.5199 | Val Loss: 0.2608 | Acc (clean): 0.9907 | Acc (poison): 0.9980 | Val Acc: 0.9344 | Time: 00:00:12
Epoch 089 | Seed 2001 | Rate 0.01 | Train Loss: 0.4734 | Val Loss: 0.2708 | Acc (clean): 0.9910 | Acc (poison): 0.9981 | Val Acc: 0.9315 | Time: 00:00:12
Epoch 090 | Seed 2001 | Rate 0.01 | Train Loss: 0.6051 | Val Loss: 0.2737 | Acc (clean): 0.9910 | Acc (poison): 0.9979 | Val Acc: 0.9322 | Time: 00:00:12
Epoch 091 | Seed 2001 | Rate 0.01 | Train Loss: 0.5000 | Val Loss: 0.2647 | Acc (clean): 0.9913 | Acc (poison): 0.9984 | Val Acc: 0.9348 | Time: 00:00:12
Epoch 092 | Seed 2001 | Rate 0.01 | Train Loss: 0.5651 | Val Loss: 0.2658 | Acc (clean): 0.9913 | Acc (poison): 0.9981 | Val Acc: 0.9356 | Time: 00:00:12
Epoch 093 | Seed 2001 | Rate 0.01 | Train Loss: 0.5778 | Val Loss: 0.2945 | Acc (clean): 0.9912 | Acc (poison): 0.9979 | Val Acc: 0.9319 | Time: 00:00:12
Epoch 094 | Seed 2001 | Rate 0.01 | Train Loss: 0.6255 | Val Loss: 0.3292 | Acc (clean): 0.9911 | Acc (poison): 0.9985 | Val Acc: 0.9256 | Time: 00:00:12
Epoch 095 | Seed 2001 | Rate 0.01 | Train Loss: 0.6960 | Val Loss: 0.2788 | Acc (clean): 0.9907 | Acc (poison): 0.9980 | Val Acc: 0.9337 | Time: 00:00:12
Epoch 096 | Seed 2001 | Rate 0.01 | Train Loss: 0.6134 | Val Loss: 0.2977 | Acc (clean): 0.9908 | Acc (poison): 0.9983 | Val Acc: 0.9319 | Time: 00:00:12
Epoch 097 | Seed 2001 | Rate 0.01 | Train Loss: 0.5482 | Val Loss: 0.3287 | Acc (clean): 0.9906 | Acc (poison): 0.9986 | Val Acc: 0.9274 | Time: 00:00:12
Epoch 098 | Seed 2001 | Rate 0.01 | Train Loss: 0.5653 | Val Loss: 0.2901 | Acc (clean): 0.9909 | Acc (poison): 0.9983 | Val Acc: 0.9300 | Time: 00:00:11
Epoch 099 | Seed 2001 | Rate 0.01 | Train Loss: 0.6559 | Val Loss: 0.2975 | Acc (clean): 0.9908 | Acc (poison): 0.9984 | Val Acc: 0.9311 | Time: 00:00:12
Epoch 100 | Seed 2001 | Rate 0.01 | Train Loss: 0.6390 | Val Loss: 0.2733 | Acc (clean): 0.9907 | Acc (poison): 0.9983 | Val Acc: 0.9356 | Time: 00:00:12

=== defense=mixup attack=RQ1 seed=2001 rate=0.02 ===
Loading train data from /home/yazanme/BachelorThesis/BachelorThesis/data/processed/resisc45/train.h5 with mapping /home/yazanme/BachelorThesis/BachelorThesis/data/processed/resisc45/poisoned/RQ1/seed_2001/labels_0.02.pt... (in_memory=True, workers=4)
Testing torch.compile support...
Successfully compiled model using torch.compile.
Epoch 001 | Seed 2001 | Rate 0.02 | Train Loss: 3.2224 | Val Loss: 2.3790 | Acc (clean): 0.2330 | Acc (poison): 0.2285 | Val Acc: 0.3319 | Time: 00:00:14
Epoch 002 | Seed 2001 | Rate 0.02 | Train Loss: 2.4912 | Val Loss: 2.0240 | Acc (clean): 0.4167 | Acc (poison): 0.4084 | Val Acc: 0.4093 | Time: 00:00:13
Epoch 003 | Seed 2001 | Rate 0.02 | Train Loss: 2.1852 | Val Loss: 2.2969 | Acc (clean): 0.5193 | Acc (poison): 0.5087 | Val Acc: 0.3733 | Time: 00:00:12
Epoch 004 | Seed 2001 | Rate 0.02 | Train Loss: 1.9775 | Val Loss: 1.8280 | Acc (clean): 0.5889 | Acc (poison): 0.5779 | Val Acc: 0.4830 | Time: 00:00:13
Epoch 005 | Seed 2001 | Rate 0.02 | Train Loss: 1.8173 | Val Loss: 1.9471 | Acc (clean): 0.6300 | Acc (poison): 0.6177 | Val Acc: 0.4622 | Time: 00:00:12
Epoch 006 | Seed 2001 | Rate 0.02 | Train Loss: 1.7116 | Val Loss: 1.3439 | Acc (clean): 0.6815 | Acc (poison): 0.6683 | Val Acc: 0.6133 | Time: 00:00:14
Epoch 007 | Seed 2001 | Rate 0.02 | Train Loss: 1.5499 | Val Loss: 1.3047 | Acc (clean): 0.7220 | Acc (poison): 0.7078 | Val Acc: 0.6152 | Time: 00:00:13
Epoch 008 | Seed 2001 | Rate 0.02 | Train Loss: 1.4839 | Val Loss: 1.2248 | Acc (clean): 0.7549 | Acc (poison): 0.7405 | Val Acc: 0.6344 | Time: 00:00:13
Epoch 009 | Seed 2001 | Rate 0.02 | Train Loss: 1.3960 | Val Loss: 0.9402 | Acc (clean): 0.7897 | Acc (poison): 0.7744 | Val Acc: 0.7481 | Time: 00:00:13
Epoch 010 | Seed 2001 | Rate 0.02 | Train Loss: 1.3613 | Val Loss: 0.9556 | Acc (clean): 0.8045 | Acc (poison): 0.7888 | Val Acc: 0.7244 | Time: 00:00:12
Epoch 011 | Seed 2001 | Rate 0.02 | Train Loss: 1.3620 | Val Loss: 0.9109 | Acc (clean): 0.8239 | Acc (poison): 0.8078 | Val Acc: 0.7626 | Time: 00:00:13
Epoch 012 | Seed 2001 | Rate 0.02 | Train Loss: 1.2475 | Val Loss: 0.9795 | Acc (clean): 0.8387 | Acc (poison): 0.8230 | Val Acc: 0.7033 | Time: 00:00:12
Epoch 013 | Seed 2001 | Rate 0.02 | Train Loss: 1.2067 | Val Loss: 0.9050 | Acc (clean): 0.8449 | Acc (poison): 0.8284 | Val Acc: 0.7652 | Time: 00:00:13
Epoch 014 | Seed 2001 | Rate 0.02 | Train Loss: 1.1587 | Val Loss: 0.6779 | Acc (clean): 0.8563 | Acc (poison): 0.8399 | Val Acc: 0.8044 | Time: 00:00:12
Epoch 015 | Seed 2001 | Rate 0.02 | Train Loss: 1.1671 | Val Loss: 0.8477 | Acc (clean): 0.8627 | Acc (poison): 0.8463 | Val Acc: 0.7722 | Time: 00:00:12
Epoch 016 | Seed 2001 | Rate 0.02 | Train Loss: 1.1577 | Val Loss: 0.9375 | Acc (clean): 0.8709 | Acc (poison): 0.8544 | Val Acc: 0.7411 | Time: 00:00:12
Epoch 017 | Seed 2001 | Rate 0.02 | Train Loss: 1.2066 | Val Loss: 0.6714 | Acc (clean): 0.8773 | Acc (poison): 0.8613 | Val Acc: 0.8078 | Time: 00:00:13
Epoch 018 | Seed 2001 | Rate 0.02 | Train Loss: 1.1370 | Val Loss: 0.6782 | Acc (clean): 0.8774 | Acc (poison): 0.8613 | Val Acc: 0.8174 | Time: 00:00:12
Epoch 019 | Seed 2001 | Rate 0.02 | Train Loss: 1.1101 | Val Loss: 0.8057 | Acc (clean): 0.8836 | Acc (poison): 0.8677 | Val Acc: 0.7904 | Time: 00:00:12
Epoch 020 | Seed 2001 | Rate 0.02 | Train Loss: 1.1039 | Val Loss: 0.7719 | Acc (clean): 0.8882 | Acc (poison): 0.8718 | Val Acc: 0.7904 | Time: 00:00:12
Epoch 021 | Seed 2001 | Rate 0.02 | Train Loss: 1.0831 | Val Loss: 0.9295 | Acc (clean): 0.8923 | Acc (poison): 0.8765 | Val Acc: 0.7341 | Time: 00:00:12
Epoch 022 | Seed 2001 | Rate 0.02 | Train Loss: 1.0731 | Val Loss: 0.9063 | Acc (clean): 0.8918 | Acc (poison): 0.8751 | Val Acc: 0.7504 | Time: 00:00:12
Epoch 023 | Seed 2001 | Rate 0.02 | Train Loss: 1.0527 | Val Loss: 0.8356 | Acc (clean): 0.8968 | Acc (poison): 0.8801 | Val Acc: 0.7719 | Time: 00:00:12
Epoch 024 | Seed 2001 | Rate 0.02 | Train Loss: 1.0754 | Val Loss: 0.8204 | Acc (clean): 0.9044 | Acc (poison): 0.8877 | Val Acc: 0.7681 | Time: 00:00:12
Epoch 025 | Seed 2001 | Rate 0.02 | Train Loss: 0.9981 | Val Loss: 0.7933 | Acc (clean): 0.8977 | Acc (poison): 0.8815 | Val Acc: 0.8007 | Time: 00:00:12
Epoch 026 | Seed 2001 | Rate 0.02 | Train Loss: 1.0586 | Val Loss: 0.7357 | Acc (clean): 0.9010 | Acc (poison): 0.8847 | Val Acc: 0.8030 | Time: 00:00:13
Epoch 027 | Seed 2001 | Rate 0.02 | Train Loss: 1.0490 | Val Loss: 0.5394 | Acc (clean): 0.9093 | Acc (poison): 0.8935 | Val Acc: 0.8537 | Time: 00:00:13
Epoch 028 | Seed 2001 | Rate 0.02 | Train Loss: 1.0519 | Val Loss: 0.6560 | Acc (clean): 0.9071 | Acc (poison): 0.8912 | Val Acc: 0.8307 | Time: 00:00:12
Epoch 029 | Seed 2001 | Rate 0.02 | Train Loss: 0.9870 | Val Loss: 0.6856 | Acc (clean): 0.9098 | Acc (poison): 0.8937 | Val Acc: 0.8252 | Time: 00:00:12
Epoch 030 | Seed 2001 | Rate 0.02 | Train Loss: 0.9928 | Val Loss: 0.6137 | Acc (clean): 0.9114 | Acc (poison): 0.8952 | Val Acc: 0.8270 | Time: 00:00:12
Epoch 031 | Seed 2001 | Rate 0.02 | Train Loss: 1.0309 | Val Loss: 0.8762 | Acc (clean): 0.9126 | Acc (poison): 0.8964 | Val Acc: 0.7496 | Time: 00:00:12
Epoch 032 | Seed 2001 | Rate 0.02 | Train Loss: 1.0484 | Val Loss: 0.6545 | Acc (clean): 0.9177 | Acc (poison): 0.9017 | Val Acc: 0.8222 | Time: 00:00:12
Epoch 033 | Seed 2001 | Rate 0.02 | Train Loss: 1.0569 | Val Loss: 0.7848 | Acc (clean): 0.9168 | Acc (poison): 0.9003 | Val Acc: 0.8115 | Time: 00:00:12
Epoch 034 | Seed 2001 | Rate 0.02 | Train Loss: 1.0408 | Val Loss: 1.1022 | Acc (clean): 0.9161 | Acc (poison): 0.8997 | Val Acc: 0.6956 | Time: 00:00:13
Epoch 035 | Seed 2001 | Rate 0.02 | Train Loss: 0.9749 | Val Loss: 0.7468 | Acc (clean): 0.9147 | Acc (poison): 0.8991 | Val Acc: 0.7989 | Time: 00:00:13
Epoch 036 | Seed 2001 | Rate 0.02 | Train Loss: 1.0433 | Val Loss: 0.6185 | Acc (clean): 0.9174 | Acc (poison): 0.9008 | Val Acc: 0.8222 | Time: 00:00:12
Epoch 037 | Seed 2001 | Rate 0.02 | Train Loss: 1.1038 | Val Loss: 0.7443 | Acc (clean): 0.9223 | Acc (poison): 0.9063 | Val Acc: 0.8004 | Time: 00:00:12
Epoch 038 | Seed 2001 | Rate 0.02 | Train Loss: 1.0144 | Val Loss: 0.5940 | Acc (clean): 0.9226 | Acc (poison): 0.9062 | Val Acc: 0.8385 | Time: 00:00:12
Epoch 039 | Seed 2001 | Rate 0.02 | Train Loss: 1.0170 | Val Loss: 0.7493 | Acc (clean): 0.9227 | Acc (poison): 0.9059 | Val Acc: 0.8030 | Time: 00:00:12
Epoch 040 | Seed 2001 | Rate 0.02 | Train Loss: 0.8910 | Val Loss: 0.8557 | Acc (clean): 0.9176 | Acc (poison): 0.9013 | Val Acc: 0.7815 | Time: 00:00:12
Epoch 041 | Seed 2001 | Rate 0.02 | Train Loss: 1.0126 | Val Loss: 0.7011 | Acc (clean): 0.9210 | Acc (poison): 0.9056 | Val Acc: 0.8074 | Time: 00:00:12
Epoch 042 | Seed 2001 | Rate 0.02 | Train Loss: 1.0398 | Val Loss: 0.6642 | Acc (clean): 0.9265 | Acc (poison): 0.9108 | Val Acc: 0.8230 | Time: 00:00:12
Epoch 043 | Seed 2001 | Rate 0.02 | Train Loss: 0.9627 | Val Loss: 0.7206 | Acc (clean): 0.9288 | Acc (poison): 0.9129 | Val Acc: 0.8070 | Time: 00:00:12
Epoch 044 | Seed 2001 | Rate 0.02 | Train Loss: 0.9983 | Val Loss: 0.6393 | Acc (clean): 0.9243 | Acc (poison): 0.9081 | Val Acc: 0.8285 | Time: 00:00:12
Epoch 045 | Seed 2001 | Rate 0.02 | Train Loss: 0.9636 | Val Loss: 1.0112 | Acc (clean): 0.9212 | Acc (poison): 0.9058 | Val Acc: 0.7230 | Time: 00:00:12
Epoch 046 | Seed 2001 | Rate 0.02 | Train Loss: 0.8902 | Val Loss: 0.8006 | Acc (clean): 0.9242 | Acc (poison): 0.9081 | Val Acc: 0.7870 | Time: 00:00:12
Epoch 047 | Seed 2001 | Rate 0.02 | Train Loss: 0.9701 | Val Loss: 0.5941 | Acc (clean): 0.9298 | Acc (poison): 0.9136 | Val Acc: 0.8456 | Time: 00:00:12
Epoch 048 | Seed 2001 | Rate 0.02 | Train Loss: 0.9564 | Val Loss: 0.6127 | Acc (clean): 0.9280 | Acc (poison): 0.9130 | Val Acc: 0.8315 | Time: 00:00:12
Epoch 049 | Seed 2001 | Rate 0.02 | Train Loss: 0.9911 | Val Loss: 0.7931 | Acc (clean): 0.9263 | Acc (poison): 0.9108 | Val Acc: 0.7874 | Time: 00:00:12
Epoch 050 | Seed 2001 | Rate 0.02 | Train Loss: 0.9015 | Val Loss: 0.5804 | Acc (clean): 0.9302 | Acc (poison): 0.9146 | Val Acc: 0.8485 | Time: 00:00:13
Epoch 051 | Seed 2001 | Rate 0.02 | Train Loss: 0.8237 | Val Loss: 0.3719 | Acc (clean): 0.9718 | Acc (poison): 0.9561 | Val Acc: 0.9159 | Time: 00:00:13
Epoch 052 | Seed 2001 | Rate 0.02 | Train Loss: 0.6907 | Val Loss: 0.3069 | Acc (clean): 0.9840 | Acc (poison): 0.9692 | Val Acc: 0.9259 | Time: 00:00:13
Epoch 053 | Seed 2001 | Rate 0.02 | Train Loss: 0.7245 | Val Loss: 0.3397 | Acc (clean): 0.9853 | Acc (poison): 0.9723 | Val Acc: 0.9226 | Time: 00:00:12
Epoch 054 | Seed 2001 | Rate 0.02 | Train Loss: 0.7104 | Val Loss: 0.3229 | Acc (clean): 0.9872 | Acc (poison): 0.9749 | Val Acc: 0.9222 | Time: 00:00:13
Epoch 055 | Seed 2001 | Rate 0.02 | Train Loss: 0.6732 | Val Loss: 0.3162 | Acc (clean): 0.9876 | Acc (poison): 0.9770 | Val Acc: 0.9237 | Time: 00:00:12
Epoch 056 | Seed 2001 | Rate 0.02 | Train Loss: 0.6890 | Val Loss: 0.3546 | Acc (clean): 0.9883 | Acc (poison): 0.9788 | Val Acc: 0.9207 | Time: 00:00:12
Epoch 057 | Seed 2001 | Rate 0.02 | Train Loss: 0.6272 | Val Loss: 0.3167 | Acc (clean): 0.9884 | Acc (poison): 0.9798 | Val Acc: 0.9241 | Time: 00:00:12
Epoch 058 | Seed 2001 | Rate 0.02 | Train Loss: 0.7041 | Val Loss: 0.3216 | Acc (clean): 0.9879 | Acc (poison): 0.9803 | Val Acc: 0.9237 | Time: 00:00:12
Epoch 059 | Seed 2001 | Rate 0.02 | Train Loss: 0.7152 | Val Loss: 0.3469 | Acc (clean): 0.9878 | Acc (poison): 0.9819 | Val Acc: 0.9233 | Time: 00:00:12
Epoch 060 | Seed 2001 | Rate 0.02 | Train Loss: 0.6241 | Val Loss: 0.3015 | Acc (clean): 0.9891 | Acc (poison): 0.9826 | Val Acc: 0.9263 | Time: 00:00:13
Epoch 061 | Seed 2001 | Rate 0.02 | Train Loss: 0.7012 | Val Loss: 0.3671 | Acc (clean): 0.9883 | Acc (poison): 0.9841 | Val Acc: 0.9148 | Time: 00:00:12
Epoch 062 | Seed 2001 | Rate 0.02 | Train Loss: 0.6350 | Val Loss: 0.3404 | Acc (clean): 0.9885 | Acc (poison): 0.9840 | Val Acc: 0.9185 | Time: 00:00:12
Epoch 063 | Seed 2001 | Rate 0.02 | Train Loss: 0.6609 | Val Loss: 0.3327 | Acc (clean): 0.9884 | Acc (poison): 0.9849 | Val Acc: 0.9230 | Time: 00:00:12
Epoch 064 | Seed 2001 | Rate 0.02 | Train Loss: 0.6119 | Val Loss: 0.2924 | Acc (clean): 0.9870 | Acc (poison): 0.9858 | Val Acc: 0.9226 | Time: 00:00:13
Epoch 065 | Seed 2001 | Rate 0.02 | Train Loss: 0.7222 | Val Loss: 0.3744 | Acc (clean): 0.9871 | Acc (poison): 0.9870 | Val Acc: 0.9215 | Time: 00:00:13
Epoch 066 | Seed 2001 | Rate 0.02 | Train Loss: 0.7072 | Val Loss: 0.3221 | Acc (clean): 0.9872 | Acc (poison): 0.9876 | Val Acc: 0.9226 | Time: 00:00:12
Epoch 067 | Seed 2001 | Rate 0.02 | Train Loss: 0.6046 | Val Loss: 0.3353 | Acc (clean): 0.9866 | Acc (poison): 0.9881 | Val Acc: 0.9237 | Time: 00:00:12
Epoch 068 | Seed 2001 | Rate 0.02 | Train Loss: 0.6633 | Val Loss: 0.3482 | Acc (clean): 0.9865 | Acc (poison): 0.9897 | Val Acc: 0.9207 | Time: 00:00:12
Epoch 069 | Seed 2001 | Rate 0.02 | Train Loss: 0.5986 | Val Loss: 0.2991 | Acc (clean): 0.9860 | Acc (poison): 0.9900 | Val Acc: 0.9281 | Time: 00:00:12
Epoch 070 | Seed 2001 | Rate 0.02 | Train Loss: 0.6219 | Val Loss: 0.3239 | Acc (clean): 0.9857 | Acc (poison): 0.9902 | Val Acc: 0.9259 | Time: 00:00:13
Epoch 071 | Seed 2001 | Rate 0.02 | Train Loss: 0.6562 | Val Loss: 0.3677 | Acc (clean): 0.9853 | Acc (poison): 0.9915 | Val Acc: 0.9152 | Time: 00:00:12
Epoch 072 | Seed 2001 | Rate 0.02 | Train Loss: 0.6790 | Val Loss: 0.3829 | Acc (clean): 0.9852 | Acc (poison): 0.9908 | Val Acc: 0.9130 | Time: 00:00:12
Epoch 073 | Seed 2001 | Rate 0.02 | Train Loss: 0.5650 | Val Loss: 0.2884 | Acc (clean): 0.9846 | Acc (poison): 0.9920 | Val Acc: 0.9278 | Time: 00:00:13
Epoch 074 | Seed 2001 | Rate 0.02 | Train Loss: 0.5771 | Val Loss: 0.3652 | Acc (clean): 0.9838 | Acc (poison): 0.9927 | Val Acc: 0.9196 | Time: 00:00:13
Epoch 075 | Seed 2001 | Rate 0.02 | Train Loss: 0.5736 | Val Loss: 0.3671 | Acc (clean): 0.9838 | Acc (poison): 0.9927 | Val Acc: 0.9233 | Time: 00:00:13
Epoch 076 | Seed 2001 | Rate 0.02 | Train Loss: 0.5685 | Val Loss: 0.3088 | Acc (clean): 0.9833 | Acc (poison): 0.9951 | Val Acc: 0.9293 | Time: 00:00:13
Epoch 077 | Seed 2001 | Rate 0.02 | Train Loss: 0.5018 | Val Loss: 0.2992 | Acc (clean): 0.9830 | Acc (poison): 0.9957 | Val Acc: 0.9281 | Time: 00:00:12
Epoch 078 | Seed 2001 | Rate 0.02 | Train Loss: 0.5889 | Val Loss: 0.2949 | Acc (clean): 0.9827 | Acc (poison): 0.9960 | Val Acc: 0.9293 | Time: 00:00:13
Epoch 079 | Seed 2001 | Rate 0.02 | Train Loss: 0.6002 | Val Loss: 0.3282 | Acc (clean): 0.9828 | Acc (poison): 0.9963 | Val Acc: 0.9278 | Time: 00:00:12
Epoch 080 | Seed 2001 | Rate 0.02 | Train Loss: 0.5052 | Val Loss: 0.3501 | Acc (clean): 0.9828 | Acc (poison): 0.9962 | Val Acc: 0.9252 | Time: 00:00:13
Epoch 081 | Seed 2001 | Rate 0.02 | Train Loss: 0.5911 | Val Loss: 0.2961 | Acc (clean): 0.9827 | Acc (poison): 0.9966 | Val Acc: 0.9300 | Time: 00:00:12
Epoch 082 | Seed 2001 | Rate 0.02 | Train Loss: 0.5614 | Val Loss: 0.2673 | Acc (clean): 0.9826 | Acc (poison): 0.9966 | Val Acc: 0.9326 | Time: 00:00:13
Epoch 083 | Seed 2001 | Rate 0.02 | Train Loss: 0.6104 | Val Loss: 0.3184 | Acc (clean): 0.9823 | Acc (poison): 0.9964 | Val Acc: 0.9278 | Time: 00:00:13
Epoch 084 | Seed 2001 | Rate 0.02 | Train Loss: 0.6139 | Val Loss: 0.3232 | Acc (clean): 0.9821 | Acc (poison): 0.9964 | Val Acc: 0.9304 | Time: 00:00:13
Epoch 085 | Seed 2001 | Rate 0.02 | Train Loss: 0.5878 | Val Loss: 0.3431 | Acc (clean): 0.9820 | Acc (poison): 0.9965 | Val Acc: 0.9248 | Time: 00:00:12
Epoch 086 | Seed 2001 | Rate 0.02 | Train Loss: 0.5952 | Val Loss: 0.3196 | Acc (clean): 0.9822 | Acc (poison): 0.9968 | Val Acc: 0.9278 | Time: 00:00:13
Epoch 087 | Seed 2001 | Rate 0.02 | Train Loss: 0.6370 | Val Loss: 0.3802 | Acc (clean): 0.9818 | Acc (poison): 0.9970 | Val Acc: 0.9222 | Time: 00:00:12
Epoch 088 | Seed 2001 | Rate 0.02 | Train Loss: 0.5272 | Val Loss: 0.2824 | Acc (clean): 0.9823 | Acc (poison): 0.9967 | Val Acc: 0.9326 | Time: 00:00:12
Epoch 089 | Seed 2001 | Rate 0.02 | Train Loss: 0.4806 | Val Loss: 0.2920 | Acc (clean): 0.9817 | Acc (poison): 0.9971 | Val Acc: 0.9304 | Time: 00:00:12
Epoch 090 | Seed 2001 | Rate 0.02 | Train Loss: 0.6124 | Val Loss: 0.2962 | Acc (clean): 0.9826 | Acc (poison): 0.9966 | Val Acc: 0.9322 | Time: 00:00:12
Epoch 091 | Seed 2001 | Rate 0.02 | Train Loss: 0.5076 | Val Loss: 0.2819 | Acc (clean): 0.9821 | Acc (poison): 0.9975 | Val Acc: 0.9315 | Time: 00:00:12
Epoch 092 | Seed 2001 | Rate 0.02 | Train Loss: 0.5736 | Val Loss: 0.2847 | Acc (clean): 0.9823 | Acc (poison): 0.9968 | Val Acc: 0.9307 | Time: 00:00:12
Epoch 093 | Seed 2001 | Rate 0.02 | Train Loss: 0.5853 | Val Loss: 0.3230 | Acc (clean): 0.9819 | Acc (poison): 0.9973 | Val Acc: 0.9307 | Time: 00:00:13
Epoch 094 | Seed 2001 | Rate 0.02 | Train Loss: 0.6344 | Val Loss: 0.3564 | Acc (clean): 0.9816 | Acc (poison): 0.9974 | Val Acc: 0.9259 | Time: 00:00:12
Epoch 095 | Seed 2001 | Rate 0.02 | Train Loss: 0.7073 | Val Loss: 0.2964 | Acc (clean): 0.9820 | Acc (poison): 0.9974 | Val Acc: 0.9326 | Time: 00:00:12
Epoch 096 | Seed 2001 | Rate 0.02 | Train Loss: 0.6210 | Val Loss: 0.3218 | Acc (clean): 0.9821 | Acc (poison): 0.9972 | Val Acc: 0.9281 | Time: 00:00:12
Epoch 097 | Seed 2001 | Rate 0.02 | Train Loss: 0.5559 | Val Loss: 0.3625 | Acc (clean): 0.9816 | Acc (poison): 0.9977 | Val Acc: 0.9219 | Time: 00:00:12
Epoch 098 | Seed 2001 | Rate 0.02 | Train Loss: 0.5745 | Val Loss: 0.3147 | Acc (clean): 0.9815 | Acc (poison): 0.9979 | Val Acc: 0.9281 | Time: 00:00:13
Epoch 099 | Seed 2001 | Rate 0.02 | Train Loss: 0.6617 | Val Loss: 0.3201 | Acc (clean): 0.9818 | Acc (poison): 0.9975 | Val Acc: 0.9252 | Time: 00:00:12
Epoch 100 | Seed 2001 | Rate 0.02 | Train Loss: 0.6501 | Val Loss: 0.2965 | Acc (clean): 0.9818 | Acc (poison): 0.9973 | Val Acc: 0.9322 | Time: 00:00:12

=== defense=mixup attack=RQ1 seed=2001 rate=0.05 ===
Loading train data from /home/yazanme/BachelorThesis/BachelorThesis/data/processed/resisc45/train.h5 with mapping /home/yazanme/BachelorThesis/BachelorThesis/data/processed/resisc45/poisoned/RQ1/seed_2001/labels_0.05.pt... (in_memory=True, workers=4)
Testing torch.compile support...
Successfully compiled model using torch.compile.
Epoch 001 | Seed 2001 | Rate 0.05 | Train Loss: 3.4251 | Val Loss: 2.6476 | Acc (clean): 0.1859 | Acc (poison): 0.1777 | Val Acc: 0.2767 | Time: 00:00:13
Epoch 002 | Seed 2001 | Rate 0.05 | Train Loss: 2.7573 | Val Loss: 2.3171 | Acc (clean): 0.3486 | Acc (poison): 0.3323 | Val Acc: 0.3411 | Time: 00:00:13
Epoch 003 | Seed 2001 | Rate 0.05 | Train Loss: 2.4357 | Val Loss: 2.1302 | Acc (clean): 0.4586 | Acc (poison): 0.4364 | Val Acc: 0.4148 | Time: 00:00:12
Epoch 004 | Seed 2001 | Rate 0.05 | Train Loss: 2.2148 | Val Loss: 1.7030 | Acc (clean): 0.5381 | Acc (poison): 0.5126 | Val Acc: 0.5107 | Time: 00:00:12
Epoch 005 | Seed 2001 | Rate 0.05 | Train Loss: 2.0419 | Val Loss: 1.5159 | Acc (clean): 0.5916 | Acc (poison): 0.5630 | Val Acc: 0.5626 | Time: 00:00:12
Epoch 006 | Seed 2001 | Rate 0.05 | Train Loss: 1.9321 | Val Loss: 1.5038 | Acc (clean): 0.6444 | Acc (poison): 0.6138 | Val Acc: 0.5704 | Time: 00:00:12
Epoch 007 | Seed 2001 | Rate 0.05 | Train Loss: 1.7856 | Val Loss: 1.7767 | Acc (clean): 0.6869 | Acc (poison): 0.6539 | Val Acc: 0.4919 | Time: 00:00:12
Epoch 008 | Seed 2001 | Rate 0.05 | Train Loss: 1.7267 | Val Loss: 1.3080 | Acc (clean): 0.7155 | Acc (poison): 0.6811 | Val Acc: 0.6115 | Time: 00:00:13
Epoch 009 | Seed 2001 | Rate 0.05 | Train Loss: 1.6371 | Val Loss: 1.1679 | Acc (clean): 0.7486 | Acc (poison): 0.7133 | Val Acc: 0.6730 | Time: 00:00:13
Epoch 010 | Seed 2001 | Rate 0.05 | Train Loss: 1.5819 | Val Loss: 1.1847 | Acc (clean): 0.7737 | Acc (poison): 0.7358 | Val Acc: 0.6656 | Time: 00:00:12
Epoch 011 | Seed 2001 | Rate 0.05 | Train Loss: 1.5563 | Val Loss: 0.9897 | Acc (clean): 0.7980 | Acc (poison): 0.7600 | Val Acc: 0.7456 | Time: 00:00:13
Epoch 012 | Seed 2001 | Rate 0.05 | Train Loss: 1.4431 | Val Loss: 1.0946 | Acc (clean): 0.8172 | Acc (poison): 0.7788 | Val Acc: 0.6756 | Time: 00:00:12
Epoch 013 | Seed 2001 | Rate 0.05 | Train Loss: 1.3900 | Val Loss: 0.9481 | Acc (clean): 0.8272 | Acc (poison): 0.7881 | Val Acc: 0.7452 | Time: 00:00:13
Epoch 014 | Seed 2001 | Rate 0.05 | Train Loss: 1.3417 | Val Loss: 0.7975 | Acc (clean): 0.8429 | Acc (poison): 0.8033 | Val Acc: 0.7856 | Time: 00:00:13
Epoch 015 | Seed 2001 | Rate 0.05 | Train Loss: 1.3404 | Val Loss: 0.7964 | Acc (clean): 0.8477 | Acc (poison): 0.8081 | Val Acc: 0.7993 | Time: 00:00:13
Epoch 016 | Seed 2001 | Rate 0.05 | Train Loss: 1.3272 | Val Loss: 0.7311 | Acc (clean): 0.8592 | Acc (poison): 0.8190 | Val Acc: 0.8015 | Time: 00:00:14
Epoch 017 | Seed 2001 | Rate 0.05 | Train Loss: 1.3687 | Val Loss: 0.8556 | Acc (clean): 0.8645 | Acc (poison): 0.8244 | Val Acc: 0.7459 | Time: 00:00:12
Epoch 018 | Seed 2001 | Rate 0.05 | Train Loss: 1.3078 | Val Loss: 0.7640 | Acc (clean): 0.8672 | Acc (poison): 0.8274 | Val Acc: 0.7907 | Time: 00:00:12
Epoch 019 | Seed 2001 | Rate 0.05 | Train Loss: 1.2733 | Val Loss: 0.8607 | Acc (clean): 0.8744 | Acc (poison): 0.8337 | Val Acc: 0.7848 | Time: 00:00:12
Epoch 020 | Seed 2001 | Rate 0.05 | Train Loss: 1.2712 | Val Loss: 0.8732 | Acc (clean): 0.8799 | Acc (poison): 0.8389 | Val Acc: 0.7726 | Time: 00:00:12
Epoch 021 | Seed 2001 | Rate 0.05 | Train Loss: 1.2506 | Val Loss: 0.9956 | Acc (clean): 0.8835 | Acc (poison): 0.8431 | Val Acc: 0.7333 | Time: 00:00:12
Epoch 022 | Seed 2001 | Rate 0.05 | Train Loss: 1.2383 | Val Loss: 0.8461 | Acc (clean): 0.8829 | Acc (poison): 0.8424 | Val Acc: 0.7778 | Time: 00:00:12
Epoch 023 | Seed 2001 | Rate 0.05 | Train Loss: 1.2195 | Val Loss: 0.7128 | Acc (clean): 0.8876 | Acc (poison): 0.8468 | Val Acc: 0.8167 | Time: 00:00:13
Epoch 024 | Seed 2001 | Rate 0.05 | Train Loss: 1.2344 | Val Loss: 0.7892 | Acc (clean): 0.8970 | Acc (poison): 0.8560 | Val Acc: 0.7859 | Time: 00:00:12
Epoch 025 | Seed 2001 | Rate 0.05 | Train Loss: 1.1574 | Val Loss: 0.8315 | Acc (clean): 0.8897 | Acc (poison): 0.8485 | Val Acc: 0.7948 | Time: 00:00:12
Epoch 026 | Seed 2001 | Rate 0.05 | Train Loss: 1.2164 | Val Loss: 0.9310 | Acc (clean): 0.8970 | Acc (poison): 0.8552 | Val Acc: 0.7659 | Time: 00:00:12
Epoch 027 | Seed 2001 | Rate 0.05 | Train Loss: 1.2121 | Val Loss: 0.6137 | Acc (clean): 0.9003 | Acc (poison): 0.8606 | Val Acc: 0.8381 | Time: 00:00:14
Epoch 028 | Seed 2001 | Rate 0.05 | Train Loss: 1.2099 | Val Loss: 0.8114 | Acc (clean): 0.8985 | Acc (poison): 0.8586 | Val Acc: 0.7837 | Time: 00:00:12
Epoch 029 | Seed 2001 | Rate 0.05 | Train Loss: 1.1489 | Val Loss: 0.7086 | Acc (clean): 0.9019 | Acc (poison): 0.8624 | Val Acc: 0.8285 | Time: 00:00:12
Epoch 030 | Seed 2001 | Rate 0.05 | Train Loss: 1.1431 | Val Loss: 0.7807 | Acc (clean): 0.9060 | Acc (poison): 0.8666 | Val Acc: 0.7967 | Time: 00:00:12
Epoch 031 | Seed 2001 | Rate 0.05 | Train Loss: 1.1873 | Val Loss: 0.7867 | Acc (clean): 0.9056 | Acc (poison): 0.8653 | Val Acc: 0.8022 | Time: 00:00:12
Epoch 032 | Seed 2001 | Rate 0.05 | Train Loss: 1.1903 | Val Loss: 0.7904 | Acc (clean): 0.9111 | Acc (poison): 0.8710 | Val Acc: 0.7933 | Time: 00:00:12
Epoch 033 | Seed 2001 | Rate 0.05 | Train Loss: 1.2099 | Val Loss: 0.8955 | Acc (clean): 0.9100 | Acc (poison): 0.8703 | Val Acc: 0.7693 | Time: 00:00:12
Epoch 034 | Seed 2001 | Rate 0.05 | Train Loss: 1.1857 | Val Loss: 0.7491 | Acc (clean): 0.9111 | Acc (poison): 0.8719 | Val Acc: 0.8141 | Time: 00:00:12
Epoch 035 | Seed 2001 | Rate 0.05 | Train Loss: 1.1187 | Val Loss: 0.8093 | Acc (clean): 0.9134 | Acc (poison): 0.8741 | Val Acc: 0.7756 | Time: 00:00:13
Epoch 036 | Seed 2001 | Rate 0.05 | Train Loss: 1.1888 | Val Loss: 0.8426 | Acc (clean): 0.9122 | Acc (poison): 0.8732 | Val Acc: 0.7793 | Time: 00:00:12
Epoch 037 | Seed 2001 | Rate 0.05 | Train Loss: 1.2531 | Val Loss: 0.8223 | Acc (clean): 0.9158 | Acc (poison): 0.8752 | Val Acc: 0.8019 | Time: 00:00:12
Epoch 038 | Seed 2001 | Rate 0.05 | Train Loss: 1.1675 | Val Loss: 0.6873 | Acc (clean): 0.9143 | Acc (poison): 0.8746 | Val Acc: 0.8189 | Time: 00:00:12
Epoch 039 | Seed 2001 | Rate 0.05 | Train Loss: 1.1717 | Val Loss: 1.0732 | Acc (clean): 0.9179 | Acc (poison): 0.8779 | Val Acc: 0.7100 | Time: 00:00:12
Epoch 040 | Seed 2001 | Rate 0.05 | Train Loss: 1.0464 | Val Loss: 0.9297 | Acc (clean): 0.9123 | Acc (poison): 0.8735 | Val Acc: 0.7900 | Time: 00:00:12
Epoch 041 | Seed 2001 | Rate 0.05 | Train Loss: 1.1556 | Val Loss: 0.7830 | Acc (clean): 0.9163 | Acc (poison): 0.8764 | Val Acc: 0.8133 | Time: 00:00:12
Epoch 042 | Seed 2001 | Rate 0.05 | Train Loss: 1.1797 | Val Loss: 0.7280 | Acc (clean): 0.9249 | Acc (poison): 0.8849 | Val Acc: 0.8200 | Time: 00:00:12
Epoch 043 | Seed 2001 | Rate 0.05 | Train Loss: 1.1146 | Val Loss: 0.6626 | Acc (clean): 0.9216 | Acc (poison): 0.8828 | Val Acc: 0.8411 | Time: 00:00:12
Epoch 044 | Seed 2001 | Rate 0.05 | Train Loss: 1.1396 | Val Loss: 0.6632 | Acc (clean): 0.9178 | Acc (poison): 0.8792 | Val Acc: 0.8296 | Time: 00:00:12
Epoch 045 | Seed 2001 | Rate 0.05 | Train Loss: 1.1134 | Val Loss: 0.7251 | Acc (clean): 0.9184 | Acc (poison): 0.8803 | Val Acc: 0.8159 | Time: 00:00:12
Epoch 046 | Seed 2001 | Rate 0.05 | Train Loss: 1.0387 | Val Loss: 0.8594 | Acc (clean): 0.9188 | Acc (poison): 0.8811 | Val Acc: 0.7763 | Time: 00:00:12
Epoch 047 | Seed 2001 | Rate 0.05 | Train Loss: 1.1167 | Val Loss: 0.7464 | Acc (clean): 0.9229 | Acc (poison): 0.8841 | Val Acc: 0.8048 | Time: 00:00:12
Epoch 048 | Seed 2001 | Rate 0.05 | Train Loss: 1.0932 | Val Loss: 0.7969 | Acc (clean): 0.9233 | Acc (poison): 0.8852 | Val Acc: 0.7952 | Time: 00:00:13
Epoch 049 | Seed 2001 | Rate 0.05 | Train Loss: 1.1309 | Val Loss: 0.7608 | Acc (clean): 0.9232 | Acc (poison): 0.8851 | Val Acc: 0.8141 | Time: 00:00:12
Epoch 050 | Seed 2001 | Rate 0.05 | Train Loss: 1.0486 | Val Loss: 0.7146 | Acc (clean): 0.9233 | Acc (poison): 0.8864 | Val Acc: 0.8237 | Time: 00:00:12
Epoch 051 | Seed 2001 | Rate 0.05 | Train Loss: 0.9478 | Val Loss: 0.4396 | Acc (clean): 0.9669 | Acc (poison): 0.9293 | Val Acc: 0.9100 | Time: 00:00:13
Epoch 052 | Seed 2001 | Rate 0.05 | Train Loss: 0.8092 | Val Loss: 0.3702 | Acc (clean): 0.9776 | Acc (poison): 0.9427 | Val Acc: 0.9211 | Time: 00:00:13
Epoch 053 | Seed 2001 | Rate 0.05 | Train Loss: 0.8321 | Val Loss: 0.4037 | Acc (clean): 0.9793 | Acc (poison): 0.9483 | Val Acc: 0.9167 | Time: 00:00:12
Epoch 054 | Seed 2001 | Rate 0.05 | Train Loss: 0.8146 | Val Loss: 0.3843 | Acc (clean): 0.9800 | Acc (poison): 0.9510 | Val Acc: 0.9133 | Time: 00:00:12
Epoch 055 | Seed 2001 | Rate 0.05 | Train Loss: 0.7740 | Val Loss: 0.3846 | Acc (clean): 0.9788 | Acc (poison): 0.9542 | Val Acc: 0.9163 | Time: 00:00:13
Epoch 056 | Seed 2001 | Rate 0.05 | Train Loss: 0.7859 | Val Loss: 0.4162 | Acc (clean): 0.9795 | Acc (poison): 0.9560 | Val Acc: 0.9196 | Time: 00:00:12
Epoch 057 | Seed 2001 | Rate 0.05 | Train Loss: 0.7234 | Val Loss: 0.3857 | Acc (clean): 0.9788 | Acc (poison): 0.9595 | Val Acc: 0.9167 | Time: 00:00:12
Epoch 058 | Seed 2001 | Rate 0.05 | Train Loss: 0.7927 | Val Loss: 0.4004 | Acc (clean): 0.9760 | Acc (poison): 0.9614 | Val Acc: 0.9144 | Time: 00:00:12
Epoch 059 | Seed 2001 | Rate 0.05 | Train Loss: 0.8049 | Val Loss: 0.4257 | Acc (clean): 0.9751 | Acc (poison): 0.9621 | Val Acc: 0.9126 | Time: 00:00:12
Epoch 060 | Seed 2001 | Rate 0.05 | Train Loss: 0.7080 | Val Loss: 0.3780 | Acc (clean): 0.9743 | Acc (poison): 0.9648 | Val Acc: 0.9141 | Time: 00:00:12
Epoch 061 | Seed 2001 | Rate 0.05 | Train Loss: 0.7777 | Val Loss: 0.4338 | Acc (clean): 0.9730 | Acc (poison): 0.9681 | Val Acc: 0.9093 | Time: 00:00:12
Epoch 062 | Seed 2001 | Rate 0.05 | Train Loss: 0.7137 | Val Loss: 0.4138 | Acc (clean): 0.9725 | Acc (poison): 0.9692 | Val Acc: 0.9122 | Time: 00:00:12
Epoch 063 | Seed 2001 | Rate 0.05 | Train Loss: 0.7364 | Val Loss: 0.4167 | Acc (clean): 0.9713 | Acc (poison): 0.9705 | Val Acc: 0.9096 | Time: 00:00:12
Epoch 064 | Seed 2001 | Rate 0.05 | Train Loss: 0.6812 | Val Loss: 0.3572 | Acc (clean): 0.9699 | Acc (poison): 0.9730 | Val Acc: 0.9170 | Time: 00:00:13
Epoch 065 | Seed 2001 | Rate 0.05 | Train Loss: 0.7909 | Val Loss: 0.4540 | Acc (clean): 0.9685 | Acc (poison): 0.9750 | Val Acc: 0.9056 | Time: 00:00:12
Epoch 066 | Seed 2001 | Rate 0.05 | Train Loss: 0.7739 | Val Loss: 0.3803 | Acc (clean): 0.9676 | Acc (poison): 0.9756 | Val Acc: 0.9156 | Time: 00:00:12
Epoch 067 | Seed 2001 | Rate 0.05 | Train Loss: 0.6696 | Val Loss: 0.4250 | Acc (clean): 0.9664 | Acc (poison): 0.9782 | Val Acc: 0.9093 | Time: 00:00:12
Epoch 068 | Seed 2001 | Rate 0.05 | Train Loss: 0.7269 | Val Loss: 0.4196 | Acc (clean): 0.9648 | Acc (poison): 0.9799 | Val Acc: 0.9144 | Time: 00:00:12
Epoch 069 | Seed 2001 | Rate 0.05 | Train Loss: 0.6601 | Val Loss: 0.3743 | Acc (clean): 0.9647 | Acc (poison): 0.9805 | Val Acc: 0.9185 | Time: 00:00:12
Epoch 070 | Seed 2001 | Rate 0.05 | Train Loss: 0.6748 | Val Loss: 0.3990 | Acc (clean): 0.9628 | Acc (poison): 0.9833 | Val Acc: 0.9096 | Time: 00:00:12
Epoch 071 | Seed 2001 | Rate 0.05 | Train Loss: 0.7154 | Val Loss: 0.4488 | Acc (clean): 0.9617 | Acc (poison): 0.9838 | Val Acc: 0.9044 | Time: 00:00:12
Epoch 072 | Seed 2001 | Rate 0.05 | Train Loss: 0.7411 | Val Loss: 0.4395 | Acc (clean): 0.9626 | Acc (poison): 0.9838 | Val Acc: 0.9022 | Time: 00:00:12
Epoch 073 | Seed 2001 | Rate 0.05 | Train Loss: 0.6225 | Val Loss: 0.3587 | Acc (clean): 0.9618 | Acc (poison): 0.9843 | Val Acc: 0.9148 | Time: 00:00:12
Epoch 074 | Seed 2001 | Rate 0.05 | Train Loss: 0.6296 | Val Loss: 0.4236 | Acc (clean): 0.9592 | Acc (poison): 0.9865 | Val Acc: 0.9081 | Time: 00:00:12
Epoch 075 | Seed 2001 | Rate 0.05 | Train Loss: 0.6243 | Val Loss: 0.4311 | Acc (clean): 0.9584 | Acc (poison): 0.9874 | Val Acc: 0.9100 | Time: 00:00:12
Epoch 076 | Seed 2001 | Rate 0.05 | Train Loss: 0.6131 | Val Loss: 0.3752 | Acc (clean): 0.9555 | Acc (poison): 0.9921 | Val Acc: 0.9211 | Time: 00:00:12
Epoch 077 | Seed 2001 | Rate 0.05 | Train Loss: 0.5428 | Val Loss: 0.3760 | Acc (clean): 0.9558 | Acc (poison): 0.9926 | Val Acc: 0.9219 | Time: 00:00:12
Epoch 078 | Seed 2001 | Rate 0.05 | Train Loss: 0.6322 | Val Loss: 0.3629 | Acc (clean): 0.9554 | Acc (poison): 0.9935 | Val Acc: 0.9200 | Time: 00:00:12
Epoch 079 | Seed 2001 | Rate 0.05 | Train Loss: 0.6416 | Val Loss: 0.4003 | Acc (clean): 0.9550 | Acc (poison): 0.9936 | Val Acc: 0.9181 | Time: 00:00:12
Epoch 080 | Seed 2001 | Rate 0.05 | Train Loss: 0.5456 | Val Loss: 0.4113 | Acc (clean): 0.9555 | Acc (poison): 0.9930 | Val Acc: 0.9137 | Time: 00:00:12
Epoch 081 | Seed 2001 | Rate 0.05 | Train Loss: 0.6332 | Val Loss: 0.3623 | Acc (clean): 0.9552 | Acc (poison): 0.9940 | Val Acc: 0.9196 | Time: 00:00:12
Epoch 082 | Seed 2001 | Rate 0.05 | Train Loss: 0.5989 | Val Loss: 0.3404 | Acc (clean): 0.9548 | Acc (poison): 0.9944 | Val Acc: 0.9219 | Time: 00:00:13
Epoch 083 | Seed 2001 | Rate 0.05 | Train Loss: 0.6541 | Val Loss: 0.3864 | Acc (clean): 0.9547 | Acc (poison): 0.9942 | Val Acc: 0.9193 | Time: 00:00:12
Epoch 084 | Seed 2001 | Rate 0.05 | Train Loss: 0.6532 | Val Loss: 0.3750 | Acc (clean): 0.9545 | Acc (poison): 0.9944 | Val Acc: 0.9170 | Time: 00:00:12
Epoch 085 | Seed 2001 | Rate 0.05 | Train Loss: 0.6283 | Val Loss: 0.4081 | Acc (clean): 0.9553 | Acc (poison): 0.9937 | Val Acc: 0.9148 | Time: 00:00:12
Epoch 086 | Seed 2001 | Rate 0.05 | Train Loss: 0.6366 | Val Loss: 0.3850 | Acc (clean): 0.9548 | Acc (poison): 0.9945 | Val Acc: 0.9211 | Time: 00:00:12
Epoch 087 | Seed 2001 | Rate 0.05 | Train Loss: 0.6772 | Val Loss: 0.4344 | Acc (clean): 0.9539 | Acc (poison): 0.9951 | Val Acc: 0.9133 | Time: 00:00:12
Epoch 088 | Seed 2001 | Rate 0.05 | Train Loss: 0.5668 | Val Loss: 0.3472 | Acc (clean): 0.9546 | Acc (poison): 0.9947 | Val Acc: 0.9252 | Time: 00:00:12
Epoch 089 | Seed 2001 | Rate 0.05 | Train Loss: 0.5159 | Val Loss: 0.3514 | Acc (clean): 0.9540 | Acc (poison): 0.9950 | Val Acc: 0.9193 | Time: 00:00:12
Epoch 090 | Seed 2001 | Rate 0.05 | Train Loss: 0.6536 | Val Loss: 0.3620 | Acc (clean): 0.9541 | Acc (poison): 0.9943 | Val Acc: 0.9207 | Time: 00:00:12
Epoch 091 | Seed 2001 | Rate 0.05 | Train Loss: 0.5421 | Val Loss: 0.3487 | Acc (clean): 0.9544 | Acc (poison): 0.9951 | Val Acc: 0.9230 | Time: 00:00:12
Epoch 092 | Seed 2001 | Rate 0.05 | Train Loss: 0.6132 | Val Loss: 0.3508 | Acc (clean): 0.9541 | Acc (poison): 0.9951 | Val Acc: 0.9211 | Time: 00:00:12
Epoch 093 | Seed 2001 | Rate 0.05 | Train Loss: 0.6267 | Val Loss: 0.3793 | Acc (clean): 0.9546 | Acc (poison): 0.9949 | Val Acc: 0.9174 | Time: 00:00:12
Epoch 094 | Seed 2001 | Rate 0.05 | Train Loss: 0.6751 | Val Loss: 0.4319 | Acc (clean): 0.9545 | Acc (poison): 0.9949 | Val Acc: 0.9141 | Time: 00:00:12
Epoch 095 | Seed 2001 | Rate 0.05 | Train Loss: 0.7528 | Val Loss: 0.3618 | Acc (clean): 0.9546 | Acc (poison): 0.9944 | Val Acc: 0.9200 | Time: 00:00:12
Epoch 096 | Seed 2001 | Rate 0.05 | Train Loss: 0.6578 | Val Loss: 0.3811 | Acc (clean): 0.9535 | Acc (poison): 0.9954 | Val Acc: 0.9167 | Time: 00:00:12
Epoch 097 | Seed 2001 | Rate 0.05 | Train Loss: 0.5903 | Val Loss: 0.4340 | Acc (clean): 0.9535 | Acc (poison): 0.9956 | Val Acc: 0.9141 | Time: 00:00:12
Epoch 098 | Seed 2001 | Rate 0.05 | Train Loss: 0.6143 | Val Loss: 0.3768 | Acc (clean): 0.9542 | Acc (poison): 0.9953 | Val Acc: 0.9159 | Time: 00:00:12
Epoch 099 | Seed 2001 | Rate 0.05 | Train Loss: 0.7029 | Val Loss: 0.3862 | Acc (clean): 0.9534 | Acc (poison): 0.9957 | Val Acc: 0.9181 | Time: 00:00:12
Epoch 100 | Seed 2001 | Rate 0.05 | Train Loss: 0.6931 | Val Loss: 0.3566 | Acc (clean): 0.9541 | Acc (poison): 0.9947 | Val Acc: 0.9185 | Time: 00:00:12

=== defense=mixup attack=RQ1 seed=2001 rate=0.1 ===
Loading train data from /home/yazanme/BachelorThesis/BachelorThesis/data/processed/resisc45/train.h5 with mapping /home/yazanme/BachelorThesis/BachelorThesis/data/processed/resisc45/poisoned/RQ1/seed_2001/labels_0.10.pt... (in_memory=True, workers=4)
Testing torch.compile support...
Successfully compiled model using torch.compile.
Epoch 001 | Seed 2001 | Rate 0.10 | Train Loss: 3.4644 | Val Loss: 2.7273 | Acc (clean): 0.1958 | Acc (poison): 0.1786 | Val Acc: 0.2633 | Time: 00:00:14
Epoch 002 | Seed 2001 | Rate 0.10 | Train Loss: 2.8696 | Val Loss: 2.2926 | Acc (clean): 0.3409 | Acc (poison): 0.3096 | Val Acc: 0.3541 | Time: 00:00:13
Epoch 003 | Seed 2001 | Rate 0.10 | Train Loss: 2.6114 | Val Loss: 2.4824 | Acc (clean): 0.4442 | Acc (poison): 0.4006 | Val Acc: 0.3281 | Time: 00:00:12
Epoch 004 | Seed 2001 | Rate 0.10 | Train Loss: 2.4187 | Val Loss: 1.7844 | Acc (clean): 0.5159 | Acc (poison): 0.4661 | Val Acc: 0.4900 | Time: 00:00:13
Epoch 005 | Seed 2001 | Rate 0.10 | Train Loss: 2.2819 | Val Loss: 1.6828 | Acc (clean): 0.5664 | Acc (poison): 0.5123 | Val Acc: 0.5330 | Time: 00:00:12
Epoch 006 | Seed 2001 | Rate 0.10 | Train Loss: 2.1948 | Val Loss: 1.5755 | Acc (clean): 0.6120 | Acc (poison): 0.5535 | Val Acc: 0.5689 | Time: 00:00:13
Epoch 007 | Seed 2001 | Rate 0.10 | Train Loss: 2.0656 | Val Loss: 1.3709 | Acc (clean): 0.6459 | Acc (poison): 0.5845 | Val Acc: 0.6067 | Time: 00:00:13
Epoch 008 | Seed 2001 | Rate 0.10 | Train Loss: 2.0099 | Val Loss: 1.4324 | Acc (clean): 0.6766 | Acc (poison): 0.6137 | Val Acc: 0.5985 | Time: 00:00:12
Epoch 009 | Seed 2001 | Rate 0.10 | Train Loss: 1.9300 | Val Loss: 1.2193 | Acc (clean): 0.7141 | Acc (poison): 0.6455 | Val Acc: 0.6600 | Time: 00:00:13
Epoch 010 | Seed 2001 | Rate 0.10 | Train Loss: 1.8743 | Val Loss: 1.2572 | Acc (clean): 0.7386 | Acc (poison): 0.6684 | Val Acc: 0.6648 | Time: 00:00:12
Epoch 011 | Seed 2001 | Rate 0.10 | Train Loss: 1.8485 | Val Loss: 1.1282 | Acc (clean): 0.7631 | Acc (poison): 0.6909 | Val Acc: 0.7215 | Time: 00:00:13
Epoch 012 | Seed 2001 | Rate 0.10 | Train Loss: 1.7348 | Val Loss: 1.1894 | Acc (clean): 0.7837 | Acc (poison): 0.7094 | Val Acc: 0.6637 | Time: 00:00:12
Epoch 013 | Seed 2001 | Rate 0.10 | Train Loss: 1.6813 | Val Loss: 1.1183 | Acc (clean): 0.7981 | Acc (poison): 0.7215 | Val Acc: 0.7185 | Time: 00:00:13
Epoch 014 | Seed 2001 | Rate 0.10 | Train Loss: 1.6253 | Val Loss: 1.0120 | Acc (clean): 0.8170 | Acc (poison): 0.7395 | Val Acc: 0.7263 | Time: 00:00:13
Epoch 015 | Seed 2001 | Rate 0.10 | Train Loss: 1.6212 | Val Loss: 0.9983 | Acc (clean): 0.8218 | Acc (poison): 0.7437 | Val Acc: 0.7581 | Time: 00:00:13
Epoch 016 | Seed 2001 | Rate 0.10 | Train Loss: 1.5938 | Val Loss: 0.9429 | Acc (clean): 0.8360 | Acc (poison): 0.7571 | Val Acc: 0.7567 | Time: 00:00:12
Epoch 017 | Seed 2001 | Rate 0.10 | Train Loss: 1.6285 | Val Loss: 0.9797 | Acc (clean): 0.8444 | Acc (poison): 0.7663 | Val Acc: 0.7415 | Time: 00:00:12
Epoch 018 | Seed 2001 | Rate 0.10 | Train Loss: 1.5674 | Val Loss: 0.7464 | Acc (clean): 0.8484 | Acc (poison): 0.7700 | Val Acc: 0.8159 | Time: 00:00:13
Epoch 019 | Seed 2001 | Rate 0.10 | Train Loss: 1.5354 | Val Loss: 1.1964 | Acc (clean): 0.8535 | Acc (poison): 0.7741 | Val Acc: 0.7070 | Time: 00:00:12
Epoch 020 | Seed 2001 | Rate 0.10 | Train Loss: 1.5288 | Val Loss: 0.9691 | Acc (clean): 0.8605 | Acc (poison): 0.7810 | Val Acc: 0.7544 | Time: 00:00:12
Epoch 021 | Seed 2001 | Rate 0.10 | Train Loss: 1.5079 | Val Loss: 0.9581 | Acc (clean): 0.8646 | Acc (poison): 0.7844 | Val Acc: 0.7430 | Time: 00:00:12
Epoch 022 | Seed 2001 | Rate 0.10 | Train Loss: 1.4955 | Val Loss: 0.8548 | Acc (clean): 0.8650 | Acc (poison): 0.7853 | Val Acc: 0.7852 | Time: 00:00:12
Epoch 023 | Seed 2001 | Rate 0.10 | Train Loss: 1.4741 | Val Loss: 0.8433 | Acc (clean): 0.8708 | Acc (poison): 0.7908 | Val Acc: 0.7830 | Time: 00:00:13
Epoch 024 | Seed 2001 | Rate 0.10 | Train Loss: 1.4868 | Val Loss: 0.7848 | Acc (clean): 0.8788 | Acc (poison): 0.7990 | Val Acc: 0.8026 | Time: 00:00:12
Epoch 025 | Seed 2001 | Rate 0.10 | Train Loss: 1.4093 | Val Loss: 1.0823 | Acc (clean): 0.8737 | Acc (poison): 0.7940 | Val Acc: 0.7433 | Time: 00:00:12
Epoch 026 | Seed 2001 | Rate 0.10 | Train Loss: 1.4521 | Val Loss: 1.1394 | Acc (clean): 0.8847 | Acc (poison): 0.8042 | Val Acc: 0.7230 | Time: 00:00:12
Epoch 027 | Seed 2001 | Rate 0.10 | Train Loss: 1.4546 | Val Loss: 0.6672 | Acc (clean): 0.8839 | Acc (poison): 0.8052 | Val Acc: 0.8281 | Time: 00:00:13
Epoch 028 | Seed 2001 | Rate 0.10 | Train Loss: 1.4558 | Val Loss: 0.8045 | Acc (clean): 0.8844 | Acc (poison): 0.8044 | Val Acc: 0.8019 | Time: 00:00:12
Epoch 029 | Seed 2001 | Rate 0.10 | Train Loss: 1.3987 | Val Loss: 1.0533 | Acc (clean): 0.8878 | Acc (poison): 0.8079 | Val Acc: 0.7378 | Time: 00:00:13
Epoch 030 | Seed 2001 | Rate 0.10 | Train Loss: 1.3998 | Val Loss: 0.8416 | Acc (clean): 0.8882 | Acc (poison): 0.8085 | Val Acc: 0.7893 | Time: 00:00:13
Epoch 031 | Seed 2001 | Rate 0.10 | Train Loss: 1.4294 | Val Loss: 1.2352 | Acc (clean): 0.8914 | Acc (poison): 0.8110 | Val Acc: 0.6881 | Time: 00:00:12
Epoch 032 | Seed 2001 | Rate 0.10 | Train Loss: 1.4295 | Val Loss: 0.8839 | Acc (clean): 0.8952 | Acc (poison): 0.8165 | Val Acc: 0.7870 | Time: 00:00:12
Epoch 033 | Seed 2001 | Rate 0.10 | Train Loss: 1.4424 | Val Loss: 0.8309 | Acc (clean): 0.8916 | Acc (poison): 0.8141 | Val Acc: 0.8178 | Time: 00:00:12
Epoch 034 | Seed 2001 | Rate 0.10 | Train Loss: 1.4284 | Val Loss: 0.7976 | Acc (clean): 0.8944 | Acc (poison): 0.8154 | Val Acc: 0.8070 | Time: 00:00:12
Epoch 035 | Seed 2001 | Rate 0.10 | Train Loss: 1.3635 | Val Loss: 0.9132 | Acc (clean): 0.8980 | Acc (poison): 0.8188 | Val Acc: 0.7730 | Time: 00:00:12
Epoch 036 | Seed 2001 | Rate 0.10 | Train Loss: 1.4189 | Val Loss: 0.8333 | Acc (clean): 0.8982 | Acc (poison): 0.8202 | Val Acc: 0.7904 | Time: 00:00:12
Epoch 037 | Seed 2001 | Rate 0.10 | Train Loss: 1.4761 | Val Loss: 0.8616 | Acc (clean): 0.9018 | Acc (poison): 0.8222 | Val Acc: 0.7985 | Time: 00:00:12
Epoch 038 | Seed 2001 | Rate 0.10 | Train Loss: 1.4018 | Val Loss: 0.8323 | Acc (clean): 0.8998 | Acc (poison): 0.8206 | Val Acc: 0.7867 | Time: 00:00:12
Epoch 039 | Seed 2001 | Rate 0.10 | Train Loss: 1.4037 | Val Loss: 0.8426 | Acc (clean): 0.9007 | Acc (poison): 0.8231 | Val Acc: 0.7874 | Time: 00:00:12
Epoch 040 | Seed 2001 | Rate 0.10 | Train Loss: 1.2820 | Val Loss: 1.2266 | Acc (clean): 0.8992 | Acc (poison): 0.8223 | Val Acc: 0.7074 | Time: 00:00:12
Epoch 041 | Seed 2001 | Rate 0.10 | Train Loss: 1.3880 | Val Loss: 0.9163 | Acc (clean): 0.9037 | Acc (poison): 0.8251 | Val Acc: 0.7837 | Time: 00:00:12
Epoch 042 | Seed 2001 | Rate 0.10 | Train Loss: 1.4047 | Val Loss: 0.8897 | Acc (clean): 0.9118 | Acc (poison): 0.8337 | Val Acc: 0.7907 | Time: 00:00:12
Epoch 043 | Seed 2001 | Rate 0.10 | Train Loss: 1.3419 | Val Loss: 0.8946 | Acc (clean): 0.9073 | Acc (poison): 0.8303 | Val Acc: 0.7989 | Time: 00:00:12
Epoch 044 | Seed 2001 | Rate 0.10 | Train Loss: 1.3635 | Val Loss: 0.8598 | Acc (clean): 0.9074 | Acc (poison): 0.8299 | Val Acc: 0.7878 | Time: 00:00:12
Epoch 045 | Seed 2001 | Rate 0.10 | Train Loss: 1.3515 | Val Loss: 0.9010 | Acc (clean): 0.9016 | Acc (poison): 0.8256 | Val Acc: 0.7852 | Time: 00:00:12
Epoch 046 | Seed 2001 | Rate 0.10 | Train Loss: 1.2634 | Val Loss: 0.8322 | Acc (clean): 0.9063 | Acc (poison): 0.8315 | Val Acc: 0.7900 | Time: 00:00:12
Epoch 047 | Seed 2001 | Rate 0.10 | Train Loss: 1.3319 | Val Loss: 0.8118 | Acc (clean): 0.9109 | Acc (poison): 0.8333 | Val Acc: 0.8056 | Time: 00:00:12
Epoch 048 | Seed 2001 | Rate 0.10 | Train Loss: 1.3195 | Val Loss: 0.8167 | Acc (clean): 0.9076 | Acc (poison): 0.8337 | Val Acc: 0.8007 | Time: 00:00:12
Epoch 049 | Seed 2001 | Rate 0.10 | Train Loss: 1.3494 | Val Loss: 0.8212 | Acc (clean): 0.9068 | Acc (poison): 0.8333 | Val Acc: 0.8133 | Time: 00:00:12
Epoch 050 | Seed 2001 | Rate 0.10 | Train Loss: 1.2751 | Val Loss: 0.7642 | Acc (clean): 0.9094 | Acc (poison): 0.8340 | Val Acc: 0.8152 | Time: 00:00:13
Epoch 051 | Seed 2001 | Rate 0.10 | Train Loss: 1.1353 | Val Loss: 0.5150 | Acc (clean): 0.9570 | Acc (poison): 0.8826 | Val Acc: 0.9030 | Time: 00:00:13
Epoch 052 | Seed 2001 | Rate 0.10 | Train Loss: 0.9915 | Val Loss: 0.4568 | Acc (clean): 0.9666 | Acc (poison): 0.8980 | Val Acc: 0.9096 | Time: 00:00:13
Epoch 053 | Seed 2001 | Rate 0.10 | Train Loss: 1.0005 | Val Loss: 0.4902 | Acc (clean): 0.9656 | Acc (poison): 0.9022 | Val Acc: 0.9059 | Time: 00:00:13
Epoch 054 | Seed 2001 | Rate 0.10 | Train Loss: 0.9703 | Val Loss: 0.4861 | Acc (clean): 0.9658 | Acc (poison): 0.9091 | Val Acc: 0.9048 | Time: 00:00:12
Epoch 055 | Seed 2001 | Rate 0.10 | Train Loss: 0.9290 | Val Loss: 0.4795 | Acc (clean): 0.9627 | Acc (poison): 0.9132 | Val Acc: 0.9074 | Time: 00:00:13
Epoch 056 | Seed 2001 | Rate 0.10 | Train Loss: 0.9301 | Val Loss: 0.5223 | Acc (clean): 0.9613 | Acc (poison): 0.9165 | Val Acc: 0.8981 | Time: 00:00:12
Epoch 057 | Seed 2001 | Rate 0.10 | Train Loss: 0.8626 | Val Loss: 0.4940 | Acc (clean): 0.9589 | Acc (poison): 0.9214 | Val Acc: 0.8985 | Time: 00:00:12
Epoch 058 | Seed 2001 | Rate 0.10 | Train Loss: 0.9270 | Val Loss: 0.5129 | Acc (clean): 0.9547 | Acc (poison): 0.9260 | Val Acc: 0.8993 | Time: 00:00:12
Epoch 059 | Seed 2001 | Rate 0.10 | Train Loss: 0.9305 | Val Loss: 0.5242 | Acc (clean): 0.9533 | Acc (poison): 0.9306 | Val Acc: 0.8970 | Time: 00:00:13
Epoch 060 | Seed 2001 | Rate 0.10 | Train Loss: 0.8277 | Val Loss: 0.4826 | Acc (clean): 0.9505 | Acc (poison): 0.9356 | Val Acc: 0.9015 | Time: 00:00:12
Epoch 061 | Seed 2001 | Rate 0.10 | Train Loss: 0.8913 | Val Loss: 0.5308 | Acc (clean): 0.9453 | Acc (poison): 0.9407 | Val Acc: 0.8952 | Time: 00:00:13
Epoch 062 | Seed 2001 | Rate 0.10 | Train Loss: 0.8219 | Val Loss: 0.5078 | Acc (clean): 0.9445 | Acc (poison): 0.9433 | Val Acc: 0.8978 | Time: 00:00:12
Epoch 063 | Seed 2001 | Rate 0.10 | Train Loss: 0.8385 | Val Loss: 0.5189 | Acc (clean): 0.9406 | Acc (poison): 0.9484 | Val Acc: 0.8919 | Time: 00:00:12
Epoch 064 | Seed 2001 | Rate 0.10 | Train Loss: 0.7791 | Val Loss: 0.4634 | Acc (clean): 0.9377 | Acc (poison): 0.9537 | Val Acc: 0.9026 | Time: 00:00:12
Epoch 065 | Seed 2001 | Rate 0.10 | Train Loss: 0.8904 | Val Loss: 0.5664 | Acc (clean): 0.9332 | Acc (poison): 0.9563 | Val Acc: 0.8889 | Time: 00:00:12
Epoch 066 | Seed 2001 | Rate 0.10 | Train Loss: 0.8583 | Val Loss: 0.4920 | Acc (clean): 0.9318 | Acc (poison): 0.9585 | Val Acc: 0.9000 | Time: 00:00:12
Epoch 067 | Seed 2001 | Rate 0.10 | Train Loss: 0.7503 | Val Loss: 0.5370 | Acc (clean): 0.9296 | Acc (poison): 0.9626 | Val Acc: 0.8878 | Time: 00:00:12
Epoch 068 | Seed 2001 | Rate 0.10 | Train Loss: 0.8077 | Val Loss: 0.5418 | Acc (clean): 0.9277 | Acc (poison): 0.9657 | Val Acc: 0.8870 | Time: 00:00:12
Epoch 069 | Seed 2001 | Rate 0.10 | Train Loss: 0.7402 | Val Loss: 0.4896 | Acc (clean): 0.9248 | Acc (poison): 0.9679 | Val Acc: 0.8952 | Time: 00:00:12
Epoch 070 | Seed 2001 | Rate 0.10 | Train Loss: 0.7471 | Val Loss: 0.5247 | Acc (clean): 0.9216 | Acc (poison): 0.9716 | Val Acc: 0.8926 | Time: 00:00:13
Epoch 071 | Seed 2001 | Rate 0.10 | Train Loss: 0.7883 | Val Loss: 0.5263 | Acc (clean): 0.9194 | Acc (poison): 0.9740 | Val Acc: 0.8956 | Time: 00:00:13
Epoch 072 | Seed 2001 | Rate 0.10 | Train Loss: 0.8150 | Val Loss: 0.5261 | Acc (clean): 0.9191 | Acc (poison): 0.9751 | Val Acc: 0.8919 | Time: 00:00:13
Epoch 073 | Seed 2001 | Rate 0.10 | Train Loss: 0.6897 | Val Loss: 0.4767 | Acc (clean): 0.9186 | Acc (poison): 0.9762 | Val Acc: 0.8963 | Time: 00:00:13
Epoch 074 | Seed 2001 | Rate 0.10 | Train Loss: 0.6913 | Val Loss: 0.5541 | Acc (clean): 0.9160 | Acc (poison): 0.9788 | Val Acc: 0.8811 | Time: 00:00:13
Epoch 075 | Seed 2001 | Rate 0.10 | Train Loss: 0.6810 | Val Loss: 0.5398 | Acc (clean): 0.9147 | Acc (poison): 0.9809 | Val Acc: 0.8885 | Time: 00:00:13
Epoch 076 | Seed 2001 | Rate 0.10 | Train Loss: 0.6629 | Val Loss: 0.4739 | Acc (clean): 0.9098 | Acc (poison): 0.9877 | Val Acc: 0.8985 | Time: 00:00:13
Epoch 077 | Seed 2001 | Rate 0.10 | Train Loss: 0.5842 | Val Loss: 0.4709 | Acc (clean): 0.9086 | Acc (poison): 0.9895 | Val Acc: 0.9004 | Time: 00:00:13
Epoch 078 | Seed 2001 | Rate 0.10 | Train Loss: 0.6772 | Val Loss: 0.4629 | Acc (clean): 0.9081 | Acc (poison): 0.9906 | Val Acc: 0.9030 | Time: 00:00:12
Epoch 079 | Seed 2001 | Rate 0.10 | Train Loss: 0.6850 | Val Loss: 0.5090 | Acc (clean): 0.9070 | Acc (poison): 0.9917 | Val Acc: 0.8959 | Time: 00:00:13
Epoch 080 | Seed 2001 | Rate 0.10 | Train Loss: 0.5864 | Val Loss: 0.5163 | Acc (clean): 0.9071 | Acc (poison): 0.9920 | Val Acc: 0.8948 | Time: 00:00:13
Epoch 081 | Seed 2001 | Rate 0.10 | Train Loss: 0.6769 | Val Loss: 0.4612 | Acc (clean): 0.9067 | Acc (poison): 0.9921 | Val Acc: 0.9037 | Time: 00:00:12
Epoch 082 | Seed 2001 | Rate 0.10 | Train Loss: 0.6388 | Val Loss: 0.4344 | Acc (clean): 0.9060 | Acc (poison): 0.9930 | Val Acc: 0.9074 | Time: 00:00:13
Epoch 083 | Seed 2001 | Rate 0.10 | Train Loss: 0.7020 | Val Loss: 0.4848 | Acc (clean): 0.9056 | Acc (poison): 0.9928 | Val Acc: 0.8974 | Time: 00:00:12
Epoch 084 | Seed 2001 | Rate 0.10 | Train Loss: 0.6922 | Val Loss: 0.4658 | Acc (clean): 0.9057 | Acc (poison): 0.9930 | Val Acc: 0.9019 | Time: 00:00:12
Epoch 085 | Seed 2001 | Rate 0.10 | Train Loss: 0.6708 | Val Loss: 0.5118 | Acc (clean): 0.9057 | Acc (poison): 0.9934 | Val Acc: 0.8926 | Time: 00:00:12
Epoch 086 | Seed 2001 | Rate 0.10 | Train Loss: 0.6764 | Val Loss: 0.4821 | Acc (clean): 0.9052 | Acc (poison): 0.9939 | Val Acc: 0.8996 | Time: 00:00:13
Epoch 087 | Seed 2001 | Rate 0.10 | Train Loss: 0.7152 | Val Loss: 0.5291 | Acc (clean): 0.9051 | Acc (poison): 0.9941 | Val Acc: 0.8926 | Time: 00:00:12
Epoch 088 | Seed 2001 | Rate 0.10 | Train Loss: 0.6039 | Val Loss: 0.4389 | Acc (clean): 0.9057 | Acc (poison): 0.9930 | Val Acc: 0.9030 | Time: 00:00:12
Epoch 089 | Seed 2001 | Rate 0.10 | Train Loss: 0.5495 | Val Loss: 0.4355 | Acc (clean): 0.9051 | Acc (poison): 0.9940 | Val Acc: 0.9041 | Time: 00:00:12
Epoch 090 | Seed 2001 | Rate 0.10 | Train Loss: 0.6952 | Val Loss: 0.4493 | Acc (clean): 0.9051 | Acc (poison): 0.9940 | Val Acc: 0.9030 | Time: 00:00:13
Epoch 091 | Seed 2001 | Rate 0.10 | Train Loss: 0.5748 | Val Loss: 0.4422 | Acc (clean): 0.9055 | Acc (poison): 0.9938 | Val Acc: 0.9081 | Time: 00:00:13
Epoch 092 | Seed 2001 | Rate 0.10 | Train Loss: 0.6517 | Val Loss: 0.4389 | Acc (clean): 0.9050 | Acc (poison): 0.9939 | Val Acc: 0.9059 | Time: 00:00:13
Epoch 093 | Seed 2001 | Rate 0.10 | Train Loss: 0.6687 | Val Loss: 0.4689 | Acc (clean): 0.9047 | Acc (poison): 0.9945 | Val Acc: 0.9015 | Time: 00:00:13
Epoch 094 | Seed 2001 | Rate 0.10 | Train Loss: 0.7170 | Val Loss: 0.5257 | Acc (clean): 0.9049 | Acc (poison): 0.9942 | Val Acc: 0.8970 | Time: 00:00:12
Epoch 095 | Seed 2001 | Rate 0.10 | Train Loss: 0.7978 | Val Loss: 0.4579 | Acc (clean): 0.9046 | Acc (poison): 0.9944 | Val Acc: 0.9033 | Time: 00:00:12
Epoch 096 | Seed 2001 | Rate 0.10 | Train Loss: 0.6956 | Val Loss: 0.4741 | Acc (clean): 0.9039 | Acc (poison): 0.9952 | Val Acc: 0.9041 | Time: 00:00:12
Epoch 097 | Seed 2001 | Rate 0.10 | Train Loss: 0.6241 | Val Loss: 0.5331 | Acc (clean): 0.9047 | Acc (poison): 0.9947 | Val Acc: 0.8956 | Time: 00:00:12
Epoch 098 | Seed 2001 | Rate 0.10 | Train Loss: 0.6516 | Val Loss: 0.4657 | Acc (clean): 0.9043 | Acc (poison): 0.9949 | Val Acc: 0.9011 | Time: 00:00:12
Epoch 099 | Seed 2001 | Rate 0.10 | Train Loss: 0.7430 | Val Loss: 0.4838 | Acc (clean): 0.9037 | Acc (poison): 0.9956 | Val Acc: 0.9026 | Time: 00:00:13
Epoch 100 | Seed 2001 | Rate 0.10 | Train Loss: 0.7348 | Val Loss: 0.4499 | Acc (clean): 0.9043 | Acc (poison): 0.9946 | Val Acc: 0.9041 | Time: 00:00:12

=== defense=mixup attack=RQ1 seed=2001 rate=0.2 ===
Loading train data from /home/yazanme/BachelorThesis/BachelorThesis/data/processed/resisc45/train.h5 with mapping /home/yazanme/BachelorThesis/BachelorThesis/data/processed/resisc45/poisoned/RQ1/seed_2001/labels_0.20.pt... (in_memory=True, workers=4)
Testing torch.compile support...
Successfully compiled model using torch.compile.
Epoch 001 | Seed 2001 | Rate 0.20 | Train Loss: 3.4292 | Val Loss: 2.9007 | Acc (clean): 0.2229 | Acc (poison): 0.1817 | Val Acc: 0.2444 | Time: 00:00:15
Epoch 002 | Seed 2001 | Rate 0.20 | Train Loss: 3.0231 | Val Loss: 2.4417 | Acc (clean): 0.3651 | Acc (poison): 0.2965 | Val Acc: 0.3385 | Time: 00:00:13
Epoch 003 | Seed 2001 | Rate 0.20 | Train Loss: 2.8331 | Val Loss: 2.2848 | Acc (clean): 0.4522 | Acc (poison): 0.3648 | Val Acc: 0.3907 | Time: 00:00:13
Epoch 004 | Seed 2001 | Rate 0.20 | Train Loss: 2.6940 | Val Loss: 1.9306 | Acc (clean): 0.5151 | Acc (poison): 0.4156 | Val Acc: 0.4719 | Time: 00:00:13
Epoch 005 | Seed 2001 | Rate 0.20 | Train Loss: 2.5902 | Val Loss: 1.9725 | Acc (clean): 0.5608 | Acc (poison): 0.4514 | Val Acc: 0.4589 | Time: 00:00:12
Epoch 006 | Seed 2001 | Rate 0.20 | Train Loss: 2.5377 | Val Loss: 1.7883 | Acc (clean): 0.5917 | Acc (poison): 0.4802 | Val Acc: 0.5378 | Time: 00:00:13
Epoch 007 | Seed 2001 | Rate 0.20 | Train Loss: 2.4447 | Val Loss: 1.5642 | Acc (clean): 0.6242 | Acc (poison): 0.5042 | Val Acc: 0.6033 | Time: 00:00:13
Epoch 008 | Seed 2001 | Rate 0.20 | Train Loss: 2.3962 | Val Loss: 1.7119 | Acc (clean): 0.6555 | Acc (poison): 0.5300 | Val Acc: 0.5578 | Time: 00:00:12
Epoch 009 | Seed 2001 | Rate 0.20 | Train Loss: 2.3301 | Val Loss: 1.6743 | Acc (clean): 0.6853 | Acc (poison): 0.5526 | Val Acc: 0.5552 | Time: 00:00:12
Epoch 010 | Seed 2001 | Rate 0.20 | Train Loss: 2.2934 | Val Loss: 1.4455 | Acc (clean): 0.7079 | Acc (poison): 0.5709 | Val Acc: 0.6381 | Time: 00:00:13
Epoch 011 | Seed 2001 | Rate 0.20 | Train Loss: 2.2723 | Val Loss: 1.6251 | Acc (clean): 0.7269 | Acc (poison): 0.5880 | Val Acc: 0.5885 | Time: 00:00:12
Epoch 012 | Seed 2001 | Rate 0.20 | Train Loss: 2.1737 | Val Loss: 1.2181 | Acc (clean): 0.7529 | Acc (poison): 0.6104 | Val Acc: 0.6989 | Time: 00:00:13
Epoch 013 | Seed 2001 | Rate 0.20 | Train Loss: 2.1252 | Val Loss: 1.5088 | Acc (clean): 0.7658 | Acc (poison): 0.6176 | Val Acc: 0.6267 | Time: 00:00:12
Epoch 014 | Seed 2001 | Rate 0.20 | Train Loss: 2.0845 | Val Loss: 1.2211 | Acc (clean): 0.7824 | Acc (poison): 0.6314 | Val Acc: 0.7044 | Time: 00:00:12
Epoch 015 | Seed 2001 | Rate 0.20 | Train Loss: 2.0691 | Val Loss: 1.2079 | Acc (clean): 0.7960 | Acc (poison): 0.6444 | Val Acc: 0.7089 | Time: 00:00:13
Epoch 016 | Seed 2001 | Rate 0.20 | Train Loss: 2.0526 | Val Loss: 1.2706 | Acc (clean): 0.8017 | Acc (poison): 0.6507 | Val Acc: 0.6737 | Time: 00:00:12
Epoch 017 | Seed 2001 | Rate 0.20 | Train Loss: 2.0719 | Val Loss: 1.0790 | Acc (clean): 0.8153 | Acc (poison): 0.6618 | Val Acc: 0.7507 | Time: 00:00:13
Epoch 018 | Seed 2001 | Rate 0.20 | Train Loss: 2.0165 | Val Loss: 1.1566 | Acc (clean): 0.8200 | Acc (poison): 0.6655 | Val Acc: 0.7415 | Time: 00:00:12
Epoch 019 | Seed 2001 | Rate 0.20 | Train Loss: 1.9927 | Val Loss: 1.3314 | Acc (clean): 0.8225 | Acc (poison): 0.6665 | Val Acc: 0.6874 | Time: 00:00:12
Epoch 020 | Seed 2001 | Rate 0.20 | Train Loss: 1.9824 | Val Loss: 1.0083 | Acc (clean): 0.8256 | Acc (poison): 0.6707 | Val Acc: 0.7700 | Time: 00:00:13
Epoch 021 | Seed 2001 | Rate 0.20 | Train Loss: 1.9665 | Val Loss: 1.1870 | Acc (clean): 0.8356 | Acc (poison): 0.6807 | Val Acc: 0.7189 | Time: 00:00:12
Epoch 022 | Seed 2001 | Rate 0.20 | Train Loss: 1.9506 | Val Loss: 1.1662 | Acc (clean): 0.8382 | Acc (poison): 0.6818 | Val Acc: 0.7270 | Time: 00:00:12
Epoch 023 | Seed 2001 | Rate 0.20 | Train Loss: 1.9328 | Val Loss: 1.1522 | Acc (clean): 0.8418 | Acc (poison): 0.6859 | Val Acc: 0.7211 | Time: 00:00:13
Epoch 024 | Seed 2001 | Rate 0.20 | Train Loss: 1.9428 | Val Loss: 1.2108 | Acc (clean): 0.8481 | Acc (poison): 0.6912 | Val Acc: 0.7063 | Time: 00:00:12
Epoch 025 | Seed 2001 | Rate 0.20 | Train Loss: 1.8825 | Val Loss: 1.1096 | Acc (clean): 0.8412 | Acc (poison): 0.6855 | Val Acc: 0.7663 | Time: 00:00:13
Epoch 026 | Seed 2001 | Rate 0.20 | Train Loss: 1.9122 | Val Loss: 1.3147 | Acc (clean): 0.8509 | Acc (poison): 0.6936 | Val Acc: 0.7211 | Time: 00:00:12
Epoch 027 | Seed 2001 | Rate 0.20 | Train Loss: 1.9028 | Val Loss: 1.0448 | Acc (clean): 0.8573 | Acc (poison): 0.6999 | Val Acc: 0.7570 | Time: 00:00:12
Epoch 028 | Seed 2001 | Rate 0.20 | Train Loss: 1.8997 | Val Loss: 1.0395 | Acc (clean): 0.8577 | Acc (poison): 0.7010 | Val Acc: 0.7548 | Time: 00:00:12
Epoch 029 | Seed 2001 | Rate 0.20 | Train Loss: 1.8542 | Val Loss: 0.9676 | Acc (clean): 0.8583 | Acc (poison): 0.7021 | Val Acc: 0.8044 | Time: 00:00:12
Epoch 030 | Seed 2001 | Rate 0.20 | Train Loss: 1.8556 | Val Loss: 1.2367 | Acc (clean): 0.8630 | Acc (poison): 0.7053 | Val Acc: 0.6948 | Time: 00:00:12
Epoch 031 | Seed 2001 | Rate 0.20 | Train Loss: 1.8782 | Val Loss: 1.1730 | Acc (clean): 0.8642 | Acc (poison): 0.7072 | Val Acc: 0.7400 | Time: 00:00:12
Epoch 032 | Seed 2001 | Rate 0.20 | Train Loss: 1.8700 | Val Loss: 1.1020 | Acc (clean): 0.8670 | Acc (poison): 0.7113 | Val Acc: 0.7459 | Time: 00:00:12
Epoch 033 | Seed 2001 | Rate 0.20 | Train Loss: 1.8781 | Val Loss: 1.1217 | Acc (clean): 0.8654 | Acc (poison): 0.7093 | Val Acc: 0.7563 | Time: 00:00:12
Epoch 034 | Seed 2001 | Rate 0.20 | Train Loss: 1.8601 | Val Loss: 1.0703 | Acc (clean): 0.8703 | Acc (poison): 0.7122 | Val Acc: 0.7530 | Time: 00:00:13
Epoch 035 | Seed 2001 | Rate 0.20 | Train Loss: 1.8148 | Val Loss: 1.0998 | Acc (clean): 0.8666 | Acc (poison): 0.7125 | Val Acc: 0.7489 | Time: 00:00:13
Epoch 036 | Seed 2001 | Rate 0.20 | Train Loss: 1.8503 | Val Loss: 1.0151 | Acc (clean): 0.8703 | Acc (poison): 0.7143 | Val Acc: 0.7615 | Time: 00:00:12
Epoch 037 | Seed 2001 | Rate 0.20 | Train Loss: 1.9031 | Val Loss: 1.0635 | Acc (clean): 0.8740 | Acc (poison): 0.7177 | Val Acc: 0.7859 | Time: 00:00:12
Epoch 038 | Seed 2001 | Rate 0.20 | Train Loss: 1.8315 | Val Loss: 1.0959 | Acc (clean): 0.8732 | Acc (poison): 0.7189 | Val Acc: 0.7363 | Time: 00:00:12
Epoch 039 | Seed 2001 | Rate 0.20 | Train Loss: 1.8250 | Val Loss: 1.1151 | Acc (clean): 0.8746 | Acc (poison): 0.7206 | Val Acc: 0.7430 | Time: 00:00:13
Epoch 040 | Seed 2001 | Rate 0.20 | Train Loss: 1.7281 | Val Loss: 1.3925 | Acc (clean): 0.8725 | Acc (poison): 0.7183 | Val Acc: 0.6796 | Time: 00:00:12
Epoch 041 | Seed 2001 | Rate 0.20 | Train Loss: 1.8090 | Val Loss: 1.1257 | Acc (clean): 0.8772 | Acc (poison): 0.7231 | Val Acc: 0.7659 | Time: 00:00:13
Epoch 042 | Seed 2001 | Rate 0.20 | Train Loss: 1.8281 | Val Loss: 1.0961 | Acc (clean): 0.8821 | Acc (poison): 0.7267 | Val Acc: 0.7519 | Time: 00:00:12
Epoch 043 | Seed 2001 | Rate 0.20 | Train Loss: 1.7620 | Val Loss: 1.1092 | Acc (clean): 0.8782 | Acc (poison): 0.7263 | Val Acc: 0.7544 | Time: 00:00:12
Epoch 044 | Seed 2001 | Rate 0.20 | Train Loss: 1.7887 | Val Loss: 1.0694 | Acc (clean): 0.8777 | Acc (poison): 0.7242 | Val Acc: 0.7663 | Time: 00:00:12
Epoch 045 | Seed 2001 | Rate 0.20 | Train Loss: 1.7744 | Val Loss: 1.0312 | Acc (clean): 0.8753 | Acc (poison): 0.7242 | Val Acc: 0.7763 | Time: 00:00:12
Epoch 046 | Seed 2001 | Rate 0.20 | Train Loss: 1.7000 | Val Loss: 1.1007 | Acc (clean): 0.8766 | Acc (poison): 0.7274 | Val Acc: 0.7359 | Time: 00:00:12
Epoch 047 | Seed 2001 | Rate 0.20 | Train Loss: 1.7521 | Val Loss: 0.9135 | Acc (clean): 0.8819 | Acc (poison): 0.7297 | Val Acc: 0.7878 | Time: 00:00:13
Epoch 048 | Seed 2001 | Rate 0.20 | Train Loss: 1.7308 | Val Loss: 1.0101 | Acc (clean): 0.8786 | Acc (poison): 0.7307 | Val Acc: 0.7759 | Time: 00:00:12
Epoch 049 | Seed 2001 | Rate 0.20 | Train Loss: 1.7538 | Val Loss: 1.0262 | Acc (clean): 0.8785 | Acc (poison): 0.7315 | Val Acc: 0.7719 | Time: 00:00:12
Epoch 050 | Seed 2001 | Rate 0.20 | Train Loss: 1.6899 | Val Loss: 0.9926 | Acc (clean): 0.8831 | Acc (poison): 0.7337 | Val Acc: 0.7837 | Time: 00:00:12
Epoch 051 | Seed 2001 | Rate 0.20 | Train Loss: 1.5068 | Val Loss: 0.7007 | Acc (clean): 0.9355 | Acc (poison): 0.7837 | Val Acc: 0.8752 | Time: 00:00:13
Epoch 052 | Seed 2001 | Rate 0.20 | Train Loss: 1.3412 | Val Loss: 0.6367 | Acc (clean): 0.9425 | Acc (poison): 0.8016 | Val Acc: 0.8830 | Time: 00:00:13
Epoch 053 | Seed 2001 | Rate 0.20 | Train Loss: 1.3272 | Val Loss: 0.6869 | Acc (clean): 0.9380 | Acc (poison): 0.8139 | Val Acc: 0.8756 | Time: 00:00:12
Epoch 054 | Seed 2001 | Rate 0.20 | Train Loss: 1.2771 | Val Loss: 0.6777 | Acc (clean): 0.9333 | Acc (poison): 0.8214 | Val Acc: 0.8752 | Time: 00:00:12
Epoch 055 | Seed 2001 | Rate 0.20 | Train Loss: 1.2196 | Val Loss: 0.6730 | Acc (clean): 0.9268 | Acc (poison): 0.8334 | Val Acc: 0.8830 | Time: 00:00:12
Epoch 056 | Seed 2001 | Rate 0.20 | Train Loss: 1.2043 | Val Loss: 0.7104 | Acc (clean): 0.9187 | Acc (poison): 0.8416 | Val Acc: 0.8707 | Time: 00:00:12
Epoch 057 | Seed 2001 | Rate 0.20 | Train Loss: 1.1316 | Val Loss: 0.6725 | Acc (clean): 0.9128 | Acc (poison): 0.8503 | Val Acc: 0.8793 | Time: 00:00:12
Epoch 058 | Seed 2001 | Rate 0.20 | Train Loss: 1.1771 | Val Loss: 0.7377 | Acc (clean): 0.9030 | Acc (poison): 0.8619 | Val Acc: 0.8578 | Time: 00:00:12
Epoch 059 | Seed 2001 | Rate 0.20 | Train Loss: 1.1614 | Val Loss: 0.7349 | Acc (clean): 0.8949 | Acc (poison): 0.8727 | Val Acc: 0.8596 | Time: 00:00:12
Epoch 060 | Seed 2001 | Rate 0.20 | Train Loss: 1.0451 | Val Loss: 0.6967 | Acc (clean): 0.8888 | Acc (poison): 0.8814 | Val Acc: 0.8567 | Time: 00:00:12
Epoch 061 | Seed 2001 | Rate 0.20 | Train Loss: 1.0875 | Val Loss: 0.7576 | Acc (clean): 0.8754 | Acc (poison): 0.8956 | Val Acc: 0.8470 | Time: 00:00:12
Epoch 062 | Seed 2001 | Rate 0.20 | Train Loss: 1.0168 | Val Loss: 0.7448 | Acc (clean): 0.8754 | Acc (poison): 0.8991 | Val Acc: 0.8511 | Time: 00:00:12
Epoch 063 | Seed 2001 | Rate 0.20 | Train Loss: 1.0205 | Val Loss: 0.7569 | Acc (clean): 0.8681 | Acc (poison): 0.9088 | Val Acc: 0.8441 | Time: 00:00:13
Epoch 064 | Seed 2001 | Rate 0.20 | Train Loss: 0.9503 | Val Loss: 0.7357 | Acc (clean): 0.8604 | Acc (poison): 0.9190 | Val Acc: 0.8448 | Time: 00:00:12
Epoch 065 | Seed 2001 | Rate 0.20 | Train Loss: 1.0593 | Val Loss: 0.8231 | Acc (clean): 0.8543 | Acc (poison): 0.9267 | Val Acc: 0.8307 | Time: 00:00:12
Epoch 066 | Seed 2001 | Rate 0.20 | Train Loss: 1.0233 | Val Loss: 0.7087 | Acc (clean): 0.8516 | Acc (poison): 0.9302 | Val Acc: 0.8511 | Time: 00:00:12
Epoch 067 | Seed 2001 | Rate 0.20 | Train Loss: 0.8900 | Val Loss: 0.7827 | Acc (clean): 0.8460 | Acc (poison): 0.9385 | Val Acc: 0.8296 | Time: 00:00:12
Epoch 068 | Seed 2001 | Rate 0.20 | Train Loss: 0.9451 | Val Loss: 0.8387 | Acc (clean): 0.8392 | Acc (poison): 0.9452 | Val Acc: 0.8074 | Time: 00:00:12
Epoch 069 | Seed 2001 | Rate 0.20 | Train Loss: 0.8733 | Val Loss: 0.7346 | Acc (clean): 0.8382 | Acc (poison): 0.9475 | Val Acc: 0.8411 | Time: 00:00:12
Epoch 070 | Seed 2001 | Rate 0.20 | Train Loss: 0.8727 | Val Loss: 0.8020 | Acc (clean): 0.8333 | Acc (poison): 0.9540 | Val Acc: 0.8196 | Time: 00:00:12
Epoch 071 | Seed 2001 | Rate 0.20 | Train Loss: 0.9139 | Val Loss: 0.8406 | Acc (clean): 0.8305 | Acc (poison): 0.9574 | Val Acc: 0.8193 | Time: 00:00:12
Epoch 072 | Seed 2001 | Rate 0.20 | Train Loss: 0.9500 | Val Loss: 0.7740 | Acc (clean): 0.8278 | Acc (poison): 0.9586 | Val Acc: 0.8322 | Time: 00:00:12
Epoch 073 | Seed 2001 | Rate 0.20 | Train Loss: 0.8148 | Val Loss: 0.7157 | Acc (clean): 0.8293 | Acc (poison): 0.9582 | Val Acc: 0.8393 | Time: 00:00:12
Epoch 074 | Seed 2001 | Rate 0.20 | Train Loss: 0.8080 | Val Loss: 0.8253 | Acc (clean): 0.8247 | Acc (poison): 0.9640 | Val Acc: 0.8222 | Time: 00:00:12
Epoch 075 | Seed 2001 | Rate 0.20 | Train Loss: 0.7929 | Val Loss: 0.8150 | Acc (clean): 0.8215 | Acc (poison): 0.9665 | Val Acc: 0.8185 | Time: 00:00:12
Epoch 076 | Seed 2001 | Rate 0.20 | Train Loss: 0.7463 | Val Loss: 0.6958 | Acc (clean): 0.8131 | Acc (poison): 0.9828 | Val Acc: 0.8478 | Time: 00:00:12
Epoch 077 | Seed 2001 | Rate 0.20 | Train Loss: 0.6493 | Val Loss: 0.7062 | Acc (clean): 0.8124 | Acc (poison): 0.9861 | Val Acc: 0.8504 | Time: 00:00:12
Epoch 078 | Seed 2001 | Rate 0.20 | Train Loss: 0.7534 | Val Loss: 0.6878 | Acc (clean): 0.8097 | Acc (poison): 0.9884 | Val Acc: 0.8515 | Time: 00:00:12
Epoch 079 | Seed 2001 | Rate 0.20 | Train Loss: 0.7599 | Val Loss: 0.7377 | Acc (clean): 0.8094 | Acc (poison): 0.9886 | Val Acc: 0.8422 | Time: 00:00:12
Epoch 080 | Seed 2001 | Rate 0.20 | Train Loss: 0.6548 | Val Loss: 0.7511 | Acc (clean): 0.8094 | Acc (poison): 0.9888 | Val Acc: 0.8426 | Time: 00:00:12
Epoch 081 | Seed 2001 | Rate 0.20 | Train Loss: 0.7485 | Val Loss: 0.6870 | Acc (clean): 0.8092 | Acc (poison): 0.9895 | Val Acc: 0.8544 | Time: 00:00:12
Epoch 082 | Seed 2001 | Rate 0.20 | Train Loss: 0.7045 | Val Loss: 0.6414 | Acc (clean): 0.8075 | Acc (poison): 0.9905 | Val Acc: 0.8593 | Time: 00:00:12
Epoch 083 | Seed 2001 | Rate 0.20 | Train Loss: 0.7760 | Val Loss: 0.7124 | Acc (clean): 0.8077 | Acc (poison): 0.9906 | Val Acc: 0.8452 | Time: 00:00:12
Epoch 084 | Seed 2001 | Rate 0.20 | Train Loss: 0.7615 | Val Loss: 0.6919 | Acc (clean): 0.8070 | Acc (poison): 0.9920 | Val Acc: 0.8496 | Time: 00:00:12
Epoch 085 | Seed 2001 | Rate 0.20 | Train Loss: 0.7410 | Val Loss: 0.7538 | Acc (clean): 0.8075 | Acc (poison): 0.9907 | Val Acc: 0.8404 | Time: 00:00:12
Epoch 086 | Seed 2001 | Rate 0.20 | Train Loss: 0.7431 | Val Loss: 0.7180 | Acc (clean): 0.8074 | Acc (poison): 0.9916 | Val Acc: 0.8478 | Time: 00:00:12
Epoch 087 | Seed 2001 | Rate 0.20 | Train Loss: 0.7908 | Val Loss: 0.7524 | Acc (clean): 0.8070 | Acc (poison): 0.9921 | Val Acc: 0.8374 | Time: 00:00:12
Epoch 088 | Seed 2001 | Rate 0.20 | Train Loss: 0.6624 | Val Loss: 0.6480 | Acc (clean): 0.8067 | Acc (poison): 0.9918 | Val Acc: 0.8619 | Time: 00:00:12
Epoch 089 | Seed 2001 | Rate 0.20 | Train Loss: 0.6030 | Val Loss: 0.6357 | Acc (clean): 0.8071 | Acc (poison): 0.9912 | Val Acc: 0.8611 | Time: 00:00:17
Epoch 090 | Seed 2001 | Rate 0.20 | Train Loss: 0.7620 | Val Loss: 0.6676 | Acc (clean): 0.8062 | Acc (poison): 0.9920 | Val Acc: 0.8556 | Time: 00:00:13
Epoch 091 | Seed 2001 | Rate 0.20 | Train Loss: 0.6300 | Val Loss: 0.6449 | Acc (clean): 0.8067 | Acc (poison): 0.9926 | Val Acc: 0.8630 | Time: 00:00:12
Epoch 092 | Seed 2001 | Rate 0.20 | Train Loss: 0.7118 | Val Loss: 0.6552 | Acc (clean): 0.8062 | Acc (poison): 0.9926 | Val Acc: 0.8585 | Time: 00:00:13
Epoch 093 | Seed 2001 | Rate 0.20 | Train Loss: 0.7373 | Val Loss: 0.6842 | Acc (clean): 0.8065 | Acc (poison): 0.9924 | Val Acc: 0.8515 | Time: 00:00:12
Epoch 094 | Seed 2001 | Rate 0.20 | Train Loss: 0.7836 | Val Loss: 0.7419 | Acc (clean): 0.8062 | Acc (poison): 0.9929 | Val Acc: 0.8411 | Time: 00:00:12
Epoch 095 | Seed 2001 | Rate 0.20 | Train Loss: 0.8731 | Val Loss: 0.6778 | Acc (clean): 0.8057 | Acc (poison): 0.9934 | Val Acc: 0.8578 | Time: 00:00:12
Epoch 096 | Seed 2001 | Rate 0.20 | Train Loss: 0.7606 | Val Loss: 0.6966 | Acc (clean): 0.8055 | Acc (poison): 0.9935 | Val Acc: 0.8504 | Time: 00:00:12
Epoch 097 | Seed 2001 | Rate 0.20 | Train Loss: 0.6788 | Val Loss: 0.7587 | Acc (clean): 0.8058 | Acc (poison): 0.9936 | Val Acc: 0.8426 | Time: 00:00:12
Epoch 098 | Seed 2001 | Rate 0.20 | Train Loss: 0.7187 | Val Loss: 0.6889 | Acc (clean): 0.8059 | Acc (poison): 0.9933 | Val Acc: 0.8519 | Time: 00:00:12
Epoch 099 | Seed 2001 | Rate 0.20 | Train Loss: 0.8129 | Val Loss: 0.7185 | Acc (clean): 0.8049 | Acc (poison): 0.9939 | Val Acc: 0.8459 | Time: 00:00:12
Epoch 100 | Seed 2001 | Rate 0.20 | Train Loss: 0.8116 | Val Loss: 0.6777 | Acc (clean): 0.8051 | Acc (poison): 0.9933 | Val Acc: 0.8541 | Time: 00:00:12

=== defense=mixup attack=RQ2 seed=2001 rate=0.01 ===
Loading train data from /home/yazanme/BachelorThesis/BachelorThesis/data/processed/resisc45/train.h5 with mapping /home/yazanme/BachelorThesis/BachelorThesis/data/processed/resisc45/poisoned/RQ2/seed_2001/labels_0.01.pt... (in_memory=True, workers=4)
Testing torch.compile support...
Successfully compiled model using torch.compile.
Epoch 001 | Seed 2001 | Rate 0.01 | Train Loss: 3.2748 | Val Loss: 2.5811 | Acc (clean): 0.2165 | Acc (poison): 0.2157 | Val Acc: 0.2833 | Time: 00:00:13
Epoch 002 | Seed 2001 | Rate 0.01 | Train Loss: 2.5079 | Val Loss: 2.1369 | Acc (clean): 0.3903 | Acc (poison): 0.3877 | Val Acc: 0.3870 | Time: 00:00:12
Epoch 003 | Seed 2001 | Rate 0.01 | Train Loss: 2.1693 | Val Loss: 2.4897 | Acc (clean): 0.4988 | Acc (poison): 0.4953 | Val Acc: 0.3515 | Time: 00:00:12
Epoch 004 | Seed 2001 | Rate 0.01 | Train Loss: 1.9371 | Val Loss: 1.5218 | Acc (clean): 0.5761 | Acc (poison): 0.5721 | Val Acc: 0.5515 | Time: 00:00:12
Epoch 005 | Seed 2001 | Rate 0.01 | Train Loss: 1.7616 | Val Loss: 1.6326 | Acc (clean): 0.6246 | Acc (poison): 0.6198 | Val Acc: 0.5319 | Time: 00:00:12
Epoch 006 | Seed 2001 | Rate 0.01 | Train Loss: 1.6624 | Val Loss: 1.3090 | Acc (clean): 0.6753 | Acc (poison): 0.6696 | Val Acc: 0.5996 | Time: 00:00:13
Epoch 007 | Seed 2001 | Rate 0.01 | Train Loss: 1.4937 | Val Loss: 1.5263 | Acc (clean): 0.7184 | Acc (poison): 0.7122 | Val Acc: 0.5530 | Time: 00:00:12
Epoch 008 | Seed 2001 | Rate 0.01 | Train Loss: 1.4298 | Val Loss: 1.0562 | Acc (clean): 0.7477 | Acc (poison): 0.7417 | Val Acc: 0.6852 | Time: 00:00:12
Epoch 009 | Seed 2001 | Rate 0.01 | Train Loss: 1.3384 | Val Loss: 1.0735 | Acc (clean): 0.7824 | Acc (poison): 0.7752 | Val Acc: 0.6996 | Time: 00:00:12
Epoch 010 | Seed 2001 | Rate 0.01 | Train Loss: 1.2970 | Val Loss: 0.9235 | Acc (clean): 0.8029 | Acc (poison): 0.7957 | Val Acc: 0.7263 | Time: 00:00:13
Epoch 011 | Seed 2001 | Rate 0.01 | Train Loss: 1.2886 | Val Loss: 0.9138 | Acc (clean): 0.8263 | Acc (poison): 0.8191 | Val Acc: 0.7430 | Time: 00:00:13
Epoch 012 | Seed 2001 | Rate 0.01 | Train Loss: 1.1794 | Val Loss: 0.8518 | Acc (clean): 0.8355 | Acc (poison): 0.8280 | Val Acc: 0.7585 | Time: 00:00:14
Epoch 013 | Seed 2001 | Rate 0.01 | Train Loss: 1.1251 | Val Loss: 0.8651 | Acc (clean): 0.8504 | Acc (poison): 0.8427 | Val Acc: 0.7630 | Time: 00:00:12
Epoch 014 | Seed 2001 | Rate 0.01 | Train Loss: 1.0815 | Val Loss: 0.9303 | Acc (clean): 0.8592 | Acc (poison): 0.8515 | Val Acc: 0.7330 | Time: 00:00:12
Epoch 015 | Seed 2001 | Rate 0.01 | Train Loss: 1.0860 | Val Loss: 0.7976 | Acc (clean): 0.8686 | Acc (poison): 0.8611 | Val Acc: 0.7793 | Time: 00:00:13
Epoch 016 | Seed 2001 | Rate 0.01 | Train Loss: 1.0774 | Val Loss: 0.7491 | Acc (clean): 0.8769 | Acc (poison): 0.8693 | Val Acc: 0.7896 | Time: 00:00:13
Epoch 017 | Seed 2001 | Rate 0.01 | Train Loss: 1.1266 | Val Loss: 0.7555 | Acc (clean): 0.8834 | Acc (poison): 0.8753 | Val Acc: 0.7789 | Time: 00:00:12
Epoch 018 | Seed 2001 | Rate 0.01 | Train Loss: 1.0608 | Val Loss: 0.7167 | Acc (clean): 0.8818 | Acc (poison): 0.8742 | Val Acc: 0.7922 | Time: 00:00:13
Epoch 019 | Seed 2001 | Rate 0.01 | Train Loss: 1.0331 | Val Loss: 0.8298 | Acc (clean): 0.8857 | Acc (poison): 0.8779 | Val Acc: 0.7807 | Time: 00:00:12
Epoch 020 | Seed 2001 | Rate 0.01 | Train Loss: 1.0299 | Val Loss: 0.7238 | Acc (clean): 0.8956 | Acc (poison): 0.8881 | Val Acc: 0.7996 | Time: 00:00:12
Epoch 021 | Seed 2001 | Rate 0.01 | Train Loss: 1.0064 | Val Loss: 0.7356 | Acc (clean): 0.8981 | Acc (poison): 0.8905 | Val Acc: 0.7941 | Time: 00:00:12
Epoch 022 | Seed 2001 | Rate 0.01 | Train Loss: 0.9969 | Val Loss: 0.6501 | Acc (clean): 0.8971 | Acc (poison): 0.8897 | Val Acc: 0.8219 | Time: 00:00:13
Epoch 023 | Seed 2001 | Rate 0.01 | Train Loss: 0.9806 | Val Loss: 0.6468 | Acc (clean): 0.9013 | Acc (poison): 0.8940 | Val Acc: 0.8185 | Time: 00:00:13
Epoch 024 | Seed 2001 | Rate 0.01 | Train Loss: 1.0086 | Val Loss: 0.5987 | Acc (clean): 0.9093 | Acc (poison): 0.9016 | Val Acc: 0.8281 | Time: 00:00:13
Epoch 025 | Seed 2001 | Rate 0.01 | Train Loss: 0.9199 | Val Loss: 0.7223 | Acc (clean): 0.9045 | Acc (poison): 0.8971 | Val Acc: 0.8111 | Time: 00:00:12
Epoch 026 | Seed 2001 | Rate 0.01 | Train Loss: 0.9829 | Val Loss: 0.8228 | Acc (clean): 0.9080 | Acc (poison): 0.9007 | Val Acc: 0.7778 | Time: 00:00:12
Epoch 027 | Seed 2001 | Rate 0.01 | Train Loss: 0.9838 | Val Loss: 0.5866 | Acc (clean): 0.9117 | Acc (poison): 0.9044 | Val Acc: 0.8300 | Time: 00:00:13
Epoch 028 | Seed 2001 | Rate 0.01 | Train Loss: 0.9734 | Val Loss: 0.6416 | Acc (clean): 0.9114 | Acc (poison): 0.9040 | Val Acc: 0.8222 | Time: 00:00:12
Epoch 029 | Seed 2001 | Rate 0.01 | Train Loss: 0.9139 | Val Loss: 0.6763 | Acc (clean): 0.9138 | Acc (poison): 0.9071 | Val Acc: 0.8215 | Time: 00:00:12
Epoch 030 | Seed 2001 | Rate 0.01 | Train Loss: 0.9148 | Val Loss: 0.6787 | Acc (clean): 0.9164 | Acc (poison): 0.9088 | Val Acc: 0.8107 | Time: 00:00:12
Epoch 031 | Seed 2001 | Rate 0.01 | Train Loss: 0.9569 | Val Loss: 0.7713 | Acc (clean): 0.9155 | Acc (poison): 0.9088 | Val Acc: 0.7933 | Time: 00:00:12
Epoch 032 | Seed 2001 | Rate 0.01 | Train Loss: 0.9787 | Val Loss: 0.6151 | Acc (clean): 0.9203 | Acc (poison): 0.9130 | Val Acc: 0.8326 | Time: 00:00:12
Epoch 033 | Seed 2001 | Rate 0.01 | Train Loss: 0.9882 | Val Loss: 0.7792 | Acc (clean): 0.9191 | Acc (poison): 0.9119 | Val Acc: 0.8089 | Time: 00:00:12
Epoch 034 | Seed 2001 | Rate 0.01 | Train Loss: 0.9712 | Val Loss: 0.7446 | Acc (clean): 0.9213 | Acc (poison): 0.9142 | Val Acc: 0.7956 | Time: 00:00:12
Epoch 035 | Seed 2001 | Rate 0.01 | Train Loss: 0.9032 | Val Loss: 0.6939 | Acc (clean): 0.9197 | Acc (poison): 0.9126 | Val Acc: 0.8104 | Time: 00:00:12
Epoch 036 | Seed 2001 | Rate 0.01 | Train Loss: 0.9712 | Val Loss: 0.5764 | Acc (clean): 0.9229 | Acc (poison): 0.9157 | Val Acc: 0.8348 | Time: 00:00:13
Epoch 037 | Seed 2001 | Rate 0.01 | Train Loss: 1.0305 | Val Loss: 0.7372 | Acc (clean): 0.9279 | Acc (poison): 0.9213 | Val Acc: 0.8037 | Time: 00:00:12
Epoch 038 | Seed 2001 | Rate 0.01 | Train Loss: 0.9439 | Val Loss: 0.6161 | Acc (clean): 0.9234 | Acc (poison): 0.9163 | Val Acc: 0.8181 | Time: 00:00:13
Epoch 039 | Seed 2001 | Rate 0.01 | Train Loss: 0.9461 | Val Loss: 0.7682 | Acc (clean): 0.9243 | Acc (poison): 0.9175 | Val Acc: 0.7819 | Time: 00:00:12
Epoch 040 | Seed 2001 | Rate 0.01 | Train Loss: 0.8114 | Val Loss: 0.8740 | Acc (clean): 0.9240 | Acc (poison): 0.9171 | Val Acc: 0.7704 | Time: 00:00:12
Epoch 041 | Seed 2001 | Rate 0.01 | Train Loss: 0.9350 | Val Loss: 0.7021 | Acc (clean): 0.9273 | Acc (poison): 0.9209 | Val Acc: 0.8074 | Time: 00:00:12
Epoch 042 | Seed 2001 | Rate 0.01 | Train Loss: 0.9717 | Val Loss: 0.6480 | Acc (clean): 0.9318 | Acc (poison): 0.9252 | Val Acc: 0.8207 | Time: 00:00:12
Epoch 043 | Seed 2001 | Rate 0.01 | Train Loss: 0.9054 | Val Loss: 0.5953 | Acc (clean): 0.9283 | Acc (poison): 0.9221 | Val Acc: 0.8452 | Time: 00:00:12
Epoch 044 | Seed 2001 | Rate 0.01 | Train Loss: 0.9202 | Val Loss: 0.6104 | Acc (clean): 0.9276 | Acc (poison): 0.9213 | Val Acc: 0.8263 | Time: 00:00:12
Epoch 045 | Seed 2001 | Rate 0.01 | Train Loss: 0.8898 | Val Loss: 0.6566 | Acc (clean): 0.9265 | Acc (poison): 0.9201 | Val Acc: 0.8222 | Time: 00:00:12
Epoch 046 | Seed 2001 | Rate 0.01 | Train Loss: 0.8172 | Val Loss: 0.7366 | Acc (clean): 0.9282 | Acc (poison): 0.9212 | Val Acc: 0.8063 | Time: 00:00:12
Epoch 047 | Seed 2001 | Rate 0.01 | Train Loss: 0.9057 | Val Loss: 0.6610 | Acc (clean): 0.9316 | Acc (poison): 0.9253 | Val Acc: 0.8144 | Time: 00:00:12
Epoch 048 | Seed 2001 | Rate 0.01 | Train Loss: 0.8851 | Val Loss: 0.7152 | Acc (clean): 0.9323 | Acc (poison): 0.9261 | Val Acc: 0.8156 | Time: 00:00:12
Epoch 049 | Seed 2001 | Rate 0.01 | Train Loss: 0.9178 | Val Loss: 0.7285 | Acc (clean): 0.9340 | Acc (poison): 0.9284 | Val Acc: 0.7989 | Time: 00:00:12
Epoch 050 | Seed 2001 | Rate 0.01 | Train Loss: 0.8346 | Val Loss: 0.6176 | Acc (clean): 0.9321 | Acc (poison): 0.9261 | Val Acc: 0.8289 | Time: 00:00:12
Epoch 051 | Seed 2001 | Rate 0.01 | Train Loss: 0.7740 | Val Loss: 0.3571 | Acc (clean): 0.9725 | Acc (poison): 0.9669 | Val Acc: 0.9189 | Time: 00:00:13
Epoch 052 | Seed 2001 | Rate 0.01 | Train Loss: 0.6402 | Val Loss: 0.2882 | Acc (clean): 0.9840 | Acc (poison): 0.9798 | Val Acc: 0.9248 | Time: 00:00:13
Epoch 053 | Seed 2001 | Rate 0.01 | Train Loss: 0.6748 | Val Loss: 0.3147 | Acc (clean): 0.9871 | Acc (poison): 0.9835 | Val Acc: 0.9270 | Time: 00:00:12
Epoch 054 | Seed 2001 | Rate 0.01 | Train Loss: 0.6671 | Val Loss: 0.3016 | Acc (clean): 0.9874 | Acc (poison): 0.9847 | Val Acc: 0.9296 | Time: 00:00:12
Epoch 055 | Seed 2001 | Rate 0.01 | Train Loss: 0.6299 | Val Loss: 0.2896 | Acc (clean): 0.9904 | Acc (poison): 0.9874 | Val Acc: 0.9300 | Time: 00:00:12
Epoch 056 | Seed 2001 | Rate 0.01 | Train Loss: 0.6461 | Val Loss: 0.3201 | Acc (clean): 0.9908 | Acc (poison): 0.9887 | Val Acc: 0.9248 | Time: 00:00:12
Epoch 057 | Seed 2001 | Rate 0.01 | Train Loss: 0.5859 | Val Loss: 0.2909 | Acc (clean): 0.9899 | Acc (poison): 0.9893 | Val Acc: 0.9267 | Time: 00:00:12
Epoch 058 | Seed 2001 | Rate 0.01 | Train Loss: 0.6658 | Val Loss: 0.3060 | Acc (clean): 0.9895 | Acc (poison): 0.9894 | Val Acc: 0.9270 | Time: 00:00:12
Epoch 059 | Seed 2001 | Rate 0.01 | Train Loss: 0.6793 | Val Loss: 0.3274 | Acc (clean): 0.9902 | Acc (poison): 0.9905 | Val Acc: 0.9278 | Time: 00:00:12
Epoch 060 | Seed 2001 | Rate 0.01 | Train Loss: 0.5861 | Val Loss: 0.2749 | Acc (clean): 0.9909 | Acc (poison): 0.9921 | Val Acc: 0.9296 | Time: 00:00:13
Epoch 061 | Seed 2001 | Rate 0.01 | Train Loss: 0.6702 | Val Loss: 0.3274 | Acc (clean): 0.9910 | Acc (poison): 0.9921 | Val Acc: 0.9252 | Time: 00:00:12
Epoch 062 | Seed 2001 | Rate 0.01 | Train Loss: 0.6012 | Val Loss: 0.2996 | Acc (clean): 0.9906 | Acc (poison): 0.9931 | Val Acc: 0.9337 | Time: 00:00:12
Epoch 063 | Seed 2001 | Rate 0.01 | Train Loss: 0.6297 | Val Loss: 0.3079 | Acc (clean): 0.9910 | Acc (poison): 0.9930 | Val Acc: 0.9315 | Time: 00:00:12
Epoch 064 | Seed 2001 | Rate 0.01 | Train Loss: 0.5800 | Val Loss: 0.2603 | Acc (clean): 0.9907 | Acc (poison): 0.9932 | Val Acc: 0.9367 | Time: 00:00:13
Epoch 065 | Seed 2001 | Rate 0.01 | Train Loss: 0.6901 | Val Loss: 0.3223 | Acc (clean): 0.9915 | Acc (poison): 0.9942 | Val Acc: 0.9341 | Time: 00:00:12
Epoch 066 | Seed 2001 | Rate 0.01 | Train Loss: 0.6779 | Val Loss: 0.2886 | Acc (clean): 0.9905 | Acc (poison): 0.9947 | Val Acc: 0.9381 | Time: 00:00:12
Epoch 067 | Seed 2001 | Rate 0.01 | Train Loss: 0.5776 | Val Loss: 0.3122 | Acc (clean): 0.9909 | Acc (poison): 0.9951 | Val Acc: 0.9252 | Time: 00:00:12
Epoch 068 | Seed 2001 | Rate 0.01 | Train Loss: 0.6358 | Val Loss: 0.3153 | Acc (clean): 0.9907 | Acc (poison): 0.9955 | Val Acc: 0.9307 | Time: 00:00:12
Epoch 069 | Seed 2001 | Rate 0.01 | Train Loss: 0.5714 | Val Loss: 0.2789 | Acc (clean): 0.9906 | Acc (poison): 0.9958 | Val Acc: 0.9315 | Time: 00:00:12
Epoch 070 | Seed 2001 | Rate 0.01 | Train Loss: 0.5936 | Val Loss: 0.2995 | Acc (clean): 0.9905 | Acc (poison): 0.9961 | Val Acc: 0.9378 | Time: 00:00:12
Epoch 071 | Seed 2001 | Rate 0.01 | Train Loss: 0.6339 | Val Loss: 0.3212 | Acc (clean): 0.9902 | Acc (poison): 0.9962 | Val Acc: 0.9285 | Time: 00:00:12
Epoch 072 | Seed 2001 | Rate 0.01 | Train Loss: 0.6539 | Val Loss: 0.3331 | Acc (clean): 0.9907 | Acc (poison): 0.9962 | Val Acc: 0.9241 | Time: 00:00:12
Epoch 073 | Seed 2001 | Rate 0.01 | Train Loss: 0.5421 | Val Loss: 0.2687 | Acc (clean): 0.9902 | Acc (poison): 0.9967 | Val Acc: 0.9315 | Time: 00:00:12
Epoch 074 | Seed 2001 | Rate 0.01 | Train Loss: 0.5562 | Val Loss: 0.3597 | Acc (clean): 0.9900 | Acc (poison): 0.9967 | Val Acc: 0.9181 | Time: 00:00:12
Epoch 075 | Seed 2001 | Rate 0.01 | Train Loss: 0.5544 | Val Loss: 0.3326 | Acc (clean): 0.9895 | Acc (poison): 0.9970 | Val Acc: 0.9304 | Time: 00:00:12
Epoch 076 | Seed 2001 | Rate 0.01 | Train Loss: 0.5508 | Val Loss: 0.2817 | Acc (clean): 0.9900 | Acc (poison): 0.9982 | Val Acc: 0.9363 | Time: 00:00:12
Epoch 077 | Seed 2001 | Rate 0.01 | Train Loss: 0.4885 | Val Loss: 0.2705 | Acc (clean): 0.9903 | Acc (poison): 0.9985 | Val Acc: 0.9385 | Time: 00:00:12
Epoch 078 | Seed 2001 | Rate 0.01 | Train Loss: 0.5718 | Val Loss: 0.2651 | Acc (clean): 0.9908 | Acc (poison): 0.9984 | Val Acc: 0.9385 | Time: 00:00:12
Epoch 079 | Seed 2001 | Rate 0.01 | Train Loss: 0.5819 | Val Loss: 0.2959 | Acc (clean): 0.9905 | Acc (poison): 0.9987 | Val Acc: 0.9352 | Time: 00:00:12
Epoch 080 | Seed 2001 | Rate 0.01 | Train Loss: 0.4917 | Val Loss: 0.3177 | Acc (clean): 0.9900 | Acc (poison): 0.9987 | Val Acc: 0.9319 | Time: 00:00:12
Epoch 081 | Seed 2001 | Rate 0.01 | Train Loss: 0.5764 | Val Loss: 0.2686 | Acc (clean): 0.9906 | Acc (poison): 0.9989 | Val Acc: 0.9359 | Time: 00:00:12
Epoch 082 | Seed 2001 | Rate 0.01 | Train Loss: 0.5458 | Val Loss: 0.2458 | Acc (clean): 0.9907 | Acc (poison): 0.9989 | Val Acc: 0.9378 | Time: 00:00:13
Epoch 083 | Seed 2001 | Rate 0.01 | Train Loss: 0.5940 | Val Loss: 0.2892 | Acc (clean): 0.9905 | Acc (poison): 0.9986 | Val Acc: 0.9341 | Time: 00:00:12
Epoch 084 | Seed 2001 | Rate 0.01 | Train Loss: 0.5961 | Val Loss: 0.2935 | Acc (clean): 0.9905 | Acc (poison): 0.9985 | Val Acc: 0.9367 | Time: 00:00:12
Epoch 085 | Seed 2001 | Rate 0.01 | Train Loss: 0.5716 | Val Loss: 0.3050 | Acc (clean): 0.9904 | Acc (poison): 0.9989 | Val Acc: 0.9333 | Time: 00:00:13
Epoch 086 | Seed 2001 | Rate 0.01 | Train Loss: 0.5816 | Val Loss: 0.2928 | Acc (clean): 0.9905 | Acc (poison): 0.9988 | Val Acc: 0.9367 | Time: 00:00:12
Epoch 087 | Seed 2001 | Rate 0.01 | Train Loss: 0.6204 | Val Loss: 0.3476 | Acc (clean): 0.9901 | Acc (poison): 0.9989 | Val Acc: 0.9285 | Time: 00:00:12
Epoch 088 | Seed 2001 | Rate 0.01 | Train Loss: 0.5149 | Val Loss: 0.2551 | Acc (clean): 0.9903 | Acc (poison): 0.9987 | Val Acc: 0.9374 | Time: 00:00:12
Epoch 089 | Seed 2001 | Rate 0.01 | Train Loss: 0.4667 | Val Loss: 0.2680 | Acc (clean): 0.9902 | Acc (poison): 0.9989 | Val Acc: 0.9370 | Time: 00:00:12
Epoch 090 | Seed 2001 | Rate 0.01 | Train Loss: 0.5961 | Val Loss: 0.2704 | Acc (clean): 0.9902 | Acc (poison): 0.9987 | Val Acc: 0.9356 | Time: 00:00:12
Epoch 091 | Seed 2001 | Rate 0.01 | Train Loss: 0.4944 | Val Loss: 0.2590 | Acc (clean): 0.9904 | Acc (poison): 0.9991 | Val Acc: 0.9370 | Time: 00:00:12
Epoch 092 | Seed 2001 | Rate 0.01 | Train Loss: 0.5577 | Val Loss: 0.2605 | Acc (clean): 0.9902 | Acc (poison): 0.9987 | Val Acc: 0.9370 | Time: 00:00:12
Epoch 093 | Seed 2001 | Rate 0.01 | Train Loss: 0.5712 | Val Loss: 0.2910 | Acc (clean): 0.9905 | Acc (poison): 0.9989 | Val Acc: 0.9311 | Time: 00:00:12
Epoch 094 | Seed 2001 | Rate 0.01 | Train Loss: 0.6171 | Val Loss: 0.3262 | Acc (clean): 0.9903 | Acc (poison): 0.9988 | Val Acc: 0.9274 | Time: 00:00:13
Epoch 095 | Seed 2001 | Rate 0.01 | Train Loss: 0.6890 | Val Loss: 0.2687 | Acc (clean): 0.9898 | Acc (poison): 0.9988 | Val Acc: 0.9370 | Time: 00:00:12
Epoch 096 | Seed 2001 | Rate 0.01 | Train Loss: 0.6068 | Val Loss: 0.2924 | Acc (clean): 0.9901 | Acc (poison): 0.9991 | Val Acc: 0.9319 | Time: 00:00:12
Epoch 097 | Seed 2001 | Rate 0.01 | Train Loss: 0.5415 | Val Loss: 0.3294 | Acc (clean): 0.9899 | Acc (poison): 0.9990 | Val Acc: 0.9319 | Time: 00:00:12
Epoch 098 | Seed 2001 | Rate 0.01 | Train Loss: 0.5580 | Val Loss: 0.2843 | Acc (clean): 0.9903 | Acc (poison): 0.9988 | Val Acc: 0.9333 | Time: 00:00:12
Epoch 099 | Seed 2001 | Rate 0.01 | Train Loss: 0.6483 | Val Loss: 0.2920 | Acc (clean): 0.9901 | Acc (poison): 0.9989 | Val Acc: 0.9359 | Time: 00:00:12
Epoch 100 | Seed 2001 | Rate 0.01 | Train Loss: 0.6314 | Val Loss: 0.2691 | Acc (clean): 0.9906 | Acc (poison): 0.9988 | Val Acc: 0.9330 | Time: 00:00:12

=== defense=mixup attack=RQ2 seed=2001 rate=0.02 ===
Loading train data from /home/yazanme/BachelorThesis/BachelorThesis/data/processed/resisc45/train.h5 with mapping /home/yazanme/BachelorThesis/BachelorThesis/data/processed/resisc45/poisoned/RQ2/seed_2001/labels_0.02.pt... (in_memory=True, workers=4)
Testing torch.compile support...
Successfully compiled model using torch.compile.
Epoch 001 | Seed 2001 | Rate 0.02 | Train Loss: 3.4855 | Val Loss: 2.7039 | Acc (clean): 0.1569 | Acc (poison): 0.1562 | Val Acc: 0.2626 | Time: 00:00:15
Epoch 002 | Seed 2001 | Rate 0.02 | Train Loss: 2.7294 | Val Loss: 2.3625 | Acc (clean): 0.3136 | Acc (poison): 0.3109 | Val Acc: 0.3259 | Time: 00:00:14
Epoch 003 | Seed 2001 | Rate 0.02 | Train Loss: 2.3768 | Val Loss: 2.4139 | Acc (clean): 0.4330 | Acc (poison): 0.4280 | Val Acc: 0.3485 | Time: 00:00:12
Epoch 004 | Seed 2001 | Rate 0.02 | Train Loss: 2.0988 | Val Loss: 1.7870 | Acc (clean): 0.5255 | Acc (poison): 0.5179 | Val Acc: 0.4678 | Time: 00:00:13
Epoch 005 | Seed 2001 | Rate 0.02 | Train Loss: 1.8821 | Val Loss: 1.6450 | Acc (clean): 0.5909 | Acc (poison): 0.5829 | Val Acc: 0.5233 | Time: 00:00:13
Epoch 006 | Seed 2001 | Rate 0.02 | Train Loss: 1.7594 | Val Loss: 1.7040 | Acc (clean): 0.6487 | Acc (poison): 0.6396 | Val Acc: 0.5237 | Time: 00:00:12
Epoch 007 | Seed 2001 | Rate 0.02 | Train Loss: 1.5892 | Val Loss: 1.6201 | Acc (clean): 0.6904 | Acc (poison): 0.6807 | Val Acc: 0.5396 | Time: 00:00:13
Epoch 008 | Seed 2001 | Rate 0.02 | Train Loss: 1.5203 | Val Loss: 1.1071 | Acc (clean): 0.7240 | Acc (poison): 0.7129 | Val Acc: 0.6619 | Time: 00:00:13
Epoch 009 | Seed 2001 | Rate 0.02 | Train Loss: 1.4190 | Val Loss: 1.1650 | Acc (clean): 0.7591 | Acc (poison): 0.7472 | Val Acc: 0.6622 | Time: 00:00:12
Epoch 010 | Seed 2001 | Rate 0.02 | Train Loss: 1.3628 | Val Loss: 0.8511 | Acc (clean): 0.7851 | Acc (poison): 0.7732 | Val Acc: 0.7493 | Time: 00:00:13
Epoch 011 | Seed 2001 | Rate 0.02 | Train Loss: 1.3497 | Val Loss: 1.0270 | Acc (clean): 0.8099 | Acc (poison): 0.7976 | Val Acc: 0.7222 | Time: 00:00:12
Epoch 012 | Seed 2001 | Rate 0.02 | Train Loss: 1.2285 | Val Loss: 0.7579 | Acc (clean): 0.8277 | Acc (poison): 0.8147 | Val Acc: 0.7744 | Time: 00:00:13
Epoch 013 | Seed 2001 | Rate 0.02 | Train Loss: 1.1740 | Val Loss: 1.0624 | Acc (clean): 0.8358 | Acc (poison): 0.8225 | Val Acc: 0.7226 | Time: 00:00:12
Epoch 014 | Seed 2001 | Rate 0.02 | Train Loss: 1.1278 | Val Loss: 0.8803 | Acc (clean): 0.8499 | Acc (poison): 0.8359 | Val Acc: 0.7470 | Time: 00:00:12
Epoch 015 | Seed 2001 | Rate 0.02 | Train Loss: 1.1218 | Val Loss: 0.8271 | Acc (clean): 0.8605 | Acc (poison): 0.8466 | Val Acc: 0.7707 | Time: 00:00:12
Epoch 016 | Seed 2001 | Rate 0.02 | Train Loss: 1.1204 | Val Loss: 0.7055 | Acc (clean): 0.8693 | Acc (poison): 0.8549 | Val Acc: 0.7881 | Time: 00:00:13
Epoch 017 | Seed 2001 | Rate 0.02 | Train Loss: 1.1688 | Val Loss: 0.6761 | Acc (clean): 0.8739 | Acc (poison): 0.8598 | Val Acc: 0.8056 | Time: 00:00:13
Epoch 018 | Seed 2001 | Rate 0.02 | Train Loss: 1.0913 | Val Loss: 0.6693 | Acc (clean): 0.8758 | Acc (poison): 0.8621 | Val Acc: 0.8104 | Time: 00:00:13
Epoch 019 | Seed 2001 | Rate 0.02 | Train Loss: 1.0651 | Val Loss: 0.7862 | Acc (clean): 0.8822 | Acc (poison): 0.8684 | Val Acc: 0.7985 | Time: 00:00:12
Epoch 020 | Seed 2001 | Rate 0.02 | Train Loss: 1.0603 | Val Loss: 0.7510 | Acc (clean): 0.8869 | Acc (poison): 0.8723 | Val Acc: 0.7881 | Time: 00:00:12
Epoch 021 | Seed 2001 | Rate 0.02 | Train Loss: 1.0364 | Val Loss: 0.7177 | Acc (clean): 0.8937 | Acc (poison): 0.8799 | Val Acc: 0.7989 | Time: 00:00:12
Epoch 022 | Seed 2001 | Rate 0.02 | Train Loss: 1.0221 | Val Loss: 0.8121 | Acc (clean): 0.8945 | Acc (poison): 0.8803 | Val Acc: 0.7626 | Time: 00:00:12
Epoch 023 | Seed 2001 | Rate 0.02 | Train Loss: 1.0133 | Val Loss: 0.6605 | Acc (clean): 0.8969 | Acc (poison): 0.8832 | Val Acc: 0.8163 | Time: 00:00:13
Epoch 024 | Seed 2001 | Rate 0.02 | Train Loss: 1.0379 | Val Loss: 0.7431 | Acc (clean): 0.9016 | Acc (poison): 0.8876 | Val Acc: 0.7841 | Time: 00:00:12
Epoch 025 | Seed 2001 | Rate 0.02 | Train Loss: 0.9442 | Val Loss: 0.7091 | Acc (clean): 0.8999 | Acc (poison): 0.8863 | Val Acc: 0.8211 | Time: 00:00:12
Epoch 026 | Seed 2001 | Rate 0.02 | Train Loss: 1.0094 | Val Loss: 0.9459 | Acc (clean): 0.9042 | Acc (poison): 0.8916 | Val Acc: 0.7359 | Time: 00:00:12
Epoch 027 | Seed 2001 | Rate 0.02 | Train Loss: 1.0150 | Val Loss: 0.5410 | Acc (clean): 0.9063 | Acc (poison): 0.8924 | Val Acc: 0.8493 | Time: 00:00:13
Epoch 028 | Seed 2001 | Rate 0.02 | Train Loss: 1.0037 | Val Loss: 0.7943 | Acc (clean): 0.9055 | Acc (poison): 0.8918 | Val Acc: 0.7685 | Time: 00:00:12
Epoch 029 | Seed 2001 | Rate 0.02 | Train Loss: 0.9329 | Val Loss: 0.7296 | Acc (clean): 0.9115 | Acc (poison): 0.8984 | Val Acc: 0.8178 | Time: 00:00:12
Epoch 030 | Seed 2001 | Rate 0.02 | Train Loss: 0.9476 | Val Loss: 0.6619 | Acc (clean): 0.9085 | Acc (poison): 0.8959 | Val Acc: 0.8119 | Time: 00:00:12
Epoch 031 | Seed 2001 | Rate 0.02 | Train Loss: 0.9841 | Val Loss: 0.8064 | Acc (clean): 0.9120 | Acc (poison): 0.8988 | Val Acc: 0.7741 | Time: 00:00:12
Epoch 032 | Seed 2001 | Rate 0.02 | Train Loss: 1.0073 | Val Loss: 0.5774 | Acc (clean): 0.9151 | Acc (poison): 0.9023 | Val Acc: 0.8459 | Time: 00:00:13
Epoch 033 | Seed 2001 | Rate 0.02 | Train Loss: 1.0144 | Val Loss: 0.7087 | Acc (clean): 0.9157 | Acc (poison): 0.9029 | Val Acc: 0.8167 | Time: 00:00:12
Epoch 034 | Seed 2001 | Rate 0.02 | Train Loss: 0.9999 | Val Loss: 0.7805 | Acc (clean): 0.9156 | Acc (poison): 0.9023 | Val Acc: 0.7807 | Time: 00:00:12
Epoch 035 | Seed 2001 | Rate 0.02 | Train Loss: 0.9226 | Val Loss: 0.7695 | Acc (clean): 0.9182 | Acc (poison): 0.9057 | Val Acc: 0.7870 | Time: 00:00:13
Epoch 036 | Seed 2001 | Rate 0.02 | Train Loss: 0.9956 | Val Loss: 0.6750 | Acc (clean): 0.9193 | Acc (poison): 0.9071 | Val Acc: 0.8048 | Time: 00:00:12
Epoch 037 | Seed 2001 | Rate 0.02 | Train Loss: 1.0632 | Val Loss: 0.6960 | Acc (clean): 0.9208 | Acc (poison): 0.9080 | Val Acc: 0.8085 | Time: 00:00:12
Epoch 038 | Seed 2001 | Rate 0.02 | Train Loss: 0.9714 | Val Loss: 0.6365 | Acc (clean): 0.9225 | Acc (poison): 0.9098 | Val Acc: 0.8230 | Time: 00:00:12
Epoch 039 | Seed 2001 | Rate 0.02 | Train Loss: 0.9705 | Val Loss: 0.6964 | Acc (clean): 0.9197 | Acc (poison): 0.9077 | Val Acc: 0.8107 | Time: 00:00:12
Epoch 040 | Seed 2001 | Rate 0.02 | Train Loss: 0.8479 | Val Loss: 0.6951 | Acc (clean): 0.9191 | Acc (poison): 0.9070 | Val Acc: 0.8285 | Time: 00:00:12
Epoch 041 | Seed 2001 | Rate 0.02 | Train Loss: 0.9661 | Val Loss: 0.7134 | Acc (clean): 0.9213 | Acc (poison): 0.9097 | Val Acc: 0.8093 | Time: 00:00:12
Epoch 042 | Seed 2001 | Rate 0.02 | Train Loss: 0.9983 | Val Loss: 0.6081 | Acc (clean): 0.9291 | Acc (poison): 0.9167 | Val Acc: 0.8415 | Time: 00:00:12
Epoch 043 | Seed 2001 | Rate 0.02 | Train Loss: 0.9310 | Val Loss: 0.6415 | Acc (clean): 0.9228 | Acc (poison): 0.9115 | Val Acc: 0.8207 | Time: 00:00:12
Epoch 044 | Seed 2001 | Rate 0.02 | Train Loss: 0.9450 | Val Loss: 0.6677 | Acc (clean): 0.9223 | Acc (poison): 0.9107 | Val Acc: 0.8048 | Time: 00:00:12
Epoch 045 | Seed 2001 | Rate 0.02 | Train Loss: 0.9193 | Val Loss: 0.6896 | Acc (clean): 0.9186 | Acc (poison): 0.9069 | Val Acc: 0.8059 | Time: 00:00:12
Epoch 046 | Seed 2001 | Rate 0.02 | Train Loss: 0.8439 | Val Loss: 0.7073 | Acc (clean): 0.9253 | Acc (poison): 0.9130 | Val Acc: 0.8107 | Time: 00:00:12
Epoch 047 | Seed 2001 | Rate 0.02 | Train Loss: 0.9269 | Val Loss: 0.6943 | Acc (clean): 0.9278 | Acc (poison): 0.9169 | Val Acc: 0.8048 | Time: 00:00:12
Epoch 048 | Seed 2001 | Rate 0.02 | Train Loss: 0.9131 | Val Loss: 0.7301 | Acc (clean): 0.9283 | Acc (poison): 0.9165 | Val Acc: 0.8015 | Time: 00:00:12
Epoch 049 | Seed 2001 | Rate 0.02 | Train Loss: 0.9422 | Val Loss: 0.9373 | Acc (clean): 0.9258 | Acc (poison): 0.9146 | Val Acc: 0.7437 | Time: 00:00:12
Epoch 050 | Seed 2001 | Rate 0.02 | Train Loss: 0.8614 | Val Loss: 0.5625 | Acc (clean): 0.9275 | Acc (poison): 0.9162 | Val Acc: 0.8444 | Time: 00:00:12
Epoch 051 | Seed 2001 | Rate 0.02 | Train Loss: 0.7972 | Val Loss: 0.3645 | Acc (clean): 0.9687 | Acc (poison): 0.9593 | Val Acc: 0.9163 | Time: 00:00:13
Epoch 052 | Seed 2001 | Rate 0.02 | Train Loss: 0.6589 | Val Loss: 0.2976 | Acc (clean): 0.9805 | Acc (poison): 0.9728 | Val Acc: 0.9248 | Time: 00:00:13
Epoch 053 | Seed 2001 | Rate 0.02 | Train Loss: 0.6912 | Val Loss: 0.3234 | Acc (clean): 0.9829 | Acc (poison): 0.9767 | Val Acc: 0.9233 | Time: 00:00:12
Epoch 054 | Seed 2001 | Rate 0.02 | Train Loss: 0.6803 | Val Loss: 0.3109 | Acc (clean): 0.9836 | Acc (poison): 0.9793 | Val Acc: 0.9230 | Time: 00:00:12
Epoch 055 | Seed 2001 | Rate 0.02 | Train Loss: 0.6435 | Val Loss: 0.2954 | Acc (clean): 0.9845 | Acc (poison): 0.9816 | Val Acc: 0.9293 | Time: 00:00:13
Epoch 056 | Seed 2001 | Rate 0.02 | Train Loss: 0.6601 | Val Loss: 0.3319 | Acc (clean): 0.9843 | Acc (poison): 0.9831 | Val Acc: 0.9226 | Time: 00:00:12
Epoch 057 | Seed 2001 | Rate 0.02 | Train Loss: 0.5986 | Val Loss: 0.3073 | Acc (clean): 0.9850 | Acc (poison): 0.9843 | Val Acc: 0.9233 | Time: 00:00:12
Epoch 058 | Seed 2001 | Rate 0.02 | Train Loss: 0.6771 | Val Loss: 0.3085 | Acc (clean): 0.9835 | Acc (poison): 0.9856 | Val Acc: 0.9278 | Time: 00:00:12
Epoch 059 | Seed 2001 | Rate 0.02 | Train Loss: 0.6895 | Val Loss: 0.3141 | Acc (clean): 0.9833 | Acc (poison): 0.9873 | Val Acc: 0.9278 | Time: 00:00:12
Epoch 060 | Seed 2001 | Rate 0.02 | Train Loss: 0.5986 | Val Loss: 0.2892 | Acc (clean): 0.9842 | Acc (poison): 0.9879 | Val Acc: 0.9237 | Time: 00:00:13
Epoch 061 | Seed 2001 | Rate 0.02 | Train Loss: 0.6804 | Val Loss: 0.3361 | Acc (clean): 0.9840 | Acc (poison): 0.9887 | Val Acc: 0.9170 | Time: 00:00:12
Epoch 062 | Seed 2001 | Rate 0.02 | Train Loss: 0.6111 | Val Loss: 0.3196 | Acc (clean): 0.9837 | Acc (poison): 0.9887 | Val Acc: 0.9219 | Time: 00:00:12
Epoch 063 | Seed 2001 | Rate 0.02 | Train Loss: 0.6393 | Val Loss: 0.3180 | Acc (clean): 0.9837 | Acc (poison): 0.9909 | Val Acc: 0.9248 | Time: 00:00:12
Epoch 064 | Seed 2001 | Rate 0.02 | Train Loss: 0.5888 | Val Loss: 0.2652 | Acc (clean): 0.9826 | Acc (poison): 0.9907 | Val Acc: 0.9319 | Time: 00:00:13
Epoch 065 | Seed 2001 | Rate 0.02 | Train Loss: 0.6981 | Val Loss: 0.3368 | Acc (clean): 0.9828 | Acc (poison): 0.9915 | Val Acc: 0.9207 | Time: 00:00:12
Epoch 066 | Seed 2001 | Rate 0.02 | Train Loss: 0.6870 | Val Loss: 0.3047 | Acc (clean): 0.9828 | Acc (poison): 0.9930 | Val Acc: 0.9285 | Time: 00:00:12
Epoch 067 | Seed 2001 | Rate 0.02 | Train Loss: 0.5861 | Val Loss: 0.3115 | Acc (clean): 0.9822 | Acc (poison): 0.9934 | Val Acc: 0.9252 | Time: 00:00:12
Epoch 068 | Seed 2001 | Rate 0.02 | Train Loss: 0.6451 | Val Loss: 0.3245 | Acc (clean): 0.9818 | Acc (poison): 0.9932 | Val Acc: 0.9219 | Time: 00:00:13
Epoch 069 | Seed 2001 | Rate 0.02 | Train Loss: 0.5796 | Val Loss: 0.2825 | Acc (clean): 0.9815 | Acc (poison): 0.9937 | Val Acc: 0.9281 | Time: 00:00:12
Epoch 070 | Seed 2001 | Rate 0.02 | Train Loss: 0.6028 | Val Loss: 0.3302 | Acc (clean): 0.9813 | Acc (poison): 0.9943 | Val Acc: 0.9156 | Time: 00:00:13
Epoch 071 | Seed 2001 | Rate 0.02 | Train Loss: 0.6415 | Val Loss: 0.3216 | Acc (clean): 0.9812 | Acc (poison): 0.9949 | Val Acc: 0.9259 | Time: 00:00:12
Epoch 072 | Seed 2001 | Rate 0.02 | Train Loss: 0.6618 | Val Loss: 0.3393 | Acc (clean): 0.9814 | Acc (poison): 0.9945 | Val Acc: 0.9200 | Time: 00:00:12
Epoch 073 | Seed 2001 | Rate 0.02 | Train Loss: 0.5486 | Val Loss: 0.2736 | Acc (clean): 0.9810 | Acc (poison): 0.9955 | Val Acc: 0.9256 | Time: 00:00:12
Epoch 074 | Seed 2001 | Rate 0.02 | Train Loss: 0.5633 | Val Loss: 0.3356 | Acc (clean): 0.9805 | Acc (poison): 0.9957 | Val Acc: 0.9252 | Time: 00:00:12
Epoch 075 | Seed 2001 | Rate 0.02 | Train Loss: 0.5617 | Val Loss: 0.3305 | Acc (clean): 0.9809 | Acc (poison): 0.9952 | Val Acc: 0.9237 | Time: 00:00:12
Epoch 076 | Seed 2001 | Rate 0.02 | Train Loss: 0.5554 | Val Loss: 0.2818 | Acc (clean): 0.9812 | Acc (poison): 0.9971 | Val Acc: 0.9348 | Time: 00:00:12
Epoch 077 | Seed 2001 | Rate 0.02 | Train Loss: 0.4907 | Val Loss: 0.2733 | Acc (clean): 0.9806 | Acc (poison): 0.9977 | Val Acc: 0.9356 | Time: 00:00:12
Epoch 078 | Seed 2001 | Rate 0.02 | Train Loss: 0.5793 | Val Loss: 0.2676 | Acc (clean): 0.9808 | Acc (poison): 0.9981 | Val Acc: 0.9367 | Time: 00:00:12
Epoch 079 | Seed 2001 | Rate 0.02 | Train Loss: 0.5866 | Val Loss: 0.2964 | Acc (clean): 0.9805 | Acc (poison): 0.9976 | Val Acc: 0.9304 | Time: 00:00:12
Epoch 080 | Seed 2001 | Rate 0.02 | Train Loss: 0.4932 | Val Loss: 0.3132 | Acc (clean): 0.9805 | Acc (poison): 0.9979 | Val Acc: 0.9285 | Time: 00:00:12
Epoch 081 | Seed 2001 | Rate 0.02 | Train Loss: 0.5812 | Val Loss: 0.2678 | Acc (clean): 0.9809 | Acc (poison): 0.9982 | Val Acc: 0.9330 | Time: 00:00:12
Epoch 082 | Seed 2001 | Rate 0.02 | Train Loss: 0.5499 | Val Loss: 0.2533 | Acc (clean): 0.9807 | Acc (poison): 0.9981 | Val Acc: 0.9356 | Time: 00:00:13
Epoch 083 | Seed 2001 | Rate 0.02 | Train Loss: 0.5957 | Val Loss: 0.2846 | Acc (clean): 0.9805 | Acc (poison): 0.9979 | Val Acc: 0.9300 | Time: 00:00:12
Epoch 084 | Seed 2001 | Rate 0.02 | Train Loss: 0.5999 | Val Loss: 0.2925 | Acc (clean): 0.9803 | Acc (poison): 0.9987 | Val Acc: 0.9307 | Time: 00:00:12
Epoch 085 | Seed 2001 | Rate 0.02 | Train Loss: 0.5734 | Val Loss: 0.2952 | Acc (clean): 0.9804 | Acc (poison): 0.9988 | Val Acc: 0.9285 | Time: 00:00:13
Epoch 086 | Seed 2001 | Rate 0.02 | Train Loss: 0.5852 | Val Loss: 0.2897 | Acc (clean): 0.9806 | Acc (poison): 0.9986 | Val Acc: 0.9285 | Time: 00:00:12
Epoch 087 | Seed 2001 | Rate 0.02 | Train Loss: 0.6234 | Val Loss: 0.3380 | Acc (clean): 0.9802 | Acc (poison): 0.9981 | Val Acc: 0.9230 | Time: 00:00:12
Epoch 088 | Seed 2001 | Rate 0.02 | Train Loss: 0.5172 | Val Loss: 0.2577 | Acc (clean): 0.9808 | Acc (poison): 0.9985 | Val Acc: 0.9341 | Time: 00:00:12
Epoch 089 | Seed 2001 | Rate 0.02 | Train Loss: 0.4704 | Val Loss: 0.2700 | Acc (clean): 0.9804 | Acc (poison): 0.9987 | Val Acc: 0.9304 | Time: 00:00:12
Epoch 090 | Seed 2001 | Rate 0.02 | Train Loss: 0.5994 | Val Loss: 0.2723 | Acc (clean): 0.9804 | Acc (poison): 0.9982 | Val Acc: 0.9326 | Time: 00:00:12
Epoch 091 | Seed 2001 | Rate 0.02 | Train Loss: 0.4962 | Val Loss: 0.2622 | Acc (clean): 0.9809 | Acc (poison): 0.9986 | Val Acc: 0.9330 | Time: 00:00:12
Epoch 092 | Seed 2001 | Rate 0.02 | Train Loss: 0.5609 | Val Loss: 0.2630 | Acc (clean): 0.9806 | Acc (poison): 0.9983 | Val Acc: 0.9344 | Time: 00:00:12
Epoch 093 | Seed 2001 | Rate 0.02 | Train Loss: 0.5745 | Val Loss: 0.2880 | Acc (clean): 0.9806 | Acc (poison): 0.9985 | Val Acc: 0.9285 | Time: 00:00:12
Epoch 094 | Seed 2001 | Rate 0.02 | Train Loss: 0.6226 | Val Loss: 0.3251 | Acc (clean): 0.9805 | Acc (poison): 0.9986 | Val Acc: 0.9259 | Time: 00:00:12
Epoch 095 | Seed 2001 | Rate 0.02 | Train Loss: 0.6943 | Val Loss: 0.2729 | Acc (clean): 0.9804 | Acc (poison): 0.9984 | Val Acc: 0.9315 | Time: 00:00:12
Epoch 096 | Seed 2001 | Rate 0.02 | Train Loss: 0.6078 | Val Loss: 0.2910 | Acc (clean): 0.9805 | Acc (poison): 0.9986 | Val Acc: 0.9330 | Time: 00:00:12
Epoch 097 | Seed 2001 | Rate 0.02 | Train Loss: 0.5454 | Val Loss: 0.3162 | Acc (clean): 0.9803 | Acc (poison): 0.9987 | Val Acc: 0.9259 | Time: 00:00:12
Epoch 098 | Seed 2001 | Rate 0.02 | Train Loss: 0.5610 | Val Loss: 0.2811 | Acc (clean): 0.9803 | Acc (poison): 0.9986 | Val Acc: 0.9307 | Time: 00:00:12
Epoch 099 | Seed 2001 | Rate 0.02 | Train Loss: 0.6509 | Val Loss: 0.2901 | Acc (clean): 0.9804 | Acc (poison): 0.9985 | Val Acc: 0.9315 | Time: 00:00:12
Epoch 100 | Seed 2001 | Rate 0.02 | Train Loss: 0.6359 | Val Loss: 0.2664 | Acc (clean): 0.9806 | Acc (poison): 0.9985 | Val Acc: 0.9356 | Time: 00:00:12

=== defense=mixup attack=RQ2 seed=2001 rate=0.05 ===
Loading train data from /home/yazanme/BachelorThesis/BachelorThesis/data/processed/resisc45/train.h5 with mapping /home/yazanme/BachelorThesis/BachelorThesis/data/processed/resisc45/poisoned/RQ2/seed_2001/labels_0.05.pt... (in_memory=True, workers=4)
Testing torch.compile support...
Successfully compiled model using torch.compile.
Epoch 001 | Seed 2001 | Rate 0.05 | Train Loss: 3.4530 | Val Loss: 2.6682 | Acc (clean): 0.1787 | Acc (poison): 0.1760 | Val Acc: 0.2726 | Time: 00:00:13
Epoch 002 | Seed 2001 | Rate 0.05 | Train Loss: 2.6029 | Val Loss: 2.2407 | Acc (clean): 0.3665 | Acc (poison): 0.3575 | Val Acc: 0.3644 | Time: 00:00:13
Epoch 003 | Seed 2001 | Rate 0.05 | Train Loss: 2.2554 | Val Loss: 2.1224 | Acc (clean): 0.4859 | Acc (poison): 0.4699 | Val Acc: 0.4007 | Time: 00:00:13
Epoch 004 | Seed 2001 | Rate 0.05 | Train Loss: 2.0182 | Val Loss: 1.6728 | Acc (clean): 0.5632 | Acc (poison): 0.5430 | Val Acc: 0.5130 | Time: 00:00:12
Epoch 005 | Seed 2001 | Rate 0.05 | Train Loss: 1.8471 | Val Loss: 1.4055 | Acc (clean): 0.6128 | Acc (poison): 0.5899 | Val Acc: 0.5811 | Time: 00:00:13
Epoch 006 | Seed 2001 | Rate 0.05 | Train Loss: 1.7651 | Val Loss: 1.2344 | Acc (clean): 0.6606 | Acc (poison): 0.6363 | Val Acc: 0.6489 | Time: 00:00:13
Epoch 007 | Seed 2001 | Rate 0.05 | Train Loss: 1.6242 | Val Loss: 1.2220 | Acc (clean): 0.6930 | Acc (poison): 0.6670 | Val Acc: 0.6322 | Time: 00:00:13
Epoch 008 | Seed 2001 | Rate 0.05 | Train Loss: 1.5715 | Val Loss: 1.2915 | Acc (clean): 0.7185 | Acc (poison): 0.6910 | Val Acc: 0.6119 | Time: 00:00:12
Epoch 009 | Seed 2001 | Rate 0.05 | Train Loss: 1.4777 | Val Loss: 1.0532 | Acc (clean): 0.7568 | Acc (poison): 0.7272 | Val Acc: 0.7004 | Time: 00:00:13
Epoch 010 | Seed 2001 | Rate 0.05 | Train Loss: 1.4210 | Val Loss: 1.0752 | Acc (clean): 0.7811 | Acc (poison): 0.7486 | Val Acc: 0.6796 | Time: 00:00:12
Epoch 011 | Seed 2001 | Rate 0.05 | Train Loss: 1.4083 | Val Loss: 0.9805 | Acc (clean): 0.8026 | Acc (poison): 0.7696 | Val Acc: 0.7407 | Time: 00:00:13
Epoch 012 | Seed 2001 | Rate 0.05 | Train Loss: 1.3003 | Val Loss: 0.8960 | Acc (clean): 0.8175 | Acc (poison): 0.7836 | Val Acc: 0.7289 | Time: 00:00:13
Epoch 013 | Seed 2001 | Rate 0.05 | Train Loss: 1.2475 | Val Loss: 1.0047 | Acc (clean): 0.8306 | Acc (poison): 0.7963 | Val Acc: 0.7381 | Time: 00:00:12
Epoch 014 | Seed 2001 | Rate 0.05 | Train Loss: 1.2044 | Val Loss: 0.8810 | Acc (clean): 0.8429 | Acc (poison): 0.8085 | Val Acc: 0.7293 | Time: 00:00:13
Epoch 015 | Seed 2001 | Rate 0.05 | Train Loss: 1.1986 | Val Loss: 0.8414 | Acc (clean): 0.8524 | Acc (poison): 0.8184 | Val Acc: 0.7704 | Time: 00:00:13
Epoch 016 | Seed 2001 | Rate 0.05 | Train Loss: 1.1979 | Val Loss: 0.6914 | Acc (clean): 0.8571 | Acc (poison): 0.8220 | Val Acc: 0.8030 | Time: 00:00:13
Epoch 017 | Seed 2001 | Rate 0.05 | Train Loss: 1.2459 | Val Loss: 0.8685 | Acc (clean): 0.8657 | Acc (poison): 0.8311 | Val Acc: 0.7515 | Time: 00:00:12
Epoch 018 | Seed 2001 | Rate 0.05 | Train Loss: 1.1722 | Val Loss: 0.6631 | Acc (clean): 0.8683 | Acc (poison): 0.8336 | Val Acc: 0.8211 | Time: 00:00:13
Epoch 019 | Seed 2001 | Rate 0.05 | Train Loss: 1.1466 | Val Loss: 1.0282 | Acc (clean): 0.8709 | Acc (poison): 0.8367 | Val Acc: 0.7133 | Time: 00:00:12
Epoch 020 | Seed 2001 | Rate 0.05 | Train Loss: 1.1401 | Val Loss: 0.7696 | Acc (clean): 0.8809 | Acc (poison): 0.8466 | Val Acc: 0.7844 | Time: 00:00:12
Epoch 021 | Seed 2001 | Rate 0.05 | Train Loss: 1.1191 | Val Loss: 1.0526 | Acc (clean): 0.8811 | Acc (poison): 0.8474 | Val Acc: 0.7067 | Time: 00:00:12
Epoch 022 | Seed 2001 | Rate 0.05 | Train Loss: 1.1051 | Val Loss: 0.8442 | Acc (clean): 0.8833 | Acc (poison): 0.8498 | Val Acc: 0.7693 | Time: 00:00:12
Epoch 023 | Seed 2001 | Rate 0.05 | Train Loss: 1.0926 | Val Loss: 0.7767 | Acc (clean): 0.8850 | Acc (poison): 0.8514 | Val Acc: 0.7811 | Time: 00:00:12
Epoch 024 | Seed 2001 | Rate 0.05 | Train Loss: 1.1169 | Val Loss: 0.7839 | Acc (clean): 0.8942 | Acc (poison): 0.8599 | Val Acc: 0.7759 | Time: 00:00:13
Epoch 025 | Seed 2001 | Rate 0.05 | Train Loss: 1.0305 | Val Loss: 0.9357 | Acc (clean): 0.8886 | Acc (poison): 0.8533 | Val Acc: 0.7474 | Time: 00:00:12
Epoch 026 | Seed 2001 | Rate 0.05 | Train Loss: 1.0922 | Val Loss: 0.7900 | Acc (clean): 0.8934 | Acc (poison): 0.8591 | Val Acc: 0.7904 | Time: 00:00:12
Epoch 027 | Seed 2001 | Rate 0.05 | Train Loss: 1.0893 | Val Loss: 0.6085 | Acc (clean): 0.8988 | Acc (poison): 0.8642 | Val Acc: 0.8230 | Time: 00:00:13
Epoch 028 | Seed 2001 | Rate 0.05 | Train Loss: 1.0856 | Val Loss: 0.6896 | Acc (clean): 0.8930 | Acc (poison): 0.8599 | Val Acc: 0.8104 | Time: 00:00:12
Epoch 029 | Seed 2001 | Rate 0.05 | Train Loss: 1.0214 | Val Loss: 0.8349 | Acc (clean): 0.8981 | Acc (poison): 0.8646 | Val Acc: 0.7704 | Time: 00:00:12
Epoch 030 | Seed 2001 | Rate 0.05 | Train Loss: 1.0236 | Val Loss: 0.7116 | Acc (clean): 0.8985 | Acc (poison): 0.8673 | Val Acc: 0.8019 | Time: 00:00:12
Epoch 031 | Seed 2001 | Rate 0.05 | Train Loss: 1.0664 | Val Loss: 0.6761 | Acc (clean): 0.9025 | Acc (poison): 0.8696 | Val Acc: 0.8163 | Time: 00:00:12
Epoch 032 | Seed 2001 | Rate 0.05 | Train Loss: 1.0837 | Val Loss: 0.7004 | Acc (clean): 0.9070 | Acc (poison): 0.8747 | Val Acc: 0.8048 | Time: 00:00:12
Epoch 033 | Seed 2001 | Rate 0.05 | Train Loss: 1.0917 | Val Loss: 0.7924 | Acc (clean): 0.9067 | Acc (poison): 0.8746 | Val Acc: 0.8048 | Time: 00:00:12
Epoch 034 | Seed 2001 | Rate 0.05 | Train Loss: 1.0708 | Val Loss: 0.9468 | Acc (clean): 0.9098 | Acc (poison): 0.8777 | Val Acc: 0.7359 | Time: 00:00:12
Epoch 035 | Seed 2001 | Rate 0.05 | Train Loss: 1.0119 | Val Loss: 0.6667 | Acc (clean): 0.9012 | Acc (poison): 0.8699 | Val Acc: 0.8141 | Time: 00:00:12
Epoch 036 | Seed 2001 | Rate 0.05 | Train Loss: 1.0721 | Val Loss: 0.7002 | Acc (clean): 0.9084 | Acc (poison): 0.8768 | Val Acc: 0.7915 | Time: 00:00:12
Epoch 037 | Seed 2001 | Rate 0.05 | Train Loss: 1.1350 | Val Loss: 0.9149 | Acc (clean): 0.9112 | Acc (poison): 0.8806 | Val Acc: 0.7485 | Time: 00:00:12
Epoch 038 | Seed 2001 | Rate 0.05 | Train Loss: 1.0457 | Val Loss: 0.7171 | Acc (clean): 0.9089 | Acc (poison): 0.8793 | Val Acc: 0.7989 | Time: 00:00:12
Epoch 039 | Seed 2001 | Rate 0.05 | Train Loss: 1.0561 | Val Loss: 0.7199 | Acc (clean): 0.9094 | Acc (poison): 0.8780 | Val Acc: 0.7915 | Time: 00:00:12
Epoch 040 | Seed 2001 | Rate 0.05 | Train Loss: 0.9194 | Val Loss: 0.8012 | Acc (clean): 0.9077 | Acc (poison): 0.8784 | Val Acc: 0.7885 | Time: 00:00:12
Epoch 041 | Seed 2001 | Rate 0.05 | Train Loss: 1.0392 | Val Loss: 0.6919 | Acc (clean): 0.9119 | Acc (poison): 0.8813 | Val Acc: 0.8126 | Time: 00:00:12
Epoch 042 | Seed 2001 | Rate 0.05 | Train Loss: 1.0640 | Val Loss: 0.7226 | Acc (clean): 0.9167 | Acc (poison): 0.8889 | Val Acc: 0.8167 | Time: 00:00:12
Epoch 043 | Seed 2001 | Rate 0.05 | Train Loss: 0.9994 | Val Loss: 0.6823 | Acc (clean): 0.9158 | Acc (poison): 0.8872 | Val Acc: 0.8226 | Time: 00:00:12
Epoch 044 | Seed 2001 | Rate 0.05 | Train Loss: 1.0241 | Val Loss: 0.6676 | Acc (clean): 0.9089 | Acc (poison): 0.8800 | Val Acc: 0.8211 | Time: 00:00:12
Epoch 045 | Seed 2001 | Rate 0.05 | Train Loss: 0.9942 | Val Loss: 0.7873 | Acc (clean): 0.9057 | Acc (poison): 0.8784 | Val Acc: 0.7822 | Time: 00:00:13
Epoch 046 | Seed 2001 | Rate 0.05 | Train Loss: 0.9235 | Val Loss: 0.8414 | Acc (clean): 0.9126 | Acc (poison): 0.8834 | Val Acc: 0.7633 | Time: 00:00:12
Epoch 047 | Seed 2001 | Rate 0.05 | Train Loss: 0.9982 | Val Loss: 0.6174 | Acc (clean): 0.9167 | Acc (poison): 0.8902 | Val Acc: 0.8348 | Time: 00:00:12
Epoch 048 | Seed 2001 | Rate 0.05 | Train Loss: 0.9849 | Val Loss: 0.7669 | Acc (clean): 0.9145 | Acc (poison): 0.8884 | Val Acc: 0.8052 | Time: 00:00:13
Epoch 049 | Seed 2001 | Rate 0.05 | Train Loss: 1.0153 | Val Loss: 0.7248 | Acc (clean): 0.9140 | Acc (poison): 0.8886 | Val Acc: 0.8022 | Time: 00:00:12
Epoch 050 | Seed 2001 | Rate 0.05 | Train Loss: 0.9324 | Val Loss: 0.5814 | Acc (clean): 0.9166 | Acc (poison): 0.8905 | Val Acc: 0.8433 | Time: 00:00:13
Epoch 051 | Seed 2001 | Rate 0.05 | Train Loss: 0.8551 | Val Loss: 0.4406 | Acc (clean): 0.9605 | Acc (poison): 0.9380 | Val Acc: 0.8967 | Time: 00:00:13
Epoch 052 | Seed 2001 | Rate 0.05 | Train Loss: 0.7136 | Val Loss: 0.3674 | Acc (clean): 0.9702 | Acc (poison): 0.9534 | Val Acc: 0.9011 | Time: 00:00:13
Epoch 053 | Seed 2001 | Rate 0.05 | Train Loss: 0.7434 | Val Loss: 0.3916 | Acc (clean): 0.9705 | Acc (poison): 0.9594 | Val Acc: 0.9048 | Time: 00:00:12
Epoch 054 | Seed 2001 | Rate 0.05 | Train Loss: 0.7312 | Val Loss: 0.3754 | Acc (clean): 0.9686 | Acc (poison): 0.9631 | Val Acc: 0.9070 | Time: 00:00:12
Epoch 055 | Seed 2001 | Rate 0.05 | Train Loss: 0.6905 | Val Loss: 0.3745 | Acc (clean): 0.9659 | Acc (poison): 0.9663 | Val Acc: 0.9063 | Time: 00:00:13
Epoch 056 | Seed 2001 | Rate 0.05 | Train Loss: 0.7070 | Val Loss: 0.3975 | Acc (clean): 0.9658 | Acc (poison): 0.9697 | Val Acc: 0.9007 | Time: 00:00:12
Epoch 057 | Seed 2001 | Rate 0.05 | Train Loss: 0.6414 | Val Loss: 0.3786 | Acc (clean): 0.9643 | Acc (poison): 0.9730 | Val Acc: 0.9041 | Time: 00:00:12
Epoch 058 | Seed 2001 | Rate 0.05 | Train Loss: 0.7208 | Val Loss: 0.3906 | Acc (clean): 0.9630 | Acc (poison): 0.9756 | Val Acc: 0.9085 | Time: 00:00:12
Epoch 059 | Seed 2001 | Rate 0.05 | Train Loss: 0.7318 | Val Loss: 0.4135 | Acc (clean): 0.9631 | Acc (poison): 0.9776 | Val Acc: 0.9041 | Time: 00:00:12
Epoch 060 | Seed 2001 | Rate 0.05 | Train Loss: 0.6359 | Val Loss: 0.3538 | Acc (clean): 0.9615 | Acc (poison): 0.9796 | Val Acc: 0.9081 | Time: 00:00:14
Epoch 061 | Seed 2001 | Rate 0.05 | Train Loss: 0.7166 | Val Loss: 0.4108 | Acc (clean): 0.9602 | Acc (poison): 0.9816 | Val Acc: 0.9000 | Time: 00:00:13
Epoch 062 | Seed 2001 | Rate 0.05 | Train Loss: 0.6453 | Val Loss: 0.3932 | Acc (clean): 0.9590 | Acc (poison): 0.9830 | Val Acc: 0.9063 | Time: 00:00:12
Epoch 063 | Seed 2001 | Rate 0.05 | Train Loss: 0.6736 | Val Loss: 0.3761 | Acc (clean): 0.9587 | Acc (poison): 0.9848 | Val Acc: 0.9130 | Time: 00:00:12
Epoch 064 | Seed 2001 | Rate 0.05 | Train Loss: 0.6247 | Val Loss: 0.3463 | Acc (clean): 0.9558 | Acc (poison): 0.9858 | Val Acc: 0.9056 | Time: 00:00:14
Epoch 065 | Seed 2001 | Rate 0.05 | Train Loss: 0.7347 | Val Loss: 0.4222 | Acc (clean): 0.9565 | Acc (poison): 0.9863 | Val Acc: 0.9026 | Time: 00:00:12
Epoch 066 | Seed 2001 | Rate 0.05 | Train Loss: 0.7180 | Val Loss: 0.3668 | Acc (clean): 0.9564 | Acc (poison): 0.9884 | Val Acc: 0.9130 | Time: 00:00:12
Epoch 067 | Seed 2001 | Rate 0.05 | Train Loss: 0.6145 | Val Loss: 0.3868 | Acc (clean): 0.9552 | Acc (poison): 0.9891 | Val Acc: 0.9074 | Time: 00:00:12
Epoch 068 | Seed 2001 | Rate 0.05 | Train Loss: 0.6767 | Val Loss: 0.3969 | Acc (clean): 0.9553 | Acc (poison): 0.9898 | Val Acc: 0.9030 | Time: 00:00:12
Epoch 069 | Seed 2001 | Rate 0.05 | Train Loss: 0.6098 | Val Loss: 0.3597 | Acc (clean): 0.9547 | Acc (poison): 0.9906 | Val Acc: 0.9096 | Time: 00:00:12
Epoch 070 | Seed 2001 | Rate 0.05 | Train Loss: 0.6310 | Val Loss: 0.3985 | Acc (clean): 0.9537 | Acc (poison): 0.9914 | Val Acc: 0.9004 | Time: 00:00:12
Epoch 071 | Seed 2001 | Rate 0.05 | Train Loss: 0.6701 | Val Loss: 0.4209 | Acc (clean): 0.9531 | Acc (poison): 0.9920 | Val Acc: 0.9030 | Time: 00:00:12
Epoch 072 | Seed 2001 | Rate 0.05 | Train Loss: 0.6938 | Val Loss: 0.4283 | Acc (clean): 0.9526 | Acc (poison): 0.9923 | Val Acc: 0.8970 | Time: 00:00:12
Epoch 073 | Seed 2001 | Rate 0.05 | Train Loss: 0.5760 | Val Loss: 0.3554 | Acc (clean): 0.9534 | Acc (poison): 0.9933 | Val Acc: 0.9037 | Time: 00:00:12
Epoch 074 | Seed 2001 | Rate 0.05 | Train Loss: 0.5881 | Val Loss: 0.4120 | Acc (clean): 0.9512 | Acc (poison): 0.9947 | Val Acc: 0.9033 | Time: 00:00:13
Epoch 075 | Seed 2001 | Rate 0.05 | Train Loss: 0.5848 | Val Loss: 0.4254 | Acc (clean): 0.9516 | Acc (poison): 0.9944 | Val Acc: 0.9022 | Time: 00:00:13
Epoch 076 | Seed 2001 | Rate 0.05 | Train Loss: 0.5796 | Val Loss: 0.3691 | Acc (clean): 0.9516 | Acc (poison): 0.9967 | Val Acc: 0.9100 | Time: 00:00:13
Epoch 077 | Seed 2001 | Rate 0.05 | Train Loss: 0.5104 | Val Loss: 0.3563 | Acc (clean): 0.9512 | Acc (poison): 0.9974 | Val Acc: 0.9156 | Time: 00:00:13
Epoch 078 | Seed 2001 | Rate 0.05 | Train Loss: 0.6018 | Val Loss: 0.3526 | Acc (clean): 0.9509 | Acc (poison): 0.9977 | Val Acc: 0.9141 | Time: 00:00:13
Epoch 079 | Seed 2001 | Rate 0.05 | Train Loss: 0.6092 | Val Loss: 0.3855 | Acc (clean): 0.9511 | Acc (poison): 0.9976 | Val Acc: 0.9107 | Time: 00:00:13
Epoch 080 | Seed 2001 | Rate 0.05 | Train Loss: 0.5162 | Val Loss: 0.4092 | Acc (clean): 0.9509 | Acc (poison): 0.9978 | Val Acc: 0.9096 | Time: 00:00:13
Epoch 081 | Seed 2001 | Rate 0.05 | Train Loss: 0.6051 | Val Loss: 0.3513 | Acc (clean): 0.9513 | Acc (poison): 0.9979 | Val Acc: 0.9119 | Time: 00:00:13
Epoch 082 | Seed 2001 | Rate 0.05 | Train Loss: 0.5722 | Val Loss: 0.3263 | Acc (clean): 0.9511 | Acc (poison): 0.9977 | Val Acc: 0.9111 | Time: 00:00:14
Epoch 083 | Seed 2001 | Rate 0.05 | Train Loss: 0.6228 | Val Loss: 0.3723 | Acc (clean): 0.9507 | Acc (poison): 0.9981 | Val Acc: 0.9107 | Time: 00:00:13
Epoch 084 | Seed 2001 | Rate 0.05 | Train Loss: 0.6242 | Val Loss: 0.3823 | Acc (clean): 0.9509 | Acc (poison): 0.9978 | Val Acc: 0.9119 | Time: 00:00:13
Epoch 085 | Seed 2001 | Rate 0.05 | Train Loss: 0.5985 | Val Loss: 0.3869 | Acc (clean): 0.9509 | Acc (poison): 0.9978 | Val Acc: 0.9089 | Time: 00:00:13
Epoch 086 | Seed 2001 | Rate 0.05 | Train Loss: 0.6070 | Val Loss: 0.3768 | Acc (clean): 0.9507 | Acc (poison): 0.9981 | Val Acc: 0.9115 | Time: 00:00:12
Epoch 087 | Seed 2001 | Rate 0.05 | Train Loss: 0.6488 | Val Loss: 0.4306 | Acc (clean): 0.9502 | Acc (poison): 0.9980 | Val Acc: 0.9074 | Time: 00:00:13
Epoch 088 | Seed 2001 | Rate 0.05 | Train Loss: 0.5392 | Val Loss: 0.3388 | Acc (clean): 0.9504 | Acc (poison): 0.9980 | Val Acc: 0.9148 | Time: 00:00:13
Epoch 089 | Seed 2001 | Rate 0.05 | Train Loss: 0.4899 | Val Loss: 0.3543 | Acc (clean): 0.9509 | Acc (poison): 0.9977 | Val Acc: 0.9122 | Time: 00:00:13
Epoch 090 | Seed 2001 | Rate 0.05 | Train Loss: 0.6237 | Val Loss: 0.3511 | Acc (clean): 0.9502 | Acc (poison): 0.9982 | Val Acc: 0.9100 | Time: 00:00:13
Epoch 091 | Seed 2001 | Rate 0.05 | Train Loss: 0.5153 | Val Loss: 0.3451 | Acc (clean): 0.9507 | Acc (poison): 0.9988 | Val Acc: 0.9107 | Time: 00:00:12
Epoch 092 | Seed 2001 | Rate 0.05 | Train Loss: 0.5855 | Val Loss: 0.3392 | Acc (clean): 0.9508 | Acc (poison): 0.9982 | Val Acc: 0.9159 | Time: 00:00:12
Epoch 093 | Seed 2001 | Rate 0.05 | Train Loss: 0.5993 | Val Loss: 0.3825 | Acc (clean): 0.9508 | Acc (poison): 0.9983 | Val Acc: 0.9115 | Time: 00:00:13
Epoch 094 | Seed 2001 | Rate 0.05 | Train Loss: 0.6454 | Val Loss: 0.4097 | Acc (clean): 0.9507 | Acc (poison): 0.9984 | Val Acc: 0.9085 | Time: 00:00:13
Epoch 095 | Seed 2001 | Rate 0.05 | Train Loss: 0.7192 | Val Loss: 0.3515 | Acc (clean): 0.9503 | Acc (poison): 0.9987 | Val Acc: 0.9104 | Time: 00:00:13
Epoch 096 | Seed 2001 | Rate 0.05 | Train Loss: 0.6333 | Val Loss: 0.3736 | Acc (clean): 0.9507 | Acc (poison): 0.9985 | Val Acc: 0.9122 | Time: 00:00:13
Epoch 097 | Seed 2001 | Rate 0.05 | Train Loss: 0.5653 | Val Loss: 0.4070 | Acc (clean): 0.9503 | Acc (poison): 0.9990 | Val Acc: 0.9100 | Time: 00:00:13
Epoch 098 | Seed 2001 | Rate 0.05 | Train Loss: 0.5846 | Val Loss: 0.3715 | Acc (clean): 0.9505 | Acc (poison): 0.9985 | Val Acc: 0.9119 | Time: 00:00:13
Epoch 099 | Seed 2001 | Rate 0.05 | Train Loss: 0.6773 | Val Loss: 0.3774 | Acc (clean): 0.9504 | Acc (poison): 0.9991 | Val Acc: 0.9141 | Time: 00:00:12
Epoch 100 | Seed 2001 | Rate 0.05 | Train Loss: 0.6635 | Val Loss: 0.3467 | Acc (clean): 0.9502 | Acc (poison): 0.9986 | Val Acc: 0.9159 | Time: 00:00:12

=== defense=mixup attack=RQ2 seed=2001 rate=0.1 ===
Loading train data from /home/yazanme/BachelorThesis/BachelorThesis/data/processed/resisc45/train.h5 with mapping /home/yazanme/BachelorThesis/BachelorThesis/data/processed/resisc45/poisoned/RQ2/seed_2001/labels_0.10.pt... (in_memory=True, workers=4)
Testing torch.compile support...
Successfully compiled model using torch.compile.
Epoch 001 | Seed 2001 | Rate 0.10 | Train Loss: 3.6848 | Val Loss: 2.9040 | Acc (clean): 0.1124 | Acc (poison): 0.1107 | Val Acc: 0.1993 | Time: 00:00:14
Epoch 002 | Seed 2001 | Rate 0.10 | Train Loss: 2.9129 | Val Loss: 2.4706 | Acc (clean): 0.2591 | Acc (poison): 0.2522 | Val Acc: 0.2856 | Time: 00:00:13
Epoch 003 | Seed 2001 | Rate 0.10 | Train Loss: 2.6069 | Val Loss: 2.5644 | Acc (clean): 0.3607 | Acc (poison): 0.3443 | Val Acc: 0.2852 | Time: 00:00:13
Epoch 004 | Seed 2001 | Rate 0.10 | Train Loss: 2.3477 | Val Loss: 2.0331 | Acc (clean): 0.4493 | Acc (poison): 0.4240 | Val Acc: 0.4111 | Time: 00:00:13
Epoch 005 | Seed 2001 | Rate 0.10 | Train Loss: 2.1245 | Val Loss: 2.0237 | Acc (clean): 0.5237 | Acc (poison): 0.4907 | Val Acc: 0.4207 | Time: 00:00:13
Epoch 006 | Seed 2001 | Rate 0.10 | Train Loss: 1.9844 | Val Loss: 1.5658 | Acc (clean): 0.5884 | Acc (poison): 0.5486 | Val Acc: 0.5456 | Time: 00:00:16
Epoch 007 | Seed 2001 | Rate 0.10 | Train Loss: 1.8011 | Val Loss: 1.8828 | Acc (clean): 0.6384 | Acc (poison): 0.5941 | Val Acc: 0.4626 | Time: 00:00:12
Epoch 008 | Seed 2001 | Rate 0.10 | Train Loss: 1.7255 | Val Loss: 1.3028 | Acc (clean): 0.6760 | Acc (poison): 0.6265 | Val Acc: 0.6289 | Time: 00:00:13
Epoch 009 | Seed 2001 | Rate 0.10 | Train Loss: 1.6230 | Val Loss: 1.3095 | Acc (clean): 0.7141 | Acc (poison): 0.6607 | Val Acc: 0.6167 | Time: 00:00:12
Epoch 010 | Seed 2001 | Rate 0.10 | Train Loss: 1.5518 | Val Loss: 0.9947 | Acc (clean): 0.7454 | Acc (poison): 0.6900 | Val Acc: 0.7089 | Time: 00:00:13
Epoch 011 | Seed 2001 | Rate 0.10 | Train Loss: 1.5340 | Val Loss: 1.1022 | Acc (clean): 0.7687 | Acc (poison): 0.7105 | Val Acc: 0.7056 | Time: 00:00:12
Epoch 012 | Seed 2001 | Rate 0.10 | Train Loss: 1.4139 | Val Loss: 0.9813 | Acc (clean): 0.7847 | Acc (poison): 0.7251 | Val Acc: 0.7004 | Time: 00:00:13
Epoch 013 | Seed 2001 | Rate 0.10 | Train Loss: 1.3617 | Val Loss: 1.1993 | Acc (clean): 0.8017 | Acc (poison): 0.7390 | Val Acc: 0.6670 | Time: 00:00:12
Epoch 014 | Seed 2001 | Rate 0.10 | Train Loss: 1.3155 | Val Loss: 0.7753 | Acc (clean): 0.8127 | Acc (poison): 0.7514 | Val Acc: 0.7704 | Time: 00:00:13
Epoch 015 | Seed 2001 | Rate 0.10 | Train Loss: 1.3081 | Val Loss: 1.2260 | Acc (clean): 0.8272 | Acc (poison): 0.7620 | Val Acc: 0.6581 | Time: 00:00:12
Epoch 016 | Seed 2001 | Rate 0.10 | Train Loss: 1.3038 | Val Loss: 0.9376 | Acc (clean): 0.8329 | Acc (poison): 0.7684 | Val Acc: 0.7222 | Time: 00:00:12
Epoch 017 | Seed 2001 | Rate 0.10 | Train Loss: 1.3455 | Val Loss: 0.7668 | Acc (clean): 0.8434 | Acc (poison): 0.7779 | Val Acc: 0.7674 | Time: 00:00:13
Epoch 018 | Seed 2001 | Rate 0.10 | Train Loss: 1.2754 | Val Loss: 0.9366 | Acc (clean): 0.8474 | Acc (poison): 0.7795 | Val Acc: 0.7419 | Time: 00:00:13
Epoch 019 | Seed 2001 | Rate 0.10 | Train Loss: 1.2499 | Val Loss: 0.9077 | Acc (clean): 0.8471 | Acc (poison): 0.7818 | Val Acc: 0.7500 | Time: 00:00:12
Epoch 020 | Seed 2001 | Rate 0.10 | Train Loss: 1.2440 | Val Loss: 0.8368 | Acc (clean): 0.8554 | Acc (poison): 0.7891 | Val Acc: 0.7641 | Time: 00:00:12
Epoch 021 | Seed 2001 | Rate 0.10 | Train Loss: 1.2191 | Val Loss: 0.9746 | Acc (clean): 0.8615 | Acc (poison): 0.7943 | Val Acc: 0.7133 | Time: 00:00:12
Epoch 022 | Seed 2001 | Rate 0.10 | Train Loss: 1.2099 | Val Loss: 0.7104 | Acc (clean): 0.8585 | Acc (poison): 0.7912 | Val Acc: 0.8081 | Time: 00:00:13
Epoch 023 | Seed 2001 | Rate 0.10 | Train Loss: 1.1932 | Val Loss: 0.7394 | Acc (clean): 0.8642 | Acc (poison): 0.7986 | Val Acc: 0.8019 | Time: 00:00:12
Epoch 024 | Seed 2001 | Rate 0.10 | Train Loss: 1.2202 | Val Loss: 0.8760 | Acc (clean): 0.8732 | Acc (poison): 0.8058 | Val Acc: 0.7500 | Time: 00:00:13
Epoch 025 | Seed 2001 | Rate 0.10 | Train Loss: 1.1331 | Val Loss: 0.9087 | Acc (clean): 0.8666 | Acc (poison): 0.8019 | Val Acc: 0.7789 | Time: 00:00:12
Epoch 026 | Seed 2001 | Rate 0.10 | Train Loss: 1.1931 | Val Loss: 1.0245 | Acc (clean): 0.8731 | Acc (poison): 0.8057 | Val Acc: 0.7333 | Time: 00:00:12
Epoch 027 | Seed 2001 | Rate 0.10 | Train Loss: 1.1878 | Val Loss: 0.7224 | Acc (clean): 0.8750 | Acc (poison): 0.8105 | Val Acc: 0.7993 | Time: 00:00:13
Epoch 028 | Seed 2001 | Rate 0.10 | Train Loss: 1.1797 | Val Loss: 0.7537 | Acc (clean): 0.8721 | Acc (poison): 0.8084 | Val Acc: 0.7970 | Time: 00:00:12
Epoch 029 | Seed 2001 | Rate 0.10 | Train Loss: 1.1245 | Val Loss: 0.8005 | Acc (clean): 0.8758 | Acc (poison): 0.8116 | Val Acc: 0.7952 | Time: 00:00:12
Epoch 030 | Seed 2001 | Rate 0.10 | Train Loss: 1.1248 | Val Loss: 0.7146 | Acc (clean): 0.8799 | Acc (poison): 0.8142 | Val Acc: 0.7993 | Time: 00:00:12
Epoch 031 | Seed 2001 | Rate 0.10 | Train Loss: 1.1628 | Val Loss: 0.9033 | Acc (clean): 0.8823 | Acc (poison): 0.8186 | Val Acc: 0.7537 | Time: 00:00:12
Epoch 032 | Seed 2001 | Rate 0.10 | Train Loss: 1.1791 | Val Loss: 0.7501 | Acc (clean): 0.8881 | Acc (poison): 0.8223 | Val Acc: 0.7970 | Time: 00:00:13
Epoch 033 | Seed 2001 | Rate 0.10 | Train Loss: 1.1888 | Val Loss: 0.8342 | Acc (clean): 0.8840 | Acc (poison): 0.8216 | Val Acc: 0.7811 | Time: 00:00:12
Epoch 034 | Seed 2001 | Rate 0.10 | Train Loss: 1.1694 | Val Loss: 0.9657 | Acc (clean): 0.8861 | Acc (poison): 0.8221 | Val Acc: 0.7511 | Time: 00:00:12
Epoch 035 | Seed 2001 | Rate 0.10 | Train Loss: 1.1010 | Val Loss: 0.9161 | Acc (clean): 0.8842 | Acc (poison): 0.8218 | Val Acc: 0.7407 | Time: 00:00:12
Epoch 036 | Seed 2001 | Rate 0.10 | Train Loss: 1.1647 | Val Loss: 0.6752 | Acc (clean): 0.8873 | Acc (poison): 0.8251 | Val Acc: 0.8170 | Time: 00:00:13
Epoch 037 | Seed 2001 | Rate 0.10 | Train Loss: 1.2276 | Val Loss: 0.7820 | Acc (clean): 0.8900 | Acc (poison): 0.8262 | Val Acc: 0.7874 | Time: 00:00:12
Epoch 038 | Seed 2001 | Rate 0.10 | Train Loss: 1.1431 | Val Loss: 0.7197 | Acc (clean): 0.8898 | Acc (poison): 0.8287 | Val Acc: 0.8000 | Time: 00:00:12
Epoch 039 | Seed 2001 | Rate 0.10 | Train Loss: 1.1385 | Val Loss: 0.9030 | Acc (clean): 0.8910 | Acc (poison): 0.8294 | Val Acc: 0.7530 | Time: 00:00:12
Epoch 040 | Seed 2001 | Rate 0.10 | Train Loss: 1.0145 | Val Loss: 0.8516 | Acc (clean): 0.8911 | Acc (poison): 0.8292 | Val Acc: 0.7741 | Time: 00:00:13
Epoch 041 | Seed 2001 | Rate 0.10 | Train Loss: 1.1280 | Val Loss: 0.7312 | Acc (clean): 0.8906 | Acc (poison): 0.8301 | Val Acc: 0.8037 | Time: 00:00:12
Epoch 042 | Seed 2001 | Rate 0.10 | Train Loss: 1.1609 | Val Loss: 0.7207 | Acc (clean): 0.8944 | Acc (poison): 0.8356 | Val Acc: 0.7996 | Time: 00:00:12
Epoch 043 | Seed 2001 | Rate 0.10 | Train Loss: 1.0936 | Val Loss: 0.8009 | Acc (clean): 0.8961 | Acc (poison): 0.8370 | Val Acc: 0.7826 | Time: 00:00:12
Epoch 044 | Seed 2001 | Rate 0.10 | Train Loss: 1.1195 | Val Loss: 0.8258 | Acc (clean): 0.8850 | Acc (poison): 0.8287 | Val Acc: 0.7559 | Time: 00:00:12
Epoch 045 | Seed 2001 | Rate 0.10 | Train Loss: 1.0852 | Val Loss: 0.8476 | Acc (clean): 0.8897 | Acc (poison): 0.8326 | Val Acc: 0.7652 | Time: 00:00:12
Epoch 046 | Seed 2001 | Rate 0.10 | Train Loss: 1.0130 | Val Loss: 0.7948 | Acc (clean): 0.8928 | Acc (poison): 0.8357 | Val Acc: 0.7893 | Time: 00:00:12
Epoch 047 | Seed 2001 | Rate 0.10 | Train Loss: 1.0913 | Val Loss: 0.6742 | Acc (clean): 0.8930 | Acc (poison): 0.8372 | Val Acc: 0.8104 | Time: 00:00:14
Epoch 048 | Seed 2001 | Rate 0.10 | Train Loss: 1.0738 | Val Loss: 0.7870 | Acc (clean): 0.8952 | Acc (poison): 0.8422 | Val Acc: 0.7944 | Time: 00:00:12
Epoch 049 | Seed 2001 | Rate 0.10 | Train Loss: 1.1041 | Val Loss: 0.7781 | Acc (clean): 0.8926 | Acc (poison): 0.8374 | Val Acc: 0.7930 | Time: 00:00:12
Epoch 050 | Seed 2001 | Rate 0.10 | Train Loss: 1.0247 | Val Loss: 0.7307 | Acc (clean): 0.8948 | Acc (poison): 0.8432 | Val Acc: 0.8144 | Time: 00:00:12
Epoch 051 | Seed 2001 | Rate 0.10 | Train Loss: 0.9405 | Val Loss: 0.4644 | Acc (clean): 0.9443 | Acc (poison): 0.8939 | Val Acc: 0.8974 | Time: 00:00:14
Epoch 052 | Seed 2001 | Rate 0.10 | Train Loss: 0.8008 | Val Loss: 0.3955 | Acc (clean): 0.9515 | Acc (poison): 0.9092 | Val Acc: 0.9041 | Time: 00:00:13
Epoch 053 | Seed 2001 | Rate 0.10 | Train Loss: 0.8264 | Val Loss: 0.4320 | Acc (clean): 0.9508 | Acc (poison): 0.9175 | Val Acc: 0.8948 | Time: 00:00:12
Epoch 054 | Seed 2001 | Rate 0.10 | Train Loss: 0.8081 | Val Loss: 0.4174 | Acc (clean): 0.9492 | Acc (poison): 0.9249 | Val Acc: 0.8959 | Time: 00:00:12
Epoch 055 | Seed 2001 | Rate 0.10 | Train Loss: 0.7683 | Val Loss: 0.4253 | Acc (clean): 0.9461 | Acc (poison): 0.9291 | Val Acc: 0.8841 | Time: 00:00:12
Epoch 056 | Seed 2001 | Rate 0.10 | Train Loss: 0.7818 | Val Loss: 0.4589 | Acc (clean): 0.9424 | Acc (poison): 0.9341 | Val Acc: 0.8841 | Time: 00:00:13
Epoch 057 | Seed 2001 | Rate 0.10 | Train Loss: 0.7132 | Val Loss: 0.4236 | Acc (clean): 0.9388 | Acc (poison): 0.9412 | Val Acc: 0.8889 | Time: 00:00:12
Epoch 058 | Seed 2001 | Rate 0.10 | Train Loss: 0.7885 | Val Loss: 0.4522 | Acc (clean): 0.9355 | Acc (poison): 0.9446 | Val Acc: 0.8770 | Time: 00:00:13
Epoch 059 | Seed 2001 | Rate 0.10 | Train Loss: 0.7991 | Val Loss: 0.4758 | Acc (clean): 0.9332 | Acc (poison): 0.9474 | Val Acc: 0.8711 | Time: 00:00:12
Epoch 060 | Seed 2001 | Rate 0.10 | Train Loss: 0.7001 | Val Loss: 0.4145 | Acc (clean): 0.9291 | Acc (poison): 0.9526 | Val Acc: 0.8752 | Time: 00:00:13
Epoch 061 | Seed 2001 | Rate 0.10 | Train Loss: 0.7752 | Val Loss: 0.4793 | Acc (clean): 0.9250 | Acc (poison): 0.9582 | Val Acc: 0.8689 | Time: 00:00:13
Epoch 062 | Seed 2001 | Rate 0.10 | Train Loss: 0.7061 | Val Loss: 0.4557 | Acc (clean): 0.9237 | Acc (poison): 0.9593 | Val Acc: 0.8756 | Time: 00:00:13
Epoch 063 | Seed 2001 | Rate 0.10 | Train Loss: 0.7277 | Val Loss: 0.4587 | Acc (clean): 0.9215 | Acc (poison): 0.9645 | Val Acc: 0.8770 | Time: 00:00:12
Epoch 064 | Seed 2001 | Rate 0.10 | Train Loss: 0.6775 | Val Loss: 0.4061 | Acc (clean): 0.9180 | Acc (poison): 0.9667 | Val Acc: 0.8789 | Time: 00:00:13
Epoch 065 | Seed 2001 | Rate 0.10 | Train Loss: 0.7861 | Val Loss: 0.5056 | Acc (clean): 0.9166 | Acc (poison): 0.9706 | Val Acc: 0.8637 | Time: 00:00:13
Epoch 066 | Seed 2001 | Rate 0.10 | Train Loss: 0.7642 | Val Loss: 0.4467 | Acc (clean): 0.9154 | Acc (poison): 0.9737 | Val Acc: 0.8833 | Time: 00:00:13
Epoch 067 | Seed 2001 | Rate 0.10 | Train Loss: 0.6605 | Val Loss: 0.4581 | Acc (clean): 0.9107 | Acc (poison): 0.9755 | Val Acc: 0.8744 | Time: 00:00:13
Epoch 068 | Seed 2001 | Rate 0.10 | Train Loss: 0.7226 | Val Loss: 0.4722 | Acc (clean): 0.9114 | Acc (poison): 0.9777 | Val Acc: 0.8707 | Time: 00:00:13
Epoch 069 | Seed 2001 | Rate 0.10 | Train Loss: 0.6491 | Val Loss: 0.4468 | Acc (clean): 0.9105 | Acc (poison): 0.9785 | Val Acc: 0.8763 | Time: 00:00:12
Epoch 070 | Seed 2001 | Rate 0.10 | Train Loss: 0.6707 | Val Loss: 0.4712 | Acc (clean): 0.9083 | Acc (poison): 0.9805 | Val Acc: 0.8659 | Time: 00:00:13
Epoch 071 | Seed 2001 | Rate 0.10 | Train Loss: 0.7115 | Val Loss: 0.5159 | Acc (clean): 0.9064 | Acc (poison): 0.9821 | Val Acc: 0.8667 | Time: 00:00:12
Epoch 072 | Seed 2001 | Rate 0.10 | Train Loss: 0.7289 | Val Loss: 0.5016 | Acc (clean): 0.9077 | Acc (poison): 0.9838 | Val Acc: 0.8622 | Time: 00:00:13
Epoch 073 | Seed 2001 | Rate 0.10 | Train Loss: 0.6125 | Val Loss: 0.4238 | Acc (clean): 0.9062 | Acc (poison): 0.9837 | Val Acc: 0.8700 | Time: 00:00:12
Epoch 074 | Seed 2001 | Rate 0.10 | Train Loss: 0.6214 | Val Loss: 0.5021 | Acc (clean): 0.9053 | Acc (poison): 0.9866 | Val Acc: 0.8726 | Time: 00:00:13
Epoch 075 | Seed 2001 | Rate 0.10 | Train Loss: 0.6157 | Val Loss: 0.5078 | Acc (clean): 0.9049 | Acc (poison): 0.9867 | Val Acc: 0.8659 | Time: 00:00:13
Epoch 076 | Seed 2001 | Rate 0.10 | Train Loss: 0.6043 | Val Loss: 0.4366 | Acc (clean): 0.9028 | Acc (poison): 0.9929 | Val Acc: 0.8804 | Time: 00:00:12
Epoch 077 | Seed 2001 | Rate 0.10 | Train Loss: 0.5304 | Val Loss: 0.4289 | Acc (clean): 0.9039 | Acc (poison): 0.9947 | Val Acc: 0.8837 | Time: 00:00:12
Epoch 078 | Seed 2001 | Rate 0.10 | Train Loss: 0.6218 | Val Loss: 0.4280 | Acc (clean): 0.9018 | Acc (poison): 0.9957 | Val Acc: 0.8800 | Time: 00:00:13
Epoch 079 | Seed 2001 | Rate 0.10 | Train Loss: 0.6297 | Val Loss: 0.4608 | Acc (clean): 0.9017 | Acc (poison): 0.9960 | Val Acc: 0.8804 | Time: 00:00:12
Epoch 080 | Seed 2001 | Rate 0.10 | Train Loss: 0.5320 | Val Loss: 0.4864 | Acc (clean): 0.9018 | Acc (poison): 0.9965 | Val Acc: 0.8759 | Time: 00:00:12
Epoch 081 | Seed 2001 | Rate 0.10 | Train Loss: 0.6221 | Val Loss: 0.4319 | Acc (clean): 0.9016 | Acc (poison): 0.9964 | Val Acc: 0.8815 | Time: 00:00:12
Epoch 082 | Seed 2001 | Rate 0.10 | Train Loss: 0.5867 | Val Loss: 0.3987 | Acc (clean): 0.9016 | Acc (poison): 0.9962 | Val Acc: 0.8867 | Time: 00:00:12
Epoch 083 | Seed 2001 | Rate 0.10 | Train Loss: 0.6407 | Val Loss: 0.4569 | Acc (clean): 0.9016 | Acc (poison): 0.9970 | Val Acc: 0.8796 | Time: 00:00:12
Epoch 084 | Seed 2001 | Rate 0.10 | Train Loss: 0.6417 | Val Loss: 0.4584 | Acc (clean): 0.9010 | Acc (poison): 0.9973 | Val Acc: 0.8830 | Time: 00:00:12
Epoch 085 | Seed 2001 | Rate 0.10 | Train Loss: 0.6132 | Val Loss: 0.4738 | Acc (clean): 0.9012 | Acc (poison): 0.9974 | Val Acc: 0.8796 | Time: 00:00:12
Epoch 086 | Seed 2001 | Rate 0.10 | Train Loss: 0.6242 | Val Loss: 0.4604 | Acc (clean): 0.9017 | Acc (poison): 0.9968 | Val Acc: 0.8781 | Time: 00:00:12
Epoch 087 | Seed 2001 | Rate 0.10 | Train Loss: 0.6667 | Val Loss: 0.5262 | Acc (clean): 0.9008 | Acc (poison): 0.9966 | Val Acc: 0.8744 | Time: 00:00:12
Epoch 088 | Seed 2001 | Rate 0.10 | Train Loss: 0.5525 | Val Loss: 0.4197 | Acc (clean): 0.9012 | Acc (poison): 0.9971 | Val Acc: 0.8815 | Time: 00:00:12
Epoch 089 | Seed 2001 | Rate 0.10 | Train Loss: 0.5028 | Val Loss: 0.4303 | Acc (clean): 0.9016 | Acc (poison): 0.9972 | Val Acc: 0.8856 | Time: 00:00:12
Epoch 090 | Seed 2001 | Rate 0.10 | Train Loss: 0.6376 | Val Loss: 0.4348 | Acc (clean): 0.9008 | Acc (poison): 0.9973 | Val Acc: 0.8837 | Time: 00:00:12
Epoch 091 | Seed 2001 | Rate 0.10 | Train Loss: 0.5306 | Val Loss: 0.4227 | Acc (clean): 0.9012 | Acc (poison): 0.9979 | Val Acc: 0.8848 | Time: 00:00:12
Epoch 092 | Seed 2001 | Rate 0.10 | Train Loss: 0.5971 | Val Loss: 0.4205 | Acc (clean): 0.9014 | Acc (poison): 0.9974 | Val Acc: 0.8852 | Time: 00:00:13
Epoch 093 | Seed 2001 | Rate 0.10 | Train Loss: 0.6149 | Val Loss: 0.4540 | Acc (clean): 0.9007 | Acc (poison): 0.9974 | Val Acc: 0.8815 | Time: 00:00:12
Epoch 094 | Seed 2001 | Rate 0.10 | Train Loss: 0.6617 | Val Loss: 0.4914 | Acc (clean): 0.9007 | Acc (poison): 0.9979 | Val Acc: 0.8793 | Time: 00:00:13
Epoch 095 | Seed 2001 | Rate 0.10 | Train Loss: 0.7367 | Val Loss: 0.4287 | Acc (clean): 0.9010 | Acc (poison): 0.9979 | Val Acc: 0.8852 | Time: 00:00:12
Epoch 096 | Seed 2001 | Rate 0.10 | Train Loss: 0.6493 | Val Loss: 0.4643 | Acc (clean): 0.9009 | Acc (poison): 0.9979 | Val Acc: 0.8807 | Time: 00:00:12
Epoch 097 | Seed 2001 | Rate 0.10 | Train Loss: 0.5796 | Val Loss: 0.5008 | Acc (clean): 0.9003 | Acc (poison): 0.9982 | Val Acc: 0.8763 | Time: 00:00:13
Epoch 098 | Seed 2001 | Rate 0.10 | Train Loss: 0.5974 | Val Loss: 0.4560 | Acc (clean): 0.9012 | Acc (poison): 0.9976 | Val Acc: 0.8826 | Time: 00:00:13
Epoch 099 | Seed 2001 | Rate 0.10 | Train Loss: 0.6924 | Val Loss: 0.4665 | Acc (clean): 0.9004 | Acc (poison): 0.9984 | Val Acc: 0.8815 | Time: 00:00:13
Epoch 100 | Seed 2001 | Rate 0.10 | Train Loss: 0.6799 | Val Loss: 0.4302 | Acc (clean): 0.9004 | Acc (poison): 0.9983 | Val Acc: 0.8848 | Time: 00:00:13

=== defense=mixup attack=RQ2 seed=2001 rate=0.2 ===
Loading train data from /home/yazanme/BachelorThesis/BachelorThesis/data/processed/resisc45/train.h5 with mapping /home/yazanme/BachelorThesis/BachelorThesis/data/processed/resisc45/poisoned/RQ2/seed_2001/labels_0.20.pt... (in_memory=True, workers=4)
Testing torch.compile support...
Successfully compiled model using torch.compile.
Epoch 001 | Seed 2001 | Rate 0.20 | Train Loss: 3.5627 | Val Loss: 2.6869 | Acc (clean): 0.1500 | Acc (poison): 0.1470 | Val Acc: 0.2737 | Time: 00:00:14
Epoch 002 | Seed 2001 | Rate 0.20 | Train Loss: 2.7643 | Val Loss: 2.5300 | Acc (clean): 0.3127 | Acc (poison): 0.2949 | Val Acc: 0.2978 | Time: 00:00:13
Epoch 003 | Seed 2001 | Rate 0.20 | Train Loss: 2.4481 | Val Loss: 2.4597 | Acc (clean): 0.4174 | Acc (poison): 0.3833 | Val Acc: 0.3456 | Time: 00:00:13
Epoch 004 | Seed 2001 | Rate 0.20 | Train Loss: 2.2330 | Val Loss: 2.1625 | Acc (clean): 0.4909 | Acc (poison): 0.4405 | Val Acc: 0.4026 | Time: 00:00:13
Epoch 005 | Seed 2001 | Rate 0.20 | Train Loss: 2.0646 | Val Loss: 1.7842 | Acc (clean): 0.5433 | Acc (poison): 0.4792 | Val Acc: 0.4667 | Time: 00:00:13
Epoch 006 | Seed 2001 | Rate 0.20 | Train Loss: 1.9662 | Val Loss: 1.6779 | Acc (clean): 0.5873 | Acc (poison): 0.5197 | Val Acc: 0.5089 | Time: 00:00:13
Epoch 007 | Seed 2001 | Rate 0.20 | Train Loss: 1.8237 | Val Loss: 1.4833 | Acc (clean): 0.6221 | Acc (poison): 0.5459 | Val Acc: 0.5448 | Time: 00:00:12
Epoch 008 | Seed 2001 | Rate 0.20 | Train Loss: 1.7583 | Val Loss: 1.3885 | Acc (clean): 0.6490 | Acc (poison): 0.5690 | Val Acc: 0.5863 | Time: 00:00:12
Epoch 009 | Seed 2001 | Rate 0.20 | Train Loss: 1.6669 | Val Loss: 1.3409 | Acc (clean): 0.6892 | Acc (poison): 0.6005 | Val Acc: 0.6159 | Time: 00:00:13
Epoch 010 | Seed 2001 | Rate 0.20 | Train Loss: 1.6071 | Val Loss: 1.0519 | Acc (clean): 0.7149 | Acc (poison): 0.6206 | Val Acc: 0.6941 | Time: 00:00:14
Epoch 011 | Seed 2001 | Rate 0.20 | Train Loss: 1.6011 | Val Loss: 1.2089 | Acc (clean): 0.7308 | Acc (poison): 0.6330 | Val Acc: 0.6607 | Time: 00:00:12
Epoch 012 | Seed 2001 | Rate 0.20 | Train Loss: 1.4842 | Val Loss: 1.0998 | Acc (clean): 0.7512 | Acc (poison): 0.6500 | Val Acc: 0.6667 | Time: 00:00:12
Epoch 013 | Seed 2001 | Rate 0.20 | Train Loss: 1.4400 | Val Loss: 1.1891 | Acc (clean): 0.7619 | Acc (poison): 0.6557 | Val Acc: 0.6822 | Time: 00:00:13
Epoch 014 | Seed 2001 | Rate 0.20 | Train Loss: 1.4012 | Val Loss: 0.9060 | Acc (clean): 0.7716 | Acc (poison): 0.6656 | Val Acc: 0.7389 | Time: 00:00:13
Epoch 015 | Seed 2001 | Rate 0.20 | Train Loss: 1.3934 | Val Loss: 1.0148 | Acc (clean): 0.7816 | Acc (poison): 0.6756 | Val Acc: 0.7119 | Time: 00:00:12
Epoch 016 | Seed 2001 | Rate 0.20 | Train Loss: 1.3923 | Val Loss: 0.9200 | Acc (clean): 0.7898 | Acc (poison): 0.6794 | Val Acc: 0.7319 | Time: 00:00:12
Epoch 017 | Seed 2001 | Rate 0.20 | Train Loss: 1.4297 | Val Loss: 1.2214 | Acc (clean): 0.7925 | Acc (poison): 0.6835 | Val Acc: 0.6448 | Time: 00:00:13
Epoch 018 | Seed 2001 | Rate 0.20 | Train Loss: 1.3575 | Val Loss: 1.0015 | Acc (clean): 0.7991 | Acc (poison): 0.6899 | Val Acc: 0.7104 | Time: 00:00:12
Epoch 019 | Seed 2001 | Rate 0.20 | Train Loss: 1.3438 | Val Loss: 1.0226 | Acc (clean): 0.7999 | Acc (poison): 0.6884 | Val Acc: 0.7281 | Time: 00:00:12
Epoch 020 | Seed 2001 | Rate 0.20 | Train Loss: 1.3427 | Val Loss: 1.0562 | Acc (clean): 0.8115 | Acc (poison): 0.6975 | Val Acc: 0.6852 | Time: 00:00:13
Epoch 021 | Seed 2001 | Rate 0.20 | Train Loss: 1.3247 | Val Loss: 1.1433 | Acc (clean): 0.8071 | Acc (poison): 0.6947 | Val Acc: 0.6885 | Time: 00:00:12
Epoch 022 | Seed 2001 | Rate 0.20 | Train Loss: 1.3093 | Val Loss: 1.0378 | Acc (clean): 0.8075 | Acc (poison): 0.7028 | Val Acc: 0.6833 | Time: 00:00:12
Epoch 023 | Seed 2001 | Rate 0.20 | Train Loss: 1.2938 | Val Loss: 0.8655 | Acc (clean): 0.8124 | Acc (poison): 0.7037 | Val Acc: 0.7526 | Time: 00:00:13
Epoch 024 | Seed 2001 | Rate 0.20 | Train Loss: 1.3231 | Val Loss: 0.8792 | Acc (clean): 0.8185 | Acc (poison): 0.7084 | Val Acc: 0.7474 | Time: 00:00:12
Epoch 025 | Seed 2001 | Rate 0.20 | Train Loss: 1.2330 | Val Loss: 0.9252 | Acc (clean): 0.8152 | Acc (poison): 0.7083 | Val Acc: 0.7496 | Time: 00:00:12
Epoch 026 | Seed 2001 | Rate 0.20 | Train Loss: 1.2853 | Val Loss: 1.1489 | Acc (clean): 0.8267 | Acc (poison): 0.7151 | Val Acc: 0.6804 | Time: 00:00:12
Epoch 027 | Seed 2001 | Rate 0.20 | Train Loss: 1.2908 | Val Loss: 0.7986 | Acc (clean): 0.8228 | Acc (poison): 0.7174 | Val Acc: 0.7744 | Time: 00:00:13
Epoch 028 | Seed 2001 | Rate 0.20 | Train Loss: 1.2763 | Val Loss: 1.0132 | Acc (clean): 0.8147 | Acc (poison): 0.7108 | Val Acc: 0.6848 | Time: 00:00:12
Epoch 029 | Seed 2001 | Rate 0.20 | Train Loss: 1.2222 | Val Loss: 1.0321 | Acc (clean): 0.8179 | Acc (poison): 0.7138 | Val Acc: 0.7067 | Time: 00:00:13
Epoch 030 | Seed 2001 | Rate 0.20 | Train Loss: 1.2278 | Val Loss: 0.7987 | Acc (clean): 0.8279 | Acc (poison): 0.7205 | Val Acc: 0.7452 | Time: 00:00:13
Epoch 031 | Seed 2001 | Rate 0.20 | Train Loss: 1.2580 | Val Loss: 1.0031 | Acc (clean): 0.8331 | Acc (poison): 0.7224 | Val Acc: 0.7156 | Time: 00:00:12
Epoch 032 | Seed 2001 | Rate 0.20 | Train Loss: 1.2849 | Val Loss: 0.9261 | Acc (clean): 0.8275 | Acc (poison): 0.7256 | Val Acc: 0.7093 | Time: 00:00:12
Epoch 033 | Seed 2001 | Rate 0.20 | Train Loss: 1.2859 | Val Loss: 1.0825 | Acc (clean): 0.8337 | Acc (poison): 0.7237 | Val Acc: 0.7156 | Time: 00:00:13
Epoch 034 | Seed 2001 | Rate 0.20 | Train Loss: 1.2719 | Val Loss: 0.9189 | Acc (clean): 0.8302 | Acc (poison): 0.7237 | Val Acc: 0.7419 | Time: 00:00:12
Epoch 035 | Seed 2001 | Rate 0.20 | Train Loss: 1.2128 | Val Loss: 0.8714 | Acc (clean): 0.8270 | Acc (poison): 0.7216 | Val Acc: 0.7563 | Time: 00:00:13
Epoch 036 | Seed 2001 | Rate 0.20 | Train Loss: 1.2714 | Val Loss: 0.9941 | Acc (clean): 0.8360 | Acc (poison): 0.7260 | Val Acc: 0.6941 | Time: 00:00:12
Epoch 037 | Seed 2001 | Rate 0.20 | Train Loss: 1.3361 | Val Loss: 0.8904 | Acc (clean): 0.8334 | Acc (poison): 0.7289 | Val Acc: 0.7441 | Time: 00:00:12
Epoch 038 | Seed 2001 | Rate 0.20 | Train Loss: 1.2405 | Val Loss: 0.8641 | Acc (clean): 0.8288 | Acc (poison): 0.7270 | Val Acc: 0.7589 | Time: 00:00:12
Epoch 039 | Seed 2001 | Rate 0.20 | Train Loss: 1.2541 | Val Loss: 0.9377 | Acc (clean): 0.8316 | Acc (poison): 0.7319 | Val Acc: 0.7526 | Time: 00:00:13
Epoch 040 | Seed 2001 | Rate 0.20 | Train Loss: 1.1386 | Val Loss: 0.9602 | Acc (clean): 0.8226 | Acc (poison): 0.7270 | Val Acc: 0.7404 | Time: 00:00:13
Epoch 041 | Seed 2001 | Rate 0.20 | Train Loss: 1.2482 | Val Loss: 0.8491 | Acc (clean): 0.8273 | Acc (poison): 0.7297 | Val Acc: 0.7537 | Time: 00:00:12
Epoch 042 | Seed 2001 | Rate 0.20 | Train Loss: 1.2843 | Val Loss: 0.9093 | Acc (clean): 0.8389 | Acc (poison): 0.7400 | Val Acc: 0.7519 | Time: 00:00:13
Epoch 043 | Seed 2001 | Rate 0.20 | Train Loss: 1.2154 | Val Loss: 0.9165 | Acc (clean): 0.8401 | Acc (poison): 0.7383 | Val Acc: 0.7493 | Time: 00:00:12
Epoch 044 | Seed 2001 | Rate 0.20 | Train Loss: 1.2304 | Val Loss: 0.9463 | Acc (clean): 0.8358 | Acc (poison): 0.7380 | Val Acc: 0.7252 | Time: 00:00:12
Epoch 045 | Seed 2001 | Rate 0.20 | Train Loss: 1.2020 | Val Loss: 0.8725 | Acc (clean): 0.8278 | Acc (poison): 0.7387 | Val Acc: 0.7722 | Time: 00:00:12
Epoch 046 | Seed 2001 | Rate 0.20 | Train Loss: 1.1335 | Val Loss: 0.8467 | Acc (clean): 0.8377 | Acc (poison): 0.7402 | Val Acc: 0.7733 | Time: 00:00:12
Epoch 047 | Seed 2001 | Rate 0.20 | Train Loss: 1.2141 | Val Loss: 0.8011 | Acc (clean): 0.8379 | Acc (poison): 0.7424 | Val Acc: 0.7704 | Time: 00:00:13
Epoch 048 | Seed 2001 | Rate 0.20 | Train Loss: 1.1983 | Val Loss: 0.9667 | Acc (clean): 0.8387 | Acc (poison): 0.7418 | Val Acc: 0.7500 | Time: 00:00:13
Epoch 049 | Seed 2001 | Rate 0.20 | Train Loss: 1.2258 | Val Loss: 0.8450 | Acc (clean): 0.8362 | Acc (poison): 0.7427 | Val Acc: 0.7604 | Time: 00:00:12
Epoch 050 | Seed 2001 | Rate 0.20 | Train Loss: 1.1502 | Val Loss: 0.8956 | Acc (clean): 0.8400 | Acc (poison): 0.7466 | Val Acc: 0.7533 | Time: 00:00:13
Epoch 051 | Seed 2001 | Rate 0.20 | Train Loss: 1.0673 | Val Loss: 0.6143 | Acc (clean): 0.9065 | Acc (poison): 0.8012 | Val Acc: 0.8626 | Time: 00:00:13
Epoch 052 | Seed 2001 | Rate 0.20 | Train Loss: 0.9293 | Val Loss: 0.5261 | Acc (clean): 0.9147 | Acc (poison): 0.8205 | Val Acc: 0.8722 | Time: 00:00:13
Epoch 053 | Seed 2001 | Rate 0.20 | Train Loss: 0.9571 | Val Loss: 0.5709 | Acc (clean): 0.9087 | Acc (poison): 0.8314 | Val Acc: 0.8644 | Time: 00:00:12
Epoch 054 | Seed 2001 | Rate 0.20 | Train Loss: 0.9410 | Val Loss: 0.5488 | Acc (clean): 0.9013 | Acc (poison): 0.8402 | Val Acc: 0.8641 | Time: 00:00:12
Epoch 055 | Seed 2001 | Rate 0.20 | Train Loss: 0.9001 | Val Loss: 0.5489 | Acc (clean): 0.8944 | Acc (poison): 0.8476 | Val Acc: 0.8544 | Time: 00:00:13
Epoch 056 | Seed 2001 | Rate 0.20 | Train Loss: 0.9093 | Val Loss: 0.6006 | Acc (clean): 0.8878 | Acc (poison): 0.8565 | Val Acc: 0.8319 | Time: 00:00:12
Epoch 057 | Seed 2001 | Rate 0.20 | Train Loss: 0.8440 | Val Loss: 0.5800 | Acc (clean): 0.8809 | Acc (poison): 0.8628 | Val Acc: 0.8300 | Time: 00:00:12
Epoch 058 | Seed 2001 | Rate 0.20 | Train Loss: 0.9133 | Val Loss: 0.5802 | Acc (clean): 0.8740 | Acc (poison): 0.8720 | Val Acc: 0.8237 | Time: 00:00:13
Epoch 059 | Seed 2001 | Rate 0.20 | Train Loss: 0.9192 | Val Loss: 0.6096 | Acc (clean): 0.8691 | Acc (poison): 0.8801 | Val Acc: 0.8222 | Time: 00:00:13
Epoch 060 | Seed 2001 | Rate 0.20 | Train Loss: 0.8212 | Val Loss: 0.5639 | Acc (clean): 0.8605 | Acc (poison): 0.8865 | Val Acc: 0.8248 | Time: 00:00:13
Epoch 061 | Seed 2001 | Rate 0.20 | Train Loss: 0.8964 | Val Loss: 0.6272 | Acc (clean): 0.8522 | Acc (poison): 0.8915 | Val Acc: 0.8019 | Time: 00:00:12
Epoch 062 | Seed 2001 | Rate 0.20 | Train Loss: 0.8209 | Val Loss: 0.6095 | Acc (clean): 0.8493 | Acc (poison): 0.8998 | Val Acc: 0.8104 | Time: 00:00:13
Epoch 063 | Seed 2001 | Rate 0.20 | Train Loss: 0.8372 | Val Loss: 0.6308 | Acc (clean): 0.8411 | Acc (poison): 0.9078 | Val Acc: 0.7870 | Time: 00:00:13
Epoch 064 | Seed 2001 | Rate 0.20 | Train Loss: 0.7841 | Val Loss: 0.5928 | Acc (clean): 0.8363 | Acc (poison): 0.9126 | Val Acc: 0.7959 | Time: 00:00:12
Epoch 065 | Seed 2001 | Rate 0.20 | Train Loss: 0.8868 | Val Loss: 0.6847 | Acc (clean): 0.8340 | Acc (poison): 0.9217 | Val Acc: 0.7852 | Time: 00:00:13
Epoch 066 | Seed 2001 | Rate 0.20 | Train Loss: 0.8640 | Val Loss: 0.6127 | Acc (clean): 0.8308 | Acc (poison): 0.9292 | Val Acc: 0.8000 | Time: 00:00:12
Epoch 067 | Seed 2001 | Rate 0.20 | Train Loss: 0.7563 | Val Loss: 0.6608 | Acc (clean): 0.8243 | Acc (poison): 0.9309 | Val Acc: 0.7852 | Time: 00:00:12
Epoch 068 | Seed 2001 | Rate 0.20 | Train Loss: 0.8084 | Val Loss: 0.6576 | Acc (clean): 0.8238 | Acc (poison): 0.9396 | Val Acc: 0.7915 | Time: 00:00:13
Epoch 069 | Seed 2001 | Rate 0.20 | Train Loss: 0.7335 | Val Loss: 0.6312 | Acc (clean): 0.8218 | Acc (poison): 0.9443 | Val Acc: 0.7837 | Time: 00:00:13
Epoch 070 | Seed 2001 | Rate 0.20 | Train Loss: 0.7564 | Val Loss: 0.6759 | Acc (clean): 0.8173 | Acc (poison): 0.9430 | Val Acc: 0.7726 | Time: 00:00:13
Epoch 071 | Seed 2001 | Rate 0.20 | Train Loss: 0.7904 | Val Loss: 0.7132 | Acc (clean): 0.8136 | Acc (poison): 0.9502 | Val Acc: 0.7800 | Time: 00:00:12
Epoch 072 | Seed 2001 | Rate 0.20 | Train Loss: 0.8099 | Val Loss: 0.7208 | Acc (clean): 0.8135 | Acc (poison): 0.9547 | Val Acc: 0.7678 | Time: 00:00:12
Epoch 073 | Seed 2001 | Rate 0.20 | Train Loss: 0.6861 | Val Loss: 0.6621 | Acc (clean): 0.8121 | Acc (poison): 0.9577 | Val Acc: 0.7785 | Time: 00:00:12
Epoch 074 | Seed 2001 | Rate 0.20 | Train Loss: 0.6910 | Val Loss: 0.7273 | Acc (clean): 0.8094 | Acc (poison): 0.9613 | Val Acc: 0.7674 | Time: 00:00:13
Epoch 075 | Seed 2001 | Rate 0.20 | Train Loss: 0.6869 | Val Loss: 0.7405 | Acc (clean): 0.8071 | Acc (poison): 0.9628 | Val Acc: 0.7604 | Time: 00:00:12
Epoch 076 | Seed 2001 | Rate 0.20 | Train Loss: 0.6561 | Val Loss: 0.6559 | Acc (clean): 0.8066 | Acc (poison): 0.9805 | Val Acc: 0.7848 | Time: 00:00:12
Epoch 077 | Seed 2001 | Rate 0.20 | Train Loss: 0.5740 | Val Loss: 0.6589 | Acc (clean): 0.8061 | Acc (poison): 0.9876 | Val Acc: 0.7867 | Time: 00:00:13
Epoch 078 | Seed 2001 | Rate 0.20 | Train Loss: 0.6672 | Val Loss: 0.6451 | Acc (clean): 0.8047 | Acc (poison): 0.9885 | Val Acc: 0.7856 | Time: 00:00:12
Epoch 079 | Seed 2001 | Rate 0.20 | Train Loss: 0.6716 | Val Loss: 0.6913 | Acc (clean): 0.8043 | Acc (poison): 0.9887 | Val Acc: 0.7852 | Time: 00:00:12
Epoch 080 | Seed 2001 | Rate 0.20 | Train Loss: 0.5722 | Val Loss: 0.7248 | Acc (clean): 0.8036 | Acc (poison): 0.9893 | Val Acc: 0.7811 | Time: 00:00:12
Epoch 081 | Seed 2001 | Rate 0.20 | Train Loss: 0.6603 | Val Loss: 0.6739 | Acc (clean): 0.8042 | Acc (poison): 0.9907 | Val Acc: 0.7800 | Time: 00:00:12
Epoch 082 | Seed 2001 | Rate 0.20 | Train Loss: 0.6238 | Val Loss: 0.6297 | Acc (clean): 0.8031 | Acc (poison): 0.9923 | Val Acc: 0.7856 | Time: 00:00:12
Epoch 083 | Seed 2001 | Rate 0.20 | Train Loss: 0.6792 | Val Loss: 0.6944 | Acc (clean): 0.8031 | Acc (poison): 0.9927 | Val Acc: 0.7796 | Time: 00:00:12
Epoch 084 | Seed 2001 | Rate 0.20 | Train Loss: 0.6792 | Val Loss: 0.6859 | Acc (clean): 0.8023 | Acc (poison): 0.9930 | Val Acc: 0.7848 | Time: 00:00:13
Epoch 085 | Seed 2001 | Rate 0.20 | Train Loss: 0.6526 | Val Loss: 0.7177 | Acc (clean): 0.8017 | Acc (poison): 0.9926 | Val Acc: 0.7770 | Time: 00:00:13
Epoch 086 | Seed 2001 | Rate 0.20 | Train Loss: 0.6585 | Val Loss: 0.7002 | Acc (clean): 0.8029 | Acc (poison): 0.9935 | Val Acc: 0.7822 | Time: 00:00:13
Epoch 087 | Seed 2001 | Rate 0.20 | Train Loss: 0.7026 | Val Loss: 0.7596 | Acc (clean): 0.8027 | Acc (poison): 0.9923 | Val Acc: 0.7778 | Time: 00:00:12
Epoch 088 | Seed 2001 | Rate 0.20 | Train Loss: 0.5861 | Val Loss: 0.6463 | Acc (clean): 0.8021 | Acc (poison): 0.9930 | Val Acc: 0.7900 | Time: 00:00:12
Epoch 089 | Seed 2001 | Rate 0.20 | Train Loss: 0.5319 | Val Loss: 0.6685 | Acc (clean): 0.8025 | Acc (poison): 0.9944 | Val Acc: 0.7904 | Time: 00:00:13
Epoch 090 | Seed 2001 | Rate 0.20 | Train Loss: 0.6716 | Val Loss: 0.6758 | Acc (clean): 0.8017 | Acc (poison): 0.9950 | Val Acc: 0.7770 | Time: 00:00:12
Epoch 091 | Seed 2001 | Rate 0.20 | Train Loss: 0.5591 | Val Loss: 0.6692 | Acc (clean): 0.8016 | Acc (poison): 0.9949 | Val Acc: 0.7870 | Time: 00:00:12
Epoch 092 | Seed 2001 | Rate 0.20 | Train Loss: 0.6272 | Val Loss: 0.6585 | Acc (clean): 0.8024 | Acc (poison): 0.9950 | Val Acc: 0.7896 | Time: 00:00:12
Epoch 093 | Seed 2001 | Rate 0.20 | Train Loss: 0.6486 | Val Loss: 0.6969 | Acc (clean): 0.8019 | Acc (poison): 0.9952 | Val Acc: 0.7867 | Time: 00:00:12
Epoch 094 | Seed 2001 | Rate 0.20 | Train Loss: 0.6955 | Val Loss: 0.7484 | Acc (clean): 0.8012 | Acc (poison): 0.9947 | Val Acc: 0.7744 | Time: 00:00:12
Epoch 095 | Seed 2001 | Rate 0.20 | Train Loss: 0.7731 | Val Loss: 0.6753 | Acc (clean): 0.8013 | Acc (poison): 0.9949 | Val Acc: 0.7826 | Time: 00:00:12
Epoch 096 | Seed 2001 | Rate 0.20 | Train Loss: 0.6796 | Val Loss: 0.6942 | Acc (clean): 0.8012 | Acc (poison): 0.9955 | Val Acc: 0.7811 | Time: 00:00:12
Epoch 097 | Seed 2001 | Rate 0.20 | Train Loss: 0.6064 | Val Loss: 0.7562 | Acc (clean): 0.8003 | Acc (poison): 0.9956 | Val Acc: 0.7715 | Time: 00:00:12
Epoch 098 | Seed 2001 | Rate 0.20 | Train Loss: 0.6284 | Val Loss: 0.6954 | Acc (clean): 0.8010 | Acc (poison): 0.9963 | Val Acc: 0.7833 | Time: 00:00:12
Epoch 099 | Seed 2001 | Rate 0.20 | Train Loss: 0.7245 | Val Loss: 0.7067 | Acc (clean): 0.8012 | Acc (poison): 0.9960 | Val Acc: 0.7785 | Time: 00:00:12
Epoch 100 | Seed 2001 | Rate 0.20 | Train Loss: 0.7136 | Val Loss: 0.6856 | Acc (clean): 0.8016 | Acc (poison): 0.9961 | Val Acc: 0.7804 | Time: 00:00:12

Endzeit: 2026-08-08 21:10:16 CEST
Laufzeit: 04:09:32
Exit-Code: 0

Abgeschlossene Laeufe fuer Seed 2001 (erwartet: 11):
/home/yazanme/BachelorThesis/BachelorThesis/experiments/RQ3/mixup/resnet18/clean/seed_2001/rate_0.0
/home/yazanme/BachelorThesis/BachelorThesis/experiments/RQ3/mixup/resnet18/RQ1/seed_2001/rate_0.01
/home/yazanme/BachelorThesis/BachelorThesis/experiments/RQ3/mixup/resnet18/RQ1/seed_2001/rate_0.02
/home/yazanme/BachelorThesis/BachelorThesis/experiments/RQ3/mixup/resnet18/RQ1/seed_2001/rate_0.05
/home/yazanme/BachelorThesis/BachelorThesis/experiments/RQ3/mixup/resnet18/RQ1/seed_2001/rate_0.1
/home/yazanme/BachelorThesis/BachelorThesis/experiments/RQ3/mixup/resnet18/RQ1/seed_2001/rate_0.2
/home/yazanme/BachelorThesis/BachelorThesis/experiments/RQ3/mixup/resnet18/RQ2/seed_2001/rate_0.01
/home/yazanme/BachelorThesis/BachelorThesis/experiments/RQ3/mixup/resnet18/RQ2/seed_2001/rate_0.02
/home/yazanme/BachelorThesis/BachelorThesis/experiments/RQ3/mixup/resnet18/RQ2/seed_2001/rate_0.05
/home/yazanme/BachelorThesis/BachelorThesis/experiments/RQ3/mixup/resnet18/RQ2/seed_2001/rate_0.1
/home/yazanme/BachelorThesis/BachelorThesis/experiments/RQ3/mixup/resnet18/RQ2/seed_2001/rate_0.2
Anzahl: 11

clean/summary_metrics.csv:
seed,rate,accuracy,precision,recall,f1
2026,0.0,0.9504444444444444,0.95066816882248,0.9504444444444446,0.9503288773570864
2001,0.0,0.9457777777777778,0.946519551450268,0.9457777777777778,0.9457460526277583
42,0.0,0.9502222222222222,0.9506006447801315,0.9502222222222222,0.950058236232404

RQ1/summary_metrics.csv:
seed,rate,accuracy,precision,recall,f1
2026,0.01,0.9464444444444444,0.9465534342668682,0.9464444444444442,0.946250935620357
2001,0.01,0.942,0.9431307363610082,0.9420000000000002,0.9420032680212794
42,0.01,0.9442222222222222,0.9446825714264748,0.944222222222222,0.9439488147955166
2026,0.02,0.9466666666666668,0.9470001376248413,0.9466666666666668,0.9465262271101132
2001,0.02,0.9384444444444444,0.9399390229251418,0.9384444444444444,0.9384749186563608
42,0.02,0.9437777777777778,0.943909104285932,0.943777777777778,0.9435568676134604
2026,0.05,0.9375555555555556,0.938038490916618,0.9375555555555556,0.9374984522597096
2001,0.05,0.9304444444444444,0.9312872529220688,0.9304444444444442,0.9303860926835174
42,0.05,0.9355555555555556,0.9360216184424944,0.9355555555555556,0.9353232138353124
2026,0.1,0.9151111111111112,0.9156655390531122,0.9151111111111112,0.9149067530816442
2001,0.1,0.9093333333333332,0.9103363466215684,0.9093333333333332,0.9090991607724004
42,0.1,0.9115555555555556,0.912719554190195,0.9115555555555556,0.9114609153455816
2026,0.2,0.8906666666666667,0.8928959864030664,0.8906666666666666,0.8905630636590064
2001,0.2,0.8586666666666667,0.8595560144272579,0.8586666666666667,0.858068276307098
42,0.2,0.8691111111111111,0.871366119872255,0.869111111111111,0.8688198401762752

RQ2/summary_metrics.csv:
seed,rate,accuracy,precision,recall,f1
2026,0.01,0.9431111111111112,0.9436182502573112,0.9431111111111112,0.9429551235471082
2001,0.01,0.9475555555555556,0.947952706722938,0.9475555555555554,0.9473194145934114
42,0.01,0.9446666666666668,0.9451277455867528,0.9446666666666668,0.9445025015939243
2026,0.02,0.9382222222222222,0.9387812099267374,0.9382222222222224,0.938173894217276
2001,0.02,0.9386666666666666,0.9400253349186084,0.9386666666666668,0.9386648185309264
42,0.02,0.9391111111111112,0.9396442719953226,0.9391111111111112,0.9388714710562326
2026,0.05,0.9246666666666666,0.9249651084958148,0.9246666666666664,0.9245079510407462
2001,0.05,0.918,0.9193322501712532,0.9179999999999996,0.9179849800055327
42,0.05,0.922,0.9224661528165008,0.922,0.9217492489045884
2026,0.1,0.8962222222222223,0.8963590534275375,0.896222222222222,0.8956777068415633
2001,0.1,0.9015555555555556,0.9023209920537816,0.9015555555555556,0.9011149373873562
42,0.1,0.9011111111111112,0.9025603366626236,0.9011111111111112,0.9007693073346764
2026,0.2,0.854,0.8570636440832361,0.854,0.8529716595329624
2001,0.2,0.876,0.877263535516987,0.8759999999999999,0.8753661261046461
