=========================================
1. SLURM ALLOKATIONS-INFO
=========================================
Job ID: 5165 (Array 5149, Task 1)
Job Name: rq3_label_smoothing_mobilenetv2
Ausfuehrender Node: gpu01
Zugewiesene CPUs: 6
Zugewiesener Speicher: 32768 MB
Zugewiesene GPUs: 0
Zugewiesene GPUs ueber CUDA: 0
0, Tesla V100S-PCIE-32GB, 32768 MiB, 535.309.01

Zeitzonen-Check -> Node-Uhr (UTC): 2026-08-07 23:37:36 UTC
Zeitzonen-Check -> korrigiert    : 2026-08-08 01:37:36 CEST

Python: /home/yazanme/miniforge3/envs/venv/bin/python
Version: Python 3.12.13

Preflight ok: RQ2-Labels mit 16 Paaren / 32 angegriffenen Klassen.
Modell:           mobilenetv2
Verteidigung:     label_smoothing
Seed:             2001
Trainings-Config: /home/yazanme/BachelorThesis/BachelorThesis/src/yaml/rq3/rq3_train_mobilenetv2.yaml
Daten-Config:     /home/yazanme/BachelorThesis/BachelorThesis/src/implementation/data_preparation/config.yaml
Ausgabe:          /home/yazanme/BachelorThesis/BachelorThesis/experiments/RQ3/label_smoothing/mobilenetv2/{clean,RQ1,RQ2}
Preflight ok: 3 HDF5-Splits + 10 Label-Tensoren (RQ1+RQ2) fuer Seed 2001.
Erwartet: 1 clean + 2 Angriffe x 5 Raten = 11 Laeufe (~3.3 h).

Startzeit: 2026-08-08 01:37:37 CEST

Starting main script...
Config: /home/yazanme/BachelorThesis/BachelorThesis/src/yaml/rq3/rq3_train_mobilenetv2.yaml
Experiment: rq=RQ3 model=mobilenetv2 rates=[0.0, 0.01, 0.02, 0.05, 0.1, 0.2]
Defense: label_smoothing | Seeds: [2001] | Attacks: ['clean', 'RQ1', 'RQ2']
Set float32 matmul precision to: high
Initializing PyTorch and checking CUDA...
Set cudnn.benchmark to: True
Using device: cuda
Initializing base loaders...
Loading validation data from /home/yazanme/BachelorThesis/BachelorThesis/data/processed/resisc45/val.h5... (in_memory=True, workers=4)
Loading test data from /home/yazanme/BachelorThesis/BachelorThesis/data/processed/resisc45/test.h5... (in_memory=True, workers=4)
Starting experiment run...

=== defense=label_smoothing attack=clean seed=2001 rate=0.0 ===
Loading train data from /home/yazanme/BachelorThesis/BachelorThesis/data/processed/resisc45/train.h5... (in_memory=True, workers=4)
Testing torch.compile support...
Successfully compiled model using torch.compile.
Epoch 001 | Seed 2001 | Rate 0.00 | Train Loss: 3.0010 | Val Loss: 2.3900 | Acc (clean): 0.2407 | Acc (poison): 0.2407 | Val Acc: 0.3174 | Time: 00:02:38
Epoch 002 | Seed 2001 | Rate 0.00 | Train Loss: 2.2581 | Val Loss: 1.9445 | Acc (clean): 0.4576 | Acc (poison): 0.4576 | Val Acc: 0.4519 | Time: 00:00:12
Epoch 003 | Seed 2001 | Rate 0.00 | Train Loss: 1.9777 | Val Loss: 1.7737 | Acc (clean): 0.5484 | Acc (poison): 0.5484 | Val Acc: 0.4956 | Time: 00:00:12
Epoch 004 | Seed 2001 | Rate 0.00 | Train Loss: 1.7943 | Val Loss: 1.4559 | Acc (clean): 0.6151 | Acc (poison): 0.6151 | Val Acc: 0.5822 | Time: 00:00:12
Epoch 005 | Seed 2001 | Rate 0.00 | Train Loss: 1.6461 | Val Loss: 1.2905 | Acc (clean): 0.6741 | Acc (poison): 0.6741 | Val Acc: 0.6326 | Time: 00:00:12
Epoch 006 | Seed 2001 | Rate 0.00 | Train Loss: 1.5232 | Val Loss: 1.3405 | Acc (clean): 0.7130 | Acc (poison): 0.7130 | Val Acc: 0.6300 | Time: 00:00:12
Epoch 007 | Seed 2001 | Rate 0.00 | Train Loss: 1.4404 | Val Loss: 1.1306 | Acc (clean): 0.7432 | Acc (poison): 0.7432 | Val Acc: 0.6915 | Time: 00:00:12
Epoch 008 | Seed 2001 | Rate 0.00 | Train Loss: 1.3690 | Val Loss: 0.9905 | Acc (clean): 0.7718 | Acc (poison): 0.7718 | Val Acc: 0.7270 | Time: 00:00:12
Epoch 009 | Seed 2001 | Rate 0.00 | Train Loss: 1.3246 | Val Loss: 1.0085 | Acc (clean): 0.7843 | Acc (poison): 0.7843 | Val Acc: 0.7219 | Time: 00:00:12
Epoch 010 | Seed 2001 | Rate 0.00 | Train Loss: 1.2922 | Val Loss: 0.9604 | Acc (clean): 0.7999 | Acc (poison): 0.7999 | Val Acc: 0.7359 | Time: 00:00:13
Epoch 011 | Seed 2001 | Rate 0.00 | Train Loss: 1.2666 | Val Loss: 1.0492 | Acc (clean): 0.8088 | Acc (poison): 0.8088 | Val Acc: 0.7022 | Time: 00:00:13
Epoch 012 | Seed 2001 | Rate 0.00 | Train Loss: 1.2389 | Val Loss: 1.0558 | Acc (clean): 0.8181 | Acc (poison): 0.8181 | Val Acc: 0.7074 | Time: 00:00:12
Epoch 013 | Seed 2001 | Rate 0.00 | Train Loss: 1.2264 | Val Loss: 1.0995 | Acc (clean): 0.8221 | Acc (poison): 0.8221 | Val Acc: 0.7015 | Time: 00:00:12
Epoch 014 | Seed 2001 | Rate 0.00 | Train Loss: 1.2187 | Val Loss: 1.0311 | Acc (clean): 0.8258 | Acc (poison): 0.8258 | Val Acc: 0.7052 | Time: 00:00:13
Epoch 015 | Seed 2001 | Rate 0.00 | Train Loss: 1.2070 | Val Loss: 0.9134 | Acc (clean): 0.8295 | Acc (poison): 0.8295 | Val Acc: 0.7470 | Time: 00:00:12
Epoch 016 | Seed 2001 | Rate 0.00 | Train Loss: 1.2052 | Val Loss: 1.0203 | Acc (clean): 0.8312 | Acc (poison): 0.8312 | Val Acc: 0.7137 | Time: 00:00:12
Epoch 017 | Seed 2001 | Rate 0.00 | Train Loss: 1.1932 | Val Loss: 0.9881 | Acc (clean): 0.8363 | Acc (poison): 0.8363 | Val Acc: 0.7296 | Time: 00:00:12
Epoch 018 | Seed 2001 | Rate 0.00 | Train Loss: 1.1845 | Val Loss: 0.8515 | Acc (clean): 0.8380 | Acc (poison): 0.8380 | Val Acc: 0.7630 | Time: 00:00:13
Epoch 019 | Seed 2001 | Rate 0.00 | Train Loss: 1.1834 | Val Loss: 0.8970 | Acc (clean): 0.8371 | Acc (poison): 0.8371 | Val Acc: 0.7563 | Time: 00:00:13
Epoch 020 | Seed 2001 | Rate 0.00 | Train Loss: 1.1761 | Val Loss: 0.9749 | Acc (clean): 0.8437 | Acc (poison): 0.8437 | Val Acc: 0.7422 | Time: 00:00:13
Epoch 021 | Seed 2001 | Rate 0.00 | Train Loss: 1.1732 | Val Loss: 0.9400 | Acc (clean): 0.8425 | Acc (poison): 0.8425 | Val Acc: 0.7400 | Time: 00:00:12
Epoch 022 | Seed 2001 | Rate 0.00 | Train Loss: 1.1671 | Val Loss: 0.9468 | Acc (clean): 0.8452 | Acc (poison): 0.8452 | Val Acc: 0.7352 | Time: 00:00:12
Epoch 023 | Seed 2001 | Rate 0.00 | Train Loss: 1.1602 | Val Loss: 1.0114 | Acc (clean): 0.8477 | Acc (poison): 0.8477 | Val Acc: 0.7241 | Time: 00:00:12
Epoch 024 | Seed 2001 | Rate 0.00 | Train Loss: 1.1625 | Val Loss: 1.1265 | Acc (clean): 0.8513 | Acc (poison): 0.8513 | Val Acc: 0.6893 | Time: 00:00:12
Epoch 025 | Seed 2001 | Rate 0.00 | Train Loss: 1.1533 | Val Loss: 1.3482 | Acc (clean): 0.8518 | Acc (poison): 0.8518 | Val Acc: 0.6285 | Time: 00:00:13
Epoch 026 | Seed 2001 | Rate 0.00 | Train Loss: 1.1501 | Val Loss: 0.9362 | Acc (clean): 0.8511 | Acc (poison): 0.8511 | Val Acc: 0.7419 | Time: 00:00:13
Epoch 027 | Seed 2001 | Rate 0.00 | Train Loss: 1.1537 | Val Loss: 0.9405 | Acc (clean): 0.8516 | Acc (poison): 0.8516 | Val Acc: 0.7419 | Time: 00:00:13
Epoch 028 | Seed 2001 | Rate 0.00 | Train Loss: 1.1579 | Val Loss: 0.8990 | Acc (clean): 0.8477 | Acc (poison): 0.8477 | Val Acc: 0.7622 | Time: 00:00:13
Epoch 029 | Seed 2001 | Rate 0.00 | Train Loss: 1.1499 | Val Loss: 0.8849 | Acc (clean): 0.8527 | Acc (poison): 0.8527 | Val Acc: 0.7600 | Time: 00:00:12
Epoch 030 | Seed 2001 | Rate 0.00 | Train Loss: 1.1435 | Val Loss: 1.0482 | Acc (clean): 0.8556 | Acc (poison): 0.8556 | Val Acc: 0.7096 | Time: 00:00:12
Epoch 031 | Seed 2001 | Rate 0.00 | Train Loss: 1.1487 | Val Loss: 1.0324 | Acc (clean): 0.8524 | Acc (poison): 0.8524 | Val Acc: 0.7307 | Time: 00:00:13
Epoch 032 | Seed 2001 | Rate 0.00 | Train Loss: 1.1438 | Val Loss: 1.6203 | Acc (clean): 0.8539 | Acc (poison): 0.8539 | Val Acc: 0.5711 | Time: 00:00:12
Epoch 033 | Seed 2001 | Rate 0.00 | Train Loss: 1.1341 | Val Loss: 1.2743 | Acc (clean): 0.8568 | Acc (poison): 0.8568 | Val Acc: 0.6526 | Time: 00:00:13
Epoch 034 | Seed 2001 | Rate 0.00 | Train Loss: 1.1410 | Val Loss: 1.2353 | Acc (clean): 0.8565 | Acc (poison): 0.8565 | Val Acc: 0.6663 | Time: 00:00:12
Epoch 035 | Seed 2001 | Rate 0.00 | Train Loss: 1.1415 | Val Loss: 1.0741 | Acc (clean): 0.8559 | Acc (poison): 0.8559 | Val Acc: 0.6981 | Time: 00:00:13
Epoch 036 | Seed 2001 | Rate 0.00 | Train Loss: 1.1431 | Val Loss: 1.2209 | Acc (clean): 0.8541 | Acc (poison): 0.8541 | Val Acc: 0.6670 | Time: 00:00:12
Epoch 037 | Seed 2001 | Rate 0.00 | Train Loss: 1.1378 | Val Loss: 1.0720 | Acc (clean): 0.8589 | Acc (poison): 0.8589 | Val Acc: 0.7104 | Time: 00:00:13
Epoch 038 | Seed 2001 | Rate 0.00 | Train Loss: 1.1392 | Val Loss: 1.2549 | Acc (clean): 0.8570 | Acc (poison): 0.8570 | Val Acc: 0.6607 | Time: 00:00:12
Epoch 039 | Seed 2001 | Rate 0.00 | Train Loss: 1.1263 | Val Loss: 0.8885 | Acc (clean): 0.8615 | Acc (poison): 0.8615 | Val Acc: 0.7533 | Time: 00:00:12
Epoch 040 | Seed 2001 | Rate 0.00 | Train Loss: 1.1232 | Val Loss: 0.9843 | Acc (clean): 0.8626 | Acc (poison): 0.8626 | Val Acc: 0.7322 | Time: 00:00:12
Epoch 041 | Seed 2001 | Rate 0.00 | Train Loss: 1.1350 | Val Loss: 1.1138 | Acc (clean): 0.8562 | Acc (poison): 0.8562 | Val Acc: 0.7096 | Time: 00:00:13
Epoch 042 | Seed 2001 | Rate 0.00 | Train Loss: 1.1301 | Val Loss: 1.0399 | Acc (clean): 0.8598 | Acc (poison): 0.8598 | Val Acc: 0.7015 | Time: 00:00:13
Epoch 043 | Seed 2001 | Rate 0.00 | Train Loss: 1.1372 | Val Loss: 0.9633 | Acc (clean): 0.8578 | Acc (poison): 0.8578 | Val Acc: 0.7348 | Time: 00:00:13
Epoch 044 | Seed 2001 | Rate 0.00 | Train Loss: 1.1267 | Val Loss: 1.0349 | Acc (clean): 0.8605 | Acc (poison): 0.8605 | Val Acc: 0.7130 | Time: 00:00:12
Epoch 045 | Seed 2001 | Rate 0.00 | Train Loss: 1.1257 | Val Loss: 1.2456 | Acc (clean): 0.8622 | Acc (poison): 0.8622 | Val Acc: 0.6570 | Time: 00:00:13
Epoch 046 | Seed 2001 | Rate 0.00 | Train Loss: 1.1262 | Val Loss: 1.0296 | Acc (clean): 0.8610 | Acc (poison): 0.8610 | Val Acc: 0.7096 | Time: 00:00:13
Epoch 047 | Seed 2001 | Rate 0.00 | Train Loss: 1.1195 | Val Loss: 0.8750 | Acc (clean): 0.8640 | Acc (poison): 0.8640 | Val Acc: 0.7641 | Time: 00:00:13
Epoch 048 | Seed 2001 | Rate 0.00 | Train Loss: 1.1275 | Val Loss: 0.9942 | Acc (clean): 0.8629 | Acc (poison): 0.8629 | Val Acc: 0.7352 | Time: 00:00:12
Epoch 049 | Seed 2001 | Rate 0.00 | Train Loss: 1.1167 | Val Loss: 0.8013 | Acc (clean): 0.8640 | Acc (poison): 0.8640 | Val Acc: 0.7815 | Time: 00:00:13
Epoch 050 | Seed 2001 | Rate 0.00 | Train Loss: 1.1226 | Val Loss: 1.0353 | Acc (clean): 0.8630 | Acc (poison): 0.8630 | Val Acc: 0.7230 | Time: 00:00:13
Epoch 051 | Seed 2001 | Rate 0.00 | Train Loss: 0.9618 | Val Loss: 0.3775 | Acc (clean): 0.9240 | Acc (poison): 0.9240 | Val Acc: 0.9141 | Time: 00:00:14
Epoch 052 | Seed 2001 | Rate 0.00 | Train Loss: 0.9096 | Val Loss: 0.3616 | Acc (clean): 0.9434 | Acc (poison): 0.9434 | Val Acc: 0.9204 | Time: 00:00:12
Epoch 053 | Seed 2001 | Rate 0.00 | Train Loss: 0.8892 | Val Loss: 0.3537 | Acc (clean): 0.9508 | Acc (poison): 0.9508 | Val Acc: 0.9156 | Time: 00:00:13
Epoch 054 | Seed 2001 | Rate 0.00 | Train Loss: 0.8741 | Val Loss: 0.3518 | Acc (clean): 0.9555 | Acc (poison): 0.9555 | Val Acc: 0.9233 | Time: 00:00:13
Epoch 055 | Seed 2001 | Rate 0.00 | Train Loss: 0.8679 | Val Loss: 0.3518 | Acc (clean): 0.9566 | Acc (poison): 0.9566 | Val Acc: 0.9244 | Time: 00:00:12
Epoch 056 | Seed 2001 | Rate 0.00 | Train Loss: 0.8558 | Val Loss: 0.3543 | Acc (clean): 0.9618 | Acc (poison): 0.9618 | Val Acc: 0.9222 | Time: 00:00:12
Epoch 057 | Seed 2001 | Rate 0.00 | Train Loss: 0.8503 | Val Loss: 0.3494 | Acc (clean): 0.9629 | Acc (poison): 0.9629 | Val Acc: 0.9222 | Time: 00:00:13
Epoch 058 | Seed 2001 | Rate 0.00 | Train Loss: 0.8428 | Val Loss: 0.3425 | Acc (clean): 0.9673 | Acc (poison): 0.9673 | Val Acc: 0.9211 | Time: 00:00:13
Epoch 059 | Seed 2001 | Rate 0.00 | Train Loss: 0.8360 | Val Loss: 0.3347 | Acc (clean): 0.9684 | Acc (poison): 0.9684 | Val Acc: 0.9285 | Time: 00:00:12
Epoch 060 | Seed 2001 | Rate 0.00 | Train Loss: 0.8331 | Val Loss: 0.3335 | Acc (clean): 0.9701 | Acc (poison): 0.9701 | Val Acc: 0.9311 | Time: 00:00:12
Epoch 061 | Seed 2001 | Rate 0.00 | Train Loss: 0.8254 | Val Loss: 0.3320 | Acc (clean): 0.9733 | Acc (poison): 0.9733 | Val Acc: 0.9307 | Time: 00:00:13
Epoch 062 | Seed 2001 | Rate 0.00 | Train Loss: 0.8234 | Val Loss: 0.3394 | Acc (clean): 0.9734 | Acc (poison): 0.9734 | Val Acc: 0.9219 | Time: 00:00:12
Epoch 063 | Seed 2001 | Rate 0.00 | Train Loss: 0.8184 | Val Loss: 0.3350 | Acc (clean): 0.9743 | Acc (poison): 0.9743 | Val Acc: 0.9296 | Time: 00:00:12
Epoch 064 | Seed 2001 | Rate 0.00 | Train Loss: 0.8148 | Val Loss: 0.3246 | Acc (clean): 0.9767 | Acc (poison): 0.9767 | Val Acc: 0.9307 | Time: 00:00:12
Epoch 065 | Seed 2001 | Rate 0.00 | Train Loss: 0.8116 | Val Loss: 0.3390 | Acc (clean): 0.9777 | Acc (poison): 0.9777 | Val Acc: 0.9207 | Time: 00:00:13
Epoch 066 | Seed 2001 | Rate 0.00 | Train Loss: 0.8075 | Val Loss: 0.3376 | Acc (clean): 0.9786 | Acc (poison): 0.9786 | Val Acc: 0.9259 | Time: 00:00:12
Epoch 067 | Seed 2001 | Rate 0.00 | Train Loss: 0.8046 | Val Loss: 0.3318 | Acc (clean): 0.9795 | Acc (poison): 0.9795 | Val Acc: 0.9300 | Time: 00:00:13
Epoch 068 | Seed 2001 | Rate 0.00 | Train Loss: 0.8012 | Val Loss: 0.3481 | Acc (clean): 0.9819 | Acc (poison): 0.9819 | Val Acc: 0.9215 | Time: 00:00:12
Epoch 069 | Seed 2001 | Rate 0.00 | Train Loss: 0.8021 | Val Loss: 0.3521 | Acc (clean): 0.9802 | Acc (poison): 0.9802 | Val Acc: 0.9193 | Time: 00:00:13
Epoch 070 | Seed 2001 | Rate 0.00 | Train Loss: 0.7985 | Val Loss: 0.3307 | Acc (clean): 0.9814 | Acc (poison): 0.9814 | Val Acc: 0.9300 | Time: 00:00:13
Epoch 071 | Seed 2001 | Rate 0.00 | Train Loss: 0.7969 | Val Loss: 0.3319 | Acc (clean): 0.9809 | Acc (poison): 0.9809 | Val Acc: 0.9263 | Time: 00:00:12
Epoch 072 | Seed 2001 | Rate 0.00 | Train Loss: 0.7946 | Val Loss: 0.3521 | Acc (clean): 0.9835 | Acc (poison): 0.9835 | Val Acc: 0.9244 | Time: 00:00:12
Epoch 073 | Seed 2001 | Rate 0.00 | Train Loss: 0.7940 | Val Loss: 0.3471 | Acc (clean): 0.9823 | Acc (poison): 0.9823 | Val Acc: 0.9226 | Time: 00:00:12
Epoch 074 | Seed 2001 | Rate 0.00 | Train Loss: 0.7895 | Val Loss: 0.3490 | Acc (clean): 0.9832 | Acc (poison): 0.9832 | Val Acc: 0.9233 | Time: 00:00:12
Epoch 075 | Seed 2001 | Rate 0.00 | Train Loss: 0.7902 | Val Loss: 0.3490 | Acc (clean): 0.9834 | Acc (poison): 0.9834 | Val Acc: 0.9237 | Time: 00:00:12
Epoch 076 | Seed 2001 | Rate 0.00 | Train Loss: 0.7757 | Val Loss: 0.3293 | Acc (clean): 0.9888 | Acc (poison): 0.9888 | Val Acc: 0.9289 | Time: 00:00:12
Epoch 077 | Seed 2001 | Rate 0.00 | Train Loss: 0.7686 | Val Loss: 0.3239 | Acc (clean): 0.9919 | Acc (poison): 0.9919 | Val Acc: 0.9304 | Time: 00:00:13
Epoch 078 | Seed 2001 | Rate 0.00 | Train Loss: 0.7668 | Val Loss: 0.3192 | Acc (clean): 0.9919 | Acc (poison): 0.9919 | Val Acc: 0.9341 | Time: 00:00:13
Epoch 079 | Seed 2001 | Rate 0.00 | Train Loss: 0.7651 | Val Loss: 0.3244 | Acc (clean): 0.9926 | Acc (poison): 0.9926 | Val Acc: 0.9333 | Time: 00:00:12
Epoch 080 | Seed 2001 | Rate 0.00 | Train Loss: 0.7633 | Val Loss: 0.3268 | Acc (clean): 0.9927 | Acc (poison): 0.9927 | Val Acc: 0.9322 | Time: 00:00:12
Epoch 081 | Seed 2001 | Rate 0.00 | Train Loss: 0.7635 | Val Loss: 0.3250 | Acc (clean): 0.9932 | Acc (poison): 0.9932 | Val Acc: 0.9337 | Time: 00:00:12
Epoch 082 | Seed 2001 | Rate 0.00 | Train Loss: 0.7621 | Val Loss: 0.3283 | Acc (clean): 0.9936 | Acc (poison): 0.9936 | Val Acc: 0.9330 | Time: 00:00:13
Epoch 083 | Seed 2001 | Rate 0.00 | Train Loss: 0.7630 | Val Loss: 0.3254 | Acc (clean): 0.9935 | Acc (poison): 0.9935 | Val Acc: 0.9319 | Time: 00:00:12
Epoch 084 | Seed 2001 | Rate 0.00 | Train Loss: 0.7631 | Val Loss: 0.3227 | Acc (clean): 0.9928 | Acc (poison): 0.9928 | Val Acc: 0.9315 | Time: 00:00:13
Epoch 085 | Seed 2001 | Rate 0.00 | Train Loss: 0.7603 | Val Loss: 0.3306 | Acc (clean): 0.9937 | Acc (poison): 0.9937 | Val Acc: 0.9330 | Time: 00:00:13
Epoch 086 | Seed 2001 | Rate 0.00 | Train Loss: 0.7631 | Val Loss: 0.3232 | Acc (clean): 0.9927 | Acc (poison): 0.9927 | Val Acc: 0.9307 | Time: 00:00:12
Epoch 087 | Seed 2001 | Rate 0.00 | Train Loss: 0.7597 | Val Loss: 0.3219 | Acc (clean): 0.9937 | Acc (poison): 0.9937 | Val Acc: 0.9322 | Time: 00:00:12
Epoch 088 | Seed 2001 | Rate 0.00 | Train Loss: 0.7603 | Val Loss: 0.3201 | Acc (clean): 0.9940 | Acc (poison): 0.9940 | Val Acc: 0.9337 | Time: 00:00:12
Epoch 089 | Seed 2001 | Rate 0.00 | Train Loss: 0.7595 | Val Loss: 0.3282 | Acc (clean): 0.9934 | Acc (poison): 0.9934 | Val Acc: 0.9341 | Time: 00:00:13
Epoch 090 | Seed 2001 | Rate 0.00 | Train Loss: 0.7586 | Val Loss: 0.3273 | Acc (clean): 0.9941 | Acc (poison): 0.9941 | Val Acc: 0.9356 | Time: 00:00:13
Epoch 091 | Seed 2001 | Rate 0.00 | Train Loss: 0.7573 | Val Loss: 0.3342 | Acc (clean): 0.9943 | Acc (poison): 0.9943 | Val Acc: 0.9322 | Time: 00:00:13
Epoch 092 | Seed 2001 | Rate 0.00 | Train Loss: 0.7584 | Val Loss: 0.3250 | Acc (clean): 0.9935 | Acc (poison): 0.9935 | Val Acc: 0.9311 | Time: 00:00:12
Epoch 093 | Seed 2001 | Rate 0.00 | Train Loss: 0.7577 | Val Loss: 0.3298 | Acc (clean): 0.9944 | Acc (poison): 0.9944 | Val Acc: 0.9333 | Time: 00:00:13
Epoch 094 | Seed 2001 | Rate 0.00 | Train Loss: 0.7589 | Val Loss: 0.3263 | Acc (clean): 0.9939 | Acc (poison): 0.9939 | Val Acc: 0.9337 | Time: 00:00:12
Epoch 095 | Seed 2001 | Rate 0.00 | Train Loss: 0.7572 | Val Loss: 0.3320 | Acc (clean): 0.9939 | Acc (poison): 0.9939 | Val Acc: 0.9319 | Time: 00:00:13
Epoch 096 | Seed 2001 | Rate 0.00 | Train Loss: 0.7564 | Val Loss: 0.3262 | Acc (clean): 0.9944 | Acc (poison): 0.9944 | Val Acc: 0.9333 | Time: 00:00:12
Epoch 097 | Seed 2001 | Rate 0.00 | Train Loss: 0.7558 | Val Loss: 0.3315 | Acc (clean): 0.9943 | Acc (poison): 0.9943 | Val Acc: 0.9326 | Time: 00:00:12
Epoch 098 | Seed 2001 | Rate 0.00 | Train Loss: 0.7560 | Val Loss: 0.3305 | Acc (clean): 0.9946 | Acc (poison): 0.9946 | Val Acc: 0.9333 | Time: 00:00:12
Epoch 099 | Seed 2001 | Rate 0.00 | Train Loss: 0.7558 | Val Loss: 0.3266 | Acc (clean): 0.9950 | Acc (poison): 0.9950 | Val Acc: 0.9344 | Time: 00:00:12
Epoch 100 | Seed 2001 | Rate 0.00 | Train Loss: 0.7549 | Val Loss: 0.3270 | Acc (clean): 0.9949 | Acc (poison): 0.9949 | Val Acc: 0.9348 | Time: 00:00:12

=== defense=label_smoothing attack=RQ1 seed=2001 rate=0.01 ===
Loading train data from /home/yazanme/BachelorThesis/BachelorThesis/data/processed/resisc45/train.h5 with mapping /home/yazanme/BachelorThesis/BachelorThesis/data/processed/resisc45/poisoned/RQ1/seed_2001/labels_0.01.pt... (in_memory=True, workers=4)
Testing torch.compile support...
Successfully compiled model using torch.compile.
Epoch 001 | Seed 2001 | Rate 0.01 | Train Loss: 3.0748 | Val Loss: 2.5362 | Acc (clean): 0.2253 | Acc (poison): 0.2233 | Val Acc: 0.3030 | Time: 00:00:12
Epoch 002 | Seed 2001 | Rate 0.01 | Train Loss: 2.3137 | Val Loss: 2.1980 | Acc (clean): 0.4500 | Acc (poison): 0.4458 | Val Acc: 0.3915 | Time: 00:00:12
Epoch 003 | Seed 2001 | Rate 0.01 | Train Loss: 2.0285 | Val Loss: 1.6257 | Acc (clean): 0.5480 | Acc (poison): 0.5424 | Val Acc: 0.5248 | Time: 00:00:11
Epoch 004 | Seed 2001 | Rate 0.01 | Train Loss: 1.8389 | Val Loss: 1.6357 | Acc (clean): 0.6163 | Acc (poison): 0.6102 | Val Acc: 0.5289 | Time: 00:00:12
Epoch 005 | Seed 2001 | Rate 0.01 | Train Loss: 1.6998 | Val Loss: 1.3918 | Acc (clean): 0.6668 | Acc (poison): 0.6600 | Val Acc: 0.5885 | Time: 00:00:12
Epoch 006 | Seed 2001 | Rate 0.01 | Train Loss: 1.5820 | Val Loss: 1.8121 | Acc (clean): 0.7061 | Acc (poison): 0.6994 | Val Acc: 0.4941 | Time: 00:00:11
Epoch 007 | Seed 2001 | Rate 0.01 | Train Loss: 1.4860 | Val Loss: 1.0993 | Acc (clean): 0.7436 | Acc (poison): 0.7359 | Val Acc: 0.6893 | Time: 00:00:11
Epoch 008 | Seed 2001 | Rate 0.01 | Train Loss: 1.4219 | Val Loss: 0.9988 | Acc (clean): 0.7659 | Acc (poison): 0.7585 | Val Acc: 0.7281 | Time: 00:00:11
Epoch 009 | Seed 2001 | Rate 0.01 | Train Loss: 1.3812 | Val Loss: 1.6830 | Acc (clean): 0.7835 | Acc (poison): 0.7757 | Val Acc: 0.5385 | Time: 00:00:11
Epoch 010 | Seed 2001 | Rate 0.01 | Train Loss: 1.3463 | Val Loss: 1.0000 | Acc (clean): 0.7957 | Acc (poison): 0.7878 | Val Acc: 0.7148 | Time: 00:00:11
Epoch 011 | Seed 2001 | Rate 0.01 | Train Loss: 1.3288 | Val Loss: 0.9090 | Acc (clean): 0.8004 | Acc (poison): 0.7929 | Val Acc: 0.7467 | Time: 00:00:12
Epoch 012 | Seed 2001 | Rate 0.01 | Train Loss: 1.3004 | Val Loss: 1.1285 | Acc (clean): 0.8100 | Acc (poison): 0.8021 | Val Acc: 0.6911 | Time: 00:00:12
Epoch 013 | Seed 2001 | Rate 0.01 | Train Loss: 1.2814 | Val Loss: 0.9961 | Acc (clean): 0.8221 | Acc (poison): 0.8138 | Val Acc: 0.7248 | Time: 00:00:12
Epoch 014 | Seed 2001 | Rate 0.01 | Train Loss: 1.2742 | Val Loss: 1.0000 | Acc (clean): 0.8223 | Acc (poison): 0.8142 | Val Acc: 0.7259 | Time: 00:00:11
Epoch 015 | Seed 2001 | Rate 0.01 | Train Loss: 1.2589 | Val Loss: 0.9668 | Acc (clean): 0.8287 | Acc (poison): 0.8207 | Val Acc: 0.7396 | Time: 00:00:12
Epoch 016 | Seed 2001 | Rate 0.01 | Train Loss: 1.2543 | Val Loss: 0.7805 | Acc (clean): 0.8307 | Acc (poison): 0.8222 | Val Acc: 0.7933 | Time: 00:00:12
Epoch 017 | Seed 2001 | Rate 0.01 | Train Loss: 1.2488 | Val Loss: 1.0380 | Acc (clean): 0.8321 | Acc (poison): 0.8238 | Val Acc: 0.7219 | Time: 00:00:12
Epoch 018 | Seed 2001 | Rate 0.01 | Train Loss: 1.2342 | Val Loss: 1.2269 | Acc (clean): 0.8355 | Acc (poison): 0.8274 | Val Acc: 0.6656 | Time: 00:00:12
Epoch 019 | Seed 2001 | Rate 0.01 | Train Loss: 1.2350 | Val Loss: 1.3658 | Acc (clean): 0.8388 | Acc (poison): 0.8305 | Val Acc: 0.6337 | Time: 00:00:12
Epoch 020 | Seed 2001 | Rate 0.01 | Train Loss: 1.2313 | Val Loss: 0.8703 | Acc (clean): 0.8395 | Acc (poison): 0.8312 | Val Acc: 0.7707 | Time: 00:00:12
Epoch 021 | Seed 2001 | Rate 0.01 | Train Loss: 1.2181 | Val Loss: 0.9292 | Acc (clean): 0.8430 | Acc (poison): 0.8349 | Val Acc: 0.7419 | Time: 00:00:12
Epoch 022 | Seed 2001 | Rate 0.01 | Train Loss: 1.2194 | Val Loss: 1.2245 | Acc (clean): 0.8431 | Acc (poison): 0.8347 | Val Acc: 0.6596 | Time: 00:00:12
Epoch 023 | Seed 2001 | Rate 0.01 | Train Loss: 1.2250 | Val Loss: 1.0735 | Acc (clean): 0.8406 | Acc (poison): 0.8321 | Val Acc: 0.7070 | Time: 00:00:12
Epoch 024 | Seed 2001 | Rate 0.01 | Train Loss: 1.2260 | Val Loss: 1.6988 | Acc (clean): 0.8409 | Acc (poison): 0.8325 | Val Acc: 0.5426 | Time: 00:00:12
Epoch 025 | Seed 2001 | Rate 0.01 | Train Loss: 1.2080 | Val Loss: 1.1785 | Acc (clean): 0.8480 | Acc (poison): 0.8401 | Val Acc: 0.6719 | Time: 00:00:12
Epoch 026 | Seed 2001 | Rate 0.01 | Train Loss: 1.2110 | Val Loss: 1.1859 | Acc (clean): 0.8442 | Acc (poison): 0.8359 | Val Acc: 0.6793 | Time: 00:00:11
Epoch 027 | Seed 2001 | Rate 0.01 | Train Loss: 1.2088 | Val Loss: 1.4284 | Acc (clean): 0.8483 | Acc (poison): 0.8400 | Val Acc: 0.6130 | Time: 00:00:12
Epoch 028 | Seed 2001 | Rate 0.01 | Train Loss: 1.2088 | Val Loss: 0.9179 | Acc (clean): 0.8475 | Acc (poison): 0.8395 | Val Acc: 0.7474 | Time: 00:00:12
Epoch 029 | Seed 2001 | Rate 0.01 | Train Loss: 1.2013 | Val Loss: 1.3953 | Acc (clean): 0.8507 | Acc (poison): 0.8422 | Val Acc: 0.6304 | Time: 00:00:12
Epoch 030 | Seed 2001 | Rate 0.01 | Train Loss: 1.2035 | Val Loss: 1.0442 | Acc (clean): 0.8495 | Acc (poison): 0.8413 | Val Acc: 0.7081 | Time: 00:00:12
Epoch 031 | Seed 2001 | Rate 0.01 | Train Loss: 1.2092 | Val Loss: 0.9673 | Acc (clean): 0.8467 | Acc (poison): 0.8382 | Val Acc: 0.7463 | Time: 00:00:12
Epoch 032 | Seed 2001 | Rate 0.01 | Train Loss: 1.2027 | Val Loss: 1.2924 | Acc (clean): 0.8507 | Acc (poison): 0.8426 | Val Acc: 0.6533 | Time: 00:00:12
Epoch 033 | Seed 2001 | Rate 0.01 | Train Loss: 1.1999 | Val Loss: 1.1771 | Acc (clean): 0.8486 | Acc (poison): 0.8401 | Val Acc: 0.6867 | Time: 00:00:11
Epoch 034 | Seed 2001 | Rate 0.01 | Train Loss: 1.1942 | Val Loss: 1.0587 | Acc (clean): 0.8528 | Acc (poison): 0.8446 | Val Acc: 0.7048 | Time: 00:00:11
Epoch 035 | Seed 2001 | Rate 0.01 | Train Loss: 1.1910 | Val Loss: 1.3864 | Acc (clean): 0.8517 | Acc (poison): 0.8435 | Val Acc: 0.6196 | Time: 00:00:12
Epoch 036 | Seed 2001 | Rate 0.01 | Train Loss: 1.1941 | Val Loss: 0.9608 | Acc (clean): 0.8523 | Acc (poison): 0.8442 | Val Acc: 0.7396 | Time: 00:00:11
Epoch 037 | Seed 2001 | Rate 0.01 | Train Loss: 1.1904 | Val Loss: 1.0291 | Acc (clean): 0.8540 | Acc (poison): 0.8456 | Val Acc: 0.7230 | Time: 00:00:11
Epoch 038 | Seed 2001 | Rate 0.01 | Train Loss: 1.1908 | Val Loss: 1.0033 | Acc (clean): 0.8528 | Acc (poison): 0.8445 | Val Acc: 0.7281 | Time: 00:00:12
Epoch 039 | Seed 2001 | Rate 0.01 | Train Loss: 1.1926 | Val Loss: 1.6961 | Acc (clean): 0.8514 | Acc (poison): 0.8430 | Val Acc: 0.5315 | Time: 00:00:11
Epoch 040 | Seed 2001 | Rate 0.01 | Train Loss: 1.1930 | Val Loss: 1.5480 | Acc (clean): 0.8535 | Acc (poison): 0.8449 | Val Acc: 0.5815 | Time: 00:00:12
Epoch 041 | Seed 2001 | Rate 0.01 | Train Loss: 1.1786 | Val Loss: 1.2715 | Acc (clean): 0.8576 | Acc (poison): 0.8493 | Val Acc: 0.6596 | Time: 00:00:12
Epoch 042 | Seed 2001 | Rate 0.01 | Train Loss: 1.1904 | Val Loss: 1.1921 | Acc (clean): 0.8519 | Acc (poison): 0.8439 | Val Acc: 0.6722 | Time: 00:00:12
Epoch 043 | Seed 2001 | Rate 0.01 | Train Loss: 1.1868 | Val Loss: 0.9682 | Acc (clean): 0.8569 | Acc (poison): 0.8486 | Val Acc: 0.7444 | Time: 00:00:12
Epoch 044 | Seed 2001 | Rate 0.01 | Train Loss: 1.1830 | Val Loss: 1.1369 | Acc (clean): 0.8562 | Acc (poison): 0.8483 | Val Acc: 0.6793 | Time: 00:00:12
Epoch 045 | Seed 2001 | Rate 0.01 | Train Loss: 1.1839 | Val Loss: 0.9518 | Acc (clean): 0.8569 | Acc (poison): 0.8484 | Val Acc: 0.7474 | Time: 00:00:12
Epoch 046 | Seed 2001 | Rate 0.01 | Train Loss: 1.1817 | Val Loss: 1.0177 | Acc (clean): 0.8572 | Acc (poison): 0.8489 | Val Acc: 0.7222 | Time: 00:00:12
Epoch 047 | Seed 2001 | Rate 0.01 | Train Loss: 1.1754 | Val Loss: 0.9677 | Acc (clean): 0.8617 | Acc (poison): 0.8534 | Val Acc: 0.7293 | Time: 00:00:11
Epoch 048 | Seed 2001 | Rate 0.01 | Train Loss: 1.1843 | Val Loss: 0.9791 | Acc (clean): 0.8565 | Acc (poison): 0.8481 | Val Acc: 0.7367 | Time: 00:00:11
Epoch 049 | Seed 2001 | Rate 0.01 | Train Loss: 1.1826 | Val Loss: 1.1098 | Acc (clean): 0.8562 | Acc (poison): 0.8478 | Val Acc: 0.6944 | Time: 00:00:12
Epoch 050 | Seed 2001 | Rate 0.01 | Train Loss: 1.1818 | Val Loss: 1.2027 | Acc (clean): 0.8544 | Acc (poison): 0.8459 | Val Acc: 0.6600 | Time: 00:00:12
Epoch 051 | Seed 2001 | Rate 0.01 | Train Loss: 1.0185 | Val Loss: 0.4193 | Acc (clean): 0.9193 | Acc (poison): 0.9105 | Val Acc: 0.9022 | Time: 00:00:12
Epoch 052 | Seed 2001 | Rate 0.01 | Train Loss: 0.9589 | Val Loss: 0.3827 | Acc (clean): 0.9422 | Acc (poison): 0.9333 | Val Acc: 0.9122 | Time: 00:00:12
Epoch 053 | Seed 2001 | Rate 0.01 | Train Loss: 0.9417 | Val Loss: 0.3799 | Acc (clean): 0.9462 | Acc (poison): 0.9373 | Val Acc: 0.9156 | Time: 00:00:12
Epoch 054 | Seed 2001 | Rate 0.01 | Train Loss: 0.9272 | Val Loss: 0.3757 | Acc (clean): 0.9513 | Acc (poison): 0.9424 | Val Acc: 0.9119 | Time: 00:00:12
Epoch 055 | Seed 2001 | Rate 0.01 | Train Loss: 0.9170 | Val Loss: 0.3826 | Acc (clean): 0.9547 | Acc (poison): 0.9456 | Val Acc: 0.9111 | Time: 00:00:12
Epoch 056 | Seed 2001 | Rate 0.01 | Train Loss: 0.9086 | Val Loss: 0.3615 | Acc (clean): 0.9556 | Acc (poison): 0.9467 | Val Acc: 0.9219 | Time: 00:00:12
Epoch 057 | Seed 2001 | Rate 0.01 | Train Loss: 0.8991 | Val Loss: 0.3747 | Acc (clean): 0.9600 | Acc (poison): 0.9511 | Val Acc: 0.9196 | Time: 00:00:11
Epoch 058 | Seed 2001 | Rate 0.01 | Train Loss: 0.8929 | Val Loss: 0.3676 | Acc (clean): 0.9623 | Acc (poison): 0.9533 | Val Acc: 0.9211 | Time: 00:00:11
Epoch 059 | Seed 2001 | Rate 0.01 | Train Loss: 0.8871 | Val Loss: 0.3542 | Acc (clean): 0.9649 | Acc (poison): 0.9556 | Val Acc: 0.9207 | Time: 00:00:12
Epoch 060 | Seed 2001 | Rate 0.01 | Train Loss: 0.8806 | Val Loss: 0.3661 | Acc (clean): 0.9654 | Acc (poison): 0.9565 | Val Acc: 0.9193 | Time: 00:00:12
Epoch 061 | Seed 2001 | Rate 0.01 | Train Loss: 0.8756 | Val Loss: 0.3612 | Acc (clean): 0.9680 | Acc (poison): 0.9594 | Val Acc: 0.9193 | Time: 00:00:12
Epoch 062 | Seed 2001 | Rate 0.01 | Train Loss: 0.8703 | Val Loss: 0.3681 | Acc (clean): 0.9705 | Acc (poison): 0.9619 | Val Acc: 0.9193 | Time: 00:00:12
Epoch 063 | Seed 2001 | Rate 0.01 | Train Loss: 0.8669 | Val Loss: 0.3634 | Acc (clean): 0.9716 | Acc (poison): 0.9627 | Val Acc: 0.9204 | Time: 00:00:12
Epoch 064 | Seed 2001 | Rate 0.01 | Train Loss: 0.8626 | Val Loss: 0.3635 | Acc (clean): 0.9724 | Acc (poison): 0.9638 | Val Acc: 0.9226 | Time: 00:00:12
Epoch 065 | Seed 2001 | Rate 0.01 | Train Loss: 0.8589 | Val Loss: 0.3549 | Acc (clean): 0.9743 | Acc (poison): 0.9656 | Val Acc: 0.9244 | Time: 00:00:12
Epoch 066 | Seed 2001 | Rate 0.01 | Train Loss: 0.8573 | Val Loss: 0.3708 | Acc (clean): 0.9729 | Acc (poison): 0.9641 | Val Acc: 0.9185 | Time: 00:00:11
Epoch 067 | Seed 2001 | Rate 0.01 | Train Loss: 0.8539 | Val Loss: 0.3590 | Acc (clean): 0.9749 | Acc (poison): 0.9660 | Val Acc: 0.9289 | Time: 00:00:12
Epoch 068 | Seed 2001 | Rate 0.01 | Train Loss: 0.8469 | Val Loss: 0.3693 | Acc (clean): 0.9771 | Acc (poison): 0.9686 | Val Acc: 0.9215 | Time: 00:00:12
Epoch 069 | Seed 2001 | Rate 0.01 | Train Loss: 0.8470 | Val Loss: 0.4013 | Acc (clean): 0.9765 | Acc (poison): 0.9681 | Val Acc: 0.9119 | Time: 00:00:11
Epoch 070 | Seed 2001 | Rate 0.01 | Train Loss: 0.8420 | Val Loss: 0.3733 | Acc (clean): 0.9774 | Acc (poison): 0.9690 | Val Acc: 0.9211 | Time: 00:00:12
Epoch 071 | Seed 2001 | Rate 0.01 | Train Loss: 0.8425 | Val Loss: 0.3740 | Acc (clean): 0.9768 | Acc (poison): 0.9687 | Val Acc: 0.9215 | Time: 00:00:11
Epoch 072 | Seed 2001 | Rate 0.01 | Train Loss: 0.8410 | Val Loss: 0.3664 | Acc (clean): 0.9776 | Acc (poison): 0.9693 | Val Acc: 0.9196 | Time: 00:00:12
Epoch 073 | Seed 2001 | Rate 0.01 | Train Loss: 0.8384 | Val Loss: 0.3669 | Acc (clean): 0.9785 | Acc (poison): 0.9706 | Val Acc: 0.9219 | Time: 00:00:12
Epoch 074 | Seed 2001 | Rate 0.01 | Train Loss: 0.8341 | Val Loss: 0.3806 | Acc (clean): 0.9789 | Acc (poison): 0.9713 | Val Acc: 0.9170 | Time: 00:00:11
Epoch 075 | Seed 2001 | Rate 0.01 | Train Loss: 0.8338 | Val Loss: 0.3681 | Acc (clean): 0.9798 | Acc (poison): 0.9719 | Val Acc: 0.9230 | Time: 00:00:12
Epoch 076 | Seed 2001 | Rate 0.01 | Train Loss: 0.8146 | Val Loss: 0.3407 | Acc (clean): 0.9850 | Acc (poison): 0.9776 | Val Acc: 0.9300 | Time: 00:00:12
Epoch 077 | Seed 2001 | Rate 0.01 | Train Loss: 0.8076 | Val Loss: 0.3445 | Acc (clean): 0.9870 | Acc (poison): 0.9797 | Val Acc: 0.9267 | Time: 00:00:11
Epoch 078 | Seed 2001 | Rate 0.01 | Train Loss: 0.8042 | Val Loss: 0.3431 | Acc (clean): 0.9887 | Acc (poison): 0.9811 | Val Acc: 0.9311 | Time: 00:00:12
Epoch 079 | Seed 2001 | Rate 0.01 | Train Loss: 0.8022 | Val Loss: 0.3388 | Acc (clean): 0.9898 | Acc (poison): 0.9825 | Val Acc: 0.9307 | Time: 00:00:12
Epoch 080 | Seed 2001 | Rate 0.01 | Train Loss: 0.8023 | Val Loss: 0.3426 | Acc (clean): 0.9886 | Acc (poison): 0.9812 | Val Acc: 0.9296 | Time: 00:00:12
Epoch 081 | Seed 2001 | Rate 0.01 | Train Loss: 0.7990 | Val Loss: 0.3477 | Acc (clean): 0.9899 | Acc (poison): 0.9828 | Val Acc: 0.9289 | Time: 00:00:12
Epoch 082 | Seed 2001 | Rate 0.01 | Train Loss: 0.8000 | Val Loss: 0.3446 | Acc (clean): 0.9896 | Acc (poison): 0.9826 | Val Acc: 0.9296 | Time: 00:00:12
Epoch 083 | Seed 2001 | Rate 0.01 | Train Loss: 0.7978 | Val Loss: 0.3495 | Acc (clean): 0.9901 | Acc (poison): 0.9832 | Val Acc: 0.9296 | Time: 00:00:12
Epoch 084 | Seed 2001 | Rate 0.01 | Train Loss: 0.7983 | Val Loss: 0.3468 | Acc (clean): 0.9898 | Acc (poison): 0.9828 | Val Acc: 0.9289 | Time: 00:00:11
Epoch 085 | Seed 2001 | Rate 0.01 | Train Loss: 0.7964 | Val Loss: 0.3441 | Acc (clean): 0.9904 | Acc (poison): 0.9831 | Val Acc: 0.9296 | Time: 00:00:12
Epoch 086 | Seed 2001 | Rate 0.01 | Train Loss: 0.7956 | Val Loss: 0.3472 | Acc (clean): 0.9904 | Acc (poison): 0.9836 | Val Acc: 0.9311 | Time: 00:00:12
Epoch 087 | Seed 2001 | Rate 0.01 | Train Loss: 0.7973 | Val Loss: 0.3429 | Acc (clean): 0.9895 | Acc (poison): 0.9831 | Val Acc: 0.9304 | Time: 00:00:11
Epoch 088 | Seed 2001 | Rate 0.01 | Train Loss: 0.7964 | Val Loss: 0.3412 | Acc (clean): 0.9902 | Acc (poison): 0.9828 | Val Acc: 0.9356 | Time: 00:00:12
Epoch 089 | Seed 2001 | Rate 0.01 | Train Loss: 0.7954 | Val Loss: 0.3376 | Acc (clean): 0.9905 | Acc (poison): 0.9837 | Val Acc: 0.9333 | Time: 00:00:12
Epoch 090 | Seed 2001 | Rate 0.01 | Train Loss: 0.7950 | Val Loss: 0.3469 | Acc (clean): 0.9913 | Acc (poison): 0.9838 | Val Acc: 0.9311 | Time: 00:00:12
Epoch 091 | Seed 2001 | Rate 0.01 | Train Loss: 0.7949 | Val Loss: 0.3411 | Acc (clean): 0.9907 | Acc (poison): 0.9838 | Val Acc: 0.9311 | Time: 00:00:12
Epoch 092 | Seed 2001 | Rate 0.01 | Train Loss: 0.7924 | Val Loss: 0.3532 | Acc (clean): 0.9911 | Acc (poison): 0.9842 | Val Acc: 0.9289 | Time: 00:00:12
Epoch 093 | Seed 2001 | Rate 0.01 | Train Loss: 0.7935 | Val Loss: 0.3416 | Acc (clean): 0.9916 | Acc (poison): 0.9846 | Val Acc: 0.9300 | Time: 00:00:12
Epoch 094 | Seed 2001 | Rate 0.01 | Train Loss: 0.7925 | Val Loss: 0.3514 | Acc (clean): 0.9920 | Acc (poison): 0.9852 | Val Acc: 0.9289 | Time: 00:00:12
Epoch 095 | Seed 2001 | Rate 0.01 | Train Loss: 0.7922 | Val Loss: 0.3450 | Acc (clean): 0.9905 | Acc (poison): 0.9840 | Val Acc: 0.9319 | Time: 00:00:12
Epoch 096 | Seed 2001 | Rate 0.01 | Train Loss: 0.7924 | Val Loss: 0.3512 | Acc (clean): 0.9912 | Acc (poison): 0.9840 | Val Acc: 0.9285 | Time: 00:00:12
Epoch 097 | Seed 2001 | Rate 0.01 | Train Loss: 0.7914 | Val Loss: 0.3393 | Acc (clean): 0.9909 | Acc (poison): 0.9843 | Val Acc: 0.9296 | Time: 00:00:12
Epoch 098 | Seed 2001 | Rate 0.01 | Train Loss: 0.7904 | Val Loss: 0.3444 | Acc (clean): 0.9912 | Acc (poison): 0.9845 | Val Acc: 0.9307 | Time: 00:00:12
Epoch 099 | Seed 2001 | Rate 0.01 | Train Loss: 0.7904 | Val Loss: 0.3462 | Acc (clean): 0.9922 | Acc (poison): 0.9854 | Val Acc: 0.9285 | Time: 00:00:12
Epoch 100 | Seed 2001 | Rate 0.01 | Train Loss: 0.7902 | Val Loss: 0.3423 | Acc (clean): 0.9915 | Acc (poison): 0.9853 | Val Acc: 0.9337 | Time: 00:00:12

=== defense=label_smoothing attack=RQ1 seed=2001 rate=0.02 ===
Loading train data from /home/yazanme/BachelorThesis/BachelorThesis/data/processed/resisc45/train.h5 with mapping /home/yazanme/BachelorThesis/BachelorThesis/data/processed/resisc45/poisoned/RQ1/seed_2001/labels_0.02.pt... (in_memory=True, workers=4)
Testing torch.compile support...
Successfully compiled model using torch.compile.
Epoch 001 | Seed 2001 | Rate 0.02 | Train Loss: 3.0144 | Val Loss: 2.5644 | Acc (clean): 0.2491 | Acc (poison): 0.2439 | Val Acc: 0.2870 | Time: 00:00:14
Epoch 002 | Seed 2001 | Rate 0.02 | Train Loss: 2.3243 | Val Loss: 2.3076 | Acc (clean): 0.4533 | Acc (poison): 0.4445 | Val Acc: 0.3630 | Time: 00:00:13
Epoch 003 | Seed 2001 | Rate 0.02 | Train Loss: 2.0593 | Val Loss: 1.5231 | Acc (clean): 0.5477 | Acc (poison): 0.5365 | Val Acc: 0.5678 | Time: 00:00:13
Epoch 004 | Seed 2001 | Rate 0.02 | Train Loss: 1.8695 | Val Loss: 1.5221 | Acc (clean): 0.6157 | Acc (poison): 0.6035 | Val Acc: 0.5648 | Time: 00:00:13
Epoch 005 | Seed 2001 | Rate 0.02 | Train Loss: 1.7476 | Val Loss: 1.6364 | Acc (clean): 0.6650 | Acc (poison): 0.6521 | Val Acc: 0.5374 | Time: 00:00:13
Epoch 006 | Seed 2001 | Rate 0.02 | Train Loss: 1.6378 | Val Loss: 1.7717 | Acc (clean): 0.7073 | Acc (poison): 0.6937 | Val Acc: 0.5074 | Time: 00:00:12
Epoch 007 | Seed 2001 | Rate 0.02 | Train Loss: 1.5412 | Val Loss: 1.8276 | Acc (clean): 0.7398 | Acc (poison): 0.7249 | Val Acc: 0.5122 | Time: 00:00:13
Epoch 008 | Seed 2001 | Rate 0.02 | Train Loss: 1.4786 | Val Loss: 1.1608 | Acc (clean): 0.7607 | Acc (poison): 0.7465 | Val Acc: 0.6830 | Time: 00:00:13
Epoch 009 | Seed 2001 | Rate 0.02 | Train Loss: 1.4389 | Val Loss: 1.5910 | Acc (clean): 0.7779 | Acc (poison): 0.7626 | Val Acc: 0.5607 | Time: 00:00:13
Epoch 010 | Seed 2001 | Rate 0.02 | Train Loss: 1.4034 | Val Loss: 1.1172 | Acc (clean): 0.7907 | Acc (poison): 0.7744 | Val Acc: 0.6981 | Time: 00:00:13
Epoch 011 | Seed 2001 | Rate 0.02 | Train Loss: 1.3776 | Val Loss: 1.0004 | Acc (clean): 0.7991 | Acc (poison): 0.7835 | Val Acc: 0.7270 | Time: 00:00:13
Epoch 012 | Seed 2001 | Rate 0.02 | Train Loss: 1.3602 | Val Loss: 0.9641 | Acc (clean): 0.8084 | Acc (poison): 0.7921 | Val Acc: 0.7448 | Time: 00:00:13
Epoch 013 | Seed 2001 | Rate 0.02 | Train Loss: 1.3432 | Val Loss: 1.2049 | Acc (clean): 0.8130 | Acc (poison): 0.7973 | Val Acc: 0.6685 | Time: 00:00:13
Epoch 014 | Seed 2001 | Rate 0.02 | Train Loss: 1.3297 | Val Loss: 1.1742 | Acc (clean): 0.8172 | Acc (poison): 0.8015 | Val Acc: 0.6678 | Time: 00:00:13
Epoch 015 | Seed 2001 | Rate 0.02 | Train Loss: 1.3229 | Val Loss: 0.9809 | Acc (clean): 0.8219 | Acc (poison): 0.8063 | Val Acc: 0.7367 | Time: 00:00:13
Epoch 016 | Seed 2001 | Rate 0.02 | Train Loss: 1.3096 | Val Loss: 0.9616 | Acc (clean): 0.8249 | Acc (poison): 0.8095 | Val Acc: 0.7407 | Time: 00:00:13
Epoch 017 | Seed 2001 | Rate 0.02 | Train Loss: 1.3023 | Val Loss: 0.9417 | Acc (clean): 0.8305 | Acc (poison): 0.8145 | Val Acc: 0.7519 | Time: 00:00:13
Epoch 018 | Seed 2001 | Rate 0.02 | Train Loss: 1.2897 | Val Loss: 1.0319 | Acc (clean): 0.8328 | Acc (poison): 0.8168 | Val Acc: 0.7226 | Time: 00:00:13
Epoch 019 | Seed 2001 | Rate 0.02 | Train Loss: 1.2886 | Val Loss: 0.9339 | Acc (clean): 0.8307 | Acc (poison): 0.8147 | Val Acc: 0.7489 | Time: 00:00:13
Epoch 020 | Seed 2001 | Rate 0.02 | Train Loss: 1.2837 | Val Loss: 1.0688 | Acc (clean): 0.8344 | Acc (poison): 0.8187 | Val Acc: 0.7133 | Time: 00:00:13
Epoch 021 | Seed 2001 | Rate 0.02 | Train Loss: 1.2760 | Val Loss: 0.9341 | Acc (clean): 0.8398 | Acc (poison): 0.8237 | Val Acc: 0.7519 | Time: 00:00:13
Epoch 022 | Seed 2001 | Rate 0.02 | Train Loss: 1.2757 | Val Loss: 1.0248 | Acc (clean): 0.8368 | Acc (poison): 0.8206 | Val Acc: 0.7219 | Time: 00:00:13
Epoch 023 | Seed 2001 | Rate 0.02 | Train Loss: 1.2844 | Val Loss: 1.0948 | Acc (clean): 0.8350 | Acc (poison): 0.8187 | Val Acc: 0.7037 | Time: 00:00:13
Epoch 024 | Seed 2001 | Rate 0.02 | Train Loss: 1.2715 | Val Loss: 0.7916 | Acc (clean): 0.8382 | Acc (poison): 0.8226 | Val Acc: 0.7922 | Time: 00:00:13
Epoch 025 | Seed 2001 | Rate 0.02 | Train Loss: 1.2603 | Val Loss: 0.9569 | Acc (clean): 0.8434 | Acc (poison): 0.8272 | Val Acc: 0.7411 | Time: 00:00:13
Epoch 026 | Seed 2001 | Rate 0.02 | Train Loss: 1.2581 | Val Loss: 1.1283 | Acc (clean): 0.8422 | Acc (poison): 0.8262 | Val Acc: 0.6893 | Time: 00:00:13
Epoch 027 | Seed 2001 | Rate 0.02 | Train Loss: 1.2609 | Val Loss: 1.0139 | Acc (clean): 0.8458 | Acc (poison): 0.8301 | Val Acc: 0.7326 | Time: 00:00:13
Epoch 028 | Seed 2001 | Rate 0.02 | Train Loss: 1.2622 | Val Loss: 1.1440 | Acc (clean): 0.8456 | Acc (poison): 0.8291 | Val Acc: 0.6833 | Time: 00:00:13
Epoch 029 | Seed 2001 | Rate 0.02 | Train Loss: 1.2523 | Val Loss: 1.0882 | Acc (clean): 0.8475 | Acc (poison): 0.8312 | Val Acc: 0.7044 | Time: 00:00:13
Epoch 030 | Seed 2001 | Rate 0.02 | Train Loss: 1.2474 | Val Loss: 0.9990 | Acc (clean): 0.8474 | Acc (poison): 0.8308 | Val Acc: 0.7222 | Time: 00:00:13
Epoch 031 | Seed 2001 | Rate 0.02 | Train Loss: 1.2551 | Val Loss: 1.0520 | Acc (clean): 0.8430 | Acc (poison): 0.8267 | Val Acc: 0.7274 | Time: 00:00:13
Epoch 032 | Seed 2001 | Rate 0.02 | Train Loss: 1.2477 | Val Loss: 0.9642 | Acc (clean): 0.8499 | Acc (poison): 0.8333 | Val Acc: 0.7481 | Time: 00:00:13
Epoch 033 | Seed 2001 | Rate 0.02 | Train Loss: 1.2503 | Val Loss: 1.0516 | Acc (clean): 0.8500 | Acc (poison): 0.8340 | Val Acc: 0.7252 | Time: 00:00:13
Epoch 034 | Seed 2001 | Rate 0.02 | Train Loss: 1.2305 | Val Loss: 0.8033 | Acc (clean): 0.8553 | Acc (poison): 0.8392 | Val Acc: 0.7893 | Time: 00:00:13
Epoch 035 | Seed 2001 | Rate 0.02 | Train Loss: 1.2561 | Val Loss: 0.9821 | Acc (clean): 0.8474 | Acc (poison): 0.8313 | Val Acc: 0.7344 | Time: 00:00:14
Epoch 036 | Seed 2001 | Rate 0.02 | Train Loss: 1.2425 | Val Loss: 0.9480 | Acc (clean): 0.8493 | Acc (poison): 0.8334 | Val Acc: 0.7530 | Time: 00:00:14
Epoch 037 | Seed 2001 | Rate 0.02 | Train Loss: 1.2465 | Val Loss: 1.0467 | Acc (clean): 0.8495 | Acc (poison): 0.8339 | Val Acc: 0.7152 | Time: 00:00:13
Epoch 038 | Seed 2001 | Rate 0.02 | Train Loss: 1.2443 | Val Loss: 0.9930 | Acc (clean): 0.8521 | Acc (poison): 0.8359 | Val Acc: 0.7444 | Time: 00:00:13
Epoch 039 | Seed 2001 | Rate 0.02 | Train Loss: 1.2439 | Val Loss: 0.9697 | Acc (clean): 0.8518 | Acc (poison): 0.8355 | Val Acc: 0.7311 | Time: 00:00:13
Epoch 040 | Seed 2001 | Rate 0.02 | Train Loss: 1.2381 | Val Loss: 1.8960 | Acc (clean): 0.8547 | Acc (poison): 0.8377 | Val Acc: 0.4859 | Time: 00:00:13
Epoch 041 | Seed 2001 | Rate 0.02 | Train Loss: 1.2281 | Val Loss: 0.9070 | Acc (clean): 0.8578 | Acc (poison): 0.8411 | Val Acc: 0.7604 | Time: 00:00:13
Epoch 042 | Seed 2001 | Rate 0.02 | Train Loss: 1.2393 | Val Loss: 0.9759 | Acc (clean): 0.8529 | Acc (poison): 0.8365 | Val Acc: 0.7474 | Time: 00:00:13
Epoch 043 | Seed 2001 | Rate 0.02 | Train Loss: 1.2366 | Val Loss: 0.9838 | Acc (clean): 0.8546 | Acc (poison): 0.8386 | Val Acc: 0.7259 | Time: 00:00:13
Epoch 044 | Seed 2001 | Rate 0.02 | Train Loss: 1.2361 | Val Loss: 0.8511 | Acc (clean): 0.8545 | Acc (poison): 0.8384 | Val Acc: 0.7722 | Time: 00:00:14
Epoch 045 | Seed 2001 | Rate 0.02 | Train Loss: 1.2308 | Val Loss: 0.9344 | Acc (clean): 0.8541 | Acc (poison): 0.8381 | Val Acc: 0.7478 | Time: 00:00:13
Epoch 046 | Seed 2001 | Rate 0.02 | Train Loss: 1.2319 | Val Loss: 0.7874 | Acc (clean): 0.8554 | Acc (poison): 0.8392 | Val Acc: 0.7885 | Time: 00:00:13
Epoch 047 | Seed 2001 | Rate 0.02 | Train Loss: 1.2306 | Val Loss: 0.9455 | Acc (clean): 0.8556 | Acc (poison): 0.8392 | Val Acc: 0.7426 | Time: 00:00:13
Epoch 048 | Seed 2001 | Rate 0.02 | Train Loss: 1.2301 | Val Loss: 0.9048 | Acc (clean): 0.8568 | Acc (poison): 0.8407 | Val Acc: 0.7556 | Time: 00:00:13
Epoch 049 | Seed 2001 | Rate 0.02 | Train Loss: 1.2386 | Val Loss: 1.0368 | Acc (clean): 0.8525 | Acc (poison): 0.8363 | Val Acc: 0.7333 | Time: 00:00:13
Epoch 050 | Seed 2001 | Rate 0.02 | Train Loss: 1.2311 | Val Loss: 0.9799 | Acc (clean): 0.8538 | Acc (poison): 0.8375 | Val Acc: 0.7393 | Time: 00:00:13
Epoch 051 | Seed 2001 | Rate 0.02 | Train Loss: 1.0697 | Val Loss: 0.4244 | Acc (clean): 0.9157 | Acc (poison): 0.8984 | Val Acc: 0.9059 | Time: 00:00:13
Epoch 052 | Seed 2001 | Rate 0.02 | Train Loss: 1.0050 | Val Loss: 0.3891 | Acc (clean): 0.9400 | Acc (poison): 0.9227 | Val Acc: 0.9133 | Time: 00:00:13
Epoch 053 | Seed 2001 | Rate 0.02 | Train Loss: 0.9883 | Val Loss: 0.3830 | Acc (clean): 0.9447 | Acc (poison): 0.9270 | Val Acc: 0.9159 | Time: 00:00:13
Epoch 054 | Seed 2001 | Rate 0.02 | Train Loss: 0.9704 | Val Loss: 0.3769 | Acc (clean): 0.9510 | Acc (poison): 0.9337 | Val Acc: 0.9181 | Time: 00:00:13
Epoch 055 | Seed 2001 | Rate 0.02 | Train Loss: 0.9613 | Val Loss: 0.3865 | Acc (clean): 0.9551 | Acc (poison): 0.9377 | Val Acc: 0.9204 | Time: 00:00:14
Epoch 056 | Seed 2001 | Rate 0.02 | Train Loss: 0.9527 | Val Loss: 0.3735 | Acc (clean): 0.9567 | Acc (poison): 0.9391 | Val Acc: 0.9207 | Time: 00:00:13
Epoch 057 | Seed 2001 | Rate 0.02 | Train Loss: 0.9436 | Val Loss: 0.3900 | Acc (clean): 0.9590 | Acc (poison): 0.9418 | Val Acc: 0.9181 | Time: 00:00:13
Epoch 058 | Seed 2001 | Rate 0.02 | Train Loss: 0.9389 | Val Loss: 0.3785 | Acc (clean): 0.9607 | Acc (poison): 0.9433 | Val Acc: 0.9170 | Time: 00:00:13
Epoch 059 | Seed 2001 | Rate 0.02 | Train Loss: 0.9312 | Val Loss: 0.3625 | Acc (clean): 0.9618 | Acc (poison): 0.9445 | Val Acc: 0.9193 | Time: 00:00:14
Epoch 060 | Seed 2001 | Rate 0.02 | Train Loss: 0.9251 | Val Loss: 0.3634 | Acc (clean): 0.9664 | Acc (poison): 0.9486 | Val Acc: 0.9207 | Time: 00:00:13
Epoch 061 | Seed 2001 | Rate 0.02 | Train Loss: 0.9184 | Val Loss: 0.3642 | Acc (clean): 0.9656 | Acc (poison): 0.9491 | Val Acc: 0.9230 | Time: 00:00:13
Epoch 062 | Seed 2001 | Rate 0.02 | Train Loss: 0.9136 | Val Loss: 0.3575 | Acc (clean): 0.9688 | Acc (poison): 0.9517 | Val Acc: 0.9207 | Time: 00:00:13
Epoch 063 | Seed 2001 | Rate 0.02 | Train Loss: 0.9097 | Val Loss: 0.3794 | Acc (clean): 0.9679 | Acc (poison): 0.9509 | Val Acc: 0.9137 | Time: 00:00:13
Epoch 064 | Seed 2001 | Rate 0.02 | Train Loss: 0.9067 | Val Loss: 0.3781 | Acc (clean): 0.9687 | Acc (poison): 0.9519 | Val Acc: 0.9200 | Time: 00:00:13
Epoch 065 | Seed 2001 | Rate 0.02 | Train Loss: 0.9003 | Val Loss: 0.3688 | Acc (clean): 0.9719 | Acc (poison): 0.9551 | Val Acc: 0.9226 | Time: 00:00:13
Epoch 066 | Seed 2001 | Rate 0.02 | Train Loss: 0.8982 | Val Loss: 0.3649 | Acc (clean): 0.9721 | Acc (poison): 0.9554 | Val Acc: 0.9244 | Time: 00:00:13
Epoch 067 | Seed 2001 | Rate 0.02 | Train Loss: 0.8936 | Val Loss: 0.3743 | Acc (clean): 0.9720 | Acc (poison): 0.9553 | Val Acc: 0.9174 | Time: 00:00:13
Epoch 068 | Seed 2001 | Rate 0.02 | Train Loss: 0.8875 | Val Loss: 0.3928 | Acc (clean): 0.9746 | Acc (poison): 0.9582 | Val Acc: 0.9122 | Time: 00:00:13
Epoch 069 | Seed 2001 | Rate 0.02 | Train Loss: 0.8865 | Val Loss: 0.3828 | Acc (clean): 0.9759 | Acc (poison): 0.9596 | Val Acc: 0.9156 | Time: 00:00:14
Epoch 070 | Seed 2001 | Rate 0.02 | Train Loss: 0.8808 | Val Loss: 0.3742 | Acc (clean): 0.9760 | Acc (poison): 0.9600 | Val Acc: 0.9170 | Time: 00:00:14
Epoch 071 | Seed 2001 | Rate 0.02 | Train Loss: 0.8815 | Val Loss: 0.3757 | Acc (clean): 0.9763 | Acc (poison): 0.9607 | Val Acc: 0.9174 | Time: 00:00:13
Epoch 072 | Seed 2001 | Rate 0.02 | Train Loss: 0.8788 | Val Loss: 0.3648 | Acc (clean): 0.9749 | Acc (poison): 0.9594 | Val Acc: 0.9226 | Time: 00:00:13
Epoch 073 | Seed 2001 | Rate 0.02 | Train Loss: 0.8773 | Val Loss: 0.3856 | Acc (clean): 0.9765 | Acc (poison): 0.9609 | Val Acc: 0.9167 | Time: 00:00:14
Epoch 074 | Seed 2001 | Rate 0.02 | Train Loss: 0.8734 | Val Loss: 0.3907 | Acc (clean): 0.9770 | Acc (poison): 0.9613 | Val Acc: 0.9141 | Time: 00:00:14
Epoch 075 | Seed 2001 | Rate 0.02 | Train Loss: 0.8712 | Val Loss: 0.3874 | Acc (clean): 0.9762 | Acc (poison): 0.9610 | Val Acc: 0.9093 | Time: 00:00:14
Epoch 076 | Seed 2001 | Rate 0.02 | Train Loss: 0.8489 | Val Loss: 0.3505 | Acc (clean): 0.9833 | Acc (poison): 0.9688 | Val Acc: 0.9244 | Time: 00:00:14
Epoch 077 | Seed 2001 | Rate 0.02 | Train Loss: 0.8391 | Val Loss: 0.3560 | Acc (clean): 0.9865 | Acc (poison): 0.9728 | Val Acc: 0.9259 | Time: 00:00:14
Epoch 078 | Seed 2001 | Rate 0.02 | Train Loss: 0.8370 | Val Loss: 0.3519 | Acc (clean): 0.9874 | Acc (poison): 0.9735 | Val Acc: 0.9281 | Time: 00:00:13
Epoch 079 | Seed 2001 | Rate 0.02 | Train Loss: 0.8352 | Val Loss: 0.3493 | Acc (clean): 0.9866 | Acc (poison): 0.9736 | Val Acc: 0.9263 | Time: 00:00:13
Epoch 080 | Seed 2001 | Rate 0.02 | Train Loss: 0.8325 | Val Loss: 0.3532 | Acc (clean): 0.9871 | Acc (poison): 0.9737 | Val Acc: 0.9263 | Time: 00:00:13
Epoch 081 | Seed 2001 | Rate 0.02 | Train Loss: 0.8316 | Val Loss: 0.3571 | Acc (clean): 0.9872 | Acc (poison): 0.9738 | Val Acc: 0.9237 | Time: 00:00:13
Epoch 082 | Seed 2001 | Rate 0.02 | Train Loss: 0.8301 | Val Loss: 0.3579 | Acc (clean): 0.9871 | Acc (poison): 0.9742 | Val Acc: 0.9267 | Time: 00:00:14
Epoch 083 | Seed 2001 | Rate 0.02 | Train Loss: 0.8281 | Val Loss: 0.3635 | Acc (clean): 0.9874 | Acc (poison): 0.9743 | Val Acc: 0.9200 | Time: 00:00:14
Epoch 084 | Seed 2001 | Rate 0.02 | Train Loss: 0.8290 | Val Loss: 0.3592 | Acc (clean): 0.9876 | Acc (poison): 0.9739 | Val Acc: 0.9256 | Time: 00:00:13
Epoch 085 | Seed 2001 | Rate 0.02 | Train Loss: 0.8285 | Val Loss: 0.3531 | Acc (clean): 0.9881 | Acc (poison): 0.9744 | Val Acc: 0.9270 | Time: 00:00:13
Epoch 086 | Seed 2001 | Rate 0.02 | Train Loss: 0.8270 | Val Loss: 0.3604 | Acc (clean): 0.9879 | Acc (poison): 0.9746 | Val Acc: 0.9233 | Time: 00:00:13
Epoch 087 | Seed 2001 | Rate 0.02 | Train Loss: 0.8271 | Val Loss: 0.3543 | Acc (clean): 0.9885 | Acc (poison): 0.9757 | Val Acc: 0.9300 | Time: 00:00:13
Epoch 088 | Seed 2001 | Rate 0.02 | Train Loss: 0.8256 | Val Loss: 0.3534 | Acc (clean): 0.9884 | Acc (poison): 0.9753 | Val Acc: 0.9289 | Time: 00:00:13
Epoch 089 | Seed 2001 | Rate 0.02 | Train Loss: 0.8252 | Val Loss: 0.3501 | Acc (clean): 0.9881 | Acc (poison): 0.9752 | Val Acc: 0.9252 | Time: 00:00:13
Epoch 090 | Seed 2001 | Rate 0.02 | Train Loss: 0.8251 | Val Loss: 0.3573 | Acc (clean): 0.9886 | Acc (poison): 0.9757 | Val Acc: 0.9270 | Time: 00:00:13
Epoch 091 | Seed 2001 | Rate 0.02 | Train Loss: 0.8228 | Val Loss: 0.3542 | Acc (clean): 0.9888 | Acc (poison): 0.9759 | Val Acc: 0.9256 | Time: 00:00:14
Epoch 092 | Seed 2001 | Rate 0.02 | Train Loss: 0.8221 | Val Loss: 0.3658 | Acc (clean): 0.9892 | Acc (poison): 0.9765 | Val Acc: 0.9222 | Time: 00:00:13
Epoch 093 | Seed 2001 | Rate 0.02 | Train Loss: 0.8224 | Val Loss: 0.3540 | Acc (clean): 0.9893 | Acc (poison): 0.9765 | Val Acc: 0.9256 | Time: 00:00:14
Epoch 094 | Seed 2001 | Rate 0.02 | Train Loss: 0.8219 | Val Loss: 0.3582 | Acc (clean): 0.9883 | Acc (poison): 0.9759 | Val Acc: 0.9285 | Time: 00:00:13
Epoch 095 | Seed 2001 | Rate 0.02 | Train Loss: 0.8217 | Val Loss: 0.3537 | Acc (clean): 0.9893 | Acc (poison): 0.9765 | Val Acc: 0.9267 | Time: 00:00:14
Epoch 096 | Seed 2001 | Rate 0.02 | Train Loss: 0.8197 | Val Loss: 0.3636 | Acc (clean): 0.9893 | Acc (poison): 0.9770 | Val Acc: 0.9237 | Time: 00:00:14
Epoch 097 | Seed 2001 | Rate 0.02 | Train Loss: 0.8209 | Val Loss: 0.3532 | Acc (clean): 0.9897 | Acc (poison): 0.9770 | Val Acc: 0.9252 | Time: 00:00:13
Epoch 098 | Seed 2001 | Rate 0.02 | Train Loss: 0.8208 | Val Loss: 0.3648 | Acc (clean): 0.9886 | Acc (poison): 0.9760 | Val Acc: 0.9241 | Time: 00:00:14
Epoch 099 | Seed 2001 | Rate 0.02 | Train Loss: 0.8190 | Val Loss: 0.3591 | Acc (clean): 0.9885 | Acc (poison): 0.9774 | Val Acc: 0.9263 | Time: 00:00:13
Epoch 100 | Seed 2001 | Rate 0.02 | Train Loss: 0.8191 | Val Loss: 0.3555 | Acc (clean): 0.9886 | Acc (poison): 0.9764 | Val Acc: 0.9281 | Time: 00:00:13

=== defense=label_smoothing attack=RQ1 seed=2001 rate=0.05 ===
Loading train data from /home/yazanme/BachelorThesis/BachelorThesis/data/processed/resisc45/train.h5 with mapping /home/yazanme/BachelorThesis/BachelorThesis/data/processed/resisc45/poisoned/RQ1/seed_2001/labels_0.05.pt... (in_memory=True, workers=4)
Testing torch.compile support...
Successfully compiled model using torch.compile.
Epoch 001 | Seed 2001 | Rate 0.05 | Train Loss: 3.1310 | Val Loss: 2.7268 | Acc (clean): 0.2288 | Acc (poison): 0.2184 | Val Acc: 0.2881 | Time: 00:00:14
Epoch 002 | Seed 2001 | Rate 0.05 | Train Loss: 2.4776 | Val Loss: 2.2045 | Acc (clean): 0.4325 | Acc (poison): 0.4123 | Val Acc: 0.3919 | Time: 00:00:12
Epoch 003 | Seed 2001 | Rate 0.05 | Train Loss: 2.2326 | Val Loss: 2.0565 | Acc (clean): 0.5218 | Acc (poison): 0.4970 | Val Acc: 0.4156 | Time: 00:00:12
Epoch 004 | Seed 2001 | Rate 0.05 | Train Loss: 2.0876 | Val Loss: 1.9433 | Acc (clean): 0.5760 | Acc (poison): 0.5472 | Val Acc: 0.4507 | Time: 00:00:12
Epoch 005 | Seed 2001 | Rate 0.05 | Train Loss: 1.9715 | Val Loss: 1.5749 | Acc (clean): 0.6195 | Acc (poison): 0.5899 | Val Acc: 0.5619 | Time: 00:00:12
Epoch 006 | Seed 2001 | Rate 0.05 | Train Loss: 1.8809 | Val Loss: 1.6967 | Acc (clean): 0.6540 | Acc (poison): 0.6222 | Val Acc: 0.5126 | Time: 00:00:12
Epoch 007 | Seed 2001 | Rate 0.05 | Train Loss: 1.7977 | Val Loss: 1.7788 | Acc (clean): 0.6861 | Acc (poison): 0.6523 | Val Acc: 0.5000 | Time: 00:00:12
Epoch 008 | Seed 2001 | Rate 0.05 | Train Loss: 1.7256 | Val Loss: 1.9172 | Acc (clean): 0.7163 | Acc (poison): 0.6822 | Val Acc: 0.4937 | Time: 00:00:12
Epoch 009 | Seed 2001 | Rate 0.05 | Train Loss: 1.6659 | Val Loss: 1.2604 | Acc (clean): 0.7365 | Acc (poison): 0.7014 | Val Acc: 0.6796 | Time: 00:00:12
Epoch 010 | Seed 2001 | Rate 0.05 | Train Loss: 1.6144 | Val Loss: 1.3502 | Acc (clean): 0.7559 | Acc (poison): 0.7205 | Val Acc: 0.6315 | Time: 00:00:12
Epoch 011 | Seed 2001 | Rate 0.05 | Train Loss: 1.5779 | Val Loss: 1.1337 | Acc (clean): 0.7674 | Acc (poison): 0.7310 | Val Acc: 0.6926 | Time: 00:00:13
Epoch 012 | Seed 2001 | Rate 0.05 | Train Loss: 1.5453 | Val Loss: 1.5212 | Acc (clean): 0.7819 | Acc (poison): 0.7441 | Val Acc: 0.5952 | Time: 00:00:12
Epoch 013 | Seed 2001 | Rate 0.05 | Train Loss: 1.5228 | Val Loss: 1.4562 | Acc (clean): 0.7929 | Acc (poison): 0.7544 | Val Acc: 0.5993 | Time: 00:00:12
Epoch 014 | Seed 2001 | Rate 0.05 | Train Loss: 1.5053 | Val Loss: 1.1696 | Acc (clean): 0.7956 | Acc (poison): 0.7579 | Val Acc: 0.7007 | Time: 00:00:12
Epoch 015 | Seed 2001 | Rate 0.05 | Train Loss: 1.4888 | Val Loss: 1.0380 | Acc (clean): 0.8059 | Acc (poison): 0.7672 | Val Acc: 0.7137 | Time: 00:00:12
Epoch 016 | Seed 2001 | Rate 0.05 | Train Loss: 1.4765 | Val Loss: 0.9982 | Acc (clean): 0.8097 | Acc (poison): 0.7712 | Val Acc: 0.7219 | Time: 00:00:12
Epoch 017 | Seed 2001 | Rate 0.05 | Train Loss: 1.4602 | Val Loss: 1.1766 | Acc (clean): 0.8150 | Acc (poison): 0.7765 | Val Acc: 0.6985 | Time: 00:00:12
Epoch 018 | Seed 2001 | Rate 0.05 | Train Loss: 1.4461 | Val Loss: 1.1157 | Acc (clean): 0.8208 | Acc (poison): 0.7821 | Val Acc: 0.7248 | Time: 00:00:12
Epoch 019 | Seed 2001 | Rate 0.05 | Train Loss: 1.4375 | Val Loss: 1.6147 | Acc (clean): 0.8255 | Acc (poison): 0.7867 | Val Acc: 0.5659 | Time: 00:00:12
Epoch 020 | Seed 2001 | Rate 0.05 | Train Loss: 1.4483 | Val Loss: 1.2680 | Acc (clean): 0.8231 | Acc (poison): 0.7839 | Val Acc: 0.6519 | Time: 00:00:12
Epoch 021 | Seed 2001 | Rate 0.05 | Train Loss: 1.4329 | Val Loss: 1.1763 | Acc (clean): 0.8285 | Acc (poison): 0.7893 | Val Acc: 0.6881 | Time: 00:00:12
Epoch 022 | Seed 2001 | Rate 0.05 | Train Loss: 1.4227 | Val Loss: 1.0523 | Acc (clean): 0.8279 | Acc (poison): 0.7895 | Val Acc: 0.7337 | Time: 00:00:12
Epoch 023 | Seed 2001 | Rate 0.05 | Train Loss: 1.4340 | Val Loss: 1.4027 | Acc (clean): 0.8264 | Acc (poison): 0.7867 | Val Acc: 0.6289 | Time: 00:00:12
Epoch 024 | Seed 2001 | Rate 0.05 | Train Loss: 1.4251 | Val Loss: 1.3641 | Acc (clean): 0.8293 | Acc (poison): 0.7895 | Val Acc: 0.6489 | Time: 00:00:12
Epoch 025 | Seed 2001 | Rate 0.05 | Train Loss: 1.4147 | Val Loss: 1.1075 | Acc (clean): 0.8346 | Acc (poison): 0.7943 | Val Acc: 0.7078 | Time: 00:00:12
Epoch 026 | Seed 2001 | Rate 0.05 | Train Loss: 1.4126 | Val Loss: 1.1605 | Acc (clean): 0.8362 | Acc (poison): 0.7967 | Val Acc: 0.6896 | Time: 00:00:12
Epoch 027 | Seed 2001 | Rate 0.05 | Train Loss: 1.4148 | Val Loss: 1.0856 | Acc (clean): 0.8317 | Acc (poison): 0.7925 | Val Acc: 0.7167 | Time: 00:00:12
Epoch 028 | Seed 2001 | Rate 0.05 | Train Loss: 1.4124 | Val Loss: 1.4183 | Acc (clean): 0.8370 | Acc (poison): 0.7969 | Val Acc: 0.6133 | Time: 00:00:12
Epoch 029 | Seed 2001 | Rate 0.05 | Train Loss: 1.4061 | Val Loss: 1.1530 | Acc (clean): 0.8367 | Acc (poison): 0.7968 | Val Acc: 0.7078 | Time: 00:00:12
Epoch 030 | Seed 2001 | Rate 0.05 | Train Loss: 1.4018 | Val Loss: 1.1410 | Acc (clean): 0.8400 | Acc (poison): 0.8013 | Val Acc: 0.6904 | Time: 00:00:12
Epoch 031 | Seed 2001 | Rate 0.05 | Train Loss: 1.4063 | Val Loss: 0.9299 | Acc (clean): 0.8363 | Acc (poison): 0.7973 | Val Acc: 0.7785 | Time: 00:00:12
Epoch 032 | Seed 2001 | Rate 0.05 | Train Loss: 1.4061 | Val Loss: 1.3930 | Acc (clean): 0.8367 | Acc (poison): 0.7965 | Val Acc: 0.6363 | Time: 00:00:12
Epoch 033 | Seed 2001 | Rate 0.05 | Train Loss: 1.4077 | Val Loss: 0.8726 | Acc (clean): 0.8365 | Acc (poison): 0.7965 | Val Acc: 0.7822 | Time: 00:00:12
Epoch 034 | Seed 2001 | Rate 0.05 | Train Loss: 1.3871 | Val Loss: 0.8566 | Acc (clean): 0.8428 | Acc (poison): 0.8032 | Val Acc: 0.7885 | Time: 00:00:12
Epoch 035 | Seed 2001 | Rate 0.05 | Train Loss: 1.3910 | Val Loss: 1.2291 | Acc (clean): 0.8399 | Acc (poison): 0.8009 | Val Acc: 0.6733 | Time: 00:00:12
Epoch 036 | Seed 2001 | Rate 0.05 | Train Loss: 1.3986 | Val Loss: 1.0352 | Acc (clean): 0.8397 | Acc (poison): 0.8015 | Val Acc: 0.7296 | Time: 00:00:12
Epoch 037 | Seed 2001 | Rate 0.05 | Train Loss: 1.3947 | Val Loss: 0.9819 | Acc (clean): 0.8421 | Acc (poison): 0.8023 | Val Acc: 0.7426 | Time: 00:00:12
Epoch 038 | Seed 2001 | Rate 0.05 | Train Loss: 1.3982 | Val Loss: 0.9385 | Acc (clean): 0.8415 | Acc (poison): 0.8010 | Val Acc: 0.7600 | Time: 00:00:11
Epoch 039 | Seed 2001 | Rate 0.05 | Train Loss: 1.3949 | Val Loss: 1.1316 | Acc (clean): 0.8404 | Acc (poison): 0.8004 | Val Acc: 0.6993 | Time: 00:00:12
Epoch 040 | Seed 2001 | Rate 0.05 | Train Loss: 1.3867 | Val Loss: 1.1877 | Acc (clean): 0.8468 | Acc (poison): 0.8067 | Val Acc: 0.6893 | Time: 00:00:12
Epoch 041 | Seed 2001 | Rate 0.05 | Train Loss: 1.3816 | Val Loss: 1.1807 | Acc (clean): 0.8463 | Acc (poison): 0.8053 | Val Acc: 0.6789 | Time: 00:00:12
Epoch 042 | Seed 2001 | Rate 0.05 | Train Loss: 1.3909 | Val Loss: 1.0206 | Acc (clean): 0.8441 | Acc (poison): 0.8037 | Val Acc: 0.7363 | Time: 00:00:12
Epoch 043 | Seed 2001 | Rate 0.05 | Train Loss: 1.3831 | Val Loss: 1.1594 | Acc (clean): 0.8477 | Acc (poison): 0.8074 | Val Acc: 0.6893 | Time: 00:00:12
Epoch 044 | Seed 2001 | Rate 0.05 | Train Loss: 1.3862 | Val Loss: 1.0410 | Acc (clean): 0.8449 | Acc (poison): 0.8051 | Val Acc: 0.7267 | Time: 00:00:12
Epoch 045 | Seed 2001 | Rate 0.05 | Train Loss: 1.3850 | Val Loss: 1.0781 | Acc (clean): 0.8427 | Acc (poison): 0.8025 | Val Acc: 0.7356 | Time: 00:00:12
Epoch 046 | Seed 2001 | Rate 0.05 | Train Loss: 1.3857 | Val Loss: 1.0355 | Acc (clean): 0.8456 | Acc (poison): 0.8058 | Val Acc: 0.7219 | Time: 00:00:12
Epoch 047 | Seed 2001 | Rate 0.05 | Train Loss: 1.3754 | Val Loss: 1.3071 | Acc (clean): 0.8490 | Acc (poison): 0.8087 | Val Acc: 0.6493 | Time: 00:00:12
Epoch 048 | Seed 2001 | Rate 0.05 | Train Loss: 1.3881 | Val Loss: 0.9830 | Acc (clean): 0.8407 | Acc (poison): 0.8008 | Val Acc: 0.7415 | Time: 00:00:11
Epoch 049 | Seed 2001 | Rate 0.05 | Train Loss: 1.3807 | Val Loss: 1.3229 | Acc (clean): 0.8491 | Acc (poison): 0.8088 | Val Acc: 0.6422 | Time: 00:00:12
Epoch 050 | Seed 2001 | Rate 0.05 | Train Loss: 1.3785 | Val Loss: 1.0705 | Acc (clean): 0.8470 | Acc (poison): 0.8070 | Val Acc: 0.7193 | Time: 00:00:12
Epoch 051 | Seed 2001 | Rate 0.05 | Train Loss: 1.2011 | Val Loss: 0.4615 | Acc (clean): 0.9139 | Acc (poison): 0.8708 | Val Acc: 0.9026 | Time: 00:00:12
Epoch 052 | Seed 2001 | Rate 0.05 | Train Loss: 1.1401 | Val Loss: 0.4266 | Acc (clean): 0.9350 | Acc (poison): 0.8908 | Val Acc: 0.9111 | Time: 00:00:12
Epoch 053 | Seed 2001 | Rate 0.05 | Train Loss: 1.1221 | Val Loss: 0.4404 | Acc (clean): 0.9389 | Acc (poison): 0.8953 | Val Acc: 0.9063 | Time: 00:00:12
Epoch 054 | Seed 2001 | Rate 0.05 | Train Loss: 1.1060 | Val Loss: 0.4194 | Acc (clean): 0.9444 | Acc (poison): 0.9009 | Val Acc: 0.9115 | Time: 00:00:12
Epoch 055 | Seed 2001 | Rate 0.05 | Train Loss: 1.0934 | Val Loss: 0.4272 | Acc (clean): 0.9474 | Acc (poison): 0.9038 | Val Acc: 0.9122 | Time: 00:00:12
Epoch 056 | Seed 2001 | Rate 0.05 | Train Loss: 1.0848 | Val Loss: 0.4283 | Acc (clean): 0.9499 | Acc (poison): 0.9068 | Val Acc: 0.9144 | Time: 00:00:12
Epoch 057 | Seed 2001 | Rate 0.05 | Train Loss: 1.0730 | Val Loss: 0.4418 | Acc (clean): 0.9542 | Acc (poison): 0.9116 | Val Acc: 0.9107 | Time: 00:00:12
Epoch 058 | Seed 2001 | Rate 0.05 | Train Loss: 1.0696 | Val Loss: 0.4206 | Acc (clean): 0.9537 | Acc (poison): 0.9106 | Val Acc: 0.9093 | Time: 00:00:12
Epoch 059 | Seed 2001 | Rate 0.05 | Train Loss: 1.0620 | Val Loss: 0.4095 | Acc (clean): 0.9562 | Acc (poison): 0.9131 | Val Acc: 0.9181 | Time: 00:00:12
Epoch 060 | Seed 2001 | Rate 0.05 | Train Loss: 1.0530 | Val Loss: 0.4319 | Acc (clean): 0.9600 | Acc (poison): 0.9171 | Val Acc: 0.9130 | Time: 00:00:12
Epoch 061 | Seed 2001 | Rate 0.05 | Train Loss: 1.0455 | Val Loss: 0.4264 | Acc (clean): 0.9600 | Acc (poison): 0.9176 | Val Acc: 0.9148 | Time: 00:00:12
Epoch 062 | Seed 2001 | Rate 0.05 | Train Loss: 1.0395 | Val Loss: 0.4048 | Acc (clean): 0.9618 | Acc (poison): 0.9193 | Val Acc: 0.9193 | Time: 00:00:11
Epoch 063 | Seed 2001 | Rate 0.05 | Train Loss: 1.0367 | Val Loss: 0.4208 | Acc (clean): 0.9620 | Acc (poison): 0.9202 | Val Acc: 0.9137 | Time: 00:00:12
Epoch 064 | Seed 2001 | Rate 0.05 | Train Loss: 1.0312 | Val Loss: 0.4202 | Acc (clean): 0.9638 | Acc (poison): 0.9218 | Val Acc: 0.9144 | Time: 00:00:12
Epoch 065 | Seed 2001 | Rate 0.05 | Train Loss: 1.0253 | Val Loss: 0.4284 | Acc (clean): 0.9649 | Acc (poison): 0.9234 | Val Acc: 0.9137 | Time: 00:00:12
Epoch 066 | Seed 2001 | Rate 0.05 | Train Loss: 1.0247 | Val Loss: 0.4252 | Acc (clean): 0.9652 | Acc (poison): 0.9236 | Val Acc: 0.9111 | Time: 00:00:12
Epoch 067 | Seed 2001 | Rate 0.05 | Train Loss: 1.0154 | Val Loss: 0.4345 | Acc (clean): 0.9637 | Acc (poison): 0.9238 | Val Acc: 0.9048 | Time: 00:00:12
Epoch 068 | Seed 2001 | Rate 0.05 | Train Loss: 1.0074 | Val Loss: 0.4385 | Acc (clean): 0.9680 | Acc (poison): 0.9272 | Val Acc: 0.9104 | Time: 00:00:12
Epoch 069 | Seed 2001 | Rate 0.05 | Train Loss: 1.0075 | Val Loss: 0.4139 | Acc (clean): 0.9668 | Acc (poison): 0.9275 | Val Acc: 0.9133 | Time: 00:00:12
Epoch 070 | Seed 2001 | Rate 0.05 | Train Loss: 1.0046 | Val Loss: 0.4424 | Acc (clean): 0.9665 | Acc (poison): 0.9264 | Val Acc: 0.9063 | Time: 00:00:12
Epoch 071 | Seed 2001 | Rate 0.05 | Train Loss: 1.0001 | Val Loss: 0.4477 | Acc (clean): 0.9665 | Acc (poison): 0.9268 | Val Acc: 0.9148 | Time: 00:00:12
Epoch 072 | Seed 2001 | Rate 0.05 | Train Loss: 1.0001 | Val Loss: 0.4364 | Acc (clean): 0.9655 | Acc (poison): 0.9273 | Val Acc: 0.9104 | Time: 00:00:12
Epoch 073 | Seed 2001 | Rate 0.05 | Train Loss: 0.9947 | Val Loss: 0.4269 | Acc (clean): 0.9677 | Acc (poison): 0.9291 | Val Acc: 0.9070 | Time: 00:00:12
Epoch 074 | Seed 2001 | Rate 0.05 | Train Loss: 0.9902 | Val Loss: 0.4274 | Acc (clean): 0.9681 | Acc (poison): 0.9306 | Val Acc: 0.9126 | Time: 00:00:12
Epoch 075 | Seed 2001 | Rate 0.05 | Train Loss: 0.9899 | Val Loss: 0.4347 | Acc (clean): 0.9667 | Acc (poison): 0.9298 | Val Acc: 0.9037 | Time: 00:00:12
Epoch 076 | Seed 2001 | Rate 0.05 | Train Loss: 0.9547 | Val Loss: 0.3965 | Acc (clean): 0.9753 | Acc (poison): 0.9377 | Val Acc: 0.9241 | Time: 00:00:12
Epoch 077 | Seed 2001 | Rate 0.05 | Train Loss: 0.9398 | Val Loss: 0.4052 | Acc (clean): 0.9789 | Acc (poison): 0.9430 | Val Acc: 0.9219 | Time: 00:00:12
Epoch 078 | Seed 2001 | Rate 0.05 | Train Loss: 0.9368 | Val Loss: 0.4018 | Acc (clean): 0.9795 | Acc (poison): 0.9444 | Val Acc: 0.9204 | Time: 00:00:12
Epoch 079 | Seed 2001 | Rate 0.05 | Train Loss: 0.9349 | Val Loss: 0.4027 | Acc (clean): 0.9791 | Acc (poison): 0.9448 | Val Acc: 0.9181 | Time: 00:00:12
Epoch 080 | Seed 2001 | Rate 0.05 | Train Loss: 0.9302 | Val Loss: 0.4043 | Acc (clean): 0.9800 | Acc (poison): 0.9456 | Val Acc: 0.9181 | Time: 00:00:12
Epoch 081 | Seed 2001 | Rate 0.05 | Train Loss: 0.9287 | Val Loss: 0.4086 | Acc (clean): 0.9799 | Acc (poison): 0.9465 | Val Acc: 0.9148 | Time: 00:00:12
Epoch 082 | Seed 2001 | Rate 0.05 | Train Loss: 0.9274 | Val Loss: 0.4112 | Acc (clean): 0.9786 | Acc (poison): 0.9454 | Val Acc: 0.9181 | Time: 00:00:12
Epoch 083 | Seed 2001 | Rate 0.05 | Train Loss: 0.9253 | Val Loss: 0.4090 | Acc (clean): 0.9805 | Acc (poison): 0.9468 | Val Acc: 0.9204 | Time: 00:00:12
Epoch 084 | Seed 2001 | Rate 0.05 | Train Loss: 0.9230 | Val Loss: 0.4148 | Acc (clean): 0.9801 | Acc (poison): 0.9473 | Val Acc: 0.9178 | Time: 00:00:12
Epoch 085 | Seed 2001 | Rate 0.05 | Train Loss: 0.9235 | Val Loss: 0.4076 | Acc (clean): 0.9794 | Acc (poison): 0.9463 | Val Acc: 0.9204 | Time: 00:00:12
Epoch 086 | Seed 2001 | Rate 0.05 | Train Loss: 0.9220 | Val Loss: 0.4153 | Acc (clean): 0.9806 | Acc (poison): 0.9474 | Val Acc: 0.9200 | Time: 00:00:12
Epoch 087 | Seed 2001 | Rate 0.05 | Train Loss: 0.9200 | Val Loss: 0.4079 | Acc (clean): 0.9786 | Acc (poison): 0.9471 | Val Acc: 0.9189 | Time: 00:00:12
Epoch 088 | Seed 2001 | Rate 0.05 | Train Loss: 0.9202 | Val Loss: 0.4024 | Acc (clean): 0.9799 | Acc (poison): 0.9480 | Val Acc: 0.9230 | Time: 00:00:12
Epoch 089 | Seed 2001 | Rate 0.05 | Train Loss: 0.9192 | Val Loss: 0.3995 | Acc (clean): 0.9789 | Acc (poison): 0.9474 | Val Acc: 0.9185 | Time: 00:00:12
Epoch 090 | Seed 2001 | Rate 0.05 | Train Loss: 0.9170 | Val Loss: 0.4041 | Acc (clean): 0.9806 | Acc (poison): 0.9479 | Val Acc: 0.9185 | Time: 00:00:12
Epoch 091 | Seed 2001 | Rate 0.05 | Train Loss: 0.9148 | Val Loss: 0.4021 | Acc (clean): 0.9796 | Acc (poison): 0.9490 | Val Acc: 0.9204 | Time: 00:00:12
Epoch 092 | Seed 2001 | Rate 0.05 | Train Loss: 0.9135 | Val Loss: 0.4152 | Acc (clean): 0.9797 | Acc (poison): 0.9492 | Val Acc: 0.9174 | Time: 00:00:12
Epoch 093 | Seed 2001 | Rate 0.05 | Train Loss: 0.9120 | Val Loss: 0.4041 | Acc (clean): 0.9792 | Acc (poison): 0.9490 | Val Acc: 0.9219 | Time: 00:00:12
Epoch 094 | Seed 2001 | Rate 0.05 | Train Loss: 0.9135 | Val Loss: 0.4076 | Acc (clean): 0.9793 | Acc (poison): 0.9493 | Val Acc: 0.9215 | Time: 00:00:12
Epoch 095 | Seed 2001 | Rate 0.05 | Train Loss: 0.9113 | Val Loss: 0.4038 | Acc (clean): 0.9793 | Acc (poison): 0.9491 | Val Acc: 0.9211 | Time: 00:00:12
Epoch 096 | Seed 2001 | Rate 0.05 | Train Loss: 0.9092 | Val Loss: 0.4201 | Acc (clean): 0.9808 | Acc (poison): 0.9509 | Val Acc: 0.9193 | Time: 00:00:12
Epoch 097 | Seed 2001 | Rate 0.05 | Train Loss: 0.9098 | Val Loss: 0.4034 | Acc (clean): 0.9805 | Acc (poison): 0.9505 | Val Acc: 0.9226 | Time: 00:00:12
Epoch 098 | Seed 2001 | Rate 0.05 | Train Loss: 0.9101 | Val Loss: 0.4100 | Acc (clean): 0.9793 | Acc (poison): 0.9489 | Val Acc: 0.9211 | Time: 00:00:12
Epoch 099 | Seed 2001 | Rate 0.05 | Train Loss: 0.9071 | Val Loss: 0.4138 | Acc (clean): 0.9793 | Acc (poison): 0.9503 | Val Acc: 0.9244 | Time: 00:00:12
Epoch 100 | Seed 2001 | Rate 0.05 | Train Loss: 0.9054 | Val Loss: 0.4109 | Acc (clean): 0.9793 | Acc (poison): 0.9495 | Val Acc: 0.9237 | Time: 00:00:11

=== defense=label_smoothing attack=RQ1 seed=2001 rate=0.1 ===
Loading train data from /home/yazanme/BachelorThesis/BachelorThesis/data/processed/resisc45/train.h5 with mapping /home/yazanme/BachelorThesis/BachelorThesis/data/processed/resisc45/poisoned/RQ1/seed_2001/labels_0.10.pt... (in_memory=True, workers=4)
Testing torch.compile support...
Successfully compiled model using torch.compile.
Epoch 001 | Seed 2001 | Rate 0.10 | Train Loss: 3.2413 | Val Loss: 3.5940 | Acc (clean): 0.2199 | Acc (poison): 0.1996 | Val Acc: 0.1352 | Time: 00:00:13
Epoch 002 | Seed 2001 | Rate 0.10 | Train Loss: 2.6353 | Val Loss: 2.5578 | Acc (clean): 0.4221 | Acc (poison): 0.3798 | Val Acc: 0.2948 | Time: 00:00:12
Epoch 003 | Seed 2001 | Rate 0.10 | Train Loss: 2.3991 | Val Loss: 1.9173 | Acc (clean): 0.5188 | Acc (poison): 0.4690 | Val Acc: 0.4681 | Time: 00:00:12
Epoch 004 | Seed 2001 | Rate 0.10 | Train Loss: 2.2542 | Val Loss: 1.7977 | Acc (clean): 0.5780 | Acc (poison): 0.5223 | Val Acc: 0.5081 | Time: 00:00:12
Epoch 005 | Seed 2001 | Rate 0.10 | Train Loss: 2.1588 | Val Loss: 1.6224 | Acc (clean): 0.6123 | Acc (poison): 0.5544 | Val Acc: 0.5452 | Time: 00:00:12
Epoch 006 | Seed 2001 | Rate 0.10 | Train Loss: 2.0758 | Val Loss: 1.5933 | Acc (clean): 0.6479 | Acc (poison): 0.5863 | Val Acc: 0.5737 | Time: 00:00:12
Epoch 007 | Seed 2001 | Rate 0.10 | Train Loss: 2.0108 | Val Loss: 1.7250 | Acc (clean): 0.6737 | Acc (poison): 0.6098 | Val Acc: 0.5378 | Time: 00:00:12
Epoch 008 | Seed 2001 | Rate 0.10 | Train Loss: 1.9443 | Val Loss: 1.6381 | Acc (clean): 0.7012 | Acc (poison): 0.6339 | Val Acc: 0.5696 | Time: 00:00:12
Epoch 009 | Seed 2001 | Rate 0.10 | Train Loss: 1.8860 | Val Loss: 1.6045 | Acc (clean): 0.7233 | Acc (poison): 0.6565 | Val Acc: 0.5674 | Time: 00:00:12
Epoch 010 | Seed 2001 | Rate 0.10 | Train Loss: 1.8362 | Val Loss: 1.2416 | Acc (clean): 0.7440 | Acc (poison): 0.6733 | Val Acc: 0.6678 | Time: 00:00:12
Epoch 011 | Seed 2001 | Rate 0.10 | Train Loss: 1.8112 | Val Loss: 1.7342 | Acc (clean): 0.7545 | Acc (poison): 0.6835 | Val Acc: 0.5348 | Time: 00:00:12
Epoch 012 | Seed 2001 | Rate 0.10 | Train Loss: 1.7779 | Val Loss: 1.2687 | Acc (clean): 0.7682 | Acc (poison): 0.6957 | Val Acc: 0.6548 | Time: 00:00:12
Epoch 013 | Seed 2001 | Rate 0.10 | Train Loss: 1.7614 | Val Loss: 1.5345 | Acc (clean): 0.7730 | Acc (poison): 0.6995 | Val Acc: 0.5819 | Time: 00:00:12
Epoch 014 | Seed 2001 | Rate 0.10 | Train Loss: 1.7439 | Val Loss: 1.5438 | Acc (clean): 0.7806 | Acc (poison): 0.7062 | Val Acc: 0.6015 | Time: 00:00:12
Epoch 015 | Seed 2001 | Rate 0.10 | Train Loss: 1.7244 | Val Loss: 1.2144 | Acc (clean): 0.7870 | Acc (poison): 0.7126 | Val Acc: 0.6856 | Time: 00:00:12
Epoch 016 | Seed 2001 | Rate 0.10 | Train Loss: 1.7217 | Val Loss: 2.3676 | Acc (clean): 0.7913 | Acc (poison): 0.7174 | Val Acc: 0.3781 | Time: 00:00:12
Epoch 017 | Seed 2001 | Rate 0.10 | Train Loss: 1.7120 | Val Loss: 1.5411 | Acc (clean): 0.7959 | Acc (poison): 0.7202 | Val Acc: 0.5911 | Time: 00:00:12
Epoch 018 | Seed 2001 | Rate 0.10 | Train Loss: 1.6965 | Val Loss: 1.3694 | Acc (clean): 0.7991 | Acc (poison): 0.7236 | Val Acc: 0.6593 | Time: 00:00:12
Epoch 019 | Seed 2001 | Rate 0.10 | Train Loss: 1.6970 | Val Loss: 1.1516 | Acc (clean): 0.8027 | Acc (poison): 0.7263 | Val Acc: 0.7211 | Time: 00:00:12
Epoch 020 | Seed 2001 | Rate 0.10 | Train Loss: 1.6992 | Val Loss: 1.3671 | Acc (clean): 0.8023 | Acc (poison): 0.7258 | Val Acc: 0.6496 | Time: 00:00:12
Epoch 021 | Seed 2001 | Rate 0.10 | Train Loss: 1.6916 | Val Loss: 1.2620 | Acc (clean): 0.8026 | Acc (poison): 0.7268 | Val Acc: 0.6733 | Time: 00:00:12
Epoch 022 | Seed 2001 | Rate 0.10 | Train Loss: 1.6769 | Val Loss: 1.9463 | Acc (clean): 0.8093 | Acc (poison): 0.7331 | Val Acc: 0.4952 | Time: 00:00:12
Epoch 023 | Seed 2001 | Rate 0.10 | Train Loss: 1.6833 | Val Loss: 1.5091 | Acc (clean): 0.8081 | Acc (poison): 0.7316 | Val Acc: 0.6159 | Time: 00:00:12
Epoch 024 | Seed 2001 | Rate 0.10 | Train Loss: 1.6757 | Val Loss: 1.9864 | Acc (clean): 0.8068 | Acc (poison): 0.7300 | Val Acc: 0.5030 | Time: 00:00:12
Epoch 025 | Seed 2001 | Rate 0.10 | Train Loss: 1.6765 | Val Loss: 1.3474 | Acc (clean): 0.8080 | Acc (poison): 0.7316 | Val Acc: 0.6485 | Time: 00:00:12
Epoch 026 | Seed 2001 | Rate 0.10 | Train Loss: 1.6656 | Val Loss: 1.4932 | Acc (clean): 0.8125 | Acc (poison): 0.7364 | Val Acc: 0.6185 | Time: 00:00:12
Epoch 027 | Seed 2001 | Rate 0.10 | Train Loss: 1.6616 | Val Loss: 1.5866 | Acc (clean): 0.8196 | Acc (poison): 0.7430 | Val Acc: 0.5911 | Time: 00:00:12
Epoch 028 | Seed 2001 | Rate 0.10 | Train Loss: 1.6551 | Val Loss: 1.4828 | Acc (clean): 0.8179 | Acc (poison): 0.7414 | Val Acc: 0.6156 | Time: 00:00:12
Epoch 029 | Seed 2001 | Rate 0.10 | Train Loss: 1.6583 | Val Loss: 1.1628 | Acc (clean): 0.8160 | Acc (poison): 0.7395 | Val Acc: 0.7037 | Time: 00:00:12
Epoch 030 | Seed 2001 | Rate 0.10 | Train Loss: 1.6485 | Val Loss: 1.5717 | Acc (clean): 0.8202 | Acc (poison): 0.7423 | Val Acc: 0.5904 | Time: 00:00:12
Epoch 031 | Seed 2001 | Rate 0.10 | Train Loss: 1.6614 | Val Loss: 1.2248 | Acc (clean): 0.8138 | Acc (poison): 0.7370 | Val Acc: 0.7115 | Time: 00:00:12
Epoch 032 | Seed 2001 | Rate 0.10 | Train Loss: 1.6655 | Val Loss: 1.4794 | Acc (clean): 0.8123 | Acc (poison): 0.7356 | Val Acc: 0.6289 | Time: 00:00:12
Epoch 033 | Seed 2001 | Rate 0.10 | Train Loss: 1.6515 | Val Loss: 1.0631 | Acc (clean): 0.8213 | Acc (poison): 0.7436 | Val Acc: 0.7452 | Time: 00:00:12
Epoch 034 | Seed 2001 | Rate 0.10 | Train Loss: 1.6418 | Val Loss: 1.2306 | Acc (clean): 0.8229 | Acc (poison): 0.7459 | Val Acc: 0.6937 | Time: 00:00:12
Epoch 035 | Seed 2001 | Rate 0.10 | Train Loss: 1.6432 | Val Loss: 1.9313 | Acc (clean): 0.8211 | Acc (poison): 0.7444 | Val Acc: 0.4996 | Time: 00:00:12
Epoch 036 | Seed 2001 | Rate 0.10 | Train Loss: 1.6387 | Val Loss: 0.9918 | Acc (clean): 0.8226 | Acc (poison): 0.7470 | Val Acc: 0.7548 | Time: 00:00:12
Epoch 037 | Seed 2001 | Rate 0.10 | Train Loss: 1.6388 | Val Loss: 1.0913 | Acc (clean): 0.8232 | Acc (poison): 0.7465 | Val Acc: 0.7207 | Time: 00:00:12
Epoch 038 | Seed 2001 | Rate 0.10 | Train Loss: 1.6456 | Val Loss: 1.0692 | Acc (clean): 0.8203 | Acc (poison): 0.7427 | Val Acc: 0.7433 | Time: 00:00:12
Epoch 039 | Seed 2001 | Rate 0.10 | Train Loss: 1.6415 | Val Loss: 1.3952 | Acc (clean): 0.8227 | Acc (poison): 0.7452 | Val Acc: 0.6411 | Time: 00:00:12
Epoch 040 | Seed 2001 | Rate 0.10 | Train Loss: 1.6348 | Val Loss: 1.4007 | Acc (clean): 0.8266 | Acc (poison): 0.7488 | Val Acc: 0.6370 | Time: 00:00:12
Epoch 041 | Seed 2001 | Rate 0.10 | Train Loss: 1.6245 | Val Loss: 1.4102 | Acc (clean): 0.8308 | Acc (poison): 0.7526 | Val Acc: 0.6485 | Time: 00:00:12
Epoch 042 | Seed 2001 | Rate 0.10 | Train Loss: 1.6378 | Val Loss: 1.1767 | Acc (clean): 0.8249 | Acc (poison): 0.7470 | Val Acc: 0.7278 | Time: 00:00:12
Epoch 043 | Seed 2001 | Rate 0.10 | Train Loss: 1.6318 | Val Loss: 1.1755 | Acc (clean): 0.8274 | Acc (poison): 0.7502 | Val Acc: 0.7000 | Time: 00:00:12
Epoch 044 | Seed 2001 | Rate 0.10 | Train Loss: 1.6316 | Val Loss: 1.3062 | Acc (clean): 0.8279 | Acc (poison): 0.7499 | Val Acc: 0.6685 | Time: 00:00:12
Epoch 045 | Seed 2001 | Rate 0.10 | Train Loss: 1.6289 | Val Loss: 1.6240 | Acc (clean): 0.8284 | Acc (poison): 0.7503 | Val Acc: 0.5922 | Time: 00:00:12
Epoch 046 | Seed 2001 | Rate 0.10 | Train Loss: 1.6300 | Val Loss: 1.1426 | Acc (clean): 0.8285 | Acc (poison): 0.7503 | Val Acc: 0.7193 | Time: 00:00:12
Epoch 047 | Seed 2001 | Rate 0.10 | Train Loss: 1.6246 | Val Loss: 1.1116 | Acc (clean): 0.8322 | Acc (poison): 0.7540 | Val Acc: 0.7141 | Time: 00:00:12
Epoch 048 | Seed 2001 | Rate 0.10 | Train Loss: 1.6260 | Val Loss: 1.3327 | Acc (clean): 0.8328 | Acc (poison): 0.7537 | Val Acc: 0.6815 | Time: 00:00:12
Epoch 049 | Seed 2001 | Rate 0.10 | Train Loss: 1.6211 | Val Loss: 1.3262 | Acc (clean): 0.8326 | Acc (poison): 0.7539 | Val Acc: 0.6681 | Time: 00:00:12
Epoch 050 | Seed 2001 | Rate 0.10 | Train Loss: 1.6448 | Val Loss: 1.7965 | Acc (clean): 0.8200 | Acc (poison): 0.7427 | Val Acc: 0.5437 | Time: 00:00:12
Epoch 051 | Seed 2001 | Rate 0.10 | Train Loss: 1.4552 | Val Loss: 0.5665 | Acc (clean): 0.8935 | Acc (poison): 0.8090 | Val Acc: 0.8833 | Time: 00:00:12
Epoch 052 | Seed 2001 | Rate 0.10 | Train Loss: 1.3887 | Val Loss: 0.5284 | Acc (clean): 0.9177 | Acc (poison): 0.8312 | Val Acc: 0.8981 | Time: 00:00:12
Epoch 053 | Seed 2001 | Rate 0.10 | Train Loss: 1.3643 | Val Loss: 0.5415 | Acc (clean): 0.9228 | Acc (poison): 0.8370 | Val Acc: 0.8956 | Time: 00:00:12
Epoch 054 | Seed 2001 | Rate 0.10 | Train Loss: 1.3509 | Val Loss: 0.5087 | Acc (clean): 0.9284 | Acc (poison): 0.8414 | Val Acc: 0.8993 | Time: 00:00:12
Epoch 055 | Seed 2001 | Rate 0.10 | Train Loss: 1.3348 | Val Loss: 0.5141 | Acc (clean): 0.9345 | Acc (poison): 0.8474 | Val Acc: 0.9074 | Time: 00:00:12
Epoch 056 | Seed 2001 | Rate 0.10 | Train Loss: 1.3275 | Val Loss: 0.5297 | Acc (clean): 0.9361 | Acc (poison): 0.8494 | Val Acc: 0.9004 | Time: 00:00:12
Epoch 057 | Seed 2001 | Rate 0.10 | Train Loss: 1.3110 | Val Loss: 0.5270 | Acc (clean): 0.9392 | Acc (poison): 0.8534 | Val Acc: 0.9000 | Time: 00:00:12
Epoch 058 | Seed 2001 | Rate 0.10 | Train Loss: 1.3031 | Val Loss: 0.5219 | Acc (clean): 0.9402 | Acc (poison): 0.8545 | Val Acc: 0.9011 | Time: 00:00:12
Epoch 059 | Seed 2001 | Rate 0.10 | Train Loss: 1.2987 | Val Loss: 0.5202 | Acc (clean): 0.9388 | Acc (poison): 0.8540 | Val Acc: 0.8974 | Time: 00:00:12
Epoch 060 | Seed 2001 | Rate 0.10 | Train Loss: 1.2868 | Val Loss: 0.5071 | Acc (clean): 0.9425 | Acc (poison): 0.8570 | Val Acc: 0.9015 | Time: 00:00:13
Epoch 061 | Seed 2001 | Rate 0.10 | Train Loss: 1.2772 | Val Loss: 0.5090 | Acc (clean): 0.9446 | Acc (poison): 0.8606 | Val Acc: 0.9052 | Time: 00:00:12
Epoch 062 | Seed 2001 | Rate 0.10 | Train Loss: 1.2684 | Val Loss: 0.5258 | Acc (clean): 0.9474 | Acc (poison): 0.8624 | Val Acc: 0.8959 | Time: 00:00:12
Epoch 063 | Seed 2001 | Rate 0.10 | Train Loss: 1.2623 | Val Loss: 0.5026 | Acc (clean): 0.9494 | Acc (poison): 0.8656 | Val Acc: 0.9059 | Time: 00:00:12
Epoch 064 | Seed 2001 | Rate 0.10 | Train Loss: 1.2550 | Val Loss: 0.4962 | Acc (clean): 0.9494 | Acc (poison): 0.8667 | Val Acc: 0.9041 | Time: 00:00:13
Epoch 065 | Seed 2001 | Rate 0.10 | Train Loss: 1.2448 | Val Loss: 0.5341 | Acc (clean): 0.9496 | Acc (poison): 0.8669 | Val Acc: 0.8978 | Time: 00:00:12
Epoch 066 | Seed 2001 | Rate 0.10 | Train Loss: 1.2472 | Val Loss: 0.5109 | Acc (clean): 0.9492 | Acc (poison): 0.8672 | Val Acc: 0.9037 | Time: 00:00:12
Epoch 067 | Seed 2001 | Rate 0.10 | Train Loss: 1.2370 | Val Loss: 0.5434 | Acc (clean): 0.9514 | Acc (poison): 0.8699 | Val Acc: 0.8974 | Time: 00:00:12
Epoch 068 | Seed 2001 | Rate 0.10 | Train Loss: 1.2307 | Val Loss: 0.5071 | Acc (clean): 0.9527 | Acc (poison): 0.8721 | Val Acc: 0.9048 | Time: 00:00:12
Epoch 069 | Seed 2001 | Rate 0.10 | Train Loss: 1.2282 | Val Loss: 0.5265 | Acc (clean): 0.9507 | Acc (poison): 0.8714 | Val Acc: 0.8993 | Time: 00:00:12
Epoch 070 | Seed 2001 | Rate 0.10 | Train Loss: 1.2220 | Val Loss: 0.5359 | Acc (clean): 0.9502 | Acc (poison): 0.8714 | Val Acc: 0.8937 | Time: 00:00:12
Epoch 071 | Seed 2001 | Rate 0.10 | Train Loss: 1.2155 | Val Loss: 0.5581 | Acc (clean): 0.9499 | Acc (poison): 0.8719 | Val Acc: 0.8967 | Time: 00:00:12
Epoch 072 | Seed 2001 | Rate 0.10 | Train Loss: 1.2126 | Val Loss: 0.5557 | Acc (clean): 0.9503 | Acc (poison): 0.8729 | Val Acc: 0.8963 | Time: 00:00:12
Epoch 073 | Seed 2001 | Rate 0.10 | Train Loss: 1.2126 | Val Loss: 0.5242 | Acc (clean): 0.9497 | Acc (poison): 0.8730 | Val Acc: 0.9004 | Time: 00:00:12
Epoch 074 | Seed 2001 | Rate 0.10 | Train Loss: 1.2057 | Val Loss: 0.5412 | Acc (clean): 0.9516 | Acc (poison): 0.8747 | Val Acc: 0.8974 | Time: 00:00:12
Epoch 075 | Seed 2001 | Rate 0.10 | Train Loss: 1.1988 | Val Loss: 0.5473 | Acc (clean): 0.9516 | Acc (poison): 0.8748 | Val Acc: 0.8948 | Time: 00:00:12
Epoch 076 | Seed 2001 | Rate 0.10 | Train Loss: 1.1444 | Val Loss: 0.4908 | Acc (clean): 0.9609 | Acc (poison): 0.8886 | Val Acc: 0.9081 | Time: 00:00:12
Epoch 077 | Seed 2001 | Rate 0.10 | Train Loss: 1.1285 | Val Loss: 0.5018 | Acc (clean): 0.9641 | Acc (poison): 0.8926 | Val Acc: 0.9007 | Time: 00:00:12
Epoch 078 | Seed 2001 | Rate 0.10 | Train Loss: 1.1220 | Val Loss: 0.4892 | Acc (clean): 0.9649 | Acc (poison): 0.8941 | Val Acc: 0.9052 | Time: 00:00:12
Epoch 079 | Seed 2001 | Rate 0.10 | Train Loss: 1.1169 | Val Loss: 0.4966 | Acc (clean): 0.9649 | Acc (poison): 0.8941 | Val Acc: 0.9085 | Time: 00:00:12
Epoch 080 | Seed 2001 | Rate 0.10 | Train Loss: 1.1159 | Val Loss: 0.5010 | Acc (clean): 0.9640 | Acc (poison): 0.8949 | Val Acc: 0.9041 | Time: 00:00:12
Epoch 081 | Seed 2001 | Rate 0.10 | Train Loss: 1.1089 | Val Loss: 0.5014 | Acc (clean): 0.9660 | Acc (poison): 0.8970 | Val Acc: 0.9004 | Time: 00:00:12
Epoch 082 | Seed 2001 | Rate 0.10 | Train Loss: 1.1090 | Val Loss: 0.5023 | Acc (clean): 0.9639 | Acc (poison): 0.8964 | Val Acc: 0.9044 | Time: 00:00:12
Epoch 083 | Seed 2001 | Rate 0.10 | Train Loss: 1.1010 | Val Loss: 0.5095 | Acc (clean): 0.9658 | Acc (poison): 0.8979 | Val Acc: 0.9052 | Time: 00:00:12
Epoch 084 | Seed 2001 | Rate 0.10 | Train Loss: 1.1013 | Val Loss: 0.5105 | Acc (clean): 0.9652 | Acc (poison): 0.8977 | Val Acc: 0.9041 | Time: 00:00:12
Epoch 085 | Seed 2001 | Rate 0.10 | Train Loss: 1.1006 | Val Loss: 0.5009 | Acc (clean): 0.9646 | Acc (poison): 0.8980 | Val Acc: 0.9067 | Time: 00:00:12
Epoch 086 | Seed 2001 | Rate 0.10 | Train Loss: 1.0970 | Val Loss: 0.5084 | Acc (clean): 0.9635 | Acc (poison): 0.8988 | Val Acc: 0.9052 | Time: 00:00:12
Epoch 087 | Seed 2001 | Rate 0.10 | Train Loss: 1.0982 | Val Loss: 0.5046 | Acc (clean): 0.9640 | Acc (poison): 0.8983 | Val Acc: 0.9089 | Time: 00:00:12
Epoch 088 | Seed 2001 | Rate 0.10 | Train Loss: 1.0929 | Val Loss: 0.4981 | Acc (clean): 0.9630 | Acc (poison): 0.8998 | Val Acc: 0.9081 | Time: 00:00:12
Epoch 089 | Seed 2001 | Rate 0.10 | Train Loss: 1.0907 | Val Loss: 0.5056 | Acc (clean): 0.9647 | Acc (poison): 0.9002 | Val Acc: 0.9056 | Time: 00:00:12
Epoch 090 | Seed 2001 | Rate 0.10 | Train Loss: 1.0903 | Val Loss: 0.5037 | Acc (clean): 0.9626 | Acc (poison): 0.8994 | Val Acc: 0.9044 | Time: 00:00:12
Epoch 091 | Seed 2001 | Rate 0.10 | Train Loss: 1.0871 | Val Loss: 0.5035 | Acc (clean): 0.9633 | Acc (poison): 0.9012 | Val Acc: 0.9048 | Time: 00:00:12
Epoch 092 | Seed 2001 | Rate 0.10 | Train Loss: 1.0825 | Val Loss: 0.5156 | Acc (clean): 0.9633 | Acc (poison): 0.9011 | Val Acc: 0.9022 | Time: 00:00:12
Epoch 093 | Seed 2001 | Rate 0.10 | Train Loss: 1.0828 | Val Loss: 0.5106 | Acc (clean): 0.9633 | Acc (poison): 0.9012 | Val Acc: 0.9037 | Time: 00:00:12
Epoch 094 | Seed 2001 | Rate 0.10 | Train Loss: 1.0825 | Val Loss: 0.5080 | Acc (clean): 0.9620 | Acc (poison): 0.9020 | Val Acc: 0.9081 | Time: 00:00:12
Epoch 095 | Seed 2001 | Rate 0.10 | Train Loss: 1.0792 | Val Loss: 0.5110 | Acc (clean): 0.9618 | Acc (poison): 0.9024 | Val Acc: 0.9019 | Time: 00:00:12
Epoch 096 | Seed 2001 | Rate 0.10 | Train Loss: 1.0774 | Val Loss: 0.5237 | Acc (clean): 0.9653 | Acc (poison): 0.9036 | Val Acc: 0.9011 | Time: 00:00:12
Epoch 097 | Seed 2001 | Rate 0.10 | Train Loss: 1.0770 | Val Loss: 0.4986 | Acc (clean): 0.9623 | Acc (poison): 0.9033 | Val Acc: 0.9059 | Time: 00:00:12
Epoch 098 | Seed 2001 | Rate 0.10 | Train Loss: 1.0764 | Val Loss: 0.5109 | Acc (clean): 0.9623 | Acc (poison): 0.9036 | Val Acc: 0.9052 | Time: 00:00:12
Epoch 099 | Seed 2001 | Rate 0.10 | Train Loss: 1.0736 | Val Loss: 0.5189 | Acc (clean): 0.9629 | Acc (poison): 0.9038 | Val Acc: 0.9030 | Time: 00:00:12
Epoch 100 | Seed 2001 | Rate 0.10 | Train Loss: 1.0701 | Val Loss: 0.5105 | Acc (clean): 0.9630 | Acc (poison): 0.9037 | Val Acc: 0.9059 | Time: 00:00:11

=== defense=label_smoothing attack=RQ1 seed=2001 rate=0.2 ===
Loading train data from /home/yazanme/BachelorThesis/BachelorThesis/data/processed/resisc45/train.h5 with mapping /home/yazanme/BachelorThesis/BachelorThesis/data/processed/resisc45/poisoned/RQ1/seed_2001/labels_0.20.pt... (in_memory=True, workers=4)
Testing torch.compile support...
Successfully compiled model using torch.compile.
Epoch 001 | Seed 2001 | Rate 0.20 | Train Loss: 3.4402 | Val Loss: 2.7046 | Acc (clean): 0.1939 | Acc (poison): 0.1608 | Val Acc: 0.2522 | Time: 00:00:13
Epoch 002 | Seed 2001 | Rate 0.20 | Train Loss: 2.9773 | Val Loss: 2.2944 | Acc (clean): 0.3723 | Acc (poison): 0.3013 | Val Acc: 0.3970 | Time: 00:00:12
Epoch 003 | Seed 2001 | Rate 0.20 | Train Loss: 2.7951 | Val Loss: 2.1746 | Acc (clean): 0.4538 | Acc (poison): 0.3681 | Val Acc: 0.4356 | Time: 00:00:12
Epoch 004 | Seed 2001 | Rate 0.20 | Train Loss: 2.6815 | Val Loss: 1.9499 | Acc (clean): 0.5100 | Acc (poison): 0.4113 | Val Acc: 0.4856 | Time: 00:00:12
Epoch 005 | Seed 2001 | Rate 0.20 | Train Loss: 2.5994 | Val Loss: 2.1372 | Acc (clean): 0.5501 | Acc (poison): 0.4444 | Val Acc: 0.4315 | Time: 00:00:12
Epoch 006 | Seed 2001 | Rate 0.20 | Train Loss: 2.5230 | Val Loss: 1.8145 | Acc (clean): 0.5858 | Acc (poison): 0.4742 | Val Acc: 0.5381 | Time: 00:00:12
Epoch 007 | Seed 2001 | Rate 0.20 | Train Loss: 2.4509 | Val Loss: 2.5894 | Acc (clean): 0.6186 | Acc (poison): 0.5005 | Val Acc: 0.3119 | Time: 00:00:12
Epoch 008 | Seed 2001 | Rate 0.20 | Train Loss: 2.3945 | Val Loss: 1.8181 | Acc (clean): 0.6437 | Acc (poison): 0.5207 | Val Acc: 0.5474 | Time: 00:00:12
Epoch 009 | Seed 2001 | Rate 0.20 | Train Loss: 2.3431 | Val Loss: 1.7682 | Acc (clean): 0.6661 | Acc (poison): 0.5396 | Val Acc: 0.5585 | Time: 00:00:12
Epoch 010 | Seed 2001 | Rate 0.20 | Train Loss: 2.3020 | Val Loss: 1.5808 | Acc (clean): 0.6874 | Acc (poison): 0.5560 | Val Acc: 0.5948 | Time: 00:00:12
Epoch 011 | Seed 2001 | Rate 0.20 | Train Loss: 2.2743 | Val Loss: 1.3443 | Acc (clean): 0.7017 | Acc (poison): 0.5676 | Val Acc: 0.6859 | Time: 00:00:12
Epoch 012 | Seed 2001 | Rate 0.20 | Train Loss: 2.2393 | Val Loss: 1.5234 | Acc (clean): 0.7172 | Acc (poison): 0.5806 | Val Acc: 0.6193 | Time: 00:00:12
Epoch 013 | Seed 2001 | Rate 0.20 | Train Loss: 2.2159 | Val Loss: 1.2806 | Acc (clean): 0.7276 | Acc (poison): 0.5891 | Val Acc: 0.6948 | Time: 00:00:12
Epoch 014 | Seed 2001 | Rate 0.20 | Train Loss: 2.1944 | Val Loss: 1.4655 | Acc (clean): 0.7433 | Acc (poison): 0.6006 | Val Acc: 0.6496 | Time: 00:00:12
Epoch 015 | Seed 2001 | Rate 0.20 | Train Loss: 2.1775 | Val Loss: 1.4630 | Acc (clean): 0.7482 | Acc (poison): 0.6033 | Val Acc: 0.6448 | Time: 00:00:12
Epoch 016 | Seed 2001 | Rate 0.20 | Train Loss: 2.1653 | Val Loss: 1.3201 | Acc (clean): 0.7500 | Acc (poison): 0.6082 | Val Acc: 0.6778 | Time: 00:00:12
Epoch 017 | Seed 2001 | Rate 0.20 | Train Loss: 2.1557 | Val Loss: 1.3042 | Acc (clean): 0.7559 | Acc (poison): 0.6130 | Val Acc: 0.6778 | Time: 00:00:12
Epoch 018 | Seed 2001 | Rate 0.20 | Train Loss: 2.1345 | Val Loss: 1.3735 | Acc (clean): 0.7698 | Acc (poison): 0.6223 | Val Acc: 0.6693 | Time: 00:00:12
Epoch 019 | Seed 2001 | Rate 0.20 | Train Loss: 2.1405 | Val Loss: 1.2096 | Acc (clean): 0.7680 | Acc (poison): 0.6205 | Val Acc: 0.7159 | Time: 00:00:12
Epoch 020 | Seed 2001 | Rate 0.20 | Train Loss: 2.1282 | Val Loss: 1.2349 | Acc (clean): 0.7698 | Acc (poison): 0.6232 | Val Acc: 0.6993 | Time: 00:00:12
Epoch 021 | Seed 2001 | Rate 0.20 | Train Loss: 2.1188 | Val Loss: 1.8863 | Acc (clean): 0.7737 | Acc (poison): 0.6263 | Val Acc: 0.5248 | Time: 00:00:12
Epoch 022 | Seed 2001 | Rate 0.20 | Train Loss: 2.1140 | Val Loss: 1.4545 | Acc (clean): 0.7778 | Acc (poison): 0.6307 | Val Acc: 0.6489 | Time: 00:00:12
Epoch 023 | Seed 2001 | Rate 0.20 | Train Loss: 2.1143 | Val Loss: 1.1539 | Acc (clean): 0.7778 | Acc (poison): 0.6298 | Val Acc: 0.7370 | Time: 00:00:12
Epoch 024 | Seed 2001 | Rate 0.20 | Train Loss: 2.1059 | Val Loss: 1.4641 | Acc (clean): 0.7803 | Acc (poison): 0.6319 | Val Acc: 0.6426 | Time: 00:00:12
Epoch 025 | Seed 2001 | Rate 0.20 | Train Loss: 2.1009 | Val Loss: 1.2377 | Acc (clean): 0.7872 | Acc (poison): 0.6370 | Val Acc: 0.7089 | Time: 00:00:12
Epoch 026 | Seed 2001 | Rate 0.20 | Train Loss: 2.0962 | Val Loss: 2.0507 | Acc (clean): 0.7869 | Acc (poison): 0.6353 | Val Acc: 0.5026 | Time: 00:00:12
Epoch 027 | Seed 2001 | Rate 0.20 | Train Loss: 2.1003 | Val Loss: 1.5367 | Acc (clean): 0.7850 | Acc (poison): 0.6363 | Val Acc: 0.6319 | Time: 00:00:12
Epoch 028 | Seed 2001 | Rate 0.20 | Train Loss: 2.1034 | Val Loss: 1.5121 | Acc (clean): 0.7847 | Acc (poison): 0.6333 | Val Acc: 0.6319 | Time: 00:00:12
Epoch 029 | Seed 2001 | Rate 0.20 | Train Loss: 2.0931 | Val Loss: 1.4695 | Acc (clean): 0.7851 | Acc (poison): 0.6368 | Val Acc: 0.6522 | Time: 00:00:12
Epoch 030 | Seed 2001 | Rate 0.20 | Train Loss: 2.0941 | Val Loss: 1.3008 | Acc (clean): 0.7870 | Acc (poison): 0.6364 | Val Acc: 0.6911 | Time: 00:00:12
Epoch 031 | Seed 2001 | Rate 0.20 | Train Loss: 2.0987 | Val Loss: 1.4715 | Acc (clean): 0.7850 | Acc (poison): 0.6341 | Val Acc: 0.6544 | Time: 00:00:12
Epoch 032 | Seed 2001 | Rate 0.20 | Train Loss: 2.0934 | Val Loss: 2.0596 | Acc (clean): 0.7875 | Acc (poison): 0.6377 | Val Acc: 0.4674 | Time: 00:00:12
Epoch 033 | Seed 2001 | Rate 0.20 | Train Loss: 2.0872 | Val Loss: 1.7537 | Acc (clean): 0.7906 | Acc (poison): 0.6410 | Val Acc: 0.5763 | Time: 00:00:12
Epoch 034 | Seed 2001 | Rate 0.20 | Train Loss: 2.0779 | Val Loss: 1.5295 | Acc (clean): 0.7907 | Acc (poison): 0.6416 | Val Acc: 0.6311 | Time: 00:00:12
Epoch 035 | Seed 2001 | Rate 0.20 | Train Loss: 2.0858 | Val Loss: 1.3876 | Acc (clean): 0.7903 | Acc (poison): 0.6391 | Val Acc: 0.6607 | Time: 00:00:12
Epoch 036 | Seed 2001 | Rate 0.20 | Train Loss: 2.0849 | Val Loss: 1.5607 | Acc (clean): 0.7916 | Acc (poison): 0.6421 | Val Acc: 0.6130 | Time: 00:00:12
Epoch 037 | Seed 2001 | Rate 0.20 | Train Loss: 2.0770 | Val Loss: 1.1911 | Acc (clean): 0.7939 | Acc (poison): 0.6441 | Val Acc: 0.7289 | Time: 00:00:12
Epoch 038 | Seed 2001 | Rate 0.20 | Train Loss: 2.0895 | Val Loss: 1.8157 | Acc (clean): 0.7881 | Acc (poison): 0.6386 | Val Acc: 0.5367 | Time: 00:00:12
Epoch 039 | Seed 2001 | Rate 0.20 | Train Loss: 2.0811 | Val Loss: 1.7615 | Acc (clean): 0.7977 | Acc (poison): 0.6447 | Val Acc: 0.5485 | Time: 00:00:12
Epoch 040 | Seed 2001 | Rate 0.20 | Train Loss: 2.0765 | Val Loss: 1.4564 | Acc (clean): 0.7968 | Acc (poison): 0.6449 | Val Acc: 0.6430 | Time: 00:00:12
Epoch 041 | Seed 2001 | Rate 0.20 | Train Loss: 2.0689 | Val Loss: 1.8903 | Acc (clean): 0.7966 | Acc (poison): 0.6430 | Val Acc: 0.5148 | Time: 00:00:12
Epoch 042 | Seed 2001 | Rate 0.20 | Train Loss: 2.0816 | Val Loss: 2.2973 | Acc (clean): 0.7939 | Acc (poison): 0.6417 | Val Acc: 0.4148 | Time: 00:00:12
Epoch 043 | Seed 2001 | Rate 0.20 | Train Loss: 2.0808 | Val Loss: 1.3558 | Acc (clean): 0.7914 | Acc (poison): 0.6398 | Val Acc: 0.6837 | Time: 00:00:12
Epoch 044 | Seed 2001 | Rate 0.20 | Train Loss: 2.0754 | Val Loss: 1.5868 | Acc (clean): 0.7972 | Acc (poison): 0.6451 | Val Acc: 0.5967 | Time: 00:00:12
Epoch 045 | Seed 2001 | Rate 0.20 | Train Loss: 2.0700 | Val Loss: 1.4712 | Acc (clean): 0.7958 | Acc (poison): 0.6438 | Val Acc: 0.6615 | Time: 00:00:12
Epoch 046 | Seed 2001 | Rate 0.20 | Train Loss: 2.0676 | Val Loss: 1.3383 | Acc (clean): 0.8023 | Acc (poison): 0.6496 | Val Acc: 0.6744 | Time: 00:00:12
Epoch 047 | Seed 2001 | Rate 0.20 | Train Loss: 2.0654 | Val Loss: 1.4585 | Acc (clean): 0.8004 | Acc (poison): 0.6462 | Val Acc: 0.6459 | Time: 00:00:12
Epoch 048 | Seed 2001 | Rate 0.20 | Train Loss: 2.0679 | Val Loss: 1.9473 | Acc (clean): 0.8007 | Acc (poison): 0.6488 | Val Acc: 0.5319 | Time: 00:00:12
Epoch 049 | Seed 2001 | Rate 0.20 | Train Loss: 2.0707 | Val Loss: 1.4137 | Acc (clean): 0.7966 | Acc (poison): 0.6451 | Val Acc: 0.6474 | Time: 00:00:12
Epoch 050 | Seed 2001 | Rate 0.20 | Train Loss: 2.0620 | Val Loss: 1.8225 | Acc (clean): 0.8014 | Acc (poison): 0.6481 | Val Acc: 0.5333 | Time: 00:00:12
Epoch 051 | Seed 2001 | Rate 0.20 | Train Loss: 1.8861 | Val Loss: 0.7459 | Acc (clean): 0.8731 | Acc (poison): 0.7072 | Val Acc: 0.8663 | Time: 00:00:12
Epoch 052 | Seed 2001 | Rate 0.20 | Train Loss: 1.8257 | Val Loss: 0.6912 | Acc (clean): 0.8965 | Acc (poison): 0.7254 | Val Acc: 0.8807 | Time: 00:00:12
Epoch 053 | Seed 2001 | Rate 0.20 | Train Loss: 1.8016 | Val Loss: 0.7046 | Acc (clean): 0.9023 | Acc (poison): 0.7324 | Val Acc: 0.8819 | Time: 00:00:12
Epoch 054 | Seed 2001 | Rate 0.20 | Train Loss: 1.7829 | Val Loss: 0.6565 | Acc (clean): 0.9093 | Acc (poison): 0.7381 | Val Acc: 0.8874 | Time: 00:00:12
Epoch 055 | Seed 2001 | Rate 0.20 | Train Loss: 1.7656 | Val Loss: 0.6704 | Acc (clean): 0.9148 | Acc (poison): 0.7428 | Val Acc: 0.8830 | Time: 00:00:12
Epoch 056 | Seed 2001 | Rate 0.20 | Train Loss: 1.7596 | Val Loss: 0.6808 | Acc (clean): 0.9120 | Acc (poison): 0.7421 | Val Acc: 0.8859 | Time: 00:00:12
Epoch 057 | Seed 2001 | Rate 0.20 | Train Loss: 1.7423 | Val Loss: 0.7109 | Acc (clean): 0.9164 | Acc (poison): 0.7467 | Val Acc: 0.8796 | Time: 00:00:12
Epoch 058 | Seed 2001 | Rate 0.20 | Train Loss: 1.7392 | Val Loss: 0.6922 | Acc (clean): 0.9178 | Acc (poison): 0.7490 | Val Acc: 0.8863 | Time: 00:00:12
Epoch 059 | Seed 2001 | Rate 0.20 | Train Loss: 1.7269 | Val Loss: 0.6629 | Acc (clean): 0.9186 | Acc (poison): 0.7509 | Val Acc: 0.8874 | Time: 00:00:12
Epoch 060 | Seed 2001 | Rate 0.20 | Train Loss: 1.7198 | Val Loss: 0.6943 | Acc (clean): 0.9200 | Acc (poison): 0.7524 | Val Acc: 0.8852 | Time: 00:00:12
Epoch 061 | Seed 2001 | Rate 0.20 | Train Loss: 1.7088 | Val Loss: 0.7282 | Acc (clean): 0.9188 | Acc (poison): 0.7529 | Val Acc: 0.8678 | Time: 00:00:12
Epoch 062 | Seed 2001 | Rate 0.20 | Train Loss: 1.6965 | Val Loss: 0.7020 | Acc (clean): 0.9240 | Acc (poison): 0.7569 | Val Acc: 0.8767 | Time: 00:00:12
Epoch 063 | Seed 2001 | Rate 0.20 | Train Loss: 1.6904 | Val Loss: 0.7005 | Acc (clean): 0.9221 | Acc (poison): 0.7575 | Val Acc: 0.8793 | Time: 00:00:12
Epoch 064 | Seed 2001 | Rate 0.20 | Train Loss: 1.6867 | Val Loss: 0.6585 | Acc (clean): 0.9221 | Acc (poison): 0.7581 | Val Acc: 0.8881 | Time: 00:00:12
Epoch 065 | Seed 2001 | Rate 0.20 | Train Loss: 1.6747 | Val Loss: 0.7098 | Acc (clean): 0.9237 | Acc (poison): 0.7600 | Val Acc: 0.8793 | Time: 00:00:12
Epoch 066 | Seed 2001 | Rate 0.20 | Train Loss: 1.6706 | Val Loss: 0.7036 | Acc (clean): 0.9209 | Acc (poison): 0.7588 | Val Acc: 0.8867 | Time: 00:00:12
Epoch 067 | Seed 2001 | Rate 0.20 | Train Loss: 1.6648 | Val Loss: 0.7401 | Acc (clean): 0.9230 | Acc (poison): 0.7619 | Val Acc: 0.8696 | Time: 00:00:12
Epoch 068 | Seed 2001 | Rate 0.20 | Train Loss: 1.6515 | Val Loss: 0.7542 | Acc (clean): 0.9255 | Acc (poison): 0.7649 | Val Acc: 0.8637 | Time: 00:00:12
Epoch 069 | Seed 2001 | Rate 0.20 | Train Loss: 1.6530 | Val Loss: 0.7251 | Acc (clean): 0.9233 | Acc (poison): 0.7641 | Val Acc: 0.8793 | Time: 00:00:12
Epoch 070 | Seed 2001 | Rate 0.20 | Train Loss: 1.6456 | Val Loss: 0.7260 | Acc (clean): 0.9242 | Acc (poison): 0.7655 | Val Acc: 0.8700 | Time: 00:00:12
Epoch 071 | Seed 2001 | Rate 0.20 | Train Loss: 1.6366 | Val Loss: 0.7256 | Acc (clean): 0.9228 | Acc (poison): 0.7651 | Val Acc: 0.8774 | Time: 00:00:12
Epoch 072 | Seed 2001 | Rate 0.20 | Train Loss: 1.6336 | Val Loss: 0.7133 | Acc (clean): 0.9219 | Acc (poison): 0.7643 | Val Acc: 0.8719 | Time: 00:00:12
Epoch 073 | Seed 2001 | Rate 0.20 | Train Loss: 1.6326 | Val Loss: 0.7119 | Acc (clean): 0.9192 | Acc (poison): 0.7644 | Val Acc: 0.8707 | Time: 00:00:12
Epoch 074 | Seed 2001 | Rate 0.20 | Train Loss: 1.6239 | Val Loss: 0.7419 | Acc (clean): 0.9215 | Acc (poison): 0.7667 | Val Acc: 0.8689 | Time: 00:00:12
Epoch 075 | Seed 2001 | Rate 0.20 | Train Loss: 1.6166 | Val Loss: 0.7565 | Acc (clean): 0.9207 | Acc (poison): 0.7677 | Val Acc: 0.8681 | Time: 00:00:12
Epoch 076 | Seed 2001 | Rate 0.20 | Train Loss: 1.5459 | Val Loss: 0.6510 | Acc (clean): 0.9342 | Acc (poison): 0.7810 | Val Acc: 0.8911 | Time: 00:00:12
Epoch 077 | Seed 2001 | Rate 0.20 | Train Loss: 1.5193 | Val Loss: 0.6634 | Acc (clean): 0.9398 | Acc (poison): 0.7895 | Val Acc: 0.8900 | Time: 00:00:12
Epoch 078 | Seed 2001 | Rate 0.20 | Train Loss: 1.5089 | Val Loss: 0.6533 | Acc (clean): 0.9405 | Acc (poison): 0.7910 | Val Acc: 0.8915 | Time: 00:00:12
Epoch 079 | Seed 2001 | Rate 0.20 | Train Loss: 1.4991 | Val Loss: 0.6589 | Acc (clean): 0.9381 | Acc (poison): 0.7907 | Val Acc: 0.8922 | Time: 00:00:12
Epoch 080 | Seed 2001 | Rate 0.20 | Train Loss: 1.4938 | Val Loss: 0.6636 | Acc (clean): 0.9386 | Acc (poison): 0.7917 | Val Acc: 0.8881 | Time: 00:00:12
Epoch 081 | Seed 2001 | Rate 0.20 | Train Loss: 1.4865 | Val Loss: 0.6599 | Acc (clean): 0.9425 | Acc (poison): 0.7954 | Val Acc: 0.8907 | Time: 00:00:12
Epoch 082 | Seed 2001 | Rate 0.20 | Train Loss: 1.4834 | Val Loss: 0.6640 | Acc (clean): 0.9384 | Acc (poison): 0.7940 | Val Acc: 0.8881 | Time: 00:00:12
Epoch 083 | Seed 2001 | Rate 0.20 | Train Loss: 1.4768 | Val Loss: 0.6829 | Acc (clean): 0.9415 | Acc (poison): 0.7961 | Val Acc: 0.8896 | Time: 00:00:12
Epoch 084 | Seed 2001 | Rate 0.20 | Train Loss: 1.4778 | Val Loss: 0.6838 | Acc (clean): 0.9381 | Acc (poison): 0.7976 | Val Acc: 0.8867 | Time: 00:00:12
Epoch 085 | Seed 2001 | Rate 0.20 | Train Loss: 1.4737 | Val Loss: 0.6617 | Acc (clean): 0.9356 | Acc (poison): 0.7956 | Val Acc: 0.8907 | Time: 00:00:13
Epoch 086 | Seed 2001 | Rate 0.20 | Train Loss: 1.4656 | Val Loss: 0.6729 | Acc (clean): 0.9364 | Acc (poison): 0.7977 | Val Acc: 0.8874 | Time: 00:00:12
Epoch 087 | Seed 2001 | Rate 0.20 | Train Loss: 1.4657 | Val Loss: 0.6644 | Acc (clean): 0.9369 | Acc (poison): 0.7976 | Val Acc: 0.8893 | Time: 00:00:12
Epoch 088 | Seed 2001 | Rate 0.20 | Train Loss: 1.4630 | Val Loss: 0.6788 | Acc (clean): 0.9376 | Acc (poison): 0.7991 | Val Acc: 0.8852 | Time: 00:00:12
Epoch 089 | Seed 2001 | Rate 0.20 | Train Loss: 1.4573 | Val Loss: 0.6757 | Acc (clean): 0.9364 | Acc (poison): 0.7994 | Val Acc: 0.8841 | Time: 00:00:12
Epoch 090 | Seed 2001 | Rate 0.20 | Train Loss: 1.4546 | Val Loss: 0.6738 | Acc (clean): 0.9356 | Acc (poison): 0.7998 | Val Acc: 0.8874 | Time: 00:00:12
Epoch 091 | Seed 2001 | Rate 0.20 | Train Loss: 1.4507 | Val Loss: 0.6722 | Acc (clean): 0.9366 | Acc (poison): 0.8002 | Val Acc: 0.8878 | Time: 00:00:12
Epoch 092 | Seed 2001 | Rate 0.20 | Train Loss: 1.4479 | Val Loss: 0.6827 | Acc (clean): 0.9341 | Acc (poison): 0.8023 | Val Acc: 0.8852 | Time: 00:00:12
Epoch 093 | Seed 2001 | Rate 0.20 | Train Loss: 1.4432 | Val Loss: 0.6735 | Acc (clean): 0.9334 | Acc (poison): 0.8011 | Val Acc: 0.8852 | Time: 00:00:12
Epoch 094 | Seed 2001 | Rate 0.20 | Train Loss: 1.4435 | Val Loss: 0.6836 | Acc (clean): 0.9367 | Acc (poison): 0.8022 | Val Acc: 0.8841 | Time: 00:00:12
Epoch 095 | Seed 2001 | Rate 0.20 | Train Loss: 1.4367 | Val Loss: 0.6714 | Acc (clean): 0.9347 | Acc (poison): 0.8038 | Val Acc: 0.8856 | Time: 00:00:12
Epoch 096 | Seed 2001 | Rate 0.20 | Train Loss: 1.4320 | Val Loss: 0.7024 | Acc (clean): 0.9356 | Acc (poison): 0.8056 | Val Acc: 0.8867 | Time: 00:00:12
Epoch 097 | Seed 2001 | Rate 0.20 | Train Loss: 1.4292 | Val Loss: 0.6784 | Acc (clean): 0.9324 | Acc (poison): 0.8042 | Val Acc: 0.8874 | Time: 00:00:12
Epoch 098 | Seed 2001 | Rate 0.20 | Train Loss: 1.4274 | Val Loss: 0.6834 | Acc (clean): 0.9327 | Acc (poison): 0.8054 | Val Acc: 0.8878 | Time: 00:00:12
Epoch 099 | Seed 2001 | Rate 0.20 | Train Loss: 1.4249 | Val Loss: 0.6925 | Acc (clean): 0.9313 | Acc (poison): 0.8048 | Val Acc: 0.8826 | Time: 00:00:12
Epoch 100 | Seed 2001 | Rate 0.20 | Train Loss: 1.4229 | Val Loss: 0.6915 | Acc (clean): 0.9327 | Acc (poison): 0.8050 | Val Acc: 0.8841 | Time: 00:00:12

=== defense=label_smoothing attack=RQ2 seed=2001 rate=0.01 ===
Loading train data from /home/yazanme/BachelorThesis/BachelorThesis/data/processed/resisc45/train.h5 with mapping /home/yazanme/BachelorThesis/BachelorThesis/data/processed/resisc45/poisoned/RQ2/seed_2001/labels_0.01.pt... (in_memory=True, workers=4)
Testing torch.compile support...
Successfully compiled model using torch.compile.
Epoch 001 | Seed 2001 | Rate 0.01 | Train Loss: 3.0023 | Val Loss: 2.4252 | Acc (clean): 0.2471 | Acc (poison): 0.2458 | Val Acc: 0.3241 | Time: 00:00:12
Epoch 002 | Seed 2001 | Rate 0.01 | Train Loss: 2.2441 | Val Loss: 2.0256 | Acc (clean): 0.4651 | Acc (poison): 0.4619 | Val Acc: 0.4170 | Time: 00:00:12
Epoch 003 | Seed 2001 | Rate 0.01 | Train Loss: 1.9600 | Val Loss: 1.6793 | Acc (clean): 0.5675 | Acc (poison): 0.5630 | Val Acc: 0.5137 | Time: 00:00:12
Epoch 004 | Seed 2001 | Rate 0.01 | Train Loss: 1.7919 | Val Loss: 1.7598 | Acc (clean): 0.6200 | Acc (poison): 0.6151 | Val Acc: 0.5015 | Time: 00:00:12
Epoch 005 | Seed 2001 | Rate 0.01 | Train Loss: 1.6689 | Val Loss: 1.5084 | Acc (clean): 0.6724 | Acc (poison): 0.6667 | Val Acc: 0.5707 | Time: 00:00:12
Epoch 006 | Seed 2001 | Rate 0.01 | Train Loss: 1.5667 | Val Loss: 1.6153 | Acc (clean): 0.7078 | Acc (poison): 0.7021 | Val Acc: 0.5478 | Time: 00:00:12
Epoch 007 | Seed 2001 | Rate 0.01 | Train Loss: 1.4759 | Val Loss: 1.3241 | Acc (clean): 0.7406 | Acc (poison): 0.7346 | Val Acc: 0.6215 | Time: 00:00:12
Epoch 008 | Seed 2001 | Rate 0.01 | Train Loss: 1.4188 | Val Loss: 1.8678 | Acc (clean): 0.7615 | Acc (poison): 0.7549 | Val Acc: 0.5115 | Time: 00:00:12
Epoch 009 | Seed 2001 | Rate 0.01 | Train Loss: 1.3714 | Val Loss: 1.3165 | Acc (clean): 0.7781 | Acc (poison): 0.7713 | Val Acc: 0.6248 | Time: 00:00:12
Epoch 010 | Seed 2001 | Rate 0.01 | Train Loss: 1.3366 | Val Loss: 1.1470 | Acc (clean): 0.7887 | Acc (poison): 0.7817 | Val Acc: 0.6700 | Time: 00:00:12
Epoch 011 | Seed 2001 | Rate 0.01 | Train Loss: 1.3060 | Val Loss: 1.2320 | Acc (clean): 0.8037 | Acc (poison): 0.7967 | Val Acc: 0.6622 | Time: 00:00:12
Epoch 012 | Seed 2001 | Rate 0.01 | Train Loss: 1.2869 | Val Loss: 1.6633 | Acc (clean): 0.8084 | Acc (poison): 0.8014 | Val Acc: 0.5319 | Time: 00:00:12
Epoch 013 | Seed 2001 | Rate 0.01 | Train Loss: 1.2691 | Val Loss: 1.2417 | Acc (clean): 0.8162 | Acc (poison): 0.8089 | Val Acc: 0.6693 | Time: 00:00:12
Epoch 014 | Seed 2001 | Rate 0.01 | Train Loss: 1.2610 | Val Loss: 1.4746 | Acc (clean): 0.8185 | Acc (poison): 0.8117 | Val Acc: 0.6048 | Time: 00:00:12
Epoch 015 | Seed 2001 | Rate 0.01 | Train Loss: 1.2466 | Val Loss: 1.0786 | Acc (clean): 0.8221 | Acc (poison): 0.8155 | Val Acc: 0.7019 | Time: 00:00:12
Epoch 016 | Seed 2001 | Rate 0.01 | Train Loss: 1.2412 | Val Loss: 1.5165 | Acc (clean): 0.8261 | Acc (poison): 0.8196 | Val Acc: 0.5948 | Time: 00:00:12
Epoch 017 | Seed 2001 | Rate 0.01 | Train Loss: 1.2312 | Val Loss: 1.2308 | Acc (clean): 0.8301 | Acc (poison): 0.8229 | Val Acc: 0.6570 | Time: 00:00:12
Epoch 018 | Seed 2001 | Rate 0.01 | Train Loss: 1.2224 | Val Loss: 1.3014 | Acc (clean): 0.8349 | Acc (poison): 0.8270 | Val Acc: 0.6352 | Time: 00:00:12
Epoch 019 | Seed 2001 | Rate 0.01 | Train Loss: 1.2192 | Val Loss: 1.7053 | Acc (clean): 0.8352 | Acc (poison): 0.8281 | Val Acc: 0.5278 | Time: 00:00:12
Epoch 020 | Seed 2001 | Rate 0.01 | Train Loss: 1.2186 | Val Loss: 1.6859 | Acc (clean): 0.8353 | Acc (poison): 0.8283 | Val Acc: 0.5519 | Time: 00:00:12
Epoch 021 | Seed 2001 | Rate 0.01 | Train Loss: 1.2101 | Val Loss: 1.1155 | Acc (clean): 0.8390 | Acc (poison): 0.8318 | Val Acc: 0.6833 | Time: 00:00:12
Epoch 022 | Seed 2001 | Rate 0.01 | Train Loss: 1.2066 | Val Loss: 1.1323 | Acc (clean): 0.8397 | Acc (poison): 0.8326 | Val Acc: 0.6778 | Time: 00:00:12
Epoch 023 | Seed 2001 | Rate 0.01 | Train Loss: 1.2083 | Val Loss: 1.3750 | Acc (clean): 0.8395 | Acc (poison): 0.8318 | Val Acc: 0.6419 | Time: 00:00:12
Epoch 024 | Seed 2001 | Rate 0.01 | Train Loss: 1.2079 | Val Loss: 0.9598 | Acc (clean): 0.8367 | Acc (poison): 0.8295 | Val Acc: 0.7341 | Time: 00:00:12
Epoch 025 | Seed 2001 | Rate 0.01 | Train Loss: 1.1948 | Val Loss: 1.1496 | Acc (clean): 0.8456 | Acc (poison): 0.8377 | Val Acc: 0.6781 | Time: 00:00:12
Epoch 026 | Seed 2001 | Rate 0.01 | Train Loss: 1.1922 | Val Loss: 1.1205 | Acc (clean): 0.8426 | Acc (poison): 0.8357 | Val Acc: 0.6944 | Time: 00:00:12
Epoch 027 | Seed 2001 | Rate 0.01 | Train Loss: 1.1868 | Val Loss: 0.9272 | Acc (clean): 0.8474 | Acc (poison): 0.8397 | Val Acc: 0.7470 | Time: 00:00:12
Epoch 028 | Seed 2001 | Rate 0.01 | Train Loss: 1.1950 | Val Loss: 1.4435 | Acc (clean): 0.8445 | Acc (poison): 0.8366 | Val Acc: 0.6130 | Time: 00:00:12
Epoch 029 | Seed 2001 | Rate 0.01 | Train Loss: 1.1873 | Val Loss: 1.2487 | Acc (clean): 0.8472 | Acc (poison): 0.8399 | Val Acc: 0.6589 | Time: 00:00:12
Epoch 030 | Seed 2001 | Rate 0.01 | Train Loss: 1.1819 | Val Loss: 1.0503 | Acc (clean): 0.8498 | Acc (poison): 0.8418 | Val Acc: 0.7133 | Time: 00:00:12
Epoch 031 | Seed 2001 | Rate 0.01 | Train Loss: 1.1854 | Val Loss: 0.9123 | Acc (clean): 0.8446 | Acc (poison): 0.8374 | Val Acc: 0.7626 | Time: 00:00:12
Epoch 032 | Seed 2001 | Rate 0.01 | Train Loss: 1.1839 | Val Loss: 1.0043 | Acc (clean): 0.8502 | Acc (poison): 0.8427 | Val Acc: 0.7252 | Time: 00:00:12
Epoch 033 | Seed 2001 | Rate 0.01 | Train Loss: 1.1745 | Val Loss: 0.8726 | Acc (clean): 0.8526 | Acc (poison): 0.8451 | Val Acc: 0.7726 | Time: 00:00:12
Epoch 034 | Seed 2001 | Rate 0.01 | Train Loss: 1.1693 | Val Loss: 1.1741 | Acc (clean): 0.8542 | Acc (poison): 0.8462 | Val Acc: 0.6770 | Time: 00:00:12
Epoch 035 | Seed 2001 | Rate 0.01 | Train Loss: 1.1785 | Val Loss: 1.2214 | Acc (clean): 0.8503 | Acc (poison): 0.8431 | Val Acc: 0.6685 | Time: 00:00:12
Epoch 036 | Seed 2001 | Rate 0.01 | Train Loss: 1.1719 | Val Loss: 1.1923 | Acc (clean): 0.8519 | Acc (poison): 0.8446 | Val Acc: 0.6756 | Time: 00:00:12
Epoch 037 | Seed 2001 | Rate 0.01 | Train Loss: 1.1686 | Val Loss: 0.9527 | Acc (clean): 0.8546 | Acc (poison): 0.8465 | Val Acc: 0.7319 | Time: 00:00:12
Epoch 038 | Seed 2001 | Rate 0.01 | Train Loss: 1.1647 | Val Loss: 1.9487 | Acc (clean): 0.8560 | Acc (poison): 0.8486 | Val Acc: 0.4685 | Time: 00:00:12
Epoch 039 | Seed 2001 | Rate 0.01 | Train Loss: 1.1702 | Val Loss: 1.4882 | Acc (clean): 0.8542 | Acc (poison): 0.8465 | Val Acc: 0.5967 | Time: 00:00:12
Epoch 040 | Seed 2001 | Rate 0.01 | Train Loss: 1.1715 | Val Loss: 1.0030 | Acc (clean): 0.8521 | Acc (poison): 0.8444 | Val Acc: 0.7356 | Time: 00:00:12
Epoch 041 | Seed 2001 | Rate 0.01 | Train Loss: 1.1587 | Val Loss: 1.4440 | Acc (clean): 0.8574 | Acc (poison): 0.8500 | Val Acc: 0.5885 | Time: 00:00:12
Epoch 042 | Seed 2001 | Rate 0.01 | Train Loss: 1.1701 | Val Loss: 1.4937 | Acc (clean): 0.8551 | Acc (poison): 0.8474 | Val Acc: 0.5900 | Time: 00:00:12
Epoch 043 | Seed 2001 | Rate 0.01 | Train Loss: 1.1643 | Val Loss: 0.9153 | Acc (clean): 0.8559 | Acc (poison): 0.8486 | Val Acc: 0.7589 | Time: 00:00:12
Epoch 044 | Seed 2001 | Rate 0.01 | Train Loss: 1.1625 | Val Loss: 1.0007 | Acc (clean): 0.8575 | Acc (poison): 0.8499 | Val Acc: 0.7315 | Time: 00:00:12
Epoch 045 | Seed 2001 | Rate 0.01 | Train Loss: 1.1642 | Val Loss: 0.9611 | Acc (clean): 0.8555 | Acc (poison): 0.8480 | Val Acc: 0.7344 | Time: 00:00:12
Epoch 046 | Seed 2001 | Rate 0.01 | Train Loss: 1.1617 | Val Loss: 0.8902 | Acc (clean): 0.8565 | Acc (poison): 0.8489 | Val Acc: 0.7522 | Time: 00:00:12
Epoch 047 | Seed 2001 | Rate 0.01 | Train Loss: 1.1644 | Val Loss: 1.0163 | Acc (clean): 0.8556 | Acc (poison): 0.8479 | Val Acc: 0.7204 | Time: 00:00:12
Epoch 048 | Seed 2001 | Rate 0.01 | Train Loss: 1.1594 | Val Loss: 1.2563 | Acc (clean): 0.8591 | Acc (poison): 0.8517 | Val Acc: 0.6585 | Time: 00:00:12
Epoch 049 | Seed 2001 | Rate 0.01 | Train Loss: 1.1601 | Val Loss: 1.2084 | Acc (clean): 0.8575 | Acc (poison): 0.8495 | Val Acc: 0.6733 | Time: 00:00:12
Epoch 050 | Seed 2001 | Rate 0.01 | Train Loss: 1.1575 | Val Loss: 1.0577 | Acc (clean): 0.8578 | Acc (poison): 0.8497 | Val Acc: 0.7052 | Time: 00:00:12
Epoch 051 | Seed 2001 | Rate 0.01 | Train Loss: 1.0015 | Val Loss: 0.4309 | Acc (clean): 0.9190 | Acc (poison): 0.9108 | Val Acc: 0.8963 | Time: 00:00:12
Epoch 052 | Seed 2001 | Rate 0.01 | Train Loss: 0.9400 | Val Loss: 0.3899 | Acc (clean): 0.9426 | Acc (poison): 0.9338 | Val Acc: 0.9111 | Time: 00:00:12
Epoch 053 | Seed 2001 | Rate 0.01 | Train Loss: 0.9211 | Val Loss: 0.3818 | Acc (clean): 0.9485 | Acc (poison): 0.9403 | Val Acc: 0.9111 | Time: 00:00:12
Epoch 054 | Seed 2001 | Rate 0.01 | Train Loss: 0.9074 | Val Loss: 0.3631 | Acc (clean): 0.9521 | Acc (poison): 0.9441 | Val Acc: 0.9148 | Time: 00:00:12
Epoch 055 | Seed 2001 | Rate 0.01 | Train Loss: 0.8960 | Val Loss: 0.3874 | Acc (clean): 0.9574 | Acc (poison): 0.9495 | Val Acc: 0.9141 | Time: 00:00:12
Epoch 056 | Seed 2001 | Rate 0.01 | Train Loss: 0.8894 | Val Loss: 0.3586 | Acc (clean): 0.9585 | Acc (poison): 0.9504 | Val Acc: 0.9178 | Time: 00:00:12
Epoch 057 | Seed 2001 | Rate 0.01 | Train Loss: 0.8826 | Val Loss: 0.3742 | Acc (clean): 0.9607 | Acc (poison): 0.9529 | Val Acc: 0.9163 | Time: 00:00:12
Epoch 058 | Seed 2001 | Rate 0.01 | Train Loss: 0.8746 | Val Loss: 0.3736 | Acc (clean): 0.9635 | Acc (poison): 0.9558 | Val Acc: 0.9174 | Time: 00:00:12
Epoch 059 | Seed 2001 | Rate 0.01 | Train Loss: 0.8703 | Val Loss: 0.3820 | Acc (clean): 0.9652 | Acc (poison): 0.9580 | Val Acc: 0.9115 | Time: 00:00:12
Epoch 060 | Seed 2001 | Rate 0.01 | Train Loss: 0.8639 | Val Loss: 0.3695 | Acc (clean): 0.9676 | Acc (poison): 0.9604 | Val Acc: 0.9189 | Time: 00:00:12
Epoch 061 | Seed 2001 | Rate 0.01 | Train Loss: 0.8607 | Val Loss: 0.3627 | Acc (clean): 0.9675 | Acc (poison): 0.9611 | Val Acc: 0.9174 | Time: 00:00:12
Epoch 062 | Seed 2001 | Rate 0.01 | Train Loss: 0.8556 | Val Loss: 0.3695 | Acc (clean): 0.9692 | Acc (poison): 0.9621 | Val Acc: 0.9196 | Time: 00:00:12
Epoch 063 | Seed 2001 | Rate 0.01 | Train Loss: 0.8478 | Val Loss: 0.3649 | Acc (clean): 0.9720 | Acc (poison): 0.9653 | Val Acc: 0.9207 | Time: 00:00:12
Epoch 064 | Seed 2001 | Rate 0.01 | Train Loss: 0.8458 | Val Loss: 0.3698 | Acc (clean): 0.9707 | Acc (poison): 0.9647 | Val Acc: 0.9148 | Time: 00:00:12
Epoch 065 | Seed 2001 | Rate 0.01 | Train Loss: 0.8425 | Val Loss: 0.3753 | Acc (clean): 0.9730 | Acc (poison): 0.9665 | Val Acc: 0.9104 | Time: 00:00:12
Epoch 066 | Seed 2001 | Rate 0.01 | Train Loss: 0.8410 | Val Loss: 0.3809 | Acc (clean): 0.9735 | Acc (poison): 0.9667 | Val Acc: 0.9089 | Time: 00:00:12
Epoch 067 | Seed 2001 | Rate 0.01 | Train Loss: 0.8359 | Val Loss: 0.3623 | Acc (clean): 0.9741 | Acc (poison): 0.9684 | Val Acc: 0.9156 | Time: 00:00:12
Epoch 068 | Seed 2001 | Rate 0.01 | Train Loss: 0.8300 | Val Loss: 0.4144 | Acc (clean): 0.9757 | Acc (poison): 0.9699 | Val Acc: 0.9044 | Time: 00:00:12
Epoch 069 | Seed 2001 | Rate 0.01 | Train Loss: 0.8291 | Val Loss: 0.3886 | Acc (clean): 0.9761 | Acc (poison): 0.9709 | Val Acc: 0.9119 | Time: 00:00:12
Epoch 070 | Seed 2001 | Rate 0.01 | Train Loss: 0.8268 | Val Loss: 0.3736 | Acc (clean): 0.9762 | Acc (poison): 0.9709 | Val Acc: 0.9144 | Time: 00:00:12
Epoch 071 | Seed 2001 | Rate 0.01 | Train Loss: 0.8238 | Val Loss: 0.3872 | Acc (clean): 0.9773 | Acc (poison): 0.9720 | Val Acc: 0.9100 | Time: 00:00:12
Epoch 072 | Seed 2001 | Rate 0.01 | Train Loss: 0.8241 | Val Loss: 0.3863 | Acc (clean): 0.9775 | Acc (poison): 0.9719 | Val Acc: 0.9122 | Time: 00:00:13
Epoch 073 | Seed 2001 | Rate 0.01 | Train Loss: 0.8215 | Val Loss: 0.3743 | Acc (clean): 0.9779 | Acc (poison): 0.9730 | Val Acc: 0.9196 | Time: 00:00:12
Epoch 074 | Seed 2001 | Rate 0.01 | Train Loss: 0.8192 | Val Loss: 0.3759 | Acc (clean): 0.9786 | Acc (poison): 0.9737 | Val Acc: 0.9137 | Time: 00:00:12
Epoch 075 | Seed 2001 | Rate 0.01 | Train Loss: 0.8150 | Val Loss: 0.3724 | Acc (clean): 0.9782 | Acc (poison): 0.9742 | Val Acc: 0.9193 | Time: 00:00:12
Epoch 076 | Seed 2001 | Rate 0.01 | Train Loss: 0.7960 | Val Loss: 0.3418 | Acc (clean): 0.9859 | Acc (poison): 0.9820 | Val Acc: 0.9278 | Time: 00:00:12
Epoch 077 | Seed 2001 | Rate 0.01 | Train Loss: 0.7888 | Val Loss: 0.3449 | Acc (clean): 0.9872 | Acc (poison): 0.9844 | Val Acc: 0.9248 | Time: 00:00:12
Epoch 078 | Seed 2001 | Rate 0.01 | Train Loss: 0.7881 | Val Loss: 0.3377 | Acc (clean): 0.9870 | Acc (poison): 0.9844 | Val Acc: 0.9248 | Time: 00:00:12
Epoch 079 | Seed 2001 | Rate 0.01 | Train Loss: 0.7875 | Val Loss: 0.3439 | Acc (clean): 0.9876 | Acc (poison): 0.9847 | Val Acc: 0.9226 | Time: 00:00:12
Epoch 080 | Seed 2001 | Rate 0.01 | Train Loss: 0.7846 | Val Loss: 0.3458 | Acc (clean): 0.9877 | Acc (poison): 0.9856 | Val Acc: 0.9237 | Time: 00:00:12
Epoch 081 | Seed 2001 | Rate 0.01 | Train Loss: 0.7823 | Val Loss: 0.3483 | Acc (clean): 0.9893 | Acc (poison): 0.9867 | Val Acc: 0.9241 | Time: 00:00:12
Epoch 082 | Seed 2001 | Rate 0.01 | Train Loss: 0.7826 | Val Loss: 0.3450 | Acc (clean): 0.9882 | Acc (poison): 0.9865 | Val Acc: 0.9252 | Time: 00:00:12
Epoch 083 | Seed 2001 | Rate 0.01 | Train Loss: 0.7797 | Val Loss: 0.3507 | Acc (clean): 0.9889 | Acc (poison): 0.9867 | Val Acc: 0.9270 | Time: 00:00:12
Epoch 084 | Seed 2001 | Rate 0.01 | Train Loss: 0.7813 | Val Loss: 0.3488 | Acc (clean): 0.9873 | Acc (poison): 0.9860 | Val Acc: 0.9267 | Time: 00:00:12
Epoch 085 | Seed 2001 | Rate 0.01 | Train Loss: 0.7801 | Val Loss: 0.3401 | Acc (clean): 0.9897 | Acc (poison): 0.9872 | Val Acc: 0.9248 | Time: 00:00:12
Epoch 086 | Seed 2001 | Rate 0.01 | Train Loss: 0.7794 | Val Loss: 0.3517 | Acc (clean): 0.9877 | Acc (poison): 0.9858 | Val Acc: 0.9237 | Time: 00:00:12
Epoch 087 | Seed 2001 | Rate 0.01 | Train Loss: 0.7803 | Val Loss: 0.3426 | Acc (clean): 0.9883 | Acc (poison): 0.9867 | Val Acc: 0.9267 | Time: 00:00:12
Epoch 088 | Seed 2001 | Rate 0.01 | Train Loss: 0.7778 | Val Loss: 0.3440 | Acc (clean): 0.9887 | Acc (poison): 0.9878 | Val Acc: 0.9281 | Time: 00:00:12
Epoch 089 | Seed 2001 | Rate 0.01 | Train Loss: 0.7781 | Val Loss: 0.3428 | Acc (clean): 0.9884 | Acc (poison): 0.9865 | Val Acc: 0.9278 | Time: 00:00:12
Epoch 090 | Seed 2001 | Rate 0.01 | Train Loss: 0.7785 | Val Loss: 0.3487 | Acc (clean): 0.9885 | Acc (poison): 0.9874 | Val Acc: 0.9226 | Time: 00:00:12
Epoch 091 | Seed 2001 | Rate 0.01 | Train Loss: 0.7761 | Val Loss: 0.3456 | Acc (clean): 0.9893 | Acc (poison): 0.9878 | Val Acc: 0.9226 | Time: 00:00:12
Epoch 092 | Seed 2001 | Rate 0.01 | Train Loss: 0.7751 | Val Loss: 0.3546 | Acc (clean): 0.9891 | Acc (poison): 0.9878 | Val Acc: 0.9230 | Time: 00:00:12
Epoch 093 | Seed 2001 | Rate 0.01 | Train Loss: 0.7748 | Val Loss: 0.3495 | Acc (clean): 0.9892 | Acc (poison): 0.9882 | Val Acc: 0.9226 | Time: 00:00:12
Epoch 094 | Seed 2001 | Rate 0.01 | Train Loss: 0.7749 | Val Loss: 0.3564 | Acc (clean): 0.9894 | Acc (poison): 0.9887 | Val Acc: 0.9196 | Time: 00:00:12
Epoch 095 | Seed 2001 | Rate 0.01 | Train Loss: 0.7759 | Val Loss: 0.3496 | Acc (clean): 0.9892 | Acc (poison): 0.9875 | Val Acc: 0.9222 | Time: 00:00:12
Epoch 096 | Seed 2001 | Rate 0.01 | Train Loss: 0.7736 | Val Loss: 0.3564 | Acc (clean): 0.9900 | Acc (poison): 0.9890 | Val Acc: 0.9215 | Time: 00:00:12
Epoch 097 | Seed 2001 | Rate 0.01 | Train Loss: 0.7738 | Val Loss: 0.3455 | Acc (clean): 0.9893 | Acc (poison): 0.9880 | Val Acc: 0.9256 | Time: 00:00:12
Epoch 098 | Seed 2001 | Rate 0.01 | Train Loss: 0.7736 | Val Loss: 0.3474 | Acc (clean): 0.9888 | Acc (poison): 0.9879 | Val Acc: 0.9270 | Time: 00:00:12
Epoch 099 | Seed 2001 | Rate 0.01 | Train Loss: 0.7727 | Val Loss: 0.3507 | Acc (clean): 0.9893 | Acc (poison): 0.9881 | Val Acc: 0.9226 | Time: 00:00:11
Epoch 100 | Seed 2001 | Rate 0.01 | Train Loss: 0.7728 | Val Loss: 0.3500 | Acc (clean): 0.9895 | Acc (poison): 0.9889 | Val Acc: 0.9237 | Time: 00:00:11

=== defense=label_smoothing attack=RQ2 seed=2001 rate=0.02 ===
Loading train data from /home/yazanme/BachelorThesis/BachelorThesis/data/processed/resisc45/train.h5 with mapping /home/yazanme/BachelorThesis/BachelorThesis/data/processed/resisc45/poisoned/RQ2/seed_2001/labels_0.02.pt... (in_memory=True, workers=4)
Testing torch.compile support...
Successfully compiled model using torch.compile.
Epoch 001 | Seed 2001 | Rate 0.02 | Train Loss: 2.9871 | Val Loss: 2.5399 | Acc (clean): 0.2491 | Acc (poison): 0.2469 | Val Acc: 0.2826 | Time: 00:00:13
Epoch 002 | Seed 2001 | Rate 0.02 | Train Loss: 2.2708 | Val Loss: 2.4544 | Acc (clean): 0.4610 | Acc (poison): 0.4552 | Val Acc: 0.3400 | Time: 00:00:12
Epoch 003 | Seed 2001 | Rate 0.02 | Train Loss: 2.0120 | Val Loss: 1.6308 | Acc (clean): 0.5472 | Acc (poison): 0.5402 | Val Acc: 0.5393 | Time: 00:00:12
Epoch 004 | Seed 2001 | Rate 0.02 | Train Loss: 1.8316 | Val Loss: 1.5836 | Acc (clean): 0.6133 | Acc (poison): 0.6044 | Val Acc: 0.5693 | Time: 00:00:12
Epoch 005 | Seed 2001 | Rate 0.02 | Train Loss: 1.6977 | Val Loss: 1.3032 | Acc (clean): 0.6647 | Acc (poison): 0.6553 | Val Acc: 0.6267 | Time: 00:00:12
Epoch 006 | Seed 2001 | Rate 0.02 | Train Loss: 1.5927 | Val Loss: 1.2166 | Acc (clean): 0.7025 | Acc (poison): 0.6920 | Val Acc: 0.6533 | Time: 00:00:12
Epoch 007 | Seed 2001 | Rate 0.02 | Train Loss: 1.5002 | Val Loss: 1.3351 | Acc (clean): 0.7337 | Acc (poison): 0.7224 | Val Acc: 0.6170 | Time: 00:00:12
Epoch 008 | Seed 2001 | Rate 0.02 | Train Loss: 1.4365 | Val Loss: 1.0486 | Acc (clean): 0.7609 | Acc (poison): 0.7493 | Val Acc: 0.7052 | Time: 00:00:12
Epoch 009 | Seed 2001 | Rate 0.02 | Train Loss: 1.3938 | Val Loss: 1.1450 | Acc (clean): 0.7758 | Acc (poison): 0.7640 | Val Acc: 0.6741 | Time: 00:00:12
Epoch 010 | Seed 2001 | Rate 0.02 | Train Loss: 1.3558 | Val Loss: 1.0270 | Acc (clean): 0.7900 | Acc (poison): 0.7764 | Val Acc: 0.7085 | Time: 00:00:12
Epoch 011 | Seed 2001 | Rate 0.02 | Train Loss: 1.3339 | Val Loss: 0.9507 | Acc (clean): 0.8012 | Acc (poison): 0.7886 | Val Acc: 0.7393 | Time: 00:00:12
Epoch 012 | Seed 2001 | Rate 0.02 | Train Loss: 1.3090 | Val Loss: 1.7958 | Acc (clean): 0.8094 | Acc (poison): 0.7963 | Val Acc: 0.5185 | Time: 00:00:12
Epoch 013 | Seed 2001 | Rate 0.02 | Train Loss: 1.2924 | Val Loss: 0.9602 | Acc (clean): 0.8139 | Acc (poison): 0.8014 | Val Acc: 0.7326 | Time: 00:00:12
Epoch 014 | Seed 2001 | Rate 0.02 | Train Loss: 1.2856 | Val Loss: 0.9945 | Acc (clean): 0.8161 | Acc (poison): 0.8033 | Val Acc: 0.7256 | Time: 00:00:12
Epoch 015 | Seed 2001 | Rate 0.02 | Train Loss: 1.2717 | Val Loss: 0.8816 | Acc (clean): 0.8197 | Acc (poison): 0.8065 | Val Acc: 0.7574 | Time: 00:00:12
Epoch 016 | Seed 2001 | Rate 0.02 | Train Loss: 1.2679 | Val Loss: 0.8341 | Acc (clean): 0.8238 | Acc (poison): 0.8104 | Val Acc: 0.7774 | Time: 00:00:12
Epoch 017 | Seed 2001 | Rate 0.02 | Train Loss: 1.2545 | Val Loss: 0.8977 | Acc (clean): 0.8275 | Acc (poison): 0.8142 | Val Acc: 0.7544 | Time: 00:00:12
Epoch 018 | Seed 2001 | Rate 0.02 | Train Loss: 1.2448 | Val Loss: 0.9087 | Acc (clean): 0.8335 | Acc (poison): 0.8185 | Val Acc: 0.7604 | Time: 00:00:12
Epoch 019 | Seed 2001 | Rate 0.02 | Train Loss: 1.2504 | Val Loss: 1.4088 | Acc (clean): 0.8302 | Acc (poison): 0.8165 | Val Acc: 0.6226 | Time: 00:00:12
Epoch 020 | Seed 2001 | Rate 0.02 | Train Loss: 1.2445 | Val Loss: 1.5851 | Acc (clean): 0.8361 | Acc (poison): 0.8225 | Val Acc: 0.5537 | Time: 00:00:12
Epoch 021 | Seed 2001 | Rate 0.02 | Train Loss: 1.2387 | Val Loss: 1.0990 | Acc (clean): 0.8342 | Acc (poison): 0.8209 | Val Acc: 0.7026 | Time: 00:00:12
Epoch 022 | Seed 2001 | Rate 0.02 | Train Loss: 1.2398 | Val Loss: 1.2128 | Acc (clean): 0.8351 | Acc (poison): 0.8211 | Val Acc: 0.6648 | Time: 00:00:12
Epoch 023 | Seed 2001 | Rate 0.02 | Train Loss: 1.2376 | Val Loss: 1.4015 | Acc (clean): 0.8359 | Acc (poison): 0.8227 | Val Acc: 0.6137 | Time: 00:00:12
Epoch 024 | Seed 2001 | Rate 0.02 | Train Loss: 1.2283 | Val Loss: 0.9410 | Acc (clean): 0.8388 | Acc (poison): 0.8250 | Val Acc: 0.7404 | Time: 00:00:12
Epoch 025 | Seed 2001 | Rate 0.02 | Train Loss: 1.2193 | Val Loss: 0.9468 | Acc (clean): 0.8437 | Acc (poison): 0.8300 | Val Acc: 0.7370 | Time: 00:00:12
Epoch 026 | Seed 2001 | Rate 0.02 | Train Loss: 1.2185 | Val Loss: 1.2032 | Acc (clean): 0.8442 | Acc (poison): 0.8301 | Val Acc: 0.6763 | Time: 00:00:12
Epoch 027 | Seed 2001 | Rate 0.02 | Train Loss: 1.2218 | Val Loss: 1.0871 | Acc (clean): 0.8421 | Acc (poison): 0.8277 | Val Acc: 0.6963 | Time: 00:00:12
Epoch 028 | Seed 2001 | Rate 0.02 | Train Loss: 1.2119 | Val Loss: 1.0102 | Acc (clean): 0.8470 | Acc (poison): 0.8325 | Val Acc: 0.7130 | Time: 00:00:12
Epoch 029 | Seed 2001 | Rate 0.02 | Train Loss: 1.2124 | Val Loss: 1.0705 | Acc (clean): 0.8450 | Acc (poison): 0.8305 | Val Acc: 0.7107 | Time: 00:00:12
Epoch 030 | Seed 2001 | Rate 0.02 | Train Loss: 1.2057 | Val Loss: 2.1394 | Acc (clean): 0.8467 | Acc (poison): 0.8330 | Val Acc: 0.4111 | Time: 00:00:12
Epoch 031 | Seed 2001 | Rate 0.02 | Train Loss: 1.2119 | Val Loss: 0.9116 | Acc (clean): 0.8453 | Acc (poison): 0.8313 | Val Acc: 0.7489 | Time: 00:00:12
Epoch 032 | Seed 2001 | Rate 0.02 | Train Loss: 1.2142 | Val Loss: 1.1866 | Acc (clean): 0.8461 | Acc (poison): 0.8320 | Val Acc: 0.6663 | Time: 00:00:12
Epoch 033 | Seed 2001 | Rate 0.02 | Train Loss: 1.2087 | Val Loss: 1.0829 | Acc (clean): 0.8495 | Acc (poison): 0.8351 | Val Acc: 0.7056 | Time: 00:00:12
Epoch 034 | Seed 2001 | Rate 0.02 | Train Loss: 1.2000 | Val Loss: 1.3723 | Acc (clean): 0.8532 | Acc (poison): 0.8388 | Val Acc: 0.6152 | Time: 00:00:12
Epoch 035 | Seed 2001 | Rate 0.02 | Train Loss: 1.2072 | Val Loss: 1.6903 | Acc (clean): 0.8477 | Acc (poison): 0.8342 | Val Acc: 0.5559 | Time: 00:00:12
Epoch 036 | Seed 2001 | Rate 0.02 | Train Loss: 1.1969 | Val Loss: 1.2182 | Acc (clean): 0.8531 | Acc (poison): 0.8391 | Val Acc: 0.6681 | Time: 00:00:12
Epoch 037 | Seed 2001 | Rate 0.02 | Train Loss: 1.1928 | Val Loss: 0.9012 | Acc (clean): 0.8526 | Acc (poison): 0.8388 | Val Acc: 0.7585 | Time: 00:00:12
Epoch 038 | Seed 2001 | Rate 0.02 | Train Loss: 1.1935 | Val Loss: 1.2720 | Acc (clean): 0.8555 | Acc (poison): 0.8415 | Val Acc: 0.6456 | Time: 00:00:12
Epoch 039 | Seed 2001 | Rate 0.02 | Train Loss: 1.1940 | Val Loss: 1.3190 | Acc (clean): 0.8531 | Acc (poison): 0.8388 | Val Acc: 0.6385 | Time: 00:00:12
Epoch 040 | Seed 2001 | Rate 0.02 | Train Loss: 1.2032 | Val Loss: 1.5517 | Acc (clean): 0.8495 | Acc (poison): 0.8353 | Val Acc: 0.5759 | Time: 00:00:12
Epoch 041 | Seed 2001 | Rate 0.02 | Train Loss: 1.1885 | Val Loss: 1.1785 | Acc (clean): 0.8561 | Acc (poison): 0.8415 | Val Acc: 0.6785 | Time: 00:00:12
Epoch 042 | Seed 2001 | Rate 0.02 | Train Loss: 1.1985 | Val Loss: 0.9465 | Acc (clean): 0.8526 | Acc (poison): 0.8385 | Val Acc: 0.7370 | Time: 00:00:12
Epoch 043 | Seed 2001 | Rate 0.02 | Train Loss: 1.1966 | Val Loss: 0.9032 | Acc (clean): 0.8511 | Acc (poison): 0.8365 | Val Acc: 0.7537 | Time: 00:00:12
Epoch 044 | Seed 2001 | Rate 0.02 | Train Loss: 1.1934 | Val Loss: 1.0885 | Acc (clean): 0.8545 | Acc (poison): 0.8405 | Val Acc: 0.7033 | Time: 00:00:12
Epoch 045 | Seed 2001 | Rate 0.02 | Train Loss: 1.1815 | Val Loss: 1.2245 | Acc (clean): 0.8600 | Acc (poison): 0.8453 | Val Acc: 0.6619 | Time: 00:00:12
Epoch 046 | Seed 2001 | Rate 0.02 | Train Loss: 1.1904 | Val Loss: 0.9694 | Acc (clean): 0.8535 | Acc (poison): 0.8396 | Val Acc: 0.7411 | Time: 00:00:12
Epoch 047 | Seed 2001 | Rate 0.02 | Train Loss: 1.1873 | Val Loss: 1.0297 | Acc (clean): 0.8540 | Acc (poison): 0.8407 | Val Acc: 0.7178 | Time: 00:00:12
Epoch 048 | Seed 2001 | Rate 0.02 | Train Loss: 1.1848 | Val Loss: 1.2691 | Acc (clean): 0.8573 | Acc (poison): 0.8433 | Val Acc: 0.6507 | Time: 00:00:12
Epoch 049 | Seed 2001 | Rate 0.02 | Train Loss: 1.1850 | Val Loss: 1.0804 | Acc (clean): 0.8556 | Acc (poison): 0.8413 | Val Acc: 0.7137 | Time: 00:00:12
Epoch 050 | Seed 2001 | Rate 0.02 | Train Loss: 1.1785 | Val Loss: 1.0313 | Acc (clean): 0.8573 | Acc (poison): 0.8426 | Val Acc: 0.7085 | Time: 00:00:12
Epoch 051 | Seed 2001 | Rate 0.02 | Train Loss: 1.0285 | Val Loss: 0.4201 | Acc (clean): 0.9164 | Acc (poison): 0.9010 | Val Acc: 0.9033 | Time: 00:00:12
Epoch 052 | Seed 2001 | Rate 0.02 | Train Loss: 0.9670 | Val Loss: 0.3896 | Acc (clean): 0.9414 | Acc (poison): 0.9251 | Val Acc: 0.9100 | Time: 00:00:12
Epoch 053 | Seed 2001 | Rate 0.02 | Train Loss: 0.9500 | Val Loss: 0.3845 | Acc (clean): 0.9466 | Acc (poison): 0.9309 | Val Acc: 0.9122 | Time: 00:00:12
Epoch 054 | Seed 2001 | Rate 0.02 | Train Loss: 0.9351 | Val Loss: 0.3724 | Acc (clean): 0.9506 | Acc (poison): 0.9355 | Val Acc: 0.9167 | Time: 00:00:12
Epoch 055 | Seed 2001 | Rate 0.02 | Train Loss: 0.9245 | Val Loss: 0.3825 | Acc (clean): 0.9538 | Acc (poison): 0.9383 | Val Acc: 0.9148 | Time: 00:00:12
Epoch 056 | Seed 2001 | Rate 0.02 | Train Loss: 0.9174 | Val Loss: 0.3728 | Acc (clean): 0.9562 | Acc (poison): 0.9409 | Val Acc: 0.9230 | Time: 00:00:12
Epoch 057 | Seed 2001 | Rate 0.02 | Train Loss: 0.9083 | Val Loss: 0.3725 | Acc (clean): 0.9592 | Acc (poison): 0.9443 | Val Acc: 0.9181 | Time: 00:00:12
Epoch 058 | Seed 2001 | Rate 0.02 | Train Loss: 0.8998 | Val Loss: 0.3725 | Acc (clean): 0.9613 | Acc (poison): 0.9463 | Val Acc: 0.9181 | Time: 00:00:12
Epoch 059 | Seed 2001 | Rate 0.02 | Train Loss: 0.8970 | Val Loss: 0.3601 | Acc (clean): 0.9612 | Acc (poison): 0.9474 | Val Acc: 0.9178 | Time: 00:00:11
Epoch 060 | Seed 2001 | Rate 0.02 | Train Loss: 0.8862 | Val Loss: 0.3695 | Acc (clean): 0.9651 | Acc (poison): 0.9509 | Val Acc: 0.9159 | Time: 00:00:12
Epoch 061 | Seed 2001 | Rate 0.02 | Train Loss: 0.8834 | Val Loss: 0.3594 | Acc (clean): 0.9647 | Acc (poison): 0.9514 | Val Acc: 0.9204 | Time: 00:00:12
Epoch 062 | Seed 2001 | Rate 0.02 | Train Loss: 0.8792 | Val Loss: 0.3774 | Acc (clean): 0.9667 | Acc (poison): 0.9528 | Val Acc: 0.9122 | Time: 00:00:12
Epoch 063 | Seed 2001 | Rate 0.02 | Train Loss: 0.8734 | Val Loss: 0.3557 | Acc (clean): 0.9670 | Acc (poison): 0.9547 | Val Acc: 0.9226 | Time: 00:00:12
Epoch 064 | Seed 2001 | Rate 0.02 | Train Loss: 0.8676 | Val Loss: 0.3535 | Acc (clean): 0.9707 | Acc (poison): 0.9580 | Val Acc: 0.9233 | Time: 00:00:12
Epoch 065 | Seed 2001 | Rate 0.02 | Train Loss: 0.8634 | Val Loss: 0.3587 | Acc (clean): 0.9706 | Acc (poison): 0.9582 | Val Acc: 0.9222 | Time: 00:00:12
Epoch 066 | Seed 2001 | Rate 0.02 | Train Loss: 0.8658 | Val Loss: 0.3604 | Acc (clean): 0.9691 | Acc (poison): 0.9573 | Val Acc: 0.9219 | Time: 00:00:12
Epoch 067 | Seed 2001 | Rate 0.02 | Train Loss: 0.8586 | Val Loss: 0.3542 | Acc (clean): 0.9695 | Acc (poison): 0.9591 | Val Acc: 0.9193 | Time: 00:00:12
Epoch 068 | Seed 2001 | Rate 0.02 | Train Loss: 0.8544 | Val Loss: 0.3902 | Acc (clean): 0.9720 | Acc (poison): 0.9617 | Val Acc: 0.9081 | Time: 00:00:12
Epoch 069 | Seed 2001 | Rate 0.02 | Train Loss: 0.8534 | Val Loss: 0.4012 | Acc (clean): 0.9730 | Acc (poison): 0.9628 | Val Acc: 0.9104 | Time: 00:00:12
Epoch 070 | Seed 2001 | Rate 0.02 | Train Loss: 0.8483 | Val Loss: 0.3882 | Acc (clean): 0.9730 | Acc (poison): 0.9634 | Val Acc: 0.9089 | Time: 00:00:12
Epoch 071 | Seed 2001 | Rate 0.02 | Train Loss: 0.8456 | Val Loss: 0.3762 | Acc (clean): 0.9719 | Acc (poison): 0.9636 | Val Acc: 0.9278 | Time: 00:00:12
Epoch 072 | Seed 2001 | Rate 0.02 | Train Loss: 0.8446 | Val Loss: 0.3689 | Acc (clean): 0.9726 | Acc (poison): 0.9643 | Val Acc: 0.9200 | Time: 00:00:12
Epoch 073 | Seed 2001 | Rate 0.02 | Train Loss: 0.8441 | Val Loss: 0.3793 | Acc (clean): 0.9724 | Acc (poison): 0.9640 | Val Acc: 0.9148 | Time: 00:00:12
Epoch 074 | Seed 2001 | Rate 0.02 | Train Loss: 0.8387 | Val Loss: 0.3922 | Acc (clean): 0.9744 | Acc (poison): 0.9665 | Val Acc: 0.9141 | Time: 00:00:12
Epoch 075 | Seed 2001 | Rate 0.02 | Train Loss: 0.8358 | Val Loss: 0.3961 | Acc (clean): 0.9727 | Acc (poison): 0.9669 | Val Acc: 0.9115 | Time: 00:00:12
Epoch 076 | Seed 2001 | Rate 0.02 | Train Loss: 0.8148 | Val Loss: 0.3475 | Acc (clean): 0.9783 | Acc (poison): 0.9756 | Val Acc: 0.9207 | Time: 00:00:12
Epoch 077 | Seed 2001 | Rate 0.02 | Train Loss: 0.8055 | Val Loss: 0.3479 | Acc (clean): 0.9813 | Acc (poison): 0.9780 | Val Acc: 0.9244 | Time: 00:00:12
Epoch 078 | Seed 2001 | Rate 0.02 | Train Loss: 0.8029 | Val Loss: 0.3464 | Acc (clean): 0.9805 | Acc (poison): 0.9795 | Val Acc: 0.9226 | Time: 00:00:13
Epoch 079 | Seed 2001 | Rate 0.02 | Train Loss: 0.8016 | Val Loss: 0.3513 | Acc (clean): 0.9831 | Acc (poison): 0.9795 | Val Acc: 0.9189 | Time: 00:00:12
Epoch 080 | Seed 2001 | Rate 0.02 | Train Loss: 0.7997 | Val Loss: 0.3509 | Acc (clean): 0.9818 | Acc (poison): 0.9805 | Val Acc: 0.9207 | Time: 00:00:12
Epoch 081 | Seed 2001 | Rate 0.02 | Train Loss: 0.7980 | Val Loss: 0.3551 | Acc (clean): 0.9833 | Acc (poison): 0.9802 | Val Acc: 0.9215 | Time: 00:00:12
Epoch 082 | Seed 2001 | Rate 0.02 | Train Loss: 0.7966 | Val Loss: 0.3537 | Acc (clean): 0.9824 | Acc (poison): 0.9815 | Val Acc: 0.9222 | Time: 00:00:12
Epoch 083 | Seed 2001 | Rate 0.02 | Train Loss: 0.7955 | Val Loss: 0.3544 | Acc (clean): 0.9831 | Acc (poison): 0.9823 | Val Acc: 0.9241 | Time: 00:00:12
Epoch 084 | Seed 2001 | Rate 0.02 | Train Loss: 0.7952 | Val Loss: 0.3573 | Acc (clean): 0.9832 | Acc (poison): 0.9830 | Val Acc: 0.9211 | Time: 00:00:12
Epoch 085 | Seed 2001 | Rate 0.02 | Train Loss: 0.7964 | Val Loss: 0.3508 | Acc (clean): 0.9831 | Acc (poison): 0.9809 | Val Acc: 0.9241 | Time: 00:00:13
Epoch 086 | Seed 2001 | Rate 0.02 | Train Loss: 0.7946 | Val Loss: 0.3536 | Acc (clean): 0.9829 | Acc (poison): 0.9819 | Val Acc: 0.9233 | Time: 00:00:12
Epoch 087 | Seed 2001 | Rate 0.02 | Train Loss: 0.7936 | Val Loss: 0.3473 | Acc (clean): 0.9812 | Acc (poison): 0.9818 | Val Acc: 0.9267 | Time: 00:00:12
Epoch 088 | Seed 2001 | Rate 0.02 | Train Loss: 0.7917 | Val Loss: 0.3479 | Acc (clean): 0.9828 | Acc (poison): 0.9829 | Val Acc: 0.9230 | Time: 00:00:12
Epoch 089 | Seed 2001 | Rate 0.02 | Train Loss: 0.7921 | Val Loss: 0.3469 | Acc (clean): 0.9821 | Acc (poison): 0.9827 | Val Acc: 0.9248 | Time: 00:00:12
Epoch 090 | Seed 2001 | Rate 0.02 | Train Loss: 0.7917 | Val Loss: 0.3509 | Acc (clean): 0.9833 | Acc (poison): 0.9833 | Val Acc: 0.9252 | Time: 00:00:12
Epoch 091 | Seed 2001 | Rate 0.02 | Train Loss: 0.7910 | Val Loss: 0.3512 | Acc (clean): 0.9823 | Acc (poison): 0.9822 | Val Acc: 0.9226 | Time: 00:00:12
Epoch 092 | Seed 2001 | Rate 0.02 | Train Loss: 0.7893 | Val Loss: 0.3642 | Acc (clean): 0.9820 | Acc (poison): 0.9830 | Val Acc: 0.9207 | Time: 00:00:12
Epoch 093 | Seed 2001 | Rate 0.02 | Train Loss: 0.7879 | Val Loss: 0.3539 | Acc (clean): 0.9827 | Acc (poison): 0.9847 | Val Acc: 0.9233 | Time: 00:00:12
Epoch 094 | Seed 2001 | Rate 0.02 | Train Loss: 0.7893 | Val Loss: 0.3586 | Acc (clean): 0.9828 | Acc (poison): 0.9834 | Val Acc: 0.9222 | Time: 00:00:12
Epoch 095 | Seed 2001 | Rate 0.02 | Train Loss: 0.7881 | Val Loss: 0.3477 | Acc (clean): 0.9832 | Acc (poison): 0.9840 | Val Acc: 0.9274 | Time: 00:00:13
Epoch 096 | Seed 2001 | Rate 0.02 | Train Loss: 0.7857 | Val Loss: 0.3600 | Acc (clean): 0.9833 | Acc (poison): 0.9846 | Val Acc: 0.9207 | Time: 00:00:12
Epoch 097 | Seed 2001 | Rate 0.02 | Train Loss: 0.7873 | Val Loss: 0.3479 | Acc (clean): 0.9821 | Acc (poison): 0.9839 | Val Acc: 0.9237 | Time: 00:00:12
Epoch 098 | Seed 2001 | Rate 0.02 | Train Loss: 0.7872 | Val Loss: 0.3533 | Acc (clean): 0.9810 | Acc (poison): 0.9843 | Val Acc: 0.9248 | Time: 00:00:12
Epoch 099 | Seed 2001 | Rate 0.02 | Train Loss: 0.7845 | Val Loss: 0.3603 | Acc (clean): 0.9823 | Acc (poison): 0.9843 | Val Acc: 0.9211 | Time: 00:00:12
Epoch 100 | Seed 2001 | Rate 0.02 | Train Loss: 0.7862 | Val Loss: 0.3571 | Acc (clean): 0.9823 | Acc (poison): 0.9841 | Val Acc: 0.9226 | Time: 00:00:12

=== defense=label_smoothing attack=RQ2 seed=2001 rate=0.05 ===
Loading train data from /home/yazanme/BachelorThesis/BachelorThesis/data/processed/resisc45/train.h5 with mapping /home/yazanme/BachelorThesis/BachelorThesis/data/processed/resisc45/poisoned/RQ2/seed_2001/labels_0.05.pt... (in_memory=True, workers=4)
Testing torch.compile support...
Successfully compiled model using torch.compile.
Epoch 001 | Seed 2001 | Rate 0.05 | Train Loss: 3.0410 | Val Loss: 2.6024 | Acc (clean): 0.2335 | Acc (poison): 0.2281 | Val Acc: 0.2859 | Time: 00:00:13
Epoch 002 | Seed 2001 | Rate 0.05 | Train Loss: 2.3165 | Val Loss: 2.0161 | Acc (clean): 0.4518 | Acc (poison): 0.4382 | Val Acc: 0.4185 | Time: 00:00:12
Epoch 003 | Seed 2001 | Rate 0.05 | Train Loss: 2.0461 | Val Loss: 1.7334 | Acc (clean): 0.5519 | Acc (poison): 0.5328 | Val Acc: 0.4985 | Time: 00:00:13
Epoch 004 | Seed 2001 | Rate 0.05 | Train Loss: 1.8817 | Val Loss: 1.6766 | Acc (clean): 0.6088 | Acc (poison): 0.5857 | Val Acc: 0.5137 | Time: 00:00:12
Epoch 005 | Seed 2001 | Rate 0.05 | Train Loss: 1.7724 | Val Loss: 3.3713 | Acc (clean): 0.6515 | Acc (poison): 0.6264 | Val Acc: 0.2163 | Time: 00:00:12
Epoch 006 | Seed 2001 | Rate 0.05 | Train Loss: 1.6667 | Val Loss: 2.8133 | Acc (clean): 0.6891 | Acc (poison): 0.6617 | Val Acc: 0.2719 | Time: 00:00:12
Epoch 007 | Seed 2001 | Rate 0.05 | Train Loss: 1.5759 | Val Loss: 1.4995 | Acc (clean): 0.7215 | Acc (poison): 0.6935 | Val Acc: 0.5667 | Time: 00:00:12
Epoch 008 | Seed 2001 | Rate 0.05 | Train Loss: 1.5081 | Val Loss: 1.2703 | Acc (clean): 0.7473 | Acc (poison): 0.7175 | Val Acc: 0.6467 | Time: 00:00:12
Epoch 009 | Seed 2001 | Rate 0.05 | Train Loss: 1.4621 | Val Loss: 0.9436 | Acc (clean): 0.7660 | Acc (poison): 0.7349 | Val Acc: 0.7430 | Time: 00:00:12
Epoch 010 | Seed 2001 | Rate 0.05 | Train Loss: 1.4221 | Val Loss: 1.4084 | Acc (clean): 0.7802 | Acc (poison): 0.7477 | Val Acc: 0.6107 | Time: 00:00:12
Epoch 011 | Seed 2001 | Rate 0.05 | Train Loss: 1.4012 | Val Loss: 1.2229 | Acc (clean): 0.7903 | Acc (poison): 0.7579 | Val Acc: 0.6478 | Time: 00:00:12
Epoch 012 | Seed 2001 | Rate 0.05 | Train Loss: 1.3779 | Val Loss: 1.2873 | Acc (clean): 0.7977 | Acc (poison): 0.7663 | Val Acc: 0.6363 | Time: 00:00:12
Epoch 013 | Seed 2001 | Rate 0.05 | Train Loss: 1.3572 | Val Loss: 1.7374 | Acc (clean): 0.8072 | Acc (poison): 0.7745 | Val Acc: 0.5189 | Time: 00:00:12
Epoch 014 | Seed 2001 | Rate 0.05 | Train Loss: 1.3436 | Val Loss: 0.9405 | Acc (clean): 0.8130 | Acc (poison): 0.7786 | Val Acc: 0.7385 | Time: 00:00:12
Epoch 015 | Seed 2001 | Rate 0.05 | Train Loss: 1.3378 | Val Loss: 1.5398 | Acc (clean): 0.8131 | Acc (poison): 0.7796 | Val Acc: 0.5696 | Time: 00:00:12
Epoch 016 | Seed 2001 | Rate 0.05 | Train Loss: 1.3385 | Val Loss: 1.8088 | Acc (clean): 0.8141 | Acc (poison): 0.7803 | Val Acc: 0.5193 | Time: 00:00:12
Epoch 017 | Seed 2001 | Rate 0.05 | Train Loss: 1.3185 | Val Loss: 1.3649 | Acc (clean): 0.8217 | Acc (poison): 0.7875 | Val Acc: 0.6119 | Time: 00:00:12
Epoch 018 | Seed 2001 | Rate 0.05 | Train Loss: 1.3088 | Val Loss: 1.3224 | Acc (clean): 0.8256 | Acc (poison): 0.7923 | Val Acc: 0.6270 | Time: 00:00:12
Epoch 019 | Seed 2001 | Rate 0.05 | Train Loss: 1.3141 | Val Loss: 1.1438 | Acc (clean): 0.8248 | Acc (poison): 0.7905 | Val Acc: 0.7033 | Time: 00:00:12
Epoch 020 | Seed 2001 | Rate 0.05 | Train Loss: 1.3158 | Val Loss: 0.8857 | Acc (clean): 0.8244 | Acc (poison): 0.7891 | Val Acc: 0.7644 | Time: 00:00:12
Epoch 021 | Seed 2001 | Rate 0.05 | Train Loss: 1.3125 | Val Loss: 1.1379 | Acc (clean): 0.8265 | Acc (poison): 0.7916 | Val Acc: 0.6822 | Time: 00:00:12
Epoch 022 | Seed 2001 | Rate 0.05 | Train Loss: 1.2919 | Val Loss: 1.1076 | Acc (clean): 0.8330 | Acc (poison): 0.7986 | Val Acc: 0.6985 | Time: 00:00:12
Epoch 023 | Seed 2001 | Rate 0.05 | Train Loss: 1.3069 | Val Loss: 1.5205 | Acc (clean): 0.8263 | Acc (poison): 0.7916 | Val Acc: 0.5870 | Time: 00:00:12
Epoch 024 | Seed 2001 | Rate 0.05 | Train Loss: 1.2900 | Val Loss: 1.1683 | Acc (clean): 0.8350 | Acc (poison): 0.7989 | Val Acc: 0.6922 | Time: 00:00:12
Epoch 025 | Seed 2001 | Rate 0.05 | Train Loss: 1.2883 | Val Loss: 1.0888 | Acc (clean): 0.8352 | Acc (poison): 0.8002 | Val Acc: 0.6952 | Time: 00:00:12
Epoch 026 | Seed 2001 | Rate 0.05 | Train Loss: 1.2805 | Val Loss: 1.5472 | Acc (clean): 0.8378 | Acc (poison): 0.8027 | Val Acc: 0.5781 | Time: 00:00:12
Epoch 027 | Seed 2001 | Rate 0.05 | Train Loss: 1.2908 | Val Loss: 1.1786 | Acc (clean): 0.8328 | Acc (poison): 0.7986 | Val Acc: 0.6822 | Time: 00:00:12
Epoch 028 | Seed 2001 | Rate 0.05 | Train Loss: 1.2827 | Val Loss: 1.2577 | Acc (clean): 0.8357 | Acc (poison): 0.7999 | Val Acc: 0.6496 | Time: 00:00:12
Epoch 029 | Seed 2001 | Rate 0.05 | Train Loss: 1.2831 | Val Loss: 1.0062 | Acc (clean): 0.8344 | Acc (poison): 0.7991 | Val Acc: 0.7289 | Time: 00:00:12
Epoch 030 | Seed 2001 | Rate 0.05 | Train Loss: 1.2805 | Val Loss: 0.8753 | Acc (clean): 0.8378 | Acc (poison): 0.8029 | Val Acc: 0.7585 | Time: 00:00:12
Epoch 031 | Seed 2001 | Rate 0.05 | Train Loss: 1.2830 | Val Loss: 1.0330 | Acc (clean): 0.8372 | Acc (poison): 0.8021 | Val Acc: 0.7419 | Time: 00:00:12
Epoch 032 | Seed 2001 | Rate 0.05 | Train Loss: 1.2791 | Val Loss: 1.0767 | Acc (clean): 0.8404 | Acc (poison): 0.8041 | Val Acc: 0.7085 | Time: 00:00:12
Epoch 033 | Seed 2001 | Rate 0.05 | Train Loss: 1.2707 | Val Loss: 1.0431 | Acc (clean): 0.8416 | Acc (poison): 0.8068 | Val Acc: 0.7137 | Time: 00:00:12
Epoch 034 | Seed 2001 | Rate 0.05 | Train Loss: 1.2591 | Val Loss: 1.2009 | Acc (clean): 0.8489 | Acc (poison): 0.8136 | Val Acc: 0.6659 | Time: 00:00:12
Epoch 035 | Seed 2001 | Rate 0.05 | Train Loss: 1.2743 | Val Loss: 1.2086 | Acc (clean): 0.8408 | Acc (poison): 0.8067 | Val Acc: 0.6589 | Time: 00:00:12
Epoch 036 | Seed 2001 | Rate 0.05 | Train Loss: 1.2752 | Val Loss: 1.6003 | Acc (clean): 0.8405 | Acc (poison): 0.8051 | Val Acc: 0.5641 | Time: 00:00:12
Epoch 037 | Seed 2001 | Rate 0.05 | Train Loss: 1.2767 | Val Loss: 1.4217 | Acc (clean): 0.8392 | Acc (poison): 0.8035 | Val Acc: 0.5989 | Time: 00:00:12
Epoch 038 | Seed 2001 | Rate 0.05 | Train Loss: 1.2678 | Val Loss: 0.9180 | Acc (clean): 0.8437 | Acc (poison): 0.8077 | Val Acc: 0.7533 | Time: 00:00:12
Epoch 039 | Seed 2001 | Rate 0.05 | Train Loss: 1.2665 | Val Loss: 0.8982 | Acc (clean): 0.8455 | Acc (poison): 0.8078 | Val Acc: 0.7678 | Time: 00:00:12
Epoch 040 | Seed 2001 | Rate 0.05 | Train Loss: 1.2654 | Val Loss: 1.0171 | Acc (clean): 0.8427 | Acc (poison): 0.8074 | Val Acc: 0.7222 | Time: 00:00:12
Epoch 041 | Seed 2001 | Rate 0.05 | Train Loss: 1.2561 | Val Loss: 0.9898 | Acc (clean): 0.8483 | Acc (poison): 0.8112 | Val Acc: 0.7322 | Time: 00:00:12
Epoch 042 | Seed 2001 | Rate 0.05 | Train Loss: 1.2669 | Val Loss: 1.2073 | Acc (clean): 0.8438 | Acc (poison): 0.8088 | Val Acc: 0.6611 | Time: 00:00:12
Epoch 043 | Seed 2001 | Rate 0.05 | Train Loss: 1.2634 | Val Loss: 1.0727 | Acc (clean): 0.8474 | Acc (poison): 0.8106 | Val Acc: 0.7037 | Time: 00:00:12
Epoch 044 | Seed 2001 | Rate 0.05 | Train Loss: 1.2642 | Val Loss: 1.7509 | Acc (clean): 0.8430 | Acc (poison): 0.8072 | Val Acc: 0.5111 | Time: 00:00:12
Epoch 045 | Seed 2001 | Rate 0.05 | Train Loss: 1.2632 | Val Loss: 1.3453 | Acc (clean): 0.8437 | Acc (poison): 0.8085 | Val Acc: 0.6259 | Time: 00:00:12
Epoch 046 | Seed 2001 | Rate 0.05 | Train Loss: 1.2670 | Val Loss: 0.7908 | Acc (clean): 0.8444 | Acc (poison): 0.8088 | Val Acc: 0.7837 | Time: 00:00:12
Epoch 047 | Seed 2001 | Rate 0.05 | Train Loss: 1.2572 | Val Loss: 1.1322 | Acc (clean): 0.8456 | Acc (poison): 0.8110 | Val Acc: 0.6826 | Time: 00:00:12
Epoch 048 | Seed 2001 | Rate 0.05 | Train Loss: 1.2663 | Val Loss: 1.2179 | Acc (clean): 0.8426 | Acc (poison): 0.8063 | Val Acc: 0.6759 | Time: 00:00:12
Epoch 049 | Seed 2001 | Rate 0.05 | Train Loss: 1.2617 | Val Loss: 1.0724 | Acc (clean): 0.8445 | Acc (poison): 0.8097 | Val Acc: 0.7093 | Time: 00:00:12
Epoch 050 | Seed 2001 | Rate 0.05 | Train Loss: 1.2600 | Val Loss: 1.0560 | Acc (clean): 0.8473 | Acc (poison): 0.8113 | Val Acc: 0.6963 | Time: 00:00:12
Epoch 051 | Seed 2001 | Rate 0.05 | Train Loss: 1.1004 | Val Loss: 0.4610 | Acc (clean): 0.9110 | Acc (poison): 0.8712 | Val Acc: 0.8974 | Time: 00:00:12
Epoch 052 | Seed 2001 | Rate 0.05 | Train Loss: 1.0411 | Val Loss: 0.4364 | Acc (clean): 0.9327 | Acc (poison): 0.8921 | Val Acc: 0.9056 | Time: 00:00:12
Epoch 053 | Seed 2001 | Rate 0.05 | Train Loss: 1.0251 | Val Loss: 0.4331 | Acc (clean): 0.9383 | Acc (poison): 0.8979 | Val Acc: 0.9078 | Time: 00:00:12
Epoch 054 | Seed 2001 | Rate 0.05 | Train Loss: 1.0088 | Val Loss: 0.4189 | Acc (clean): 0.9437 | Acc (poison): 0.9036 | Val Acc: 0.9070 | Time: 00:00:12
Epoch 055 | Seed 2001 | Rate 0.05 | Train Loss: 0.9994 | Val Loss: 0.4163 | Acc (clean): 0.9467 | Acc (poison): 0.9067 | Val Acc: 0.9133 | Time: 00:00:12
Epoch 056 | Seed 2001 | Rate 0.05 | Train Loss: 0.9927 | Val Loss: 0.4162 | Acc (clean): 0.9479 | Acc (poison): 0.9090 | Val Acc: 0.9126 | Time: 00:00:12
Epoch 057 | Seed 2001 | Rate 0.05 | Train Loss: 0.9845 | Val Loss: 0.4139 | Acc (clean): 0.9507 | Acc (poison): 0.9112 | Val Acc: 0.9144 | Time: 00:00:12
Epoch 058 | Seed 2001 | Rate 0.05 | Train Loss: 0.9761 | Val Loss: 0.4380 | Acc (clean): 0.9540 | Acc (poison): 0.9153 | Val Acc: 0.9119 | Time: 00:00:13
Epoch 059 | Seed 2001 | Rate 0.05 | Train Loss: 0.9708 | Val Loss: 0.4039 | Acc (clean): 0.9539 | Acc (poison): 0.9159 | Val Acc: 0.9126 | Time: 00:00:12
Epoch 060 | Seed 2001 | Rate 0.05 | Train Loss: 0.9621 | Val Loss: 0.4200 | Acc (clean): 0.9559 | Acc (poison): 0.9182 | Val Acc: 0.9096 | Time: 00:00:12
Epoch 061 | Seed 2001 | Rate 0.05 | Train Loss: 0.9577 | Val Loss: 0.4115 | Acc (clean): 0.9570 | Acc (poison): 0.9219 | Val Acc: 0.9115 | Time: 00:00:12
Epoch 062 | Seed 2001 | Rate 0.05 | Train Loss: 0.9516 | Val Loss: 0.4205 | Acc (clean): 0.9585 | Acc (poison): 0.9223 | Val Acc: 0.9070 | Time: 00:00:12
Epoch 063 | Seed 2001 | Rate 0.05 | Train Loss: 0.9456 | Val Loss: 0.4203 | Acc (clean): 0.9592 | Acc (poison): 0.9249 | Val Acc: 0.9126 | Time: 00:00:12
Epoch 064 | Seed 2001 | Rate 0.05 | Train Loss: 0.9411 | Val Loss: 0.4179 | Acc (clean): 0.9592 | Acc (poison): 0.9254 | Val Acc: 0.9081 | Time: 00:00:12
Epoch 065 | Seed 2001 | Rate 0.05 | Train Loss: 0.9379 | Val Loss: 0.4170 | Acc (clean): 0.9586 | Acc (poison): 0.9265 | Val Acc: 0.9033 | Time: 00:00:12
Epoch 066 | Seed 2001 | Rate 0.05 | Train Loss: 0.9355 | Val Loss: 0.4431 | Acc (clean): 0.9591 | Acc (poison): 0.9288 | Val Acc: 0.8985 | Time: 00:00:12
Epoch 067 | Seed 2001 | Rate 0.05 | Train Loss: 0.9306 | Val Loss: 0.4166 | Acc (clean): 0.9597 | Acc (poison): 0.9285 | Val Acc: 0.9044 | Time: 00:00:12
Epoch 068 | Seed 2001 | Rate 0.05 | Train Loss: 0.9251 | Val Loss: 0.4453 | Acc (clean): 0.9610 | Acc (poison): 0.9314 | Val Acc: 0.8993 | Time: 00:00:12
Epoch 069 | Seed 2001 | Rate 0.05 | Train Loss: 0.9212 | Val Loss: 0.4530 | Acc (clean): 0.9625 | Acc (poison): 0.9333 | Val Acc: 0.8956 | Time: 00:00:12
Epoch 070 | Seed 2001 | Rate 0.05 | Train Loss: 0.9176 | Val Loss: 0.4265 | Acc (clean): 0.9608 | Acc (poison): 0.9337 | Val Acc: 0.9048 | Time: 00:00:12
Epoch 071 | Seed 2001 | Rate 0.05 | Train Loss: 0.9163 | Val Loss: 0.4333 | Acc (clean): 0.9609 | Acc (poison): 0.9343 | Val Acc: 0.9041 | Time: 00:00:12
Epoch 072 | Seed 2001 | Rate 0.05 | Train Loss: 0.9127 | Val Loss: 0.4221 | Acc (clean): 0.9618 | Acc (poison): 0.9354 | Val Acc: 0.9126 | Time: 00:00:12
Epoch 073 | Seed 2001 | Rate 0.05 | Train Loss: 0.9108 | Val Loss: 0.4563 | Acc (clean): 0.9602 | Acc (poison): 0.9367 | Val Acc: 0.8970 | Time: 00:00:12
Epoch 074 | Seed 2001 | Rate 0.05 | Train Loss: 0.9072 | Val Loss: 0.4344 | Acc (clean): 0.9594 | Acc (poison): 0.9372 | Val Acc: 0.9011 | Time: 00:00:12
Epoch 075 | Seed 2001 | Rate 0.05 | Train Loss: 0.9057 | Val Loss: 0.4428 | Acc (clean): 0.9594 | Acc (poison): 0.9379 | Val Acc: 0.8981 | Time: 00:00:12
Epoch 076 | Seed 2001 | Rate 0.05 | Train Loss: 0.8741 | Val Loss: 0.3954 | Acc (clean): 0.9678 | Acc (poison): 0.9488 | Val Acc: 0.9181 | Time: 00:00:12
Epoch 077 | Seed 2001 | Rate 0.05 | Train Loss: 0.8611 | Val Loss: 0.3991 | Acc (clean): 0.9709 | Acc (poison): 0.9545 | Val Acc: 0.9144 | Time: 00:00:12
Epoch 078 | Seed 2001 | Rate 0.05 | Train Loss: 0.8584 | Val Loss: 0.4006 | Acc (clean): 0.9707 | Acc (poison): 0.9561 | Val Acc: 0.9144 | Time: 00:00:12
Epoch 079 | Seed 2001 | Rate 0.05 | Train Loss: 0.8560 | Val Loss: 0.4040 | Acc (clean): 0.9706 | Acc (poison): 0.9566 | Val Acc: 0.9119 | Time: 00:00:12
Epoch 080 | Seed 2001 | Rate 0.05 | Train Loss: 0.8532 | Val Loss: 0.4114 | Acc (clean): 0.9702 | Acc (poison): 0.9581 | Val Acc: 0.9111 | Time: 00:00:12
Epoch 081 | Seed 2001 | Rate 0.05 | Train Loss: 0.8503 | Val Loss: 0.4107 | Acc (clean): 0.9705 | Acc (poison): 0.9584 | Val Acc: 0.9111 | Time: 00:00:12
Epoch 082 | Seed 2001 | Rate 0.05 | Train Loss: 0.8500 | Val Loss: 0.4076 | Acc (clean): 0.9701 | Acc (poison): 0.9602 | Val Acc: 0.9093 | Time: 00:00:12
Epoch 083 | Seed 2001 | Rate 0.05 | Train Loss: 0.8456 | Val Loss: 0.4175 | Acc (clean): 0.9721 | Acc (poison): 0.9617 | Val Acc: 0.9078 | Time: 00:00:12
Epoch 084 | Seed 2001 | Rate 0.05 | Train Loss: 0.8454 | Val Loss: 0.4149 | Acc (clean): 0.9695 | Acc (poison): 0.9615 | Val Acc: 0.9085 | Time: 00:00:12
Epoch 085 | Seed 2001 | Rate 0.05 | Train Loss: 0.8466 | Val Loss: 0.4086 | Acc (clean): 0.9701 | Acc (poison): 0.9612 | Val Acc: 0.9093 | Time: 00:00:12
Epoch 086 | Seed 2001 | Rate 0.05 | Train Loss: 0.8433 | Val Loss: 0.4125 | Acc (clean): 0.9686 | Acc (poison): 0.9614 | Val Acc: 0.9074 | Time: 00:00:12
Epoch 087 | Seed 2001 | Rate 0.05 | Train Loss: 0.8433 | Val Loss: 0.4123 | Acc (clean): 0.9685 | Acc (poison): 0.9622 | Val Acc: 0.9107 | Time: 00:00:12
Epoch 088 | Seed 2001 | Rate 0.05 | Train Loss: 0.8410 | Val Loss: 0.4040 | Acc (clean): 0.9700 | Acc (poison): 0.9627 | Val Acc: 0.9096 | Time: 00:00:12
Epoch 089 | Seed 2001 | Rate 0.05 | Train Loss: 0.8414 | Val Loss: 0.4029 | Acc (clean): 0.9681 | Acc (poison): 0.9623 | Val Acc: 0.9100 | Time: 00:00:12
Epoch 090 | Seed 2001 | Rate 0.05 | Train Loss: 0.8410 | Val Loss: 0.4119 | Acc (clean): 0.9674 | Acc (poison): 0.9628 | Val Acc: 0.9100 | Time: 00:00:12
Epoch 091 | Seed 2001 | Rate 0.05 | Train Loss: 0.8401 | Val Loss: 0.4121 | Acc (clean): 0.9677 | Acc (poison): 0.9623 | Val Acc: 0.9107 | Time: 00:00:12
Epoch 092 | Seed 2001 | Rate 0.05 | Train Loss: 0.8364 | Val Loss: 0.4178 | Acc (clean): 0.9681 | Acc (poison): 0.9645 | Val Acc: 0.9070 | Time: 00:00:12
Epoch 093 | Seed 2001 | Rate 0.05 | Train Loss: 0.8364 | Val Loss: 0.4129 | Acc (clean): 0.9677 | Acc (poison): 0.9640 | Val Acc: 0.9037 | Time: 00:00:12
Epoch 094 | Seed 2001 | Rate 0.05 | Train Loss: 0.8376 | Val Loss: 0.4189 | Acc (clean): 0.9679 | Acc (poison): 0.9644 | Val Acc: 0.9033 | Time: 00:00:12
Epoch 095 | Seed 2001 | Rate 0.05 | Train Loss: 0.8351 | Val Loss: 0.4105 | Acc (clean): 0.9658 | Acc (poison): 0.9645 | Val Acc: 0.9056 | Time: 00:00:12
Epoch 096 | Seed 2001 | Rate 0.05 | Train Loss: 0.8327 | Val Loss: 0.4179 | Acc (clean): 0.9681 | Acc (poison): 0.9652 | Val Acc: 0.9037 | Time: 00:00:12
Epoch 097 | Seed 2001 | Rate 0.05 | Train Loss: 0.8334 | Val Loss: 0.4115 | Acc (clean): 0.9666 | Acc (poison): 0.9649 | Val Acc: 0.9070 | Time: 00:00:12
Epoch 098 | Seed 2001 | Rate 0.05 | Train Loss: 0.8340 | Val Loss: 0.4170 | Acc (clean): 0.9677 | Acc (poison): 0.9659 | Val Acc: 0.9056 | Time: 00:00:12
Epoch 099 | Seed 2001 | Rate 0.05 | Train Loss: 0.8306 | Val Loss: 0.4199 | Acc (clean): 0.9663 | Acc (poison): 0.9661 | Val Acc: 0.9074 | Time: 00:00:12
Epoch 100 | Seed 2001 | Rate 0.05 | Train Loss: 0.8319 | Val Loss: 0.4217 | Acc (clean): 0.9665 | Acc (poison): 0.9656 | Val Acc: 0.9059 | Time: 00:00:12

=== defense=label_smoothing attack=RQ2 seed=2001 rate=0.1 ===
Loading train data from /home/yazanme/BachelorThesis/BachelorThesis/data/processed/resisc45/train.h5 with mapping /home/yazanme/BachelorThesis/BachelorThesis/data/processed/resisc45/poisoned/RQ2/seed_2001/labels_0.10.pt... (in_memory=True, workers=4)
Testing torch.compile support...
Successfully compiled model using torch.compile.
Epoch 001 | Seed 2001 | Rate 0.10 | Train Loss: 3.1561 | Val Loss: 2.4020 | Acc (clean): 0.2093 | Acc (poison): 0.2025 | Val Acc: 0.3107 | Time: 00:00:13
Epoch 002 | Seed 2001 | Rate 0.10 | Train Loss: 2.4406 | Val Loss: 2.0520 | Acc (clean): 0.4193 | Acc (poison): 0.3967 | Val Acc: 0.4296 | Time: 00:00:12
Epoch 003 | Seed 2001 | Rate 0.10 | Train Loss: 2.1724 | Val Loss: 1.7625 | Acc (clean): 0.5101 | Acc (poison): 0.4800 | Val Acc: 0.4959 | Time: 00:00:12
Epoch 004 | Seed 2001 | Rate 0.10 | Train Loss: 2.0080 | Val Loss: 1.4662 | Acc (clean): 0.5691 | Acc (poison): 0.5307 | Val Acc: 0.5681 | Time: 00:00:12
Epoch 005 | Seed 2001 | Rate 0.10 | Train Loss: 1.8926 | Val Loss: 1.5526 | Acc (clean): 0.6167 | Acc (poison): 0.5751 | Val Acc: 0.5481 | Time: 00:00:12
Epoch 006 | Seed 2001 | Rate 0.10 | Train Loss: 1.7798 | Val Loss: 1.4057 | Acc (clean): 0.6572 | Acc (poison): 0.6113 | Val Acc: 0.6044 | Time: 00:00:12
Epoch 007 | Seed 2001 | Rate 0.10 | Train Loss: 1.6803 | Val Loss: 1.2891 | Acc (clean): 0.6928 | Acc (poison): 0.6435 | Val Acc: 0.6378 | Time: 00:00:12
Epoch 008 | Seed 2001 | Rate 0.10 | Train Loss: 1.6064 | Val Loss: 1.2444 | Acc (clean): 0.7217 | Acc (poison): 0.6683 | Val Acc: 0.6533 | Time: 00:00:12
Epoch 009 | Seed 2001 | Rate 0.10 | Train Loss: 1.5588 | Val Loss: 1.2344 | Acc (clean): 0.7392 | Acc (poison): 0.6858 | Val Acc: 0.6578 | Time: 00:00:11
Epoch 010 | Seed 2001 | Rate 0.10 | Train Loss: 1.5219 | Val Loss: 1.0666 | Acc (clean): 0.7537 | Acc (poison): 0.6973 | Val Acc: 0.6941 | Time: 00:00:12
Epoch 011 | Seed 2001 | Rate 0.10 | Train Loss: 1.4955 | Val Loss: 1.0569 | Acc (clean): 0.7646 | Acc (poison): 0.7072 | Val Acc: 0.7015 | Time: 00:00:12
Epoch 012 | Seed 2001 | Rate 0.10 | Train Loss: 1.4662 | Val Loss: 1.0807 | Acc (clean): 0.7756 | Acc (poison): 0.7166 | Val Acc: 0.6978 | Time: 00:00:12
Epoch 013 | Seed 2001 | Rate 0.10 | Train Loss: 1.4567 | Val Loss: 0.9472 | Acc (clean): 0.7809 | Acc (poison): 0.7203 | Val Acc: 0.7544 | Time: 00:00:12
Epoch 014 | Seed 2001 | Rate 0.10 | Train Loss: 1.4372 | Val Loss: 0.9619 | Acc (clean): 0.7875 | Acc (poison): 0.7279 | Val Acc: 0.7393 | Time: 00:00:12
Epoch 015 | Seed 2001 | Rate 0.10 | Train Loss: 1.4284 | Val Loss: 0.9592 | Acc (clean): 0.7930 | Acc (poison): 0.7314 | Val Acc: 0.7507 | Time: 00:00:12
Epoch 016 | Seed 2001 | Rate 0.10 | Train Loss: 1.4185 | Val Loss: 1.0318 | Acc (clean): 0.7966 | Acc (poison): 0.7347 | Val Acc: 0.7219 | Time: 00:00:12
Epoch 017 | Seed 2001 | Rate 0.10 | Train Loss: 1.4111 | Val Loss: 1.1535 | Acc (clean): 0.7984 | Acc (poison): 0.7368 | Val Acc: 0.6859 | Time: 00:00:12
Epoch 018 | Seed 2001 | Rate 0.10 | Train Loss: 1.4039 | Val Loss: 1.1097 | Acc (clean): 0.8008 | Acc (poison): 0.7374 | Val Acc: 0.6904 | Time: 00:00:12
Epoch 019 | Seed 2001 | Rate 0.10 | Train Loss: 1.4007 | Val Loss: 1.2213 | Acc (clean): 0.8044 | Acc (poison): 0.7409 | Val Acc: 0.6641 | Time: 00:00:12
Epoch 020 | Seed 2001 | Rate 0.10 | Train Loss: 1.4012 | Val Loss: 1.0258 | Acc (clean): 0.8033 | Acc (poison): 0.7386 | Val Acc: 0.7111 | Time: 00:00:12
Epoch 021 | Seed 2001 | Rate 0.10 | Train Loss: 1.3859 | Val Loss: 1.1797 | Acc (clean): 0.8074 | Acc (poison): 0.7459 | Val Acc: 0.6833 | Time: 00:00:12
Epoch 022 | Seed 2001 | Rate 0.10 | Train Loss: 1.3952 | Val Loss: 0.9996 | Acc (clean): 0.8041 | Acc (poison): 0.7402 | Val Acc: 0.7374 | Time: 00:00:12
Epoch 023 | Seed 2001 | Rate 0.10 | Train Loss: 1.3931 | Val Loss: 1.0443 | Acc (clean): 0.8091 | Acc (poison): 0.7433 | Val Acc: 0.7211 | Time: 00:00:12
Epoch 024 | Seed 2001 | Rate 0.10 | Train Loss: 1.3817 | Val Loss: 1.1935 | Acc (clean): 0.8133 | Acc (poison): 0.7501 | Val Acc: 0.6637 | Time: 00:00:12
Epoch 025 | Seed 2001 | Rate 0.10 | Train Loss: 1.3816 | Val Loss: 1.0075 | Acc (clean): 0.8117 | Acc (poison): 0.7480 | Val Acc: 0.7219 | Time: 00:00:12
Epoch 026 | Seed 2001 | Rate 0.10 | Train Loss: 1.3702 | Val Loss: 1.0431 | Acc (clean): 0.8169 | Acc (poison): 0.7512 | Val Acc: 0.7159 | Time: 00:00:12
Epoch 027 | Seed 2001 | Rate 0.10 | Train Loss: 1.3709 | Val Loss: 1.0523 | Acc (clean): 0.8152 | Acc (poison): 0.7513 | Val Acc: 0.7278 | Time: 00:00:12
Epoch 028 | Seed 2001 | Rate 0.10 | Train Loss: 1.3754 | Val Loss: 0.9231 | Acc (clean): 0.8158 | Acc (poison): 0.7501 | Val Acc: 0.7381 | Time: 00:00:12
Epoch 029 | Seed 2001 | Rate 0.10 | Train Loss: 1.3740 | Val Loss: 1.0052 | Acc (clean): 0.8155 | Acc (poison): 0.7495 | Val Acc: 0.7193 | Time: 00:00:12
Epoch 030 | Seed 2001 | Rate 0.10 | Train Loss: 1.3560 | Val Loss: 1.1390 | Acc (clean): 0.8224 | Acc (poison): 0.7595 | Val Acc: 0.6974 | Time: 00:00:12
Epoch 031 | Seed 2001 | Rate 0.10 | Train Loss: 1.3704 | Val Loss: 1.2339 | Acc (clean): 0.8180 | Acc (poison): 0.7550 | Val Acc: 0.6652 | Time: 00:00:12
Epoch 032 | Seed 2001 | Rate 0.10 | Train Loss: 1.3741 | Val Loss: 0.9474 | Acc (clean): 0.8160 | Acc (poison): 0.7512 | Val Acc: 0.7496 | Time: 00:00:12
Epoch 033 | Seed 2001 | Rate 0.10 | Train Loss: 1.3613 | Val Loss: 1.0922 | Acc (clean): 0.8189 | Acc (poison): 0.7555 | Val Acc: 0.7059 | Time: 00:00:12
Epoch 034 | Seed 2001 | Rate 0.10 | Train Loss: 1.3566 | Val Loss: 1.6468 | Acc (clean): 0.8242 | Acc (poison): 0.7575 | Val Acc: 0.5741 | Time: 00:00:12
Epoch 035 | Seed 2001 | Rate 0.10 | Train Loss: 1.3647 | Val Loss: 1.2007 | Acc (clean): 0.8229 | Acc (poison): 0.7570 | Val Acc: 0.6804 | Time: 00:00:12
Epoch 036 | Seed 2001 | Rate 0.10 | Train Loss: 1.3682 | Val Loss: 1.2174 | Acc (clean): 0.8175 | Acc (poison): 0.7532 | Val Acc: 0.6626 | Time: 00:00:12
Epoch 037 | Seed 2001 | Rate 0.10 | Train Loss: 1.3533 | Val Loss: 1.0284 | Acc (clean): 0.8253 | Acc (poison): 0.7588 | Val Acc: 0.7030 | Time: 00:00:12
Epoch 038 | Seed 2001 | Rate 0.10 | Train Loss: 1.3599 | Val Loss: 1.1517 | Acc (clean): 0.8209 | Acc (poison): 0.7564 | Val Acc: 0.6715 | Time: 00:00:12
Epoch 039 | Seed 2001 | Rate 0.10 | Train Loss: 1.3639 | Val Loss: 1.0377 | Acc (clean): 0.8220 | Acc (poison): 0.7544 | Val Acc: 0.7019 | Time: 00:00:12
Epoch 040 | Seed 2001 | Rate 0.10 | Train Loss: 1.3552 | Val Loss: 1.6827 | Acc (clean): 0.8226 | Acc (poison): 0.7591 | Val Acc: 0.5389 | Time: 00:00:12
Epoch 041 | Seed 2001 | Rate 0.10 | Train Loss: 1.3487 | Val Loss: 1.1521 | Acc (clean): 0.8272 | Acc (poison): 0.7612 | Val Acc: 0.6900 | Time: 00:00:12
Epoch 042 | Seed 2001 | Rate 0.10 | Train Loss: 1.3583 | Val Loss: 1.0603 | Acc (clean): 0.8247 | Acc (poison): 0.7588 | Val Acc: 0.7096 | Time: 00:00:12
Epoch 043 | Seed 2001 | Rate 0.10 | Train Loss: 1.3537 | Val Loss: 0.8794 | Acc (clean): 0.8253 | Acc (poison): 0.7584 | Val Acc: 0.7689 | Time: 00:00:12
Epoch 044 | Seed 2001 | Rate 0.10 | Train Loss: 1.3431 | Val Loss: 1.2071 | Acc (clean): 0.8303 | Acc (poison): 0.7639 | Val Acc: 0.6789 | Time: 00:00:12
Epoch 045 | Seed 2001 | Rate 0.10 | Train Loss: 1.3495 | Val Loss: 0.9580 | Acc (clean): 0.8246 | Acc (poison): 0.7576 | Val Acc: 0.7426 | Time: 00:00:12
Epoch 046 | Seed 2001 | Rate 0.10 | Train Loss: 1.3543 | Val Loss: 1.1078 | Acc (clean): 0.8266 | Acc (poison): 0.7615 | Val Acc: 0.6930 | Time: 00:00:12
Epoch 047 | Seed 2001 | Rate 0.10 | Train Loss: 1.3535 | Val Loss: 1.3526 | Acc (clean): 0.8252 | Acc (poison): 0.7598 | Val Acc: 0.6141 | Time: 00:00:12
Epoch 048 | Seed 2001 | Rate 0.10 | Train Loss: 1.3488 | Val Loss: 1.6748 | Acc (clean): 0.8263 | Acc (poison): 0.7590 | Val Acc: 0.5422 | Time: 00:00:12
Epoch 049 | Seed 2001 | Rate 0.10 | Train Loss: 1.3498 | Val Loss: 1.0890 | Acc (clean): 0.8294 | Acc (poison): 0.7618 | Val Acc: 0.7100 | Time: 00:00:12
Epoch 050 | Seed 2001 | Rate 0.10 | Train Loss: 1.3363 | Val Loss: 1.2165 | Acc (clean): 0.8323 | Acc (poison): 0.7656 | Val Acc: 0.6644 | Time: 00:00:13
Epoch 051 | Seed 2001 | Rate 0.10 | Train Loss: 1.1898 | Val Loss: 0.5220 | Acc (clean): 0.8964 | Acc (poison): 0.8231 | Val Acc: 0.8859 | Time: 00:00:12
Epoch 052 | Seed 2001 | Rate 0.10 | Train Loss: 1.1314 | Val Loss: 0.4912 | Acc (clean): 0.9186 | Acc (poison): 0.8416 | Val Acc: 0.8967 | Time: 00:00:12
Epoch 053 | Seed 2001 | Rate 0.10 | Train Loss: 1.1156 | Val Loss: 0.4914 | Acc (clean): 0.9247 | Acc (poison): 0.8482 | Val Acc: 0.8941 | Time: 00:00:12
Epoch 054 | Seed 2001 | Rate 0.10 | Train Loss: 1.1004 | Val Loss: 0.4917 | Acc (clean): 0.9300 | Acc (poison): 0.8524 | Val Acc: 0.8933 | Time: 00:00:12
Epoch 055 | Seed 2001 | Rate 0.10 | Train Loss: 1.0890 | Val Loss: 0.4899 | Acc (clean): 0.9320 | Acc (poison): 0.8557 | Val Acc: 0.9033 | Time: 00:00:12
Epoch 056 | Seed 2001 | Rate 0.10 | Train Loss: 1.0826 | Val Loss: 0.4808 | Acc (clean): 0.9352 | Acc (poison): 0.8588 | Val Acc: 0.8996 | Time: 00:00:12
Epoch 057 | Seed 2001 | Rate 0.10 | Train Loss: 1.0745 | Val Loss: 0.4858 | Acc (clean): 0.9376 | Acc (poison): 0.8614 | Val Acc: 0.8974 | Time: 00:00:12
Epoch 058 | Seed 2001 | Rate 0.10 | Train Loss: 1.0676 | Val Loss: 0.4861 | Acc (clean): 0.9380 | Acc (poison): 0.8637 | Val Acc: 0.8930 | Time: 00:00:12
Epoch 059 | Seed 2001 | Rate 0.10 | Train Loss: 1.0625 | Val Loss: 0.4679 | Acc (clean): 0.9395 | Acc (poison): 0.8651 | Val Acc: 0.9033 | Time: 00:00:12
Epoch 060 | Seed 2001 | Rate 0.10 | Train Loss: 1.0550 | Val Loss: 0.4576 | Acc (clean): 0.9394 | Acc (poison): 0.8679 | Val Acc: 0.9085 | Time: 00:00:12
Epoch 061 | Seed 2001 | Rate 0.10 | Train Loss: 1.0481 | Val Loss: 0.4690 | Acc (clean): 0.9425 | Acc (poison): 0.8712 | Val Acc: 0.9011 | Time: 00:00:12
Epoch 062 | Seed 2001 | Rate 0.10 | Train Loss: 1.0430 | Val Loss: 0.4696 | Acc (clean): 0.9415 | Acc (poison): 0.8719 | Val Acc: 0.9052 | Time: 00:00:12
Epoch 063 | Seed 2001 | Rate 0.10 | Train Loss: 1.0372 | Val Loss: 0.4648 | Acc (clean): 0.9422 | Acc (poison): 0.8733 | Val Acc: 0.9059 | Time: 00:00:12
Epoch 064 | Seed 2001 | Rate 0.10 | Train Loss: 1.0322 | Val Loss: 0.4623 | Acc (clean): 0.9428 | Acc (poison): 0.8773 | Val Acc: 0.9000 | Time: 00:00:12
Epoch 065 | Seed 2001 | Rate 0.10 | Train Loss: 1.0296 | Val Loss: 0.4683 | Acc (clean): 0.9436 | Acc (poison): 0.8785 | Val Acc: 0.8996 | Time: 00:00:12
Epoch 066 | Seed 2001 | Rate 0.10 | Train Loss: 1.0224 | Val Loss: 0.4706 | Acc (clean): 0.9426 | Acc (poison): 0.8798 | Val Acc: 0.8959 | Time: 00:00:12
Epoch 067 | Seed 2001 | Rate 0.10 | Train Loss: 1.0199 | Val Loss: 0.4709 | Acc (clean): 0.9412 | Acc (poison): 0.8799 | Val Acc: 0.8948 | Time: 00:00:12
Epoch 068 | Seed 2001 | Rate 0.10 | Train Loss: 1.0124 | Val Loss: 0.4798 | Acc (clean): 0.9439 | Acc (poison): 0.8835 | Val Acc: 0.8911 | Time: 00:00:12
Epoch 069 | Seed 2001 | Rate 0.10 | Train Loss: 1.0111 | Val Loss: 0.4945 | Acc (clean): 0.9417 | Acc (poison): 0.8851 | Val Acc: 0.8885 | Time: 00:00:12
Epoch 070 | Seed 2001 | Rate 0.10 | Train Loss: 1.0082 | Val Loss: 0.4745 | Acc (clean): 0.9400 | Acc (poison): 0.8858 | Val Acc: 0.8926 | Time: 00:00:12
Epoch 071 | Seed 2001 | Rate 0.10 | Train Loss: 1.0057 | Val Loss: 0.4830 | Acc (clean): 0.9377 | Acc (poison): 0.8867 | Val Acc: 0.8919 | Time: 00:00:12
Epoch 072 | Seed 2001 | Rate 0.10 | Train Loss: 1.0005 | Val Loss: 0.4902 | Acc (clean): 0.9382 | Acc (poison): 0.8900 | Val Acc: 0.8804 | Time: 00:00:12
Epoch 073 | Seed 2001 | Rate 0.10 | Train Loss: 1.0017 | Val Loss: 0.4719 | Acc (clean): 0.9360 | Acc (poison): 0.8893 | Val Acc: 0.8944 | Time: 00:00:12
Epoch 074 | Seed 2001 | Rate 0.10 | Train Loss: 0.9976 | Val Loss: 0.5020 | Acc (clean): 0.9360 | Acc (poison): 0.8904 | Val Acc: 0.8881 | Time: 00:00:12
Epoch 075 | Seed 2001 | Rate 0.10 | Train Loss: 0.9941 | Val Loss: 0.5166 | Acc (clean): 0.9356 | Acc (poison): 0.8909 | Val Acc: 0.8730 | Time: 00:00:12
Epoch 076 | Seed 2001 | Rate 0.10 | Train Loss: 0.9551 | Val Loss: 0.4541 | Acc (clean): 0.9444 | Acc (poison): 0.9070 | Val Acc: 0.8993 | Time: 00:00:12
Epoch 077 | Seed 2001 | Rate 0.10 | Train Loss: 0.9402 | Val Loss: 0.4522 | Acc (clean): 0.9470 | Acc (poison): 0.9156 | Val Acc: 0.9041 | Time: 00:00:12
Epoch 078 | Seed 2001 | Rate 0.10 | Train Loss: 0.9364 | Val Loss: 0.4534 | Acc (clean): 0.9469 | Acc (poison): 0.9162 | Val Acc: 0.9015 | Time: 00:00:12
Epoch 079 | Seed 2001 | Rate 0.10 | Train Loss: 0.9321 | Val Loss: 0.4565 | Acc (clean): 0.9467 | Acc (poison): 0.9188 | Val Acc: 0.8993 | Time: 00:00:12
Epoch 080 | Seed 2001 | Rate 0.10 | Train Loss: 0.9273 | Val Loss: 0.4614 | Acc (clean): 0.9429 | Acc (poison): 0.9214 | Val Acc: 0.8937 | Time: 00:00:12
Epoch 081 | Seed 2001 | Rate 0.10 | Train Loss: 0.9260 | Val Loss: 0.4592 | Acc (clean): 0.9435 | Acc (poison): 0.9216 | Val Acc: 0.9007 | Time: 00:00:12
Epoch 082 | Seed 2001 | Rate 0.10 | Train Loss: 0.9229 | Val Loss: 0.4670 | Acc (clean): 0.9436 | Acc (poison): 0.9234 | Val Acc: 0.8911 | Time: 00:00:12
Epoch 083 | Seed 2001 | Rate 0.10 | Train Loss: 0.9214 | Val Loss: 0.4668 | Acc (clean): 0.9440 | Acc (poison): 0.9244 | Val Acc: 0.8907 | Time: 00:00:12
Epoch 084 | Seed 2001 | Rate 0.10 | Train Loss: 0.9196 | Val Loss: 0.4623 | Acc (clean): 0.9409 | Acc (poison): 0.9261 | Val Acc: 0.8933 | Time: 00:00:12
Epoch 085 | Seed 2001 | Rate 0.10 | Train Loss: 0.9175 | Val Loss: 0.4652 | Acc (clean): 0.9414 | Acc (poison): 0.9255 | Val Acc: 0.8896 | Time: 00:00:12
Epoch 086 | Seed 2001 | Rate 0.10 | Train Loss: 0.9164 | Val Loss: 0.4637 | Acc (clean): 0.9400 | Acc (poison): 0.9265 | Val Acc: 0.8948 | Time: 00:00:12
Epoch 087 | Seed 2001 | Rate 0.10 | Train Loss: 0.9141 | Val Loss: 0.4667 | Acc (clean): 0.9388 | Acc (poison): 0.9288 | Val Acc: 0.8889 | Time: 00:00:12
Epoch 088 | Seed 2001 | Rate 0.10 | Train Loss: 0.9123 | Val Loss: 0.4655 | Acc (clean): 0.9404 | Acc (poison): 0.9302 | Val Acc: 0.8900 | Time: 00:00:12
Epoch 089 | Seed 2001 | Rate 0.10 | Train Loss: 0.9114 | Val Loss: 0.4611 | Acc (clean): 0.9378 | Acc (poison): 0.9289 | Val Acc: 0.8885 | Time: 00:00:12
Epoch 090 | Seed 2001 | Rate 0.10 | Train Loss: 0.9069 | Val Loss: 0.4655 | Acc (clean): 0.9376 | Acc (poison): 0.9313 | Val Acc: 0.8885 | Time: 00:00:12
Epoch 091 | Seed 2001 | Rate 0.10 | Train Loss: 0.9084 | Val Loss: 0.4675 | Acc (clean): 0.9381 | Acc (poison): 0.9309 | Val Acc: 0.8889 | Time: 00:00:12
Epoch 092 | Seed 2001 | Rate 0.10 | Train Loss: 0.9042 | Val Loss: 0.4795 | Acc (clean): 0.9373 | Acc (poison): 0.9335 | Val Acc: 0.8841 | Time: 00:00:12
Epoch 093 | Seed 2001 | Rate 0.10 | Train Loss: 0.9053 | Val Loss: 0.4677 | Acc (clean): 0.9367 | Acc (poison): 0.9330 | Val Acc: 0.8856 | Time: 00:00:12
Epoch 094 | Seed 2001 | Rate 0.10 | Train Loss: 0.9025 | Val Loss: 0.4765 | Acc (clean): 0.9356 | Acc (poison): 0.9342 | Val Acc: 0.8844 | Time: 00:00:12
Epoch 095 | Seed 2001 | Rate 0.10 | Train Loss: 0.9020 | Val Loss: 0.4651 | Acc (clean): 0.9328 | Acc (poison): 0.9347 | Val Acc: 0.8874 | Time: 00:00:12
Epoch 096 | Seed 2001 | Rate 0.10 | Train Loss: 0.8976 | Val Loss: 0.4778 | Acc (clean): 0.9366 | Acc (poison): 0.9375 | Val Acc: 0.8815 | Time: 00:00:12
Epoch 097 | Seed 2001 | Rate 0.10 | Train Loss: 0.8999 | Val Loss: 0.4686 | Acc (clean): 0.9334 | Acc (poison): 0.9365 | Val Acc: 0.8848 | Time: 00:00:12
Epoch 098 | Seed 2001 | Rate 0.10 | Train Loss: 0.8976 | Val Loss: 0.4680 | Acc (clean): 0.9315 | Acc (poison): 0.9368 | Val Acc: 0.8859 | Time: 00:00:12
Epoch 099 | Seed 2001 | Rate 0.10 | Train Loss: 0.8934 | Val Loss: 0.4739 | Acc (clean): 0.9319 | Acc (poison): 0.9389 | Val Acc: 0.8870 | Time: 00:00:12
Epoch 100 | Seed 2001 | Rate 0.10 | Train Loss: 0.8945 | Val Loss: 0.4791 | Acc (clean): 0.9323 | Acc (poison): 0.9387 | Val Acc: 0.8852 | Time: 00:00:12

=== defense=label_smoothing attack=RQ2 seed=2001 rate=0.2 ===
Loading train data from /home/yazanme/BachelorThesis/BachelorThesis/data/processed/resisc45/train.h5 with mapping /home/yazanme/BachelorThesis/BachelorThesis/data/processed/resisc45/poisoned/RQ2/seed_2001/labels_0.20.pt... (in_memory=True, workers=4)
Testing torch.compile support...
Successfully compiled model using torch.compile.
Epoch 001 | Seed 2001 | Rate 0.20 | Train Loss: 3.0758 | Val Loss: 2.4473 | Acc (clean): 0.2314 | Acc (poison): 0.2199 | Val Acc: 0.3004 | Time: 00:00:13
Epoch 002 | Seed 2001 | Rate 0.20 | Train Loss: 2.4031 | Val Loss: 1.9080 | Acc (clean): 0.4159 | Acc (poison): 0.3845 | Val Acc: 0.4448 | Time: 00:00:12
Epoch 003 | Seed 2001 | Rate 0.20 | Train Loss: 2.1806 | Val Loss: 1.9574 | Acc (clean): 0.4966 | Acc (poison): 0.4496 | Val Acc: 0.4274 | Time: 00:00:12
Epoch 004 | Seed 2001 | Rate 0.20 | Train Loss: 2.0567 | Val Loss: 1.8737 | Acc (clean): 0.5367 | Acc (poison): 0.4803 | Val Acc: 0.4700 | Time: 00:00:12
Epoch 005 | Seed 2001 | Rate 0.20 | Train Loss: 1.9643 | Val Loss: 1.5792 | Acc (clean): 0.5724 | Acc (poison): 0.5096 | Val Acc: 0.5337 | Time: 00:00:13
Epoch 006 | Seed 2001 | Rate 0.20 | Train Loss: 1.8600 | Val Loss: 1.3923 | Acc (clean): 0.6105 | Acc (poison): 0.5355 | Val Acc: 0.6022 | Time: 00:00:12
Epoch 007 | Seed 2001 | Rate 0.20 | Train Loss: 1.7624 | Val Loss: 1.3195 | Acc (clean): 0.6433 | Acc (poison): 0.5672 | Val Acc: 0.6096 | Time: 00:00:12
Epoch 008 | Seed 2001 | Rate 0.20 | Train Loss: 1.7086 | Val Loss: 1.4772 | Acc (clean): 0.6584 | Acc (poison): 0.5800 | Val Acc: 0.5689 | Time: 00:00:12
Epoch 009 | Seed 2001 | Rate 0.20 | Train Loss: 1.6483 | Val Loss: 1.2495 | Acc (clean): 0.6878 | Acc (poison): 0.5995 | Val Acc: 0.6333 | Time: 00:00:12
Epoch 010 | Seed 2001 | Rate 0.20 | Train Loss: 1.6129 | Val Loss: 1.3493 | Acc (clean): 0.7079 | Acc (poison): 0.6140 | Val Acc: 0.6189 | Time: 00:00:12
Epoch 011 | Seed 2001 | Rate 0.20 | Train Loss: 1.5843 | Val Loss: 1.2894 | Acc (clean): 0.7102 | Acc (poison): 0.6201 | Val Acc: 0.6359 | Time: 00:00:12
Epoch 012 | Seed 2001 | Rate 0.20 | Train Loss: 1.5585 | Val Loss: 1.1626 | Acc (clean): 0.7260 | Acc (poison): 0.6311 | Val Acc: 0.6656 | Time: 00:00:12
Epoch 013 | Seed 2001 | Rate 0.20 | Train Loss: 1.5385 | Val Loss: 1.2648 | Acc (clean): 0.7356 | Acc (poison): 0.6372 | Val Acc: 0.6078 | Time: 00:00:12
Epoch 014 | Seed 2001 | Rate 0.20 | Train Loss: 1.5385 | Val Loss: 1.1838 | Acc (clean): 0.7364 | Acc (poison): 0.6374 | Val Acc: 0.6715 | Time: 00:00:12
Epoch 015 | Seed 2001 | Rate 0.20 | Train Loss: 1.5172 | Val Loss: 1.1850 | Acc (clean): 0.7479 | Acc (poison): 0.6457 | Val Acc: 0.6644 | Time: 00:00:13
Epoch 016 | Seed 2001 | Rate 0.20 | Train Loss: 1.5207 | Val Loss: 1.1311 | Acc (clean): 0.7418 | Acc (poison): 0.6436 | Val Acc: 0.6730 | Time: 00:00:12
Epoch 017 | Seed 2001 | Rate 0.20 | Train Loss: 1.5023 | Val Loss: 1.2434 | Acc (clean): 0.7491 | Acc (poison): 0.6467 | Val Acc: 0.6567 | Time: 00:00:12
Epoch 018 | Seed 2001 | Rate 0.20 | Train Loss: 1.4897 | Val Loss: 1.1836 | Acc (clean): 0.7596 | Acc (poison): 0.6541 | Val Acc: 0.6563 | Time: 00:00:12
Epoch 019 | Seed 2001 | Rate 0.20 | Train Loss: 1.4864 | Val Loss: 1.8172 | Acc (clean): 0.7559 | Acc (poison): 0.6552 | Val Acc: 0.5081 | Time: 00:00:12
Epoch 020 | Seed 2001 | Rate 0.20 | Train Loss: 1.4935 | Val Loss: 1.2131 | Acc (clean): 0.7544 | Acc (poison): 0.6528 | Val Acc: 0.6737 | Time: 00:00:12
Epoch 021 | Seed 2001 | Rate 0.20 | Train Loss: 1.4813 | Val Loss: 0.9938 | Acc (clean): 0.7606 | Acc (poison): 0.6596 | Val Acc: 0.7270 | Time: 00:00:12
Epoch 022 | Seed 2001 | Rate 0.20 | Train Loss: 1.4763 | Val Loss: 1.6776 | Acc (clean): 0.7608 | Acc (poison): 0.6587 | Val Acc: 0.5515 | Time: 00:00:12
Epoch 023 | Seed 2001 | Rate 0.20 | Train Loss: 1.4849 | Val Loss: 1.7607 | Acc (clean): 0.7603 | Acc (poison): 0.6571 | Val Acc: 0.4981 | Time: 00:00:12
Epoch 024 | Seed 2001 | Rate 0.20 | Train Loss: 1.4770 | Val Loss: 1.1046 | Acc (clean): 0.7595 | Acc (poison): 0.6565 | Val Acc: 0.7026 | Time: 00:00:12
Epoch 025 | Seed 2001 | Rate 0.20 | Train Loss: 1.4825 | Val Loss: 1.2108 | Acc (clean): 0.7585 | Acc (poison): 0.6571 | Val Acc: 0.6522 | Time: 00:00:12
Epoch 026 | Seed 2001 | Rate 0.20 | Train Loss: 1.4751 | Val Loss: 1.1896 | Acc (clean): 0.7631 | Acc (poison): 0.6583 | Val Acc: 0.6570 | Time: 00:00:12
Epoch 027 | Seed 2001 | Rate 0.20 | Train Loss: 1.4609 | Val Loss: 1.0954 | Acc (clean): 0.7662 | Acc (poison): 0.6636 | Val Acc: 0.6785 | Time: 00:00:12
Epoch 028 | Seed 2001 | Rate 0.20 | Train Loss: 1.4629 | Val Loss: 1.9451 | Acc (clean): 0.7691 | Acc (poison): 0.6656 | Val Acc: 0.4811 | Time: 00:00:12
Epoch 029 | Seed 2001 | Rate 0.20 | Train Loss: 1.4677 | Val Loss: 1.2041 | Acc (clean): 0.7650 | Acc (poison): 0.6591 | Val Acc: 0.6619 | Time: 00:00:12
Epoch 030 | Seed 2001 | Rate 0.20 | Train Loss: 1.4548 | Val Loss: 1.2683 | Acc (clean): 0.7736 | Acc (poison): 0.6627 | Val Acc: 0.6422 | Time: 00:00:12
Epoch 031 | Seed 2001 | Rate 0.20 | Train Loss: 1.4646 | Val Loss: 1.3897 | Acc (clean): 0.7712 | Acc (poison): 0.6639 | Val Acc: 0.6426 | Time: 00:00:12
Epoch 032 | Seed 2001 | Rate 0.20 | Train Loss: 1.4611 | Val Loss: 1.1263 | Acc (clean): 0.7728 | Acc (poison): 0.6647 | Val Acc: 0.6985 | Time: 00:00:12
Epoch 033 | Seed 2001 | Rate 0.20 | Train Loss: 1.4570 | Val Loss: 1.2246 | Acc (clean): 0.7705 | Acc (poison): 0.6635 | Val Acc: 0.6559 | Time: 00:00:12
Epoch 034 | Seed 2001 | Rate 0.20 | Train Loss: 1.4445 | Val Loss: 1.0904 | Acc (clean): 0.7773 | Acc (poison): 0.6697 | Val Acc: 0.7056 | Time: 00:00:12
Epoch 035 | Seed 2001 | Rate 0.20 | Train Loss: 1.4487 | Val Loss: 1.0912 | Acc (clean): 0.7738 | Acc (poison): 0.6667 | Val Acc: 0.6989 | Time: 00:00:12
Epoch 036 | Seed 2001 | Rate 0.20 | Train Loss: 1.4516 | Val Loss: 1.1418 | Acc (clean): 0.7775 | Acc (poison): 0.6649 | Val Acc: 0.6922 | Time: 00:00:12
Epoch 037 | Seed 2001 | Rate 0.20 | Train Loss: 1.4525 | Val Loss: 1.6023 | Acc (clean): 0.7708 | Acc (poison): 0.6684 | Val Acc: 0.5589 | Time: 00:00:12
Epoch 038 | Seed 2001 | Rate 0.20 | Train Loss: 1.4594 | Val Loss: 1.4078 | Acc (clean): 0.7627 | Acc (poison): 0.6610 | Val Acc: 0.6207 | Time: 00:00:12
Epoch 039 | Seed 2001 | Rate 0.20 | Train Loss: 1.4482 | Val Loss: 1.5584 | Acc (clean): 0.7772 | Acc (poison): 0.6686 | Val Acc: 0.5563 | Time: 00:00:12
Epoch 040 | Seed 2001 | Rate 0.20 | Train Loss: 1.4518 | Val Loss: 1.3338 | Acc (clean): 0.7791 | Acc (poison): 0.6702 | Val Acc: 0.6456 | Time: 00:00:12
Epoch 041 | Seed 2001 | Rate 0.20 | Train Loss: 1.4404 | Val Loss: 1.4640 | Acc (clean): 0.7759 | Acc (poison): 0.6687 | Val Acc: 0.5930 | Time: 00:00:12
Epoch 042 | Seed 2001 | Rate 0.20 | Train Loss: 1.4479 | Val Loss: 1.7775 | Acc (clean): 0.7704 | Acc (poison): 0.6685 | Val Acc: 0.5011 | Time: 00:00:12
Epoch 043 | Seed 2001 | Rate 0.20 | Train Loss: 1.4478 | Val Loss: 1.3851 | Acc (clean): 0.7712 | Acc (poison): 0.6684 | Val Acc: 0.6081 | Time: 00:00:12
Epoch 044 | Seed 2001 | Rate 0.20 | Train Loss: 1.4551 | Val Loss: 1.2983 | Acc (clean): 0.7748 | Acc (poison): 0.6678 | Val Acc: 0.6204 | Time: 00:00:12
Epoch 045 | Seed 2001 | Rate 0.20 | Train Loss: 1.4519 | Val Loss: 1.2696 | Acc (clean): 0.7755 | Acc (poison): 0.6674 | Val Acc: 0.6689 | Time: 00:00:12
Epoch 046 | Seed 2001 | Rate 0.20 | Train Loss: 1.4471 | Val Loss: 1.3823 | Acc (clean): 0.7726 | Acc (poison): 0.6677 | Val Acc: 0.6196 | Time: 00:00:12
Epoch 047 | Seed 2001 | Rate 0.20 | Train Loss: 1.4384 | Val Loss: 1.9386 | Acc (clean): 0.7774 | Acc (poison): 0.6709 | Val Acc: 0.4574 | Time: 00:00:12
Epoch 048 | Seed 2001 | Rate 0.20 | Train Loss: 1.4433 | Val Loss: 1.0729 | Acc (clean): 0.7768 | Acc (poison): 0.6696 | Val Acc: 0.6941 | Time: 00:00:12
Epoch 049 | Seed 2001 | Rate 0.20 | Train Loss: 1.4480 | Val Loss: 1.5242 | Acc (clean): 0.7793 | Acc (poison): 0.6705 | Val Acc: 0.5789 | Time: 00:00:12
Epoch 050 | Seed 2001 | Rate 0.20 | Train Loss: 1.4433 | Val Loss: 1.3896 | Acc (clean): 0.7798 | Acc (poison): 0.6707 | Val Acc: 0.6122 | Time: 00:00:12
Epoch 051 | Seed 2001 | Rate 0.20 | Train Loss: 1.2938 | Val Loss: 0.6646 | Acc (clean): 0.8647 | Acc (poison): 0.7312 | Val Acc: 0.8493 | Time: 00:00:12
Epoch 052 | Seed 2001 | Rate 0.20 | Train Loss: 1.2381 | Val Loss: 0.6340 | Acc (clean): 0.8907 | Acc (poison): 0.7463 | Val Acc: 0.8656 | Time: 00:00:12
Epoch 053 | Seed 2001 | Rate 0.20 | Train Loss: 1.2234 | Val Loss: 0.6198 | Acc (clean): 0.8953 | Acc (poison): 0.7535 | Val Acc: 0.8696 | Time: 00:00:12
Epoch 054 | Seed 2001 | Rate 0.20 | Train Loss: 1.2082 | Val Loss: 0.6197 | Acc (clean): 0.9012 | Acc (poison): 0.7596 | Val Acc: 0.8733 | Time: 00:00:12
Epoch 055 | Seed 2001 | Rate 0.20 | Train Loss: 1.1967 | Val Loss: 0.6212 | Acc (clean): 0.9047 | Acc (poison): 0.7619 | Val Acc: 0.8693 | Time: 00:00:12
Epoch 056 | Seed 2001 | Rate 0.20 | Train Loss: 1.1908 | Val Loss: 0.6101 | Acc (clean): 0.9017 | Acc (poison): 0.7655 | Val Acc: 0.8674 | Time: 00:00:12
Epoch 057 | Seed 2001 | Rate 0.20 | Train Loss: 1.1831 | Val Loss: 0.6023 | Acc (clean): 0.9062 | Acc (poison): 0.7688 | Val Acc: 0.8726 | Time: 00:00:12
Epoch 058 | Seed 2001 | Rate 0.20 | Train Loss: 1.1767 | Val Loss: 0.6104 | Acc (clean): 0.9043 | Acc (poison): 0.7702 | Val Acc: 0.8652 | Time: 00:00:12
Epoch 059 | Seed 2001 | Rate 0.20 | Train Loss: 1.1720 | Val Loss: 0.6036 | Acc (clean): 0.9075 | Acc (poison): 0.7726 | Val Acc: 0.8648 | Time: 00:00:12
Epoch 060 | Seed 2001 | Rate 0.20 | Train Loss: 1.1661 | Val Loss: 0.6058 | Acc (clean): 0.9049 | Acc (poison): 0.7726 | Val Acc: 0.8674 | Time: 00:00:12
Epoch 061 | Seed 2001 | Rate 0.20 | Train Loss: 1.1580 | Val Loss: 0.6034 | Acc (clean): 0.9091 | Acc (poison): 0.7779 | Val Acc: 0.8719 | Time: 00:00:12
Epoch 062 | Seed 2001 | Rate 0.20 | Train Loss: 1.1522 | Val Loss: 0.5981 | Acc (clean): 0.9074 | Acc (poison): 0.7815 | Val Acc: 0.8626 | Time: 00:00:12
Epoch 063 | Seed 2001 | Rate 0.20 | Train Loss: 1.1485 | Val Loss: 0.5958 | Acc (clean): 0.9049 | Acc (poison): 0.7831 | Val Acc: 0.8681 | Time: 00:00:12
Epoch 064 | Seed 2001 | Rate 0.20 | Train Loss: 1.1441 | Val Loss: 0.6057 | Acc (clean): 0.9058 | Acc (poison): 0.7858 | Val Acc: 0.8607 | Time: 00:00:12
Epoch 065 | Seed 2001 | Rate 0.20 | Train Loss: 1.1402 | Val Loss: 0.6041 | Acc (clean): 0.9049 | Acc (poison): 0.7888 | Val Acc: 0.8589 | Time: 00:00:12
Epoch 066 | Seed 2001 | Rate 0.20 | Train Loss: 1.1389 | Val Loss: 0.6121 | Acc (clean): 0.8991 | Acc (poison): 0.7905 | Val Acc: 0.8478 | Time: 00:00:12
Epoch 067 | Seed 2001 | Rate 0.20 | Train Loss: 1.1324 | Val Loss: 0.6005 | Acc (clean): 0.8975 | Acc (poison): 0.7926 | Val Acc: 0.8452 | Time: 00:00:12
Epoch 068 | Seed 2001 | Rate 0.20 | Train Loss: 1.1258 | Val Loss: 0.6553 | Acc (clean): 0.8979 | Acc (poison): 0.7959 | Val Acc: 0.8263 | Time: 00:00:12
Epoch 069 | Seed 2001 | Rate 0.20 | Train Loss: 1.1226 | Val Loss: 0.6403 | Acc (clean): 0.8969 | Acc (poison): 0.7965 | Val Acc: 0.8252 | Time: 00:00:12
Epoch 070 | Seed 2001 | Rate 0.20 | Train Loss: 1.1213 | Val Loss: 0.5936 | Acc (clean): 0.8924 | Acc (poison): 0.8005 | Val Acc: 0.8578 | Time: 00:00:13
Epoch 071 | Seed 2001 | Rate 0.20 | Train Loss: 1.1175 | Val Loss: 0.6473 | Acc (clean): 0.8919 | Acc (poison): 0.8019 | Val Acc: 0.8059 | Time: 00:00:12
Epoch 072 | Seed 2001 | Rate 0.20 | Train Loss: 1.1153 | Val Loss: 0.6332 | Acc (clean): 0.8842 | Acc (poison): 0.8037 | Val Acc: 0.8119 | Time: 00:00:12
Epoch 073 | Seed 2001 | Rate 0.20 | Train Loss: 1.1137 | Val Loss: 0.6117 | Acc (clean): 0.8812 | Acc (poison): 0.8055 | Val Acc: 0.8493 | Time: 00:00:12
Epoch 074 | Seed 2001 | Rate 0.20 | Train Loss: 1.1059 | Val Loss: 0.6434 | Acc (clean): 0.8787 | Acc (poison): 0.8104 | Val Acc: 0.8252 | Time: 00:00:12
Epoch 075 | Seed 2001 | Rate 0.20 | Train Loss: 1.1073 | Val Loss: 0.6430 | Acc (clean): 0.8770 | Acc (poison): 0.8096 | Val Acc: 0.8300 | Time: 00:00:12
Epoch 076 | Seed 2001 | Rate 0.20 | Train Loss: 1.0653 | Val Loss: 0.6001 | Acc (clean): 0.8869 | Acc (poison): 0.8356 | Val Acc: 0.8441 | Time: 00:00:12
Epoch 077 | Seed 2001 | Rate 0.20 | Train Loss: 1.0509 | Val Loss: 0.6010 | Acc (clean): 0.8875 | Acc (poison): 0.8416 | Val Acc: 0.8393 | Time: 00:00:12
Epoch 078 | Seed 2001 | Rate 0.20 | Train Loss: 1.0446 | Val Loss: 0.6001 | Acc (clean): 0.8842 | Acc (poison): 0.8467 | Val Acc: 0.8415 | Time: 00:00:12
Epoch 079 | Seed 2001 | Rate 0.20 | Train Loss: 1.0373 | Val Loss: 0.5992 | Acc (clean): 0.8867 | Acc (poison): 0.8507 | Val Acc: 0.8385 | Time: 00:00:12
Epoch 080 | Seed 2001 | Rate 0.20 | Train Loss: 1.0365 | Val Loss: 0.6111 | Acc (clean): 0.8808 | Acc (poison): 0.8514 | Val Acc: 0.8307 | Time: 00:00:12
Epoch 081 | Seed 2001 | Rate 0.20 | Train Loss: 1.0323 | Val Loss: 0.6073 | Acc (clean): 0.8786 | Acc (poison): 0.8531 | Val Acc: 0.8326 | Time: 00:00:12
Epoch 082 | Seed 2001 | Rate 0.20 | Train Loss: 1.0315 | Val Loss: 0.6144 | Acc (clean): 0.8766 | Acc (poison): 0.8537 | Val Acc: 0.8241 | Time: 00:00:12
Epoch 083 | Seed 2001 | Rate 0.20 | Train Loss: 1.0263 | Val Loss: 0.6161 | Acc (clean): 0.8750 | Acc (poison): 0.8572 | Val Acc: 0.8244 | Time: 00:00:12
Epoch 084 | Seed 2001 | Rate 0.20 | Train Loss: 1.0246 | Val Loss: 0.6150 | Acc (clean): 0.8732 | Acc (poison): 0.8584 | Val Acc: 0.8241 | Time: 00:00:12
Epoch 085 | Seed 2001 | Rate 0.20 | Train Loss: 1.0216 | Val Loss: 0.6166 | Acc (clean): 0.8704 | Acc (poison): 0.8629 | Val Acc: 0.8241 | Time: 00:00:12
Epoch 086 | Seed 2001 | Rate 0.20 | Train Loss: 1.0173 | Val Loss: 0.6170 | Acc (clean): 0.8692 | Acc (poison): 0.8662 | Val Acc: 0.8233 | Time: 00:00:12
Epoch 087 | Seed 2001 | Rate 0.20 | Train Loss: 1.0174 | Val Loss: 0.6201 | Acc (clean): 0.8681 | Acc (poison): 0.8633 | Val Acc: 0.8189 | Time: 00:00:12
Epoch 088 | Seed 2001 | Rate 0.20 | Train Loss: 1.0149 | Val Loss: 0.6175 | Acc (clean): 0.8642 | Acc (poison): 0.8683 | Val Acc: 0.8211 | Time: 00:00:12
Epoch 089 | Seed 2001 | Rate 0.20 | Train Loss: 1.0109 | Val Loss: 0.6172 | Acc (clean): 0.8647 | Acc (poison): 0.8687 | Val Acc: 0.8148 | Time: 00:00:12
Epoch 090 | Seed 2001 | Rate 0.20 | Train Loss: 1.0108 | Val Loss: 0.6230 | Acc (clean): 0.8609 | Acc (poison): 0.8674 | Val Acc: 0.8133 | Time: 00:00:12
Epoch 091 | Seed 2001 | Rate 0.20 | Train Loss: 1.0094 | Val Loss: 0.6228 | Acc (clean): 0.8638 | Acc (poison): 0.8688 | Val Acc: 0.8156 | Time: 00:00:12
Epoch 092 | Seed 2001 | Rate 0.20 | Train Loss: 1.0023 | Val Loss: 0.6350 | Acc (clean): 0.8614 | Acc (poison): 0.8735 | Val Acc: 0.8074 | Time: 00:00:12
Epoch 093 | Seed 2001 | Rate 0.20 | Train Loss: 1.0048 | Val Loss: 0.6425 | Acc (clean): 0.8600 | Acc (poison): 0.8735 | Val Acc: 0.8030 | Time: 00:00:12
Epoch 094 | Seed 2001 | Rate 0.20 | Train Loss: 1.0008 | Val Loss: 0.6350 | Acc (clean): 0.8583 | Acc (poison): 0.8769 | Val Acc: 0.8037 | Time: 00:00:12
Epoch 095 | Seed 2001 | Rate 0.20 | Train Loss: 1.0002 | Val Loss: 0.6261 | Acc (clean): 0.8564 | Acc (poison): 0.8770 | Val Acc: 0.8130 | Time: 00:00:12
Epoch 096 | Seed 2001 | Rate 0.20 | Train Loss: 0.9957 | Val Loss: 0.6376 | Acc (clean): 0.8565 | Acc (poison): 0.8756 | Val Acc: 0.8026 | Time: 00:00:12
Epoch 097 | Seed 2001 | Rate 0.20 | Train Loss: 0.9944 | Val Loss: 0.6351 | Acc (clean): 0.8532 | Acc (poison): 0.8800 | Val Acc: 0.8115 | Time: 00:00:12
Epoch 098 | Seed 2001 | Rate 0.20 | Train Loss: 0.9938 | Val Loss: 0.6370 | Acc (clean): 0.8508 | Acc (poison): 0.8822 | Val Acc: 0.8096 | Time: 00:00:12
Epoch 099 | Seed 2001 | Rate 0.20 | Train Loss: 0.9869 | Val Loss: 0.6471 | Acc (clean): 0.8534 | Acc (poison): 0.8842 | Val Acc: 0.7937 | Time: 00:00:12
Epoch 100 | Seed 2001 | Rate 0.20 | Train Loss: 0.9878 | Val Loss: 0.6444 | Acc (clean): 0.8489 | Acc (poison): 0.8837 | Val Acc: 0.8044 | Time: 00:00:12

Endzeit: 2026-08-08 05:41:43 CEST
Laufzeit: 04:04:06
Exit-Code: 0

Abgeschlossene Laeufe fuer Seed 2001 (erwartet: 11):
/home/yazanme/BachelorThesis/BachelorThesis/experiments/RQ3/label_smoothing/mobilenetv2/clean/seed_2001/rate_0.0
/home/yazanme/BachelorThesis/BachelorThesis/experiments/RQ3/label_smoothing/mobilenetv2/RQ1/seed_2001/rate_0.01
/home/yazanme/BachelorThesis/BachelorThesis/experiments/RQ3/label_smoothing/mobilenetv2/RQ1/seed_2001/rate_0.02
/home/yazanme/BachelorThesis/BachelorThesis/experiments/RQ3/label_smoothing/mobilenetv2/RQ1/seed_2001/rate_0.05
/home/yazanme/BachelorThesis/BachelorThesis/experiments/RQ3/label_smoothing/mobilenetv2/RQ1/seed_2001/rate_0.1
/home/yazanme/BachelorThesis/BachelorThesis/experiments/RQ3/label_smoothing/mobilenetv2/RQ1/seed_2001/rate_0.2
/home/yazanme/BachelorThesis/BachelorThesis/experiments/RQ3/label_smoothing/mobilenetv2/RQ2/seed_2001/rate_0.01
/home/yazanme/BachelorThesis/BachelorThesis/experiments/RQ3/label_smoothing/mobilenetv2/RQ2/seed_2001/rate_0.02
/home/yazanme/BachelorThesis/BachelorThesis/experiments/RQ3/label_smoothing/mobilenetv2/RQ2/seed_2001/rate_0.05
/home/yazanme/BachelorThesis/BachelorThesis/experiments/RQ3/label_smoothing/mobilenetv2/RQ2/seed_2001/rate_0.1
/home/yazanme/BachelorThesis/BachelorThesis/experiments/RQ3/label_smoothing/mobilenetv2/RQ2/seed_2001/rate_0.2
Anzahl: 11

clean/summary_metrics.csv:
seed,rate,accuracy,precision,recall,f1
42,0.0,0.9395555555555556,0.9402890560895348,0.9395555555555556,0.9394958042794742
2001,0.0,0.9397777777777778,0.9402307812542612,0.9397777777777776,0.9397287119736244
2026,0.0,0.9411111111111111,0.9419331882175194,0.9411111111111111,0.9411162682749217

RQ1/summary_metrics.csv:
seed,rate,accuracy,precision,recall,f1
2001,0.01,0.9344444444444444,0.9352040193642378,0.9344444444444444,0.9342997389874956
42,0.01,0.9337777777777778,0.9345928103878652,0.9337777777777778,0.9337883713272132
2026,0.01,0.9364444444444444,0.9376542758737209,0.9364444444444444,0.93658443986336
42,0.02,0.9326666666666666,0.933860313095764,0.9326666666666664,0.9326909728630782
2001,0.02,0.9351111111111112,0.9362454707254202,0.9351111111111112,0.9351439384935092
2026,0.02,0.934,0.9344561799241078,0.9339999999999996,0.933926930838244
42,0.05,0.9182222222222224,0.9201442914084866,0.9182222222222224,0.9182665456583716
2001,0.05,0.9273333333333332,0.9284806005869712,0.9273333333333332,0.92718527032271
2026,0.05,0.9282222222222222,0.9295895068049992,0.9282222222222222,0.9284102829021106
42,0.1,0.9188888888888888,0.9199098577798102,0.9188888888888888,0.9188763090727864
2001,0.1,0.9128888888888887,0.9148390905440362,0.9128888888888887,0.9132822192680776
2026,0.1,0.9208888888888888,0.9221392757655,0.9208888888888888,0.920981385364442
42,0.2,0.8942222222222223,0.8957648107245937,0.8942222222222223,0.8941486243735347
2001,0.2,0.896,0.8974198394839175,0.896,0.8959795850465962
2026,0.2,0.8988888888888888,0.9007943279965184,0.8988888888888888,0.8989412990007511

RQ2/summary_metrics.csv:
seed,rate,accuracy,precision,recall,f1
42,0.01,0.9346666666666666,0.935836693002812,0.9346666666666664,0.9347503787906406
2001,0.01,0.9364444444444444,0.937508018061431,0.9364444444444444,0.9364607787336224
2026,0.01,0.9373333333333334,0.9384535612835015,0.9373333333333334,0.9374352552774234
2001,0.02,0.9306666666666666,0.9322472657381108,0.9306666666666664,0.9307256184350696
2026,0.02,0.9277777777777778,0.9289552175283304,0.9277777777777778,0.9277715740442796
42,0.02,0.9311111111111112,0.9323659333171374,0.9311111111111112,0.9311740735226416
2001,0.05,0.9242222222222222,0.9258981386924028,0.9242222222222222,0.9243108152083438
2026,0.05,0.9202222222222224,0.9215928254177276,0.9202222222222224,0.9203680930043636
42,0.05,0.9251111111111112,0.925791731757086,0.9251111111111112,0.9250399258328827
2001,0.1,0.9071111111111112,0.9087217684734308,0.9071111111111112,0.9071660105959596
2026,0.1,0.9033333333333332,0.904214111313858,0.9033333333333334,0.9029292935610592
42,0.1,0.9053333333333332,0.9066446308881536,0.9053333333333332,0.9053652591532816
2001,0.2,0.8615555555555555,0.8666682908950062,0.8615555555555556,0.8602604132290905
