=========================================
1. SLURM ALLOKATIONS-INFO
=========================================
Job ID: 5187 (Array 5185, Task 1)
Job Name: rq3_small_loss_resnet18
Ausfuehrender Node: gpu01
Zugewiesene CPUs: 6
Zugewiesener Speicher: 32768 MB
Zugewiesene GPUs: 0
Zugewiesene GPUs ueber CUDA: 0
0, Tesla V100S-PCIE-32GB, 32768 MiB, 535.309.01

Zeitzonen-Check -> Node-Uhr (UTC): 2026-08-09 10:29:35 UTC
Zeitzonen-Check -> korrigiert    : 2026-08-09 12:29:35 CEST

Python: /home/yazanme/miniforge3/envs/venv/bin/python
Version: Python 3.12.13

Preflight ok: RQ2-Labels mit 16 Paaren / 32 angegriffenen Klassen.
Modell:           resnet18
Verteidigung:     small_loss
Seed:             2001
Trainings-Config: /home/yazanme/BachelorThesis/BachelorThesis/src/yaml/rq3/rq3_train_resnet18.yaml
Daten-Config:     /home/yazanme/BachelorThesis/BachelorThesis/src/implementation/data_preparation/config.yaml
Ausgabe:          /home/yazanme/BachelorThesis/BachelorThesis/experiments/RQ3/small_loss/resnet18/{clean,RQ1,RQ2}
Preflight ok: 3 HDF5-Splits + 10 Label-Tensoren (RQ1+RQ2) fuer Seed 2001.
Erwartet: 1 clean + 2 Angriffe x 5 Raten = 11 Laeufe (~4.6 h).

Startzeit: 2026-08-09 12:29:36 CEST

Starting main script...
Config: /home/yazanme/BachelorThesis/BachelorThesis/src/yaml/rq3/rq3_train_resnet18.yaml
Experiment: rq=RQ3 model=resnet18 rates=[0.0, 0.01, 0.02, 0.05, 0.1, 0.2]
Defense: small_loss | Seeds: [2001] | Attacks: ['clean', 'RQ1', 'RQ2']
Set float32 matmul precision to: high
Initializing PyTorch and checking CUDA...
Set cudnn.benchmark to: True
Using device: cuda
Initializing base loaders...
Loading validation data from /home/yazanme/BachelorThesis/BachelorThesis/data/processed/resisc45/val.h5... (in_memory=True, workers=4)
Loading test data from /home/yazanme/BachelorThesis/BachelorThesis/data/processed/resisc45/test.h5... (in_memory=True, workers=4)
Starting experiment run...

=== defense=small_loss attack=clean seed=2001 rate=0.0 ===
Loading train data from /home/yazanme/BachelorThesis/BachelorThesis/data/processed/resisc45/train.h5... (in_memory=True, workers=4)
Testing torch.compile support...
Successfully compiled model using torch.compile.
Epoch 001 | Seed 2001 | Rate 0.00 | Train Loss: 2.8361 | Val Loss: 2.2481 | Acc (clean): 0.2475 | Acc (poison): 0.2475 | Val Acc: 0.3507 | Time: 00:01:24
Epoch 002 | Seed 2001 | Rate 0.00 | Train Loss: 1.9409 | Val Loss: 1.8821 | Acc (clean): 0.4344 | Acc (poison): 0.4344 | Val Acc: 0.4596 | Time: 00:00:13
Epoch 003 | Seed 2001 | Rate 0.00 | Train Loss: 1.5493 | Val Loss: 1.9617 | Acc (clean): 0.5398 | Acc (poison): 0.5398 | Val Acc: 0.4407 | Time: 00:00:12
Epoch 004 | Seed 2001 | Rate 0.00 | Train Loss: 1.3023 | Val Loss: 1.9938 | Acc (clean): 0.6082 | Acc (poison): 0.6082 | Val Acc: 0.4485 | Time: 00:00:12
Epoch 005 | Seed 2001 | Rate 0.00 | Train Loss: 1.1094 | Val Loss: 1.3036 | Acc (clean): 0.6646 | Acc (poison): 0.6646 | Val Acc: 0.6078 | Time: 00:00:13
Epoch 006 | Seed 2001 | Rate 0.00 | Train Loss: 0.9552 | Val Loss: 1.5311 | Acc (clean): 0.7071 | Acc (poison): 0.7071 | Val Acc: 0.5759 | Time: 00:00:12
Epoch 007 | Seed 2001 | Rate 0.00 | Train Loss: 0.8325 | Val Loss: 1.2320 | Acc (clean): 0.7379 | Acc (poison): 0.7379 | Val Acc: 0.6352 | Time: 00:00:13
Epoch 008 | Seed 2001 | Rate 0.00 | Train Loss: 0.7218 | Val Loss: 0.8763 | Acc (clean): 0.7747 | Acc (poison): 0.7747 | Val Acc: 0.7311 | Time: 00:00:13
Epoch 009 | Seed 2001 | Rate 0.00 | Train Loss: 0.6308 | Val Loss: 0.9486 | Acc (clean): 0.8006 | Acc (poison): 0.8006 | Val Acc: 0.7137 | Time: 00:00:13
Epoch 010 | Seed 2001 | Rate 0.00 | Train Loss: 0.5751 | Val Loss: 0.7070 | Acc (clean): 0.8185 | Acc (poison): 0.8185 | Val Acc: 0.7870 | Time: 00:00:13
Epoch 011 | Seed 2001 | Rate 0.00 | Train Loss: 0.5119 | Val Loss: 0.8227 | Acc (clean): 0.8369 | Acc (poison): 0.8369 | Val Acc: 0.7474 | Time: 00:00:12
Epoch 012 | Seed 2001 | Rate 0.00 | Train Loss: 0.4856 | Val Loss: 0.8673 | Acc (clean): 0.8443 | Acc (poison): 0.8443 | Val Acc: 0.7526 | Time: 00:00:13
Epoch 013 | Seed 2001 | Rate 0.00 | Train Loss: 0.4517 | Val Loss: 0.6086 | Acc (clean): 0.8539 | Acc (poison): 0.8539 | Val Acc: 0.8204 | Time: 00:00:13
Epoch 014 | Seed 2001 | Rate 0.00 | Train Loss: 0.4291 | Val Loss: 0.9203 | Acc (clean): 0.8618 | Acc (poison): 0.8618 | Val Acc: 0.7326 | Time: 00:00:13
Epoch 015 | Seed 2001 | Rate 0.00 | Train Loss: 0.4012 | Val Loss: 0.7182 | Acc (clean): 0.8712 | Acc (poison): 0.8712 | Val Acc: 0.7800 | Time: 00:00:13
Epoch 016 | Seed 2001 | Rate 0.00 | Train Loss: 0.4002 | Val Loss: 0.7234 | Acc (clean): 0.8724 | Acc (poison): 0.8724 | Val Acc: 0.7770 | Time: 00:00:13
Epoch 017 | Seed 2001 | Rate 0.00 | Train Loss: 0.3747 | Val Loss: 0.6551 | Acc (clean): 0.8783 | Acc (poison): 0.8783 | Val Acc: 0.8074 | Time: 00:00:13
Epoch 018 | Seed 2001 | Rate 0.00 | Train Loss: 0.3674 | Val Loss: 0.5392 | Acc (clean): 0.8817 | Acc (poison): 0.8817 | Val Acc: 0.8333 | Time: 00:00:13
Epoch 019 | Seed 2001 | Rate 0.00 | Train Loss: 0.3593 | Val Loss: 0.7797 | Acc (clean): 0.8856 | Acc (poison): 0.8856 | Val Acc: 0.7696 | Time: 00:00:12
Epoch 020 | Seed 2001 | Rate 0.00 | Train Loss: 0.3437 | Val Loss: 0.5717 | Acc (clean): 0.8907 | Acc (poison): 0.8907 | Val Acc: 0.8244 | Time: 00:00:12
Epoch 021 | Seed 2001 | Rate 0.00 | Train Loss: 0.3343 | Val Loss: 0.6436 | Acc (clean): 0.8952 | Acc (poison): 0.8952 | Val Acc: 0.8037 | Time: 00:00:12
Epoch 022 | Seed 2001 | Rate 0.00 | Train Loss: 0.3245 | Val Loss: 0.5878 | Acc (clean): 0.8991 | Acc (poison): 0.8991 | Val Acc: 0.8181 | Time: 00:00:12
Epoch 023 | Seed 2001 | Rate 0.00 | Train Loss: 0.3310 | Val Loss: 1.1138 | Acc (clean): 0.8966 | Acc (poison): 0.8966 | Val Acc: 0.6956 | Time: 00:00:12
Epoch 024 | Seed 2001 | Rate 0.00 | Train Loss: 0.3117 | Val Loss: 0.5647 | Acc (clean): 0.9002 | Acc (poison): 0.9002 | Val Acc: 0.8300 | Time: 00:00:12
Epoch 025 | Seed 2001 | Rate 0.00 | Train Loss: 0.2980 | Val Loss: 0.5745 | Acc (clean): 0.9026 | Acc (poison): 0.9026 | Val Acc: 0.8222 | Time: 00:00:13
Epoch 026 | Seed 2001 | Rate 0.00 | Train Loss: 0.2942 | Val Loss: 0.6441 | Acc (clean): 0.9076 | Acc (poison): 0.9076 | Val Acc: 0.8078 | Time: 00:00:13
Epoch 027 | Seed 2001 | Rate 0.00 | Train Loss: 0.2984 | Val Loss: 0.7455 | Acc (clean): 0.9055 | Acc (poison): 0.9055 | Val Acc: 0.7693 | Time: 00:00:12
Epoch 028 | Seed 2001 | Rate 0.00 | Train Loss: 0.3043 | Val Loss: 0.6721 | Acc (clean): 0.9026 | Acc (poison): 0.9026 | Val Acc: 0.8000 | Time: 00:00:12
Epoch 029 | Seed 2001 | Rate 0.00 | Train Loss: 0.2741 | Val Loss: 0.8729 | Acc (clean): 0.9120 | Acc (poison): 0.9120 | Val Acc: 0.7522 | Time: 00:00:12
Epoch 030 | Seed 2001 | Rate 0.00 | Train Loss: 0.2902 | Val Loss: 0.8816 | Acc (clean): 0.9075 | Acc (poison): 0.9075 | Val Acc: 0.7541 | Time: 00:00:12
Epoch 031 | Seed 2001 | Rate 0.00 | Train Loss: 0.2775 | Val Loss: 0.5871 | Acc (clean): 0.9114 | Acc (poison): 0.9114 | Val Acc: 0.8293 | Time: 00:00:12
Epoch 032 | Seed 2001 | Rate 0.00 | Train Loss: 0.2684 | Val Loss: 0.5971 | Acc (clean): 0.9147 | Acc (poison): 0.9147 | Val Acc: 0.8141 | Time: 00:00:12
Epoch 033 | Seed 2001 | Rate 0.00 | Train Loss: 0.2772 | Val Loss: 0.6800 | Acc (clean): 0.9122 | Acc (poison): 0.9122 | Val Acc: 0.8059 | Time: 00:00:12
Epoch 034 | Seed 2001 | Rate 0.00 | Train Loss: 0.2623 | Val Loss: 0.8401 | Acc (clean): 0.9159 | Acc (poison): 0.9159 | Val Acc: 0.7504 | Time: 00:00:12
Epoch 035 | Seed 2001 | Rate 0.00 | Train Loss: 0.2645 | Val Loss: 0.5227 | Acc (clean): 0.9138 | Acc (poison): 0.9138 | Val Acc: 0.8385 | Time: 00:00:13
Epoch 036 | Seed 2001 | Rate 0.00 | Train Loss: 0.2679 | Val Loss: 0.8726 | Acc (clean): 0.9151 | Acc (poison): 0.9151 | Val Acc: 0.7622 | Time: 00:00:12
Epoch 037 | Seed 2001 | Rate 0.00 | Train Loss: 0.2711 | Val Loss: 0.7430 | Acc (clean): 0.9124 | Acc (poison): 0.9124 | Val Acc: 0.7774 | Time: 00:00:12
Epoch 038 | Seed 2001 | Rate 0.00 | Train Loss: 0.2524 | Val Loss: 0.6925 | Acc (clean): 0.9201 | Acc (poison): 0.9201 | Val Acc: 0.8159 | Time: 00:00:12
Epoch 039 | Seed 2001 | Rate 0.00 | Train Loss: 0.2635 | Val Loss: 0.7428 | Acc (clean): 0.9162 | Acc (poison): 0.9162 | Val Acc: 0.7841 | Time: 00:00:12
Epoch 040 | Seed 2001 | Rate 0.00 | Train Loss: 0.2521 | Val Loss: 0.6575 | Acc (clean): 0.9188 | Acc (poison): 0.9188 | Val Acc: 0.8081 | Time: 00:00:12
Epoch 041 | Seed 2001 | Rate 0.00 | Train Loss: 0.2347 | Val Loss: 0.6658 | Acc (clean): 0.9256 | Acc (poison): 0.9256 | Val Acc: 0.8059 | Time: 00:00:12
Epoch 042 | Seed 2001 | Rate 0.00 | Train Loss: 0.2483 | Val Loss: 0.8557 | Acc (clean): 0.9192 | Acc (poison): 0.9192 | Val Acc: 0.7585 | Time: 00:00:12
Epoch 043 | Seed 2001 | Rate 0.00 | Train Loss: 0.2435 | Val Loss: 0.6765 | Acc (clean): 0.9212 | Acc (poison): 0.9212 | Val Acc: 0.8004 | Time: 00:00:13
Epoch 044 | Seed 2001 | Rate 0.00 | Train Loss: 0.2558 | Val Loss: 0.7913 | Acc (clean): 0.9185 | Acc (poison): 0.9185 | Val Acc: 0.7778 | Time: 00:00:12
Epoch 045 | Seed 2001 | Rate 0.00 | Train Loss: 0.2545 | Val Loss: 0.5549 | Acc (clean): 0.9189 | Acc (poison): 0.9189 | Val Acc: 0.8393 | Time: 00:00:13
Epoch 046 | Seed 2001 | Rate 0.00 | Train Loss: 0.2467 | Val Loss: 0.6704 | Acc (clean): 0.9186 | Acc (poison): 0.9186 | Val Acc: 0.8070 | Time: 00:00:12
Epoch 047 | Seed 2001 | Rate 0.00 | Train Loss: 0.2365 | Val Loss: 0.7942 | Acc (clean): 0.9254 | Acc (poison): 0.9254 | Val Acc: 0.7826 | Time: 00:00:12
Epoch 048 | Seed 2001 | Rate 0.00 | Train Loss: 0.2520 | Val Loss: 0.6314 | Acc (clean): 0.9201 | Acc (poison): 0.9201 | Val Acc: 0.8144 | Time: 00:00:13
Epoch 049 | Seed 2001 | Rate 0.00 | Train Loss: 0.2325 | Val Loss: 1.0216 | Acc (clean): 0.9250 | Acc (poison): 0.9250 | Val Acc: 0.7578 | Time: 00:00:12
Epoch 050 | Seed 2001 | Rate 0.00 | Train Loss: 0.2526 | Val Loss: 0.8380 | Acc (clean): 0.9179 | Acc (poison): 0.9179 | Val Acc: 0.7726 | Time: 00:00:12
Epoch 051 | Seed 2001 | Rate 0.00 | Train Loss: 0.1000 | Val Loss: 0.2450 | Acc (clean): 0.9722 | Acc (poison): 0.9722 | Val Acc: 0.9252 | Time: 00:00:13
Epoch 052 | Seed 2001 | Rate 0.00 | Train Loss: 0.0555 | Val Loss: 0.2331 | Acc (clean): 0.9873 | Acc (poison): 0.9873 | Val Acc: 0.9252 | Time: 00:00:13
Epoch 053 | Seed 2001 | Rate 0.00 | Train Loss: 0.0460 | Val Loss: 0.2173 | Acc (clean): 0.9900 | Acc (poison): 0.9900 | Val Acc: 0.9333 | Time: 00:00:13
Epoch 054 | Seed 2001 | Rate 0.00 | Train Loss: 0.0386 | Val Loss: 0.2101 | Acc (clean): 0.9927 | Acc (poison): 0.9927 | Val Acc: 0.9322 | Time: 00:00:14
Epoch 055 | Seed 2001 | Rate 0.00 | Train Loss: 0.0349 | Val Loss: 0.2150 | Acc (clean): 0.9936 | Acc (poison): 0.9936 | Val Acc: 0.9307 | Time: 00:00:13
Epoch 056 | Seed 2001 | Rate 0.00 | Train Loss: 0.0321 | Val Loss: 0.2134 | Acc (clean): 0.9942 | Acc (poison): 0.9942 | Val Acc: 0.9293 | Time: 00:00:12
Epoch 057 | Seed 2001 | Rate 0.00 | Train Loss: 0.0271 | Val Loss: 0.2090 | Acc (clean): 0.9954 | Acc (poison): 0.9954 | Val Acc: 0.9333 | Time: 00:00:13
Epoch 058 | Seed 2001 | Rate 0.00 | Train Loss: 0.0256 | Val Loss: 0.2121 | Acc (clean): 0.9965 | Acc (poison): 0.9965 | Val Acc: 0.9307 | Time: 00:00:12
Epoch 059 | Seed 2001 | Rate 0.00 | Train Loss: 0.0245 | Val Loss: 0.2165 | Acc (clean): 0.9963 | Acc (poison): 0.9963 | Val Acc: 0.9315 | Time: 00:00:12
Epoch 060 | Seed 2001 | Rate 0.00 | Train Loss: 0.0231 | Val Loss: 0.2094 | Acc (clean): 0.9964 | Acc (poison): 0.9964 | Val Acc: 0.9307 | Time: 00:00:12
Epoch 061 | Seed 2001 | Rate 0.00 | Train Loss: 0.0216 | Val Loss: 0.2051 | Acc (clean): 0.9969 | Acc (poison): 0.9969 | Val Acc: 0.9359 | Time: 00:00:13
Epoch 062 | Seed 2001 | Rate 0.00 | Train Loss: 0.0210 | Val Loss: 0.2080 | Acc (clean): 0.9973 | Acc (poison): 0.9973 | Val Acc: 0.9337 | Time: 00:00:12
Epoch 063 | Seed 2001 | Rate 0.00 | Train Loss: 0.0199 | Val Loss: 0.2096 | Acc (clean): 0.9971 | Acc (poison): 0.9971 | Val Acc: 0.9337 | Time: 00:00:12
Epoch 064 | Seed 2001 | Rate 0.00 | Train Loss: 0.0177 | Val Loss: 0.2079 | Acc (clean): 0.9984 | Acc (poison): 0.9984 | Val Acc: 0.9333 | Time: 00:00:12
Epoch 065 | Seed 2001 | Rate 0.00 | Train Loss: 0.0177 | Val Loss: 0.2112 | Acc (clean): 0.9982 | Acc (poison): 0.9982 | Val Acc: 0.9341 | Time: 00:00:13
Epoch 066 | Seed 2001 | Rate 0.00 | Train Loss: 0.0162 | Val Loss: 0.2070 | Acc (clean): 0.9986 | Acc (poison): 0.9986 | Val Acc: 0.9337 | Time: 00:00:12
Epoch 067 | Seed 2001 | Rate 0.00 | Train Loss: 0.0170 | Val Loss: 0.2083 | Acc (clean): 0.9977 | Acc (poison): 0.9977 | Val Acc: 0.9404 | Time: 00:00:12
Epoch 068 | Seed 2001 | Rate 0.00 | Train Loss: 0.0159 | Val Loss: 0.2087 | Acc (clean): 0.9987 | Acc (poison): 0.9987 | Val Acc: 0.9363 | Time: 00:00:13
Epoch 069 | Seed 2001 | Rate 0.00 | Train Loss: 0.0153 | Val Loss: 0.2057 | Acc (clean): 0.9986 | Acc (poison): 0.9986 | Val Acc: 0.9393 | Time: 00:00:12
Epoch 070 | Seed 2001 | Rate 0.00 | Train Loss: 0.0154 | Val Loss: 0.2094 | Acc (clean): 0.9985 | Acc (poison): 0.9985 | Val Acc: 0.9378 | Time: 00:00:12
Epoch 071 | Seed 2001 | Rate 0.00 | Train Loss: 0.0152 | Val Loss: 0.2034 | Acc (clean): 0.9984 | Acc (poison): 0.9984 | Val Acc: 0.9407 | Time: 00:00:13
Epoch 072 | Seed 2001 | Rate 0.00 | Train Loss: 0.0138 | Val Loss: 0.2132 | Acc (clean): 0.9988 | Acc (poison): 0.9988 | Val Acc: 0.9385 | Time: 00:00:12
Epoch 073 | Seed 2001 | Rate 0.00 | Train Loss: 0.0132 | Val Loss: 0.2082 | Acc (clean): 0.9991 | Acc (poison): 0.9991 | Val Acc: 0.9393 | Time: 00:00:13
Epoch 074 | Seed 2001 | Rate 0.00 | Train Loss: 0.0134 | Val Loss: 0.2087 | Acc (clean): 0.9991 | Acc (poison): 0.9991 | Val Acc: 0.9363 | Time: 00:00:12
Epoch 075 | Seed 2001 | Rate 0.00 | Train Loss: 0.0133 | Val Loss: 0.2092 | Acc (clean): 0.9990 | Acc (poison): 0.9990 | Val Acc: 0.9363 | Time: 00:00:12
Epoch 076 | Seed 2001 | Rate 0.00 | Train Loss: 0.0115 | Val Loss: 0.2029 | Acc (clean): 0.9993 | Acc (poison): 0.9993 | Val Acc: 0.9385 | Time: 00:00:13
Epoch 077 | Seed 2001 | Rate 0.00 | Train Loss: 0.0118 | Val Loss: 0.2043 | Acc (clean): 0.9991 | Acc (poison): 0.9991 | Val Acc: 0.9381 | Time: 00:00:12
Epoch 078 | Seed 2001 | Rate 0.00 | Train Loss: 0.0108 | Val Loss: 0.2066 | Acc (clean): 0.9995 | Acc (poison): 0.9995 | Val Acc: 0.9370 | Time: 00:00:12
Epoch 079 | Seed 2001 | Rate 0.00 | Train Loss: 0.0107 | Val Loss: 0.2031 | Acc (clean): 0.9993 | Acc (poison): 0.9993 | Val Acc: 0.9400 | Time: 00:00:12
Epoch 080 | Seed 2001 | Rate 0.00 | Train Loss: 0.0114 | Val Loss: 0.2050 | Acc (clean): 0.9994 | Acc (poison): 0.9994 | Val Acc: 0.9378 | Time: 00:00:13
Epoch 081 | Seed 2001 | Rate 0.00 | Train Loss: 0.0109 | Val Loss: 0.2065 | Acc (clean): 0.9993 | Acc (poison): 0.9993 | Val Acc: 0.9393 | Time: 00:00:12
Epoch 082 | Seed 2001 | Rate 0.00 | Train Loss: 0.0109 | Val Loss: 0.2038 | Acc (clean): 0.9994 | Acc (poison): 0.9994 | Val Acc: 0.9396 | Time: 00:00:12
Epoch 083 | Seed 2001 | Rate 0.00 | Train Loss: 0.0110 | Val Loss: 0.2035 | Acc (clean): 0.9994 | Acc (poison): 0.9994 | Val Acc: 0.9419 | Time: 00:00:12
Epoch 084 | Seed 2001 | Rate 0.00 | Train Loss: 0.0107 | Val Loss: 0.2067 | Acc (clean): 0.9993 | Acc (poison): 0.9993 | Val Acc: 0.9367 | Time: 00:00:12
Epoch 085 | Seed 2001 | Rate 0.00 | Train Loss: 0.0107 | Val Loss: 0.2057 | Acc (clean): 0.9994 | Acc (poison): 0.9994 | Val Acc: 0.9385 | Time: 00:00:12
Epoch 086 | Seed 2001 | Rate 0.00 | Train Loss: 0.0103 | Val Loss: 0.2050 | Acc (clean): 0.9994 | Acc (poison): 0.9994 | Val Acc: 0.9378 | Time: 00:00:12
Epoch 087 | Seed 2001 | Rate 0.00 | Train Loss: 0.0103 | Val Loss: 0.2049 | Acc (clean): 0.9995 | Acc (poison): 0.9995 | Val Acc: 0.9385 | Time: 00:00:12
Epoch 088 | Seed 2001 | Rate 0.00 | Train Loss: 0.0105 | Val Loss: 0.2072 | Acc (clean): 0.9997 | Acc (poison): 0.9997 | Val Acc: 0.9389 | Time: 00:00:13
Epoch 089 | Seed 2001 | Rate 0.00 | Train Loss: 0.0104 | Val Loss: 0.2050 | Acc (clean): 0.9996 | Acc (poison): 0.9996 | Val Acc: 0.9367 | Time: 00:00:13
Epoch 090 | Seed 2001 | Rate 0.00 | Train Loss: 0.0101 | Val Loss: 0.2046 | Acc (clean): 0.9997 | Acc (poison): 0.9997 | Val Acc: 0.9419 | Time: 00:00:12
Epoch 091 | Seed 2001 | Rate 0.00 | Train Loss: 0.0103 | Val Loss: 0.2046 | Acc (clean): 0.9997 | Acc (poison): 0.9997 | Val Acc: 0.9359 | Time: 00:00:13
Epoch 092 | Seed 2001 | Rate 0.00 | Train Loss: 0.0097 | Val Loss: 0.2054 | Acc (clean): 0.9998 | Acc (poison): 0.9998 | Val Acc: 0.9393 | Time: 00:00:12
Epoch 093 | Seed 2001 | Rate 0.00 | Train Loss: 0.0103 | Val Loss: 0.2075 | Acc (clean): 0.9997 | Acc (poison): 0.9997 | Val Acc: 0.9374 | Time: 00:00:13
Epoch 094 | Seed 2001 | Rate 0.00 | Train Loss: 0.0101 | Val Loss: 0.2048 | Acc (clean): 0.9997 | Acc (poison): 0.9997 | Val Acc: 0.9381 | Time: 00:00:13
Epoch 095 | Seed 2001 | Rate 0.00 | Train Loss: 0.0104 | Val Loss: 0.2076 | Acc (clean): 0.9995 | Acc (poison): 0.9995 | Val Acc: 0.9352 | Time: 00:00:13
Epoch 096 | Seed 2001 | Rate 0.00 | Train Loss: 0.0102 | Val Loss: 0.2010 | Acc (clean): 0.9994 | Acc (poison): 0.9994 | Val Acc: 0.9426 | Time: 00:00:13
Epoch 097 | Seed 2001 | Rate 0.00 | Train Loss: 0.0102 | Val Loss: 0.2057 | Acc (clean): 0.9994 | Acc (poison): 0.9994 | Val Acc: 0.9378 | Time: 00:00:12
Epoch 098 | Seed 2001 | Rate 0.00 | Train Loss: 0.0101 | Val Loss: 0.2070 | Acc (clean): 0.9994 | Acc (poison): 0.9994 | Val Acc: 0.9389 | Time: 00:00:12
Epoch 099 | Seed 2001 | Rate 0.00 | Train Loss: 0.0104 | Val Loss: 0.2010 | Acc (clean): 0.9994 | Acc (poison): 0.9994 | Val Acc: 0.9400 | Time: 00:00:12
Epoch 100 | Seed 2001 | Rate 0.00 | Train Loss: 0.0098 | Val Loss: 0.2022 | Acc (clean): 0.9996 | Acc (poison): 0.9996 | Val Acc: 0.9370 | Time: 00:00:13

=== defense=small_loss attack=RQ1 seed=2001 rate=0.01 ===
Loading train data from /home/yazanme/BachelorThesis/BachelorThesis/data/processed/resisc45/train.h5 with mapping /home/yazanme/BachelorThesis/BachelorThesis/data/processed/resisc45/poisoned/RQ1/seed_2001/labels_0.01.pt... (in_memory=True, workers=4)
Testing torch.compile support...
Successfully compiled model using torch.compile.
Epoch 001 | Seed 2001 | Rate 0.01 | Train Loss: 2.9145 | Val Loss: 2.5650 | Acc (clean): 0.2399 | Acc (poison): 0.2376 | Val Acc: 0.2807 | Time: 00:00:13
Epoch 002 | Seed 2001 | Rate 0.01 | Train Loss: 1.9951 | Val Loss: 1.9132 | Acc (clean): 0.4327 | Acc (poison): 0.4289 | Val Acc: 0.4296 | Time: 00:00:12
Epoch 003 | Seed 2001 | Rate 0.01 | Train Loss: 1.6318 | Val Loss: 1.6417 | Acc (clean): 0.5387 | Acc (poison): 0.5332 | Val Acc: 0.5022 | Time: 00:00:12
Epoch 004 | Seed 2001 | Rate 0.01 | Train Loss: 1.4047 | Val Loss: 1.7982 | Acc (clean): 0.6002 | Acc (poison): 0.5943 | Val Acc: 0.4722 | Time: 00:00:12
Epoch 005 | Seed 2001 | Rate 0.01 | Train Loss: 1.2370 | Val Loss: 1.7287 | Acc (clean): 0.6469 | Acc (poison): 0.6405 | Val Acc: 0.5067 | Time: 00:00:12
Epoch 006 | Seed 2001 | Rate 0.01 | Train Loss: 1.0742 | Val Loss: 1.1097 | Acc (clean): 0.6933 | Acc (poison): 0.6863 | Val Acc: 0.6733 | Time: 00:00:12
Epoch 007 | Seed 2001 | Rate 0.01 | Train Loss: 0.9546 | Val Loss: 1.4114 | Acc (clean): 0.7313 | Acc (poison): 0.7245 | Val Acc: 0.5893 | Time: 00:00:12
Epoch 008 | Seed 2001 | Rate 0.01 | Train Loss: 0.8571 | Val Loss: 1.1313 | Acc (clean): 0.7568 | Acc (poison): 0.7495 | Val Acc: 0.6589 | Time: 00:00:12
Epoch 009 | Seed 2001 | Rate 0.01 | Train Loss: 0.7539 | Val Loss: 0.8575 | Acc (clean): 0.7935 | Acc (poison): 0.7863 | Val Acc: 0.7378 | Time: 00:00:13
Epoch 010 | Seed 2001 | Rate 0.01 | Train Loss: 0.6891 | Val Loss: 0.8600 | Acc (clean): 0.8123 | Acc (poison): 0.8043 | Val Acc: 0.7378 | Time: 00:00:12
Epoch 011 | Seed 2001 | Rate 0.01 | Train Loss: 0.6381 | Val Loss: 0.7826 | Acc (clean): 0.8282 | Acc (poison): 0.8201 | Val Acc: 0.7593 | Time: 00:00:13
Epoch 012 | Seed 2001 | Rate 0.01 | Train Loss: 0.5874 | Val Loss: 0.9459 | Acc (clean): 0.8409 | Acc (poison): 0.8330 | Val Acc: 0.7237 | Time: 00:00:12
Epoch 013 | Seed 2001 | Rate 0.01 | Train Loss: 0.5627 | Val Loss: 0.7191 | Acc (clean): 0.8490 | Acc (poison): 0.8405 | Val Acc: 0.7870 | Time: 00:00:12
Epoch 014 | Seed 2001 | Rate 0.01 | Train Loss: 0.5339 | Val Loss: 0.7291 | Acc (clean): 0.8612 | Acc (poison): 0.8530 | Val Acc: 0.7733 | Time: 00:00:12
Epoch 015 | Seed 2001 | Rate 0.01 | Train Loss: 0.5162 | Val Loss: 0.9303 | Acc (clean): 0.8613 | Acc (poison): 0.8532 | Val Acc: 0.7315 | Time: 00:00:12
Epoch 016 | Seed 2001 | Rate 0.01 | Train Loss: 0.4964 | Val Loss: 0.7204 | Acc (clean): 0.8686 | Acc (poison): 0.8602 | Val Acc: 0.7807 | Time: 00:00:12
Epoch 017 | Seed 2001 | Rate 0.01 | Train Loss: 0.4736 | Val Loss: 0.6897 | Acc (clean): 0.8754 | Acc (poison): 0.8677 | Val Acc: 0.7922 | Time: 00:00:12
Epoch 018 | Seed 2001 | Rate 0.01 | Train Loss: 0.4542 | Val Loss: 0.7155 | Acc (clean): 0.8804 | Acc (poison): 0.8725 | Val Acc: 0.7867 | Time: 00:00:12
Epoch 019 | Seed 2001 | Rate 0.01 | Train Loss: 0.4416 | Val Loss: 0.6814 | Acc (clean): 0.8857 | Acc (poison): 0.8780 | Val Acc: 0.7893 | Time: 00:00:12
Epoch 020 | Seed 2001 | Rate 0.01 | Train Loss: 0.4446 | Val Loss: 0.5995 | Acc (clean): 0.8819 | Acc (poison): 0.8742 | Val Acc: 0.8167 | Time: 00:00:13
Epoch 021 | Seed 2001 | Rate 0.01 | Train Loss: 0.4176 | Val Loss: 0.5872 | Acc (clean): 0.8937 | Acc (poison): 0.8861 | Val Acc: 0.8200 | Time: 00:00:12
Epoch 022 | Seed 2001 | Rate 0.01 | Train Loss: 0.4195 | Val Loss: 0.8918 | Acc (clean): 0.8913 | Acc (poison): 0.8835 | Val Acc: 0.7296 | Time: 00:00:12
Epoch 023 | Seed 2001 | Rate 0.01 | Train Loss: 0.4021 | Val Loss: 0.7168 | Acc (clean): 0.8960 | Acc (poison): 0.8882 | Val Acc: 0.7870 | Time: 00:00:12
Epoch 024 | Seed 2001 | Rate 0.01 | Train Loss: 0.3907 | Val Loss: 0.6576 | Acc (clean): 0.8971 | Acc (poison): 0.8892 | Val Acc: 0.8026 | Time: 00:00:12
Epoch 025 | Seed 2001 | Rate 0.01 | Train Loss: 0.3883 | Val Loss: 0.5934 | Acc (clean): 0.8984 | Acc (poison): 0.8907 | Val Acc: 0.8156 | Time: 00:00:12
Epoch 026 | Seed 2001 | Rate 0.01 | Train Loss: 0.3754 | Val Loss: 0.8170 | Acc (clean): 0.9042 | Acc (poison): 0.8963 | Val Acc: 0.7644 | Time: 00:00:12
Epoch 027 | Seed 2001 | Rate 0.01 | Train Loss: 0.3760 | Val Loss: 0.7878 | Acc (clean): 0.9016 | Acc (poison): 0.8942 | Val Acc: 0.7696 | Time: 00:00:12
Epoch 028 | Seed 2001 | Rate 0.01 | Train Loss: 0.3645 | Val Loss: 0.8044 | Acc (clean): 0.9058 | Acc (poison): 0.8983 | Val Acc: 0.7637 | Time: 00:00:12
Epoch 029 | Seed 2001 | Rate 0.01 | Train Loss: 0.3179 | Val Loss: 0.6956 | Acc (clean): 0.9018 | Acc (poison): 0.8940 | Val Acc: 0.7989 | Time: 00:00:12
Epoch 030 | Seed 2001 | Rate 0.01 | Train Loss: 0.3246 | Val Loss: 0.8392 | Acc (clean): 0.9019 | Acc (poison): 0.8943 | Val Acc: 0.7541 | Time: 00:00:12
Epoch 031 | Seed 2001 | Rate 0.01 | Train Loss: 0.3134 | Val Loss: 0.5974 | Acc (clean): 0.9041 | Acc (poison): 0.8959 | Val Acc: 0.8133 | Time: 00:00:12
Epoch 032 | Seed 2001 | Rate 0.01 | Train Loss: 0.3090 | Val Loss: 0.6944 | Acc (clean): 0.9063 | Acc (poison): 0.8986 | Val Acc: 0.8037 | Time: 00:00:12
Epoch 033 | Seed 2001 | Rate 0.01 | Train Loss: 0.3121 | Val Loss: 1.0743 | Acc (clean): 0.9058 | Acc (poison): 0.8981 | Val Acc: 0.7585 | Time: 00:00:12
Epoch 034 | Seed 2001 | Rate 0.01 | Train Loss: 0.3025 | Val Loss: 0.5856 | Acc (clean): 0.9088 | Acc (poison): 0.9006 | Val Acc: 0.8293 | Time: 00:00:13
Epoch 035 | Seed 2001 | Rate 0.01 | Train Loss: 0.2980 | Val Loss: 0.6331 | Acc (clean): 0.9094 | Acc (poison): 0.9021 | Val Acc: 0.8122 | Time: 00:00:12
Epoch 036 | Seed 2001 | Rate 0.01 | Train Loss: 0.2968 | Val Loss: 0.6381 | Acc (clean): 0.9116 | Acc (poison): 0.9035 | Val Acc: 0.8041 | Time: 00:00:12
Epoch 037 | Seed 2001 | Rate 0.01 | Train Loss: 0.2932 | Val Loss: 0.8031 | Acc (clean): 0.9119 | Acc (poison): 0.9042 | Val Acc: 0.7704 | Time: 00:00:12
Epoch 038 | Seed 2001 | Rate 0.01 | Train Loss: 0.2893 | Val Loss: 0.6817 | Acc (clean): 0.9150 | Acc (poison): 0.9068 | Val Acc: 0.8026 | Time: 00:00:12
Epoch 039 | Seed 2001 | Rate 0.01 | Train Loss: 0.2967 | Val Loss: 1.0133 | Acc (clean): 0.9126 | Acc (poison): 0.9046 | Val Acc: 0.7215 | Time: 00:00:12
Epoch 040 | Seed 2001 | Rate 0.01 | Train Loss: 0.2946 | Val Loss: 0.6444 | Acc (clean): 0.9119 | Acc (poison): 0.9039 | Val Acc: 0.8100 | Time: 00:00:12
Epoch 041 | Seed 2001 | Rate 0.01 | Train Loss: 0.2755 | Val Loss: 0.7609 | Acc (clean): 0.9158 | Acc (poison): 0.9079 | Val Acc: 0.7844 | Time: 00:00:12
Epoch 042 | Seed 2001 | Rate 0.01 | Train Loss: 0.2751 | Val Loss: 0.6022 | Acc (clean): 0.9170 | Acc (poison): 0.9095 | Val Acc: 0.8178 | Time: 00:00:12
Epoch 043 | Seed 2001 | Rate 0.01 | Train Loss: 0.2761 | Val Loss: 0.5578 | Acc (clean): 0.9172 | Acc (poison): 0.9098 | Val Acc: 0.8300 | Time: 00:00:13
Epoch 044 | Seed 2001 | Rate 0.01 | Train Loss: 0.2916 | Val Loss: 0.7704 | Acc (clean): 0.9115 | Acc (poison): 0.9042 | Val Acc: 0.7741 | Time: 00:00:12
Epoch 045 | Seed 2001 | Rate 0.01 | Train Loss: 0.2773 | Val Loss: 0.5834 | Acc (clean): 0.9165 | Acc (poison): 0.9086 | Val Acc: 0.8281 | Time: 00:00:12
Epoch 046 | Seed 2001 | Rate 0.01 | Train Loss: 0.2790 | Val Loss: 0.7252 | Acc (clean): 0.9155 | Acc (poison): 0.9078 | Val Acc: 0.7867 | Time: 00:00:12
Epoch 047 | Seed 2001 | Rate 0.01 | Train Loss: 0.2862 | Val Loss: 0.8305 | Acc (clean): 0.9157 | Acc (poison): 0.9080 | Val Acc: 0.7674 | Time: 00:00:12
Epoch 048 | Seed 2001 | Rate 0.01 | Train Loss: 0.2760 | Val Loss: 0.6878 | Acc (clean): 0.9168 | Acc (poison): 0.9093 | Val Acc: 0.7959 | Time: 00:00:12
Epoch 049 | Seed 2001 | Rate 0.01 | Train Loss: 0.2679 | Val Loss: 0.8285 | Acc (clean): 0.9205 | Acc (poison): 0.9128 | Val Acc: 0.7807 | Time: 00:00:12
Epoch 050 | Seed 2001 | Rate 0.01 | Train Loss: 0.2661 | Val Loss: 0.6348 | Acc (clean): 0.9207 | Acc (poison): 0.9132 | Val Acc: 0.8219 | Time: 00:00:12
Epoch 051 | Seed 2001 | Rate 0.01 | Train Loss: 0.1235 | Val Loss: 0.2744 | Acc (clean): 0.9707 | Acc (poison): 0.9626 | Val Acc: 0.9181 | Time: 00:00:13
Epoch 052 | Seed 2001 | Rate 0.01 | Train Loss: 0.0792 | Val Loss: 0.2623 | Acc (clean): 0.9851 | Acc (poison): 0.9775 | Val Acc: 0.9215 | Time: 00:00:13
Epoch 053 | Seed 2001 | Rate 0.01 | Train Loss: 0.0663 | Val Loss: 0.2543 | Acc (clean): 0.9877 | Acc (poison): 0.9810 | Val Acc: 0.9211 | Time: 00:00:13
Epoch 054 | Seed 2001 | Rate 0.01 | Train Loss: 0.0604 | Val Loss: 0.2509 | Acc (clean): 0.9895 | Acc (poison): 0.9835 | Val Acc: 0.9226 | Time: 00:00:13
Epoch 055 | Seed 2001 | Rate 0.01 | Train Loss: 0.0567 | Val Loss: 0.2530 | Acc (clean): 0.9905 | Acc (poison): 0.9850 | Val Acc: 0.9252 | Time: 00:00:12
Epoch 056 | Seed 2001 | Rate 0.01 | Train Loss: 0.0516 | Val Loss: 0.2503 | Acc (clean): 0.9900 | Acc (poison): 0.9847 | Val Acc: 0.9219 | Time: 00:00:13
Epoch 057 | Seed 2001 | Rate 0.01 | Train Loss: 0.0434 | Val Loss: 0.2498 | Acc (clean): 0.9915 | Acc (poison): 0.9874 | Val Acc: 0.9278 | Time: 00:00:13
Epoch 058 | Seed 2001 | Rate 0.01 | Train Loss: 0.0441 | Val Loss: 0.2505 | Acc (clean): 0.9918 | Acc (poison): 0.9875 | Val Acc: 0.9237 | Time: 00:00:12
Epoch 059 | Seed 2001 | Rate 0.01 | Train Loss: 0.0406 | Val Loss: 0.2480 | Acc (clean): 0.9921 | Acc (poison): 0.9881 | Val Acc: 0.9252 | Time: 00:00:13
Epoch 060 | Seed 2001 | Rate 0.01 | Train Loss: 0.0365 | Val Loss: 0.2528 | Acc (clean): 0.9928 | Acc (poison): 0.9891 | Val Acc: 0.9256 | Time: 00:00:13
Epoch 061 | Seed 2001 | Rate 0.01 | Train Loss: 0.0350 | Val Loss: 0.2459 | Acc (clean): 0.9924 | Acc (poison): 0.9893 | Val Acc: 0.9274 | Time: 00:00:13
Epoch 062 | Seed 2001 | Rate 0.01 | Train Loss: 0.0341 | Val Loss: 0.2467 | Acc (clean): 0.9924 | Acc (poison): 0.9897 | Val Acc: 0.9281 | Time: 00:00:12
Epoch 063 | Seed 2001 | Rate 0.01 | Train Loss: 0.0322 | Val Loss: 0.2537 | Acc (clean): 0.9930 | Acc (poison): 0.9904 | Val Acc: 0.9256 | Time: 00:00:12
Epoch 064 | Seed 2001 | Rate 0.01 | Train Loss: 0.0317 | Val Loss: 0.2461 | Acc (clean): 0.9936 | Acc (poison): 0.9909 | Val Acc: 0.9285 | Time: 00:00:12
Epoch 065 | Seed 2001 | Rate 0.01 | Train Loss: 0.0288 | Val Loss: 0.2511 | Acc (clean): 0.9927 | Acc (poison): 0.9909 | Val Acc: 0.9259 | Time: 00:00:12
Epoch 066 | Seed 2001 | Rate 0.01 | Train Loss: 0.0273 | Val Loss: 0.2511 | Acc (clean): 0.9933 | Acc (poison): 0.9911 | Val Acc: 0.9252 | Time: 00:00:12
Epoch 067 | Seed 2001 | Rate 0.01 | Train Loss: 0.0270 | Val Loss: 0.2542 | Acc (clean): 0.9933 | Acc (poison): 0.9915 | Val Acc: 0.9289 | Time: 00:00:12
Epoch 068 | Seed 2001 | Rate 0.01 | Train Loss: 0.0264 | Val Loss: 0.2548 | Acc (clean): 0.9929 | Acc (poison): 0.9915 | Val Acc: 0.9296 | Time: 00:00:12
Epoch 069 | Seed 2001 | Rate 0.01 | Train Loss: 0.0259 | Val Loss: 0.2495 | Acc (clean): 0.9936 | Acc (poison): 0.9923 | Val Acc: 0.9293 | Time: 00:00:12
Epoch 070 | Seed 2001 | Rate 0.01 | Train Loss: 0.0261 | Val Loss: 0.2488 | Acc (clean): 0.9930 | Acc (poison): 0.9926 | Val Acc: 0.9311 | Time: 00:00:12
Epoch 071 | Seed 2001 | Rate 0.01 | Train Loss: 0.0256 | Val Loss: 0.2511 | Acc (clean): 0.9935 | Acc (poison): 0.9928 | Val Acc: 0.9289 | Time: 00:00:12
Epoch 072 | Seed 2001 | Rate 0.01 | Train Loss: 0.0223 | Val Loss: 0.2442 | Acc (clean): 0.9933 | Acc (poison): 0.9921 | Val Acc: 0.9296 | Time: 00:00:13
Epoch 073 | Seed 2001 | Rate 0.01 | Train Loss: 0.0235 | Val Loss: 0.2475 | Acc (clean): 0.9936 | Acc (poison): 0.9926 | Val Acc: 0.9330 | Time: 00:00:12
Epoch 074 | Seed 2001 | Rate 0.01 | Train Loss: 0.0216 | Val Loss: 0.2489 | Acc (clean): 0.9937 | Acc (poison): 0.9933 | Val Acc: 0.9278 | Time: 00:00:12
Epoch 075 | Seed 2001 | Rate 0.01 | Train Loss: 0.0229 | Val Loss: 0.2525 | Acc (clean): 0.9931 | Acc (poison): 0.9934 | Val Acc: 0.9252 | Time: 00:00:12
Epoch 076 | Seed 2001 | Rate 0.01 | Train Loss: 0.0197 | Val Loss: 0.2434 | Acc (clean): 0.9929 | Acc (poison): 0.9935 | Val Acc: 0.9289 | Time: 00:00:13
Epoch 077 | Seed 2001 | Rate 0.01 | Train Loss: 0.0195 | Val Loss: 0.2414 | Acc (clean): 0.9933 | Acc (poison): 0.9938 | Val Acc: 0.9322 | Time: 00:00:12
Epoch 078 | Seed 2001 | Rate 0.01 | Train Loss: 0.0176 | Val Loss: 0.2421 | Acc (clean): 0.9936 | Acc (poison): 0.9944 | Val Acc: 0.9304 | Time: 00:00:12
Epoch 079 | Seed 2001 | Rate 0.01 | Train Loss: 0.0179 | Val Loss: 0.2457 | Acc (clean): 0.9936 | Acc (poison): 0.9944 | Val Acc: 0.9315 | Time: 00:00:12
Epoch 080 | Seed 2001 | Rate 0.01 | Train Loss: 0.0174 | Val Loss: 0.2390 | Acc (clean): 0.9935 | Acc (poison): 0.9946 | Val Acc: 0.9333 | Time: 00:00:13
Epoch 081 | Seed 2001 | Rate 0.01 | Train Loss: 0.0163 | Val Loss: 0.2449 | Acc (clean): 0.9937 | Acc (poison): 0.9947 | Val Acc: 0.9326 | Time: 00:00:12
Epoch 082 | Seed 2001 | Rate 0.01 | Train Loss: 0.0157 | Val Loss: 0.2419 | Acc (clean): 0.9937 | Acc (poison): 0.9946 | Val Acc: 0.9326 | Time: 00:00:12
Epoch 083 | Seed 2001 | Rate 0.01 | Train Loss: 0.0185 | Val Loss: 0.2431 | Acc (clean): 0.9930 | Acc (poison): 0.9936 | Val Acc: 0.9315 | Time: 00:00:12
Epoch 084 | Seed 2001 | Rate 0.01 | Train Loss: 0.0160 | Val Loss: 0.2403 | Acc (clean): 0.9936 | Acc (poison): 0.9945 | Val Acc: 0.9363 | Time: 00:00:12
Epoch 085 | Seed 2001 | Rate 0.01 | Train Loss: 0.0160 | Val Loss: 0.2462 | Acc (clean): 0.9935 | Acc (poison): 0.9946 | Val Acc: 0.9300 | Time: 00:00:12
Epoch 086 | Seed 2001 | Rate 0.01 | Train Loss: 0.0166 | Val Loss: 0.2425 | Acc (clean): 0.9934 | Acc (poison): 0.9944 | Val Acc: 0.9348 | Time: 00:00:12
Epoch 087 | Seed 2001 | Rate 0.01 | Train Loss: 0.0171 | Val Loss: 0.2411 | Acc (clean): 0.9933 | Acc (poison): 0.9944 | Val Acc: 0.9337 | Time: 00:00:12
Epoch 088 | Seed 2001 | Rate 0.01 | Train Loss: 0.0154 | Val Loss: 0.2416 | Acc (clean): 0.9933 | Acc (poison): 0.9949 | Val Acc: 0.9330 | Time: 00:00:12
Epoch 089 | Seed 2001 | Rate 0.01 | Train Loss: 0.0175 | Val Loss: 0.2464 | Acc (clean): 0.9937 | Acc (poison): 0.9945 | Val Acc: 0.9333 | Time: 00:00:12
Epoch 090 | Seed 2001 | Rate 0.01 | Train Loss: 0.0165 | Val Loss: 0.2433 | Acc (clean): 0.9933 | Acc (poison): 0.9944 | Val Acc: 0.9330 | Time: 00:00:12
Epoch 091 | Seed 2001 | Rate 0.01 | Train Loss: 0.0160 | Val Loss: 0.2429 | Acc (clean): 0.9935 | Acc (poison): 0.9948 | Val Acc: 0.9333 | Time: 00:00:12
Epoch 092 | Seed 2001 | Rate 0.01 | Train Loss: 0.0156 | Val Loss: 0.2424 | Acc (clean): 0.9936 | Acc (poison): 0.9947 | Val Acc: 0.9326 | Time: 00:00:12
Epoch 093 | Seed 2001 | Rate 0.01 | Train Loss: 0.0170 | Val Loss: 0.2435 | Acc (clean): 0.9937 | Acc (poison): 0.9947 | Val Acc: 0.9330 | Time: 00:00:12
Epoch 094 | Seed 2001 | Rate 0.01 | Train Loss: 0.0158 | Val Loss: 0.2456 | Acc (clean): 0.9937 | Acc (poison): 0.9947 | Val Acc: 0.9341 | Time: 00:00:12
Epoch 095 | Seed 2001 | Rate 0.01 | Train Loss: 0.0162 | Val Loss: 0.2399 | Acc (clean): 0.9934 | Acc (poison): 0.9947 | Val Acc: 0.9337 | Time: 00:00:12
Epoch 096 | Seed 2001 | Rate 0.01 | Train Loss: 0.0163 | Val Loss: 0.2468 | Acc (clean): 0.9937 | Acc (poison): 0.9946 | Val Acc: 0.9315 | Time: 00:00:12
Epoch 097 | Seed 2001 | Rate 0.01 | Train Loss: 0.0155 | Val Loss: 0.2387 | Acc (clean): 0.9935 | Acc (poison): 0.9949 | Val Acc: 0.9352 | Time: 00:00:13
Epoch 098 | Seed 2001 | Rate 0.01 | Train Loss: 0.0157 | Val Loss: 0.2425 | Acc (clean): 0.9934 | Acc (poison): 0.9945 | Val Acc: 0.9330 | Time: 00:00:12
Epoch 099 | Seed 2001 | Rate 0.01 | Train Loss: 0.0159 | Val Loss: 0.2445 | Acc (clean): 0.9932 | Acc (poison): 0.9947 | Val Acc: 0.9326 | Time: 00:00:12
Epoch 100 | Seed 2001 | Rate 0.01 | Train Loss: 0.0163 | Val Loss: 0.2375 | Acc (clean): 0.9930 | Acc (poison): 0.9945 | Val Acc: 0.9352 | Time: 00:00:13

=== defense=small_loss attack=RQ1 seed=2001 rate=0.02 ===
Loading train data from /home/yazanme/BachelorThesis/BachelorThesis/data/processed/resisc45/train.h5 with mapping /home/yazanme/BachelorThesis/BachelorThesis/data/processed/resisc45/poisoned/RQ1/seed_2001/labels_0.02.pt... (in_memory=True, workers=4)
Testing torch.compile support...
Successfully compiled model using torch.compile.
Epoch 001 | Seed 2001 | Rate 0.02 | Train Loss: 2.9759 | Val Loss: 2.3433 | Acc (clean): 0.2349 | Acc (poison): 0.2309 | Val Acc: 0.3226 | Time: 00:00:14
Epoch 002 | Seed 2001 | Rate 0.02 | Train Loss: 2.0955 | Val Loss: 2.1499 | Acc (clean): 0.4189 | Acc (poison): 0.4113 | Val Acc: 0.3848 | Time: 00:00:13
Epoch 003 | Seed 2001 | Rate 0.02 | Train Loss: 1.7322 | Val Loss: 1.9491 | Acc (clean): 0.5200 | Acc (poison): 0.5094 | Val Acc: 0.4348 | Time: 00:00:13
Epoch 004 | Seed 2001 | Rate 0.02 | Train Loss: 1.5059 | Val Loss: 1.7653 | Acc (clean): 0.5856 | Acc (poison): 0.5746 | Val Acc: 0.4956 | Time: 00:00:13
Epoch 005 | Seed 2001 | Rate 0.02 | Train Loss: 1.3595 | Val Loss: 1.9251 | Acc (clean): 0.6290 | Acc (poison): 0.6169 | Val Acc: 0.4722 | Time: 00:00:12
Epoch 006 | Seed 2001 | Rate 0.02 | Train Loss: 1.2020 | Val Loss: 1.1823 | Acc (clean): 0.6779 | Acc (poison): 0.6654 | Val Acc: 0.6459 | Time: 00:00:12
Epoch 007 | Seed 2001 | Rate 0.02 | Train Loss: 1.0857 | Val Loss: 1.5256 | Acc (clean): 0.7108 | Acc (poison): 0.6972 | Val Acc: 0.5630 | Time: 00:00:12
Epoch 008 | Seed 2001 | Rate 0.02 | Train Loss: 0.9782 | Val Loss: 1.1901 | Acc (clean): 0.7409 | Acc (poison): 0.7268 | Val Acc: 0.6444 | Time: 00:00:12
Epoch 009 | Seed 2001 | Rate 0.02 | Train Loss: 0.8746 | Val Loss: 0.8459 | Acc (clean): 0.7759 | Acc (poison): 0.7611 | Val Acc: 0.7381 | Time: 00:00:12
Epoch 010 | Seed 2001 | Rate 0.02 | Train Loss: 0.8054 | Val Loss: 0.8870 | Acc (clean): 0.7972 | Acc (poison): 0.7821 | Val Acc: 0.7322 | Time: 00:00:12
Epoch 011 | Seed 2001 | Rate 0.02 | Train Loss: 0.7362 | Val Loss: 0.9935 | Acc (clean): 0.8187 | Acc (poison): 0.8033 | Val Acc: 0.7122 | Time: 00:00:12
Epoch 012 | Seed 2001 | Rate 0.02 | Train Loss: 0.6933 | Val Loss: 1.0773 | Acc (clean): 0.8321 | Acc (poison): 0.8165 | Val Acc: 0.6715 | Time: 00:00:12
Epoch 013 | Seed 2001 | Rate 0.02 | Train Loss: 0.6577 | Val Loss: 0.7810 | Acc (clean): 0.8394 | Acc (poison): 0.8235 | Val Acc: 0.7589 | Time: 00:00:13
Epoch 014 | Seed 2001 | Rate 0.02 | Train Loss: 0.6189 | Val Loss: 0.7004 | Acc (clean): 0.8541 | Acc (poison): 0.8377 | Val Acc: 0.7796 | Time: 00:00:13
Epoch 015 | Seed 2001 | Rate 0.02 | Train Loss: 0.5995 | Val Loss: 0.7898 | Acc (clean): 0.8572 | Acc (poison): 0.8417 | Val Acc: 0.7689 | Time: 00:00:12
Epoch 016 | Seed 2001 | Rate 0.02 | Train Loss: 0.5713 | Val Loss: 0.7817 | Acc (clean): 0.8656 | Acc (poison): 0.8495 | Val Acc: 0.7574 | Time: 00:00:12
Epoch 017 | Seed 2001 | Rate 0.02 | Train Loss: 0.5546 | Val Loss: 0.7420 | Acc (clean): 0.8663 | Acc (poison): 0.8516 | Val Acc: 0.7774 | Time: 00:00:12
Epoch 018 | Seed 2001 | Rate 0.02 | Train Loss: 0.5333 | Val Loss: 0.8872 | Acc (clean): 0.8753 | Acc (poison): 0.8597 | Val Acc: 0.7363 | Time: 00:00:12
Epoch 019 | Seed 2001 | Rate 0.02 | Train Loss: 0.5301 | Val Loss: 0.7049 | Acc (clean): 0.8763 | Acc (poison): 0.8612 | Val Acc: 0.7896 | Time: 00:00:12
Epoch 020 | Seed 2001 | Rate 0.02 | Train Loss: 0.5101 | Val Loss: 0.8979 | Acc (clean): 0.8831 | Acc (poison): 0.8672 | Val Acc: 0.7411 | Time: 00:00:12
Epoch 021 | Seed 2001 | Rate 0.02 | Train Loss: 0.5009 | Val Loss: 0.7023 | Acc (clean): 0.8854 | Acc (poison): 0.8696 | Val Acc: 0.7844 | Time: 00:00:12
Epoch 022 | Seed 2001 | Rate 0.02 | Train Loss: 0.4866 | Val Loss: 1.0799 | Acc (clean): 0.8892 | Acc (poison): 0.8736 | Val Acc: 0.6811 | Time: 00:00:12
Epoch 023 | Seed 2001 | Rate 0.02 | Train Loss: 0.4763 | Val Loss: 0.7332 | Acc (clean): 0.8923 | Acc (poison): 0.8772 | Val Acc: 0.7915 | Time: 00:00:12
Epoch 024 | Seed 2001 | Rate 0.02 | Train Loss: 0.4703 | Val Loss: 0.8644 | Acc (clean): 0.8923 | Acc (poison): 0.8770 | Val Acc: 0.7552 | Time: 00:00:12
Epoch 025 | Seed 2001 | Rate 0.02 | Train Loss: 0.4684 | Val Loss: 0.6714 | Acc (clean): 0.8928 | Acc (poison): 0.8776 | Val Acc: 0.7993 | Time: 00:00:13
Epoch 026 | Seed 2001 | Rate 0.02 | Train Loss: 0.4467 | Val Loss: 0.6532 | Acc (clean): 0.8994 | Acc (poison): 0.8843 | Val Acc: 0.8037 | Time: 00:00:13
Epoch 027 | Seed 2001 | Rate 0.02 | Train Loss: 0.3919 | Val Loss: 0.8706 | Acc (clean): 0.8962 | Acc (poison): 0.8810 | Val Acc: 0.7541 | Time: 00:00:12
Epoch 028 | Seed 2001 | Rate 0.02 | Train Loss: 0.3900 | Val Loss: 0.8485 | Acc (clean): 0.8983 | Acc (poison): 0.8838 | Val Acc: 0.7567 | Time: 00:00:12
Epoch 029 | Seed 2001 | Rate 0.02 | Train Loss: 0.3823 | Val Loss: 0.7787 | Acc (clean): 0.9016 | Acc (poison): 0.8863 | Val Acc: 0.7737 | Time: 00:00:12
Epoch 030 | Seed 2001 | Rate 0.02 | Train Loss: 0.3651 | Val Loss: 0.8160 | Acc (clean): 0.9058 | Acc (poison): 0.8909 | Val Acc: 0.7707 | Time: 00:00:12
Epoch 031 | Seed 2001 | Rate 0.02 | Train Loss: 0.3271 | Val Loss: 0.8526 | Acc (clean): 0.9014 | Acc (poison): 0.8861 | Val Acc: 0.7619 | Time: 00:00:12
Epoch 032 | Seed 2001 | Rate 0.02 | Train Loss: 0.3250 | Val Loss: 0.6579 | Acc (clean): 0.9019 | Acc (poison): 0.8869 | Val Acc: 0.8059 | Time: 00:00:12
Epoch 033 | Seed 2001 | Rate 0.02 | Train Loss: 0.3342 | Val Loss: 0.6536 | Acc (clean): 0.9009 | Acc (poison): 0.8856 | Val Acc: 0.8022 | Time: 00:00:12
Epoch 034 | Seed 2001 | Rate 0.02 | Train Loss: 0.3267 | Val Loss: 0.7285 | Acc (clean): 0.9018 | Acc (poison): 0.8865 | Val Acc: 0.7952 | Time: 00:00:12
Epoch 035 | Seed 2001 | Rate 0.02 | Train Loss: 0.2724 | Val Loss: 0.8586 | Acc (clean): 0.9062 | Acc (poison): 0.8909 | Val Acc: 0.7541 | Time: 00:00:12
Epoch 036 | Seed 2001 | Rate 0.02 | Train Loss: 0.2966 | Val Loss: 0.7958 | Acc (clean): 0.8969 | Acc (poison): 0.8821 | Val Acc: 0.7881 | Time: 00:00:12
Epoch 037 | Seed 2001 | Rate 0.02 | Train Loss: 0.2848 | Val Loss: 0.9578 | Acc (clean): 0.9026 | Acc (poison): 0.8869 | Val Acc: 0.7504 | Time: 00:00:12
Epoch 038 | Seed 2001 | Rate 0.02 | Train Loss: 0.2735 | Val Loss: 0.6610 | Acc (clean): 0.9073 | Acc (poison): 0.8919 | Val Acc: 0.8044 | Time: 00:00:12
Epoch 039 | Seed 2001 | Rate 0.02 | Train Loss: 0.2640 | Val Loss: 0.9234 | Acc (clean): 0.9093 | Acc (poison): 0.8936 | Val Acc: 0.7556 | Time: 00:00:12
Epoch 040 | Seed 2001 | Rate 0.02 | Train Loss: 0.2899 | Val Loss: 0.7128 | Acc (clean): 0.9041 | Acc (poison): 0.8888 | Val Acc: 0.7922 | Time: 00:00:12
Epoch 041 | Seed 2001 | Rate 0.02 | Train Loss: 0.2722 | Val Loss: 0.9629 | Acc (clean): 0.9095 | Acc (poison): 0.8937 | Val Acc: 0.7400 | Time: 00:00:12
Epoch 042 | Seed 2001 | Rate 0.02 | Train Loss: 0.2592 | Val Loss: 0.6645 | Acc (clean): 0.9112 | Acc (poison): 0.8960 | Val Acc: 0.8115 | Time: 00:00:12
Epoch 043 | Seed 2001 | Rate 0.02 | Train Loss: 0.2558 | Val Loss: 0.5378 | Acc (clean): 0.9153 | Acc (poison): 0.9000 | Val Acc: 0.8359 | Time: 00:00:13
Epoch 044 | Seed 2001 | Rate 0.02 | Train Loss: 0.2801 | Val Loss: 0.7940 | Acc (clean): 0.9074 | Acc (poison): 0.8916 | Val Acc: 0.7785 | Time: 00:00:12
Epoch 045 | Seed 2001 | Rate 0.02 | Train Loss: 0.2726 | Val Loss: 0.7386 | Acc (clean): 0.9067 | Acc (poison): 0.8912 | Val Acc: 0.7867 | Time: 00:00:12
Epoch 046 | Seed 2001 | Rate 0.02 | Train Loss: 0.2730 | Val Loss: 0.7309 | Acc (clean): 0.9100 | Acc (poison): 0.8939 | Val Acc: 0.7781 | Time: 00:00:12
Epoch 047 | Seed 2001 | Rate 0.02 | Train Loss: 0.2669 | Val Loss: 0.6656 | Acc (clean): 0.9096 | Acc (poison): 0.8938 | Val Acc: 0.8052 | Time: 00:00:12
Epoch 048 | Seed 2001 | Rate 0.02 | Train Loss: 0.2502 | Val Loss: 0.8362 | Acc (clean): 0.9156 | Acc (poison): 0.8997 | Val Acc: 0.7685 | Time: 00:00:12
Epoch 049 | Seed 2001 | Rate 0.02 | Train Loss: 0.2594 | Val Loss: 0.9759 | Acc (clean): 0.9111 | Acc (poison): 0.8956 | Val Acc: 0.7489 | Time: 00:00:12
Epoch 050 | Seed 2001 | Rate 0.02 | Train Loss: 0.2521 | Val Loss: 0.8607 | Acc (clean): 0.9156 | Acc (poison): 0.8999 | Val Acc: 0.7570 | Time: 00:00:12
Epoch 051 | Seed 2001 | Rate 0.02 | Train Loss: 0.1142 | Val Loss: 0.2770 | Acc (clean): 0.9645 | Acc (poison): 0.9485 | Val Acc: 0.9148 | Time: 00:00:13
Epoch 052 | Seed 2001 | Rate 0.02 | Train Loss: 0.0682 | Val Loss: 0.2500 | Acc (clean): 0.9805 | Acc (poison): 0.9649 | Val Acc: 0.9233 | Time: 00:00:13
Epoch 053 | Seed 2001 | Rate 0.02 | Train Loss: 0.0641 | Val Loss: 0.2447 | Acc (clean): 0.9839 | Acc (poison): 0.9684 | Val Acc: 0.9270 | Time: 00:00:13
Epoch 054 | Seed 2001 | Rate 0.02 | Train Loss: 0.0587 | Val Loss: 0.2369 | Acc (clean): 0.9874 | Acc (poison): 0.9718 | Val Acc: 0.9300 | Time: 00:00:13
Epoch 055 | Seed 2001 | Rate 0.02 | Train Loss: 0.0530 | Val Loss: 0.2454 | Acc (clean): 0.9876 | Acc (poison): 0.9734 | Val Acc: 0.9267 | Time: 00:00:12
Epoch 056 | Seed 2001 | Rate 0.02 | Train Loss: 0.0487 | Val Loss: 0.2365 | Acc (clean): 0.9877 | Acc (poison): 0.9740 | Val Acc: 0.9311 | Time: 00:00:12
Epoch 057 | Seed 2001 | Rate 0.02 | Train Loss: 0.0420 | Val Loss: 0.2346 | Acc (clean): 0.9893 | Acc (poison): 0.9756 | Val Acc: 0.9300 | Time: 00:00:13
Epoch 058 | Seed 2001 | Rate 0.02 | Train Loss: 0.0402 | Val Loss: 0.2397 | Acc (clean): 0.9889 | Acc (poison): 0.9757 | Val Acc: 0.9281 | Time: 00:00:12
Epoch 059 | Seed 2001 | Rate 0.02 | Train Loss: 0.0407 | Val Loss: 0.2311 | Acc (clean): 0.9895 | Acc (poison): 0.9766 | Val Acc: 0.9300 | Time: 00:00:13
Epoch 060 | Seed 2001 | Rate 0.02 | Train Loss: 0.0348 | Val Loss: 0.2354 | Acc (clean): 0.9905 | Acc (poison): 0.9774 | Val Acc: 0.9300 | Time: 00:00:12
Epoch 061 | Seed 2001 | Rate 0.02 | Train Loss: 0.0339 | Val Loss: 0.2308 | Acc (clean): 0.9905 | Acc (poison): 0.9782 | Val Acc: 0.9281 | Time: 00:00:13
Epoch 062 | Seed 2001 | Rate 0.02 | Train Loss: 0.0325 | Val Loss: 0.2290 | Acc (clean): 0.9904 | Acc (poison): 0.9784 | Val Acc: 0.9296 | Time: 00:00:13
Epoch 063 | Seed 2001 | Rate 0.02 | Train Loss: 0.0314 | Val Loss: 0.2454 | Acc (clean): 0.9919 | Acc (poison): 0.9795 | Val Acc: 0.9281 | Time: 00:00:12
Epoch 064 | Seed 2001 | Rate 0.02 | Train Loss: 0.0333 | Val Loss: 0.2362 | Acc (clean): 0.9916 | Acc (poison): 0.9793 | Val Acc: 0.9319 | Time: 00:00:12
Epoch 065 | Seed 2001 | Rate 0.02 | Train Loss: 0.0294 | Val Loss: 0.2363 | Acc (clean): 0.9911 | Acc (poison): 0.9797 | Val Acc: 0.9281 | Time: 00:00:12
Epoch 066 | Seed 2001 | Rate 0.02 | Train Loss: 0.0269 | Val Loss: 0.2313 | Acc (clean): 0.9909 | Acc (poison): 0.9798 | Val Acc: 0.9333 | Time: 00:00:12
Epoch 067 | Seed 2001 | Rate 0.02 | Train Loss: 0.0291 | Val Loss: 0.2407 | Acc (clean): 0.9915 | Acc (poison): 0.9800 | Val Acc: 0.9322 | Time: 00:00:12
Epoch 068 | Seed 2001 | Rate 0.02 | Train Loss: 0.0254 | Val Loss: 0.2335 | Acc (clean): 0.9914 | Acc (poison): 0.9812 | Val Acc: 0.9319 | Time: 00:00:12
Epoch 069 | Seed 2001 | Rate 0.02 | Train Loss: 0.0239 | Val Loss: 0.2328 | Acc (clean): 0.9922 | Acc (poison): 0.9816 | Val Acc: 0.9322 | Time: 00:00:12
Epoch 070 | Seed 2001 | Rate 0.02 | Train Loss: 0.0262 | Val Loss: 0.2384 | Acc (clean): 0.9914 | Acc (poison): 0.9809 | Val Acc: 0.9330 | Time: 00:00:12
Epoch 071 | Seed 2001 | Rate 0.02 | Train Loss: 0.0250 | Val Loss: 0.2347 | Acc (clean): 0.9917 | Acc (poison): 0.9812 | Val Acc: 0.9333 | Time: 00:00:12
Epoch 072 | Seed 2001 | Rate 0.02 | Train Loss: 0.0240 | Val Loss: 0.2456 | Acc (clean): 0.9919 | Acc (poison): 0.9821 | Val Acc: 0.9263 | Time: 00:00:12
Epoch 073 | Seed 2001 | Rate 0.02 | Train Loss: 0.0254 | Val Loss: 0.2317 | Acc (clean): 0.9913 | Acc (poison): 0.9821 | Val Acc: 0.9319 | Time: 00:00:12
Epoch 074 | Seed 2001 | Rate 0.02 | Train Loss: 0.0234 | Val Loss: 0.2423 | Acc (clean): 0.9914 | Acc (poison): 0.9812 | Val Acc: 0.9296 | Time: 00:00:12
Epoch 075 | Seed 2001 | Rate 0.02 | Train Loss: 0.0232 | Val Loss: 0.2278 | Acc (clean): 0.9915 | Acc (poison): 0.9828 | Val Acc: 0.9330 | Time: 00:00:13
Epoch 076 | Seed 2001 | Rate 0.02 | Train Loss: 0.0224 | Val Loss: 0.2283 | Acc (clean): 0.9919 | Acc (poison): 0.9830 | Val Acc: 0.9326 | Time: 00:00:12
Epoch 077 | Seed 2001 | Rate 0.02 | Train Loss: 0.0200 | Val Loss: 0.2262 | Acc (clean): 0.9917 | Acc (poison): 0.9833 | Val Acc: 0.9337 | Time: 00:00:13
Epoch 078 | Seed 2001 | Rate 0.02 | Train Loss: 0.0230 | Val Loss: 0.2281 | Acc (clean): 0.9917 | Acc (poison): 0.9833 | Val Acc: 0.9333 | Time: 00:00:12
Epoch 079 | Seed 2001 | Rate 0.02 | Train Loss: 0.0188 | Val Loss: 0.2294 | Acc (clean): 0.9920 | Acc (poison): 0.9837 | Val Acc: 0.9344 | Time: 00:00:12
Epoch 080 | Seed 2001 | Rate 0.02 | Train Loss: 0.0185 | Val Loss: 0.2263 | Acc (clean): 0.9913 | Acc (poison): 0.9832 | Val Acc: 0.9341 | Time: 00:00:12
Epoch 081 | Seed 2001 | Rate 0.02 | Train Loss: 0.0173 | Val Loss: 0.2300 | Acc (clean): 0.9921 | Acc (poison): 0.9837 | Val Acc: 0.9326 | Time: 00:00:12
Epoch 082 | Seed 2001 | Rate 0.02 | Train Loss: 0.0184 | Val Loss: 0.2290 | Acc (clean): 0.9923 | Acc (poison): 0.9840 | Val Acc: 0.9344 | Time: 00:00:12
Epoch 083 | Seed 2001 | Rate 0.02 | Train Loss: 0.0186 | Val Loss: 0.2290 | Acc (clean): 0.9920 | Acc (poison): 0.9835 | Val Acc: 0.9311 | Time: 00:00:12
Epoch 084 | Seed 2001 | Rate 0.02 | Train Loss: 0.0205 | Val Loss: 0.2242 | Acc (clean): 0.9917 | Acc (poison): 0.9837 | Val Acc: 0.9333 | Time: 00:00:13
Epoch 085 | Seed 2001 | Rate 0.02 | Train Loss: 0.0205 | Val Loss: 0.2339 | Acc (clean): 0.9918 | Acc (poison): 0.9833 | Val Acc: 0.9304 | Time: 00:00:12
Epoch 086 | Seed 2001 | Rate 0.02 | Train Loss: 0.0195 | Val Loss: 0.2296 | Acc (clean): 0.9917 | Acc (poison): 0.9839 | Val Acc: 0.9326 | Time: 00:00:12
Epoch 087 | Seed 2001 | Rate 0.02 | Train Loss: 0.0204 | Val Loss: 0.2290 | Acc (clean): 0.9918 | Acc (poison): 0.9842 | Val Acc: 0.9344 | Time: 00:00:12
Epoch 088 | Seed 2001 | Rate 0.02 | Train Loss: 0.0198 | Val Loss: 0.2260 | Acc (clean): 0.9917 | Acc (poison): 0.9839 | Val Acc: 0.9337 | Time: 00:00:12
Epoch 089 | Seed 2001 | Rate 0.02 | Train Loss: 0.0226 | Val Loss: 0.2305 | Acc (clean): 0.9921 | Acc (poison): 0.9842 | Val Acc: 0.9319 | Time: 00:00:12
Epoch 090 | Seed 2001 | Rate 0.02 | Train Loss: 0.0208 | Val Loss: 0.2293 | Acc (clean): 0.9915 | Acc (poison): 0.9837 | Val Acc: 0.9319 | Time: 00:00:12
Epoch 091 | Seed 2001 | Rate 0.02 | Train Loss: 0.0187 | Val Loss: 0.2282 | Acc (clean): 0.9920 | Acc (poison): 0.9840 | Val Acc: 0.9341 | Time: 00:00:12
Epoch 092 | Seed 2001 | Rate 0.02 | Train Loss: 0.0231 | Val Loss: 0.2309 | Acc (clean): 0.9923 | Acc (poison): 0.9842 | Val Acc: 0.9330 | Time: 00:00:12
Epoch 093 | Seed 2001 | Rate 0.02 | Train Loss: 0.0181 | Val Loss: 0.2312 | Acc (clean): 0.9921 | Acc (poison): 0.9840 | Val Acc: 0.9326 | Time: 00:00:12
Epoch 094 | Seed 2001 | Rate 0.02 | Train Loss: 0.0188 | Val Loss: 0.2315 | Acc (clean): 0.9922 | Acc (poison): 0.9840 | Val Acc: 0.9319 | Time: 00:00:12
Epoch 095 | Seed 2001 | Rate 0.02 | Train Loss: 0.0167 | Val Loss: 0.2281 | Acc (clean): 0.9920 | Acc (poison): 0.9835 | Val Acc: 0.9333 | Time: 00:00:12
Epoch 096 | Seed 2001 | Rate 0.02 | Train Loss: 0.0178 | Val Loss: 0.2350 | Acc (clean): 0.9919 | Acc (poison): 0.9837 | Val Acc: 0.9289 | Time: 00:00:12
Epoch 097 | Seed 2001 | Rate 0.02 | Train Loss: 0.0194 | Val Loss: 0.2254 | Acc (clean): 0.9926 | Acc (poison): 0.9838 | Val Acc: 0.9337 | Time: 00:00:12
Epoch 098 | Seed 2001 | Rate 0.02 | Train Loss: 0.0195 | Val Loss: 0.2298 | Acc (clean): 0.9921 | Acc (poison): 0.9838 | Val Acc: 0.9307 | Time: 00:00:12
Epoch 099 | Seed 2001 | Rate 0.02 | Train Loss: 0.0192 | Val Loss: 0.2337 | Acc (clean): 0.9915 | Acc (poison): 0.9837 | Val Acc: 0.9330 | Time: 00:00:12
Epoch 100 | Seed 2001 | Rate 0.02 | Train Loss: 0.0185 | Val Loss: 0.2264 | Acc (clean): 0.9922 | Acc (poison): 0.9842 | Val Acc: 0.9337 | Time: 00:00:12

=== defense=small_loss attack=RQ1 seed=2001 rate=0.05 ===
Loading train data from /home/yazanme/BachelorThesis/BachelorThesis/data/processed/resisc45/train.h5 with mapping /home/yazanme/BachelorThesis/BachelorThesis/data/processed/resisc45/poisoned/RQ1/seed_2001/labels_0.05.pt... (in_memory=True, workers=4)
Testing torch.compile support...
Successfully compiled model using torch.compile.
Epoch 001 | Seed 2001 | Rate 0.05 | Train Loss: 3.0589 | Val Loss: 2.2901 | Acc (clean): 0.2278 | Acc (poison): 0.2175 | Val Acc: 0.3385 | Time: 00:00:14
Epoch 002 | Seed 2001 | Rate 0.05 | Train Loss: 2.2861 | Val Loss: 1.9691 | Acc (clean): 0.4017 | Acc (poison): 0.3829 | Val Acc: 0.4170 | Time: 00:00:13
Epoch 003 | Seed 2001 | Rate 0.05 | Train Loss: 1.9384 | Val Loss: 1.9456 | Acc (clean): 0.5074 | Acc (poison): 0.4819 | Val Acc: 0.4463 | Time: 00:00:13
Epoch 004 | Seed 2001 | Rate 0.05 | Train Loss: 1.7112 | Val Loss: 1.8708 | Acc (clean): 0.5727 | Acc (poison): 0.5449 | Val Acc: 0.4752 | Time: 00:00:13
Epoch 005 | Seed 2001 | Rate 0.05 | Train Loss: 1.5650 | Val Loss: 1.5478 | Acc (clean): 0.6197 | Acc (poison): 0.5896 | Val Acc: 0.5507 | Time: 00:00:13
Epoch 006 | Seed 2001 | Rate 0.05 | Train Loss: 1.4286 | Val Loss: 1.3589 | Acc (clean): 0.6593 | Acc (poison): 0.6277 | Val Acc: 0.6033 | Time: 00:00:12
Epoch 007 | Seed 2001 | Rate 0.05 | Train Loss: 1.3135 | Val Loss: 1.1043 | Acc (clean): 0.6967 | Acc (poison): 0.6639 | Val Acc: 0.6670 | Time: 00:00:12
Epoch 008 | Seed 2001 | Rate 0.05 | Train Loss: 1.2202 | Val Loss: 1.2569 | Acc (clean): 0.7298 | Acc (poison): 0.6949 | Val Acc: 0.6270 | Time: 00:00:12
Epoch 009 | Seed 2001 | Rate 0.05 | Train Loss: 1.1302 | Val Loss: 0.9399 | Acc (clean): 0.7537 | Acc (poison): 0.7182 | Val Acc: 0.7241 | Time: 00:00:12
Epoch 010 | Seed 2001 | Rate 0.05 | Train Loss: 1.0590 | Val Loss: 0.9266 | Acc (clean): 0.7781 | Acc (poison): 0.7405 | Val Acc: 0.7215 | Time: 00:00:13
Epoch 011 | Seed 2001 | Rate 0.05 | Train Loss: 0.9922 | Val Loss: 1.0378 | Acc (clean): 0.7977 | Acc (poison): 0.7592 | Val Acc: 0.7041 | Time: 00:00:12
Epoch 012 | Seed 2001 | Rate 0.05 | Train Loss: 0.9399 | Val Loss: 0.9240 | Acc (clean): 0.8178 | Acc (poison): 0.7793 | Val Acc: 0.7274 | Time: 00:00:12
Epoch 013 | Seed 2001 | Rate 0.05 | Train Loss: 0.9052 | Val Loss: 0.8231 | Acc (clean): 0.8192 | Acc (poison): 0.7802 | Val Acc: 0.7493 | Time: 00:00:12
Epoch 014 | Seed 2001 | Rate 0.05 | Train Loss: 0.8665 | Val Loss: 0.8557 | Acc (clean): 0.8366 | Acc (poison): 0.7974 | Val Acc: 0.7467 | Time: 00:00:12
Epoch 015 | Seed 2001 | Rate 0.05 | Train Loss: 0.8404 | Val Loss: 0.9284 | Acc (clean): 0.8433 | Acc (poison): 0.8037 | Val Acc: 0.7278 | Time: 00:00:12
Epoch 016 | Seed 2001 | Rate 0.05 | Train Loss: 0.8120 | Val Loss: 0.8710 | Acc (clean): 0.8505 | Acc (poison): 0.8121 | Val Acc: 0.7448 | Time: 00:00:12
Epoch 017 | Seed 2001 | Rate 0.05 | Train Loss: 0.7953 | Val Loss: 1.0453 | Acc (clean): 0.8528 | Acc (poison): 0.8146 | Val Acc: 0.7126 | Time: 00:00:12
Epoch 018 | Seed 2001 | Rate 0.05 | Train Loss: 0.7652 | Val Loss: 0.8326 | Acc (clean): 0.8631 | Acc (poison): 0.8238 | Val Acc: 0.7607 | Time: 00:00:12
Epoch 019 | Seed 2001 | Rate 0.05 | Train Loss: 0.7457 | Val Loss: 1.3680 | Acc (clean): 0.8698 | Acc (poison): 0.8309 | Val Acc: 0.6352 | Time: 00:00:12
Epoch 020 | Seed 2001 | Rate 0.05 | Train Loss: 0.7370 | Val Loss: 0.9406 | Acc (clean): 0.8683 | Acc (poison): 0.8288 | Val Acc: 0.7422 | Time: 00:00:12
Epoch 021 | Seed 2001 | Rate 0.05 | Train Loss: 0.7221 | Val Loss: 0.7064 | Acc (clean): 0.8727 | Acc (poison): 0.8336 | Val Acc: 0.7941 | Time: 00:00:12
Epoch 022 | Seed 2001 | Rate 0.05 | Train Loss: 0.7029 | Val Loss: 1.2962 | Acc (clean): 0.8774 | Acc (poison): 0.8385 | Val Acc: 0.6433 | Time: 00:00:12
Epoch 023 | Seed 2001 | Rate 0.05 | Train Loss: 0.7029 | Val Loss: 0.7880 | Acc (clean): 0.8777 | Acc (poison): 0.8391 | Val Acc: 0.7763 | Time: 00:00:12
Epoch 024 | Seed 2001 | Rate 0.05 | Train Loss: 0.6772 | Val Loss: 0.7588 | Acc (clean): 0.8843 | Acc (poison): 0.8463 | Val Acc: 0.7911 | Time: 00:00:12
Epoch 025 | Seed 2001 | Rate 0.05 | Train Loss: 0.6728 | Val Loss: 0.8216 | Acc (clean): 0.8832 | Acc (poison): 0.8442 | Val Acc: 0.7619 | Time: 00:00:12
Epoch 026 | Seed 2001 | Rate 0.05 | Train Loss: 0.5995 | Val Loss: 0.8439 | Acc (clean): 0.8857 | Acc (poison): 0.8475 | Val Acc: 0.7600 | Time: 00:00:12
Epoch 027 | Seed 2001 | Rate 0.05 | Train Loss: 0.6062 | Val Loss: 0.6988 | Acc (clean): 0.8824 | Acc (poison): 0.8449 | Val Acc: 0.8026 | Time: 00:00:12
Epoch 028 | Seed 2001 | Rate 0.05 | Train Loss: 0.5421 | Val Loss: 1.0117 | Acc (clean): 0.8861 | Acc (poison): 0.8485 | Val Acc: 0.7226 | Time: 00:00:12
Epoch 029 | Seed 2001 | Rate 0.05 | Train Loss: 0.4843 | Val Loss: 0.7308 | Acc (clean): 0.8861 | Acc (poison): 0.8482 | Val Acc: 0.7767 | Time: 00:00:12
Epoch 030 | Seed 2001 | Rate 0.05 | Train Loss: 0.4779 | Val Loss: 1.0065 | Acc (clean): 0.8911 | Acc (poison): 0.8537 | Val Acc: 0.7230 | Time: 00:00:12
Epoch 031 | Seed 2001 | Rate 0.05 | Train Loss: 0.4358 | Val Loss: 0.8667 | Acc (clean): 0.8877 | Acc (poison): 0.8495 | Val Acc: 0.7548 | Time: 00:00:12
Epoch 032 | Seed 2001 | Rate 0.05 | Train Loss: 0.4289 | Val Loss: 0.7253 | Acc (clean): 0.8898 | Acc (poison): 0.8519 | Val Acc: 0.7967 | Time: 00:00:12
Epoch 033 | Seed 2001 | Rate 0.05 | Train Loss: 0.3767 | Val Loss: 0.8632 | Acc (clean): 0.8931 | Acc (poison): 0.8549 | Val Acc: 0.7604 | Time: 00:00:12
Epoch 034 | Seed 2001 | Rate 0.05 | Train Loss: 0.3407 | Val Loss: 0.9054 | Acc (clean): 0.8922 | Acc (poison): 0.8540 | Val Acc: 0.7444 | Time: 00:00:12
Epoch 035 | Seed 2001 | Rate 0.05 | Train Loss: 0.3421 | Val Loss: 0.9710 | Acc (clean): 0.8921 | Acc (poison): 0.8535 | Val Acc: 0.7281 | Time: 00:00:12
Epoch 036 | Seed 2001 | Rate 0.05 | Train Loss: 0.3409 | Val Loss: 0.9873 | Acc (clean): 0.8937 | Acc (poison): 0.8550 | Val Acc: 0.7293 | Time: 00:00:12
Epoch 037 | Seed 2001 | Rate 0.05 | Train Loss: 0.3408 | Val Loss: 0.8546 | Acc (clean): 0.8936 | Acc (poison): 0.8544 | Val Acc: 0.7593 | Time: 00:00:12
Epoch 038 | Seed 2001 | Rate 0.05 | Train Loss: 0.3241 | Val Loss: 0.8490 | Acc (clean): 0.8977 | Acc (poison): 0.8590 | Val Acc: 0.7656 | Time: 00:00:12
Epoch 039 | Seed 2001 | Rate 0.05 | Train Loss: 0.3354 | Val Loss: 0.7085 | Acc (clean): 0.8965 | Acc (poison): 0.8576 | Val Acc: 0.7926 | Time: 00:00:12
Epoch 040 | Seed 2001 | Rate 0.05 | Train Loss: 0.3306 | Val Loss: 1.1767 | Acc (clean): 0.8971 | Acc (poison): 0.8590 | Val Acc: 0.6907 | Time: 00:00:12
Epoch 041 | Seed 2001 | Rate 0.05 | Train Loss: 0.3276 | Val Loss: 0.8714 | Acc (clean): 0.8981 | Acc (poison): 0.8591 | Val Acc: 0.7593 | Time: 00:00:12
Epoch 042 | Seed 2001 | Rate 0.05 | Train Loss: 0.3147 | Val Loss: 0.7968 | Acc (clean): 0.9028 | Acc (poison): 0.8639 | Val Acc: 0.7711 | Time: 00:00:12
Epoch 043 | Seed 2001 | Rate 0.05 | Train Loss: 0.3139 | Val Loss: 0.6661 | Acc (clean): 0.9017 | Acc (poison): 0.8634 | Val Acc: 0.8167 | Time: 00:00:12
Epoch 044 | Seed 2001 | Rate 0.05 | Train Loss: 0.3109 | Val Loss: 0.7697 | Acc (clean): 0.9035 | Acc (poison): 0.8642 | Val Acc: 0.7778 | Time: 00:00:12
Epoch 045 | Seed 2001 | Rate 0.05 | Train Loss: 0.3204 | Val Loss: 0.9759 | Acc (clean): 0.9017 | Acc (poison): 0.8619 | Val Acc: 0.7333 | Time: 00:00:12
Epoch 046 | Seed 2001 | Rate 0.05 | Train Loss: 0.3213 | Val Loss: 0.8062 | Acc (clean): 0.9031 | Acc (poison): 0.8644 | Val Acc: 0.7596 | Time: 00:00:12
Epoch 047 | Seed 2001 | Rate 0.05 | Train Loss: 0.3278 | Val Loss: 0.7701 | Acc (clean): 0.8974 | Acc (poison): 0.8585 | Val Acc: 0.7789 | Time: 00:00:12
Epoch 048 | Seed 2001 | Rate 0.05 | Train Loss: 0.3243 | Val Loss: 0.7508 | Acc (clean): 0.9035 | Acc (poison): 0.8640 | Val Acc: 0.7904 | Time: 00:00:12
Epoch 049 | Seed 2001 | Rate 0.05 | Train Loss: 0.3073 | Val Loss: 0.7971 | Acc (clean): 0.9042 | Acc (poison): 0.8652 | Val Acc: 0.7737 | Time: 00:00:12
Epoch 050 | Seed 2001 | Rate 0.05 | Train Loss: 0.3082 | Val Loss: 0.7406 | Acc (clean): 0.9057 | Acc (poison): 0.8665 | Val Acc: 0.7974 | Time: 00:00:12
Epoch 051 | Seed 2001 | Rate 0.05 | Train Loss: 0.1648 | Val Loss: 0.3236 | Acc (clean): 0.9581 | Acc (poison): 0.9174 | Val Acc: 0.9041 | Time: 00:00:13
Epoch 052 | Seed 2001 | Rate 0.05 | Train Loss: 0.1097 | Val Loss: 0.2939 | Acc (clean): 0.9744 | Acc (poison): 0.9335 | Val Acc: 0.9115 | Time: 00:00:12
Epoch 053 | Seed 2001 | Rate 0.05 | Train Loss: 0.0986 | Val Loss: 0.2761 | Acc (clean): 0.9777 | Acc (poison): 0.9382 | Val Acc: 0.9163 | Time: 00:00:12
Epoch 054 | Seed 2001 | Rate 0.05 | Train Loss: 0.0903 | Val Loss: 0.2694 | Acc (clean): 0.9804 | Acc (poison): 0.9423 | Val Acc: 0.9141 | Time: 00:00:12
Epoch 055 | Seed 2001 | Rate 0.05 | Train Loss: 0.0769 | Val Loss: 0.2738 | Acc (clean): 0.9812 | Acc (poison): 0.9443 | Val Acc: 0.9152 | Time: 00:00:12
Epoch 056 | Seed 2001 | Rate 0.05 | Train Loss: 0.0759 | Val Loss: 0.2768 | Acc (clean): 0.9814 | Acc (poison): 0.9462 | Val Acc: 0.9196 | Time: 00:00:12
Epoch 057 | Seed 2001 | Rate 0.05 | Train Loss: 0.0675 | Val Loss: 0.2776 | Acc (clean): 0.9821 | Acc (poison): 0.9465 | Val Acc: 0.9163 | Time: 00:00:12
Epoch 058 | Seed 2001 | Rate 0.05 | Train Loss: 0.0655 | Val Loss: 0.2852 | Acc (clean): 0.9834 | Acc (poison): 0.9489 | Val Acc: 0.9122 | Time: 00:00:12
Epoch 059 | Seed 2001 | Rate 0.05 | Train Loss: 0.0658 | Val Loss: 0.2807 | Acc (clean): 0.9828 | Acc (poison): 0.9491 | Val Acc: 0.9148 | Time: 00:00:12
Epoch 060 | Seed 2001 | Rate 0.05 | Train Loss: 0.0603 | Val Loss: 0.2831 | Acc (clean): 0.9830 | Acc (poison): 0.9501 | Val Acc: 0.9193 | Time: 00:00:12
Epoch 061 | Seed 2001 | Rate 0.05 | Train Loss: 0.0555 | Val Loss: 0.2814 | Acc (clean): 0.9829 | Acc (poison): 0.9509 | Val Acc: 0.9181 | Time: 00:00:12
Epoch 062 | Seed 2001 | Rate 0.05 | Train Loss: 0.0533 | Val Loss: 0.2739 | Acc (clean): 0.9839 | Acc (poison): 0.9525 | Val Acc: 0.9178 | Time: 00:00:12
Epoch 063 | Seed 2001 | Rate 0.05 | Train Loss: 0.0502 | Val Loss: 0.2840 | Acc (clean): 0.9850 | Acc (poison): 0.9526 | Val Acc: 0.9163 | Time: 00:00:12
Epoch 064 | Seed 2001 | Rate 0.05 | Train Loss: 0.0505 | Val Loss: 0.2824 | Acc (clean): 0.9840 | Acc (poison): 0.9540 | Val Acc: 0.9152 | Time: 00:00:12
Epoch 065 | Seed 2001 | Rate 0.05 | Train Loss: 0.0498 | Val Loss: 0.2739 | Acc (clean): 0.9844 | Acc (poison): 0.9544 | Val Acc: 0.9215 | Time: 00:00:12
Epoch 066 | Seed 2001 | Rate 0.05 | Train Loss: 0.0477 | Val Loss: 0.2762 | Acc (clean): 0.9830 | Acc (poison): 0.9542 | Val Acc: 0.9200 | Time: 00:00:12
Epoch 067 | Seed 2001 | Rate 0.05 | Train Loss: 0.0482 | Val Loss: 0.2857 | Acc (clean): 0.9826 | Acc (poison): 0.9553 | Val Acc: 0.9170 | Time: 00:00:12
Epoch 068 | Seed 2001 | Rate 0.05 | Train Loss: 0.0426 | Val Loss: 0.2863 | Acc (clean): 0.9826 | Acc (poison): 0.9552 | Val Acc: 0.9178 | Time: 00:00:12
Epoch 069 | Seed 2001 | Rate 0.05 | Train Loss: 0.0403 | Val Loss: 0.2892 | Acc (clean): 0.9833 | Acc (poison): 0.9569 | Val Acc: 0.9178 | Time: 00:00:12
Epoch 070 | Seed 2001 | Rate 0.05 | Train Loss: 0.0396 | Val Loss: 0.2880 | Acc (clean): 0.9830 | Acc (poison): 0.9568 | Val Acc: 0.9215 | Time: 00:00:12
Epoch 071 | Seed 2001 | Rate 0.05 | Train Loss: 0.0426 | Val Loss: 0.2868 | Acc (clean): 0.9820 | Acc (poison): 0.9561 | Val Acc: 0.9204 | Time: 00:00:12
Epoch 072 | Seed 2001 | Rate 0.05 | Train Loss: 0.0364 | Val Loss: 0.2861 | Acc (clean): 0.9828 | Acc (poison): 0.9577 | Val Acc: 0.9222 | Time: 00:00:12
Epoch 073 | Seed 2001 | Rate 0.05 | Train Loss: 0.0347 | Val Loss: 0.2913 | Acc (clean): 0.9829 | Acc (poison): 0.9582 | Val Acc: 0.9193 | Time: 00:00:12
Epoch 074 | Seed 2001 | Rate 0.05 | Train Loss: 0.0371 | Val Loss: 0.3082 | Acc (clean): 0.9825 | Acc (poison): 0.9588 | Val Acc: 0.9144 | Time: 00:00:12
Epoch 075 | Seed 2001 | Rate 0.05 | Train Loss: 0.0347 | Val Loss: 0.3072 | Acc (clean): 0.9820 | Acc (poison): 0.9593 | Val Acc: 0.9144 | Time: 00:00:12
Epoch 076 | Seed 2001 | Rate 0.05 | Train Loss: 0.0299 | Val Loss: 0.2946 | Acc (clean): 0.9822 | Acc (poison): 0.9601 | Val Acc: 0.9193 | Time: 00:00:12
Epoch 077 | Seed 2001 | Rate 0.05 | Train Loss: 0.0297 | Val Loss: 0.2914 | Acc (clean): 0.9819 | Acc (poison): 0.9610 | Val Acc: 0.9211 | Time: 00:00:12
Epoch 078 | Seed 2001 | Rate 0.05 | Train Loss: 0.0301 | Val Loss: 0.2892 | Acc (clean): 0.9815 | Acc (poison): 0.9617 | Val Acc: 0.9189 | Time: 00:00:12
Epoch 079 | Seed 2001 | Rate 0.05 | Train Loss: 0.0286 | Val Loss: 0.2916 | Acc (clean): 0.9814 | Acc (poison): 0.9619 | Val Acc: 0.9196 | Time: 00:00:12
Epoch 080 | Seed 2001 | Rate 0.05 | Train Loss: 0.0268 | Val Loss: 0.2863 | Acc (clean): 0.9816 | Acc (poison): 0.9612 | Val Acc: 0.9211 | Time: 00:00:12
Epoch 081 | Seed 2001 | Rate 0.05 | Train Loss: 0.0281 | Val Loss: 0.2909 | Acc (clean): 0.9819 | Acc (poison): 0.9618 | Val Acc: 0.9196 | Time: 00:00:12
Epoch 082 | Seed 2001 | Rate 0.05 | Train Loss: 0.0255 | Val Loss: 0.2884 | Acc (clean): 0.9823 | Acc (poison): 0.9621 | Val Acc: 0.9241 | Time: 00:00:12
Epoch 083 | Seed 2001 | Rate 0.05 | Train Loss: 0.0283 | Val Loss: 0.2891 | Acc (clean): 0.9816 | Acc (poison): 0.9618 | Val Acc: 0.9237 | Time: 00:00:12
Epoch 084 | Seed 2001 | Rate 0.05 | Train Loss: 0.0285 | Val Loss: 0.2854 | Acc (clean): 0.9813 | Acc (poison): 0.9614 | Val Acc: 0.9230 | Time: 00:00:12
Epoch 085 | Seed 2001 | Rate 0.05 | Train Loss: 0.0262 | Val Loss: 0.2937 | Acc (clean): 0.9821 | Acc (poison): 0.9619 | Val Acc: 0.9185 | Time: 00:00:12
Epoch 086 | Seed 2001 | Rate 0.05 | Train Loss: 0.0286 | Val Loss: 0.2890 | Acc (clean): 0.9820 | Acc (poison): 0.9618 | Val Acc: 0.9226 | Time: 00:00:12
Epoch 087 | Seed 2001 | Rate 0.05 | Train Loss: 0.0300 | Val Loss: 0.2908 | Acc (clean): 0.9821 | Acc (poison): 0.9622 | Val Acc: 0.9215 | Time: 00:00:12
Epoch 088 | Seed 2001 | Rate 0.05 | Train Loss: 0.0293 | Val Loss: 0.2906 | Acc (clean): 0.9818 | Acc (poison): 0.9614 | Val Acc: 0.9211 | Time: 00:00:12
Epoch 089 | Seed 2001 | Rate 0.05 | Train Loss: 0.0298 | Val Loss: 0.2951 | Acc (clean): 0.9813 | Acc (poison): 0.9620 | Val Acc: 0.9185 | Time: 00:00:12
Epoch 090 | Seed 2001 | Rate 0.05 | Train Loss: 0.0248 | Val Loss: 0.2907 | Acc (clean): 0.9819 | Acc (poison): 0.9619 | Val Acc: 0.9211 | Time: 00:00:12
Epoch 091 | Seed 2001 | Rate 0.05 | Train Loss: 0.0275 | Val Loss: 0.2870 | Acc (clean): 0.9816 | Acc (poison): 0.9623 | Val Acc: 0.9207 | Time: 00:00:12
Epoch 092 | Seed 2001 | Rate 0.05 | Train Loss: 0.0289 | Val Loss: 0.2924 | Acc (clean): 0.9816 | Acc (poison): 0.9629 | Val Acc: 0.9204 | Time: 00:00:12
Epoch 093 | Seed 2001 | Rate 0.05 | Train Loss: 0.0300 | Val Loss: 0.2919 | Acc (clean): 0.9822 | Acc (poison): 0.9621 | Val Acc: 0.9215 | Time: 00:00:12
Epoch 094 | Seed 2001 | Rate 0.05 | Train Loss: 0.0315 | Val Loss: 0.2928 | Acc (clean): 0.9818 | Acc (poison): 0.9622 | Val Acc: 0.9196 | Time: 00:00:12
Epoch 095 | Seed 2001 | Rate 0.05 | Train Loss: 0.0224 | Val Loss: 0.2885 | Acc (clean): 0.9822 | Acc (poison): 0.9623 | Val Acc: 0.9211 | Time: 00:00:12
Epoch 096 | Seed 2001 | Rate 0.05 | Train Loss: 0.0258 | Val Loss: 0.2947 | Acc (clean): 0.9813 | Acc (poison): 0.9622 | Val Acc: 0.9167 | Time: 00:00:12
Epoch 097 | Seed 2001 | Rate 0.05 | Train Loss: 0.0246 | Val Loss: 0.2856 | Acc (clean): 0.9821 | Acc (poison): 0.9630 | Val Acc: 0.9219 | Time: 00:00:12
Epoch 098 | Seed 2001 | Rate 0.05 | Train Loss: 0.0273 | Val Loss: 0.2927 | Acc (clean): 0.9817 | Acc (poison): 0.9624 | Val Acc: 0.9219 | Time: 00:00:12
Epoch 099 | Seed 2001 | Rate 0.05 | Train Loss: 0.0242 | Val Loss: 0.2929 | Acc (clean): 0.9816 | Acc (poison): 0.9620 | Val Acc: 0.9215 | Time: 00:00:12
Epoch 100 | Seed 2001 | Rate 0.05 | Train Loss: 0.0259 | Val Loss: 0.2848 | Acc (clean): 0.9822 | Acc (poison): 0.9632 | Val Acc: 0.9237 | Time: 00:00:12

=== defense=small_loss attack=RQ1 seed=2001 rate=0.1 ===
Loading train data from /home/yazanme/BachelorThesis/BachelorThesis/data/processed/resisc45/train.h5 with mapping /home/yazanme/BachelorThesis/BachelorThesis/data/processed/resisc45/poisoned/RQ1/seed_2001/labels_0.10.pt... (in_memory=True, workers=4)
Testing torch.compile support...
Successfully compiled model using torch.compile.
Epoch 001 | Seed 2001 | Rate 0.10 | Train Loss: 3.1457 | Val Loss: 2.3682 | Acc (clean): 0.2172 | Acc (poison): 0.1984 | Val Acc: 0.3367 | Time: 00:00:13
Epoch 002 | Seed 2001 | Rate 0.10 | Train Loss: 2.4436 | Val Loss: 2.0155 | Acc (clean): 0.4031 | Acc (poison): 0.3654 | Val Acc: 0.4219 | Time: 00:00:12
Epoch 003 | Seed 2001 | Rate 0.10 | Train Loss: 2.1268 | Val Loss: 2.0271 | Acc (clean): 0.5112 | Acc (poison): 0.4606 | Val Acc: 0.4215 | Time: 00:00:12
Epoch 004 | Seed 2001 | Rate 0.10 | Train Loss: 1.9332 | Val Loss: 1.9155 | Acc (clean): 0.5726 | Acc (poison): 0.5176 | Val Acc: 0.4511 | Time: 00:00:12
Epoch 005 | Seed 2001 | Rate 0.10 | Train Loss: 1.7861 | Val Loss: 1.5064 | Acc (clean): 0.6207 | Acc (poison): 0.5609 | Val Acc: 0.5733 | Time: 00:00:12
Epoch 006 | Seed 2001 | Rate 0.10 | Train Loss: 1.6543 | Val Loss: 1.2805 | Acc (clean): 0.6680 | Acc (poison): 0.6035 | Val Acc: 0.6378 | Time: 00:00:13
Epoch 007 | Seed 2001 | Rate 0.10 | Train Loss: 1.5402 | Val Loss: 1.2257 | Acc (clean): 0.7079 | Acc (poison): 0.6415 | Val Acc: 0.6422 | Time: 00:00:13
Epoch 008 | Seed 2001 | Rate 0.10 | Train Loss: 1.4521 | Val Loss: 1.1224 | Acc (clean): 0.7340 | Acc (poison): 0.6642 | Val Acc: 0.6796 | Time: 00:00:13
Epoch 009 | Seed 2001 | Rate 0.10 | Train Loss: 1.3660 | Val Loss: 1.0160 | Acc (clean): 0.7651 | Acc (poison): 0.6935 | Val Acc: 0.7156 | Time: 00:00:12
Epoch 010 | Seed 2001 | Rate 0.10 | Train Loss: 1.3060 | Val Loss: 0.9595 | Acc (clean): 0.7822 | Acc (poison): 0.7088 | Val Acc: 0.7330 | Time: 00:00:12
Epoch 011 | Seed 2001 | Rate 0.10 | Train Loss: 1.2617 | Val Loss: 1.2463 | Acc (clean): 0.7968 | Acc (poison): 0.7214 | Val Acc: 0.6581 | Time: 00:00:12
Epoch 012 | Seed 2001 | Rate 0.10 | Train Loss: 1.2112 | Val Loss: 0.9842 | Acc (clean): 0.8097 | Acc (poison): 0.7340 | Val Acc: 0.7281 | Time: 00:00:11
Epoch 013 | Seed 2001 | Rate 0.10 | Train Loss: 1.1730 | Val Loss: 1.0464 | Acc (clean): 0.8240 | Acc (poison): 0.7463 | Val Acc: 0.6970 | Time: 00:00:12
Epoch 014 | Seed 2001 | Rate 0.10 | Train Loss: 1.1412 | Val Loss: 1.0002 | Acc (clean): 0.8321 | Acc (poison): 0.7554 | Val Acc: 0.7263 | Time: 00:00:11
Epoch 015 | Seed 2001 | Rate 0.10 | Train Loss: 1.1263 | Val Loss: 0.8434 | Acc (clean): 0.8335 | Acc (poison): 0.7570 | Val Acc: 0.7733 | Time: 00:00:12
Epoch 016 | Seed 2001 | Rate 0.10 | Train Loss: 1.0959 | Val Loss: 1.1538 | Acc (clean): 0.8436 | Acc (poison): 0.7655 | Val Acc: 0.6881 | Time: 00:00:12
Epoch 017 | Seed 2001 | Rate 0.10 | Train Loss: 1.0776 | Val Loss: 0.7684 | Acc (clean): 0.8447 | Acc (poison): 0.7686 | Val Acc: 0.7885 | Time: 00:00:12
Epoch 018 | Seed 2001 | Rate 0.10 | Train Loss: 1.0522 | Val Loss: 0.8286 | Acc (clean): 0.8558 | Acc (poison): 0.7781 | Val Acc: 0.7867 | Time: 00:00:12
Epoch 019 | Seed 2001 | Rate 0.10 | Train Loss: 1.0314 | Val Loss: 0.8700 | Acc (clean): 0.8593 | Acc (poison): 0.7824 | Val Acc: 0.7570 | Time: 00:00:12
Epoch 020 | Seed 2001 | Rate 0.10 | Train Loss: 1.0263 | Val Loss: 0.8366 | Acc (clean): 0.8602 | Acc (poison): 0.7838 | Val Acc: 0.7648 | Time: 00:00:12
Epoch 021 | Seed 2001 | Rate 0.10 | Train Loss: 1.0039 | Val Loss: 0.9276 | Acc (clean): 0.8647 | Acc (poison): 0.7875 | Val Acc: 0.7367 | Time: 00:00:12
Epoch 022 | Seed 2001 | Rate 0.10 | Train Loss: 1.0064 | Val Loss: 0.9918 | Acc (clean): 0.8600 | Acc (poison): 0.7834 | Val Acc: 0.7181 | Time: 00:00:12
Epoch 023 | Seed 2001 | Rate 0.10 | Train Loss: 0.9858 | Val Loss: 0.8928 | Acc (clean): 0.8674 | Acc (poison): 0.7914 | Val Acc: 0.7456 | Time: 00:00:12
Epoch 024 | Seed 2001 | Rate 0.10 | Train Loss: 0.9595 | Val Loss: 0.7626 | Acc (clean): 0.8703 | Acc (poison): 0.7950 | Val Acc: 0.7907 | Time: 00:00:14
Epoch 025 | Seed 2001 | Rate 0.10 | Train Loss: 0.9449 | Val Loss: 0.8132 | Acc (clean): 0.8747 | Acc (poison): 0.7999 | Val Acc: 0.7715 | Time: 00:00:12
Epoch 026 | Seed 2001 | Rate 0.10 | Train Loss: 0.8947 | Val Loss: 1.0300 | Acc (clean): 0.8711 | Acc (poison): 0.7962 | Val Acc: 0.7144 | Time: 00:00:12
Epoch 027 | Seed 2001 | Rate 0.10 | Train Loss: 0.7883 | Val Loss: 0.7415 | Acc (clean): 0.8715 | Acc (poison): 0.7971 | Val Acc: 0.7896 | Time: 00:00:12
Epoch 028 | Seed 2001 | Rate 0.10 | Train Loss: 0.7385 | Val Loss: 0.8523 | Acc (clean): 0.8719 | Acc (poison): 0.7967 | Val Acc: 0.7596 | Time: 00:00:11
Epoch 029 | Seed 2001 | Rate 0.10 | Train Loss: 0.6882 | Val Loss: 0.6766 | Acc (clean): 0.8736 | Acc (poison): 0.7995 | Val Acc: 0.8022 | Time: 00:00:12
Epoch 030 | Seed 2001 | Rate 0.10 | Train Loss: 0.6329 | Val Loss: 0.9997 | Acc (clean): 0.8753 | Acc (poison): 0.8002 | Val Acc: 0.7381 | Time: 00:00:12
Epoch 031 | Seed 2001 | Rate 0.10 | Train Loss: 0.5534 | Val Loss: 0.8526 | Acc (clean): 0.8709 | Acc (poison): 0.7953 | Val Acc: 0.7500 | Time: 00:00:12
Epoch 032 | Seed 2001 | Rate 0.10 | Train Loss: 0.4869 | Val Loss: 1.0172 | Acc (clean): 0.8788 | Acc (poison): 0.8053 | Val Acc: 0.7222 | Time: 00:00:12
Epoch 033 | Seed 2001 | Rate 0.10 | Train Loss: 0.4504 | Val Loss: 1.0703 | Acc (clean): 0.8763 | Acc (poison): 0.8006 | Val Acc: 0.7044 | Time: 00:00:12
Epoch 034 | Seed 2001 | Rate 0.10 | Train Loss: 0.3799 | Val Loss: 0.6938 | Acc (clean): 0.8791 | Acc (poison): 0.8033 | Val Acc: 0.7993 | Time: 00:00:12
Epoch 035 | Seed 2001 | Rate 0.10 | Train Loss: 0.3532 | Val Loss: 0.9551 | Acc (clean): 0.8736 | Acc (poison): 0.7981 | Val Acc: 0.7433 | Time: 00:00:14
Epoch 036 | Seed 2001 | Rate 0.10 | Train Loss: 0.3553 | Val Loss: 0.8413 | Acc (clean): 0.8734 | Acc (poison): 0.7965 | Val Acc: 0.7556 | Time: 00:00:12
Epoch 037 | Seed 2001 | Rate 0.10 | Train Loss: 0.3361 | Val Loss: 0.8079 | Acc (clean): 0.8845 | Acc (poison): 0.8067 | Val Acc: 0.7707 | Time: 00:00:11
Epoch 038 | Seed 2001 | Rate 0.10 | Train Loss: 0.3532 | Val Loss: 0.8072 | Acc (clean): 0.8765 | Acc (poison): 0.7987 | Val Acc: 0.7704 | Time: 00:00:12
Epoch 039 | Seed 2001 | Rate 0.10 | Train Loss: 0.3368 | Val Loss: 0.8285 | Acc (clean): 0.8809 | Acc (poison): 0.8051 | Val Acc: 0.7726 | Time: 00:00:12
Epoch 040 | Seed 2001 | Rate 0.10 | Train Loss: 0.3527 | Val Loss: 1.0979 | Acc (clean): 0.8770 | Acc (poison): 0.8007 | Val Acc: 0.7056 | Time: 00:00:12
Epoch 041 | Seed 2001 | Rate 0.10 | Train Loss: 0.3392 | Val Loss: 0.8256 | Acc (clean): 0.8828 | Acc (poison): 0.8053 | Val Acc: 0.7774 | Time: 00:00:11
Epoch 042 | Seed 2001 | Rate 0.10 | Train Loss: 0.3252 | Val Loss: 0.8999 | Acc (clean): 0.8855 | Acc (poison): 0.8083 | Val Acc: 0.7689 | Time: 00:00:11
Epoch 043 | Seed 2001 | Rate 0.10 | Train Loss: 0.3181 | Val Loss: 0.6887 | Acc (clean): 0.8894 | Acc (poison): 0.8123 | Val Acc: 0.8022 | Time: 00:00:11
Epoch 044 | Seed 2001 | Rate 0.10 | Train Loss: 0.3275 | Val Loss: 0.9307 | Acc (clean): 0.8869 | Acc (poison): 0.8101 | Val Acc: 0.7400 | Time: 00:00:12
Epoch 045 | Seed 2001 | Rate 0.10 | Train Loss: 0.3261 | Val Loss: 1.0977 | Acc (clean): 0.8856 | Acc (poison): 0.8087 | Val Acc: 0.7011 | Time: 00:00:12
Epoch 046 | Seed 2001 | Rate 0.10 | Train Loss: 0.3302 | Val Loss: 0.7413 | Acc (clean): 0.8842 | Acc (poison): 0.8078 | Val Acc: 0.7848 | Time: 00:00:11
Epoch 047 | Seed 2001 | Rate 0.10 | Train Loss: 0.3302 | Val Loss: 0.6754 | Acc (clean): 0.8858 | Acc (poison): 0.8079 | Val Acc: 0.8052 | Time: 00:00:12
Epoch 048 | Seed 2001 | Rate 0.10 | Train Loss: 0.3257 | Val Loss: 0.7365 | Acc (clean): 0.8881 | Acc (poison): 0.8093 | Val Acc: 0.7826 | Time: 00:00:12
Epoch 049 | Seed 2001 | Rate 0.10 | Train Loss: 0.3151 | Val Loss: 0.8344 | Acc (clean): 0.8889 | Acc (poison): 0.8112 | Val Acc: 0.7770 | Time: 00:00:12
Epoch 050 | Seed 2001 | Rate 0.10 | Train Loss: 0.3162 | Val Loss: 0.7319 | Acc (clean): 0.8902 | Acc (poison): 0.8118 | Val Acc: 0.7989 | Time: 00:00:12
Epoch 051 | Seed 2001 | Rate 0.10 | Train Loss: 0.1662 | Val Loss: 0.3212 | Acc (clean): 0.9447 | Acc (poison): 0.8644 | Val Acc: 0.9067 | Time: 00:00:12
Epoch 052 | Seed 2001 | Rate 0.10 | Train Loss: 0.1063 | Val Loss: 0.3000 | Acc (clean): 0.9640 | Acc (poison): 0.8830 | Val Acc: 0.9111 | Time: 00:00:12
Epoch 053 | Seed 2001 | Rate 0.10 | Train Loss: 0.1005 | Val Loss: 0.2969 | Acc (clean): 0.9675 | Acc (poison): 0.8871 | Val Acc: 0.9159 | Time: 00:00:12
Epoch 054 | Seed 2001 | Rate 0.10 | Train Loss: 0.0892 | Val Loss: 0.2873 | Acc (clean): 0.9698 | Acc (poison): 0.8900 | Val Acc: 0.9170 | Time: 00:00:12
Epoch 055 | Seed 2001 | Rate 0.10 | Train Loss: 0.0767 | Val Loss: 0.2965 | Acc (clean): 0.9718 | Acc (poison): 0.8930 | Val Acc: 0.9170 | Time: 00:00:12
Epoch 056 | Seed 2001 | Rate 0.10 | Train Loss: 0.0784 | Val Loss: 0.2937 | Acc (clean): 0.9731 | Acc (poison): 0.8955 | Val Acc: 0.9163 | Time: 00:00:12
Epoch 057 | Seed 2001 | Rate 0.10 | Train Loss: 0.0744 | Val Loss: 0.2855 | Acc (clean): 0.9741 | Acc (poison): 0.8956 | Val Acc: 0.9178 | Time: 00:00:12
Epoch 058 | Seed 2001 | Rate 0.10 | Train Loss: 0.0727 | Val Loss: 0.2935 | Acc (clean): 0.9737 | Acc (poison): 0.8970 | Val Acc: 0.9193 | Time: 00:00:12
Epoch 059 | Seed 2001 | Rate 0.10 | Train Loss: 0.0675 | Val Loss: 0.2990 | Acc (clean): 0.9740 | Acc (poison): 0.8986 | Val Acc: 0.9133 | Time: 00:00:12
Epoch 060 | Seed 2001 | Rate 0.10 | Train Loss: 0.0617 | Val Loss: 0.3026 | Acc (clean): 0.9743 | Acc (poison): 0.9001 | Val Acc: 0.9130 | Time: 00:00:14
Epoch 061 | Seed 2001 | Rate 0.10 | Train Loss: 0.0615 | Val Loss: 0.3058 | Acc (clean): 0.9744 | Acc (poison): 0.9008 | Val Acc: 0.9126 | Time: 00:00:11
Epoch 062 | Seed 2001 | Rate 0.10 | Train Loss: 0.0570 | Val Loss: 0.2891 | Acc (clean): 0.9736 | Acc (poison): 0.9016 | Val Acc: 0.9152 | Time: 00:00:12
Epoch 063 | Seed 2001 | Rate 0.10 | Train Loss: 0.0501 | Val Loss: 0.2990 | Acc (clean): 0.9744 | Acc (poison): 0.9030 | Val Acc: 0.9133 | Time: 00:00:12
Epoch 064 | Seed 2001 | Rate 0.10 | Train Loss: 0.0538 | Val Loss: 0.2971 | Acc (clean): 0.9749 | Acc (poison): 0.9046 | Val Acc: 0.9193 | Time: 00:00:12
Epoch 065 | Seed 2001 | Rate 0.10 | Train Loss: 0.0517 | Val Loss: 0.3141 | Acc (clean): 0.9753 | Acc (poison): 0.9040 | Val Acc: 0.9104 | Time: 00:00:14
Epoch 066 | Seed 2001 | Rate 0.10 | Train Loss: 0.0505 | Val Loss: 0.3026 | Acc (clean): 0.9733 | Acc (poison): 0.9057 | Val Acc: 0.9130 | Time: 00:00:12
Epoch 067 | Seed 2001 | Rate 0.10 | Train Loss: 0.0518 | Val Loss: 0.3115 | Acc (clean): 0.9740 | Acc (poison): 0.9059 | Val Acc: 0.9111 | Time: 00:00:12
Epoch 068 | Seed 2001 | Rate 0.10 | Train Loss: 0.0478 | Val Loss: 0.3027 | Acc (clean): 0.9735 | Acc (poison): 0.9074 | Val Acc: 0.9196 | Time: 00:00:11
Epoch 069 | Seed 2001 | Rate 0.10 | Train Loss: 0.0458 | Val Loss: 0.3026 | Acc (clean): 0.9740 | Acc (poison): 0.9075 | Val Acc: 0.9141 | Time: 00:00:12
Epoch 070 | Seed 2001 | Rate 0.10 | Train Loss: 0.0425 | Val Loss: 0.3051 | Acc (clean): 0.9741 | Acc (poison): 0.9081 | Val Acc: 0.9163 | Time: 00:00:12
Epoch 071 | Seed 2001 | Rate 0.10 | Train Loss: 0.0430 | Val Loss: 0.2971 | Acc (clean): 0.9729 | Acc (poison): 0.9085 | Val Acc: 0.9170 | Time: 00:00:12
Epoch 072 | Seed 2001 | Rate 0.10 | Train Loss: 0.0374 | Val Loss: 0.3110 | Acc (clean): 0.9734 | Acc (poison): 0.9105 | Val Acc: 0.9122 | Time: 00:00:11
Epoch 073 | Seed 2001 | Rate 0.10 | Train Loss: 0.0405 | Val Loss: 0.3147 | Acc (clean): 0.9735 | Acc (poison): 0.9090 | Val Acc: 0.9137 | Time: 00:00:11
Epoch 074 | Seed 2001 | Rate 0.10 | Train Loss: 0.0385 | Val Loss: 0.3245 | Acc (clean): 0.9733 | Acc (poison): 0.9113 | Val Acc: 0.9104 | Time: 00:00:11
Epoch 075 | Seed 2001 | Rate 0.10 | Train Loss: 0.0347 | Val Loss: 0.3266 | Acc (clean): 0.9724 | Acc (poison): 0.9109 | Val Acc: 0.9122 | Time: 00:00:12
Epoch 076 | Seed 2001 | Rate 0.10 | Train Loss: 0.0323 | Val Loss: 0.3138 | Acc (clean): 0.9722 | Acc (poison): 0.9122 | Val Acc: 0.9144 | Time: 00:00:12
Epoch 077 | Seed 2001 | Rate 0.10 | Train Loss: 0.0372 | Val Loss: 0.3133 | Acc (clean): 0.9731 | Acc (poison): 0.9127 | Val Acc: 0.9141 | Time: 00:00:11
Epoch 078 | Seed 2001 | Rate 0.10 | Train Loss: 0.0370 | Val Loss: 0.3114 | Acc (clean): 0.9730 | Acc (poison): 0.9126 | Val Acc: 0.9130 | Time: 00:00:11
Epoch 079 | Seed 2001 | Rate 0.10 | Train Loss: 0.0301 | Val Loss: 0.3124 | Acc (clean): 0.9732 | Acc (poison): 0.9137 | Val Acc: 0.9144 | Time: 00:00:12
Epoch 080 | Seed 2001 | Rate 0.10 | Train Loss: 0.0336 | Val Loss: 0.3066 | Acc (clean): 0.9732 | Acc (poison): 0.9137 | Val Acc: 0.9148 | Time: 00:00:12
Epoch 081 | Seed 2001 | Rate 0.10 | Train Loss: 0.0324 | Val Loss: 0.3122 | Acc (clean): 0.9735 | Acc (poison): 0.9135 | Val Acc: 0.9141 | Time: 00:00:11
Epoch 082 | Seed 2001 | Rate 0.10 | Train Loss: 0.0319 | Val Loss: 0.3126 | Acc (clean): 0.9721 | Acc (poison): 0.9142 | Val Acc: 0.9130 | Time: 00:00:12
Epoch 083 | Seed 2001 | Rate 0.10 | Train Loss: 0.0286 | Val Loss: 0.3106 | Acc (clean): 0.9727 | Acc (poison): 0.9137 | Val Acc: 0.9148 | Time: 00:00:12
Epoch 084 | Seed 2001 | Rate 0.10 | Train Loss: 0.0277 | Val Loss: 0.3049 | Acc (clean): 0.9722 | Acc (poison): 0.9140 | Val Acc: 0.9163 | Time: 00:00:12
Epoch 085 | Seed 2001 | Rate 0.10 | Train Loss: 0.0280 | Val Loss: 0.3114 | Acc (clean): 0.9739 | Acc (poison): 0.9136 | Val Acc: 0.9119 | Time: 00:00:12
Epoch 086 | Seed 2001 | Rate 0.10 | Train Loss: 0.0324 | Val Loss: 0.3114 | Acc (clean): 0.9736 | Acc (poison): 0.9140 | Val Acc: 0.9156 | Time: 00:00:11
Epoch 087 | Seed 2001 | Rate 0.10 | Train Loss: 0.0364 | Val Loss: 0.3118 | Acc (clean): 0.9730 | Acc (poison): 0.9143 | Val Acc: 0.9133 | Time: 00:00:12
Epoch 088 | Seed 2001 | Rate 0.10 | Train Loss: 0.0337 | Val Loss: 0.3106 | Acc (clean): 0.9730 | Acc (poison): 0.9149 | Val Acc: 0.9152 | Time: 00:00:12
Epoch 089 | Seed 2001 | Rate 0.10 | Train Loss: 0.0339 | Val Loss: 0.3139 | Acc (clean): 0.9724 | Acc (poison): 0.9143 | Val Acc: 0.9137 | Time: 00:00:12
Epoch 090 | Seed 2001 | Rate 0.10 | Train Loss: 0.0282 | Val Loss: 0.3109 | Acc (clean): 0.9721 | Acc (poison): 0.9142 | Val Acc: 0.9156 | Time: 00:00:12
Epoch 091 | Seed 2001 | Rate 0.10 | Train Loss: 0.0325 | Val Loss: 0.3084 | Acc (clean): 0.9738 | Acc (poison): 0.9145 | Val Acc: 0.9163 | Time: 00:00:12
Epoch 092 | Seed 2001 | Rate 0.10 | Train Loss: 0.0352 | Val Loss: 0.3143 | Acc (clean): 0.9735 | Acc (poison): 0.9147 | Val Acc: 0.9148 | Time: 00:00:12
Epoch 093 | Seed 2001 | Rate 0.10 | Train Loss: 0.0318 | Val Loss: 0.3137 | Acc (clean): 0.9735 | Acc (poison): 0.9146 | Val Acc: 0.9156 | Time: 00:00:12
Epoch 094 | Seed 2001 | Rate 0.10 | Train Loss: 0.0309 | Val Loss: 0.3126 | Acc (clean): 0.9726 | Acc (poison): 0.9147 | Val Acc: 0.9115 | Time: 00:00:12
Epoch 095 | Seed 2001 | Rate 0.10 | Train Loss: 0.0291 | Val Loss: 0.3097 | Acc (clean): 0.9732 | Acc (poison): 0.9155 | Val Acc: 0.9133 | Time: 00:00:13
Epoch 096 | Seed 2001 | Rate 0.10 | Train Loss: 0.0303 | Val Loss: 0.3142 | Acc (clean): 0.9718 | Acc (poison): 0.9151 | Val Acc: 0.9122 | Time: 00:00:13
Epoch 097 | Seed 2001 | Rate 0.10 | Train Loss: 0.0305 | Val Loss: 0.3055 | Acc (clean): 0.9735 | Acc (poison): 0.9156 | Val Acc: 0.9148 | Time: 00:00:13
Epoch 098 | Seed 2001 | Rate 0.10 | Train Loss: 0.0326 | Val Loss: 0.3143 | Acc (clean): 0.9715 | Acc (poison): 0.9151 | Val Acc: 0.9126 | Time: 00:00:12
Epoch 099 | Seed 2001 | Rate 0.10 | Train Loss: 0.0293 | Val Loss: 0.3110 | Acc (clean): 0.9728 | Acc (poison): 0.9155 | Val Acc: 0.9126 | Time: 00:00:12
Epoch 100 | Seed 2001 | Rate 0.10 | Train Loss: 0.0356 | Val Loss: 0.3038 | Acc (clean): 0.9720 | Acc (poison): 0.9151 | Val Acc: 0.9159 | Time: 00:00:12

=== defense=small_loss attack=RQ1 seed=2001 rate=0.2 ===
Loading train data from /home/yazanme/BachelorThesis/BachelorThesis/data/processed/resisc45/train.h5 with mapping /home/yazanme/BachelorThesis/BachelorThesis/data/processed/resisc45/poisoned/RQ1/seed_2001/labels_0.20.pt... (in_memory=True, workers=4)
Testing torch.compile support...
Successfully compiled model using torch.compile.
Epoch 001 | Seed 2001 | Rate 0.20 | Train Loss: 3.3869 | Val Loss: 2.5461 | Acc (clean): 0.2010 | Acc (poison): 0.1643 | Val Acc: 0.2993 | Time: 00:00:13
Epoch 002 | Seed 2001 | Rate 0.20 | Train Loss: 2.8247 | Val Loss: 2.5391 | Acc (clean): 0.3689 | Acc (poison): 0.2986 | Val Acc: 0.3019 | Time: 00:00:12
Epoch 003 | Seed 2001 | Rate 0.20 | Train Loss: 2.5812 | Val Loss: 2.1013 | Acc (clean): 0.4653 | Acc (poison): 0.3752 | Val Acc: 0.4278 | Time: 00:00:12
Epoch 004 | Seed 2001 | Rate 0.20 | Train Loss: 2.4172 | Val Loss: 1.8707 | Acc (clean): 0.5303 | Acc (poison): 0.4279 | Val Acc: 0.4837 | Time: 00:00:30
Epoch 005 | Seed 2001 | Rate 0.20 | Train Loss: 2.3036 | Val Loss: 2.3789 | Acc (clean): 0.5730 | Acc (poison): 0.4616 | Val Acc: 0.3656 | Time: 00:00:12
Epoch 006 | Seed 2001 | Rate 0.20 | Train Loss: 2.1998 | Val Loss: 1.7326 | Acc (clean): 0.6131 | Acc (poison): 0.4957 | Val Acc: 0.5330 | Time: 00:00:12
Epoch 007 | Seed 2001 | Rate 0.20 | Train Loss: 2.1166 | Val Loss: 1.6431 | Acc (clean): 0.6513 | Acc (poison): 0.5262 | Val Acc: 0.5704 | Time: 00:00:12
Epoch 008 | Seed 2001 | Rate 0.20 | Train Loss: 2.0514 | Val Loss: 1.6536 | Acc (clean): 0.6734 | Acc (poison): 0.5433 | Val Acc: 0.5752 | Time: 00:00:11
Epoch 009 | Seed 2001 | Rate 0.20 | Train Loss: 1.9826 | Val Loss: 1.4051 | Acc (clean): 0.6970 | Acc (poison): 0.5632 | Val Acc: 0.6296 | Time: 00:00:12
Epoch 010 | Seed 2001 | Rate 0.20 | Train Loss: 1.9374 | Val Loss: 1.2689 | Acc (clean): 0.7155 | Acc (poison): 0.5777 | Val Acc: 0.6552 | Time: 00:00:12
Epoch 011 | Seed 2001 | Rate 0.20 | Train Loss: 1.8911 | Val Loss: 1.4830 | Acc (clean): 0.7315 | Acc (poison): 0.5905 | Val Acc: 0.6248 | Time: 00:00:12
Epoch 012 | Seed 2001 | Rate 0.20 | Train Loss: 1.8347 | Val Loss: 1.6090 | Acc (clean): 0.7502 | Acc (poison): 0.6084 | Val Acc: 0.5637 | Time: 00:00:12
Epoch 013 | Seed 2001 | Rate 0.20 | Train Loss: 1.7963 | Val Loss: 1.3044 | Acc (clean): 0.7632 | Acc (poison): 0.6178 | Val Acc: 0.6533 | Time: 00:00:11
Epoch 014 | Seed 2001 | Rate 0.20 | Train Loss: 1.7590 | Val Loss: 1.1629 | Acc (clean): 0.7770 | Acc (poison): 0.6295 | Val Acc: 0.7033 | Time: 00:00:12
Epoch 015 | Seed 2001 | Rate 0.20 | Train Loss: 1.7317 | Val Loss: 1.2556 | Acc (clean): 0.7891 | Acc (poison): 0.6408 | Val Acc: 0.6685 | Time: 00:00:12
Epoch 016 | Seed 2001 | Rate 0.20 | Train Loss: 1.6950 | Val Loss: 1.2909 | Acc (clean): 0.7973 | Acc (poison): 0.6471 | Val Acc: 0.6556 | Time: 00:00:11
Epoch 017 | Seed 2001 | Rate 0.20 | Train Loss: 1.6669 | Val Loss: 1.1390 | Acc (clean): 0.8032 | Acc (poison): 0.6538 | Val Acc: 0.7248 | Time: 00:00:18
Epoch 018 | Seed 2001 | Rate 0.20 | Train Loss: 1.6398 | Val Loss: 1.1443 | Acc (clean): 0.8138 | Acc (poison): 0.6653 | Val Acc: 0.7207 | Time: 00:00:12
Epoch 019 | Seed 2001 | Rate 0.20 | Train Loss: 1.6123 | Val Loss: 1.0755 | Acc (clean): 0.8219 | Acc (poison): 0.6716 | Val Acc: 0.7230 | Time: 00:00:15
Epoch 020 | Seed 2001 | Rate 0.20 | Train Loss: 1.5978 | Val Loss: 0.9524 | Acc (clean): 0.8248 | Acc (poison): 0.6725 | Val Acc: 0.7581 | Time: 00:00:13
Epoch 021 | Seed 2001 | Rate 0.20 | Train Loss: 1.5789 | Val Loss: 1.0623 | Acc (clean): 0.8292 | Acc (poison): 0.6767 | Val Acc: 0.7270 | Time: 00:00:11
Epoch 022 | Seed 2001 | Rate 0.20 | Train Loss: 1.5681 | Val Loss: 1.0737 | Acc (clean): 0.8328 | Acc (poison): 0.6797 | Val Acc: 0.7293 | Time: 00:00:12
Epoch 023 | Seed 2001 | Rate 0.20 | Train Loss: 1.5427 | Val Loss: 1.0090 | Acc (clean): 0.8352 | Acc (poison): 0.6835 | Val Acc: 0.7522 | Time: 00:00:12
Epoch 024 | Seed 2001 | Rate 0.20 | Train Loss: 1.5146 | Val Loss: 0.9779 | Acc (clean): 0.8429 | Acc (poison): 0.6907 | Val Acc: 0.7700 | Time: 00:00:12
Epoch 025 | Seed 2001 | Rate 0.20 | Train Loss: 1.5038 | Val Loss: 0.9532 | Acc (clean): 0.8427 | Acc (poison): 0.6916 | Val Acc: 0.7667 | Time: 00:00:12
Epoch 026 | Seed 2001 | Rate 0.20 | Train Loss: 1.3779 | Val Loss: 1.0633 | Acc (clean): 0.8397 | Acc (poison): 0.6891 | Val Acc: 0.7415 | Time: 00:00:12
Epoch 027 | Seed 2001 | Rate 0.20 | Train Loss: 1.2844 | Val Loss: 0.8830 | Acc (clean): 0.8406 | Acc (poison): 0.6914 | Val Acc: 0.7674 | Time: 00:00:12
Epoch 028 | Seed 2001 | Rate 0.20 | Train Loss: 1.1613 | Val Loss: 1.0826 | Acc (clean): 0.8388 | Acc (poison): 0.6891 | Val Acc: 0.7100 | Time: 00:00:11
Epoch 029 | Seed 2001 | Rate 0.20 | Train Loss: 1.0785 | Val Loss: 0.8659 | Acc (clean): 0.8382 | Acc (poison): 0.6890 | Val Acc: 0.7674 | Time: 00:00:12
Epoch 030 | Seed 2001 | Rate 0.20 | Train Loss: 0.9398 | Val Loss: 1.0390 | Acc (clean): 0.8432 | Acc (poison): 0.6935 | Val Acc: 0.7156 | Time: 00:00:12
Epoch 031 | Seed 2001 | Rate 0.20 | Train Loss: 0.8667 | Val Loss: 1.0157 | Acc (clean): 0.8374 | Acc (poison): 0.6886 | Val Acc: 0.7233 | Time: 00:00:12
Epoch 032 | Seed 2001 | Rate 0.20 | Train Loss: 0.7140 | Val Loss: 1.0227 | Acc (clean): 0.8434 | Acc (poison): 0.6956 | Val Acc: 0.7274 | Time: 00:00:11
Epoch 033 | Seed 2001 | Rate 0.20 | Train Loss: 0.6379 | Val Loss: 0.9742 | Acc (clean): 0.8451 | Acc (poison): 0.6944 | Val Acc: 0.7359 | Time: 00:00:12
Epoch 034 | Seed 2001 | Rate 0.20 | Train Loss: 0.5088 | Val Loss: 1.0634 | Acc (clean): 0.8505 | Acc (poison): 0.6980 | Val Acc: 0.7100 | Time: 00:00:11
Epoch 035 | Seed 2001 | Rate 0.20 | Train Loss: 0.4039 | Val Loss: 1.2914 | Acc (clean): 0.8464 | Acc (poison): 0.6933 | Val Acc: 0.6685 | Time: 00:00:12
Epoch 036 | Seed 2001 | Rate 0.20 | Train Loss: 0.4227 | Val Loss: 1.3634 | Acc (clean): 0.8432 | Acc (poison): 0.6898 | Val Acc: 0.6585 | Time: 00:00:11
Epoch 037 | Seed 2001 | Rate 0.20 | Train Loss: 0.4119 | Val Loss: 0.9593 | Acc (clean): 0.8492 | Acc (poison): 0.6956 | Val Acc: 0.7433 | Time: 00:00:11
Epoch 038 | Seed 2001 | Rate 0.20 | Train Loss: 0.3924 | Val Loss: 0.9616 | Acc (clean): 0.8561 | Acc (poison): 0.7002 | Val Acc: 0.7348 | Time: 00:00:12
Epoch 039 | Seed 2001 | Rate 0.20 | Train Loss: 0.4090 | Val Loss: 1.1070 | Acc (clean): 0.8492 | Acc (poison): 0.6955 | Val Acc: 0.7226 | Time: 00:00:12
Epoch 040 | Seed 2001 | Rate 0.20 | Train Loss: 0.3914 | Val Loss: 0.9786 | Acc (clean): 0.8575 | Acc (poison): 0.7021 | Val Acc: 0.7381 | Time: 00:00:12
Epoch 041 | Seed 2001 | Rate 0.20 | Train Loss: 0.3826 | Val Loss: 0.8140 | Acc (clean): 0.8594 | Acc (poison): 0.7027 | Val Acc: 0.7626 | Time: 00:00:12
Epoch 042 | Seed 2001 | Rate 0.20 | Train Loss: 0.3767 | Val Loss: 1.0398 | Acc (clean): 0.8626 | Acc (poison): 0.7060 | Val Acc: 0.7226 | Time: 00:00:12
Epoch 043 | Seed 2001 | Rate 0.20 | Train Loss: 0.3887 | Val Loss: 0.7910 | Acc (clean): 0.8575 | Acc (poison): 0.7005 | Val Acc: 0.7807 | Time: 00:00:12
Epoch 044 | Seed 2001 | Rate 0.20 | Train Loss: 0.3940 | Val Loss: 0.7587 | Acc (clean): 0.8586 | Acc (poison): 0.7019 | Val Acc: 0.7752 | Time: 00:00:12
Epoch 045 | Seed 2001 | Rate 0.20 | Train Loss: 0.3760 | Val Loss: 0.9284 | Acc (clean): 0.8625 | Acc (poison): 0.7049 | Val Acc: 0.7470 | Time: 00:00:12
Epoch 046 | Seed 2001 | Rate 0.20 | Train Loss: 0.3959 | Val Loss: 0.8530 | Acc (clean): 0.8541 | Acc (poison): 0.6990 | Val Acc: 0.7663 | Time: 00:00:12
Epoch 047 | Seed 2001 | Rate 0.20 | Train Loss: 0.3690 | Val Loss: 0.6618 | Acc (clean): 0.8626 | Acc (poison): 0.7077 | Val Acc: 0.7978 | Time: 00:00:12
Epoch 048 | Seed 2001 | Rate 0.20 | Train Loss: 0.3564 | Val Loss: 0.7147 | Acc (clean): 0.8676 | Acc (poison): 0.7100 | Val Acc: 0.7878 | Time: 00:00:12
Epoch 049 | Seed 2001 | Rate 0.20 | Train Loss: 0.3774 | Val Loss: 0.7416 | Acc (clean): 0.8595 | Acc (poison): 0.7035 | Val Acc: 0.7867 | Time: 00:00:12
Epoch 050 | Seed 2001 | Rate 0.20 | Train Loss: 0.3661 | Val Loss: 0.8171 | Acc (clean): 0.8664 | Acc (poison): 0.7101 | Val Acc: 0.7807 | Time: 00:00:12
Epoch 051 | Seed 2001 | Rate 0.20 | Train Loss: 0.2125 | Val Loss: 0.3584 | Acc (clean): 0.9245 | Acc (poison): 0.7575 | Val Acc: 0.8944 | Time: 00:00:12
Epoch 052 | Seed 2001 | Rate 0.20 | Train Loss: 0.1480 | Val Loss: 0.3361 | Acc (clean): 0.9468 | Acc (poison): 0.7776 | Val Acc: 0.9000 | Time: 00:00:12
Epoch 053 | Seed 2001 | Rate 0.20 | Train Loss: 0.1325 | Val Loss: 0.3250 | Acc (clean): 0.9501 | Acc (poison): 0.7835 | Val Acc: 0.9022 | Time: 00:00:12
Epoch 054 | Seed 2001 | Rate 0.20 | Train Loss: 0.1173 | Val Loss: 0.3188 | Acc (clean): 0.9538 | Acc (poison): 0.7882 | Val Acc: 0.9056 | Time: 00:00:12
Epoch 055 | Seed 2001 | Rate 0.20 | Train Loss: 0.1105 | Val Loss: 0.3189 | Acc (clean): 0.9544 | Acc (poison): 0.7885 | Val Acc: 0.9074 | Time: 00:00:12
Epoch 056 | Seed 2001 | Rate 0.20 | Train Loss: 0.1097 | Val Loss: 0.3225 | Acc (clean): 0.9558 | Acc (poison): 0.7915 | Val Acc: 0.9033 | Time: 00:00:12
Epoch 057 | Seed 2001 | Rate 0.20 | Train Loss: 0.1007 | Val Loss: 0.3211 | Acc (clean): 0.9574 | Acc (poison): 0.7945 | Val Acc: 0.9037 | Time: 00:00:12
Epoch 058 | Seed 2001 | Rate 0.20 | Train Loss: 0.0950 | Val Loss: 0.3279 | Acc (clean): 0.9577 | Acc (poison): 0.7972 | Val Acc: 0.9041 | Time: 00:00:12
Epoch 059 | Seed 2001 | Rate 0.20 | Train Loss: 0.0886 | Val Loss: 0.3278 | Acc (clean): 0.9599 | Acc (poison): 0.7988 | Val Acc: 0.9067 | Time: 00:00:12
Epoch 060 | Seed 2001 | Rate 0.20 | Train Loss: 0.0788 | Val Loss: 0.3337 | Acc (clean): 0.9601 | Acc (poison): 0.7993 | Val Acc: 0.9037 | Time: 00:00:12
Epoch 061 | Seed 2001 | Rate 0.20 | Train Loss: 0.0854 | Val Loss: 0.3289 | Acc (clean): 0.9578 | Acc (poison): 0.7993 | Val Acc: 0.9044 | Time: 00:00:12
Epoch 062 | Seed 2001 | Rate 0.20 | Train Loss: 0.0702 | Val Loss: 0.3367 | Acc (clean): 0.9588 | Acc (poison): 0.8019 | Val Acc: 0.9037 | Time: 00:00:12
Epoch 063 | Seed 2001 | Rate 0.20 | Train Loss: 0.0713 | Val Loss: 0.3343 | Acc (clean): 0.9597 | Acc (poison): 0.8033 | Val Acc: 0.9048 | Time: 00:00:11
Epoch 064 | Seed 2001 | Rate 0.20 | Train Loss: 0.0771 | Val Loss: 0.3248 | Acc (clean): 0.9597 | Acc (poison): 0.8041 | Val Acc: 0.9122 | Time: 00:00:12
Epoch 065 | Seed 2001 | Rate 0.20 | Train Loss: 0.0762 | Val Loss: 0.3401 | Acc (clean): 0.9592 | Acc (poison): 0.8044 | Val Acc: 0.9041 | Time: 00:00:12
Epoch 066 | Seed 2001 | Rate 0.20 | Train Loss: 0.0682 | Val Loss: 0.3347 | Acc (clean): 0.9578 | Acc (poison): 0.8068 | Val Acc: 0.9063 | Time: 00:00:12
Epoch 067 | Seed 2001 | Rate 0.20 | Train Loss: 0.0714 | Val Loss: 0.3488 | Acc (clean): 0.9573 | Acc (poison): 0.8081 | Val Acc: 0.9000 | Time: 00:00:11
Epoch 068 | Seed 2001 | Rate 0.20 | Train Loss: 0.0660 | Val Loss: 0.3451 | Acc (clean): 0.9566 | Acc (poison): 0.8093 | Val Acc: 0.9059 | Time: 00:00:12
Epoch 069 | Seed 2001 | Rate 0.20 | Train Loss: 0.0679 | Val Loss: 0.3450 | Acc (clean): 0.9569 | Acc (poison): 0.8098 | Val Acc: 0.9041 | Time: 00:00:12
Epoch 070 | Seed 2001 | Rate 0.20 | Train Loss: 0.0591 | Val Loss: 0.3451 | Acc (clean): 0.9565 | Acc (poison): 0.8102 | Val Acc: 0.9059 | Time: 00:00:12
Epoch 071 | Seed 2001 | Rate 0.20 | Train Loss: 0.0633 | Val Loss: 0.3503 | Acc (clean): 0.9560 | Acc (poison): 0.8100 | Val Acc: 0.9030 | Time: 00:00:12
Epoch 072 | Seed 2001 | Rate 0.20 | Train Loss: 0.0586 | Val Loss: 0.3524 | Acc (clean): 0.9567 | Acc (poison): 0.8122 | Val Acc: 0.9041 | Time: 00:00:12
Epoch 073 | Seed 2001 | Rate 0.20 | Train Loss: 0.0589 | Val Loss: 0.3601 | Acc (clean): 0.9551 | Acc (poison): 0.8131 | Val Acc: 0.9041 | Time: 00:00:12
Epoch 074 | Seed 2001 | Rate 0.20 | Train Loss: 0.0554 | Val Loss: 0.3641 | Acc (clean): 0.9561 | Acc (poison): 0.8143 | Val Acc: 0.9000 | Time: 00:00:12
Epoch 075 | Seed 2001 | Rate 0.20 | Train Loss: 0.0582 | Val Loss: 0.3808 | Acc (clean): 0.9531 | Acc (poison): 0.8135 | Val Acc: 0.8948 | Time: 00:00:12
Epoch 076 | Seed 2001 | Rate 0.20 | Train Loss: 0.0454 | Val Loss: 0.3582 | Acc (clean): 0.9557 | Acc (poison): 0.8170 | Val Acc: 0.9004 | Time: 00:00:12
Epoch 077 | Seed 2001 | Rate 0.20 | Train Loss: 0.0439 | Val Loss: 0.3515 | Acc (clean): 0.9560 | Acc (poison): 0.8174 | Val Acc: 0.9033 | Time: 00:00:12
Epoch 078 | Seed 2001 | Rate 0.20 | Train Loss: 0.0466 | Val Loss: 0.3534 | Acc (clean): 0.9563 | Acc (poison): 0.8182 | Val Acc: 0.9033 | Time: 00:00:12
Epoch 079 | Seed 2001 | Rate 0.20 | Train Loss: 0.0408 | Val Loss: 0.3532 | Acc (clean): 0.9555 | Acc (poison): 0.8177 | Val Acc: 0.9019 | Time: 00:00:11
Epoch 080 | Seed 2001 | Rate 0.20 | Train Loss: 0.0388 | Val Loss: 0.3488 | Acc (clean): 0.9569 | Acc (poison): 0.8184 | Val Acc: 0.9044 | Time: 00:00:12
Epoch 081 | Seed 2001 | Rate 0.20 | Train Loss: 0.0362 | Val Loss: 0.3539 | Acc (clean): 0.9568 | Acc (poison): 0.8188 | Val Acc: 0.9033 | Time: 00:00:12
Epoch 082 | Seed 2001 | Rate 0.20 | Train Loss: 0.0414 | Val Loss: 0.3529 | Acc (clean): 0.9569 | Acc (poison): 0.8194 | Val Acc: 0.9033 | Time: 00:00:12
Epoch 083 | Seed 2001 | Rate 0.20 | Train Loss: 0.0468 | Val Loss: 0.3529 | Acc (clean): 0.9561 | Acc (poison): 0.8181 | Val Acc: 0.9052 | Time: 00:00:12
Epoch 084 | Seed 2001 | Rate 0.20 | Train Loss: 0.0367 | Val Loss: 0.3475 | Acc (clean): 0.9571 | Acc (poison): 0.8189 | Val Acc: 0.9067 | Time: 00:00:12
Epoch 085 | Seed 2001 | Rate 0.20 | Train Loss: 0.0356 | Val Loss: 0.3549 | Acc (clean): 0.9566 | Acc (poison): 0.8202 | Val Acc: 0.9059 | Time: 00:00:12
Epoch 086 | Seed 2001 | Rate 0.20 | Train Loss: 0.0399 | Val Loss: 0.3525 | Acc (clean): 0.9569 | Acc (poison): 0.8200 | Val Acc: 0.9037 | Time: 00:00:12
Epoch 087 | Seed 2001 | Rate 0.20 | Train Loss: 0.0507 | Val Loss: 0.3532 | Acc (clean): 0.9554 | Acc (poison): 0.8195 | Val Acc: 0.9056 | Time: 00:00:12
Epoch 088 | Seed 2001 | Rate 0.20 | Train Loss: 0.0352 | Val Loss: 0.3478 | Acc (clean): 0.9563 | Acc (poison): 0.8198 | Val Acc: 0.9063 | Time: 00:00:12
Epoch 089 | Seed 2001 | Rate 0.20 | Train Loss: 0.0386 | Val Loss: 0.3507 | Acc (clean): 0.9556 | Acc (poison): 0.8204 | Val Acc: 0.9048 | Time: 00:00:12
Epoch 090 | Seed 2001 | Rate 0.20 | Train Loss: 0.0401 | Val Loss: 0.3482 | Acc (clean): 0.9563 | Acc (poison): 0.8198 | Val Acc: 0.9070 | Time: 00:00:12
Epoch 091 | Seed 2001 | Rate 0.20 | Train Loss: 0.0439 | Val Loss: 0.3494 | Acc (clean): 0.9565 | Acc (poison): 0.8218 | Val Acc: 0.9056 | Time: 00:00:12
Epoch 092 | Seed 2001 | Rate 0.20 | Train Loss: 0.0366 | Val Loss: 0.3543 | Acc (clean): 0.9576 | Acc (poison): 0.8208 | Val Acc: 0.9074 | Time: 00:00:12
Epoch 093 | Seed 2001 | Rate 0.20 | Train Loss: 0.0450 | Val Loss: 0.3541 | Acc (clean): 0.9560 | Acc (poison): 0.8214 | Val Acc: 0.9052 | Time: 00:00:12
Epoch 094 | Seed 2001 | Rate 0.20 | Train Loss: 0.0372 | Val Loss: 0.3519 | Acc (clean): 0.9561 | Acc (poison): 0.8207 | Val Acc: 0.9056 | Time: 00:00:13
Epoch 095 | Seed 2001 | Rate 0.20 | Train Loss: 0.0370 | Val Loss: 0.3527 | Acc (clean): 0.9563 | Acc (poison): 0.8207 | Val Acc: 0.9041 | Time: 00:00:13
Epoch 096 | Seed 2001 | Rate 0.20 | Train Loss: 0.0386 | Val Loss: 0.3575 | Acc (clean): 0.9556 | Acc (poison): 0.8207 | Val Acc: 0.9007 | Time: 00:00:12
Epoch 097 | Seed 2001 | Rate 0.20 | Train Loss: 0.0391 | Val Loss: 0.3516 | Acc (clean): 0.9563 | Acc (poison): 0.8214 | Val Acc: 0.9044 | Time: 00:00:12
Epoch 098 | Seed 2001 | Rate 0.20 | Train Loss: 0.0368 | Val Loss: 0.3565 | Acc (clean): 0.9559 | Acc (poison): 0.8209 | Val Acc: 0.9037 | Time: 00:00:12
Epoch 099 | Seed 2001 | Rate 0.20 | Train Loss: 0.0314 | Val Loss: 0.3560 | Acc (clean): 0.9556 | Acc (poison): 0.8220 | Val Acc: 0.9052 | Time: 00:00:12
Epoch 100 | Seed 2001 | Rate 0.20 | Train Loss: 0.0419 | Val Loss: 0.3506 | Acc (clean): 0.9561 | Acc (poison): 0.8217 | Val Acc: 0.9052 | Time: 00:00:13

=== defense=small_loss attack=RQ2 seed=2001 rate=0.01 ===
Loading train data from /home/yazanme/BachelorThesis/BachelorThesis/data/processed/resisc45/train.h5 with mapping /home/yazanme/BachelorThesis/BachelorThesis/data/processed/resisc45/poisoned/RQ2/seed_2001/labels_0.01.pt... (in_memory=True, workers=4)
Testing torch.compile support...
Successfully compiled model using torch.compile.
Epoch 001 | Seed 2001 | Rate 0.01 | Train Loss: 2.9092 | Val Loss: 2.3226 | Acc (clean): 0.2353 | Acc (poison): 0.2345 | Val Acc: 0.3300 | Time: 00:00:16
Epoch 002 | Seed 2001 | Rate 0.01 | Train Loss: 2.0315 | Val Loss: 1.8424 | Acc (clean): 0.4152 | Acc (poison): 0.4124 | Val Acc: 0.4407 | Time: 00:00:12
Epoch 003 | Seed 2001 | Rate 0.01 | Train Loss: 1.6480 | Val Loss: 2.0871 | Acc (clean): 0.5158 | Acc (poison): 0.5116 | Val Acc: 0.4233 | Time: 00:00:12
Epoch 004 | Seed 2001 | Rate 0.01 | Train Loss: 1.4090 | Val Loss: 1.9205 | Acc (clean): 0.5860 | Acc (poison): 0.5812 | Val Acc: 0.4622 | Time: 00:00:12
Epoch 005 | Seed 2001 | Rate 0.01 | Train Loss: 1.2346 | Val Loss: 1.8847 | Acc (clean): 0.6345 | Acc (poison): 0.6294 | Val Acc: 0.4730 | Time: 00:00:12
Epoch 006 | Seed 2001 | Rate 0.01 | Train Loss: 1.0676 | Val Loss: 1.1822 | Acc (clean): 0.6811 | Acc (poison): 0.6753 | Val Acc: 0.6470 | Time: 00:00:18
Epoch 007 | Seed 2001 | Rate 0.01 | Train Loss: 0.9378 | Val Loss: 1.0091 | Acc (clean): 0.7223 | Acc (poison): 0.7170 | Val Acc: 0.6756 | Time: 00:00:23
Epoch 008 | Seed 2001 | Rate 0.01 | Train Loss: 0.8380 | Val Loss: 1.1238 | Acc (clean): 0.7471 | Acc (poison): 0.7410 | Val Acc: 0.6711 | Time: 00:00:12
Epoch 009 | Seed 2001 | Rate 0.01 | Train Loss: 0.7306 | Val Loss: 0.9039 | Acc (clean): 0.7843 | Acc (poison): 0.7773 | Val Acc: 0.7252 | Time: 00:00:23
Epoch 010 | Seed 2001 | Rate 0.01 | Train Loss: 0.6612 | Val Loss: 0.9489 | Acc (clean): 0.8023 | Acc (poison): 0.7951 | Val Acc: 0.7200 | Time: 00:00:12
Epoch 011 | Seed 2001 | Rate 0.01 | Train Loss: 0.6052 | Val Loss: 0.9218 | Acc (clean): 0.8215 | Acc (poison): 0.8142 | Val Acc: 0.7319 | Time: 00:00:12
Epoch 012 | Seed 2001 | Rate 0.01 | Train Loss: 0.5560 | Val Loss: 0.7788 | Acc (clean): 0.8328 | Acc (poison): 0.8256 | Val Acc: 0.7678 | Time: 00:00:12
Epoch 013 | Seed 2001 | Rate 0.01 | Train Loss: 0.5316 | Val Loss: 0.7551 | Acc (clean): 0.8437 | Acc (poison): 0.8364 | Val Acc: 0.7744 | Time: 00:00:12
Epoch 014 | Seed 2001 | Rate 0.01 | Train Loss: 0.4916 | Val Loss: 0.7424 | Acc (clean): 0.8586 | Acc (poison): 0.8513 | Val Acc: 0.7600 | Time: 00:00:12
Epoch 015 | Seed 2001 | Rate 0.01 | Train Loss: 0.4849 | Val Loss: 0.6148 | Acc (clean): 0.8542 | Acc (poison): 0.8470 | Val Acc: 0.8044 | Time: 00:00:12
Epoch 016 | Seed 2001 | Rate 0.01 | Train Loss: 0.4566 | Val Loss: 0.6740 | Acc (clean): 0.8658 | Acc (poison): 0.8585 | Val Acc: 0.7970 | Time: 00:00:12
Epoch 017 | Seed 2001 | Rate 0.01 | Train Loss: 0.4427 | Val Loss: 0.6958 | Acc (clean): 0.8708 | Acc (poison): 0.8634 | Val Acc: 0.7941 | Time: 00:00:11
Epoch 018 | Seed 2001 | Rate 0.01 | Train Loss: 0.4212 | Val Loss: 0.8403 | Acc (clean): 0.8784 | Acc (poison): 0.8714 | Val Acc: 0.7500 | Time: 00:00:11
Epoch 019 | Seed 2001 | Rate 0.01 | Train Loss: 0.4173 | Val Loss: 0.6602 | Acc (clean): 0.8780 | Acc (poison): 0.8706 | Val Acc: 0.7926 | Time: 00:00:12
Epoch 020 | Seed 2001 | Rate 0.01 | Train Loss: 0.3943 | Val Loss: 0.7087 | Acc (clean): 0.8841 | Acc (poison): 0.8766 | Val Acc: 0.7819 | Time: 00:00:12
Epoch 021 | Seed 2001 | Rate 0.01 | Train Loss: 0.3904 | Val Loss: 0.7128 | Acc (clean): 0.8871 | Acc (poison): 0.8806 | Val Acc: 0.7841 | Time: 00:00:12
Epoch 022 | Seed 2001 | Rate 0.01 | Train Loss: 0.3804 | Val Loss: 0.8831 | Acc (clean): 0.8887 | Acc (poison): 0.8819 | Val Acc: 0.7348 | Time: 00:00:12
Epoch 023 | Seed 2001 | Rate 0.01 | Train Loss: 0.3855 | Val Loss: 0.7960 | Acc (clean): 0.8847 | Acc (poison): 0.8783 | Val Acc: 0.7737 | Time: 00:00:11
Epoch 024 | Seed 2001 | Rate 0.01 | Train Loss: 0.3545 | Val Loss: 0.8457 | Acc (clean): 0.8988 | Acc (poison): 0.8924 | Val Acc: 0.7567 | Time: 00:00:12
Epoch 025 | Seed 2001 | Rate 0.01 | Train Loss: 0.3566 | Val Loss: 0.7470 | Acc (clean): 0.8961 | Acc (poison): 0.8895 | Val Acc: 0.7789 | Time: 00:00:12
Epoch 026 | Seed 2001 | Rate 0.01 | Train Loss: 0.3555 | Val Loss: 0.7117 | Acc (clean): 0.8962 | Acc (poison): 0.8897 | Val Acc: 0.7852 | Time: 00:00:12
Epoch 027 | Seed 2001 | Rate 0.01 | Train Loss: 0.3422 | Val Loss: 0.5615 | Acc (clean): 0.9002 | Acc (poison): 0.8933 | Val Acc: 0.8285 | Time: 00:00:12
Epoch 028 | Seed 2001 | Rate 0.01 | Train Loss: 0.3392 | Val Loss: 0.6701 | Acc (clean): 0.9011 | Acc (poison): 0.8949 | Val Acc: 0.8059 | Time: 00:00:12
Epoch 029 | Seed 2001 | Rate 0.01 | Train Loss: 0.3065 | Val Loss: 0.6041 | Acc (clean): 0.8998 | Acc (poison): 0.8933 | Val Acc: 0.8237 | Time: 00:00:12
Epoch 030 | Seed 2001 | Rate 0.01 | Train Loss: 0.3102 | Val Loss: 0.7448 | Acc (clean): 0.8985 | Acc (poison): 0.8911 | Val Acc: 0.7741 | Time: 00:00:12
Epoch 031 | Seed 2001 | Rate 0.01 | Train Loss: 0.2993 | Val Loss: 1.1409 | Acc (clean): 0.9035 | Acc (poison): 0.8970 | Val Acc: 0.7022 | Time: 00:00:11
Epoch 032 | Seed 2001 | Rate 0.01 | Train Loss: 0.2986 | Val Loss: 1.0304 | Acc (clean): 0.8982 | Acc (poison): 0.8920 | Val Acc: 0.7167 | Time: 00:00:12
Epoch 033 | Seed 2001 | Rate 0.01 | Train Loss: 0.2961 | Val Loss: 0.6971 | Acc (clean): 0.9033 | Acc (poison): 0.8965 | Val Acc: 0.7919 | Time: 00:00:12
Epoch 034 | Seed 2001 | Rate 0.01 | Train Loss: 0.2934 | Val Loss: 0.7115 | Acc (clean): 0.9044 | Acc (poison): 0.8976 | Val Acc: 0.7826 | Time: 00:00:12
Epoch 035 | Seed 2001 | Rate 0.01 | Train Loss: 0.2789 | Val Loss: 0.6676 | Acc (clean): 0.9087 | Acc (poison): 0.9022 | Val Acc: 0.8122 | Time: 00:00:12
Epoch 036 | Seed 2001 | Rate 0.01 | Train Loss: 0.2853 | Val Loss: 0.6147 | Acc (clean): 0.9073 | Acc (poison): 0.9005 | Val Acc: 0.8233 | Time: 00:00:12
Epoch 037 | Seed 2001 | Rate 0.01 | Train Loss: 0.2813 | Val Loss: 1.0350 | Acc (clean): 0.9081 | Acc (poison): 0.9022 | Val Acc: 0.7022 | Time: 00:00:11
Epoch 038 | Seed 2001 | Rate 0.01 | Train Loss: 0.2868 | Val Loss: 0.9430 | Acc (clean): 0.9067 | Acc (poison): 0.9004 | Val Acc: 0.7378 | Time: 00:00:12
Epoch 039 | Seed 2001 | Rate 0.01 | Train Loss: 0.2787 | Val Loss: 0.7499 | Acc (clean): 0.9091 | Acc (poison): 0.9027 | Val Acc: 0.7941 | Time: 00:00:11
Epoch 040 | Seed 2001 | Rate 0.01 | Train Loss: 0.2685 | Val Loss: 0.8168 | Acc (clean): 0.9121 | Acc (poison): 0.9068 | Val Acc: 0.7741 | Time: 00:00:12
Epoch 041 | Seed 2001 | Rate 0.01 | Train Loss: 0.2670 | Val Loss: 1.1252 | Acc (clean): 0.9125 | Acc (poison): 0.9065 | Val Acc: 0.6944 | Time: 00:00:12
Epoch 042 | Seed 2001 | Rate 0.01 | Train Loss: 0.2618 | Val Loss: 0.6425 | Acc (clean): 0.9150 | Acc (poison): 0.9080 | Val Acc: 0.8078 | Time: 00:00:12
Epoch 043 | Seed 2001 | Rate 0.01 | Train Loss: 0.2610 | Val Loss: 0.6337 | Acc (clean): 0.9150 | Acc (poison): 0.9083 | Val Acc: 0.8074 | Time: 00:00:12
Epoch 044 | Seed 2001 | Rate 0.01 | Train Loss: 0.2845 | Val Loss: 0.6444 | Acc (clean): 0.9064 | Acc (poison): 0.9001 | Val Acc: 0.8100 | Time: 00:00:11
Epoch 045 | Seed 2001 | Rate 0.01 | Train Loss: 0.2673 | Val Loss: 0.5887 | Acc (clean): 0.9107 | Acc (poison): 0.9052 | Val Acc: 0.8259 | Time: 00:00:12
Epoch 046 | Seed 2001 | Rate 0.01 | Train Loss: 0.2663 | Val Loss: 0.8440 | Acc (clean): 0.9133 | Acc (poison): 0.9070 | Val Acc: 0.7619 | Time: 00:00:12
Epoch 047 | Seed 2001 | Rate 0.01 | Train Loss: 0.2591 | Val Loss: 0.6110 | Acc (clean): 0.9159 | Acc (poison): 0.9101 | Val Acc: 0.8185 | Time: 00:00:12
Epoch 048 | Seed 2001 | Rate 0.01 | Train Loss: 0.2523 | Val Loss: 0.7182 | Acc (clean): 0.9167 | Acc (poison): 0.9104 | Val Acc: 0.7911 | Time: 00:00:12
Epoch 049 | Seed 2001 | Rate 0.01 | Train Loss: 0.2654 | Val Loss: 0.6806 | Acc (clean): 0.9118 | Acc (poison): 0.9067 | Val Acc: 0.8022 | Time: 00:00:12
Epoch 050 | Seed 2001 | Rate 0.01 | Train Loss: 0.2586 | Val Loss: 0.6268 | Acc (clean): 0.9165 | Acc (poison): 0.9103 | Val Acc: 0.8222 | Time: 00:00:12
Epoch 051 | Seed 2001 | Rate 0.01 | Train Loss: 0.1115 | Val Loss: 0.2762 | Acc (clean): 0.9656 | Acc (poison): 0.9601 | Val Acc: 0.9204 | Time: 00:00:12
Epoch 052 | Seed 2001 | Rate 0.01 | Train Loss: 0.0686 | Val Loss: 0.2578 | Acc (clean): 0.9811 | Acc (poison): 0.9765 | Val Acc: 0.9211 | Time: 00:00:12
Epoch 053 | Seed 2001 | Rate 0.01 | Train Loss: 0.0570 | Val Loss: 0.2513 | Acc (clean): 0.9836 | Acc (poison): 0.9803 | Val Acc: 0.9263 | Time: 00:00:12
Epoch 054 | Seed 2001 | Rate 0.01 | Train Loss: 0.0502 | Val Loss: 0.2425 | Acc (clean): 0.9868 | Acc (poison): 0.9826 | Val Acc: 0.9270 | Time: 00:00:12
Epoch 055 | Seed 2001 | Rate 0.01 | Train Loss: 0.0454 | Val Loss: 0.2387 | Acc (clean): 0.9881 | Acc (poison): 0.9849 | Val Acc: 0.9274 | Time: 00:00:12
Epoch 056 | Seed 2001 | Rate 0.01 | Train Loss: 0.0414 | Val Loss: 0.2446 | Acc (clean): 0.9883 | Acc (poison): 0.9861 | Val Acc: 0.9296 | Time: 00:00:12
Epoch 057 | Seed 2001 | Rate 0.01 | Train Loss: 0.0361 | Val Loss: 0.2464 | Acc (clean): 0.9897 | Acc (poison): 0.9877 | Val Acc: 0.9293 | Time: 00:00:12
Epoch 058 | Seed 2001 | Rate 0.01 | Train Loss: 0.0347 | Val Loss: 0.2472 | Acc (clean): 0.9898 | Acc (poison): 0.9883 | Val Acc: 0.9326 | Time: 00:00:11
Epoch 059 | Seed 2001 | Rate 0.01 | Train Loss: 0.0323 | Val Loss: 0.2505 | Acc (clean): 0.9900 | Acc (poison): 0.9885 | Val Acc: 0.9248 | Time: 00:00:11
Epoch 060 | Seed 2001 | Rate 0.01 | Train Loss: 0.0301 | Val Loss: 0.2430 | Acc (clean): 0.9904 | Acc (poison): 0.9900 | Val Acc: 0.9263 | Time: 00:00:12
Epoch 061 | Seed 2001 | Rate 0.01 | Train Loss: 0.0295 | Val Loss: 0.2385 | Acc (clean): 0.9909 | Acc (poison): 0.9896 | Val Acc: 0.9281 | Time: 00:00:12
Epoch 062 | Seed 2001 | Rate 0.01 | Train Loss: 0.0266 | Val Loss: 0.2404 | Acc (clean): 0.9908 | Acc (poison): 0.9905 | Val Acc: 0.9311 | Time: 00:00:12
Epoch 063 | Seed 2001 | Rate 0.01 | Train Loss: 0.0269 | Val Loss: 0.2433 | Acc (clean): 0.9913 | Acc (poison): 0.9921 | Val Acc: 0.9319 | Time: 00:00:12
Epoch 064 | Seed 2001 | Rate 0.01 | Train Loss: 0.0255 | Val Loss: 0.2341 | Acc (clean): 0.9907 | Acc (poison): 0.9914 | Val Acc: 0.9311 | Time: 00:00:12
Epoch 065 | Seed 2001 | Rate 0.01 | Train Loss: 0.0237 | Val Loss: 0.2379 | Acc (clean): 0.9903 | Acc (poison): 0.9916 | Val Acc: 0.9311 | Time: 00:00:12
Epoch 066 | Seed 2001 | Rate 0.01 | Train Loss: 0.0228 | Val Loss: 0.2389 | Acc (clean): 0.9919 | Acc (poison): 0.9929 | Val Acc: 0.9289 | Time: 00:00:12
Epoch 067 | Seed 2001 | Rate 0.01 | Train Loss: 0.0231 | Val Loss: 0.2407 | Acc (clean): 0.9912 | Acc (poison): 0.9928 | Val Acc: 0.9278 | Time: 00:00:12
Epoch 068 | Seed 2001 | Rate 0.01 | Train Loss: 0.0223 | Val Loss: 0.2358 | Acc (clean): 0.9909 | Acc (poison): 0.9929 | Val Acc: 0.9319 | Time: 00:00:12
Epoch 069 | Seed 2001 | Rate 0.01 | Train Loss: 0.0197 | Val Loss: 0.2423 | Acc (clean): 0.9912 | Acc (poison): 0.9936 | Val Acc: 0.9289 | Time: 00:00:12
Epoch 070 | Seed 2001 | Rate 0.01 | Train Loss: 0.0192 | Val Loss: 0.2359 | Acc (clean): 0.9909 | Acc (poison): 0.9934 | Val Acc: 0.9344 | Time: 00:00:12
Epoch 071 | Seed 2001 | Rate 0.01 | Train Loss: 0.0194 | Val Loss: 0.2358 | Acc (clean): 0.9907 | Acc (poison): 0.9937 | Val Acc: 0.9352 | Time: 00:00:11
Epoch 072 | Seed 2001 | Rate 0.01 | Train Loss: 0.0191 | Val Loss: 0.2377 | Acc (clean): 0.9909 | Acc (poison): 0.9938 | Val Acc: 0.9322 | Time: 00:00:12
Epoch 073 | Seed 2001 | Rate 0.01 | Train Loss: 0.0173 | Val Loss: 0.2449 | Acc (clean): 0.9909 | Acc (poison): 0.9947 | Val Acc: 0.9300 | Time: 00:00:12
Epoch 074 | Seed 2001 | Rate 0.01 | Train Loss: 0.0174 | Val Loss: 0.2432 | Acc (clean): 0.9910 | Acc (poison): 0.9941 | Val Acc: 0.9307 | Time: 00:00:12
Epoch 075 | Seed 2001 | Rate 0.01 | Train Loss: 0.0161 | Val Loss: 0.2432 | Acc (clean): 0.9910 | Acc (poison): 0.9952 | Val Acc: 0.9304 | Time: 00:00:11
Epoch 076 | Seed 2001 | Rate 0.01 | Train Loss: 0.0157 | Val Loss: 0.2383 | Acc (clean): 0.9916 | Acc (poison): 0.9954 | Val Acc: 0.9311 | Time: 00:00:11
Epoch 077 | Seed 2001 | Rate 0.01 | Train Loss: 0.0133 | Val Loss: 0.2364 | Acc (clean): 0.9913 | Acc (poison): 0.9952 | Val Acc: 0.9322 | Time: 00:00:11
Epoch 078 | Seed 2001 | Rate 0.01 | Train Loss: 0.0143 | Val Loss: 0.2351 | Acc (clean): 0.9915 | Acc (poison): 0.9956 | Val Acc: 0.9322 | Time: 00:00:12
Epoch 079 | Seed 2001 | Rate 0.01 | Train Loss: 0.0146 | Val Loss: 0.2378 | Acc (clean): 0.9914 | Acc (poison): 0.9953 | Val Acc: 0.9304 | Time: 00:00:12
Epoch 080 | Seed 2001 | Rate 0.01 | Train Loss: 0.0132 | Val Loss: 0.2334 | Acc (clean): 0.9912 | Acc (poison): 0.9959 | Val Acc: 0.9348 | Time: 00:00:12
Epoch 081 | Seed 2001 | Rate 0.01 | Train Loss: 0.0140 | Val Loss: 0.2372 | Acc (clean): 0.9916 | Acc (poison): 0.9959 | Val Acc: 0.9315 | Time: 00:00:11
Epoch 082 | Seed 2001 | Rate 0.01 | Train Loss: 0.0132 | Val Loss: 0.2347 | Acc (clean): 0.9919 | Acc (poison): 0.9959 | Val Acc: 0.9337 | Time: 00:00:11
Epoch 083 | Seed 2001 | Rate 0.01 | Train Loss: 0.0138 | Val Loss: 0.2327 | Acc (clean): 0.9916 | Acc (poison): 0.9953 | Val Acc: 0.9341 | Time: 00:00:12
Epoch 084 | Seed 2001 | Rate 0.01 | Train Loss: 0.0138 | Val Loss: 0.2306 | Acc (clean): 0.9915 | Acc (poison): 0.9955 | Val Acc: 0.9333 | Time: 00:00:12
Epoch 085 | Seed 2001 | Rate 0.01 | Train Loss: 0.0134 | Val Loss: 0.2367 | Acc (clean): 0.9909 | Acc (poison): 0.9961 | Val Acc: 0.9330 | Time: 00:00:12
Epoch 086 | Seed 2001 | Rate 0.01 | Train Loss: 0.0133 | Val Loss: 0.2376 | Acc (clean): 0.9915 | Acc (poison): 0.9957 | Val Acc: 0.9311 | Time: 00:00:11
Epoch 087 | Seed 2001 | Rate 0.01 | Train Loss: 0.0130 | Val Loss: 0.2335 | Acc (clean): 0.9914 | Acc (poison): 0.9961 | Val Acc: 0.9341 | Time: 00:00:12
Epoch 088 | Seed 2001 | Rate 0.01 | Train Loss: 0.0130 | Val Loss: 0.2337 | Acc (clean): 0.9916 | Acc (poison): 0.9959 | Val Acc: 0.9337 | Time: 00:00:12
Epoch 089 | Seed 2001 | Rate 0.01 | Train Loss: 0.0125 | Val Loss: 0.2360 | Acc (clean): 0.9915 | Acc (poison): 0.9963 | Val Acc: 0.9326 | Time: 00:00:11
Epoch 090 | Seed 2001 | Rate 0.01 | Train Loss: 0.0129 | Val Loss: 0.2327 | Acc (clean): 0.9913 | Acc (poison): 0.9961 | Val Acc: 0.9344 | Time: 00:00:12
Epoch 091 | Seed 2001 | Rate 0.01 | Train Loss: 0.0120 | Val Loss: 0.2340 | Acc (clean): 0.9917 | Acc (poison): 0.9965 | Val Acc: 0.9326 | Time: 00:00:11
Epoch 092 | Seed 2001 | Rate 0.01 | Train Loss: 0.0130 | Val Loss: 0.2340 | Acc (clean): 0.9916 | Acc (poison): 0.9957 | Val Acc: 0.9348 | Time: 00:00:12
Epoch 093 | Seed 2001 | Rate 0.01 | Train Loss: 0.0125 | Val Loss: 0.2346 | Acc (clean): 0.9918 | Acc (poison): 0.9965 | Val Acc: 0.9344 | Time: 00:00:11
Epoch 094 | Seed 2001 | Rate 0.01 | Train Loss: 0.0135 | Val Loss: 0.2341 | Acc (clean): 0.9917 | Acc (poison): 0.9960 | Val Acc: 0.9330 | Time: 00:00:12
Epoch 095 | Seed 2001 | Rate 0.01 | Train Loss: 0.0129 | Val Loss: 0.2336 | Acc (clean): 0.9914 | Acc (poison): 0.9958 | Val Acc: 0.9341 | Time: 00:00:12
Epoch 096 | Seed 2001 | Rate 0.01 | Train Loss: 0.0133 | Val Loss: 0.2353 | Acc (clean): 0.9916 | Acc (poison): 0.9963 | Val Acc: 0.9348 | Time: 00:00:12
Epoch 097 | Seed 2001 | Rate 0.01 | Train Loss: 0.0120 | Val Loss: 0.2288 | Acc (clean): 0.9917 | Acc (poison): 0.9963 | Val Acc: 0.9356 | Time: 00:00:12
Epoch 098 | Seed 2001 | Rate 0.01 | Train Loss: 0.0124 | Val Loss: 0.2353 | Acc (clean): 0.9919 | Acc (poison): 0.9961 | Val Acc: 0.9333 | Time: 00:00:12
Epoch 099 | Seed 2001 | Rate 0.01 | Train Loss: 0.0133 | Val Loss: 0.2367 | Acc (clean): 0.9914 | Acc (poison): 0.9960 | Val Acc: 0.9363 | Time: 00:00:12
Epoch 100 | Seed 2001 | Rate 0.01 | Train Loss: 0.0132 | Val Loss: 0.2288 | Acc (clean): 0.9916 | Acc (poison): 0.9961 | Val Acc: 0.9341 | Time: 00:00:12

=== defense=small_loss attack=RQ2 seed=2001 rate=0.02 ===
Loading train data from /home/yazanme/BachelorThesis/BachelorThesis/data/processed/resisc45/train.h5 with mapping /home/yazanme/BachelorThesis/BachelorThesis/data/processed/resisc45/poisoned/RQ2/seed_2001/labels_0.02.pt... (in_memory=True, workers=4)
Testing torch.compile support...
Successfully compiled model using torch.compile.
Epoch 001 | Seed 2001 | Rate 0.02 | Train Loss: 2.7976 | Val Loss: 2.2322 | Acc (clean): 0.2558 | Acc (poison): 0.2547 | Val Acc: 0.3500 | Time: 00:00:13
Epoch 002 | Seed 2001 | Rate 0.02 | Train Loss: 1.9143 | Val Loss: 1.9107 | Acc (clean): 0.4481 | Acc (poison): 0.4428 | Val Acc: 0.4467 | Time: 00:00:13
Epoch 003 | Seed 2001 | Rate 0.02 | Train Loss: 1.5594 | Val Loss: 1.4965 | Acc (clean): 0.5494 | Acc (poison): 0.5420 | Val Acc: 0.5467 | Time: 00:00:12
Epoch 004 | Seed 2001 | Rate 0.02 | Train Loss: 1.3422 | Val Loss: 1.8383 | Acc (clean): 0.6123 | Acc (poison): 0.6036 | Val Acc: 0.4726 | Time: 00:00:12
Epoch 005 | Seed 2001 | Rate 0.02 | Train Loss: 1.1760 | Val Loss: 1.3057 | Acc (clean): 0.6567 | Acc (poison): 0.6477 | Val Acc: 0.6037 | Time: 00:00:13
Epoch 006 | Seed 2001 | Rate 0.02 | Train Loss: 1.0320 | Val Loss: 1.4210 | Acc (clean): 0.6979 | Acc (poison): 0.6883 | Val Acc: 0.5870 | Time: 00:00:12
Epoch 007 | Seed 2001 | Rate 0.02 | Train Loss: 0.8996 | Val Loss: 1.2186 | Acc (clean): 0.7394 | Acc (poison): 0.7282 | Val Acc: 0.6548 | Time: 00:00:12
Epoch 008 | Seed 2001 | Rate 0.02 | Train Loss: 0.8086 | Val Loss: 1.0841 | Acc (clean): 0.7612 | Acc (poison): 0.7498 | Val Acc: 0.6693 | Time: 00:00:12
Epoch 009 | Seed 2001 | Rate 0.02 | Train Loss: 0.7187 | Val Loss: 0.9862 | Acc (clean): 0.7930 | Acc (poison): 0.7804 | Val Acc: 0.6937 | Time: 00:00:12
Epoch 010 | Seed 2001 | Rate 0.02 | Train Loss: 0.6563 | Val Loss: 0.8298 | Acc (clean): 0.8099 | Acc (poison): 0.7977 | Val Acc: 0.7478 | Time: 00:00:13
Epoch 011 | Seed 2001 | Rate 0.02 | Train Loss: 0.6117 | Val Loss: 0.8546 | Acc (clean): 0.8251 | Acc (poison): 0.8119 | Val Acc: 0.7470 | Time: 00:00:12
Epoch 012 | Seed 2001 | Rate 0.02 | Train Loss: 0.5660 | Val Loss: 0.8107 | Acc (clean): 0.8412 | Acc (poison): 0.8273 | Val Acc: 0.7533 | Time: 00:00:12
Epoch 013 | Seed 2001 | Rate 0.02 | Train Loss: 0.5484 | Val Loss: 0.8095 | Acc (clean): 0.8457 | Acc (poison): 0.8324 | Val Acc: 0.7641 | Time: 00:00:12
Epoch 014 | Seed 2001 | Rate 0.02 | Train Loss: 0.5232 | Val Loss: 0.7159 | Acc (clean): 0.8532 | Acc (poison): 0.8403 | Val Acc: 0.7748 | Time: 00:00:12
Epoch 015 | Seed 2001 | Rate 0.02 | Train Loss: 0.5022 | Val Loss: 0.8299 | Acc (clean): 0.8589 | Acc (poison): 0.8460 | Val Acc: 0.7407 | Time: 00:00:12
Epoch 016 | Seed 2001 | Rate 0.02 | Train Loss: 0.4789 | Val Loss: 0.6308 | Acc (clean): 0.8671 | Acc (poison): 0.8536 | Val Acc: 0.8104 | Time: 00:00:12
Epoch 017 | Seed 2001 | Rate 0.02 | Train Loss: 0.4625 | Val Loss: 0.6931 | Acc (clean): 0.8684 | Acc (poison): 0.8549 | Val Acc: 0.7904 | Time: 00:00:12
Epoch 018 | Seed 2001 | Rate 0.02 | Train Loss: 0.4503 | Val Loss: 0.6894 | Acc (clean): 0.8735 | Acc (poison): 0.8602 | Val Acc: 0.7904 | Time: 00:00:11
Epoch 019 | Seed 2001 | Rate 0.02 | Train Loss: 0.4457 | Val Loss: 0.7820 | Acc (clean): 0.8768 | Acc (poison): 0.8638 | Val Acc: 0.7626 | Time: 00:00:12
Epoch 020 | Seed 2001 | Rate 0.02 | Train Loss: 0.4338 | Val Loss: 0.9818 | Acc (clean): 0.8795 | Acc (poison): 0.8670 | Val Acc: 0.7037 | Time: 00:00:12
Epoch 021 | Seed 2001 | Rate 0.02 | Train Loss: 0.4155 | Val Loss: 0.5871 | Acc (clean): 0.8855 | Acc (poison): 0.8720 | Val Acc: 0.8181 | Time: 00:00:12
Epoch 022 | Seed 2001 | Rate 0.02 | Train Loss: 0.4038 | Val Loss: 0.8336 | Acc (clean): 0.8902 | Acc (poison): 0.8768 | Val Acc: 0.7552 | Time: 00:00:12
Epoch 023 | Seed 2001 | Rate 0.02 | Train Loss: 0.4055 | Val Loss: 0.6694 | Acc (clean): 0.8881 | Acc (poison): 0.8756 | Val Acc: 0.8033 | Time: 00:00:12
Epoch 024 | Seed 2001 | Rate 0.02 | Train Loss: 0.3924 | Val Loss: 0.9159 | Acc (clean): 0.8924 | Acc (poison): 0.8791 | Val Acc: 0.7274 | Time: 00:00:12
Epoch 025 | Seed 2001 | Rate 0.02 | Train Loss: 0.3808 | Val Loss: 0.7760 | Acc (clean): 0.8946 | Acc (poison): 0.8816 | Val Acc: 0.7667 | Time: 00:00:12
Epoch 026 | Seed 2001 | Rate 0.02 | Train Loss: 0.3885 | Val Loss: 0.6780 | Acc (clean): 0.8934 | Acc (poison): 0.8798 | Val Acc: 0.8074 | Time: 00:00:11
Epoch 027 | Seed 2001 | Rate 0.02 | Train Loss: 0.3433 | Val Loss: 0.6687 | Acc (clean): 0.8924 | Acc (poison): 0.8806 | Val Acc: 0.8148 | Time: 00:00:12
Epoch 028 | Seed 2001 | Rate 0.02 | Train Loss: 0.3446 | Val Loss: 0.9776 | Acc (clean): 0.8944 | Acc (poison): 0.8820 | Val Acc: 0.7381 | Time: 00:00:12
Epoch 029 | Seed 2001 | Rate 0.02 | Train Loss: 0.3402 | Val Loss: 0.6644 | Acc (clean): 0.8977 | Acc (poison): 0.8859 | Val Acc: 0.8126 | Time: 00:00:12
Epoch 030 | Seed 2001 | Rate 0.02 | Train Loss: 0.3318 | Val Loss: 0.9296 | Acc (clean): 0.8966 | Acc (poison): 0.8842 | Val Acc: 0.7385 | Time: 00:00:12
Epoch 031 | Seed 2001 | Rate 0.02 | Train Loss: 0.3026 | Val Loss: 0.8223 | Acc (clean): 0.8958 | Acc (poison): 0.8833 | Val Acc: 0.7744 | Time: 00:00:12
Epoch 032 | Seed 2001 | Rate 0.02 | Train Loss: 0.2982 | Val Loss: 0.7196 | Acc (clean): 0.9000 | Acc (poison): 0.8874 | Val Acc: 0.7885 | Time: 00:00:12
Epoch 033 | Seed 2001 | Rate 0.02 | Train Loss: 0.3084 | Val Loss: 0.7539 | Acc (clean): 0.8962 | Acc (poison): 0.8849 | Val Acc: 0.7852 | Time: 00:00:12
Epoch 034 | Seed 2001 | Rate 0.02 | Train Loss: 0.3057 | Val Loss: 1.1666 | Acc (clean): 0.8940 | Acc (poison): 0.8817 | Val Acc: 0.6900 | Time: 00:00:12
Epoch 035 | Seed 2001 | Rate 0.02 | Train Loss: 0.2727 | Val Loss: 0.8049 | Acc (clean): 0.8963 | Acc (poison): 0.8841 | Val Acc: 0.7770 | Time: 00:00:12
Epoch 036 | Seed 2001 | Rate 0.02 | Train Loss: 0.2833 | Val Loss: 0.8063 | Acc (clean): 0.8910 | Acc (poison): 0.8794 | Val Acc: 0.7733 | Time: 00:00:12
Epoch 037 | Seed 2001 | Rate 0.02 | Train Loss: 0.2821 | Val Loss: 0.8569 | Acc (clean): 0.8925 | Acc (poison): 0.8802 | Val Acc: 0.7563 | Time: 00:00:11
Epoch 038 | Seed 2001 | Rate 0.02 | Train Loss: 0.2675 | Val Loss: 0.7538 | Acc (clean): 0.8981 | Acc (poison): 0.8864 | Val Acc: 0.7870 | Time: 00:00:12
Epoch 039 | Seed 2001 | Rate 0.02 | Train Loss: 0.2551 | Val Loss: 0.6697 | Acc (clean): 0.9017 | Acc (poison): 0.8902 | Val Acc: 0.8126 | Time: 00:00:12
Epoch 040 | Seed 2001 | Rate 0.02 | Train Loss: 0.2681 | Val Loss: 0.7768 | Acc (clean): 0.8995 | Acc (poison): 0.8874 | Val Acc: 0.7859 | Time: 00:00:12
Epoch 041 | Seed 2001 | Rate 0.02 | Train Loss: 0.2563 | Val Loss: 0.5501 | Acc (clean): 0.9014 | Acc (poison): 0.8900 | Val Acc: 0.8322 | Time: 00:00:14
Epoch 042 | Seed 2001 | Rate 0.02 | Train Loss: 0.2650 | Val Loss: 0.7370 | Acc (clean): 0.9002 | Acc (poison): 0.8878 | Val Acc: 0.7948 | Time: 00:00:12
Epoch 043 | Seed 2001 | Rate 0.02 | Train Loss: 0.2518 | Val Loss: 0.7972 | Acc (clean): 0.9037 | Acc (poison): 0.8916 | Val Acc: 0.7656 | Time: 00:00:12
Epoch 044 | Seed 2001 | Rate 0.02 | Train Loss: 0.2710 | Val Loss: 0.6505 | Acc (clean): 0.8972 | Acc (poison): 0.8860 | Val Acc: 0.8089 | Time: 00:00:12
Epoch 045 | Seed 2001 | Rate 0.02 | Train Loss: 0.2540 | Val Loss: 0.6171 | Acc (clean): 0.9040 | Acc (poison): 0.8916 | Val Acc: 0.8159 | Time: 00:00:12
Epoch 046 | Seed 2001 | Rate 0.02 | Train Loss: 0.2435 | Val Loss: 0.6305 | Acc (clean): 0.9047 | Acc (poison): 0.8937 | Val Acc: 0.8126 | Time: 00:00:12
Epoch 047 | Seed 2001 | Rate 0.02 | Train Loss: 0.2702 | Val Loss: 0.8172 | Acc (clean): 0.8961 | Acc (poison): 0.8853 | Val Acc: 0.7826 | Time: 00:00:12
Epoch 048 | Seed 2001 | Rate 0.02 | Train Loss: 0.2556 | Val Loss: 0.8732 | Acc (clean): 0.9051 | Acc (poison): 0.8921 | Val Acc: 0.7681 | Time: 00:00:12
Epoch 049 | Seed 2001 | Rate 0.02 | Train Loss: 0.2462 | Val Loss: 0.7622 | Acc (clean): 0.9063 | Acc (poison): 0.8944 | Val Acc: 0.7863 | Time: 00:00:12
Epoch 050 | Seed 2001 | Rate 0.02 | Train Loss: 0.2454 | Val Loss: 0.6642 | Acc (clean): 0.9066 | Acc (poison): 0.8949 | Val Acc: 0.8148 | Time: 00:00:12
Epoch 051 | Seed 2001 | Rate 0.02 | Train Loss: 0.1117 | Val Loss: 0.2906 | Acc (clean): 0.9572 | Acc (poison): 0.9459 | Val Acc: 0.9156 | Time: 00:00:13
Epoch 052 | Seed 2001 | Rate 0.02 | Train Loss: 0.0638 | Val Loss: 0.2691 | Acc (clean): 0.9740 | Acc (poison): 0.9631 | Val Acc: 0.9185 | Time: 00:00:12
Epoch 053 | Seed 2001 | Rate 0.02 | Train Loss: 0.0523 | Val Loss: 0.2643 | Acc (clean): 0.9771 | Acc (poison): 0.9682 | Val Acc: 0.9211 | Time: 00:00:12
Epoch 054 | Seed 2001 | Rate 0.02 | Train Loss: 0.0453 | Val Loss: 0.2466 | Acc (clean): 0.9810 | Acc (poison): 0.9709 | Val Acc: 0.9244 | Time: 00:00:12
Epoch 055 | Seed 2001 | Rate 0.02 | Train Loss: 0.0389 | Val Loss: 0.2482 | Acc (clean): 0.9822 | Acc (poison): 0.9737 | Val Acc: 0.9252 | Time: 00:00:12
Epoch 056 | Seed 2001 | Rate 0.02 | Train Loss: 0.0360 | Val Loss: 0.2477 | Acc (clean): 0.9832 | Acc (poison): 0.9749 | Val Acc: 0.9237 | Time: 00:00:12
Epoch 057 | Seed 2001 | Rate 0.02 | Train Loss: 0.0341 | Val Loss: 0.2458 | Acc (clean): 0.9841 | Acc (poison): 0.9759 | Val Acc: 0.9256 | Time: 00:00:12
Epoch 058 | Seed 2001 | Rate 0.02 | Train Loss: 0.0313 | Val Loss: 0.2430 | Acc (clean): 0.9838 | Acc (poison): 0.9768 | Val Acc: 0.9252 | Time: 00:00:12
Epoch 059 | Seed 2001 | Rate 0.02 | Train Loss: 0.0289 | Val Loss: 0.2479 | Acc (clean): 0.9840 | Acc (poison): 0.9772 | Val Acc: 0.9244 | Time: 00:00:12
Epoch 060 | Seed 2001 | Rate 0.02 | Train Loss: 0.0295 | Val Loss: 0.2490 | Acc (clean): 0.9849 | Acc (poison): 0.9788 | Val Acc: 0.9263 | Time: 00:00:12
Epoch 061 | Seed 2001 | Rate 0.02 | Train Loss: 0.0267 | Val Loss: 0.2462 | Acc (clean): 0.9850 | Acc (poison): 0.9796 | Val Acc: 0.9230 | Time: 00:00:12
Epoch 062 | Seed 2001 | Rate 0.02 | Train Loss: 0.0270 | Val Loss: 0.2473 | Acc (clean): 0.9855 | Acc (poison): 0.9799 | Val Acc: 0.9215 | Time: 00:00:12
Epoch 063 | Seed 2001 | Rate 0.02 | Train Loss: 0.0256 | Val Loss: 0.2496 | Acc (clean): 0.9856 | Acc (poison): 0.9807 | Val Acc: 0.9222 | Time: 00:00:12
Epoch 064 | Seed 2001 | Rate 0.02 | Train Loss: 0.0243 | Val Loss: 0.2524 | Acc (clean): 0.9862 | Acc (poison): 0.9811 | Val Acc: 0.9226 | Time: 00:00:12
Epoch 065 | Seed 2001 | Rate 0.02 | Train Loss: 0.0237 | Val Loss: 0.2434 | Acc (clean): 0.9863 | Acc (poison): 0.9814 | Val Acc: 0.9211 | Time: 00:00:12
Epoch 066 | Seed 2001 | Rate 0.02 | Train Loss: 0.0235 | Val Loss: 0.2530 | Acc (clean): 0.9862 | Acc (poison): 0.9823 | Val Acc: 0.9244 | Time: 00:00:11
Epoch 067 | Seed 2001 | Rate 0.02 | Train Loss: 0.0213 | Val Loss: 0.2460 | Acc (clean): 0.9866 | Acc (poison): 0.9823 | Val Acc: 0.9293 | Time: 00:00:12
Epoch 068 | Seed 2001 | Rate 0.02 | Train Loss: 0.0213 | Val Loss: 0.2477 | Acc (clean): 0.9858 | Acc (poison): 0.9818 | Val Acc: 0.9259 | Time: 00:00:12
Epoch 069 | Seed 2001 | Rate 0.02 | Train Loss: 0.0203 | Val Loss: 0.2490 | Acc (clean): 0.9871 | Acc (poison): 0.9836 | Val Acc: 0.9248 | Time: 00:00:11
Epoch 070 | Seed 2001 | Rate 0.02 | Train Loss: 0.0185 | Val Loss: 0.2444 | Acc (clean): 0.9865 | Acc (poison): 0.9835 | Val Acc: 0.9259 | Time: 00:00:12
Epoch 071 | Seed 2001 | Rate 0.02 | Train Loss: 0.0186 | Val Loss: 0.2410 | Acc (clean): 0.9870 | Acc (poison): 0.9838 | Val Acc: 0.9270 | Time: 00:00:12
Epoch 072 | Seed 2001 | Rate 0.02 | Train Loss: 0.0185 | Val Loss: 0.2454 | Acc (clean): 0.9862 | Acc (poison): 0.9832 | Val Acc: 0.9215 | Time: 00:00:12
Epoch 073 | Seed 2001 | Rate 0.02 | Train Loss: 0.0185 | Val Loss: 0.2479 | Acc (clean): 0.9867 | Acc (poison): 0.9841 | Val Acc: 0.9278 | Time: 00:00:12
Epoch 074 | Seed 2001 | Rate 0.02 | Train Loss: 0.0166 | Val Loss: 0.2529 | Acc (clean): 0.9870 | Acc (poison): 0.9845 | Val Acc: 0.9267 | Time: 00:00:12
Epoch 075 | Seed 2001 | Rate 0.02 | Train Loss: 0.0172 | Val Loss: 0.2530 | Acc (clean): 0.9860 | Acc (poison): 0.9847 | Val Acc: 0.9289 | Time: 00:00:12
Epoch 076 | Seed 2001 | Rate 0.02 | Train Loss: 0.0148 | Val Loss: 0.2414 | Acc (clean): 0.9858 | Acc (poison): 0.9845 | Val Acc: 0.9311 | Time: 00:00:12
Epoch 077 | Seed 2001 | Rate 0.02 | Train Loss: 0.0152 | Val Loss: 0.2389 | Acc (clean): 0.9867 | Acc (poison): 0.9850 | Val Acc: 0.9307 | Time: 00:00:12
Epoch 078 | Seed 2001 | Rate 0.02 | Train Loss: 0.0143 | Val Loss: 0.2388 | Acc (clean): 0.9881 | Acc (poison): 0.9858 | Val Acc: 0.9322 | Time: 00:00:13
Epoch 079 | Seed 2001 | Rate 0.02 | Train Loss: 0.0136 | Val Loss: 0.2426 | Acc (clean): 0.9872 | Acc (poison): 0.9859 | Val Acc: 0.9296 | Time: 00:00:12
Epoch 080 | Seed 2001 | Rate 0.02 | Train Loss: 0.0146 | Val Loss: 0.2375 | Acc (clean): 0.9871 | Acc (poison): 0.9859 | Val Acc: 0.9311 | Time: 00:00:13
Epoch 081 | Seed 2001 | Rate 0.02 | Train Loss: 0.0136 | Val Loss: 0.2406 | Acc (clean): 0.9880 | Acc (poison): 0.9861 | Val Acc: 0.9281 | Time: 00:00:12
Epoch 082 | Seed 2001 | Rate 0.02 | Train Loss: 0.0150 | Val Loss: 0.2403 | Acc (clean): 0.9880 | Acc (poison): 0.9861 | Val Acc: 0.9274 | Time: 00:00:12
Epoch 083 | Seed 2001 | Rate 0.02 | Train Loss: 0.0129 | Val Loss: 0.2397 | Acc (clean): 0.9870 | Acc (poison): 0.9862 | Val Acc: 0.9278 | Time: 00:00:12
Epoch 084 | Seed 2001 | Rate 0.02 | Train Loss: 0.0137 | Val Loss: 0.2336 | Acc (clean): 0.9878 | Acc (poison): 0.9860 | Val Acc: 0.9319 | Time: 00:00:13
Epoch 085 | Seed 2001 | Rate 0.02 | Train Loss: 0.0143 | Val Loss: 0.2433 | Acc (clean): 0.9874 | Acc (poison): 0.9857 | Val Acc: 0.9285 | Time: 00:00:12
Epoch 086 | Seed 2001 | Rate 0.02 | Train Loss: 0.0134 | Val Loss: 0.2405 | Acc (clean): 0.9873 | Acc (poison): 0.9861 | Val Acc: 0.9300 | Time: 00:00:12
Epoch 087 | Seed 2001 | Rate 0.02 | Train Loss: 0.0137 | Val Loss: 0.2395 | Acc (clean): 0.9867 | Acc (poison): 0.9856 | Val Acc: 0.9289 | Time: 00:00:12
Epoch 088 | Seed 2001 | Rate 0.02 | Train Loss: 0.0129 | Val Loss: 0.2394 | Acc (clean): 0.9874 | Acc (poison): 0.9859 | Val Acc: 0.9300 | Time: 00:00:12
Epoch 089 | Seed 2001 | Rate 0.02 | Train Loss: 0.0146 | Val Loss: 0.2411 | Acc (clean): 0.9878 | Acc (poison): 0.9858 | Val Acc: 0.9278 | Time: 00:00:12
Epoch 090 | Seed 2001 | Rate 0.02 | Train Loss: 0.0138 | Val Loss: 0.2407 | Acc (clean): 0.9869 | Acc (poison): 0.9863 | Val Acc: 0.9278 | Time: 00:00:12
Epoch 091 | Seed 2001 | Rate 0.02 | Train Loss: 0.0131 | Val Loss: 0.2382 | Acc (clean): 0.9874 | Acc (poison): 0.9865 | Val Acc: 0.9296 | Time: 00:00:12
Epoch 092 | Seed 2001 | Rate 0.02 | Train Loss: 0.0131 | Val Loss: 0.2430 | Acc (clean): 0.9874 | Acc (poison): 0.9867 | Val Acc: 0.9296 | Time: 00:00:12
Epoch 093 | Seed 2001 | Rate 0.02 | Train Loss: 0.0131 | Val Loss: 0.2416 | Acc (clean): 0.9873 | Acc (poison): 0.9862 | Val Acc: 0.9289 | Time: 00:00:12
Epoch 094 | Seed 2001 | Rate 0.02 | Train Loss: 0.0120 | Val Loss: 0.2417 | Acc (clean): 0.9877 | Acc (poison): 0.9867 | Val Acc: 0.9296 | Time: 00:00:12
Epoch 095 | Seed 2001 | Rate 0.02 | Train Loss: 0.0130 | Val Loss: 0.2391 | Acc (clean): 0.9871 | Acc (poison): 0.9864 | Val Acc: 0.9278 | Time: 00:00:12
Epoch 096 | Seed 2001 | Rate 0.02 | Train Loss: 0.0147 | Val Loss: 0.2451 | Acc (clean): 0.9873 | Acc (poison): 0.9860 | Val Acc: 0.9281 | Time: 00:00:12
Epoch 097 | Seed 2001 | Rate 0.02 | Train Loss: 0.0134 | Val Loss: 0.2347 | Acc (clean): 0.9877 | Acc (poison): 0.9870 | Val Acc: 0.9307 | Time: 00:00:12
Epoch 098 | Seed 2001 | Rate 0.02 | Train Loss: 0.0132 | Val Loss: 0.2438 | Acc (clean): 0.9875 | Acc (poison): 0.9864 | Val Acc: 0.9270 | Time: 00:00:12
Epoch 099 | Seed 2001 | Rate 0.02 | Train Loss: 0.0128 | Val Loss: 0.2459 | Acc (clean): 0.9872 | Acc (poison): 0.9860 | Val Acc: 0.9281 | Time: 00:00:12
Epoch 100 | Seed 2001 | Rate 0.02 | Train Loss: 0.0128 | Val Loss: 0.2362 | Acc (clean): 0.9877 | Acc (poison): 0.9865 | Val Acc: 0.9311 | Time: 00:00:12

=== defense=small_loss attack=RQ2 seed=2001 rate=0.05 ===
Loading train data from /home/yazanme/BachelorThesis/BachelorThesis/data/processed/resisc45/train.h5 with mapping /home/yazanme/BachelorThesis/BachelorThesis/data/processed/resisc45/poisoned/RQ2/seed_2001/labels_0.05.pt... (in_memory=True, workers=4)
Testing torch.compile support...
Successfully compiled model using torch.compile.
Epoch 001 | Seed 2001 | Rate 0.05 | Train Loss: 2.8909 | Val Loss: 2.3250 | Acc (clean): 0.2437 | Acc (poison): 0.2381 | Val Acc: 0.3315 | Time: 00:00:13
Epoch 002 | Seed 2001 | Rate 0.05 | Train Loss: 2.0098 | Val Loss: 2.4326 | Acc (clean): 0.4346 | Acc (poison): 0.4210 | Val Acc: 0.3541 | Time: 00:00:12
Epoch 003 | Seed 2001 | Rate 0.05 | Train Loss: 1.6610 | Val Loss: 1.8343 | Acc (clean): 0.5328 | Acc (poison): 0.5135 | Val Acc: 0.4752 | Time: 00:00:13
Epoch 004 | Seed 2001 | Rate 0.05 | Train Loss: 1.4506 | Val Loss: 1.5729 | Acc (clean): 0.5916 | Acc (poison): 0.5702 | Val Acc: 0.5315 | Time: 00:00:12
Epoch 005 | Seed 2001 | Rate 0.05 | Train Loss: 1.3052 | Val Loss: 1.3088 | Acc (clean): 0.6340 | Acc (poison): 0.6103 | Val Acc: 0.6126 | Time: 00:00:13
Epoch 006 | Seed 2001 | Rate 0.05 | Train Loss: 1.1763 | Val Loss: 1.1919 | Acc (clean): 0.6698 | Acc (poison): 0.6448 | Val Acc: 0.6359 | Time: 00:00:13
Epoch 007 | Seed 2001 | Rate 0.05 | Train Loss: 1.0759 | Val Loss: 1.1332 | Acc (clean): 0.7003 | Acc (poison): 0.6727 | Val Acc: 0.6504 | Time: 00:00:12
Epoch 008 | Seed 2001 | Rate 0.05 | Train Loss: 0.9806 | Val Loss: 1.1304 | Acc (clean): 0.7256 | Acc (poison): 0.6972 | Val Acc: 0.6626 | Time: 00:00:12
Epoch 009 | Seed 2001 | Rate 0.05 | Train Loss: 0.8864 | Val Loss: 0.9734 | Acc (clean): 0.7553 | Acc (poison): 0.7254 | Val Acc: 0.7059 | Time: 00:00:12
Epoch 010 | Seed 2001 | Rate 0.05 | Train Loss: 0.8050 | Val Loss: 1.1011 | Acc (clean): 0.7768 | Acc (poison): 0.7457 | Val Acc: 0.6630 | Time: 00:00:12
Epoch 011 | Seed 2001 | Rate 0.05 | Train Loss: 0.7516 | Val Loss: 0.9752 | Acc (clean): 0.7957 | Acc (poison): 0.7644 | Val Acc: 0.7063 | Time: 00:00:12
Epoch 012 | Seed 2001 | Rate 0.05 | Train Loss: 0.6939 | Val Loss: 0.9196 | Acc (clean): 0.8156 | Acc (poison): 0.7828 | Val Acc: 0.7256 | Time: 00:00:12
Epoch 013 | Seed 2001 | Rate 0.05 | Train Loss: 0.6680 | Val Loss: 0.8425 | Acc (clean): 0.8240 | Acc (poison): 0.7907 | Val Acc: 0.7485 | Time: 00:00:12
Epoch 014 | Seed 2001 | Rate 0.05 | Train Loss: 0.6294 | Val Loss: 0.8062 | Acc (clean): 0.8342 | Acc (poison): 0.8012 | Val Acc: 0.7556 | Time: 00:00:12
Epoch 015 | Seed 2001 | Rate 0.05 | Train Loss: 0.6131 | Val Loss: 0.7525 | Acc (clean): 0.8400 | Acc (poison): 0.8071 | Val Acc: 0.7715 | Time: 00:00:12
Epoch 016 | Seed 2001 | Rate 0.05 | Train Loss: 0.5954 | Val Loss: 0.9231 | Acc (clean): 0.8459 | Acc (poison): 0.8113 | Val Acc: 0.7196 | Time: 00:00:12
Epoch 017 | Seed 2001 | Rate 0.05 | Train Loss: 0.5650 | Val Loss: 0.7671 | Acc (clean): 0.8544 | Acc (poison): 0.8216 | Val Acc: 0.7726 | Time: 00:00:12
Epoch 018 | Seed 2001 | Rate 0.05 | Train Loss: 0.5573 | Val Loss: 0.8143 | Acc (clean): 0.8552 | Acc (poison): 0.8213 | Val Acc: 0.7481 | Time: 00:00:12
Epoch 019 | Seed 2001 | Rate 0.05 | Train Loss: 0.5400 | Val Loss: 0.7354 | Acc (clean): 0.8628 | Acc (poison): 0.8298 | Val Acc: 0.7663 | Time: 00:00:12
Epoch 020 | Seed 2001 | Rate 0.05 | Train Loss: 0.5369 | Val Loss: 0.7877 | Acc (clean): 0.8614 | Acc (poison): 0.8298 | Val Acc: 0.7585 | Time: 00:00:12
Epoch 021 | Seed 2001 | Rate 0.05 | Train Loss: 0.5182 | Val Loss: 0.8151 | Acc (clean): 0.8691 | Acc (poison): 0.8365 | Val Acc: 0.7633 | Time: 00:00:11
Epoch 022 | Seed 2001 | Rate 0.05 | Train Loss: 0.5123 | Val Loss: 0.7389 | Acc (clean): 0.8725 | Acc (poison): 0.8395 | Val Acc: 0.7704 | Time: 00:00:12
Epoch 023 | Seed 2001 | Rate 0.05 | Train Loss: 0.4912 | Val Loss: 0.7237 | Acc (clean): 0.8770 | Acc (poison): 0.8440 | Val Acc: 0.7774 | Time: 00:00:12
Epoch 024 | Seed 2001 | Rate 0.05 | Train Loss: 0.4823 | Val Loss: 0.7865 | Acc (clean): 0.8814 | Acc (poison): 0.8500 | Val Acc: 0.7667 | Time: 00:00:12
Epoch 025 | Seed 2001 | Rate 0.05 | Train Loss: 0.4869 | Val Loss: 1.1265 | Acc (clean): 0.8802 | Acc (poison): 0.8468 | Val Acc: 0.6648 | Time: 00:00:12
Epoch 026 | Seed 2001 | Rate 0.05 | Train Loss: 0.4457 | Val Loss: 0.6621 | Acc (clean): 0.8758 | Acc (poison): 0.8451 | Val Acc: 0.7974 | Time: 00:00:12
Epoch 027 | Seed 2001 | Rate 0.05 | Train Loss: 0.4547 | Val Loss: 0.8441 | Acc (clean): 0.8741 | Acc (poison): 0.8406 | Val Acc: 0.7474 | Time: 00:00:12
Epoch 028 | Seed 2001 | Rate 0.05 | Train Loss: 0.4117 | Val Loss: 0.6172 | Acc (clean): 0.8788 | Acc (poison): 0.8485 | Val Acc: 0.8141 | Time: 00:00:12
Epoch 029 | Seed 2001 | Rate 0.05 | Train Loss: 0.3931 | Val Loss: 0.8311 | Acc (clean): 0.8755 | Acc (poison): 0.8446 | Val Acc: 0.7667 | Time: 00:00:12
Epoch 030 | Seed 2001 | Rate 0.05 | Train Loss: 0.3874 | Val Loss: 0.7760 | Acc (clean): 0.8772 | Acc (poison): 0.8465 | Val Acc: 0.7663 | Time: 00:00:12
Epoch 031 | Seed 2001 | Rate 0.05 | Train Loss: 0.3718 | Val Loss: 0.8644 | Acc (clean): 0.8722 | Acc (poison): 0.8430 | Val Acc: 0.7544 | Time: 00:00:12
Epoch 032 | Seed 2001 | Rate 0.05 | Train Loss: 0.3660 | Val Loss: 0.7463 | Acc (clean): 0.8763 | Acc (poison): 0.8440 | Val Acc: 0.7933 | Time: 00:00:12
Epoch 033 | Seed 2001 | Rate 0.05 | Train Loss: 0.3308 | Val Loss: 0.7496 | Acc (clean): 0.8787 | Acc (poison): 0.8459 | Val Acc: 0.7833 | Time: 00:00:12
Epoch 034 | Seed 2001 | Rate 0.05 | Train Loss: 0.3079 | Val Loss: 0.9443 | Acc (clean): 0.8791 | Acc (poison): 0.8469 | Val Acc: 0.7404 | Time: 00:00:12
Epoch 035 | Seed 2001 | Rate 0.05 | Train Loss: 0.3267 | Val Loss: 0.8022 | Acc (clean): 0.8700 | Acc (poison): 0.8399 | Val Acc: 0.7589 | Time: 00:00:12
Epoch 036 | Seed 2001 | Rate 0.05 | Train Loss: 0.3382 | Val Loss: 0.9844 | Acc (clean): 0.8678 | Acc (poison): 0.8367 | Val Acc: 0.7433 | Time: 00:00:12
Epoch 037 | Seed 2001 | Rate 0.05 | Train Loss: 0.2909 | Val Loss: 0.8840 | Acc (clean): 0.8854 | Acc (poison): 0.8542 | Val Acc: 0.7637 | Time: 00:00:12
Epoch 038 | Seed 2001 | Rate 0.05 | Train Loss: 0.3139 | Val Loss: 0.7275 | Acc (clean): 0.8753 | Acc (poison): 0.8439 | Val Acc: 0.7856 | Time: 00:00:12
Epoch 039 | Seed 2001 | Rate 0.05 | Train Loss: 0.2963 | Val Loss: 0.9363 | Acc (clean): 0.8842 | Acc (poison): 0.8521 | Val Acc: 0.7437 | Time: 00:00:12
Epoch 040 | Seed 2001 | Rate 0.05 | Train Loss: 0.3030 | Val Loss: 0.7199 | Acc (clean): 0.8802 | Acc (poison): 0.8493 | Val Acc: 0.7981 | Time: 00:00:12
Epoch 041 | Seed 2001 | Rate 0.05 | Train Loss: 0.3020 | Val Loss: 0.8981 | Acc (clean): 0.8814 | Acc (poison): 0.8515 | Val Acc: 0.7400 | Time: 00:00:12
Epoch 042 | Seed 2001 | Rate 0.05 | Train Loss: 0.2898 | Val Loss: 0.6986 | Acc (clean): 0.8852 | Acc (poison): 0.8537 | Val Acc: 0.7930 | Time: 00:00:12
Epoch 043 | Seed 2001 | Rate 0.05 | Train Loss: 0.2895 | Val Loss: 0.7574 | Acc (clean): 0.8844 | Acc (poison): 0.8540 | Val Acc: 0.7904 | Time: 00:00:12
Epoch 044 | Seed 2001 | Rate 0.05 | Train Loss: 0.2999 | Val Loss: 1.1056 | Acc (clean): 0.8816 | Acc (poison): 0.8512 | Val Acc: 0.7022 | Time: 00:00:12
Epoch 045 | Seed 2001 | Rate 0.05 | Train Loss: 0.2980 | Val Loss: 0.8545 | Acc (clean): 0.8826 | Acc (poison): 0.8519 | Val Acc: 0.7681 | Time: 00:00:12
Epoch 046 | Seed 2001 | Rate 0.05 | Train Loss: 0.2960 | Val Loss: 0.7766 | Acc (clean): 0.8822 | Acc (poison): 0.8514 | Val Acc: 0.7733 | Time: 00:00:12
Epoch 047 | Seed 2001 | Rate 0.05 | Train Loss: 0.2856 | Val Loss: 0.7360 | Acc (clean): 0.8863 | Acc (poison): 0.8568 | Val Acc: 0.7841 | Time: 00:00:12
Epoch 048 | Seed 2001 | Rate 0.05 | Train Loss: 0.2721 | Val Loss: 1.2222 | Acc (clean): 0.8899 | Acc (poison): 0.8602 | Val Acc: 0.6856 | Time: 00:00:12
Epoch 049 | Seed 2001 | Rate 0.05 | Train Loss: 0.2872 | Val Loss: 0.9233 | Acc (clean): 0.8865 | Acc (poison): 0.8559 | Val Acc: 0.7456 | Time: 00:00:12
Epoch 050 | Seed 2001 | Rate 0.05 | Train Loss: 0.2932 | Val Loss: 0.9497 | Acc (clean): 0.8847 | Acc (poison): 0.8540 | Val Acc: 0.7419 | Time: 00:00:12
Epoch 051 | Seed 2001 | Rate 0.05 | Train Loss: 0.1343 | Val Loss: 0.3255 | Acc (clean): 0.9435 | Acc (poison): 0.9126 | Val Acc: 0.8996 | Time: 00:00:13
Epoch 052 | Seed 2001 | Rate 0.05 | Train Loss: 0.0870 | Val Loss: 0.2907 | Acc (clean): 0.9622 | Acc (poison): 0.9328 | Val Acc: 0.9107 | Time: 00:00:13
Epoch 053 | Seed 2001 | Rate 0.05 | Train Loss: 0.0731 | Val Loss: 0.2865 | Acc (clean): 0.9660 | Acc (poison): 0.9392 | Val Acc: 0.9122 | Time: 00:00:13
Epoch 054 | Seed 2001 | Rate 0.05 | Train Loss: 0.0642 | Val Loss: 0.2912 | Acc (clean): 0.9698 | Acc (poison): 0.9425 | Val Acc: 0.9096 | Time: 00:00:12
Epoch 055 | Seed 2001 | Rate 0.05 | Train Loss: 0.0580 | Val Loss: 0.2833 | Acc (clean): 0.9683 | Acc (poison): 0.9451 | Val Acc: 0.9156 | Time: 00:00:13
Epoch 056 | Seed 2001 | Rate 0.05 | Train Loss: 0.0519 | Val Loss: 0.2944 | Acc (clean): 0.9700 | Acc (poison): 0.9481 | Val Acc: 0.9119 | Time: 00:00:12
Epoch 057 | Seed 2001 | Rate 0.05 | Train Loss: 0.0469 | Val Loss: 0.2902 | Acc (clean): 0.9719 | Acc (poison): 0.9509 | Val Acc: 0.9111 | Time: 00:00:12
Epoch 058 | Seed 2001 | Rate 0.05 | Train Loss: 0.0432 | Val Loss: 0.2824 | Acc (clean): 0.9728 | Acc (poison): 0.9519 | Val Acc: 0.9148 | Time: 00:00:12
Epoch 059 | Seed 2001 | Rate 0.05 | Train Loss: 0.0426 | Val Loss: 0.2863 | Acc (clean): 0.9715 | Acc (poison): 0.9529 | Val Acc: 0.9163 | Time: 00:00:12
Epoch 060 | Seed 2001 | Rate 0.05 | Train Loss: 0.0423 | Val Loss: 0.2850 | Acc (clean): 0.9730 | Acc (poison): 0.9546 | Val Acc: 0.9178 | Time: 00:00:12
Epoch 061 | Seed 2001 | Rate 0.05 | Train Loss: 0.0363 | Val Loss: 0.2799 | Acc (clean): 0.9726 | Acc (poison): 0.9556 | Val Acc: 0.9141 | Time: 00:00:12
Epoch 062 | Seed 2001 | Rate 0.05 | Train Loss: 0.0335 | Val Loss: 0.2801 | Acc (clean): 0.9733 | Acc (poison): 0.9561 | Val Acc: 0.9141 | Time: 00:00:12
Epoch 063 | Seed 2001 | Rate 0.05 | Train Loss: 0.0318 | Val Loss: 0.2894 | Acc (clean): 0.9720 | Acc (poison): 0.9583 | Val Acc: 0.9122 | Time: 00:00:12
Epoch 064 | Seed 2001 | Rate 0.05 | Train Loss: 0.0303 | Val Loss: 0.2839 | Acc (clean): 0.9712 | Acc (poison): 0.9579 | Val Acc: 0.9152 | Time: 00:00:12
Epoch 065 | Seed 2001 | Rate 0.05 | Train Loss: 0.0321 | Val Loss: 0.2908 | Acc (clean): 0.9726 | Acc (poison): 0.9589 | Val Acc: 0.9152 | Time: 00:00:12
Epoch 066 | Seed 2001 | Rate 0.05 | Train Loss: 0.0305 | Val Loss: 0.2760 | Acc (clean): 0.9720 | Acc (poison): 0.9604 | Val Acc: 0.9200 | Time: 00:00:12
Epoch 067 | Seed 2001 | Rate 0.05 | Train Loss: 0.0273 | Val Loss: 0.2889 | Acc (clean): 0.9727 | Acc (poison): 0.9608 | Val Acc: 0.9137 | Time: 00:00:12
Epoch 068 | Seed 2001 | Rate 0.05 | Train Loss: 0.0279 | Val Loss: 0.2890 | Acc (clean): 0.9719 | Acc (poison): 0.9620 | Val Acc: 0.9159 | Time: 00:00:11
Epoch 069 | Seed 2001 | Rate 0.05 | Train Loss: 0.0238 | Val Loss: 0.2902 | Acc (clean): 0.9723 | Acc (poison): 0.9630 | Val Acc: 0.9122 | Time: 00:00:12
Epoch 070 | Seed 2001 | Rate 0.05 | Train Loss: 0.0265 | Val Loss: 0.2913 | Acc (clean): 0.9726 | Acc (poison): 0.9622 | Val Acc: 0.9111 | Time: 00:00:12
Epoch 071 | Seed 2001 | Rate 0.05 | Train Loss: 0.0246 | Val Loss: 0.2941 | Acc (clean): 0.9709 | Acc (poison): 0.9628 | Val Acc: 0.9152 | Time: 00:00:12
Epoch 072 | Seed 2001 | Rate 0.05 | Train Loss: 0.0232 | Val Loss: 0.2966 | Acc (clean): 0.9716 | Acc (poison): 0.9637 | Val Acc: 0.9111 | Time: 00:00:12
Epoch 073 | Seed 2001 | Rate 0.05 | Train Loss: 0.0211 | Val Loss: 0.2969 | Acc (clean): 0.9727 | Acc (poison): 0.9647 | Val Acc: 0.9130 | Time: 00:00:12
Epoch 074 | Seed 2001 | Rate 0.05 | Train Loss: 0.0218 | Val Loss: 0.2870 | Acc (clean): 0.9721 | Acc (poison): 0.9647 | Val Acc: 0.9141 | Time: 00:00:12
Epoch 075 | Seed 2001 | Rate 0.05 | Train Loss: 0.0216 | Val Loss: 0.2860 | Acc (clean): 0.9715 | Acc (poison): 0.9648 | Val Acc: 0.9156 | Time: 00:00:12
Epoch 076 | Seed 2001 | Rate 0.05 | Train Loss: 0.0186 | Val Loss: 0.2816 | Acc (clean): 0.9725 | Acc (poison): 0.9657 | Val Acc: 0.9152 | Time: 00:00:12
Epoch 077 | Seed 2001 | Rate 0.05 | Train Loss: 0.0179 | Val Loss: 0.2810 | Acc (clean): 0.9722 | Acc (poison): 0.9668 | Val Acc: 0.9170 | Time: 00:00:12
Epoch 078 | Seed 2001 | Rate 0.05 | Train Loss: 0.0182 | Val Loss: 0.2844 | Acc (clean): 0.9730 | Acc (poison): 0.9671 | Val Acc: 0.9156 | Time: 00:00:12
Epoch 079 | Seed 2001 | Rate 0.05 | Train Loss: 0.0163 | Val Loss: 0.2835 | Acc (clean): 0.9728 | Acc (poison): 0.9670 | Val Acc: 0.9178 | Time: 00:00:12
Epoch 080 | Seed 2001 | Rate 0.05 | Train Loss: 0.0172 | Val Loss: 0.2793 | Acc (clean): 0.9725 | Acc (poison): 0.9667 | Val Acc: 0.9193 | Time: 00:00:12
Epoch 081 | Seed 2001 | Rate 0.05 | Train Loss: 0.0171 | Val Loss: 0.2855 | Acc (clean): 0.9729 | Acc (poison): 0.9675 | Val Acc: 0.9178 | Time: 00:00:12
Epoch 082 | Seed 2001 | Rate 0.05 | Train Loss: 0.0173 | Val Loss: 0.2815 | Acc (clean): 0.9733 | Acc (poison): 0.9680 | Val Acc: 0.9181 | Time: 00:00:12
Epoch 083 | Seed 2001 | Rate 0.05 | Train Loss: 0.0180 | Val Loss: 0.2815 | Acc (clean): 0.9726 | Acc (poison): 0.9679 | Val Acc: 0.9148 | Time: 00:00:12
Epoch 084 | Seed 2001 | Rate 0.05 | Train Loss: 0.0167 | Val Loss: 0.2772 | Acc (clean): 0.9724 | Acc (poison): 0.9679 | Val Acc: 0.9174 | Time: 00:00:12
Epoch 085 | Seed 2001 | Rate 0.05 | Train Loss: 0.0173 | Val Loss: 0.2850 | Acc (clean): 0.9722 | Acc (poison): 0.9668 | Val Acc: 0.9148 | Time: 00:00:12
Epoch 086 | Seed 2001 | Rate 0.05 | Train Loss: 0.0174 | Val Loss: 0.2813 | Acc (clean): 0.9728 | Acc (poison): 0.9684 | Val Acc: 0.9152 | Time: 00:00:11
Epoch 087 | Seed 2001 | Rate 0.05 | Train Loss: 0.0164 | Val Loss: 0.2805 | Acc (clean): 0.9723 | Acc (poison): 0.9679 | Val Acc: 0.9156 | Time: 00:00:12
Epoch 088 | Seed 2001 | Rate 0.05 | Train Loss: 0.0162 | Val Loss: 0.2803 | Acc (clean): 0.9718 | Acc (poison): 0.9678 | Val Acc: 0.9185 | Time: 00:00:12
Epoch 089 | Seed 2001 | Rate 0.05 | Train Loss: 0.0154 | Val Loss: 0.2843 | Acc (clean): 0.9725 | Acc (poison): 0.9681 | Val Acc: 0.9141 | Time: 00:00:12
Epoch 090 | Seed 2001 | Rate 0.05 | Train Loss: 0.0165 | Val Loss: 0.2828 | Acc (clean): 0.9731 | Acc (poison): 0.9676 | Val Acc: 0.9178 | Time: 00:00:12
Epoch 091 | Seed 2001 | Rate 0.05 | Train Loss: 0.0162 | Val Loss: 0.2848 | Acc (clean): 0.9728 | Acc (poison): 0.9681 | Val Acc: 0.9144 | Time: 00:00:12
Epoch 092 | Seed 2001 | Rate 0.05 | Train Loss: 0.0150 | Val Loss: 0.2835 | Acc (clean): 0.9728 | Acc (poison): 0.9683 | Val Acc: 0.9159 | Time: 00:00:12
Epoch 093 | Seed 2001 | Rate 0.05 | Train Loss: 0.0169 | Val Loss: 0.2816 | Acc (clean): 0.9730 | Acc (poison): 0.9678 | Val Acc: 0.9148 | Time: 00:00:12
Epoch 094 | Seed 2001 | Rate 0.05 | Train Loss: 0.0160 | Val Loss: 0.2829 | Acc (clean): 0.9733 | Acc (poison): 0.9682 | Val Acc: 0.9141 | Time: 00:00:12
Epoch 095 | Seed 2001 | Rate 0.05 | Train Loss: 0.0157 | Val Loss: 0.2829 | Acc (clean): 0.9721 | Acc (poison): 0.9676 | Val Acc: 0.9159 | Time: 00:00:12
Epoch 096 | Seed 2001 | Rate 0.05 | Train Loss: 0.0156 | Val Loss: 0.2894 | Acc (clean): 0.9719 | Acc (poison): 0.9683 | Val Acc: 0.9137 | Time: 00:00:12
Epoch 097 | Seed 2001 | Rate 0.05 | Train Loss: 0.0144 | Val Loss: 0.2781 | Acc (clean): 0.9724 | Acc (poison): 0.9686 | Val Acc: 0.9163 | Time: 00:00:12
Epoch 098 | Seed 2001 | Rate 0.05 | Train Loss: 0.0151 | Val Loss: 0.2832 | Acc (clean): 0.9727 | Acc (poison): 0.9684 | Val Acc: 0.9148 | Time: 00:00:12
Epoch 099 | Seed 2001 | Rate 0.05 | Train Loss: 0.0166 | Val Loss: 0.2880 | Acc (clean): 0.9721 | Acc (poison): 0.9681 | Val Acc: 0.9133 | Time: 00:00:12
Epoch 100 | Seed 2001 | Rate 0.05 | Train Loss: 0.0141 | Val Loss: 0.2757 | Acc (clean): 0.9720 | Acc (poison): 0.9687 | Val Acc: 0.9196 | Time: 00:00:12

=== defense=small_loss attack=RQ2 seed=2001 rate=0.1 ===
Loading train data from /home/yazanme/BachelorThesis/BachelorThesis/data/processed/resisc45/train.h5 with mapping /home/yazanme/BachelorThesis/BachelorThesis/data/processed/resisc45/poisoned/RQ2/seed_2001/labels_0.10.pt... (in_memory=True, workers=4)
Testing torch.compile support...
Successfully compiled model using torch.compile.
Epoch 001 | Seed 2001 | Rate 0.10 | Train Loss: 3.1698 | Val Loss: 2.6102 | Acc (clean): 0.1931 | Acc (poison): 0.1873 | Val Acc: 0.2681 | Time: 00:00:13
Epoch 002 | Seed 2001 | Rate 0.10 | Train Loss: 2.2302 | Val Loss: 2.0604 | Acc (clean): 0.3770 | Acc (poison): 0.3592 | Val Acc: 0.3900 | Time: 00:00:12
Epoch 003 | Seed 2001 | Rate 0.10 | Train Loss: 1.8721 | Val Loss: 2.1951 | Acc (clean): 0.4800 | Acc (poison): 0.4509 | Val Acc: 0.3785 | Time: 00:00:12
Epoch 004 | Seed 2001 | Rate 0.10 | Train Loss: 1.6295 | Val Loss: 1.8716 | Acc (clean): 0.5477 | Acc (poison): 0.5119 | Val Acc: 0.4600 | Time: 00:00:12
Epoch 005 | Seed 2001 | Rate 0.10 | Train Loss: 1.4494 | Val Loss: 1.3709 | Acc (clean): 0.5978 | Acc (poison): 0.5586 | Val Acc: 0.5956 | Time: 00:00:13
Epoch 006 | Seed 2001 | Rate 0.10 | Train Loss: 1.3069 | Val Loss: 1.2990 | Acc (clean): 0.6450 | Acc (poison): 0.5981 | Val Acc: 0.6167 | Time: 00:00:13
Epoch 007 | Seed 2001 | Rate 0.10 | Train Loss: 1.1755 | Val Loss: 1.2379 | Acc (clean): 0.6804 | Acc (poison): 0.6317 | Val Acc: 0.6185 | Time: 00:00:12
Epoch 008 | Seed 2001 | Rate 0.10 | Train Loss: 1.0748 | Val Loss: 1.2153 | Acc (clean): 0.7127 | Acc (poison): 0.6607 | Val Acc: 0.6519 | Time: 00:00:12
Epoch 009 | Seed 2001 | Rate 0.10 | Train Loss: 0.9698 | Val Loss: 1.2719 | Acc (clean): 0.7461 | Acc (poison): 0.6903 | Val Acc: 0.6348 | Time: 00:00:11
Epoch 010 | Seed 2001 | Rate 0.10 | Train Loss: 0.8965 | Val Loss: 0.9846 | Acc (clean): 0.7634 | Acc (poison): 0.7056 | Val Acc: 0.7022 | Time: 00:00:13
Epoch 011 | Seed 2001 | Rate 0.10 | Train Loss: 0.8446 | Val Loss: 0.9160 | Acc (clean): 0.7794 | Acc (poison): 0.7193 | Val Acc: 0.7263 | Time: 00:00:13
Epoch 012 | Seed 2001 | Rate 0.10 | Train Loss: 0.7967 | Val Loss: 1.0300 | Acc (clean): 0.7947 | Acc (poison): 0.7348 | Val Acc: 0.6900 | Time: 00:00:12
Epoch 013 | Seed 2001 | Rate 0.10 | Train Loss: 0.7607 | Val Loss: 0.8489 | Acc (clean): 0.8091 | Acc (poison): 0.7473 | Val Acc: 0.7415 | Time: 00:00:13
Epoch 014 | Seed 2001 | Rate 0.10 | Train Loss: 0.7354 | Val Loss: 0.7485 | Acc (clean): 0.8144 | Acc (poison): 0.7543 | Val Acc: 0.7685 | Time: 00:00:14
Epoch 015 | Seed 2001 | Rate 0.10 | Train Loss: 0.7074 | Val Loss: 0.8330 | Acc (clean): 0.8235 | Acc (poison): 0.7613 | Val Acc: 0.7496 | Time: 00:00:12
Epoch 016 | Seed 2001 | Rate 0.10 | Train Loss: 0.6916 | Val Loss: 0.7723 | Acc (clean): 0.8267 | Acc (poison): 0.7659 | Val Acc: 0.7648 | Time: 00:00:12
Epoch 017 | Seed 2001 | Rate 0.10 | Train Loss: 0.6723 | Val Loss: 0.7322 | Acc (clean): 0.8355 | Acc (poison): 0.7725 | Val Acc: 0.7885 | Time: 00:00:12
Epoch 018 | Seed 2001 | Rate 0.10 | Train Loss: 0.6531 | Val Loss: 0.8130 | Acc (clean): 0.8423 | Acc (poison): 0.7795 | Val Acc: 0.7389 | Time: 00:00:11
Epoch 019 | Seed 2001 | Rate 0.10 | Train Loss: 0.6404 | Val Loss: 0.7664 | Acc (clean): 0.8449 | Acc (poison): 0.7824 | Val Acc: 0.7607 | Time: 00:00:12
Epoch 020 | Seed 2001 | Rate 0.10 | Train Loss: 0.6356 | Val Loss: 1.0018 | Acc (clean): 0.8459 | Acc (poison): 0.7840 | Val Acc: 0.6904 | Time: 00:00:12
Epoch 021 | Seed 2001 | Rate 0.10 | Train Loss: 0.6268 | Val Loss: 0.7030 | Acc (clean): 0.8503 | Acc (poison): 0.7869 | Val Acc: 0.7844 | Time: 00:00:13
Epoch 022 | Seed 2001 | Rate 0.10 | Train Loss: 0.6173 | Val Loss: 0.9893 | Acc (clean): 0.8543 | Acc (poison): 0.7901 | Val Acc: 0.6948 | Time: 00:00:12
Epoch 023 | Seed 2001 | Rate 0.10 | Train Loss: 0.5975 | Val Loss: 0.7964 | Acc (clean): 0.8603 | Acc (poison): 0.7967 | Val Acc: 0.7526 | Time: 00:00:11
Epoch 024 | Seed 2001 | Rate 0.10 | Train Loss: 0.5931 | Val Loss: 0.7064 | Acc (clean): 0.8608 | Acc (poison): 0.7977 | Val Acc: 0.7719 | Time: 00:00:12
Epoch 025 | Seed 2001 | Rate 0.10 | Train Loss: 0.5841 | Val Loss: 0.7054 | Acc (clean): 0.8603 | Acc (poison): 0.7995 | Val Acc: 0.7859 | Time: 00:00:12
Epoch 026 | Seed 2001 | Rate 0.10 | Train Loss: 0.5578 | Val Loss: 0.8356 | Acc (clean): 0.8562 | Acc (poison): 0.7947 | Val Acc: 0.7470 | Time: 00:00:12
Epoch 027 | Seed 2001 | Rate 0.10 | Train Loss: 0.5212 | Val Loss: 0.8441 | Acc (clean): 0.8500 | Acc (poison): 0.7905 | Val Acc: 0.7667 | Time: 00:00:12
Epoch 028 | Seed 2001 | Rate 0.10 | Train Loss: 0.4860 | Val Loss: 1.1349 | Acc (clean): 0.8511 | Acc (poison): 0.7913 | Val Acc: 0.7004 | Time: 00:00:12
Epoch 029 | Seed 2001 | Rate 0.10 | Train Loss: 0.4747 | Val Loss: 0.9067 | Acc (clean): 0.8498 | Acc (poison): 0.7910 | Val Acc: 0.7330 | Time: 00:00:12
Epoch 030 | Seed 2001 | Rate 0.10 | Train Loss: 0.4610 | Val Loss: 1.1712 | Acc (clean): 0.8449 | Acc (poison): 0.7863 | Val Acc: 0.6904 | Time: 00:00:12
Epoch 031 | Seed 2001 | Rate 0.10 | Train Loss: 0.4138 | Val Loss: 1.1379 | Acc (clean): 0.8445 | Acc (poison): 0.7900 | Val Acc: 0.6956 | Time: 00:00:12
Epoch 032 | Seed 2001 | Rate 0.10 | Train Loss: 0.4050 | Val Loss: 0.8416 | Acc (clean): 0.8451 | Acc (poison): 0.7844 | Val Acc: 0.7511 | Time: 00:00:12
Epoch 033 | Seed 2001 | Rate 0.10 | Train Loss: 0.3798 | Val Loss: 1.2064 | Acc (clean): 0.8462 | Acc (poison): 0.7877 | Val Acc: 0.6859 | Time: 00:00:12
Epoch 034 | Seed 2001 | Rate 0.10 | Train Loss: 0.3479 | Val Loss: 1.1933 | Acc (clean): 0.8451 | Acc (poison): 0.7817 | Val Acc: 0.7019 | Time: 00:00:12
Epoch 035 | Seed 2001 | Rate 0.10 | Train Loss: 0.3369 | Val Loss: 1.0310 | Acc (clean): 0.8388 | Acc (poison): 0.7791 | Val Acc: 0.7341 | Time: 00:00:12
Epoch 036 | Seed 2001 | Rate 0.10 | Train Loss: 0.3453 | Val Loss: 0.8944 | Acc (clean): 0.8371 | Acc (poison): 0.7779 | Val Acc: 0.7578 | Time: 00:00:12
Epoch 037 | Seed 2001 | Rate 0.10 | Train Loss: 0.3144 | Val Loss: 1.2097 | Acc (clean): 0.8485 | Acc (poison): 0.7876 | Val Acc: 0.6959 | Time: 00:00:12
Epoch 038 | Seed 2001 | Rate 0.10 | Train Loss: 0.3285 | Val Loss: 0.8564 | Acc (clean): 0.8421 | Acc (poison): 0.7816 | Val Acc: 0.7656 | Time: 00:00:12
Epoch 039 | Seed 2001 | Rate 0.10 | Train Loss: 0.3069 | Val Loss: 0.9113 | Acc (clean): 0.8552 | Acc (poison): 0.7925 | Val Acc: 0.7644 | Time: 00:00:12
Epoch 040 | Seed 2001 | Rate 0.10 | Train Loss: 0.3249 | Val Loss: 0.9531 | Acc (clean): 0.8469 | Acc (poison): 0.7860 | Val Acc: 0.7444 | Time: 00:00:12
Epoch 041 | Seed 2001 | Rate 0.10 | Train Loss: 0.3252 | Val Loss: 1.0007 | Acc (clean): 0.8495 | Acc (poison): 0.7885 | Val Acc: 0.7415 | Time: 00:00:12
Epoch 042 | Seed 2001 | Rate 0.10 | Train Loss: 0.3071 | Val Loss: 0.8526 | Acc (clean): 0.8533 | Acc (poison): 0.7922 | Val Acc: 0.7552 | Time: 00:00:12
Epoch 043 | Seed 2001 | Rate 0.10 | Train Loss: 0.3114 | Val Loss: 0.7019 | Acc (clean): 0.8500 | Acc (poison): 0.7895 | Val Acc: 0.7996 | Time: 00:00:12
Epoch 044 | Seed 2001 | Rate 0.10 | Train Loss: 0.3030 | Val Loss: 1.0565 | Acc (clean): 0.8535 | Acc (poison): 0.7937 | Val Acc: 0.7248 | Time: 00:00:11
Epoch 045 | Seed 2001 | Rate 0.10 | Train Loss: 0.3158 | Val Loss: 0.9247 | Acc (clean): 0.8460 | Acc (poison): 0.7872 | Val Acc: 0.7474 | Time: 00:00:12
Epoch 046 | Seed 2001 | Rate 0.10 | Train Loss: 0.3168 | Val Loss: 0.8651 | Acc (clean): 0.8493 | Acc (poison): 0.7884 | Val Acc: 0.7652 | Time: 00:00:12
Epoch 047 | Seed 2001 | Rate 0.10 | Train Loss: 0.3030 | Val Loss: 0.8209 | Acc (clean): 0.8554 | Acc (poison): 0.7943 | Val Acc: 0.7707 | Time: 00:00:11
Epoch 048 | Seed 2001 | Rate 0.10 | Train Loss: 0.3092 | Val Loss: 0.9060 | Acc (clean): 0.8508 | Acc (poison): 0.7900 | Val Acc: 0.7370 | Time: 00:00:12
Epoch 049 | Seed 2001 | Rate 0.10 | Train Loss: 0.2979 | Val Loss: 1.0292 | Acc (clean): 0.8551 | Acc (poison): 0.7942 | Val Acc: 0.7474 | Time: 00:00:12
Epoch 050 | Seed 2001 | Rate 0.10 | Train Loss: 0.2987 | Val Loss: 0.7650 | Acc (clean): 0.8578 | Acc (poison): 0.7954 | Val Acc: 0.7856 | Time: 00:00:12
Epoch 051 | Seed 2001 | Rate 0.10 | Train Loss: 0.1562 | Val Loss: 0.3939 | Acc (clean): 0.9196 | Acc (poison): 0.8549 | Val Acc: 0.8778 | Time: 00:00:12
Epoch 052 | Seed 2001 | Rate 0.10 | Train Loss: 0.1030 | Val Loss: 0.3589 | Acc (clean): 0.9388 | Acc (poison): 0.8725 | Val Acc: 0.8915 | Time: 00:00:12
Epoch 053 | Seed 2001 | Rate 0.10 | Train Loss: 0.0836 | Val Loss: 0.3394 | Acc (clean): 0.9447 | Acc (poison): 0.8814 | Val Acc: 0.8959 | Time: 00:00:12
Epoch 054 | Seed 2001 | Rate 0.10 | Train Loss: 0.0784 | Val Loss: 0.3316 | Acc (clean): 0.9467 | Acc (poison): 0.8846 | Val Acc: 0.8978 | Time: 00:00:12
Epoch 055 | Seed 2001 | Rate 0.10 | Train Loss: 0.0714 | Val Loss: 0.3262 | Acc (clean): 0.9491 | Acc (poison): 0.8881 | Val Acc: 0.8956 | Time: 00:00:13
Epoch 056 | Seed 2001 | Rate 0.10 | Train Loss: 0.0674 | Val Loss: 0.3326 | Acc (clean): 0.9502 | Acc (poison): 0.8907 | Val Acc: 0.8974 | Time: 00:00:11
Epoch 057 | Seed 2001 | Rate 0.10 | Train Loss: 0.0577 | Val Loss: 0.3298 | Acc (clean): 0.9525 | Acc (poison): 0.8955 | Val Acc: 0.9007 | Time: 00:00:11
Epoch 058 | Seed 2001 | Rate 0.10 | Train Loss: 0.0550 | Val Loss: 0.3221 | Acc (clean): 0.9538 | Acc (poison): 0.8947 | Val Acc: 0.9022 | Time: 00:00:12
Epoch 059 | Seed 2001 | Rate 0.10 | Train Loss: 0.0528 | Val Loss: 0.3366 | Acc (clean): 0.9528 | Acc (poison): 0.8981 | Val Acc: 0.9011 | Time: 00:00:12
Epoch 060 | Seed 2001 | Rate 0.10 | Train Loss: 0.0470 | Val Loss: 0.3293 | Acc (clean): 0.9531 | Acc (poison): 0.8997 | Val Acc: 0.9041 | Time: 00:00:12
Epoch 061 | Seed 2001 | Rate 0.10 | Train Loss: 0.0498 | Val Loss: 0.3236 | Acc (clean): 0.9525 | Acc (poison): 0.8990 | Val Acc: 0.9015 | Time: 00:00:12
Epoch 062 | Seed 2001 | Rate 0.10 | Train Loss: 0.0439 | Val Loss: 0.3263 | Acc (clean): 0.9546 | Acc (poison): 0.9028 | Val Acc: 0.9000 | Time: 00:00:12
Epoch 063 | Seed 2001 | Rate 0.10 | Train Loss: 0.0436 | Val Loss: 0.3216 | Acc (clean): 0.9541 | Acc (poison): 0.9060 | Val Acc: 0.9004 | Time: 00:00:12
Epoch 064 | Seed 2001 | Rate 0.10 | Train Loss: 0.0419 | Val Loss: 0.3206 | Acc (clean): 0.9542 | Acc (poison): 0.9056 | Val Acc: 0.9041 | Time: 00:00:12
Epoch 065 | Seed 2001 | Rate 0.10 | Train Loss: 0.0410 | Val Loss: 0.3307 | Acc (clean): 0.9541 | Acc (poison): 0.9054 | Val Acc: 0.8996 | Time: 00:00:12
Epoch 066 | Seed 2001 | Rate 0.10 | Train Loss: 0.0361 | Val Loss: 0.3189 | Acc (clean): 0.9542 | Acc (poison): 0.9079 | Val Acc: 0.9048 | Time: 00:00:13
Epoch 067 | Seed 2001 | Rate 0.10 | Train Loss: 0.0358 | Val Loss: 0.3269 | Acc (clean): 0.9539 | Acc (poison): 0.9098 | Val Acc: 0.9048 | Time: 00:00:12
Epoch 068 | Seed 2001 | Rate 0.10 | Train Loss: 0.0361 | Val Loss: 0.3223 | Acc (clean): 0.9526 | Acc (poison): 0.9104 | Val Acc: 0.9067 | Time: 00:00:12
Epoch 069 | Seed 2001 | Rate 0.10 | Train Loss: 0.0327 | Val Loss: 0.3150 | Acc (clean): 0.9536 | Acc (poison): 0.9110 | Val Acc: 0.9081 | Time: 00:00:12
Epoch 070 | Seed 2001 | Rate 0.10 | Train Loss: 0.0332 | Val Loss: 0.3245 | Acc (clean): 0.9548 | Acc (poison): 0.9125 | Val Acc: 0.9048 | Time: 00:00:12
Epoch 071 | Seed 2001 | Rate 0.10 | Train Loss: 0.0290 | Val Loss: 0.3123 | Acc (clean): 0.9533 | Acc (poison): 0.9136 | Val Acc: 0.9059 | Time: 00:00:12
Epoch 072 | Seed 2001 | Rate 0.10 | Train Loss: 0.0287 | Val Loss: 0.3276 | Acc (clean): 0.9539 | Acc (poison): 0.9135 | Val Acc: 0.9033 | Time: 00:00:12
Epoch 073 | Seed 2001 | Rate 0.10 | Train Loss: 0.0283 | Val Loss: 0.3186 | Acc (clean): 0.9535 | Acc (poison): 0.9142 | Val Acc: 0.9085 | Time: 00:00:12
Epoch 074 | Seed 2001 | Rate 0.10 | Train Loss: 0.0255 | Val Loss: 0.3247 | Acc (clean): 0.9534 | Acc (poison): 0.9159 | Val Acc: 0.9030 | Time: 00:00:12
Epoch 075 | Seed 2001 | Rate 0.10 | Train Loss: 0.0265 | Val Loss: 0.3269 | Acc (clean): 0.9521 | Acc (poison): 0.9153 | Val Acc: 0.9044 | Time: 00:00:12
Epoch 076 | Seed 2001 | Rate 0.10 | Train Loss: 0.0237 | Val Loss: 0.3200 | Acc (clean): 0.9538 | Acc (poison): 0.9191 | Val Acc: 0.9044 | Time: 00:00:12
Epoch 077 | Seed 2001 | Rate 0.10 | Train Loss: 0.0217 | Val Loss: 0.3167 | Acc (clean): 0.9552 | Acc (poison): 0.9202 | Val Acc: 0.9056 | Time: 00:00:12
Epoch 078 | Seed 2001 | Rate 0.10 | Train Loss: 0.0196 | Val Loss: 0.3184 | Acc (clean): 0.9545 | Acc (poison): 0.9195 | Val Acc: 0.9059 | Time: 00:00:12
Epoch 079 | Seed 2001 | Rate 0.10 | Train Loss: 0.0215 | Val Loss: 0.3238 | Acc (clean): 0.9547 | Acc (poison): 0.9205 | Val Acc: 0.9056 | Time: 00:00:12
Epoch 080 | Seed 2001 | Rate 0.10 | Train Loss: 0.0225 | Val Loss: 0.3153 | Acc (clean): 0.9548 | Acc (poison): 0.9203 | Val Acc: 0.9081 | Time: 00:00:12
Epoch 081 | Seed 2001 | Rate 0.10 | Train Loss: 0.0203 | Val Loss: 0.3216 | Acc (clean): 0.9565 | Acc (poison): 0.9211 | Val Acc: 0.9059 | Time: 00:00:12
Epoch 082 | Seed 2001 | Rate 0.10 | Train Loss: 0.0197 | Val Loss: 0.3208 | Acc (clean): 0.9553 | Acc (poison): 0.9207 | Val Acc: 0.9044 | Time: 00:00:12
Epoch 083 | Seed 2001 | Rate 0.10 | Train Loss: 0.0199 | Val Loss: 0.3177 | Acc (clean): 0.9551 | Acc (poison): 0.9202 | Val Acc: 0.9052 | Time: 00:00:12
Epoch 084 | Seed 2001 | Rate 0.10 | Train Loss: 0.0199 | Val Loss: 0.3123 | Acc (clean): 0.9551 | Acc (poison): 0.9217 | Val Acc: 0.9063 | Time: 00:00:12
Epoch 085 | Seed 2001 | Rate 0.10 | Train Loss: 0.0184 | Val Loss: 0.3213 | Acc (clean): 0.9536 | Acc (poison): 0.9203 | Val Acc: 0.9044 | Time: 00:00:12
Epoch 086 | Seed 2001 | Rate 0.10 | Train Loss: 0.0217 | Val Loss: 0.3203 | Acc (clean): 0.9546 | Acc (poison): 0.9208 | Val Acc: 0.9067 | Time: 00:00:12
Epoch 087 | Seed 2001 | Rate 0.10 | Train Loss: 0.0182 | Val Loss: 0.3194 | Acc (clean): 0.9542 | Acc (poison): 0.9219 | Val Acc: 0.9063 | Time: 00:00:12
Epoch 088 | Seed 2001 | Rate 0.10 | Train Loss: 0.0184 | Val Loss: 0.3146 | Acc (clean): 0.9549 | Acc (poison): 0.9215 | Val Acc: 0.9085 | Time: 00:00:12
Epoch 089 | Seed 2001 | Rate 0.10 | Train Loss: 0.0200 | Val Loss: 0.3194 | Acc (clean): 0.9557 | Acc (poison): 0.9211 | Val Acc: 0.9056 | Time: 00:00:12
Epoch 090 | Seed 2001 | Rate 0.10 | Train Loss: 0.0201 | Val Loss: 0.3175 | Acc (clean): 0.9551 | Acc (poison): 0.9212 | Val Acc: 0.9067 | Time: 00:00:12
Epoch 091 | Seed 2001 | Rate 0.10 | Train Loss: 0.0194 | Val Loss: 0.3204 | Acc (clean): 0.9561 | Acc (poison): 0.9218 | Val Acc: 0.9059 | Time: 00:00:12
Epoch 092 | Seed 2001 | Rate 0.10 | Train Loss: 0.0192 | Val Loss: 0.3210 | Acc (clean): 0.9552 | Acc (poison): 0.9216 | Val Acc: 0.9037 | Time: 00:00:12
Epoch 093 | Seed 2001 | Rate 0.10 | Train Loss: 0.0192 | Val Loss: 0.3192 | Acc (clean): 0.9546 | Acc (poison): 0.9216 | Val Acc: 0.9037 | Time: 00:00:12
Epoch 094 | Seed 2001 | Rate 0.10 | Train Loss: 0.0190 | Val Loss: 0.3204 | Acc (clean): 0.9556 | Acc (poison): 0.9222 | Val Acc: 0.9044 | Time: 00:00:12
Epoch 095 | Seed 2001 | Rate 0.10 | Train Loss: 0.0190 | Val Loss: 0.3136 | Acc (clean): 0.9555 | Acc (poison): 0.9224 | Val Acc: 0.9026 | Time: 00:00:12
Epoch 096 | Seed 2001 | Rate 0.10 | Train Loss: 0.0180 | Val Loss: 0.3209 | Acc (clean): 0.9554 | Acc (poison): 0.9221 | Val Acc: 0.9033 | Time: 00:00:12
Epoch 097 | Seed 2001 | Rate 0.10 | Train Loss: 0.0185 | Val Loss: 0.3112 | Acc (clean): 0.9544 | Acc (poison): 0.9233 | Val Acc: 0.9074 | Time: 00:00:12
Epoch 098 | Seed 2001 | Rate 0.10 | Train Loss: 0.0183 | Val Loss: 0.3190 | Acc (clean): 0.9551 | Acc (poison): 0.9214 | Val Acc: 0.9052 | Time: 00:00:12
Epoch 099 | Seed 2001 | Rate 0.10 | Train Loss: 0.0194 | Val Loss: 0.3213 | Acc (clean): 0.9563 | Acc (poison): 0.9216 | Val Acc: 0.9044 | Time: 00:00:12
Epoch 100 | Seed 2001 | Rate 0.10 | Train Loss: 0.0179 | Val Loss: 0.3143 | Acc (clean): 0.9547 | Acc (poison): 0.9230 | Val Acc: 0.9093 | Time: 00:00:12

=== defense=small_loss attack=RQ2 seed=2001 rate=0.2 ===
Loading train data from /home/yazanme/BachelorThesis/BachelorThesis/data/processed/resisc45/train.h5 with mapping /home/yazanme/BachelorThesis/BachelorThesis/data/processed/resisc45/poisoned/RQ2/seed_2001/labels_0.20.pt... (in_memory=True, workers=4)
Testing torch.compile support...
Successfully compiled model using torch.compile.
Epoch 001 | Seed 2001 | Rate 0.20 | Train Loss: 3.0262 | Val Loss: 2.6736 | Acc (clean): 0.2218 | Acc (poison): 0.2134 | Val Acc: 0.2744 | Time: 00:00:13
Epoch 002 | Seed 2001 | Rate 0.20 | Train Loss: 2.1865 | Val Loss: 2.0496 | Acc (clean): 0.3925 | Acc (poison): 0.3594 | Val Acc: 0.3967 | Time: 00:00:13
Epoch 003 | Seed 2001 | Rate 0.20 | Train Loss: 1.8568 | Val Loss: 1.9248 | Acc (clean): 0.4793 | Acc (poison): 0.4333 | Val Acc: 0.4533 | Time: 00:00:12
Epoch 004 | Seed 2001 | Rate 0.20 | Train Loss: 1.6519 | Val Loss: 2.4755 | Acc (clean): 0.5356 | Acc (poison): 0.4776 | Val Acc: 0.3589 | Time: 00:00:12
Epoch 005 | Seed 2001 | Rate 0.20 | Train Loss: 1.4984 | Val Loss: 1.9916 | Acc (clean): 0.5743 | Acc (poison): 0.5098 | Val Acc: 0.4259 | Time: 00:00:12
Epoch 006 | Seed 2001 | Rate 0.20 | Train Loss: 1.3765 | Val Loss: 1.6933 | Acc (clean): 0.6053 | Acc (poison): 0.5370 | Val Acc: 0.5026 | Time: 00:00:12
Epoch 007 | Seed 2001 | Rate 0.20 | Train Loss: 1.2555 | Val Loss: 1.3300 | Acc (clean): 0.6402 | Acc (poison): 0.5635 | Val Acc: 0.5744 | Time: 00:00:12
Epoch 008 | Seed 2001 | Rate 0.20 | Train Loss: 1.1506 | Val Loss: 1.2847 | Acc (clean): 0.6691 | Acc (poison): 0.5893 | Val Acc: 0.6081 | Time: 00:00:12
Epoch 009 | Seed 2001 | Rate 0.20 | Train Loss: 1.0556 | Val Loss: 1.2661 | Acc (clean): 0.7009 | Acc (poison): 0.6141 | Val Acc: 0.6137 | Time: 00:00:12
Epoch 010 | Seed 2001 | Rate 0.20 | Train Loss: 0.9869 | Val Loss: 0.9962 | Acc (clean): 0.7222 | Acc (poison): 0.6285 | Val Acc: 0.6830 | Time: 00:00:12
Epoch 011 | Seed 2001 | Rate 0.20 | Train Loss: 0.9427 | Val Loss: 0.9455 | Acc (clean): 0.7311 | Acc (poison): 0.6392 | Val Acc: 0.6904 | Time: 00:00:13
Epoch 012 | Seed 2001 | Rate 0.20 | Train Loss: 0.8877 | Val Loss: 1.1821 | Acc (clean): 0.7490 | Acc (poison): 0.6538 | Val Acc: 0.6507 | Time: 00:00:11
Epoch 013 | Seed 2001 | Rate 0.20 | Train Loss: 0.8693 | Val Loss: 1.0198 | Acc (clean): 0.7600 | Acc (poison): 0.6610 | Val Acc: 0.7041 | Time: 00:00:12
Epoch 014 | Seed 2001 | Rate 0.20 | Train Loss: 0.8471 | Val Loss: 1.0392 | Acc (clean): 0.7608 | Acc (poison): 0.6651 | Val Acc: 0.6704 | Time: 00:00:12
Epoch 015 | Seed 2001 | Rate 0.20 | Train Loss: 0.8277 | Val Loss: 1.0378 | Acc (clean): 0.7692 | Acc (poison): 0.6707 | Val Acc: 0.6704 | Time: 00:00:12
Epoch 016 | Seed 2001 | Rate 0.20 | Train Loss: 0.8012 | Val Loss: 0.9343 | Acc (clean): 0.7787 | Acc (poison): 0.6819 | Val Acc: 0.6989 | Time: 00:00:13
Epoch 017 | Seed 2001 | Rate 0.20 | Train Loss: 0.7916 | Val Loss: 0.9177 | Acc (clean): 0.7806 | Acc (poison): 0.6817 | Val Acc: 0.7337 | Time: 00:00:13
Epoch 018 | Seed 2001 | Rate 0.20 | Train Loss: 0.7767 | Val Loss: 0.9122 | Acc (clean): 0.7835 | Acc (poison): 0.6868 | Val Acc: 0.7174 | Time: 00:00:13
Epoch 019 | Seed 2001 | Rate 0.20 | Train Loss: 0.7626 | Val Loss: 0.9206 | Acc (clean): 0.7900 | Acc (poison): 0.6920 | Val Acc: 0.6944 | Time: 00:00:12
Epoch 020 | Seed 2001 | Rate 0.20 | Train Loss: 0.7627 | Val Loss: 1.1552 | Acc (clean): 0.7886 | Acc (poison): 0.6891 | Val Acc: 0.6548 | Time: 00:00:12
Epoch 021 | Seed 2001 | Rate 0.20 | Train Loss: 0.7411 | Val Loss: 0.8589 | Acc (clean): 0.7971 | Acc (poison): 0.6960 | Val Acc: 0.7333 | Time: 00:00:13
Epoch 022 | Seed 2001 | Rate 0.20 | Train Loss: 0.7329 | Val Loss: 1.0271 | Acc (clean): 0.7980 | Acc (poison): 0.7029 | Val Acc: 0.6793 | Time: 00:00:12
Epoch 023 | Seed 2001 | Rate 0.20 | Train Loss: 0.7314 | Val Loss: 0.8058 | Acc (clean): 0.8011 | Acc (poison): 0.7030 | Val Acc: 0.7463 | Time: 00:00:12
Epoch 024 | Seed 2001 | Rate 0.20 | Train Loss: 0.7266 | Val Loss: 1.1890 | Acc (clean): 0.7975 | Acc (poison): 0.7012 | Val Acc: 0.6374 | Time: 00:00:12
Epoch 025 | Seed 2001 | Rate 0.20 | Train Loss: 0.7098 | Val Loss: 0.8836 | Acc (clean): 0.8016 | Acc (poison): 0.7064 | Val Acc: 0.7074 | Time: 00:00:12
Epoch 026 | Seed 2001 | Rate 0.20 | Train Loss: 0.6326 | Val Loss: 1.0798 | Acc (clean): 0.7958 | Acc (poison): 0.7036 | Val Acc: 0.6800 | Time: 00:00:11
Epoch 027 | Seed 2001 | Rate 0.20 | Train Loss: 0.6308 | Val Loss: 1.5492 | Acc (clean): 0.7861 | Acc (poison): 0.6897 | Val Acc: 0.6000 | Time: 00:00:12
Epoch 028 | Seed 2001 | Rate 0.20 | Train Loss: 0.5848 | Val Loss: 1.2808 | Acc (clean): 0.7774 | Acc (poison): 0.6879 | Val Acc: 0.6596 | Time: 00:00:12
Epoch 029 | Seed 2001 | Rate 0.20 | Train Loss: 0.5713 | Val Loss: 1.2472 | Acc (clean): 0.7688 | Acc (poison): 0.6808 | Val Acc: 0.6348 | Time: 00:00:12
Epoch 030 | Seed 2001 | Rate 0.20 | Train Loss: 0.5325 | Val Loss: 1.0635 | Acc (clean): 0.7704 | Acc (poison): 0.6779 | Val Acc: 0.6644 | Time: 00:00:12
Epoch 031 | Seed 2001 | Rate 0.20 | Train Loss: 0.5308 | Val Loss: 1.1092 | Acc (clean): 0.7608 | Acc (poison): 0.6666 | Val Acc: 0.6826 | Time: 00:00:11
Epoch 032 | Seed 2001 | Rate 0.20 | Train Loss: 0.4816 | Val Loss: 1.2229 | Acc (clean): 0.7605 | Acc (poison): 0.6676 | Val Acc: 0.6733 | Time: 00:00:12
Epoch 033 | Seed 2001 | Rate 0.20 | Train Loss: 0.4706 | Val Loss: 1.0608 | Acc (clean): 0.7577 | Acc (poison): 0.6645 | Val Acc: 0.6959 | Time: 00:00:12
Epoch 034 | Seed 2001 | Rate 0.20 | Train Loss: 0.4130 | Val Loss: 1.7902 | Acc (clean): 0.7668 | Acc (poison): 0.6680 | Val Acc: 0.6170 | Time: 00:00:11
Epoch 035 | Seed 2001 | Rate 0.20 | Train Loss: 0.3826 | Val Loss: 1.3464 | Acc (clean): 0.7647 | Acc (poison): 0.6600 | Val Acc: 0.6693 | Time: 00:00:12
Epoch 036 | Seed 2001 | Rate 0.20 | Train Loss: 0.3898 | Val Loss: 1.5764 | Acc (clean): 0.7582 | Acc (poison): 0.6580 | Val Acc: 0.6174 | Time: 00:00:12
Epoch 037 | Seed 2001 | Rate 0.20 | Train Loss: 0.3749 | Val Loss: 3.1272 | Acc (clean): 0.7716 | Acc (poison): 0.6632 | Val Acc: 0.5507 | Time: 00:00:12
Epoch 038 | Seed 2001 | Rate 0.20 | Train Loss: 0.3655 | Val Loss: 1.4815 | Acc (clean): 0.7719 | Acc (poison): 0.6664 | Val Acc: 0.6396 | Time: 00:00:12
Epoch 039 | Seed 2001 | Rate 0.20 | Train Loss: 0.3738 | Val Loss: 1.2068 | Acc (clean): 0.7692 | Acc (poison): 0.6664 | Val Acc: 0.7074 | Time: 00:00:12
Epoch 040 | Seed 2001 | Rate 0.20 | Train Loss: 0.3764 | Val Loss: 1.3850 | Acc (clean): 0.7665 | Acc (poison): 0.6632 | Val Acc: 0.6430 | Time: 00:00:12
Epoch 041 | Seed 2001 | Rate 0.20 | Train Loss: 0.3856 | Val Loss: 1.3099 | Acc (clean): 0.7659 | Acc (poison): 0.6625 | Val Acc: 0.6693 | Time: 00:00:12
Epoch 042 | Seed 2001 | Rate 0.20 | Train Loss: 0.3575 | Val Loss: 1.1140 | Acc (clean): 0.7709 | Acc (poison): 0.6700 | Val Acc: 0.7193 | Time: 00:00:12
Epoch 043 | Seed 2001 | Rate 0.20 | Train Loss: 0.3512 | Val Loss: 1.1815 | Acc (clean): 0.7798 | Acc (poison): 0.6740 | Val Acc: 0.6885 | Time: 00:00:12
Epoch 044 | Seed 2001 | Rate 0.20 | Train Loss: 0.3630 | Val Loss: 1.3774 | Acc (clean): 0.7749 | Acc (poison): 0.6696 | Val Acc: 0.6641 | Time: 00:00:11
Epoch 045 | Seed 2001 | Rate 0.20 | Train Loss: 0.3512 | Val Loss: 1.6169 | Acc (clean): 0.7769 | Acc (poison): 0.6724 | Val Acc: 0.6496 | Time: 00:00:12
Epoch 046 | Seed 2001 | Rate 0.20 | Train Loss: 0.3376 | Val Loss: 1.3732 | Acc (clean): 0.7888 | Acc (poison): 0.6794 | Val Acc: 0.6852 | Time: 00:00:12
Epoch 047 | Seed 2001 | Rate 0.20 | Train Loss: 0.3489 | Val Loss: 1.4020 | Acc (clean): 0.7771 | Acc (poison): 0.6770 | Val Acc: 0.6581 | Time: 00:00:12
Epoch 048 | Seed 2001 | Rate 0.20 | Train Loss: 0.3456 | Val Loss: 1.2464 | Acc (clean): 0.7874 | Acc (poison): 0.6768 | Val Acc: 0.6689 | Time: 00:00:12
Epoch 049 | Seed 2001 | Rate 0.20 | Train Loss: 0.3351 | Val Loss: 1.3532 | Acc (clean): 0.7826 | Acc (poison): 0.6798 | Val Acc: 0.6819 | Time: 00:00:12
Epoch 050 | Seed 2001 | Rate 0.20 | Train Loss: 0.3464 | Val Loss: 1.2393 | Acc (clean): 0.7848 | Acc (poison): 0.6772 | Val Acc: 0.6770 | Time: 00:00:12
Epoch 051 | Seed 2001 | Rate 0.20 | Train Loss: 0.1914 | Val Loss: 0.5041 | Acc (clean): 0.8634 | Acc (poison): 0.7394 | Val Acc: 0.8507 | Time: 00:00:13
Epoch 052 | Seed 2001 | Rate 0.20 | Train Loss: 0.1344 | Val Loss: 0.4839 | Acc (clean): 0.8922 | Acc (poison): 0.7612 | Val Acc: 0.8533 | Time: 00:00:12
Epoch 053 | Seed 2001 | Rate 0.20 | Train Loss: 0.1164 | Val Loss: 0.4583 | Acc (clean): 0.8977 | Acc (poison): 0.7719 | Val Acc: 0.8663 | Time: 00:00:12
Epoch 054 | Seed 2001 | Rate 0.20 | Train Loss: 0.1077 | Val Loss: 0.4547 | Acc (clean): 0.9010 | Acc (poison): 0.7765 | Val Acc: 0.8693 | Time: 00:00:12
Epoch 055 | Seed 2001 | Rate 0.20 | Train Loss: 0.0966 | Val Loss: 0.4599 | Acc (clean): 0.9031 | Acc (poison): 0.7784 | Val Acc: 0.8659 | Time: 00:00:12
Epoch 056 | Seed 2001 | Rate 0.20 | Train Loss: 0.0900 | Val Loss: 0.4560 | Acc (clean): 0.9056 | Acc (poison): 0.7818 | Val Acc: 0.8644 | Time: 00:00:12
Epoch 057 | Seed 2001 | Rate 0.20 | Train Loss: 0.0877 | Val Loss: 0.4486 | Acc (clean): 0.9074 | Acc (poison): 0.7857 | Val Acc: 0.8752 | Time: 00:00:12
Epoch 058 | Seed 2001 | Rate 0.20 | Train Loss: 0.0795 | Val Loss: 0.4433 | Acc (clean): 0.9084 | Acc (poison): 0.7894 | Val Acc: 0.8641 | Time: 00:00:12
Epoch 059 | Seed 2001 | Rate 0.20 | Train Loss: 0.0742 | Val Loss: 0.4296 | Acc (clean): 0.9082 | Acc (poison): 0.7923 | Val Acc: 0.8759 | Time: 00:00:12
Epoch 060 | Seed 2001 | Rate 0.20 | Train Loss: 0.0687 | Val Loss: 0.4503 | Acc (clean): 0.9099 | Acc (poison): 0.7953 | Val Acc: 0.8730 | Time: 00:00:12
Epoch 061 | Seed 2001 | Rate 0.20 | Train Loss: 0.0645 | Val Loss: 0.4416 | Acc (clean): 0.9084 | Acc (poison): 0.7960 | Val Acc: 0.8752 | Time: 00:00:12
Epoch 062 | Seed 2001 | Rate 0.20 | Train Loss: 0.0597 | Val Loss: 0.4265 | Acc (clean): 0.9074 | Acc (poison): 0.7988 | Val Acc: 0.8815 | Time: 00:00:12
Epoch 063 | Seed 2001 | Rate 0.20 | Train Loss: 0.0581 | Val Loss: 0.4655 | Acc (clean): 0.9086 | Acc (poison): 0.8009 | Val Acc: 0.8744 | Time: 00:00:12
Epoch 064 | Seed 2001 | Rate 0.20 | Train Loss: 0.0546 | Val Loss: 0.4499 | Acc (clean): 0.9108 | Acc (poison): 0.8032 | Val Acc: 0.8752 | Time: 00:00:12
Epoch 065 | Seed 2001 | Rate 0.20 | Train Loss: 0.0552 | Val Loss: 0.4536 | Acc (clean): 0.9077 | Acc (poison): 0.8066 | Val Acc: 0.8733 | Time: 00:00:12
Epoch 066 | Seed 2001 | Rate 0.20 | Train Loss: 0.0484 | Val Loss: 0.4928 | Acc (clean): 0.9103 | Acc (poison): 0.8064 | Val Acc: 0.8670 | Time: 00:00:12
Epoch 067 | Seed 2001 | Rate 0.20 | Train Loss: 0.0494 | Val Loss: 0.4375 | Acc (clean): 0.9098 | Acc (poison): 0.8090 | Val Acc: 0.8774 | Time: 00:00:12
Epoch 068 | Seed 2001 | Rate 0.20 | Train Loss: 0.0450 | Val Loss: 0.4382 | Acc (clean): 0.9096 | Acc (poison): 0.8110 | Val Acc: 0.8763 | Time: 00:00:12
Epoch 069 | Seed 2001 | Rate 0.20 | Train Loss: 0.0480 | Val Loss: 0.4572 | Acc (clean): 0.9088 | Acc (poison): 0.8092 | Val Acc: 0.8774 | Time: 00:00:12
Epoch 070 | Seed 2001 | Rate 0.20 | Train Loss: 0.0421 | Val Loss: 0.4792 | Acc (clean): 0.9082 | Acc (poison): 0.8114 | Val Acc: 0.8685 | Time: 00:00:12
Epoch 071 | Seed 2001 | Rate 0.20 | Train Loss: 0.0457 | Val Loss: 0.4484 | Acc (clean): 0.9061 | Acc (poison): 0.8125 | Val Acc: 0.8774 | Time: 00:00:12
Epoch 072 | Seed 2001 | Rate 0.20 | Train Loss: 0.0394 | Val Loss: 0.4543 | Acc (clean): 0.9077 | Acc (poison): 0.8158 | Val Acc: 0.8756 | Time: 00:00:11
Epoch 073 | Seed 2001 | Rate 0.20 | Train Loss: 0.0371 | Val Loss: 0.4446 | Acc (clean): 0.9093 | Acc (poison): 0.8156 | Val Acc: 0.8733 | Time: 00:00:12
Epoch 074 | Seed 2001 | Rate 0.20 | Train Loss: 0.0341 | Val Loss: 0.4473 | Acc (clean): 0.9091 | Acc (poison): 0.8185 | Val Acc: 0.8770 | Time: 00:00:12
Epoch 075 | Seed 2001 | Rate 0.20 | Train Loss: 0.0327 | Val Loss: 0.4555 | Acc (clean): 0.9094 | Acc (poison): 0.8182 | Val Acc: 0.8737 | Time: 00:00:12
Epoch 076 | Seed 2001 | Rate 0.20 | Train Loss: 0.0285 | Val Loss: 0.4234 | Acc (clean): 0.9106 | Acc (poison): 0.8236 | Val Acc: 0.8789 | Time: 00:00:13
Epoch 077 | Seed 2001 | Rate 0.20 | Train Loss: 0.0266 | Val Loss: 0.4171 | Acc (clean): 0.9122 | Acc (poison): 0.8258 | Val Acc: 0.8815 | Time: 00:00:12
Epoch 078 | Seed 2001 | Rate 0.20 | Train Loss: 0.0305 | Val Loss: 0.4220 | Acc (clean): 0.9119 | Acc (poison): 0.8258 | Val Acc: 0.8852 | Time: 00:00:12
Epoch 079 | Seed 2001 | Rate 0.20 | Train Loss: 0.0268 | Val Loss: 0.4270 | Acc (clean): 0.9130 | Acc (poison): 0.8250 | Val Acc: 0.8789 | Time: 00:00:12
Epoch 080 | Seed 2001 | Rate 0.20 | Train Loss: 0.0268 | Val Loss: 0.4173 | Acc (clean): 0.9121 | Acc (poison): 0.8265 | Val Acc: 0.8856 | Time: 00:00:12
Epoch 081 | Seed 2001 | Rate 0.20 | Train Loss: 0.0252 | Val Loss: 0.4190 | Acc (clean): 0.9130 | Acc (poison): 0.8268 | Val Acc: 0.8830 | Time: 00:00:12
Epoch 082 | Seed 2001 | Rate 0.20 | Train Loss: 0.0232 | Val Loss: 0.4179 | Acc (clean): 0.9118 | Acc (poison): 0.8279 | Val Acc: 0.8830 | Time: 00:00:12
Epoch 083 | Seed 2001 | Rate 0.20 | Train Loss: 0.0250 | Val Loss: 0.4157 | Acc (clean): 0.9112 | Acc (poison): 0.8260 | Val Acc: 0.8856 | Time: 00:00:12
Epoch 084 | Seed 2001 | Rate 0.20 | Train Loss: 0.0242 | Val Loss: 0.4118 | Acc (clean): 0.9110 | Acc (poison): 0.8295 | Val Acc: 0.8889 | Time: 00:00:12
Epoch 085 | Seed 2001 | Rate 0.20 | Train Loss: 0.0255 | Val Loss: 0.4293 | Acc (clean): 0.9119 | Acc (poison): 0.8285 | Val Acc: 0.8826 | Time: 00:00:12
Epoch 086 | Seed 2001 | Rate 0.20 | Train Loss: 0.0238 | Val Loss: 0.4183 | Acc (clean): 0.9116 | Acc (poison): 0.8286 | Val Acc: 0.8844 | Time: 00:00:12
Epoch 087 | Seed 2001 | Rate 0.20 | Train Loss: 0.0254 | Val Loss: 0.4213 | Acc (clean): 0.9126 | Acc (poison): 0.8283 | Val Acc: 0.8852 | Time: 00:00:12
Epoch 088 | Seed 2001 | Rate 0.20 | Train Loss: 0.0230 | Val Loss: 0.4202 | Acc (clean): 0.9125 | Acc (poison): 0.8291 | Val Acc: 0.8852 | Time: 00:00:12
Epoch 089 | Seed 2001 | Rate 0.20 | Train Loss: 0.0230 | Val Loss: 0.4285 | Acc (clean): 0.9120 | Acc (poison): 0.8292 | Val Acc: 0.8785 | Time: 00:00:12
Epoch 090 | Seed 2001 | Rate 0.20 | Train Loss: 0.0233 | Val Loss: 0.4288 | Acc (clean): 0.9106 | Acc (poison): 0.8298 | Val Acc: 0.8819 | Time: 00:00:12
Epoch 091 | Seed 2001 | Rate 0.20 | Train Loss: 0.0236 | Val Loss: 0.4211 | Acc (clean): 0.9116 | Acc (poison): 0.8299 | Val Acc: 0.8848 | Time: 00:00:12
Epoch 092 | Seed 2001 | Rate 0.20 | Train Loss: 0.0237 | Val Loss: 0.4354 | Acc (clean): 0.9124 | Acc (poison): 0.8303 | Val Acc: 0.8804 | Time: 00:00:12
Epoch 093 | Seed 2001 | Rate 0.20 | Train Loss: 0.0241 | Val Loss: 0.4277 | Acc (clean): 0.9117 | Acc (poison): 0.8304 | Val Acc: 0.8826 | Time: 00:00:12
Epoch 094 | Seed 2001 | Rate 0.20 | Train Loss: 0.0234 | Val Loss: 0.4308 | Acc (clean): 0.9109 | Acc (poison): 0.8309 | Val Acc: 0.8833 | Time: 00:00:12
Epoch 095 | Seed 2001 | Rate 0.20 | Train Loss: 0.0235 | Val Loss: 0.4244 | Acc (clean): 0.9110 | Acc (poison): 0.8299 | Val Acc: 0.8815 | Time: 00:00:12
Epoch 096 | Seed 2001 | Rate 0.20 | Train Loss: 0.0231 | Val Loss: 0.4271 | Acc (clean): 0.9118 | Acc (poison): 0.8308 | Val Acc: 0.8785 | Time: 00:00:12
Epoch 097 | Seed 2001 | Rate 0.20 | Train Loss: 0.0235 | Val Loss: 0.4152 | Acc (clean): 0.9110 | Acc (poison): 0.8310 | Val Acc: 0.8878 | Time: 00:00:12
Epoch 098 | Seed 2001 | Rate 0.20 | Train Loss: 0.0213 | Val Loss: 0.4271 | Acc (clean): 0.9124 | Acc (poison): 0.8317 | Val Acc: 0.8815 | Time: 00:00:12
Epoch 099 | Seed 2001 | Rate 0.20 | Train Loss: 0.0237 | Val Loss: 0.4276 | Acc (clean): 0.9121 | Acc (poison): 0.8312 | Val Acc: 0.8815 | Time: 00:00:12
Epoch 100 | Seed 2001 | Rate 0.20 | Train Loss: 0.0246 | Val Loss: 0.4220 | Acc (clean): 0.9116 | Acc (poison): 0.8319 | Val Acc: 0.8833 | Time: 00:00:12

Endzeit: 2026-08-09 16:30:33 CEST
Laufzeit: 04:00:57
Exit-Code: 0

Abgeschlossene Laeufe fuer Seed 2001 (erwartet: 11):
/home/yazanme/BachelorThesis/BachelorThesis/experiments/RQ3/small_loss/resnet18/clean/seed_2001/rate_0.0
/home/yazanme/BachelorThesis/BachelorThesis/experiments/RQ3/small_loss/resnet18/RQ1/seed_2001/rate_0.01
/home/yazanme/BachelorThesis/BachelorThesis/experiments/RQ3/small_loss/resnet18/RQ1/seed_2001/rate_0.02
/home/yazanme/BachelorThesis/BachelorThesis/experiments/RQ3/small_loss/resnet18/RQ1/seed_2001/rate_0.05
/home/yazanme/BachelorThesis/BachelorThesis/experiments/RQ3/small_loss/resnet18/RQ1/seed_2001/rate_0.1
/home/yazanme/BachelorThesis/BachelorThesis/experiments/RQ3/small_loss/resnet18/RQ1/seed_2001/rate_0.2
/home/yazanme/BachelorThesis/BachelorThesis/experiments/RQ3/small_loss/resnet18/RQ2/seed_2001/rate_0.01
/home/yazanme/BachelorThesis/BachelorThesis/experiments/RQ3/small_loss/resnet18/RQ2/seed_2001/rate_0.02
/home/yazanme/BachelorThesis/BachelorThesis/experiments/RQ3/small_loss/resnet18/RQ2/seed_2001/rate_0.05
/home/yazanme/BachelorThesis/BachelorThesis/experiments/RQ3/small_loss/resnet18/RQ2/seed_2001/rate_0.1
/home/yazanme/BachelorThesis/BachelorThesis/experiments/RQ3/small_loss/resnet18/RQ2/seed_2001/rate_0.2
Anzahl: 11

clean/summary_metrics.csv:
seed,rate,accuracy,precision,recall,f1
42,0.0,0.944,0.9444393571333212,0.944,0.9439198337109664
2001,0.0,0.9497777777777778,0.9504752168029894,0.9497777777777778,0.9498571781846834
2026,0.0,0.944,0.944769708564585,0.9440000000000003,0.9440048752174903

RQ1/summary_metrics.csv:
seed,rate,accuracy,precision,recall,f1
42,0.01,0.9386666666666666,0.9392217982027136,0.9386666666666668,0.938574333958764
42,0.02,0.9448888888888888,0.9455118023946946,0.9448888888888888,0.9448491335641236
42,0.05,0.9288888888888888,0.9298573244355264,0.928888888888889,0.9288250479055672
42,0.1,0.9275555555555556,0.9279269970284884,0.9275555555555558,0.9273862089325308
42,0.2,0.9113333333333332,0.9121302157564524,0.9113333333333334,0.9111558265032356
2001,0.01,0.9366666666666666,0.937490851333897,0.9366666666666666,0.936731639095152
2026,0.01,0.9413333333333334,0.9416900028790576,0.9413333333333334,0.9412161331832726
2001,0.02,0.936,0.9368874966697182,0.936,0.9360089583064558
2026,0.02,0.9388888888888888,0.939396873170916,0.938888888888889,0.9388982636622926
2001,0.05,0.9275555555555556,0.9288698344544328,0.9275555555555552,0.9275899306070842
2026,0.05,0.9271111111111112,0.9284888830636716,0.9271111111111112,0.9272101654373818
2001,0.1,0.9211111111111112,0.9221322221757228,0.9211111111111112,0.9210702692782328
2026,0.1,0.9177777777777778,0.919381926365024,0.917777777777778,0.9179812558718736
2001,0.2,0.9071111111111112,0.908864896814474,0.9071111111111112,0.907108317403908
2026,0.2,0.9115555555555556,0.9118845945900999,0.9115555555555555,0.9112213174891516

RQ2/summary_metrics.csv:
seed,rate,accuracy,precision,recall,f1
42,0.01,0.9368888888888888,0.9378740567235576,0.9368888888888888,0.9369866565009553
42,0.02,0.9351111111111112,0.9356847535272894,0.9351111111111112,0.9349575915134172
42,0.05,0.9228888888888888,0.9237824517030662,0.9228888888888888,0.922928975324442
42,0.1,0.914,0.915272782366082,0.914,0.9140824877850052
42,0.2,0.8822222222222222,0.8844949686734555,0.8822222222222222,0.882080583236998
2001,0.01,0.9382222222222222,0.938640503137766,0.9382222222222222,0.938101358713762
2026,0.01,0.934,0.9349926623601352,0.934,0.9340345695021418
2001,0.02,0.9337777777777778,0.9345132361749184,0.9337777777777776,0.9337666847915896
2026,0.02,0.9348888888888888,0.93567569262863,0.9348888888888888,0.9349670452588248
2001,0.05,0.9255555555555556,0.926380226837048,0.9255555555555556,0.9255894927146128
2026,0.05,0.9248888888888888,0.9252770717262327,0.924888888888889,0.9246448695716962
2001,0.1,0.9104444444444444,0.912155282596199,0.9104444444444444,0.9104823287582356
2026,0.1,0.9122222222222224,0.913604148409877,0.912222222222222,0.9121316660072446
2001,0.2,0.888,0.8893201587064924,0.888,0.8875436206462698
