=========================================
1. SLURM ALLOKATIONS-INFO
=========================================
Job ID: 5186 (Array 5185, Task 0)
Job Name: rq3_small_loss_resnet18
Ausfuehrender Node: gpu01
Zugewiesene CPUs: 6
Zugewiesener Speicher: 32768 MB
Zugewiesene GPUs: 3
Zugewiesene GPUs ueber CUDA: 0
0, NVIDIA L40S, 46068 MiB, 535.309.01

Zeitzonen-Check -> Node-Uhr (UTC): 2026-08-09 07:25:22 UTC
Zeitzonen-Check -> korrigiert    : 2026-08-09 09:25:22 CEST

Python: /home/yazanme/miniforge3/envs/venv/bin/python
Version: Python 3.12.13

Preflight ok: RQ2-Labels mit 16 Paaren / 32 angegriffenen Klassen.
Modell:           resnet18
Verteidigung:     small_loss
Seed:             42
Trainings-Config: /home/yazanme/BachelorThesis/BachelorThesis/src/yaml/rq3/rq3_train_resnet18.yaml
Daten-Config:     /home/yazanme/BachelorThesis/BachelorThesis/src/implementation/data_preparation/config.yaml
Ausgabe:          /home/yazanme/BachelorThesis/BachelorThesis/experiments/RQ3/small_loss/resnet18/{clean,RQ1,RQ2}
Preflight ok: 3 HDF5-Splits + 10 Label-Tensoren (RQ1+RQ2) fuer Seed 42.
Erwartet: 1 clean + 2 Angriffe x 5 Raten = 11 Laeufe (~4.6 h).

Startzeit: 2026-08-09 09:25:23 CEST

Starting main script...
Config: /home/yazanme/BachelorThesis/BachelorThesis/src/yaml/rq3/rq3_train_resnet18.yaml
Experiment: rq=RQ3 model=resnet18 rates=[0.0, 0.01, 0.02, 0.05, 0.1, 0.2]
Defense: small_loss | Seeds: [42] | Attacks: ['clean', 'RQ1', 'RQ2']
Set float32 matmul precision to: high
Initializing PyTorch and checking CUDA...
Set cudnn.benchmark to: True
Using device: cuda
Initializing base loaders...
Loading validation data from /home/yazanme/BachelorThesis/BachelorThesis/data/processed/resisc45/val.h5... (in_memory=True, workers=4)
Loading test data from /home/yazanme/BachelorThesis/BachelorThesis/data/processed/resisc45/test.h5... (in_memory=True, workers=4)
Starting experiment run...

=== defense=small_loss attack=clean seed=42 rate=0.0 ===
Loading train data from /home/yazanme/BachelorThesis/BachelorThesis/data/processed/resisc45/train.h5... (in_memory=True, workers=4)
Testing torch.compile support...
Successfully compiled model using torch.compile.
Epoch 001 | Seed 42 | Rate 0.00 | Train Loss: 2.5441 | Val Loss: 2.1682 | Acc (clean): 0.3025 | Acc (poison): 0.3025 | Val Acc: 0.3674 | Time: 00:01:29
Epoch 002 | Seed 42 | Rate 0.00 | Train Loss: 1.7135 | Val Loss: 2.0315 | Acc (clean): 0.4953 | Acc (poison): 0.4953 | Val Acc: 0.4196 | Time: 00:00:16
Epoch 003 | Seed 42 | Rate 0.00 | Train Loss: 1.3897 | Val Loss: 1.7592 | Acc (clean): 0.5866 | Acc (poison): 0.5866 | Val Acc: 0.4793 | Time: 00:00:14
Epoch 004 | Seed 42 | Rate 0.00 | Train Loss: 1.1847 | Val Loss: 1.9418 | Acc (clean): 0.6388 | Acc (poison): 0.6388 | Val Acc: 0.5015 | Time: 00:00:13
Epoch 005 | Seed 42 | Rate 0.00 | Train Loss: 1.0288 | Val Loss: 1.3137 | Acc (clean): 0.6864 | Acc (poison): 0.6864 | Val Acc: 0.6222 | Time: 00:00:14
Epoch 006 | Seed 42 | Rate 0.00 | Train Loss: 0.8721 | Val Loss: 1.2279 | Acc (clean): 0.7295 | Acc (poison): 0.7295 | Val Acc: 0.6252 | Time: 00:00:14
Epoch 007 | Seed 42 | Rate 0.00 | Train Loss: 0.7425 | Val Loss: 1.1041 | Acc (clean): 0.7698 | Acc (poison): 0.7698 | Val Acc: 0.6707 | Time: 00:00:14
Epoch 008 | Seed 42 | Rate 0.00 | Train Loss: 0.6578 | Val Loss: 0.9483 | Acc (clean): 0.7914 | Acc (poison): 0.7914 | Val Acc: 0.7063 | Time: 00:00:14
Epoch 009 | Seed 42 | Rate 0.00 | Train Loss: 0.5819 | Val Loss: 0.7481 | Acc (clean): 0.8157 | Acc (poison): 0.8157 | Val Acc: 0.7670 | Time: 00:00:14
Epoch 010 | Seed 42 | Rate 0.00 | Train Loss: 0.5368 | Val Loss: 0.8560 | Acc (clean): 0.8303 | Acc (poison): 0.8303 | Val Acc: 0.7381 | Time: 00:00:13
Epoch 011 | Seed 42 | Rate 0.00 | Train Loss: 0.4865 | Val Loss: 0.7172 | Acc (clean): 0.8436 | Acc (poison): 0.8436 | Val Acc: 0.7730 | Time: 00:00:15
Epoch 012 | Seed 42 | Rate 0.00 | Train Loss: 0.4604 | Val Loss: 0.7626 | Acc (clean): 0.8536 | Acc (poison): 0.8536 | Val Acc: 0.7670 | Time: 00:00:14
Epoch 013 | Seed 42 | Rate 0.00 | Train Loss: 0.4387 | Val Loss: 0.6995 | Acc (clean): 0.8585 | Acc (poison): 0.8585 | Val Acc: 0.7837 | Time: 00:00:14
Epoch 014 | Seed 42 | Rate 0.00 | Train Loss: 0.4265 | Val Loss: 0.7252 | Acc (clean): 0.8640 | Acc (poison): 0.8640 | Val Acc: 0.7826 | Time: 00:00:13
Epoch 015 | Seed 42 | Rate 0.00 | Train Loss: 0.3985 | Val Loss: 0.6935 | Acc (clean): 0.8709 | Acc (poison): 0.8709 | Val Acc: 0.7989 | Time: 00:00:14
Epoch 016 | Seed 42 | Rate 0.00 | Train Loss: 0.3832 | Val Loss: 0.6808 | Acc (clean): 0.8759 | Acc (poison): 0.8759 | Val Acc: 0.7870 | Time: 00:00:14
Epoch 017 | Seed 42 | Rate 0.00 | Train Loss: 0.3681 | Val Loss: 0.9185 | Acc (clean): 0.8821 | Acc (poison): 0.8821 | Val Acc: 0.7359 | Time: 00:00:14
Epoch 018 | Seed 42 | Rate 0.00 | Train Loss: 0.3548 | Val Loss: 0.7021 | Acc (clean): 0.8863 | Acc (poison): 0.8863 | Val Acc: 0.7933 | Time: 00:00:13
Epoch 019 | Seed 42 | Rate 0.00 | Train Loss: 0.3441 | Val Loss: 0.7846 | Acc (clean): 0.8895 | Acc (poison): 0.8895 | Val Acc: 0.7681 | Time: 00:00:14
Epoch 020 | Seed 42 | Rate 0.00 | Train Loss: 0.3515 | Val Loss: 0.7684 | Acc (clean): 0.8861 | Acc (poison): 0.8861 | Val Acc: 0.7730 | Time: 00:00:13
Epoch 021 | Seed 42 | Rate 0.00 | Train Loss: 0.3370 | Val Loss: 0.9868 | Acc (clean): 0.8891 | Acc (poison): 0.8891 | Val Acc: 0.7333 | Time: 00:00:13
Epoch 022 | Seed 42 | Rate 0.00 | Train Loss: 0.3189 | Val Loss: 0.8061 | Acc (clean): 0.8963 | Acc (poison): 0.8963 | Val Acc: 0.7811 | Time: 00:00:13
Epoch 023 | Seed 42 | Rate 0.00 | Train Loss: 0.3174 | Val Loss: 0.5568 | Acc (clean): 0.8959 | Acc (poison): 0.8959 | Val Acc: 0.8237 | Time: 00:00:13
Epoch 024 | Seed 42 | Rate 0.00 | Train Loss: 0.3153 | Val Loss: 0.6668 | Acc (clean): 0.8993 | Acc (poison): 0.8993 | Val Acc: 0.8026 | Time: 00:00:13
Epoch 025 | Seed 42 | Rate 0.00 | Train Loss: 0.2940 | Val Loss: 0.7744 | Acc (clean): 0.9067 | Acc (poison): 0.9067 | Val Acc: 0.7841 | Time: 00:00:13
Epoch 026 | Seed 42 | Rate 0.00 | Train Loss: 0.2970 | Val Loss: 0.9827 | Acc (clean): 0.9047 | Acc (poison): 0.9047 | Val Acc: 0.7326 | Time: 00:00:13
Epoch 027 | Seed 42 | Rate 0.00 | Train Loss: 0.2997 | Val Loss: 0.6920 | Acc (clean): 0.9035 | Acc (poison): 0.9035 | Val Acc: 0.8004 | Time: 00:00:13
Epoch 028 | Seed 42 | Rate 0.00 | Train Loss: 0.2881 | Val Loss: 0.7022 | Acc (clean): 0.9073 | Acc (poison): 0.9073 | Val Acc: 0.7856 | Time: 00:00:13
Epoch 029 | Seed 42 | Rate 0.00 | Train Loss: 0.2773 | Val Loss: 0.9754 | Acc (clean): 0.9100 | Acc (poison): 0.9100 | Val Acc: 0.7226 | Time: 00:00:13
Epoch 030 | Seed 42 | Rate 0.00 | Train Loss: 0.2780 | Val Loss: 0.7054 | Acc (clean): 0.9101 | Acc (poison): 0.9101 | Val Acc: 0.7930 | Time: 00:00:13
Epoch 031 | Seed 42 | Rate 0.00 | Train Loss: 0.2837 | Val Loss: 0.6237 | Acc (clean): 0.9098 | Acc (poison): 0.9098 | Val Acc: 0.8104 | Time: 00:00:13
Epoch 032 | Seed 42 | Rate 0.00 | Train Loss: 0.2824 | Val Loss: 0.5940 | Acc (clean): 0.9093 | Acc (poison): 0.9093 | Val Acc: 0.8193 | Time: 00:00:13
Epoch 033 | Seed 42 | Rate 0.00 | Train Loss: 0.2747 | Val Loss: 0.5994 | Acc (clean): 0.9125 | Acc (poison): 0.9125 | Val Acc: 0.8111 | Time: 00:00:13
Epoch 034 | Seed 42 | Rate 0.00 | Train Loss: 0.2800 | Val Loss: 0.5191 | Acc (clean): 0.9116 | Acc (poison): 0.9116 | Val Acc: 0.8526 | Time: 00:00:13
Epoch 035 | Seed 42 | Rate 0.00 | Train Loss: 0.2699 | Val Loss: 0.9195 | Acc (clean): 0.9150 | Acc (poison): 0.9150 | Val Acc: 0.7404 | Time: 00:00:13
Epoch 036 | Seed 42 | Rate 0.00 | Train Loss: 0.2568 | Val Loss: 0.6455 | Acc (clean): 0.9202 | Acc (poison): 0.9202 | Val Acc: 0.8148 | Time: 00:00:13
Epoch 037 | Seed 42 | Rate 0.00 | Train Loss: 0.2488 | Val Loss: 0.8612 | Acc (clean): 0.9206 | Acc (poison): 0.9206 | Val Acc: 0.7696 | Time: 00:00:13
Epoch 038 | Seed 42 | Rate 0.00 | Train Loss: 0.2589 | Val Loss: 0.8051 | Acc (clean): 0.9163 | Acc (poison): 0.9163 | Val Acc: 0.7730 | Time: 00:00:14
Epoch 039 | Seed 42 | Rate 0.00 | Train Loss: 0.2498 | Val Loss: 0.7358 | Acc (clean): 0.9201 | Acc (poison): 0.9201 | Val Acc: 0.7930 | Time: 00:00:13
Epoch 040 | Seed 42 | Rate 0.00 | Train Loss: 0.2602 | Val Loss: 0.6413 | Acc (clean): 0.9177 | Acc (poison): 0.9177 | Val Acc: 0.8089 | Time: 00:00:13
Epoch 041 | Seed 42 | Rate 0.00 | Train Loss: 0.2525 | Val Loss: 0.8166 | Acc (clean): 0.9184 | Acc (poison): 0.9184 | Val Acc: 0.7748 | Time: 00:00:13
Epoch 042 | Seed 42 | Rate 0.00 | Train Loss: 0.2518 | Val Loss: 0.9515 | Acc (clean): 0.9198 | Acc (poison): 0.9198 | Val Acc: 0.7541 | Time: 00:00:13
Epoch 043 | Seed 42 | Rate 0.00 | Train Loss: 0.2463 | Val Loss: 0.7067 | Acc (clean): 0.9216 | Acc (poison): 0.9216 | Val Acc: 0.7974 | Time: 00:00:13
Epoch 044 | Seed 42 | Rate 0.00 | Train Loss: 0.2424 | Val Loss: 0.4939 | Acc (clean): 0.9233 | Acc (poison): 0.9233 | Val Acc: 0.8530 | Time: 00:00:16
Epoch 045 | Seed 42 | Rate 0.00 | Train Loss: 0.2467 | Val Loss: 0.8066 | Acc (clean): 0.9228 | Acc (poison): 0.9228 | Val Acc: 0.7644 | Time: 00:00:13
Epoch 046 | Seed 42 | Rate 0.00 | Train Loss: 0.2470 | Val Loss: 0.8025 | Acc (clean): 0.9217 | Acc (poison): 0.9217 | Val Acc: 0.7815 | Time: 00:00:13
Epoch 047 | Seed 42 | Rate 0.00 | Train Loss: 0.2374 | Val Loss: 0.7573 | Acc (clean): 0.9255 | Acc (poison): 0.9255 | Val Acc: 0.7856 | Time: 00:00:13
Epoch 048 | Seed 42 | Rate 0.00 | Train Loss: 0.2432 | Val Loss: 0.8515 | Acc (clean): 0.9212 | Acc (poison): 0.9212 | Val Acc: 0.7526 | Time: 00:00:13
Epoch 049 | Seed 42 | Rate 0.00 | Train Loss: 0.2470 | Val Loss: 0.5663 | Acc (clean): 0.9211 | Acc (poison): 0.9211 | Val Acc: 0.8300 | Time: 00:00:13
Epoch 050 | Seed 42 | Rate 0.00 | Train Loss: 0.2567 | Val Loss: 0.5931 | Acc (clean): 0.9184 | Acc (poison): 0.9184 | Val Acc: 0.8204 | Time: 00:00:13
Epoch 051 | Seed 42 | Rate 0.00 | Train Loss: 0.1049 | Val Loss: 0.2462 | Acc (clean): 0.9707 | Acc (poison): 0.9707 | Val Acc: 0.9244 | Time: 00:00:14
Epoch 052 | Seed 42 | Rate 0.00 | Train Loss: 0.0599 | Val Loss: 0.2449 | Acc (clean): 0.9852 | Acc (poison): 0.9852 | Val Acc: 0.9259 | Time: 00:00:13
Epoch 053 | Seed 42 | Rate 0.00 | Train Loss: 0.0476 | Val Loss: 0.2325 | Acc (clean): 0.9892 | Acc (poison): 0.9892 | Val Acc: 0.9278 | Time: 00:00:14
Epoch 054 | Seed 42 | Rate 0.00 | Train Loss: 0.0423 | Val Loss: 0.2299 | Acc (clean): 0.9908 | Acc (poison): 0.9908 | Val Acc: 0.9315 | Time: 00:00:14
Epoch 055 | Seed 42 | Rate 0.00 | Train Loss: 0.0345 | Val Loss: 0.2289 | Acc (clean): 0.9935 | Acc (poison): 0.9935 | Val Acc: 0.9296 | Time: 00:00:14
Epoch 056 | Seed 42 | Rate 0.00 | Train Loss: 0.0319 | Val Loss: 0.2332 | Acc (clean): 0.9942 | Acc (poison): 0.9942 | Val Acc: 0.9311 | Time: 00:00:12
Epoch 057 | Seed 42 | Rate 0.00 | Train Loss: 0.0301 | Val Loss: 0.2310 | Acc (clean): 0.9950 | Acc (poison): 0.9950 | Val Acc: 0.9319 | Time: 00:00:13
Epoch 058 | Seed 42 | Rate 0.00 | Train Loss: 0.0270 | Val Loss: 0.2295 | Acc (clean): 0.9956 | Acc (poison): 0.9956 | Val Acc: 0.9278 | Time: 00:00:13
Epoch 059 | Seed 42 | Rate 0.00 | Train Loss: 0.0249 | Val Loss: 0.2327 | Acc (clean): 0.9960 | Acc (poison): 0.9960 | Val Acc: 0.9307 | Time: 00:00:13
Epoch 060 | Seed 42 | Rate 0.00 | Train Loss: 0.0234 | Val Loss: 0.2282 | Acc (clean): 0.9961 | Acc (poison): 0.9961 | Val Acc: 0.9315 | Time: 00:00:15
Epoch 061 | Seed 42 | Rate 0.00 | Train Loss: 0.0231 | Val Loss: 0.2338 | Acc (clean): 0.9968 | Acc (poison): 0.9968 | Val Acc: 0.9304 | Time: 00:00:13
Epoch 062 | Seed 42 | Rate 0.00 | Train Loss: 0.0201 | Val Loss: 0.2272 | Acc (clean): 0.9978 | Acc (poison): 0.9978 | Val Acc: 0.9333 | Time: 00:00:13
Epoch 063 | Seed 42 | Rate 0.00 | Train Loss: 0.0196 | Val Loss: 0.2375 | Acc (clean): 0.9974 | Acc (poison): 0.9974 | Val Acc: 0.9304 | Time: 00:00:13
Epoch 064 | Seed 42 | Rate 0.00 | Train Loss: 0.0182 | Val Loss: 0.2264 | Acc (clean): 0.9976 | Acc (poison): 0.9976 | Val Acc: 0.9344 | Time: 00:00:14
Epoch 065 | Seed 42 | Rate 0.00 | Train Loss: 0.0172 | Val Loss: 0.2267 | Acc (clean): 0.9982 | Acc (poison): 0.9982 | Val Acc: 0.9293 | Time: 00:00:13
Epoch 066 | Seed 42 | Rate 0.00 | Train Loss: 0.0170 | Val Loss: 0.2252 | Acc (clean): 0.9981 | Acc (poison): 0.9981 | Val Acc: 0.9319 | Time: 00:00:13
Epoch 067 | Seed 42 | Rate 0.00 | Train Loss: 0.0162 | Val Loss: 0.2230 | Acc (clean): 0.9983 | Acc (poison): 0.9983 | Val Acc: 0.9330 | Time: 00:00:14
Epoch 068 | Seed 42 | Rate 0.00 | Train Loss: 0.0160 | Val Loss: 0.2256 | Acc (clean): 0.9982 | Acc (poison): 0.9982 | Val Acc: 0.9319 | Time: 00:00:14
Epoch 069 | Seed 42 | Rate 0.00 | Train Loss: 0.0146 | Val Loss: 0.2259 | Acc (clean): 0.9987 | Acc (poison): 0.9987 | Val Acc: 0.9341 | Time: 00:00:13
Epoch 070 | Seed 42 | Rate 0.00 | Train Loss: 0.0152 | Val Loss: 0.2258 | Acc (clean): 0.9987 | Acc (poison): 0.9987 | Val Acc: 0.9333 | Time: 00:00:13
Epoch 071 | Seed 42 | Rate 0.00 | Train Loss: 0.0150 | Val Loss: 0.2172 | Acc (clean): 0.9985 | Acc (poison): 0.9985 | Val Acc: 0.9356 | Time: 00:00:13
Epoch 072 | Seed 42 | Rate 0.00 | Train Loss: 0.0141 | Val Loss: 0.2189 | Acc (clean): 0.9988 | Acc (poison): 0.9988 | Val Acc: 0.9370 | Time: 00:00:13
Epoch 073 | Seed 42 | Rate 0.00 | Train Loss: 0.0130 | Val Loss: 0.2238 | Acc (clean): 0.9993 | Acc (poison): 0.9993 | Val Acc: 0.9378 | Time: 00:00:14
Epoch 074 | Seed 42 | Rate 0.00 | Train Loss: 0.0130 | Val Loss: 0.2295 | Acc (clean): 0.9991 | Acc (poison): 0.9991 | Val Acc: 0.9352 | Time: 00:00:13
Epoch 075 | Seed 42 | Rate 0.00 | Train Loss: 0.0127 | Val Loss: 0.2267 | Acc (clean): 0.9991 | Acc (poison): 0.9991 | Val Acc: 0.9344 | Time: 00:00:13
Epoch 076 | Seed 42 | Rate 0.00 | Train Loss: 0.0117 | Val Loss: 0.2245 | Acc (clean): 0.9990 | Acc (poison): 0.9990 | Val Acc: 0.9367 | Time: 00:00:12
Epoch 077 | Seed 42 | Rate 0.00 | Train Loss: 0.0111 | Val Loss: 0.2201 | Acc (clean): 0.9994 | Acc (poison): 0.9994 | Val Acc: 0.9374 | Time: 00:00:13
Epoch 078 | Seed 42 | Rate 0.00 | Train Loss: 0.0114 | Val Loss: 0.2213 | Acc (clean): 0.9993 | Acc (poison): 0.9993 | Val Acc: 0.9359 | Time: 00:00:13
Epoch 079 | Seed 42 | Rate 0.00 | Train Loss: 0.0109 | Val Loss: 0.2198 | Acc (clean): 0.9993 | Acc (poison): 0.9993 | Val Acc: 0.9378 | Time: 00:00:13
Epoch 080 | Seed 42 | Rate 0.00 | Train Loss: 0.0110 | Val Loss: 0.2242 | Acc (clean): 0.9992 | Acc (poison): 0.9992 | Val Acc: 0.9363 | Time: 00:00:13
Epoch 081 | Seed 42 | Rate 0.00 | Train Loss: 0.0111 | Val Loss: 0.2208 | Acc (clean): 0.9993 | Acc (poison): 0.9993 | Val Acc: 0.9367 | Time: 00:00:12
Epoch 082 | Seed 42 | Rate 0.00 | Train Loss: 0.0106 | Val Loss: 0.2176 | Acc (clean): 0.9995 | Acc (poison): 0.9995 | Val Acc: 0.9374 | Time: 00:00:12
Epoch 083 | Seed 42 | Rate 0.00 | Train Loss: 0.0104 | Val Loss: 0.2181 | Acc (clean): 0.9995 | Acc (poison): 0.9995 | Val Acc: 0.9363 | Time: 00:00:12
Epoch 084 | Seed 42 | Rate 0.00 | Train Loss: 0.0108 | Val Loss: 0.2202 | Acc (clean): 0.9993 | Acc (poison): 0.9993 | Val Acc: 0.9356 | Time: 00:00:13
Epoch 085 | Seed 42 | Rate 0.00 | Train Loss: 0.0106 | Val Loss: 0.2217 | Acc (clean): 0.9995 | Acc (poison): 0.9995 | Val Acc: 0.9356 | Time: 00:00:13
Epoch 086 | Seed 42 | Rate 0.00 | Train Loss: 0.0101 | Val Loss: 0.2192 | Acc (clean): 0.9995 | Acc (poison): 0.9995 | Val Acc: 0.9363 | Time: 00:00:13
Epoch 087 | Seed 42 | Rate 0.00 | Train Loss: 0.0107 | Val Loss: 0.2189 | Acc (clean): 0.9995 | Acc (poison): 0.9995 | Val Acc: 0.9337 | Time: 00:00:13
Epoch 088 | Seed 42 | Rate 0.00 | Train Loss: 0.0110 | Val Loss: 0.2163 | Acc (clean): 0.9992 | Acc (poison): 0.9992 | Val Acc: 0.9367 | Time: 00:00:14
Epoch 089 | Seed 42 | Rate 0.00 | Train Loss: 0.0112 | Val Loss: 0.2210 | Acc (clean): 0.9995 | Acc (poison): 0.9995 | Val Acc: 0.9348 | Time: 00:00:13
Epoch 090 | Seed 42 | Rate 0.00 | Train Loss: 0.0104 | Val Loss: 0.2202 | Acc (clean): 0.9997 | Acc (poison): 0.9997 | Val Acc: 0.9344 | Time: 00:00:14
Epoch 091 | Seed 42 | Rate 0.00 | Train Loss: 0.0104 | Val Loss: 0.2205 | Acc (clean): 0.9995 | Acc (poison): 0.9995 | Val Acc: 0.9374 | Time: 00:00:13
Epoch 092 | Seed 42 | Rate 0.00 | Train Loss: 0.0107 | Val Loss: 0.2194 | Acc (clean): 0.9997 | Acc (poison): 0.9997 | Val Acc: 0.9348 | Time: 00:00:13
Epoch 093 | Seed 42 | Rate 0.00 | Train Loss: 0.0100 | Val Loss: 0.2164 | Acc (clean): 0.9995 | Acc (poison): 0.9995 | Val Acc: 0.9370 | Time: 00:00:13
Epoch 094 | Seed 42 | Rate 0.00 | Train Loss: 0.0101 | Val Loss: 0.2190 | Acc (clean): 0.9994 | Acc (poison): 0.9994 | Val Acc: 0.9374 | Time: 00:00:13
Epoch 095 | Seed 42 | Rate 0.00 | Train Loss: 0.0099 | Val Loss: 0.2233 | Acc (clean): 0.9995 | Acc (poison): 0.9995 | Val Acc: 0.9344 | Time: 00:00:13
Epoch 096 | Seed 42 | Rate 0.00 | Train Loss: 0.0102 | Val Loss: 0.2176 | Acc (clean): 0.9996 | Acc (poison): 0.9996 | Val Acc: 0.9367 | Time: 00:00:13
Epoch 097 | Seed 42 | Rate 0.00 | Train Loss: 0.0102 | Val Loss: 0.2238 | Acc (clean): 0.9996 | Acc (poison): 0.9996 | Val Acc: 0.9363 | Time: 00:00:13
Epoch 098 | Seed 42 | Rate 0.00 | Train Loss: 0.0106 | Val Loss: 0.2173 | Acc (clean): 0.9992 | Acc (poison): 0.9992 | Val Acc: 0.9374 | Time: 00:00:14
Epoch 099 | Seed 42 | Rate 0.00 | Train Loss: 0.0102 | Val Loss: 0.2193 | Acc (clean): 0.9995 | Acc (poison): 0.9995 | Val Acc: 0.9370 | Time: 00:00:13
Epoch 100 | Seed 42 | Rate 0.00 | Train Loss: 0.0104 | Val Loss: 0.2219 | Acc (clean): 0.9997 | Acc (poison): 0.9997 | Val Acc: 0.9367 | Time: 00:00:13

=== defense=small_loss attack=RQ1 seed=42 rate=0.01 ===
Loading train data from /home/yazanme/BachelorThesis/BachelorThesis/data/processed/resisc45/train.h5 with mapping /home/yazanme/BachelorThesis/BachelorThesis/data/processed/resisc45/poisoned/RQ1/seed_42/labels_0.01.pt... (in_memory=True, workers=4)
Testing torch.compile support...
Successfully compiled model using torch.compile.
Epoch 001 | Seed 42 | Rate 0.01 | Train Loss: 2.6485 | Val Loss: 2.3374 | Acc (clean): 0.2880 | Acc (poison): 0.2852 | Val Acc: 0.3559 | Time: 00:00:14
Epoch 002 | Seed 42 | Rate 0.01 | Train Loss: 1.8107 | Val Loss: 2.8280 | Acc (clean): 0.4870 | Acc (poison): 0.4821 | Val Acc: 0.3307 | Time: 00:00:13
Epoch 003 | Seed 42 | Rate 0.01 | Train Loss: 1.4956 | Val Loss: 1.5141 | Acc (clean): 0.5687 | Acc (poison): 0.5628 | Val Acc: 0.5519 | Time: 00:00:14
Epoch 004 | Seed 42 | Rate 0.01 | Train Loss: 1.2797 | Val Loss: 2.2685 | Acc (clean): 0.6365 | Acc (poison): 0.6302 | Val Acc: 0.4259 | Time: 00:00:13
Epoch 005 | Seed 42 | Rate 0.01 | Train Loss: 1.1177 | Val Loss: 1.2521 | Acc (clean): 0.6823 | Acc (poison): 0.6753 | Val Acc: 0.6241 | Time: 00:00:14
Epoch 006 | Seed 42 | Rate 0.01 | Train Loss: 0.9747 | Val Loss: 1.4500 | Acc (clean): 0.7226 | Acc (poison): 0.7156 | Val Acc: 0.5907 | Time: 00:00:13
Epoch 007 | Seed 42 | Rate 0.01 | Train Loss: 0.8386 | Val Loss: 1.0474 | Acc (clean): 0.7655 | Acc (poison): 0.7582 | Val Acc: 0.6900 | Time: 00:00:14
Epoch 008 | Seed 42 | Rate 0.01 | Train Loss: 0.7480 | Val Loss: 1.2248 | Acc (clean): 0.7908 | Acc (poison): 0.7829 | Val Acc: 0.6456 | Time: 00:00:13
Epoch 009 | Seed 42 | Rate 0.01 | Train Loss: 0.6942 | Val Loss: 0.9099 | Acc (clean): 0.8105 | Acc (poison): 0.8024 | Val Acc: 0.7178 | Time: 00:00:13
Epoch 010 | Seed 42 | Rate 0.01 | Train Loss: 0.6292 | Val Loss: 0.9762 | Acc (clean): 0.8298 | Acc (poison): 0.8219 | Val Acc: 0.7063 | Time: 00:00:13
Epoch 011 | Seed 42 | Rate 0.01 | Train Loss: 0.6053 | Val Loss: 0.6955 | Acc (clean): 0.8346 | Acc (poison): 0.8265 | Val Acc: 0.7826 | Time: 00:00:13
Epoch 012 | Seed 42 | Rate 0.01 | Train Loss: 0.5674 | Val Loss: 0.7094 | Acc (clean): 0.8485 | Acc (poison): 0.8401 | Val Acc: 0.7774 | Time: 00:00:13
Epoch 013 | Seed 42 | Rate 0.01 | Train Loss: 0.5436 | Val Loss: 0.7673 | Acc (clean): 0.8528 | Acc (poison): 0.8449 | Val Acc: 0.7563 | Time: 00:00:13
Epoch 014 | Seed 42 | Rate 0.01 | Train Loss: 0.5212 | Val Loss: 0.8860 | Acc (clean): 0.8577 | Acc (poison): 0.8493 | Val Acc: 0.7337 | Time: 00:00:13
Epoch 015 | Seed 42 | Rate 0.01 | Train Loss: 0.4940 | Val Loss: 0.7799 | Acc (clean): 0.8695 | Acc (poison): 0.8614 | Val Acc: 0.7700 | Time: 00:00:13
Epoch 016 | Seed 42 | Rate 0.01 | Train Loss: 0.4896 | Val Loss: 0.7396 | Acc (clean): 0.8672 | Acc (poison): 0.8592 | Val Acc: 0.7711 | Time: 00:00:13
Epoch 017 | Seed 42 | Rate 0.01 | Train Loss: 0.4624 | Val Loss: 0.5818 | Acc (clean): 0.8792 | Acc (poison): 0.8710 | Val Acc: 0.8163 | Time: 00:00:13
Epoch 018 | Seed 42 | Rate 0.01 | Train Loss: 0.4398 | Val Loss: 0.8772 | Acc (clean): 0.8842 | Acc (poison): 0.8759 | Val Acc: 0.7459 | Time: 00:00:13
Epoch 019 | Seed 42 | Rate 0.01 | Train Loss: 0.4363 | Val Loss: 0.7417 | Acc (clean): 0.8858 | Acc (poison): 0.8779 | Val Acc: 0.7852 | Time: 00:00:13
Epoch 020 | Seed 42 | Rate 0.01 | Train Loss: 0.4240 | Val Loss: 0.8682 | Acc (clean): 0.8891 | Acc (poison): 0.8810 | Val Acc: 0.7426 | Time: 00:00:13
Epoch 021 | Seed 42 | Rate 0.01 | Train Loss: 0.4205 | Val Loss: 0.8514 | Acc (clean): 0.8901 | Acc (poison): 0.8821 | Val Acc: 0.7589 | Time: 00:00:13
Epoch 022 | Seed 42 | Rate 0.01 | Train Loss: 0.4146 | Val Loss: 0.5430 | Acc (clean): 0.8909 | Acc (poison): 0.8830 | Val Acc: 0.8289 | Time: 00:00:13
Epoch 023 | Seed 42 | Rate 0.01 | Train Loss: 0.3912 | Val Loss: 0.6092 | Acc (clean): 0.8981 | Acc (poison): 0.8901 | Val Acc: 0.8193 | Time: 00:00:13
Epoch 024 | Seed 42 | Rate 0.01 | Train Loss: 0.3824 | Val Loss: 0.6734 | Acc (clean): 0.9005 | Acc (poison): 0.8925 | Val Acc: 0.8004 | Time: 00:00:13
Epoch 025 | Seed 42 | Rate 0.01 | Train Loss: 0.3944 | Val Loss: 0.7490 | Acc (clean): 0.8956 | Acc (poison): 0.8881 | Val Acc: 0.7793 | Time: 00:00:13
Epoch 026 | Seed 42 | Rate 0.01 | Train Loss: 0.3788 | Val Loss: 0.7140 | Acc (clean): 0.9023 | Acc (poison): 0.8945 | Val Acc: 0.7837 | Time: 00:00:13
Epoch 027 | Seed 42 | Rate 0.01 | Train Loss: 0.3703 | Val Loss: 0.7424 | Acc (clean): 0.9037 | Acc (poison): 0.8958 | Val Acc: 0.7863 | Time: 00:00:13
Epoch 028 | Seed 42 | Rate 0.01 | Train Loss: 0.3726 | Val Loss: 0.6990 | Acc (clean): 0.9034 | Acc (poison): 0.8958 | Val Acc: 0.7944 | Time: 00:00:13
Epoch 029 | Seed 42 | Rate 0.01 | Train Loss: 0.3149 | Val Loss: 0.6714 | Acc (clean): 0.9054 | Acc (poison): 0.8974 | Val Acc: 0.8070 | Time: 00:00:13
Epoch 030 | Seed 42 | Rate 0.01 | Train Loss: 0.3148 | Val Loss: 0.7851 | Acc (clean): 0.9047 | Acc (poison): 0.8967 | Val Acc: 0.7722 | Time: 00:00:13
Epoch 031 | Seed 42 | Rate 0.01 | Train Loss: 0.3247 | Val Loss: 0.7268 | Acc (clean): 0.8999 | Acc (poison): 0.8923 | Val Acc: 0.7889 | Time: 00:00:13
Epoch 032 | Seed 42 | Rate 0.01 | Train Loss: 0.3061 | Val Loss: 0.6980 | Acc (clean): 0.9075 | Acc (poison): 0.8994 | Val Acc: 0.8033 | Time: 00:00:13
Epoch 033 | Seed 42 | Rate 0.01 | Train Loss: 0.3051 | Val Loss: 0.6792 | Acc (clean): 0.9068 | Acc (poison): 0.8992 | Val Acc: 0.8174 | Time: 00:00:13
Epoch 034 | Seed 42 | Rate 0.01 | Train Loss: 0.2908 | Val Loss: 0.8856 | Acc (clean): 0.9121 | Acc (poison): 0.9043 | Val Acc: 0.7652 | Time: 00:00:13
Epoch 035 | Seed 42 | Rate 0.01 | Train Loss: 0.2939 | Val Loss: 0.7095 | Acc (clean): 0.9116 | Acc (poison): 0.9036 | Val Acc: 0.7937 | Time: 00:00:13
Epoch 036 | Seed 42 | Rate 0.01 | Train Loss: 0.2957 | Val Loss: 0.7093 | Acc (clean): 0.9116 | Acc (poison): 0.9037 | Val Acc: 0.7844 | Time: 00:00:13
Epoch 037 | Seed 42 | Rate 0.01 | Train Loss: 0.2864 | Val Loss: 1.3772 | Acc (clean): 0.9131 | Acc (poison): 0.9056 | Val Acc: 0.6641 | Time: 00:00:13
Epoch 038 | Seed 42 | Rate 0.01 | Train Loss: 0.2955 | Val Loss: 1.0146 | Acc (clean): 0.9093 | Acc (poison): 0.9014 | Val Acc: 0.7304 | Time: 00:00:13
Epoch 039 | Seed 42 | Rate 0.01 | Train Loss: 0.2889 | Val Loss: 0.6790 | Acc (clean): 0.9130 | Acc (poison): 0.9052 | Val Acc: 0.8019 | Time: 00:00:13
Epoch 040 | Seed 42 | Rate 0.01 | Train Loss: 0.2863 | Val Loss: 0.6463 | Acc (clean): 0.9135 | Acc (poison): 0.9058 | Val Acc: 0.8167 | Time: 00:00:13
Epoch 041 | Seed 42 | Rate 0.01 | Train Loss: 0.2847 | Val Loss: 0.7924 | Acc (clean): 0.9151 | Acc (poison): 0.9075 | Val Acc: 0.7726 | Time: 00:00:13
Epoch 042 | Seed 42 | Rate 0.01 | Train Loss: 0.2745 | Val Loss: 0.8733 | Acc (clean): 0.9168 | Acc (poison): 0.9088 | Val Acc: 0.7563 | Time: 00:00:13
Epoch 043 | Seed 42 | Rate 0.01 | Train Loss: 0.2949 | Val Loss: 0.7118 | Acc (clean): 0.9109 | Acc (poison): 0.9031 | Val Acc: 0.7815 | Time: 00:00:13
Epoch 044 | Seed 42 | Rate 0.01 | Train Loss: 0.2733 | Val Loss: 0.8397 | Acc (clean): 0.9195 | Acc (poison): 0.9121 | Val Acc: 0.7633 | Time: 00:00:13
Epoch 045 | Seed 42 | Rate 0.01 | Train Loss: 0.2720 | Val Loss: 0.5751 | Acc (clean): 0.9192 | Acc (poison): 0.9113 | Val Acc: 0.8330 | Time: 00:00:13
Epoch 046 | Seed 42 | Rate 0.01 | Train Loss: 0.2842 | Val Loss: 0.7305 | Acc (clean): 0.9142 | Acc (poison): 0.9064 | Val Acc: 0.7800 | Time: 00:00:13
Epoch 047 | Seed 42 | Rate 0.01 | Train Loss: 0.2726 | Val Loss: 0.6823 | Acc (clean): 0.9202 | Acc (poison): 0.9128 | Val Acc: 0.8115 | Time: 00:00:13
Epoch 048 | Seed 42 | Rate 0.01 | Train Loss: 0.2737 | Val Loss: 0.6842 | Acc (clean): 0.9181 | Acc (poison): 0.9107 | Val Acc: 0.8030 | Time: 00:00:13
Epoch 049 | Seed 42 | Rate 0.01 | Train Loss: 0.2774 | Val Loss: 0.6914 | Acc (clean): 0.9165 | Acc (poison): 0.9087 | Val Acc: 0.7985 | Time: 00:00:13
Epoch 050 | Seed 42 | Rate 0.01 | Train Loss: 0.2614 | Val Loss: 0.9324 | Acc (clean): 0.9225 | Acc (poison): 0.9147 | Val Acc: 0.7504 | Time: 00:00:13
Epoch 051 | Seed 42 | Rate 0.01 | Train Loss: 0.1241 | Val Loss: 0.2721 | Acc (clean): 0.9691 | Acc (poison): 0.9616 | Val Acc: 0.9222 | Time: 00:00:13
Epoch 052 | Seed 42 | Rate 0.01 | Train Loss: 0.0832 | Val Loss: 0.2557 | Acc (clean): 0.9828 | Acc (poison): 0.9754 | Val Acc: 0.9256 | Time: 00:00:14
Epoch 053 | Seed 42 | Rate 0.01 | Train Loss: 0.0682 | Val Loss: 0.2541 | Acc (clean): 0.9876 | Acc (poison): 0.9802 | Val Acc: 0.9270 | Time: 00:00:14
Epoch 054 | Seed 42 | Rate 0.01 | Train Loss: 0.0588 | Val Loss: 0.2452 | Acc (clean): 0.9893 | Acc (poison): 0.9828 | Val Acc: 0.9322 | Time: 00:00:14
Epoch 055 | Seed 42 | Rate 0.01 | Train Loss: 0.0564 | Val Loss: 0.2493 | Acc (clean): 0.9898 | Acc (poison): 0.9838 | Val Acc: 0.9311 | Time: 00:00:13
Epoch 056 | Seed 42 | Rate 0.01 | Train Loss: 0.0507 | Val Loss: 0.2416 | Acc (clean): 0.9901 | Acc (poison): 0.9845 | Val Acc: 0.9330 | Time: 00:00:14
Epoch 057 | Seed 42 | Rate 0.01 | Train Loss: 0.0453 | Val Loss: 0.2465 | Acc (clean): 0.9926 | Acc (poison): 0.9868 | Val Acc: 0.9293 | Time: 00:00:13
Epoch 058 | Seed 42 | Rate 0.01 | Train Loss: 0.0455 | Val Loss: 0.2430 | Acc (clean): 0.9922 | Acc (poison): 0.9872 | Val Acc: 0.9285 | Time: 00:00:13
Epoch 059 | Seed 42 | Rate 0.01 | Train Loss: 0.0423 | Val Loss: 0.2410 | Acc (clean): 0.9929 | Acc (poison): 0.9873 | Val Acc: 0.9330 | Time: 00:00:14
Epoch 060 | Seed 42 | Rate 0.01 | Train Loss: 0.0377 | Val Loss: 0.2416 | Acc (clean): 0.9924 | Acc (poison): 0.9879 | Val Acc: 0.9341 | Time: 00:00:13
Epoch 061 | Seed 42 | Rate 0.01 | Train Loss: 0.0359 | Val Loss: 0.2465 | Acc (clean): 0.9944 | Acc (poison): 0.9896 | Val Acc: 0.9300 | Time: 00:00:12
Epoch 062 | Seed 42 | Rate 0.01 | Train Loss: 0.0351 | Val Loss: 0.2441 | Acc (clean): 0.9928 | Acc (poison): 0.9888 | Val Acc: 0.9293 | Time: 00:00:12
Epoch 063 | Seed 42 | Rate 0.01 | Train Loss: 0.0328 | Val Loss: 0.2429 | Acc (clean): 0.9936 | Acc (poison): 0.9899 | Val Acc: 0.9326 | Time: 00:00:13
Epoch 064 | Seed 42 | Rate 0.01 | Train Loss: 0.0301 | Val Loss: 0.2410 | Acc (clean): 0.9939 | Acc (poison): 0.9905 | Val Acc: 0.9315 | Time: 00:00:13
Epoch 065 | Seed 42 | Rate 0.01 | Train Loss: 0.0306 | Val Loss: 0.2389 | Acc (clean): 0.9940 | Acc (poison): 0.9906 | Val Acc: 0.9326 | Time: 00:00:14
Epoch 066 | Seed 42 | Rate 0.01 | Train Loss: 0.0286 | Val Loss: 0.2402 | Acc (clean): 0.9937 | Acc (poison): 0.9907 | Val Acc: 0.9337 | Time: 00:00:13
Epoch 067 | Seed 42 | Rate 0.01 | Train Loss: 0.0268 | Val Loss: 0.2393 | Acc (clean): 0.9932 | Acc (poison): 0.9910 | Val Acc: 0.9378 | Time: 00:00:12
Epoch 068 | Seed 42 | Rate 0.01 | Train Loss: 0.0280 | Val Loss: 0.2497 | Acc (clean): 0.9937 | Acc (poison): 0.9916 | Val Acc: 0.9300 | Time: 00:00:12
Epoch 069 | Seed 42 | Rate 0.01 | Train Loss: 0.0250 | Val Loss: 0.2455 | Acc (clean): 0.9935 | Acc (poison): 0.9914 | Val Acc: 0.9352 | Time: 00:00:13
Epoch 070 | Seed 42 | Rate 0.01 | Train Loss: 0.0234 | Val Loss: 0.2419 | Acc (clean): 0.9937 | Acc (poison): 0.9928 | Val Acc: 0.9311 | Time: 00:00:13
Epoch 071 | Seed 42 | Rate 0.01 | Train Loss: 0.0230 | Val Loss: 0.2418 | Acc (clean): 0.9934 | Acc (poison): 0.9922 | Val Acc: 0.9344 | Time: 00:00:13
Epoch 072 | Seed 42 | Rate 0.01 | Train Loss: 0.0227 | Val Loss: 0.2362 | Acc (clean): 0.9935 | Acc (poison): 0.9923 | Val Acc: 0.9337 | Time: 00:00:13
Epoch 073 | Seed 42 | Rate 0.01 | Train Loss: 0.0222 | Val Loss: 0.2384 | Acc (clean): 0.9933 | Acc (poison): 0.9929 | Val Acc: 0.9348 | Time: 00:00:12
Epoch 074 | Seed 42 | Rate 0.01 | Train Loss: 0.0211 | Val Loss: 0.2483 | Acc (clean): 0.9933 | Acc (poison): 0.9928 | Val Acc: 0.9281 | Time: 00:00:12
Epoch 075 | Seed 42 | Rate 0.01 | Train Loss: 0.0194 | Val Loss: 0.2458 | Acc (clean): 0.9938 | Acc (poison): 0.9933 | Val Acc: 0.9274 | Time: 00:00:13
Epoch 076 | Seed 42 | Rate 0.01 | Train Loss: 0.0189 | Val Loss: 0.2379 | Acc (clean): 0.9934 | Acc (poison): 0.9936 | Val Acc: 0.9337 | Time: 00:00:13
Epoch 077 | Seed 42 | Rate 0.01 | Train Loss: 0.0177 | Val Loss: 0.2373 | Acc (clean): 0.9941 | Acc (poison): 0.9939 | Val Acc: 0.9322 | Time: 00:00:13
Epoch 078 | Seed 42 | Rate 0.01 | Train Loss: 0.0178 | Val Loss: 0.2344 | Acc (clean): 0.9937 | Acc (poison): 0.9933 | Val Acc: 0.9330 | Time: 00:00:14
Epoch 079 | Seed 42 | Rate 0.01 | Train Loss: 0.0172 | Val Loss: 0.2362 | Acc (clean): 0.9934 | Acc (poison): 0.9941 | Val Acc: 0.9322 | Time: 00:00:13
Epoch 080 | Seed 42 | Rate 0.01 | Train Loss: 0.0161 | Val Loss: 0.2336 | Acc (clean): 0.9937 | Acc (poison): 0.9940 | Val Acc: 0.9341 | Time: 00:00:13
Epoch 081 | Seed 42 | Rate 0.01 | Train Loss: 0.0177 | Val Loss: 0.2357 | Acc (clean): 0.9936 | Acc (poison): 0.9939 | Val Acc: 0.9337 | Time: 00:00:13
Epoch 082 | Seed 42 | Rate 0.01 | Train Loss: 0.0170 | Val Loss: 0.2350 | Acc (clean): 0.9934 | Acc (poison): 0.9940 | Val Acc: 0.9356 | Time: 00:00:13
Epoch 083 | Seed 42 | Rate 0.01 | Train Loss: 0.0174 | Val Loss: 0.2334 | Acc (clean): 0.9936 | Acc (poison): 0.9942 | Val Acc: 0.9344 | Time: 00:00:13
Epoch 084 | Seed 42 | Rate 0.01 | Train Loss: 0.0176 | Val Loss: 0.2304 | Acc (clean): 0.9939 | Acc (poison): 0.9941 | Val Acc: 0.9352 | Time: 00:00:14
Epoch 085 | Seed 42 | Rate 0.01 | Train Loss: 0.0166 | Val Loss: 0.2341 | Acc (clean): 0.9938 | Acc (poison): 0.9939 | Val Acc: 0.9341 | Time: 00:00:13
Epoch 086 | Seed 42 | Rate 0.01 | Train Loss: 0.0182 | Val Loss: 0.2329 | Acc (clean): 0.9932 | Acc (poison): 0.9943 | Val Acc: 0.9348 | Time: 00:00:13
Epoch 087 | Seed 42 | Rate 0.01 | Train Loss: 0.0168 | Val Loss: 0.2328 | Acc (clean): 0.9936 | Acc (poison): 0.9942 | Val Acc: 0.9348 | Time: 00:00:13
Epoch 088 | Seed 42 | Rate 0.01 | Train Loss: 0.0169 | Val Loss: 0.2358 | Acc (clean): 0.9934 | Acc (poison): 0.9943 | Val Acc: 0.9348 | Time: 00:00:13
Epoch 089 | Seed 42 | Rate 0.01 | Train Loss: 0.0158 | Val Loss: 0.2333 | Acc (clean): 0.9935 | Acc (poison): 0.9941 | Val Acc: 0.9337 | Time: 00:00:13
Epoch 090 | Seed 42 | Rate 0.01 | Train Loss: 0.0167 | Val Loss: 0.2380 | Acc (clean): 0.9932 | Acc (poison): 0.9942 | Val Acc: 0.9333 | Time: 00:00:13
Epoch 091 | Seed 42 | Rate 0.01 | Train Loss: 0.0157 | Val Loss: 0.2360 | Acc (clean): 0.9936 | Acc (poison): 0.9942 | Val Acc: 0.9359 | Time: 00:00:13
Epoch 092 | Seed 42 | Rate 0.01 | Train Loss: 0.0162 | Val Loss: 0.2348 | Acc (clean): 0.9933 | Acc (poison): 0.9940 | Val Acc: 0.9374 | Time: 00:00:13
Epoch 093 | Seed 42 | Rate 0.01 | Train Loss: 0.0160 | Val Loss: 0.2358 | Acc (clean): 0.9937 | Acc (poison): 0.9945 | Val Acc: 0.9344 | Time: 00:00:14
Epoch 094 | Seed 42 | Rate 0.01 | Train Loss: 0.0153 | Val Loss: 0.2342 | Acc (clean): 0.9935 | Acc (poison): 0.9941 | Val Acc: 0.9344 | Time: 00:00:13
Epoch 095 | Seed 42 | Rate 0.01 | Train Loss: 0.0147 | Val Loss: 0.2365 | Acc (clean): 0.9936 | Acc (poison): 0.9944 | Val Acc: 0.9337 | Time: 00:00:13
Epoch 096 | Seed 42 | Rate 0.01 | Train Loss: 0.0157 | Val Loss: 0.2415 | Acc (clean): 0.9936 | Acc (poison): 0.9947 | Val Acc: 0.9319 | Time: 00:00:13
Epoch 097 | Seed 42 | Rate 0.01 | Train Loss: 0.0168 | Val Loss: 0.2351 | Acc (clean): 0.9934 | Acc (poison): 0.9946 | Val Acc: 0.9341 | Time: 00:00:13
Epoch 098 | Seed 42 | Rate 0.01 | Train Loss: 0.0163 | Val Loss: 0.2403 | Acc (clean): 0.9937 | Acc (poison): 0.9944 | Val Acc: 0.9344 | Time: 00:00:13
Epoch 099 | Seed 42 | Rate 0.01 | Train Loss: 0.0152 | Val Loss: 0.2350 | Acc (clean): 0.9935 | Acc (poison): 0.9946 | Val Acc: 0.9356 | Time: 00:00:13
Epoch 100 | Seed 42 | Rate 0.01 | Train Loss: 0.0151 | Val Loss: 0.2366 | Acc (clean): 0.9935 | Acc (poison): 0.9948 | Val Acc: 0.9348 | Time: 00:00:13

=== defense=small_loss attack=RQ1 seed=42 rate=0.02 ===
Loading train data from /home/yazanme/BachelorThesis/BachelorThesis/data/processed/resisc45/train.h5 with mapping /home/yazanme/BachelorThesis/BachelorThesis/data/processed/resisc45/poisoned/RQ1/seed_42/labels_0.02.pt... (in_memory=True, workers=4)
Testing torch.compile support...
Successfully compiled model using torch.compile.
Epoch 001 | Seed 42 | Rate 0.02 | Train Loss: 2.6881 | Val Loss: 2.1737 | Acc (clean): 0.2907 | Acc (poison): 0.2860 | Val Acc: 0.3604 | Time: 00:00:14
Epoch 002 | Seed 42 | Rate 0.02 | Train Loss: 1.8700 | Val Loss: 1.9204 | Acc (clean): 0.4820 | Acc (poison): 0.4730 | Val Acc: 0.4504 | Time: 00:00:13
Epoch 003 | Seed 42 | Rate 0.02 | Train Loss: 1.5773 | Val Loss: 1.6857 | Acc (clean): 0.5665 | Acc (poison): 0.5564 | Val Acc: 0.5256 | Time: 00:00:14
Epoch 004 | Seed 42 | Rate 0.02 | Train Loss: 1.3823 | Val Loss: 2.1351 | Acc (clean): 0.6224 | Acc (poison): 0.6108 | Val Acc: 0.4126 | Time: 00:00:13
Epoch 005 | Seed 42 | Rate 0.02 | Train Loss: 1.2370 | Val Loss: 1.5029 | Acc (clean): 0.6667 | Acc (poison): 0.6540 | Val Acc: 0.5685 | Time: 00:00:14
Epoch 006 | Seed 42 | Rate 0.02 | Train Loss: 1.1113 | Val Loss: 1.3861 | Acc (clean): 0.7055 | Acc (poison): 0.6916 | Val Acc: 0.5937 | Time: 00:00:14
Epoch 007 | Seed 42 | Rate 0.02 | Train Loss: 0.9737 | Val Loss: 1.0299 | Acc (clean): 0.7435 | Acc (poison): 0.7299 | Val Acc: 0.7000 | Time: 00:00:14
Epoch 008 | Seed 42 | Rate 0.02 | Train Loss: 0.8708 | Val Loss: 0.9343 | Acc (clean): 0.7756 | Acc (poison): 0.7611 | Val Acc: 0.7178 | Time: 00:00:13
Epoch 009 | Seed 42 | Rate 0.02 | Train Loss: 0.8041 | Val Loss: 1.0812 | Acc (clean): 0.7977 | Acc (poison): 0.7823 | Val Acc: 0.6956 | Time: 00:00:13
Epoch 010 | Seed 42 | Rate 0.02 | Train Loss: 0.7464 | Val Loss: 0.9124 | Acc (clean): 0.8158 | Acc (poison): 0.8000 | Val Acc: 0.7185 | Time: 00:00:14
Epoch 011 | Seed 42 | Rate 0.02 | Train Loss: 0.7014 | Val Loss: 0.8638 | Acc (clean): 0.8307 | Acc (poison): 0.8143 | Val Acc: 0.7393 | Time: 00:00:14
Epoch 012 | Seed 42 | Rate 0.02 | Train Loss: 0.6600 | Val Loss: 0.7092 | Acc (clean): 0.8425 | Acc (poison): 0.8259 | Val Acc: 0.7811 | Time: 00:00:14
Epoch 013 | Seed 42 | Rate 0.02 | Train Loss: 0.6284 | Val Loss: 0.9688 | Acc (clean): 0.8501 | Acc (poison): 0.8344 | Val Acc: 0.7044 | Time: 00:00:13
Epoch 014 | Seed 42 | Rate 0.02 | Train Loss: 0.6009 | Val Loss: 0.9318 | Acc (clean): 0.8559 | Acc (poison): 0.8402 | Val Acc: 0.7307 | Time: 00:00:13
Epoch 015 | Seed 42 | Rate 0.02 | Train Loss: 0.5850 | Val Loss: 0.9630 | Acc (clean): 0.8599 | Acc (poison): 0.8443 | Val Acc: 0.7163 | Time: 00:00:13
Epoch 016 | Seed 42 | Rate 0.02 | Train Loss: 0.5651 | Val Loss: 0.6143 | Acc (clean): 0.8657 | Acc (poison): 0.8502 | Val Acc: 0.8107 | Time: 00:00:13
Epoch 017 | Seed 42 | Rate 0.02 | Train Loss: 0.5408 | Val Loss: 0.5971 | Acc (clean): 0.8751 | Acc (poison): 0.8590 | Val Acc: 0.8259 | Time: 00:00:13
Epoch 018 | Seed 42 | Rate 0.02 | Train Loss: 0.5238 | Val Loss: 0.6826 | Acc (clean): 0.8797 | Acc (poison): 0.8640 | Val Acc: 0.7878 | Time: 00:00:13
Epoch 019 | Seed 42 | Rate 0.02 | Train Loss: 0.5193 | Val Loss: 0.6990 | Acc (clean): 0.8805 | Acc (poison): 0.8650 | Val Acc: 0.7948 | Time: 00:00:13
Epoch 020 | Seed 42 | Rate 0.02 | Train Loss: 0.5022 | Val Loss: 0.7243 | Acc (clean): 0.8863 | Acc (poison): 0.8706 | Val Acc: 0.7833 | Time: 00:00:13
Epoch 021 | Seed 42 | Rate 0.02 | Train Loss: 0.4956 | Val Loss: 0.6372 | Acc (clean): 0.8867 | Acc (poison): 0.8710 | Val Acc: 0.8159 | Time: 00:00:13
Epoch 022 | Seed 42 | Rate 0.02 | Train Loss: 0.4894 | Val Loss: 0.6431 | Acc (clean): 0.8875 | Acc (poison): 0.8723 | Val Acc: 0.8159 | Time: 00:00:13
Epoch 023 | Seed 42 | Rate 0.02 | Train Loss: 0.4676 | Val Loss: 0.6953 | Acc (clean): 0.8904 | Acc (poison): 0.8752 | Val Acc: 0.7859 | Time: 00:00:13
Epoch 024 | Seed 42 | Rate 0.02 | Train Loss: 0.4618 | Val Loss: 0.7710 | Acc (clean): 0.8954 | Acc (poison): 0.8806 | Val Acc: 0.7759 | Time: 00:00:13
Epoch 025 | Seed 42 | Rate 0.02 | Train Loss: 0.4617 | Val Loss: 0.6670 | Acc (clean): 0.8956 | Acc (poison): 0.8802 | Val Acc: 0.8044 | Time: 00:00:13
Epoch 026 | Seed 42 | Rate 0.02 | Train Loss: 0.4436 | Val Loss: 0.7053 | Acc (clean): 0.8984 | Acc (poison): 0.8833 | Val Acc: 0.7915 | Time: 00:00:13
Epoch 027 | Seed 42 | Rate 0.02 | Train Loss: 0.3933 | Val Loss: 0.7905 | Acc (clean): 0.8960 | Acc (poison): 0.8805 | Val Acc: 0.7670 | Time: 00:00:13
Epoch 028 | Seed 42 | Rate 0.02 | Train Loss: 0.4026 | Val Loss: 0.7710 | Acc (clean): 0.8939 | Acc (poison): 0.8791 | Val Acc: 0.7789 | Time: 00:00:13
Epoch 029 | Seed 42 | Rate 0.02 | Train Loss: 0.3739 | Val Loss: 0.6694 | Acc (clean): 0.9020 | Acc (poison): 0.8864 | Val Acc: 0.8041 | Time: 00:00:13
Epoch 030 | Seed 42 | Rate 0.02 | Train Loss: 0.3683 | Val Loss: 0.6299 | Acc (clean): 0.9034 | Acc (poison): 0.8878 | Val Acc: 0.8070 | Time: 00:00:13
Epoch 031 | Seed 42 | Rate 0.02 | Train Loss: 0.3345 | Val Loss: 0.6913 | Acc (clean): 0.9016 | Acc (poison): 0.8868 | Val Acc: 0.8059 | Time: 00:00:13
Epoch 032 | Seed 42 | Rate 0.02 | Train Loss: 0.3392 | Val Loss: 0.9853 | Acc (clean): 0.8980 | Acc (poison): 0.8829 | Val Acc: 0.7289 | Time: 00:00:13
Epoch 033 | Seed 42 | Rate 0.02 | Train Loss: 0.3292 | Val Loss: 0.7371 | Acc (clean): 0.9036 | Acc (poison): 0.8883 | Val Acc: 0.7922 | Time: 00:00:13
Epoch 034 | Seed 42 | Rate 0.02 | Train Loss: 0.3156 | Val Loss: 0.6958 | Acc (clean): 0.9066 | Acc (poison): 0.8913 | Val Acc: 0.8015 | Time: 00:00:13
Epoch 035 | Seed 42 | Rate 0.02 | Train Loss: 0.2815 | Val Loss: 1.1093 | Acc (clean): 0.9060 | Acc (poison): 0.8906 | Val Acc: 0.6963 | Time: 00:00:13
Epoch 036 | Seed 42 | Rate 0.02 | Train Loss: 0.2967 | Val Loss: 0.8799 | Acc (clean): 0.8985 | Acc (poison): 0.8824 | Val Acc: 0.7607 | Time: 00:00:13
Epoch 037 | Seed 42 | Rate 0.02 | Train Loss: 0.2886 | Val Loss: 0.6624 | Acc (clean): 0.9030 | Acc (poison): 0.8872 | Val Acc: 0.8041 | Time: 00:00:13
Epoch 038 | Seed 42 | Rate 0.02 | Train Loss: 0.2817 | Val Loss: 0.6829 | Acc (clean): 0.9040 | Acc (poison): 0.8884 | Val Acc: 0.8052 | Time: 00:00:13
Epoch 039 | Seed 42 | Rate 0.02 | Train Loss: 0.2755 | Val Loss: 0.8774 | Acc (clean): 0.9081 | Acc (poison): 0.8922 | Val Acc: 0.7615 | Time: 00:00:13
Epoch 040 | Seed 42 | Rate 0.02 | Train Loss: 0.2823 | Val Loss: 0.5944 | Acc (clean): 0.9066 | Acc (poison): 0.8910 | Val Acc: 0.8296 | Time: 00:00:13
Epoch 041 | Seed 42 | Rate 0.02 | Train Loss: 0.2634 | Val Loss: 0.7385 | Acc (clean): 0.9114 | Acc (poison): 0.8961 | Val Acc: 0.8033 | Time: 00:00:13
Epoch 042 | Seed 42 | Rate 0.02 | Train Loss: 0.2737 | Val Loss: 1.0256 | Acc (clean): 0.9053 | Acc (poison): 0.8904 | Val Acc: 0.6993 | Time: 00:00:13
Epoch 043 | Seed 42 | Rate 0.02 | Train Loss: 0.2837 | Val Loss: 0.6414 | Acc (clean): 0.9051 | Acc (poison): 0.8893 | Val Acc: 0.8193 | Time: 00:00:13
Epoch 044 | Seed 42 | Rate 0.02 | Train Loss: 0.2733 | Val Loss: 0.7803 | Acc (clean): 0.9106 | Acc (poison): 0.8951 | Val Acc: 0.7833 | Time: 00:00:13
Epoch 045 | Seed 42 | Rate 0.02 | Train Loss: 0.2589 | Val Loss: 0.7167 | Acc (clean): 0.9132 | Acc (poison): 0.8972 | Val Acc: 0.7926 | Time: 00:00:13
Epoch 046 | Seed 42 | Rate 0.02 | Train Loss: 0.2624 | Val Loss: 0.7796 | Acc (clean): 0.9136 | Acc (poison): 0.8980 | Val Acc: 0.7819 | Time: 00:00:13
Epoch 047 | Seed 42 | Rate 0.02 | Train Loss: 0.2674 | Val Loss: 0.8256 | Acc (clean): 0.9102 | Acc (poison): 0.8944 | Val Acc: 0.7685 | Time: 00:00:13
Epoch 048 | Seed 42 | Rate 0.02 | Train Loss: 0.2670 | Val Loss: 0.6547 | Acc (clean): 0.9108 | Acc (poison): 0.8954 | Val Acc: 0.8130 | Time: 00:00:13
Epoch 049 | Seed 42 | Rate 0.02 | Train Loss: 0.2692 | Val Loss: 0.7811 | Acc (clean): 0.9107 | Acc (poison): 0.8946 | Val Acc: 0.7852 | Time: 00:00:13
Epoch 050 | Seed 42 | Rate 0.02 | Train Loss: 0.2657 | Val Loss: 0.6693 | Acc (clean): 0.9116 | Acc (poison): 0.8955 | Val Acc: 0.8085 | Time: 00:00:13
Epoch 051 | Seed 42 | Rate 0.02 | Train Loss: 0.1184 | Val Loss: 0.2788 | Acc (clean): 0.9651 | Acc (poison): 0.9485 | Val Acc: 0.9137 | Time: 00:00:13
Epoch 052 | Seed 42 | Rate 0.02 | Train Loss: 0.0785 | Val Loss: 0.2620 | Acc (clean): 0.9794 | Acc (poison): 0.9630 | Val Acc: 0.9193 | Time: 00:00:13
Epoch 053 | Seed 42 | Rate 0.02 | Train Loss: 0.0679 | Val Loss: 0.2611 | Acc (clean): 0.9837 | Acc (poison): 0.9678 | Val Acc: 0.9174 | Time: 00:00:13
Epoch 054 | Seed 42 | Rate 0.02 | Train Loss: 0.0542 | Val Loss: 0.2519 | Acc (clean): 0.9854 | Acc (poison): 0.9694 | Val Acc: 0.9252 | Time: 00:00:14
Epoch 055 | Seed 42 | Rate 0.02 | Train Loss: 0.0551 | Val Loss: 0.2519 | Acc (clean): 0.9875 | Acc (poison): 0.9717 | Val Acc: 0.9267 | Time: 00:00:13
Epoch 056 | Seed 42 | Rate 0.02 | Train Loss: 0.0478 | Val Loss: 0.2406 | Acc (clean): 0.9875 | Acc (poison): 0.9721 | Val Acc: 0.9267 | Time: 00:00:14
Epoch 057 | Seed 42 | Rate 0.02 | Train Loss: 0.0416 | Val Loss: 0.2496 | Acc (clean): 0.9892 | Acc (poison): 0.9745 | Val Acc: 0.9226 | Time: 00:00:13
Epoch 058 | Seed 42 | Rate 0.02 | Train Loss: 0.0448 | Val Loss: 0.2497 | Acc (clean): 0.9895 | Acc (poison): 0.9750 | Val Acc: 0.9233 | Time: 00:00:13
Epoch 059 | Seed 42 | Rate 0.02 | Train Loss: 0.0398 | Val Loss: 0.2504 | Acc (clean): 0.9909 | Acc (poison): 0.9764 | Val Acc: 0.9252 | Time: 00:00:13
Epoch 060 | Seed 42 | Rate 0.02 | Train Loss: 0.0351 | Val Loss: 0.2471 | Acc (clean): 0.9909 | Acc (poison): 0.9760 | Val Acc: 0.9270 | Time: 00:00:13
Epoch 061 | Seed 42 | Rate 0.02 | Train Loss: 0.0360 | Val Loss: 0.2584 | Acc (clean): 0.9910 | Acc (poison): 0.9771 | Val Acc: 0.9248 | Time: 00:00:13
Epoch 062 | Seed 42 | Rate 0.02 | Train Loss: 0.0354 | Val Loss: 0.2518 | Acc (clean): 0.9904 | Acc (poison): 0.9768 | Val Acc: 0.9267 | Time: 00:00:12
Epoch 063 | Seed 42 | Rate 0.02 | Train Loss: 0.0352 | Val Loss: 0.2400 | Acc (clean): 0.9919 | Acc (poison): 0.9786 | Val Acc: 0.9278 | Time: 00:00:13
Epoch 064 | Seed 42 | Rate 0.02 | Train Loss: 0.0314 | Val Loss: 0.2439 | Acc (clean): 0.9921 | Acc (poison): 0.9789 | Val Acc: 0.9278 | Time: 00:00:12
Epoch 065 | Seed 42 | Rate 0.02 | Train Loss: 0.0328 | Val Loss: 0.2399 | Acc (clean): 0.9917 | Acc (poison): 0.9788 | Val Acc: 0.9289 | Time: 00:00:13
Epoch 066 | Seed 42 | Rate 0.02 | Train Loss: 0.0326 | Val Loss: 0.2537 | Acc (clean): 0.9911 | Acc (poison): 0.9786 | Val Acc: 0.9270 | Time: 00:00:12
Epoch 067 | Seed 42 | Rate 0.02 | Train Loss: 0.0327 | Val Loss: 0.2446 | Acc (clean): 0.9919 | Acc (poison): 0.9801 | Val Acc: 0.9270 | Time: 00:00:12
Epoch 068 | Seed 42 | Rate 0.02 | Train Loss: 0.0298 | Val Loss: 0.2469 | Acc (clean): 0.9924 | Acc (poison): 0.9803 | Val Acc: 0.9285 | Time: 00:00:11
Epoch 069 | Seed 42 | Rate 0.02 | Train Loss: 0.0267 | Val Loss: 0.2522 | Acc (clean): 0.9918 | Acc (poison): 0.9800 | Val Acc: 0.9263 | Time: 00:00:11
Epoch 070 | Seed 42 | Rate 0.02 | Train Loss: 0.0243 | Val Loss: 0.2456 | Acc (clean): 0.9915 | Acc (poison): 0.9812 | Val Acc: 0.9270 | Time: 00:00:11
Epoch 071 | Seed 42 | Rate 0.02 | Train Loss: 0.0271 | Val Loss: 0.2471 | Acc (clean): 0.9912 | Acc (poison): 0.9799 | Val Acc: 0.9278 | Time: 00:00:12
Epoch 072 | Seed 42 | Rate 0.02 | Train Loss: 0.0265 | Val Loss: 0.2364 | Acc (clean): 0.9915 | Acc (poison): 0.9809 | Val Acc: 0.9326 | Time: 00:00:12
Epoch 073 | Seed 42 | Rate 0.02 | Train Loss: 0.0244 | Val Loss: 0.2462 | Acc (clean): 0.9910 | Acc (poison): 0.9806 | Val Acc: 0.9281 | Time: 00:00:11
Epoch 074 | Seed 42 | Rate 0.02 | Train Loss: 0.0224 | Val Loss: 0.2529 | Acc (clean): 0.9919 | Acc (poison): 0.9816 | Val Acc: 0.9285 | Time: 00:00:12
Epoch 075 | Seed 42 | Rate 0.02 | Train Loss: 0.0224 | Val Loss: 0.2434 | Acc (clean): 0.9920 | Acc (poison): 0.9818 | Val Acc: 0.9296 | Time: 00:00:11
Epoch 076 | Seed 42 | Rate 0.02 | Train Loss: 0.0227 | Val Loss: 0.2415 | Acc (clean): 0.9912 | Acc (poison): 0.9821 | Val Acc: 0.9278 | Time: 00:00:12
Epoch 077 | Seed 42 | Rate 0.02 | Train Loss: 0.0222 | Val Loss: 0.2403 | Acc (clean): 0.9920 | Acc (poison): 0.9823 | Val Acc: 0.9300 | Time: 00:00:11
Epoch 078 | Seed 42 | Rate 0.02 | Train Loss: 0.0202 | Val Loss: 0.2383 | Acc (clean): 0.9930 | Acc (poison): 0.9830 | Val Acc: 0.9307 | Time: 00:00:12
Epoch 079 | Seed 42 | Rate 0.02 | Train Loss: 0.0182 | Val Loss: 0.2412 | Acc (clean): 0.9922 | Acc (poison): 0.9830 | Val Acc: 0.9285 | Time: 00:00:12
Epoch 080 | Seed 42 | Rate 0.02 | Train Loss: 0.0215 | Val Loss: 0.2357 | Acc (clean): 0.9927 | Acc (poison): 0.9830 | Val Acc: 0.9319 | Time: 00:00:13
Epoch 081 | Seed 42 | Rate 0.02 | Train Loss: 0.0223 | Val Loss: 0.2417 | Acc (clean): 0.9915 | Acc (poison): 0.9820 | Val Acc: 0.9293 | Time: 00:00:12
Epoch 082 | Seed 42 | Rate 0.02 | Train Loss: 0.0203 | Val Loss: 0.2397 | Acc (clean): 0.9922 | Acc (poison): 0.9833 | Val Acc: 0.9311 | Time: 00:00:12
Epoch 083 | Seed 42 | Rate 0.02 | Train Loss: 0.0194 | Val Loss: 0.2395 | Acc (clean): 0.9927 | Acc (poison): 0.9832 | Val Acc: 0.9296 | Time: 00:00:12
Epoch 084 | Seed 42 | Rate 0.02 | Train Loss: 0.0205 | Val Loss: 0.2357 | Acc (clean): 0.9922 | Acc (poison): 0.9833 | Val Acc: 0.9337 | Time: 00:00:13
Epoch 085 | Seed 42 | Rate 0.02 | Train Loss: 0.0202 | Val Loss: 0.2379 | Acc (clean): 0.9924 | Acc (poison): 0.9833 | Val Acc: 0.9333 | Time: 00:00:13
Epoch 086 | Seed 42 | Rate 0.02 | Train Loss: 0.0207 | Val Loss: 0.2365 | Acc (clean): 0.9923 | Acc (poison): 0.9833 | Val Acc: 0.9315 | Time: 00:00:13
Epoch 087 | Seed 42 | Rate 0.02 | Train Loss: 0.0171 | Val Loss: 0.2349 | Acc (clean): 0.9925 | Acc (poison): 0.9836 | Val Acc: 0.9319 | Time: 00:00:13
Epoch 088 | Seed 42 | Rate 0.02 | Train Loss: 0.0165 | Val Loss: 0.2390 | Acc (clean): 0.9923 | Acc (poison): 0.9832 | Val Acc: 0.9315 | Time: 00:00:13
Epoch 089 | Seed 42 | Rate 0.02 | Train Loss: 0.0201 | Val Loss: 0.2378 | Acc (clean): 0.9925 | Acc (poison): 0.9834 | Val Acc: 0.9300 | Time: 00:00:13
Epoch 090 | Seed 42 | Rate 0.02 | Train Loss: 0.0189 | Val Loss: 0.2420 | Acc (clean): 0.9928 | Acc (poison): 0.9834 | Val Acc: 0.9304 | Time: 00:00:13
Epoch 091 | Seed 42 | Rate 0.02 | Train Loss: 0.0194 | Val Loss: 0.2410 | Acc (clean): 0.9923 | Acc (poison): 0.9837 | Val Acc: 0.9311 | Time: 00:00:13
Epoch 092 | Seed 42 | Rate 0.02 | Train Loss: 0.0189 | Val Loss: 0.2406 | Acc (clean): 0.9920 | Acc (poison): 0.9827 | Val Acc: 0.9304 | Time: 00:00:13
Epoch 093 | Seed 42 | Rate 0.02 | Train Loss: 0.0198 | Val Loss: 0.2401 | Acc (clean): 0.9920 | Acc (poison): 0.9832 | Val Acc: 0.9307 | Time: 00:00:13
Epoch 094 | Seed 42 | Rate 0.02 | Train Loss: 0.0163 | Val Loss: 0.2405 | Acc (clean): 0.9919 | Acc (poison): 0.9836 | Val Acc: 0.9330 | Time: 00:00:13
Epoch 095 | Seed 42 | Rate 0.02 | Train Loss: 0.0175 | Val Loss: 0.2393 | Acc (clean): 0.9922 | Acc (poison): 0.9838 | Val Acc: 0.9333 | Time: 00:00:13
Epoch 096 | Seed 42 | Rate 0.02 | Train Loss: 0.0203 | Val Loss: 0.2454 | Acc (clean): 0.9918 | Acc (poison): 0.9835 | Val Acc: 0.9319 | Time: 00:00:13
Epoch 097 | Seed 42 | Rate 0.02 | Train Loss: 0.0196 | Val Loss: 0.2396 | Acc (clean): 0.9923 | Acc (poison): 0.9835 | Val Acc: 0.9315 | Time: 00:00:13
Epoch 098 | Seed 42 | Rate 0.02 | Train Loss: 0.0184 | Val Loss: 0.2450 | Acc (clean): 0.9928 | Acc (poison): 0.9837 | Val Acc: 0.9304 | Time: 00:00:13
Epoch 099 | Seed 42 | Rate 0.02 | Train Loss: 0.0187 | Val Loss: 0.2384 | Acc (clean): 0.9923 | Acc (poison): 0.9835 | Val Acc: 0.9311 | Time: 00:00:13
Epoch 100 | Seed 42 | Rate 0.02 | Train Loss: 0.0193 | Val Loss: 0.2401 | Acc (clean): 0.9921 | Acc (poison): 0.9839 | Val Acc: 0.9319 | Time: 00:00:13

=== defense=small_loss attack=RQ1 seed=42 rate=0.05 ===
Loading train data from /home/yazanme/BachelorThesis/BachelorThesis/data/processed/resisc45/train.h5 with mapping /home/yazanme/BachelorThesis/BachelorThesis/data/processed/resisc45/poisoned/RQ1/seed_42/labels_0.05.pt... (in_memory=True, workers=4)
Testing torch.compile support...
Successfully compiled model using torch.compile.
Epoch 001 | Seed 42 | Rate 0.05 | Train Loss: 2.9250 | Val Loss: 2.1784 | Acc (clean): 0.2613 | Acc (poison): 0.2509 | Val Acc: 0.3733 | Time: 00:00:14
Epoch 002 | Seed 42 | Rate 0.05 | Train Loss: 2.1185 | Val Loss: 1.8827 | Acc (clean): 0.4527 | Acc (poison): 0.4316 | Val Acc: 0.4526 | Time: 00:00:14
Epoch 003 | Seed 42 | Rate 0.05 | Train Loss: 1.8330 | Val Loss: 1.9320 | Acc (clean): 0.5338 | Acc (poison): 0.5100 | Val Acc: 0.4474 | Time: 00:00:13
Epoch 004 | Seed 42 | Rate 0.05 | Train Loss: 1.6426 | Val Loss: 1.7239 | Acc (clean): 0.5936 | Acc (poison): 0.5650 | Val Acc: 0.5022 | Time: 00:00:13
Epoch 005 | Seed 42 | Rate 0.05 | Train Loss: 1.5087 | Val Loss: 1.4230 | Acc (clean): 0.6330 | Acc (poison): 0.6023 | Val Acc: 0.5711 | Time: 00:00:14
Epoch 006 | Seed 42 | Rate 0.05 | Train Loss: 1.3817 | Val Loss: 1.5642 | Acc (clean): 0.6744 | Acc (poison): 0.6433 | Val Acc: 0.5378 | Time: 00:00:13
Epoch 007 | Seed 42 | Rate 0.05 | Train Loss: 1.2624 | Val Loss: 1.6295 | Acc (clean): 0.7097 | Acc (poison): 0.6773 | Val Acc: 0.5596 | Time: 00:00:13
Epoch 008 | Seed 42 | Rate 0.05 | Train Loss: 1.1791 | Val Loss: 1.0595 | Acc (clean): 0.7382 | Acc (poison): 0.7037 | Val Acc: 0.6859 | Time: 00:00:14
Epoch 009 | Seed 42 | Rate 0.05 | Train Loss: 1.1030 | Val Loss: 1.0393 | Acc (clean): 0.7619 | Acc (poison): 0.7265 | Val Acc: 0.7019 | Time: 00:00:14
Epoch 010 | Seed 42 | Rate 0.05 | Train Loss: 1.0281 | Val Loss: 1.0055 | Acc (clean): 0.7881 | Acc (poison): 0.7517 | Val Acc: 0.7096 | Time: 00:00:14
Epoch 011 | Seed 42 | Rate 0.05 | Train Loss: 0.9722 | Val Loss: 0.8821 | Acc (clean): 0.8017 | Acc (poison): 0.7645 | Val Acc: 0.7378 | Time: 00:00:13
Epoch 012 | Seed 42 | Rate 0.05 | Train Loss: 0.9277 | Val Loss: 0.9080 | Acc (clean): 0.8192 | Acc (poison): 0.7803 | Val Acc: 0.7330 | Time: 00:00:13
Epoch 013 | Seed 42 | Rate 0.05 | Train Loss: 0.8830 | Val Loss: 0.8974 | Acc (clean): 0.8294 | Acc (poison): 0.7914 | Val Acc: 0.7333 | Time: 00:00:13
Epoch 014 | Seed 42 | Rate 0.05 | Train Loss: 0.8472 | Val Loss: 1.0160 | Acc (clean): 0.8382 | Acc (poison): 0.7993 | Val Acc: 0.7104 | Time: 00:00:13
Epoch 015 | Seed 42 | Rate 0.05 | Train Loss: 0.8257 | Val Loss: 1.0284 | Acc (clean): 0.8468 | Acc (poison): 0.8085 | Val Acc: 0.7056 | Time: 00:00:13
Epoch 016 | Seed 42 | Rate 0.05 | Train Loss: 0.8037 | Val Loss: 0.6388 | Acc (clean): 0.8487 | Acc (poison): 0.8098 | Val Acc: 0.8085 | Time: 00:00:13
Epoch 017 | Seed 42 | Rate 0.05 | Train Loss: 0.7739 | Val Loss: 0.6590 | Acc (clean): 0.8595 | Acc (poison): 0.8203 | Val Acc: 0.8070 | Time: 00:00:13
Epoch 018 | Seed 42 | Rate 0.05 | Train Loss: 0.7560 | Val Loss: 0.7135 | Acc (clean): 0.8673 | Acc (poison): 0.8289 | Val Acc: 0.7926 | Time: 00:00:13
Epoch 019 | Seed 42 | Rate 0.05 | Train Loss: 0.7379 | Val Loss: 1.1396 | Acc (clean): 0.8698 | Acc (poison): 0.8307 | Val Acc: 0.6719 | Time: 00:00:13
Epoch 020 | Seed 42 | Rate 0.05 | Train Loss: 0.7215 | Val Loss: 0.9636 | Acc (clean): 0.8723 | Acc (poison): 0.8339 | Val Acc: 0.7352 | Time: 00:00:13
Epoch 021 | Seed 42 | Rate 0.05 | Train Loss: 0.7141 | Val Loss: 0.7536 | Acc (clean): 0.8707 | Acc (poison): 0.8331 | Val Acc: 0.7811 | Time: 00:00:13
Epoch 022 | Seed 42 | Rate 0.05 | Train Loss: 0.6973 | Val Loss: 0.8355 | Acc (clean): 0.8772 | Acc (poison): 0.8396 | Val Acc: 0.7567 | Time: 00:00:13
Epoch 023 | Seed 42 | Rate 0.05 | Train Loss: 0.6695 | Val Loss: 0.6968 | Acc (clean): 0.8831 | Acc (poison): 0.8449 | Val Acc: 0.8037 | Time: 00:00:13
Epoch 024 | Seed 42 | Rate 0.05 | Train Loss: 0.6649 | Val Loss: 0.7573 | Acc (clean): 0.8853 | Acc (poison): 0.8477 | Val Acc: 0.7881 | Time: 00:00:13
Epoch 025 | Seed 42 | Rate 0.05 | Train Loss: 0.6530 | Val Loss: 0.7431 | Acc (clean): 0.8875 | Acc (poison): 0.8503 | Val Acc: 0.7919 | Time: 00:00:13
Epoch 026 | Seed 42 | Rate 0.05 | Train Loss: 0.5920 | Val Loss: 0.8827 | Acc (clean): 0.8854 | Acc (poison): 0.8478 | Val Acc: 0.7541 | Time: 00:00:13
Epoch 027 | Seed 42 | Rate 0.05 | Train Loss: 0.5868 | Val Loss: 0.7117 | Acc (clean): 0.8873 | Acc (poison): 0.8493 | Val Acc: 0.7981 | Time: 00:00:13
Epoch 028 | Seed 42 | Rate 0.05 | Train Loss: 0.5268 | Val Loss: 0.8996 | Acc (clean): 0.8892 | Acc (poison): 0.8517 | Val Acc: 0.7444 | Time: 00:00:13
Epoch 029 | Seed 42 | Rate 0.05 | Train Loss: 0.4581 | Val Loss: 0.9431 | Acc (clean): 0.8935 | Acc (poison): 0.8558 | Val Acc: 0.7322 | Time: 00:00:13
Epoch 030 | Seed 42 | Rate 0.05 | Train Loss: 0.4647 | Val Loss: 0.7820 | Acc (clean): 0.8923 | Acc (poison): 0.8544 | Val Acc: 0.7841 | Time: 00:00:13
Epoch 031 | Seed 42 | Rate 0.05 | Train Loss: 0.4228 | Val Loss: 0.9538 | Acc (clean): 0.8919 | Acc (poison): 0.8542 | Val Acc: 0.7526 | Time: 00:00:13
Epoch 032 | Seed 42 | Rate 0.05 | Train Loss: 0.4155 | Val Loss: 0.7309 | Acc (clean): 0.8958 | Acc (poison): 0.8570 | Val Acc: 0.7915 | Time: 00:00:13
Epoch 033 | Seed 42 | Rate 0.05 | Train Loss: 0.3721 | Val Loss: 0.8127 | Acc (clean): 0.8959 | Acc (poison): 0.8584 | Val Acc: 0.7722 | Time: 00:00:13
Epoch 034 | Seed 42 | Rate 0.05 | Train Loss: 0.3266 | Val Loss: 0.7889 | Acc (clean): 0.8939 | Acc (poison): 0.8558 | Val Acc: 0.7870 | Time: 00:00:13
Epoch 035 | Seed 42 | Rate 0.05 | Train Loss: 0.3293 | Val Loss: 0.9130 | Acc (clean): 0.8953 | Acc (poison): 0.8575 | Val Acc: 0.7411 | Time: 00:00:13
Epoch 036 | Seed 42 | Rate 0.05 | Train Loss: 0.3385 | Val Loss: 0.9293 | Acc (clean): 0.8908 | Acc (poison): 0.8526 | Val Acc: 0.7519 | Time: 00:00:13
Epoch 037 | Seed 42 | Rate 0.05 | Train Loss: 0.3256 | Val Loss: 1.0343 | Acc (clean): 0.8963 | Acc (poison): 0.8576 | Val Acc: 0.7278 | Time: 00:00:13
Epoch 038 | Seed 42 | Rate 0.05 | Train Loss: 0.3289 | Val Loss: 0.7279 | Acc (clean): 0.8960 | Acc (poison): 0.8573 | Val Acc: 0.7911 | Time: 00:00:13
Epoch 039 | Seed 42 | Rate 0.05 | Train Loss: 0.3083 | Val Loss: 0.7404 | Acc (clean): 0.9036 | Acc (poison): 0.8645 | Val Acc: 0.7867 | Time: 00:00:13
Epoch 040 | Seed 42 | Rate 0.05 | Train Loss: 0.3193 | Val Loss: 0.8436 | Acc (clean): 0.9001 | Acc (poison): 0.8612 | Val Acc: 0.7693 | Time: 00:00:13
Epoch 041 | Seed 42 | Rate 0.05 | Train Loss: 0.3178 | Val Loss: 0.6589 | Acc (clean): 0.9009 | Acc (poison): 0.8624 | Val Acc: 0.8104 | Time: 00:00:13
Epoch 042 | Seed 42 | Rate 0.05 | Train Loss: 0.3205 | Val Loss: 0.7400 | Acc (clean): 0.8992 | Acc (poison): 0.8612 | Val Acc: 0.7896 | Time: 00:00:13
Epoch 043 | Seed 42 | Rate 0.05 | Train Loss: 0.3177 | Val Loss: 0.6658 | Acc (clean): 0.8985 | Acc (poison): 0.8601 | Val Acc: 0.8030 | Time: 00:00:13
Epoch 044 | Seed 42 | Rate 0.05 | Train Loss: 0.2986 | Val Loss: 0.8482 | Acc (clean): 0.9064 | Acc (poison): 0.8668 | Val Acc: 0.7607 | Time: 00:00:13
Epoch 045 | Seed 42 | Rate 0.05 | Train Loss: 0.3034 | Val Loss: 0.7524 | Acc (clean): 0.9038 | Acc (poison): 0.8652 | Val Acc: 0.7789 | Time: 00:00:13
Epoch 046 | Seed 42 | Rate 0.05 | Train Loss: 0.3124 | Val Loss: 1.3576 | Acc (clean): 0.9008 | Acc (poison): 0.8627 | Val Acc: 0.6637 | Time: 00:00:13
Epoch 047 | Seed 42 | Rate 0.05 | Train Loss: 0.3120 | Val Loss: 1.0097 | Acc (clean): 0.9044 | Acc (poison): 0.8661 | Val Acc: 0.7207 | Time: 00:00:13
Epoch 048 | Seed 42 | Rate 0.05 | Train Loss: 0.2958 | Val Loss: 0.8247 | Acc (clean): 0.9089 | Acc (poison): 0.8706 | Val Acc: 0.7648 | Time: 00:00:14
Epoch 049 | Seed 42 | Rate 0.05 | Train Loss: 0.3154 | Val Loss: 0.7953 | Acc (clean): 0.9027 | Acc (poison): 0.8643 | Val Acc: 0.7767 | Time: 00:00:13
Epoch 050 | Seed 42 | Rate 0.05 | Train Loss: 0.3131 | Val Loss: 0.7043 | Acc (clean): 0.9012 | Acc (poison): 0.8627 | Val Acc: 0.7956 | Time: 00:00:13
Epoch 051 | Seed 42 | Rate 0.05 | Train Loss: 0.1665 | Val Loss: 0.3130 | Acc (clean): 0.9568 | Acc (poison): 0.9166 | Val Acc: 0.9070 | Time: 00:00:14
Epoch 052 | Seed 42 | Rate 0.05 | Train Loss: 0.1115 | Val Loss: 0.2897 | Acc (clean): 0.9730 | Acc (poison): 0.9341 | Val Acc: 0.9141 | Time: 00:00:14
Epoch 053 | Seed 42 | Rate 0.05 | Train Loss: 0.0976 | Val Loss: 0.2875 | Acc (clean): 0.9781 | Acc (poison): 0.9395 | Val Acc: 0.9185 | Time: 00:00:13
Epoch 054 | Seed 42 | Rate 0.05 | Train Loss: 0.0810 | Val Loss: 0.2808 | Acc (clean): 0.9783 | Acc (poison): 0.9421 | Val Acc: 0.9222 | Time: 00:00:14
Epoch 055 | Seed 42 | Rate 0.05 | Train Loss: 0.0779 | Val Loss: 0.2811 | Acc (clean): 0.9794 | Acc (poison): 0.9439 | Val Acc: 0.9185 | Time: 00:00:13
Epoch 056 | Seed 42 | Rate 0.05 | Train Loss: 0.0698 | Val Loss: 0.2803 | Acc (clean): 0.9812 | Acc (poison): 0.9454 | Val Acc: 0.9222 | Time: 00:00:13
Epoch 057 | Seed 42 | Rate 0.05 | Train Loss: 0.0677 | Val Loss: 0.2860 | Acc (clean): 0.9815 | Acc (poison): 0.9477 | Val Acc: 0.9204 | Time: 00:00:13
Epoch 058 | Seed 42 | Rate 0.05 | Train Loss: 0.0615 | Val Loss: 0.2749 | Acc (clean): 0.9817 | Acc (poison): 0.9492 | Val Acc: 0.9222 | Time: 00:00:13
Epoch 059 | Seed 42 | Rate 0.05 | Train Loss: 0.0628 | Val Loss: 0.2863 | Acc (clean): 0.9828 | Acc (poison): 0.9507 | Val Acc: 0.9167 | Time: 00:00:13
Epoch 060 | Seed 42 | Rate 0.05 | Train Loss: 0.0577 | Val Loss: 0.2798 | Acc (clean): 0.9829 | Acc (poison): 0.9515 | Val Acc: 0.9219 | Time: 00:00:14
Epoch 061 | Seed 42 | Rate 0.05 | Train Loss: 0.0560 | Val Loss: 0.2796 | Acc (clean): 0.9832 | Acc (poison): 0.9529 | Val Acc: 0.9204 | Time: 00:00:13
Epoch 062 | Seed 42 | Rate 0.05 | Train Loss: 0.0582 | Val Loss: 0.2760 | Acc (clean): 0.9826 | Acc (poison): 0.9519 | Val Acc: 0.9215 | Time: 00:00:13
Epoch 063 | Seed 42 | Rate 0.05 | Train Loss: 0.0497 | Val Loss: 0.2715 | Acc (clean): 0.9832 | Acc (poison): 0.9544 | Val Acc: 0.9252 | Time: 00:00:13
Epoch 064 | Seed 42 | Rate 0.05 | Train Loss: 0.0506 | Val Loss: 0.2820 | Acc (clean): 0.9831 | Acc (poison): 0.9542 | Val Acc: 0.9178 | Time: 00:00:13
Epoch 065 | Seed 42 | Rate 0.05 | Train Loss: 0.0478 | Val Loss: 0.2870 | Acc (clean): 0.9829 | Acc (poison): 0.9545 | Val Acc: 0.9174 | Time: 00:00:13
Epoch 066 | Seed 42 | Rate 0.05 | Train Loss: 0.0430 | Val Loss: 0.2841 | Acc (clean): 0.9823 | Acc (poison): 0.9562 | Val Acc: 0.9189 | Time: 00:00:13
Epoch 067 | Seed 42 | Rate 0.05 | Train Loss: 0.0412 | Val Loss: 0.2883 | Acc (clean): 0.9822 | Acc (poison): 0.9559 | Val Acc: 0.9226 | Time: 00:00:13
Epoch 068 | Seed 42 | Rate 0.05 | Train Loss: 0.0409 | Val Loss: 0.2808 | Acc (clean): 0.9835 | Acc (poison): 0.9567 | Val Acc: 0.9237 | Time: 00:00:13
Epoch 069 | Seed 42 | Rate 0.05 | Train Loss: 0.0346 | Val Loss: 0.2800 | Acc (clean): 0.9821 | Acc (poison): 0.9573 | Val Acc: 0.9248 | Time: 00:00:13
Epoch 070 | Seed 42 | Rate 0.05 | Train Loss: 0.0391 | Val Loss: 0.2801 | Acc (clean): 0.9824 | Acc (poison): 0.9591 | Val Acc: 0.9219 | Time: 00:00:13
Epoch 071 | Seed 42 | Rate 0.05 | Train Loss: 0.0359 | Val Loss: 0.2945 | Acc (clean): 0.9812 | Acc (poison): 0.9570 | Val Acc: 0.9156 | Time: 00:00:13
Epoch 072 | Seed 42 | Rate 0.05 | Train Loss: 0.0319 | Val Loss: 0.2738 | Acc (clean): 0.9819 | Acc (poison): 0.9585 | Val Acc: 0.9237 | Time: 00:00:13
Epoch 073 | Seed 42 | Rate 0.05 | Train Loss: 0.0360 | Val Loss: 0.2806 | Acc (clean): 0.9819 | Acc (poison): 0.9591 | Val Acc: 0.9181 | Time: 00:00:12
Epoch 074 | Seed 42 | Rate 0.05 | Train Loss: 0.0333 | Val Loss: 0.2895 | Acc (clean): 0.9821 | Acc (poison): 0.9588 | Val Acc: 0.9181 | Time: 00:00:12
Epoch 075 | Seed 42 | Rate 0.05 | Train Loss: 0.0313 | Val Loss: 0.2934 | Acc (clean): 0.9815 | Acc (poison): 0.9603 | Val Acc: 0.9174 | Time: 00:00:13
Epoch 076 | Seed 42 | Rate 0.05 | Train Loss: 0.0309 | Val Loss: 0.2850 | Acc (clean): 0.9816 | Acc (poison): 0.9608 | Val Acc: 0.9163 | Time: 00:00:13
Epoch 077 | Seed 42 | Rate 0.05 | Train Loss: 0.0293 | Val Loss: 0.2791 | Acc (clean): 0.9814 | Acc (poison): 0.9609 | Val Acc: 0.9230 | Time: 00:00:13
Epoch 078 | Seed 42 | Rate 0.05 | Train Loss: 0.0237 | Val Loss: 0.2764 | Acc (clean): 0.9815 | Acc (poison): 0.9611 | Val Acc: 0.9222 | Time: 00:00:12
Epoch 079 | Seed 42 | Rate 0.05 | Train Loss: 0.0286 | Val Loss: 0.2780 | Acc (clean): 0.9818 | Acc (poison): 0.9612 | Val Acc: 0.9204 | Time: 00:00:13
Epoch 080 | Seed 42 | Rate 0.05 | Train Loss: 0.0289 | Val Loss: 0.2757 | Acc (clean): 0.9815 | Acc (poison): 0.9618 | Val Acc: 0.9233 | Time: 00:00:13
Epoch 081 | Seed 42 | Rate 0.05 | Train Loss: 0.0304 | Val Loss: 0.2801 | Acc (clean): 0.9816 | Acc (poison): 0.9614 | Val Acc: 0.9215 | Time: 00:00:13
Epoch 082 | Seed 42 | Rate 0.05 | Train Loss: 0.0287 | Val Loss: 0.2754 | Acc (clean): 0.9818 | Acc (poison): 0.9619 | Val Acc: 0.9230 | Time: 00:00:13
Epoch 083 | Seed 42 | Rate 0.05 | Train Loss: 0.0277 | Val Loss: 0.2758 | Acc (clean): 0.9822 | Acc (poison): 0.9620 | Val Acc: 0.9226 | Time: 00:00:13
Epoch 084 | Seed 42 | Rate 0.05 | Train Loss: 0.0276 | Val Loss: 0.2751 | Acc (clean): 0.9820 | Acc (poison): 0.9620 | Val Acc: 0.9222 | Time: 00:00:13
Epoch 085 | Seed 42 | Rate 0.05 | Train Loss: 0.0255 | Val Loss: 0.2748 | Acc (clean): 0.9818 | Acc (poison): 0.9619 | Val Acc: 0.9233 | Time: 00:00:13
Epoch 086 | Seed 42 | Rate 0.05 | Train Loss: 0.0280 | Val Loss: 0.2721 | Acc (clean): 0.9809 | Acc (poison): 0.9623 | Val Acc: 0.9244 | Time: 00:00:13
Epoch 087 | Seed 42 | Rate 0.05 | Train Loss: 0.0229 | Val Loss: 0.2704 | Acc (clean): 0.9822 | Acc (poison): 0.9618 | Val Acc: 0.9222 | Time: 00:00:14
Epoch 088 | Seed 42 | Rate 0.05 | Train Loss: 0.0272 | Val Loss: 0.2763 | Acc (clean): 0.9820 | Acc (poison): 0.9620 | Val Acc: 0.9219 | Time: 00:00:13
Epoch 089 | Seed 42 | Rate 0.05 | Train Loss: 0.0297 | Val Loss: 0.2718 | Acc (clean): 0.9822 | Acc (poison): 0.9620 | Val Acc: 0.9226 | Time: 00:00:13
Epoch 090 | Seed 42 | Rate 0.05 | Train Loss: 0.0247 | Val Loss: 0.2783 | Acc (clean): 0.9816 | Acc (poison): 0.9628 | Val Acc: 0.9215 | Time: 00:00:14
Epoch 091 | Seed 42 | Rate 0.05 | Train Loss: 0.0265 | Val Loss: 0.2772 | Acc (clean): 0.9809 | Acc (poison): 0.9628 | Val Acc: 0.9230 | Time: 00:00:13
Epoch 092 | Seed 42 | Rate 0.05 | Train Loss: 0.0259 | Val Loss: 0.2773 | Acc (clean): 0.9809 | Acc (poison): 0.9623 | Val Acc: 0.9207 | Time: 00:00:13
Epoch 093 | Seed 42 | Rate 0.05 | Train Loss: 0.0251 | Val Loss: 0.2760 | Acc (clean): 0.9810 | Acc (poison): 0.9627 | Val Acc: 0.9219 | Time: 00:00:13
Epoch 094 | Seed 42 | Rate 0.05 | Train Loss: 0.0241 | Val Loss: 0.2745 | Acc (clean): 0.9812 | Acc (poison): 0.9622 | Val Acc: 0.9222 | Time: 00:00:13
Epoch 095 | Seed 42 | Rate 0.05 | Train Loss: 0.0250 | Val Loss: 0.2741 | Acc (clean): 0.9819 | Acc (poison): 0.9628 | Val Acc: 0.9222 | Time: 00:00:13
Epoch 096 | Seed 42 | Rate 0.05 | Train Loss: 0.0245 | Val Loss: 0.2809 | Acc (clean): 0.9814 | Acc (poison): 0.9628 | Val Acc: 0.9196 | Time: 00:00:13
Epoch 097 | Seed 42 | Rate 0.05 | Train Loss: 0.0251 | Val Loss: 0.2753 | Acc (clean): 0.9812 | Acc (poison): 0.9621 | Val Acc: 0.9219 | Time: 00:00:13
Epoch 098 | Seed 42 | Rate 0.05 | Train Loss: 0.0224 | Val Loss: 0.2801 | Acc (clean): 0.9814 | Acc (poison): 0.9634 | Val Acc: 0.9215 | Time: 00:00:13
Epoch 099 | Seed 42 | Rate 0.05 | Train Loss: 0.0218 | Val Loss: 0.2735 | Acc (clean): 0.9814 | Acc (poison): 0.9630 | Val Acc: 0.9248 | Time: 00:00:13
Epoch 100 | Seed 42 | Rate 0.05 | Train Loss: 0.0241 | Val Loss: 0.2744 | Acc (clean): 0.9812 | Acc (poison): 0.9628 | Val Acc: 0.9226 | Time: 00:00:13

=== defense=small_loss attack=RQ1 seed=42 rate=0.1 ===
Loading train data from /home/yazanme/BachelorThesis/BachelorThesis/data/processed/resisc45/train.h5 with mapping /home/yazanme/BachelorThesis/BachelorThesis/data/processed/resisc45/poisoned/RQ1/seed_42/labels_0.10.pt... (in_memory=True, workers=4)
Testing torch.compile support...
Successfully compiled model using torch.compile.
Epoch 001 | Seed 42 | Rate 0.10 | Train Loss: 3.0106 | Val Loss: 2.4416 | Acc (clean): 0.2617 | Acc (poison): 0.2364 | Val Acc: 0.3130 | Time: 00:00:14
Epoch 002 | Seed 42 | Rate 0.10 | Train Loss: 2.3399 | Val Loss: 1.8748 | Acc (clean): 0.4405 | Acc (poison): 0.3977 | Val Acc: 0.4733 | Time: 00:00:14
Epoch 003 | Seed 42 | Rate 0.10 | Train Loss: 2.0840 | Val Loss: 1.9878 | Acc (clean): 0.5205 | Acc (poison): 0.4711 | Val Acc: 0.4322 | Time: 00:00:13
Epoch 004 | Seed 42 | Rate 0.10 | Train Loss: 1.9019 | Val Loss: 1.6133 | Acc (clean): 0.5857 | Acc (poison): 0.5299 | Val Acc: 0.5393 | Time: 00:00:15
Epoch 005 | Seed 42 | Rate 0.10 | Train Loss: 1.7733 | Val Loss: 1.5186 | Acc (clean): 0.6292 | Acc (poison): 0.5685 | Val Acc: 0.5581 | Time: 00:00:14
Epoch 006 | Seed 42 | Rate 0.10 | Train Loss: 1.6635 | Val Loss: 1.5702 | Acc (clean): 0.6627 | Acc (poison): 0.6012 | Val Acc: 0.5500 | Time: 00:00:14
Epoch 007 | Seed 42 | Rate 0.10 | Train Loss: 1.5480 | Val Loss: 1.2627 | Acc (clean): 0.7062 | Acc (poison): 0.6391 | Val Acc: 0.6515 | Time: 00:00:13
Epoch 008 | Seed 42 | Rate 0.10 | Train Loss: 1.4736 | Val Loss: 1.1515 | Acc (clean): 0.7303 | Acc (poison): 0.6602 | Val Acc: 0.6785 | Time: 00:00:14
Epoch 009 | Seed 42 | Rate 0.10 | Train Loss: 1.3995 | Val Loss: 1.3287 | Acc (clean): 0.7514 | Acc (poison): 0.6791 | Val Acc: 0.6393 | Time: 00:00:13
Epoch 010 | Seed 42 | Rate 0.10 | Train Loss: 1.3285 | Val Loss: 1.0473 | Acc (clean): 0.7733 | Acc (poison): 0.6999 | Val Acc: 0.7048 | Time: 00:00:14
Epoch 011 | Seed 42 | Rate 0.10 | Train Loss: 1.2845 | Val Loss: 0.9352 | Acc (clean): 0.7893 | Acc (poison): 0.7144 | Val Acc: 0.7381 | Time: 00:00:14
Epoch 012 | Seed 42 | Rate 0.10 | Train Loss: 1.2284 | Val Loss: 0.9451 | Acc (clean): 0.8083 | Acc (poison): 0.7317 | Val Acc: 0.7570 | Time: 00:00:13
Epoch 013 | Seed 42 | Rate 0.10 | Train Loss: 1.1978 | Val Loss: 1.1715 | Acc (clean): 0.8172 | Acc (poison): 0.7411 | Val Acc: 0.6704 | Time: 00:00:13
Epoch 014 | Seed 42 | Rate 0.10 | Train Loss: 1.1691 | Val Loss: 0.9253 | Acc (clean): 0.8257 | Acc (poison): 0.7491 | Val Acc: 0.7504 | Time: 00:00:14
Epoch 015 | Seed 42 | Rate 0.10 | Train Loss: 1.1345 | Val Loss: 0.9787 | Acc (clean): 0.8356 | Acc (poison): 0.7586 | Val Acc: 0.7352 | Time: 00:00:14
Epoch 016 | Seed 42 | Rate 0.10 | Train Loss: 1.1145 | Val Loss: 0.9637 | Acc (clean): 0.8388 | Acc (poison): 0.7605 | Val Acc: 0.7381 | Time: 00:00:13
Epoch 017 | Seed 42 | Rate 0.10 | Train Loss: 1.0817 | Val Loss: 0.8306 | Acc (clean): 0.8482 | Acc (poison): 0.7711 | Val Acc: 0.7744 | Time: 00:00:14
Epoch 018 | Seed 42 | Rate 0.10 | Train Loss: 1.0746 | Val Loss: 0.9356 | Acc (clean): 0.8532 | Acc (poison): 0.7741 | Val Acc: 0.7407 | Time: 00:00:13
Epoch 019 | Seed 42 | Rate 0.10 | Train Loss: 1.0540 | Val Loss: 0.8268 | Acc (clean): 0.8533 | Acc (poison): 0.7749 | Val Acc: 0.7678 | Time: 00:00:14
Epoch 020 | Seed 42 | Rate 0.10 | Train Loss: 1.0216 | Val Loss: 0.9281 | Acc (clean): 0.8626 | Acc (poison): 0.7843 | Val Acc: 0.7511 | Time: 00:00:13
Epoch 021 | Seed 42 | Rate 0.10 | Train Loss: 1.0217 | Val Loss: 0.8936 | Acc (clean): 0.8616 | Acc (poison): 0.7850 | Val Acc: 0.7559 | Time: 00:00:13
Epoch 022 | Seed 42 | Rate 0.10 | Train Loss: 1.0010 | Val Loss: 0.7737 | Acc (clean): 0.8645 | Acc (poison): 0.7877 | Val Acc: 0.7919 | Time: 00:00:14
Epoch 023 | Seed 42 | Rate 0.10 | Train Loss: 0.9851 | Val Loss: 0.9558 | Acc (clean): 0.8684 | Acc (poison): 0.7906 | Val Acc: 0.7444 | Time: 00:00:13
Epoch 024 | Seed 42 | Rate 0.10 | Train Loss: 0.9692 | Val Loss: 0.9295 | Acc (clean): 0.8718 | Acc (poison): 0.7952 | Val Acc: 0.7470 | Time: 00:00:13
Epoch 025 | Seed 42 | Rate 0.10 | Train Loss: 0.9512 | Val Loss: 0.8036 | Acc (clean): 0.8731 | Acc (poison): 0.7969 | Val Acc: 0.7822 | Time: 00:00:13
Epoch 026 | Seed 42 | Rate 0.10 | Train Loss: 0.8951 | Val Loss: 0.9571 | Acc (clean): 0.8737 | Acc (poison): 0.7959 | Val Acc: 0.7441 | Time: 00:00:13
Epoch 027 | Seed 42 | Rate 0.10 | Train Loss: 0.7954 | Val Loss: 0.8725 | Acc (clean): 0.8690 | Acc (poison): 0.7935 | Val Acc: 0.7700 | Time: 00:00:13
Epoch 028 | Seed 42 | Rate 0.10 | Train Loss: 0.7547 | Val Loss: 0.9002 | Acc (clean): 0.8684 | Acc (poison): 0.7926 | Val Acc: 0.7556 | Time: 00:00:13
Epoch 029 | Seed 42 | Rate 0.10 | Train Loss: 0.6829 | Val Loss: 0.8215 | Acc (clean): 0.8771 | Acc (poison): 0.8004 | Val Acc: 0.7656 | Time: 00:00:13
Epoch 030 | Seed 42 | Rate 0.10 | Train Loss: 0.6358 | Val Loss: 0.9433 | Acc (clean): 0.8764 | Acc (poison): 0.8005 | Val Acc: 0.7322 | Time: 00:00:13
Epoch 031 | Seed 42 | Rate 0.10 | Train Loss: 0.5552 | Val Loss: 0.8729 | Acc (clean): 0.8737 | Acc (poison): 0.7980 | Val Acc: 0.7578 | Time: 00:00:13
Epoch 032 | Seed 42 | Rate 0.10 | Train Loss: 0.4962 | Val Loss: 0.8239 | Acc (clean): 0.8770 | Acc (poison): 0.8011 | Val Acc: 0.7652 | Time: 00:00:13
Epoch 033 | Seed 42 | Rate 0.10 | Train Loss: 0.4640 | Val Loss: 0.7784 | Acc (clean): 0.8761 | Acc (poison): 0.8003 | Val Acc: 0.7681 | Time: 00:00:13
Epoch 034 | Seed 42 | Rate 0.10 | Train Loss: 0.3893 | Val Loss: 1.1631 | Acc (clean): 0.8730 | Acc (poison): 0.7971 | Val Acc: 0.6833 | Time: 00:00:13
Epoch 035 | Seed 42 | Rate 0.10 | Train Loss: 0.3502 | Val Loss: 0.8635 | Acc (clean): 0.8775 | Acc (poison): 0.7995 | Val Acc: 0.7681 | Time: 00:00:13
Epoch 036 | Seed 42 | Rate 0.10 | Train Loss: 0.3528 | Val Loss: 0.6266 | Acc (clean): 0.8810 | Acc (poison): 0.8020 | Val Acc: 0.8193 | Time: 00:00:13
Epoch 037 | Seed 42 | Rate 0.10 | Train Loss: 0.3384 | Val Loss: 0.9885 | Acc (clean): 0.8816 | Acc (poison): 0.8047 | Val Acc: 0.7448 | Time: 00:00:13
Epoch 038 | Seed 42 | Rate 0.10 | Train Loss: 0.3385 | Val Loss: 0.6716 | Acc (clean): 0.8816 | Acc (poison): 0.8030 | Val Acc: 0.8022 | Time: 00:00:13
Epoch 039 | Seed 42 | Rate 0.10 | Train Loss: 0.3525 | Val Loss: 0.8381 | Acc (clean): 0.8828 | Acc (poison): 0.8030 | Val Acc: 0.7685 | Time: 00:00:13
Epoch 040 | Seed 42 | Rate 0.10 | Train Loss: 0.3474 | Val Loss: 0.6082 | Acc (clean): 0.8819 | Acc (poison): 0.8024 | Val Acc: 0.8319 | Time: 00:00:14
Epoch 041 | Seed 42 | Rate 0.10 | Train Loss: 0.3330 | Val Loss: 0.6954 | Acc (clean): 0.8867 | Acc (poison): 0.8079 | Val Acc: 0.8044 | Time: 00:00:13
Epoch 042 | Seed 42 | Rate 0.10 | Train Loss: 0.3413 | Val Loss: 0.8417 | Acc (clean): 0.8814 | Acc (poison): 0.8044 | Val Acc: 0.7641 | Time: 00:00:13
Epoch 043 | Seed 42 | Rate 0.10 | Train Loss: 0.3372 | Val Loss: 1.0587 | Acc (clean): 0.8860 | Acc (poison): 0.8062 | Val Acc: 0.7178 | Time: 00:00:13
Epoch 044 | Seed 42 | Rate 0.10 | Train Loss: 0.3283 | Val Loss: 1.0310 | Acc (clean): 0.8898 | Acc (poison): 0.8102 | Val Acc: 0.7393 | Time: 00:00:13
Epoch 045 | Seed 42 | Rate 0.10 | Train Loss: 0.3308 | Val Loss: 0.8209 | Acc (clean): 0.8886 | Acc (poison): 0.8081 | Val Acc: 0.7693 | Time: 00:00:14
Epoch 046 | Seed 42 | Rate 0.10 | Train Loss: 0.3387 | Val Loss: 1.0615 | Acc (clean): 0.8879 | Acc (poison): 0.8085 | Val Acc: 0.7081 | Time: 00:00:14
Epoch 047 | Seed 42 | Rate 0.10 | Train Loss: 0.3426 | Val Loss: 0.9574 | Acc (clean): 0.8853 | Acc (poison): 0.8060 | Val Acc: 0.7411 | Time: 00:00:14
Epoch 048 | Seed 42 | Rate 0.10 | Train Loss: 0.3370 | Val Loss: 0.7876 | Acc (clean): 0.8841 | Acc (poison): 0.8067 | Val Acc: 0.7900 | Time: 00:00:13
Epoch 049 | Seed 42 | Rate 0.10 | Train Loss: 0.3250 | Val Loss: 0.7655 | Acc (clean): 0.8910 | Acc (poison): 0.8108 | Val Acc: 0.7874 | Time: 00:00:13
Epoch 050 | Seed 42 | Rate 0.10 | Train Loss: 0.3155 | Val Loss: 0.8857 | Acc (clean): 0.8929 | Acc (poison): 0.8137 | Val Acc: 0.7574 | Time: 00:00:13
Epoch 051 | Seed 42 | Rate 0.10 | Train Loss: 0.1748 | Val Loss: 0.3128 | Acc (clean): 0.9471 | Acc (poison): 0.8645 | Val Acc: 0.9074 | Time: 00:00:13
Epoch 052 | Seed 42 | Rate 0.10 | Train Loss: 0.1200 | Val Loss: 0.2843 | Acc (clean): 0.9640 | Acc (poison): 0.8802 | Val Acc: 0.9115 | Time: 00:00:14
Epoch 053 | Seed 42 | Rate 0.10 | Train Loss: 0.1001 | Val Loss: 0.2926 | Acc (clean): 0.9703 | Acc (poison): 0.8875 | Val Acc: 0.9122 | Time: 00:00:13
Epoch 054 | Seed 42 | Rate 0.10 | Train Loss: 0.0910 | Val Loss: 0.2825 | Acc (clean): 0.9715 | Acc (poison): 0.8907 | Val Acc: 0.9137 | Time: 00:00:20
Epoch 055 | Seed 42 | Rate 0.10 | Train Loss: 0.0855 | Val Loss: 0.2754 | Acc (clean): 0.9735 | Acc (poison): 0.8932 | Val Acc: 0.9167 | Time: 00:00:22
Epoch 056 | Seed 42 | Rate 0.10 | Train Loss: 0.0771 | Val Loss: 0.2749 | Acc (clean): 0.9741 | Acc (poison): 0.8941 | Val Acc: 0.9159 | Time: 00:00:22
Epoch 057 | Seed 42 | Rate 0.10 | Train Loss: 0.0781 | Val Loss: 0.2889 | Acc (clean): 0.9750 | Acc (poison): 0.8961 | Val Acc: 0.9119 | Time: 00:00:13
Epoch 058 | Seed 42 | Rate 0.10 | Train Loss: 0.0743 | Val Loss: 0.2914 | Acc (clean): 0.9751 | Acc (poison): 0.8968 | Val Acc: 0.9104 | Time: 00:00:13
Epoch 059 | Seed 42 | Rate 0.10 | Train Loss: 0.0722 | Val Loss: 0.2915 | Acc (clean): 0.9753 | Acc (poison): 0.8979 | Val Acc: 0.9152 | Time: 00:00:13
Epoch 060 | Seed 42 | Rate 0.10 | Train Loss: 0.0684 | Val Loss: 0.3029 | Acc (clean): 0.9767 | Acc (poison): 0.8996 | Val Acc: 0.9141 | Time: 00:00:13
Epoch 061 | Seed 42 | Rate 0.10 | Train Loss: 0.0653 | Val Loss: 0.2807 | Acc (clean): 0.9756 | Acc (poison): 0.9003 | Val Acc: 0.9133 | Time: 00:00:13
Epoch 062 | Seed 42 | Rate 0.10 | Train Loss: 0.0668 | Val Loss: 0.2865 | Acc (clean): 0.9756 | Acc (poison): 0.9006 | Val Acc: 0.9126 | Time: 00:00:13
Epoch 063 | Seed 42 | Rate 0.10 | Train Loss: 0.0619 | Val Loss: 0.2855 | Acc (clean): 0.9765 | Acc (poison): 0.9027 | Val Acc: 0.9167 | Time: 00:00:13
Epoch 064 | Seed 42 | Rate 0.10 | Train Loss: 0.0567 | Val Loss: 0.2990 | Acc (clean): 0.9772 | Acc (poison): 0.9039 | Val Acc: 0.9126 | Time: 00:00:13
Epoch 065 | Seed 42 | Rate 0.10 | Train Loss: 0.0565 | Val Loss: 0.2913 | Acc (clean): 0.9765 | Acc (poison): 0.9038 | Val Acc: 0.9122 | Time: 00:00:13
Epoch 066 | Seed 42 | Rate 0.10 | Train Loss: 0.0560 | Val Loss: 0.3002 | Acc (clean): 0.9754 | Acc (poison): 0.9035 | Val Acc: 0.9093 | Time: 00:00:13
Epoch 067 | Seed 42 | Rate 0.10 | Train Loss: 0.0490 | Val Loss: 0.2924 | Acc (clean): 0.9753 | Acc (poison): 0.9050 | Val Acc: 0.9167 | Time: 00:00:13
Epoch 068 | Seed 42 | Rate 0.10 | Train Loss: 0.0498 | Val Loss: 0.2967 | Acc (clean): 0.9764 | Acc (poison): 0.9067 | Val Acc: 0.9119 | Time: 00:00:13
Epoch 069 | Seed 42 | Rate 0.10 | Train Loss: 0.0454 | Val Loss: 0.2870 | Acc (clean): 0.9761 | Acc (poison): 0.9063 | Val Acc: 0.9163 | Time: 00:00:13
Epoch 070 | Seed 42 | Rate 0.10 | Train Loss: 0.0521 | Val Loss: 0.2999 | Acc (clean): 0.9761 | Acc (poison): 0.9077 | Val Acc: 0.9163 | Time: 00:00:15
Epoch 071 | Seed 42 | Rate 0.10 | Train Loss: 0.0486 | Val Loss: 0.2972 | Acc (clean): 0.9740 | Acc (poison): 0.9066 | Val Acc: 0.9141 | Time: 00:00:13
Epoch 072 | Seed 42 | Rate 0.10 | Train Loss: 0.0415 | Val Loss: 0.2941 | Acc (clean): 0.9760 | Acc (poison): 0.9084 | Val Acc: 0.9156 | Time: 00:00:13
Epoch 073 | Seed 42 | Rate 0.10 | Train Loss: 0.0427 | Val Loss: 0.2982 | Acc (clean): 0.9748 | Acc (poison): 0.9091 | Val Acc: 0.9130 | Time: 00:00:12
Epoch 074 | Seed 42 | Rate 0.10 | Train Loss: 0.0447 | Val Loss: 0.3067 | Acc (clean): 0.9755 | Acc (poison): 0.9099 | Val Acc: 0.9104 | Time: 00:00:13
Epoch 075 | Seed 42 | Rate 0.10 | Train Loss: 0.0366 | Val Loss: 0.2924 | Acc (clean): 0.9739 | Acc (poison): 0.9107 | Val Acc: 0.9152 | Time: 00:00:13
Epoch 076 | Seed 42 | Rate 0.10 | Train Loss: 0.0371 | Val Loss: 0.2879 | Acc (clean): 0.9744 | Acc (poison): 0.9114 | Val Acc: 0.9181 | Time: 00:00:13
Epoch 077 | Seed 42 | Rate 0.10 | Train Loss: 0.0318 | Val Loss: 0.2879 | Acc (clean): 0.9744 | Acc (poison): 0.9123 | Val Acc: 0.9185 | Time: 00:00:12
Epoch 078 | Seed 42 | Rate 0.10 | Train Loss: 0.0328 | Val Loss: 0.2839 | Acc (clean): 0.9755 | Acc (poison): 0.9130 | Val Acc: 0.9167 | Time: 00:00:12
Epoch 079 | Seed 42 | Rate 0.10 | Train Loss: 0.0311 | Val Loss: 0.2863 | Acc (clean): 0.9748 | Acc (poison): 0.9119 | Val Acc: 0.9159 | Time: 00:00:12
Epoch 080 | Seed 42 | Rate 0.10 | Train Loss: 0.0339 | Val Loss: 0.2835 | Acc (clean): 0.9750 | Acc (poison): 0.9125 | Val Acc: 0.9163 | Time: 00:00:12
Epoch 081 | Seed 42 | Rate 0.10 | Train Loss: 0.0374 | Val Loss: 0.2881 | Acc (clean): 0.9731 | Acc (poison): 0.9130 | Val Acc: 0.9178 | Time: 00:00:13
Epoch 082 | Seed 42 | Rate 0.10 | Train Loss: 0.0391 | Val Loss: 0.2855 | Acc (clean): 0.9750 | Acc (poison): 0.9126 | Val Acc: 0.9148 | Time: 00:00:13
Epoch 083 | Seed 42 | Rate 0.10 | Train Loss: 0.0296 | Val Loss: 0.2859 | Acc (clean): 0.9753 | Acc (poison): 0.9135 | Val Acc: 0.9185 | Time: 00:00:13
Epoch 084 | Seed 42 | Rate 0.10 | Train Loss: 0.0357 | Val Loss: 0.2850 | Acc (clean): 0.9739 | Acc (poison): 0.9131 | Val Acc: 0.9163 | Time: 00:00:13
Epoch 085 | Seed 42 | Rate 0.10 | Train Loss: 0.0351 | Val Loss: 0.2865 | Acc (clean): 0.9750 | Acc (poison): 0.9133 | Val Acc: 0.9167 | Time: 00:00:13
Epoch 086 | Seed 42 | Rate 0.10 | Train Loss: 0.0327 | Val Loss: 0.2860 | Acc (clean): 0.9743 | Acc (poison): 0.9133 | Val Acc: 0.9174 | Time: 00:00:13
Epoch 087 | Seed 42 | Rate 0.10 | Train Loss: 0.0294 | Val Loss: 0.2840 | Acc (clean): 0.9746 | Acc (poison): 0.9140 | Val Acc: 0.9196 | Time: 00:00:13
Epoch 088 | Seed 42 | Rate 0.10 | Train Loss: 0.0358 | Val Loss: 0.2877 | Acc (clean): 0.9746 | Acc (poison): 0.9140 | Val Acc: 0.9174 | Time: 00:00:13
Epoch 089 | Seed 42 | Rate 0.10 | Train Loss: 0.0277 | Val Loss: 0.2835 | Acc (clean): 0.9750 | Acc (poison): 0.9142 | Val Acc: 0.9156 | Time: 00:00:13
Epoch 090 | Seed 42 | Rate 0.10 | Train Loss: 0.0306 | Val Loss: 0.2882 | Acc (clean): 0.9742 | Acc (poison): 0.9139 | Val Acc: 0.9174 | Time: 00:00:13
Epoch 091 | Seed 42 | Rate 0.10 | Train Loss: 0.0283 | Val Loss: 0.2879 | Acc (clean): 0.9747 | Acc (poison): 0.9140 | Val Acc: 0.9141 | Time: 00:00:13
Epoch 092 | Seed 42 | Rate 0.10 | Train Loss: 0.0324 | Val Loss: 0.2859 | Acc (clean): 0.9749 | Acc (poison): 0.9143 | Val Acc: 0.9144 | Time: 00:00:13
Epoch 093 | Seed 42 | Rate 0.10 | Train Loss: 0.0315 | Val Loss: 0.2878 | Acc (clean): 0.9742 | Acc (poison): 0.9143 | Val Acc: 0.9178 | Time: 00:00:13
Epoch 094 | Seed 42 | Rate 0.10 | Train Loss: 0.0307 | Val Loss: 0.2855 | Acc (clean): 0.9747 | Acc (poison): 0.9136 | Val Acc: 0.9178 | Time: 00:00:13
Epoch 095 | Seed 42 | Rate 0.10 | Train Loss: 0.0288 | Val Loss: 0.2861 | Acc (clean): 0.9745 | Acc (poison): 0.9146 | Val Acc: 0.9144 | Time: 00:00:13
Epoch 096 | Seed 42 | Rate 0.10 | Train Loss: 0.0336 | Val Loss: 0.2925 | Acc (clean): 0.9755 | Acc (poison): 0.9151 | Val Acc: 0.9137 | Time: 00:00:13
Epoch 097 | Seed 42 | Rate 0.10 | Train Loss: 0.0295 | Val Loss: 0.2872 | Acc (clean): 0.9744 | Acc (poison): 0.9143 | Val Acc: 0.9152 | Time: 00:00:15
Epoch 098 | Seed 42 | Rate 0.10 | Train Loss: 0.0316 | Val Loss: 0.2913 | Acc (clean): 0.9756 | Acc (poison): 0.9136 | Val Acc: 0.9163 | Time: 00:00:15
Epoch 099 | Seed 42 | Rate 0.10 | Train Loss: 0.0303 | Val Loss: 0.2850 | Acc (clean): 0.9743 | Acc (poison): 0.9147 | Val Acc: 0.9167 | Time: 00:00:16
Epoch 100 | Seed 42 | Rate 0.10 | Train Loss: 0.0266 | Val Loss: 0.2884 | Acc (clean): 0.9749 | Acc (poison): 0.9150 | Val Acc: 0.9144 | Time: 00:00:13

=== defense=small_loss attack=RQ1 seed=42 rate=0.2 ===
Loading train data from /home/yazanme/BachelorThesis/BachelorThesis/data/processed/resisc45/train.h5 with mapping /home/yazanme/BachelorThesis/BachelorThesis/data/processed/resisc45/poisoned/RQ1/seed_42/labels_0.20.pt... (in_memory=True, workers=4)
Testing torch.compile support...
Successfully compiled model using torch.compile.
Epoch 001 | Seed 42 | Rate 0.20 | Train Loss: 3.2251 | Val Loss: 2.4776 | Acc (clean): 0.2476 | Acc (poison): 0.2019 | Val Acc: 0.3104 | Time: 00:00:14
Epoch 002 | Seed 42 | Rate 0.20 | Train Loss: 2.7044 | Val Loss: 2.2492 | Acc (clean): 0.4156 | Acc (poison): 0.3352 | Val Acc: 0.3715 | Time: 00:00:27
Epoch 003 | Seed 42 | Rate 0.20 | Train Loss: 2.5013 | Val Loss: 1.9612 | Acc (clean): 0.4916 | Acc (poison): 0.3974 | Val Acc: 0.4674 | Time: 00:00:29
Epoch 004 | Seed 42 | Rate 0.20 | Train Loss: 2.3680 | Val Loss: 2.0399 | Acc (clean): 0.5501 | Acc (poison): 0.4446 | Val Acc: 0.4278 | Time: 00:00:13
Epoch 005 | Seed 42 | Rate 0.20 | Train Loss: 2.2740 | Val Loss: 1.6415 | Acc (clean): 0.5849 | Acc (poison): 0.4714 | Val Acc: 0.5615 | Time: 00:00:26
Epoch 006 | Seed 42 | Rate 0.20 | Train Loss: 2.1853 | Val Loss: 1.5290 | Acc (clean): 0.6170 | Acc (poison): 0.5018 | Val Acc: 0.5870 | Time: 00:00:26
Epoch 007 | Seed 42 | Rate 0.20 | Train Loss: 2.1062 | Val Loss: 1.7174 | Acc (clean): 0.6490 | Acc (poison): 0.5257 | Val Acc: 0.5474 | Time: 00:00:13
Epoch 008 | Seed 42 | Rate 0.20 | Train Loss: 2.0385 | Val Loss: 1.6135 | Acc (clean): 0.6732 | Acc (poison): 0.5435 | Val Acc: 0.5759 | Time: 00:00:13
Epoch 009 | Seed 42 | Rate 0.20 | Train Loss: 1.9812 | Val Loss: 1.6448 | Acc (clean): 0.6966 | Acc (poison): 0.5616 | Val Acc: 0.5641 | Time: 00:00:13
Epoch 010 | Seed 42 | Rate 0.20 | Train Loss: 1.9196 | Val Loss: 1.3203 | Acc (clean): 0.7190 | Acc (poison): 0.5816 | Val Acc: 0.6630 | Time: 00:00:26
Epoch 011 | Seed 42 | Rate 0.20 | Train Loss: 1.8611 | Val Loss: 1.1907 | Acc (clean): 0.7396 | Acc (poison): 0.6000 | Val Acc: 0.6815 | Time: 00:00:23
Epoch 012 | Seed 42 | Rate 0.20 | Train Loss: 1.8110 | Val Loss: 1.1090 | Acc (clean): 0.7614 | Acc (poison): 0.6163 | Val Acc: 0.7326 | Time: 00:00:24
Epoch 013 | Seed 42 | Rate 0.20 | Train Loss: 1.7746 | Val Loss: 1.2452 | Acc (clean): 0.7695 | Acc (poison): 0.6236 | Val Acc: 0.6574 | Time: 00:00:13
Epoch 014 | Seed 42 | Rate 0.20 | Train Loss: 1.7356 | Val Loss: 1.3020 | Acc (clean): 0.7853 | Acc (poison): 0.6372 | Val Acc: 0.6626 | Time: 00:00:13
Epoch 015 | Seed 42 | Rate 0.20 | Train Loss: 1.7049 | Val Loss: 1.1928 | Acc (clean): 0.7935 | Acc (poison): 0.6435 | Val Acc: 0.7015 | Time: 00:00:13
Epoch 016 | Seed 42 | Rate 0.20 | Train Loss: 1.6759 | Val Loss: 1.1840 | Acc (clean): 0.8047 | Acc (poison): 0.6548 | Val Acc: 0.6996 | Time: 00:00:13
Epoch 017 | Seed 42 | Rate 0.20 | Train Loss: 1.6468 | Val Loss: 1.0360 | Acc (clean): 0.8119 | Acc (poison): 0.6593 | Val Acc: 0.7370 | Time: 00:00:25
Epoch 018 | Seed 42 | Rate 0.20 | Train Loss: 1.6265 | Val Loss: 0.9931 | Acc (clean): 0.8163 | Acc (poison): 0.6641 | Val Acc: 0.7378 | Time: 00:00:21
Epoch 019 | Seed 42 | Rate 0.20 | Train Loss: 1.6095 | Val Loss: 1.2849 | Acc (clean): 0.8202 | Acc (poison): 0.6692 | Val Acc: 0.6793 | Time: 00:00:13
Epoch 020 | Seed 42 | Rate 0.20 | Train Loss: 1.5808 | Val Loss: 1.2714 | Acc (clean): 0.8300 | Acc (poison): 0.6779 | Val Acc: 0.6930 | Time: 00:00:13
Epoch 021 | Seed 42 | Rate 0.20 | Train Loss: 1.5650 | Val Loss: 1.0506 | Acc (clean): 0.8300 | Acc (poison): 0.6791 | Val Acc: 0.7404 | Time: 00:00:13
Epoch 022 | Seed 42 | Rate 0.20 | Train Loss: 1.5507 | Val Loss: 1.1342 | Acc (clean): 0.8341 | Acc (poison): 0.6834 | Val Acc: 0.7174 | Time: 00:00:13
Epoch 023 | Seed 42 | Rate 0.20 | Train Loss: 1.5223 | Val Loss: 1.0470 | Acc (clean): 0.8415 | Acc (poison): 0.6893 | Val Acc: 0.7448 | Time: 00:00:13
Epoch 024 | Seed 42 | Rate 0.20 | Train Loss: 1.5092 | Val Loss: 1.0691 | Acc (clean): 0.8410 | Acc (poison): 0.6904 | Val Acc: 0.7419 | Time: 00:00:13
Epoch 025 | Seed 42 | Rate 0.20 | Train Loss: 1.4890 | Val Loss: 0.9227 | Acc (clean): 0.8458 | Acc (poison): 0.6957 | Val Acc: 0.7685 | Time: 00:00:57
Epoch 026 | Seed 42 | Rate 0.20 | Train Loss: 1.3689 | Val Loss: 0.9963 | Acc (clean): 0.8405 | Acc (poison): 0.6904 | Val Acc: 0.7511 | Time: 00:00:13
Epoch 027 | Seed 42 | Rate 0.20 | Train Loss: 1.2756 | Val Loss: 1.0333 | Acc (clean): 0.8375 | Acc (poison): 0.6903 | Val Acc: 0.7381 | Time: 00:00:13
Epoch 028 | Seed 42 | Rate 0.20 | Train Loss: 1.1573 | Val Loss: 1.1278 | Acc (clean): 0.8362 | Acc (poison): 0.6891 | Val Acc: 0.7063 | Time: 00:00:13
Epoch 029 | Seed 42 | Rate 0.20 | Train Loss: 1.0569 | Val Loss: 0.9997 | Acc (clean): 0.8408 | Acc (poison): 0.6925 | Val Acc: 0.7407 | Time: 00:00:13
Epoch 030 | Seed 42 | Rate 0.20 | Train Loss: 0.9371 | Val Loss: 0.8283 | Acc (clean): 0.8416 | Acc (poison): 0.6937 | Val Acc: 0.7685 | Time: 00:00:17
Epoch 031 | Seed 42 | Rate 0.20 | Train Loss: 0.8516 | Val Loss: 0.9661 | Acc (clean): 0.8408 | Acc (poison): 0.6938 | Val Acc: 0.7311 | Time: 00:00:13
Epoch 032 | Seed 42 | Rate 0.20 | Train Loss: 0.7201 | Val Loss: 1.0326 | Acc (clean): 0.8421 | Acc (poison): 0.6936 | Val Acc: 0.7204 | Time: 00:00:13
Epoch 033 | Seed 42 | Rate 0.20 | Train Loss: 0.6288 | Val Loss: 0.8051 | Acc (clean): 0.8428 | Acc (poison): 0.6941 | Val Acc: 0.7674 | Time: 00:00:13
Epoch 034 | Seed 42 | Rate 0.20 | Train Loss: 0.4962 | Val Loss: 0.8038 | Acc (clean): 0.8494 | Acc (poison): 0.6990 | Val Acc: 0.7763 | Time: 00:00:13
Epoch 035 | Seed 42 | Rate 0.20 | Train Loss: 0.4189 | Val Loss: 1.4732 | Acc (clean): 0.8468 | Acc (poison): 0.6932 | Val Acc: 0.6611 | Time: 00:00:13
Epoch 036 | Seed 42 | Rate 0.20 | Train Loss: 0.4299 | Val Loss: 0.9731 | Acc (clean): 0.8419 | Acc (poison): 0.6888 | Val Acc: 0.7359 | Time: 00:00:13
Epoch 037 | Seed 42 | Rate 0.20 | Train Loss: 0.3943 | Val Loss: 1.1255 | Acc (clean): 0.8542 | Acc (poison): 0.6995 | Val Acc: 0.7093 | Time: 00:00:13
Epoch 038 | Seed 42 | Rate 0.20 | Train Loss: 0.3869 | Val Loss: 0.9492 | Acc (clean): 0.8573 | Acc (poison): 0.7019 | Val Acc: 0.7370 | Time: 00:00:13
Epoch 039 | Seed 42 | Rate 0.20 | Train Loss: 0.3985 | Val Loss: 0.9742 | Acc (clean): 0.8535 | Acc (poison): 0.6984 | Val Acc: 0.7178 | Time: 00:00:13
Epoch 040 | Seed 42 | Rate 0.20 | Train Loss: 0.3998 | Val Loss: 0.8151 | Acc (clean): 0.8537 | Acc (poison): 0.6974 | Val Acc: 0.7737 | Time: 00:00:13
Epoch 041 | Seed 42 | Rate 0.20 | Train Loss: 0.3855 | Val Loss: 1.0492 | Acc (clean): 0.8580 | Acc (poison): 0.7037 | Val Acc: 0.7300 | Time: 00:00:13
Epoch 042 | Seed 42 | Rate 0.20 | Train Loss: 0.4008 | Val Loss: 0.7785 | Acc (clean): 0.8533 | Acc (poison): 0.6990 | Val Acc: 0.7689 | Time: 00:00:14
Epoch 043 | Seed 42 | Rate 0.20 | Train Loss: 0.3784 | Val Loss: 0.9369 | Acc (clean): 0.8598 | Acc (poison): 0.7021 | Val Acc: 0.7426 | Time: 00:00:13
Epoch 044 | Seed 42 | Rate 0.20 | Train Loss: 0.3761 | Val Loss: 0.8760 | Acc (clean): 0.8617 | Acc (poison): 0.7058 | Val Acc: 0.7652 | Time: 00:00:13
Epoch 045 | Seed 42 | Rate 0.20 | Train Loss: 0.3797 | Val Loss: 0.9305 | Acc (clean): 0.8602 | Acc (poison): 0.7034 | Val Acc: 0.7422 | Time: 00:00:13
Epoch 046 | Seed 42 | Rate 0.20 | Train Loss: 0.3834 | Val Loss: 0.9190 | Acc (clean): 0.8586 | Acc (poison): 0.7032 | Val Acc: 0.7430 | Time: 00:00:13
Epoch 047 | Seed 42 | Rate 0.20 | Train Loss: 0.3784 | Val Loss: 1.0508 | Acc (clean): 0.8598 | Acc (poison): 0.7041 | Val Acc: 0.7104 | Time: 00:00:13
Epoch 048 | Seed 42 | Rate 0.20 | Train Loss: 0.3937 | Val Loss: 0.7696 | Acc (clean): 0.8565 | Acc (poison): 0.7004 | Val Acc: 0.7844 | Time: 00:00:14
Epoch 049 | Seed 42 | Rate 0.20 | Train Loss: 0.3696 | Val Loss: 1.0563 | Acc (clean): 0.8633 | Acc (poison): 0.7073 | Val Acc: 0.7193 | Time: 00:00:13
Epoch 050 | Seed 42 | Rate 0.20 | Train Loss: 0.3889 | Val Loss: 0.6554 | Acc (clean): 0.8592 | Acc (poison): 0.7037 | Val Acc: 0.8219 | Time: 00:00:14
Epoch 051 | Seed 42 | Rate 0.20 | Train Loss: 0.2149 | Val Loss: 0.3765 | Acc (clean): 0.9235 | Acc (poison): 0.7561 | Val Acc: 0.8826 | Time: 00:00:14
Epoch 052 | Seed 42 | Rate 0.20 | Train Loss: 0.1482 | Val Loss: 0.3418 | Acc (clean): 0.9460 | Acc (poison): 0.7773 | Val Acc: 0.8952 | Time: 00:00:14
Epoch 053 | Seed 42 | Rate 0.20 | Train Loss: 0.1350 | Val Loss: 0.3310 | Acc (clean): 0.9502 | Acc (poison): 0.7833 | Val Acc: 0.8985 | Time: 00:00:13
Epoch 054 | Seed 42 | Rate 0.20 | Train Loss: 0.1290 | Val Loss: 0.3419 | Acc (clean): 0.9529 | Acc (poison): 0.7872 | Val Acc: 0.8967 | Time: 00:00:13
Epoch 055 | Seed 42 | Rate 0.20 | Train Loss: 0.1087 | Val Loss: 0.3319 | Acc (clean): 0.9563 | Acc (poison): 0.7909 | Val Acc: 0.8978 | Time: 00:00:13
Epoch 056 | Seed 42 | Rate 0.20 | Train Loss: 0.0954 | Val Loss: 0.3202 | Acc (clean): 0.9565 | Acc (poison): 0.7919 | Val Acc: 0.9074 | Time: 00:00:14
Epoch 057 | Seed 42 | Rate 0.20 | Train Loss: 0.0977 | Val Loss: 0.3365 | Acc (clean): 0.9573 | Acc (poison): 0.7944 | Val Acc: 0.9037 | Time: 00:00:13
Epoch 058 | Seed 42 | Rate 0.20 | Train Loss: 0.0875 | Val Loss: 0.3241 | Acc (clean): 0.9578 | Acc (poison): 0.7964 | Val Acc: 0.9019 | Time: 00:00:13
Epoch 059 | Seed 42 | Rate 0.20 | Train Loss: 0.0875 | Val Loss: 0.3458 | Acc (clean): 0.9578 | Acc (poison): 0.7985 | Val Acc: 0.8985 | Time: 00:00:13
Epoch 060 | Seed 42 | Rate 0.20 | Train Loss: 0.0905 | Val Loss: 0.3347 | Acc (clean): 0.9581 | Acc (poison): 0.7998 | Val Acc: 0.9030 | Time: 00:00:13
Epoch 061 | Seed 42 | Rate 0.20 | Train Loss: 0.0879 | Val Loss: 0.3466 | Acc (clean): 0.9605 | Acc (poison): 0.8024 | Val Acc: 0.9044 | Time: 00:00:13
Epoch 062 | Seed 42 | Rate 0.20 | Train Loss: 0.0861 | Val Loss: 0.3482 | Acc (clean): 0.9567 | Acc (poison): 0.8020 | Val Acc: 0.9019 | Time: 00:00:12
Epoch 063 | Seed 42 | Rate 0.20 | Train Loss: 0.0722 | Val Loss: 0.3370 | Acc (clean): 0.9587 | Acc (poison): 0.8041 | Val Acc: 0.9026 | Time: 00:00:12
Epoch 064 | Seed 42 | Rate 0.20 | Train Loss: 0.0778 | Val Loss: 0.3502 | Acc (clean): 0.9578 | Acc (poison): 0.8052 | Val Acc: 0.8996 | Time: 00:00:13
Epoch 065 | Seed 42 | Rate 0.20 | Train Loss: 0.0754 | Val Loss: 0.3354 | Acc (clean): 0.9582 | Acc (poison): 0.8056 | Val Acc: 0.9085 | Time: 00:00:13
Epoch 066 | Seed 42 | Rate 0.20 | Train Loss: 0.0771 | Val Loss: 0.3528 | Acc (clean): 0.9572 | Acc (poison): 0.8056 | Val Acc: 0.8996 | Time: 00:00:13
Epoch 067 | Seed 42 | Rate 0.20 | Train Loss: 0.0732 | Val Loss: 0.3434 | Acc (clean): 0.9560 | Acc (poison): 0.8067 | Val Acc: 0.9019 | Time: 00:00:12
Epoch 068 | Seed 42 | Rate 0.20 | Train Loss: 0.0535 | Val Loss: 0.3522 | Acc (clean): 0.9576 | Acc (poison): 0.8085 | Val Acc: 0.9030 | Time: 00:00:12
Epoch 069 | Seed 42 | Rate 0.20 | Train Loss: 0.0537 | Val Loss: 0.3502 | Acc (clean): 0.9584 | Acc (poison): 0.8082 | Val Acc: 0.8989 | Time: 00:00:13
Epoch 070 | Seed 42 | Rate 0.20 | Train Loss: 0.0577 | Val Loss: 0.3465 | Acc (clean): 0.9584 | Acc (poison): 0.8108 | Val Acc: 0.8981 | Time: 00:00:13
Epoch 071 | Seed 42 | Rate 0.20 | Train Loss: 0.0561 | Val Loss: 0.3404 | Acc (clean): 0.9560 | Acc (poison): 0.8104 | Val Acc: 0.8952 | Time: 00:00:13
Epoch 072 | Seed 42 | Rate 0.20 | Train Loss: 0.0484 | Val Loss: 0.3517 | Acc (clean): 0.9582 | Acc (poison): 0.8119 | Val Acc: 0.8978 | Time: 00:00:13
Epoch 073 | Seed 42 | Rate 0.20 | Train Loss: 0.0594 | Val Loss: 0.3743 | Acc (clean): 0.9550 | Acc (poison): 0.8127 | Val Acc: 0.8907 | Time: 00:00:13
Epoch 074 | Seed 42 | Rate 0.20 | Train Loss: 0.0487 | Val Loss: 0.3767 | Acc (clean): 0.9575 | Acc (poison): 0.8143 | Val Acc: 0.8900 | Time: 00:00:13
Epoch 075 | Seed 42 | Rate 0.20 | Train Loss: 0.0451 | Val Loss: 0.3586 | Acc (clean): 0.9553 | Acc (poison): 0.8153 | Val Acc: 0.8981 | Time: 00:00:13
Epoch 076 | Seed 42 | Rate 0.20 | Train Loss: 0.0465 | Val Loss: 0.3484 | Acc (clean): 0.9543 | Acc (poison): 0.8167 | Val Acc: 0.8989 | Time: 00:00:13
Epoch 077 | Seed 42 | Rate 0.20 | Train Loss: 0.0494 | Val Loss: 0.3477 | Acc (clean): 0.9553 | Acc (poison): 0.8179 | Val Acc: 0.8985 | Time: 00:00:13
Epoch 078 | Seed 42 | Rate 0.20 | Train Loss: 0.0388 | Val Loss: 0.3441 | Acc (clean): 0.9564 | Acc (poison): 0.8187 | Val Acc: 0.9015 | Time: 00:00:13
Epoch 079 | Seed 42 | Rate 0.20 | Train Loss: 0.0386 | Val Loss: 0.3446 | Acc (clean): 0.9553 | Acc (poison): 0.8177 | Val Acc: 0.9004 | Time: 00:00:12
Epoch 080 | Seed 42 | Rate 0.20 | Train Loss: 0.0421 | Val Loss: 0.3396 | Acc (clean): 0.9557 | Acc (poison): 0.8181 | Val Acc: 0.9030 | Time: 00:00:13
Epoch 081 | Seed 42 | Rate 0.20 | Train Loss: 0.0405 | Val Loss: 0.3465 | Acc (clean): 0.9563 | Acc (poison): 0.8186 | Val Acc: 0.8996 | Time: 00:00:12
Epoch 082 | Seed 42 | Rate 0.20 | Train Loss: 0.0467 | Val Loss: 0.3444 | Acc (clean): 0.9553 | Acc (poison): 0.8194 | Val Acc: 0.8996 | Time: 00:00:13
Epoch 083 | Seed 42 | Rate 0.20 | Train Loss: 0.0386 | Val Loss: 0.3400 | Acc (clean): 0.9560 | Acc (poison): 0.8204 | Val Acc: 0.9011 | Time: 00:00:13
Epoch 084 | Seed 42 | Rate 0.20 | Train Loss: 0.0372 | Val Loss: 0.3395 | Acc (clean): 0.9556 | Acc (poison): 0.8195 | Val Acc: 0.9048 | Time: 00:00:13
Epoch 085 | Seed 42 | Rate 0.20 | Train Loss: 0.0461 | Val Loss: 0.3460 | Acc (clean): 0.9570 | Acc (poison): 0.8198 | Val Acc: 0.9041 | Time: 00:00:13
Epoch 086 | Seed 42 | Rate 0.20 | Train Loss: 0.0367 | Val Loss: 0.3431 | Acc (clean): 0.9547 | Acc (poison): 0.8209 | Val Acc: 0.9011 | Time: 00:00:13
Epoch 087 | Seed 42 | Rate 0.20 | Train Loss: 0.0384 | Val Loss: 0.3425 | Acc (clean): 0.9562 | Acc (poison): 0.8210 | Val Acc: 0.9033 | Time: 00:00:13
Epoch 088 | Seed 42 | Rate 0.20 | Train Loss: 0.0356 | Val Loss: 0.3459 | Acc (clean): 0.9551 | Acc (poison): 0.8211 | Val Acc: 0.9000 | Time: 00:00:13
Epoch 089 | Seed 42 | Rate 0.20 | Train Loss: 0.0355 | Val Loss: 0.3417 | Acc (clean): 0.9553 | Acc (poison): 0.8202 | Val Acc: 0.9026 | Time: 00:00:13
Epoch 090 | Seed 42 | Rate 0.20 | Train Loss: 0.0355 | Val Loss: 0.3482 | Acc (clean): 0.9565 | Acc (poison): 0.8201 | Val Acc: 0.9000 | Time: 00:00:14
Epoch 091 | Seed 42 | Rate 0.20 | Train Loss: 0.0360 | Val Loss: 0.3490 | Acc (clean): 0.9558 | Acc (poison): 0.8209 | Val Acc: 0.8989 | Time: 00:00:13
Epoch 092 | Seed 42 | Rate 0.20 | Train Loss: 0.0320 | Val Loss: 0.3450 | Acc (clean): 0.9555 | Acc (poison): 0.8203 | Val Acc: 0.8996 | Time: 00:00:14
Epoch 093 | Seed 42 | Rate 0.20 | Train Loss: 0.0375 | Val Loss: 0.3458 | Acc (clean): 0.9557 | Acc (poison): 0.8209 | Val Acc: 0.9004 | Time: 00:00:13
Epoch 094 | Seed 42 | Rate 0.20 | Train Loss: 0.0355 | Val Loss: 0.3453 | Acc (clean): 0.9563 | Acc (poison): 0.8214 | Val Acc: 0.9037 | Time: 00:00:13
Epoch 095 | Seed 42 | Rate 0.20 | Train Loss: 0.0299 | Val Loss: 0.3441 | Acc (clean): 0.9563 | Acc (poison): 0.8214 | Val Acc: 0.9011 | Time: 00:00:13
Epoch 096 | Seed 42 | Rate 0.20 | Train Loss: 0.0372 | Val Loss: 0.3478 | Acc (clean): 0.9563 | Acc (poison): 0.8215 | Val Acc: 0.8993 | Time: 00:00:13
Epoch 097 | Seed 42 | Rate 0.20 | Train Loss: 0.0370 | Val Loss: 0.3448 | Acc (clean): 0.9553 | Acc (poison): 0.8219 | Val Acc: 0.9000 | Time: 00:00:13
Epoch 098 | Seed 42 | Rate 0.20 | Train Loss: 0.0418 | Val Loss: 0.3497 | Acc (clean): 0.9565 | Acc (poison): 0.8211 | Val Acc: 0.8989 | Time: 00:00:13
Epoch 099 | Seed 42 | Rate 0.20 | Train Loss: 0.0366 | Val Loss: 0.3435 | Acc (clean): 0.9559 | Acc (poison): 0.8220 | Val Acc: 0.9000 | Time: 00:00:13
Epoch 100 | Seed 42 | Rate 0.20 | Train Loss: 0.0372 | Val Loss: 0.3484 | Acc (clean): 0.9550 | Acc (poison): 0.8228 | Val Acc: 0.9000 | Time: 00:00:13

=== defense=small_loss attack=RQ2 seed=42 rate=0.01 ===
Loading train data from /home/yazanme/BachelorThesis/BachelorThesis/data/processed/resisc45/train.h5 with mapping /home/yazanme/BachelorThesis/BachelorThesis/data/processed/resisc45/poisoned/RQ2/seed_42/labels_0.01.pt... (in_memory=True, workers=4)
Testing torch.compile support...
Successfully compiled model using torch.compile.
Epoch 001 | Seed 42 | Rate 0.01 | Train Loss: 2.6307 | Val Loss: 2.0401 | Acc (clean): 0.2872 | Acc (poison): 0.2862 | Val Acc: 0.3919 | Time: 00:00:14
Epoch 002 | Seed 42 | Rate 0.01 | Train Loss: 1.7829 | Val Loss: 2.1329 | Acc (clean): 0.4824 | Acc (poison): 0.4797 | Val Acc: 0.4285 | Time: 00:00:13
Epoch 003 | Seed 42 | Rate 0.01 | Train Loss: 1.4814 | Val Loss: 1.6513 | Acc (clean): 0.5633 | Acc (poison): 0.5591 | Val Acc: 0.5196 | Time: 00:00:13
Epoch 004 | Seed 42 | Rate 0.01 | Train Loss: 1.2561 | Val Loss: 1.8122 | Acc (clean): 0.6288 | Acc (poison): 0.6239 | Val Acc: 0.5048 | Time: 00:00:13
Epoch 005 | Seed 42 | Rate 0.01 | Train Loss: 1.0891 | Val Loss: 1.4084 | Acc (clean): 0.6753 | Acc (poison): 0.6702 | Val Acc: 0.6059 | Time: 00:00:14
Epoch 006 | Seed 42 | Rate 0.01 | Train Loss: 0.9449 | Val Loss: 1.0708 | Acc (clean): 0.7143 | Acc (poison): 0.7090 | Val Acc: 0.6737 | Time: 00:00:14
Epoch 007 | Seed 42 | Rate 0.01 | Train Loss: 0.8067 | Val Loss: 1.3148 | Acc (clean): 0.7596 | Acc (poison): 0.7538 | Val Acc: 0.6181 | Time: 00:00:13
Epoch 008 | Seed 42 | Rate 0.01 | Train Loss: 0.7080 | Val Loss: 1.0270 | Acc (clean): 0.7896 | Acc (poison): 0.7834 | Val Acc: 0.6896 | Time: 00:00:14
Epoch 009 | Seed 42 | Rate 0.01 | Train Loss: 0.6458 | Val Loss: 0.8152 | Acc (clean): 0.8054 | Acc (poison): 0.7993 | Val Acc: 0.7478 | Time: 00:00:14
Epoch 010 | Seed 42 | Rate 0.01 | Train Loss: 0.5752 | Val Loss: 0.7933 | Acc (clean): 0.8293 | Acc (poison): 0.8228 | Val Acc: 0.7522 | Time: 00:00:13
Epoch 011 | Seed 42 | Rate 0.01 | Train Loss: 0.5480 | Val Loss: 0.7808 | Acc (clean): 0.8380 | Acc (poison): 0.8315 | Val Acc: 0.7511 | Time: 00:00:13
Epoch 012 | Seed 42 | Rate 0.01 | Train Loss: 0.5142 | Val Loss: 0.6726 | Acc (clean): 0.8481 | Acc (poison): 0.8413 | Val Acc: 0.7889 | Time: 00:00:14
Epoch 013 | Seed 42 | Rate 0.01 | Train Loss: 0.4869 | Val Loss: 0.8810 | Acc (clean): 0.8566 | Acc (poison): 0.8496 | Val Acc: 0.7248 | Time: 00:00:13
Epoch 014 | Seed 42 | Rate 0.01 | Train Loss: 0.4687 | Val Loss: 0.8106 | Acc (clean): 0.8599 | Acc (poison): 0.8537 | Val Acc: 0.7548 | Time: 00:00:13
Epoch 015 | Seed 42 | Rate 0.01 | Train Loss: 0.4457 | Val Loss: 0.7885 | Acc (clean): 0.8686 | Acc (poison): 0.8621 | Val Acc: 0.7563 | Time: 00:00:13
Epoch 016 | Seed 42 | Rate 0.01 | Train Loss: 0.4398 | Val Loss: 0.8397 | Acc (clean): 0.8688 | Acc (poison): 0.8625 | Val Acc: 0.7526 | Time: 00:00:13
Epoch 017 | Seed 42 | Rate 0.01 | Train Loss: 0.4113 | Val Loss: 0.5610 | Acc (clean): 0.8792 | Acc (poison): 0.8731 | Val Acc: 0.8244 | Time: 00:00:14
Epoch 018 | Seed 42 | Rate 0.01 | Train Loss: 0.3996 | Val Loss: 0.8544 | Acc (clean): 0.8816 | Acc (poison): 0.8749 | Val Acc: 0.7500 | Time: 00:00:13
Epoch 019 | Seed 42 | Rate 0.01 | Train Loss: 0.3934 | Val Loss: 0.7058 | Acc (clean): 0.8826 | Acc (poison): 0.8762 | Val Acc: 0.7778 | Time: 00:00:13
Epoch 020 | Seed 42 | Rate 0.01 | Train Loss: 0.3828 | Val Loss: 0.9562 | Acc (clean): 0.8887 | Acc (poison): 0.8825 | Val Acc: 0.7263 | Time: 00:00:13
Epoch 021 | Seed 42 | Rate 0.01 | Train Loss: 0.3801 | Val Loss: 0.7079 | Acc (clean): 0.8864 | Acc (poison): 0.8799 | Val Acc: 0.7715 | Time: 00:00:14
Epoch 022 | Seed 42 | Rate 0.01 | Train Loss: 0.3675 | Val Loss: 0.8845 | Acc (clean): 0.8903 | Acc (poison): 0.8846 | Val Acc: 0.7519 | Time: 00:00:13
Epoch 023 | Seed 42 | Rate 0.01 | Train Loss: 0.3608 | Val Loss: 0.7565 | Acc (clean): 0.8945 | Acc (poison): 0.8882 | Val Acc: 0.7874 | Time: 00:00:13
Epoch 024 | Seed 42 | Rate 0.01 | Train Loss: 0.3599 | Val Loss: 0.7490 | Acc (clean): 0.8920 | Acc (poison): 0.8860 | Val Acc: 0.7604 | Time: 00:00:13
Epoch 025 | Seed 42 | Rate 0.01 | Train Loss: 0.3632 | Val Loss: 0.9688 | Acc (clean): 0.8936 | Acc (poison): 0.8879 | Val Acc: 0.7119 | Time: 00:00:13
Epoch 026 | Seed 42 | Rate 0.01 | Train Loss: 0.3414 | Val Loss: 0.7685 | Acc (clean): 0.8995 | Acc (poison): 0.8940 | Val Acc: 0.7774 | Time: 00:00:13
Epoch 027 | Seed 42 | Rate 0.01 | Train Loss: 0.3342 | Val Loss: 0.7424 | Acc (clean): 0.9020 | Acc (poison): 0.8962 | Val Acc: 0.7841 | Time: 00:00:13
Epoch 028 | Seed 42 | Rate 0.01 | Train Loss: 0.3352 | Val Loss: 0.7673 | Acc (clean): 0.9033 | Acc (poison): 0.8970 | Val Acc: 0.7759 | Time: 00:00:13
Epoch 029 | Seed 42 | Rate 0.01 | Train Loss: 0.2969 | Val Loss: 0.8968 | Acc (clean): 0.9012 | Acc (poison): 0.8957 | Val Acc: 0.7437 | Time: 00:00:13
Epoch 030 | Seed 42 | Rate 0.01 | Train Loss: 0.3157 | Val Loss: 0.6805 | Acc (clean): 0.8941 | Acc (poison): 0.8879 | Val Acc: 0.7970 | Time: 00:00:13
Epoch 031 | Seed 42 | Rate 0.01 | Train Loss: 0.2898 | Val Loss: 0.6517 | Acc (clean): 0.9021 | Acc (poison): 0.8965 | Val Acc: 0.8119 | Time: 00:00:13
Epoch 032 | Seed 42 | Rate 0.01 | Train Loss: 0.2957 | Val Loss: 0.9446 | Acc (clean): 0.9028 | Acc (poison): 0.8965 | Val Acc: 0.7389 | Time: 00:00:13
Epoch 033 | Seed 42 | Rate 0.01 | Train Loss: 0.2914 | Val Loss: 0.6893 | Acc (clean): 0.9032 | Acc (poison): 0.8974 | Val Acc: 0.8041 | Time: 00:00:13
Epoch 034 | Seed 42 | Rate 0.01 | Train Loss: 0.2810 | Val Loss: 0.7522 | Acc (clean): 0.9051 | Acc (poison): 0.8996 | Val Acc: 0.7785 | Time: 00:00:13
Epoch 035 | Seed 42 | Rate 0.01 | Train Loss: 0.2820 | Val Loss: 0.7016 | Acc (clean): 0.9059 | Acc (poison): 0.8992 | Val Acc: 0.7930 | Time: 00:00:13
Epoch 036 | Seed 42 | Rate 0.01 | Train Loss: 0.2841 | Val Loss: 0.5808 | Acc (clean): 0.9052 | Acc (poison): 0.8997 | Val Acc: 0.8252 | Time: 00:00:13
Epoch 037 | Seed 42 | Rate 0.01 | Train Loss: 0.2686 | Val Loss: 0.8158 | Acc (clean): 0.9125 | Acc (poison): 0.9070 | Val Acc: 0.7719 | Time: 00:00:13
Epoch 038 | Seed 42 | Rate 0.01 | Train Loss: 0.2809 | Val Loss: 0.8211 | Acc (clean): 0.9060 | Acc (poison): 0.8999 | Val Acc: 0.7933 | Time: 00:00:13
Epoch 039 | Seed 42 | Rate 0.01 | Train Loss: 0.2734 | Val Loss: 1.1732 | Acc (clean): 0.9094 | Acc (poison): 0.9033 | Val Acc: 0.7056 | Time: 00:00:13
Epoch 040 | Seed 42 | Rate 0.01 | Train Loss: 0.2654 | Val Loss: 0.5507 | Acc (clean): 0.9122 | Acc (poison): 0.9071 | Val Acc: 0.8370 | Time: 00:00:14
Epoch 041 | Seed 42 | Rate 0.01 | Train Loss: 0.2695 | Val Loss: 0.8089 | Acc (clean): 0.9087 | Acc (poison): 0.9033 | Val Acc: 0.7711 | Time: 00:00:13
Epoch 042 | Seed 42 | Rate 0.01 | Train Loss: 0.2663 | Val Loss: 0.8021 | Acc (clean): 0.9105 | Acc (poison): 0.9053 | Val Acc: 0.7741 | Time: 00:00:13
Epoch 043 | Seed 42 | Rate 0.01 | Train Loss: 0.2758 | Val Loss: 0.5803 | Acc (clean): 0.9100 | Acc (poison): 0.9047 | Val Acc: 0.8152 | Time: 00:00:13
Epoch 044 | Seed 42 | Rate 0.01 | Train Loss: 0.2484 | Val Loss: 0.7549 | Acc (clean): 0.9165 | Acc (poison): 0.9113 | Val Acc: 0.7981 | Time: 00:00:13
Epoch 045 | Seed 42 | Rate 0.01 | Train Loss: 0.2558 | Val Loss: 0.6920 | Acc (clean): 0.9145 | Acc (poison): 0.9090 | Val Acc: 0.7889 | Time: 00:00:13
Epoch 046 | Seed 42 | Rate 0.01 | Train Loss: 0.2552 | Val Loss: 0.6756 | Acc (clean): 0.9148 | Acc (poison): 0.9102 | Val Acc: 0.8026 | Time: 00:00:13
Epoch 047 | Seed 42 | Rate 0.01 | Train Loss: 0.2672 | Val Loss: 0.7038 | Acc (clean): 0.9103 | Acc (poison): 0.9047 | Val Acc: 0.7841 | Time: 00:00:13
Epoch 048 | Seed 42 | Rate 0.01 | Train Loss: 0.2496 | Val Loss: 0.7701 | Acc (clean): 0.9155 | Acc (poison): 0.9104 | Val Acc: 0.7978 | Time: 00:00:13
Epoch 049 | Seed 42 | Rate 0.01 | Train Loss: 0.2598 | Val Loss: 1.2957 | Acc (clean): 0.9123 | Acc (poison): 0.9066 | Val Acc: 0.6715 | Time: 00:00:13
Epoch 050 | Seed 42 | Rate 0.01 | Train Loss: 0.2662 | Val Loss: 0.7140 | Acc (clean): 0.9092 | Acc (poison): 0.9040 | Val Acc: 0.7974 | Time: 00:00:13
Epoch 051 | Seed 42 | Rate 0.01 | Train Loss: 0.1137 | Val Loss: 0.2866 | Acc (clean): 0.9653 | Acc (poison): 0.9599 | Val Acc: 0.9104 | Time: 00:00:13
Epoch 052 | Seed 42 | Rate 0.01 | Train Loss: 0.0730 | Val Loss: 0.2637 | Acc (clean): 0.9784 | Acc (poison): 0.9743 | Val Acc: 0.9167 | Time: 00:00:13
Epoch 053 | Seed 42 | Rate 0.01 | Train Loss: 0.0545 | Val Loss: 0.2665 | Acc (clean): 0.9850 | Acc (poison): 0.9808 | Val Acc: 0.9152 | Time: 00:00:12
Epoch 054 | Seed 42 | Rate 0.01 | Train Loss: 0.0473 | Val Loss: 0.2528 | Acc (clean): 0.9863 | Acc (poison): 0.9834 | Val Acc: 0.9207 | Time: 00:00:13
Epoch 055 | Seed 42 | Rate 0.01 | Train Loss: 0.0437 | Val Loss: 0.2563 | Acc (clean): 0.9880 | Acc (poison): 0.9855 | Val Acc: 0.9215 | Time: 00:00:13
Epoch 056 | Seed 42 | Rate 0.01 | Train Loss: 0.0409 | Val Loss: 0.2408 | Acc (clean): 0.9880 | Acc (poison): 0.9857 | Val Acc: 0.9263 | Time: 00:00:14
Epoch 057 | Seed 42 | Rate 0.01 | Train Loss: 0.0364 | Val Loss: 0.2528 | Acc (clean): 0.9891 | Acc (poison): 0.9877 | Val Acc: 0.9204 | Time: 00:00:13
Epoch 058 | Seed 42 | Rate 0.01 | Train Loss: 0.0342 | Val Loss: 0.2496 | Acc (clean): 0.9880 | Acc (poison): 0.9879 | Val Acc: 0.9259 | Time: 00:00:13
Epoch 059 | Seed 42 | Rate 0.01 | Train Loss: 0.0307 | Val Loss: 0.2506 | Acc (clean): 0.9902 | Acc (poison): 0.9895 | Val Acc: 0.9230 | Time: 00:00:12
Epoch 060 | Seed 42 | Rate 0.01 | Train Loss: 0.0286 | Val Loss: 0.2480 | Acc (clean): 0.9906 | Acc (poison): 0.9906 | Val Acc: 0.9263 | Time: 00:00:12
Epoch 061 | Seed 42 | Rate 0.01 | Train Loss: 0.0258 | Val Loss: 0.2415 | Acc (clean): 0.9903 | Acc (poison): 0.9914 | Val Acc: 0.9278 | Time: 00:00:12
Epoch 062 | Seed 42 | Rate 0.01 | Train Loss: 0.0281 | Val Loss: 0.2566 | Acc (clean): 0.9901 | Acc (poison): 0.9898 | Val Acc: 0.9222 | Time: 00:00:13
Epoch 063 | Seed 42 | Rate 0.01 | Train Loss: 0.0252 | Val Loss: 0.2463 | Acc (clean): 0.9909 | Acc (poison): 0.9913 | Val Acc: 0.9256 | Time: 00:00:13
Epoch 064 | Seed 42 | Rate 0.01 | Train Loss: 0.0236 | Val Loss: 0.2505 | Acc (clean): 0.9902 | Acc (poison): 0.9916 | Val Acc: 0.9281 | Time: 00:00:13
Epoch 065 | Seed 42 | Rate 0.01 | Train Loss: 0.0237 | Val Loss: 0.2459 | Acc (clean): 0.9901 | Acc (poison): 0.9918 | Val Acc: 0.9293 | Time: 00:00:13
Epoch 066 | Seed 42 | Rate 0.01 | Train Loss: 0.0206 | Val Loss: 0.2394 | Acc (clean): 0.9906 | Acc (poison): 0.9925 | Val Acc: 0.9304 | Time: 00:00:14
Epoch 067 | Seed 42 | Rate 0.01 | Train Loss: 0.0210 | Val Loss: 0.2492 | Acc (clean): 0.9906 | Acc (poison): 0.9925 | Val Acc: 0.9263 | Time: 00:00:13
Epoch 068 | Seed 42 | Rate 0.01 | Train Loss: 0.0194 | Val Loss: 0.2484 | Acc (clean): 0.9912 | Acc (poison): 0.9939 | Val Acc: 0.9278 | Time: 00:00:13
Epoch 069 | Seed 42 | Rate 0.01 | Train Loss: 0.0191 | Val Loss: 0.2500 | Acc (clean): 0.9909 | Acc (poison): 0.9937 | Val Acc: 0.9263 | Time: 00:00:13
Epoch 070 | Seed 42 | Rate 0.01 | Train Loss: 0.0175 | Val Loss: 0.2417 | Acc (clean): 0.9908 | Acc (poison): 0.9939 | Val Acc: 0.9311 | Time: 00:00:13
Epoch 071 | Seed 42 | Rate 0.01 | Train Loss: 0.0180 | Val Loss: 0.2443 | Acc (clean): 0.9907 | Acc (poison): 0.9938 | Val Acc: 0.9307 | Time: 00:00:13
Epoch 072 | Seed 42 | Rate 0.01 | Train Loss: 0.0173 | Val Loss: 0.2454 | Acc (clean): 0.9913 | Acc (poison): 0.9942 | Val Acc: 0.9274 | Time: 00:00:13
Epoch 073 | Seed 42 | Rate 0.01 | Train Loss: 0.0160 | Val Loss: 0.2411 | Acc (clean): 0.9909 | Acc (poison): 0.9942 | Val Acc: 0.9307 | Time: 00:00:13
Epoch 074 | Seed 42 | Rate 0.01 | Train Loss: 0.0162 | Val Loss: 0.2488 | Acc (clean): 0.9910 | Acc (poison): 0.9944 | Val Acc: 0.9285 | Time: 00:00:13
Epoch 075 | Seed 42 | Rate 0.01 | Train Loss: 0.0157 | Val Loss: 0.2469 | Acc (clean): 0.9911 | Acc (poison): 0.9951 | Val Acc: 0.9300 | Time: 00:00:13
Epoch 076 | Seed 42 | Rate 0.01 | Train Loss: 0.0151 | Val Loss: 0.2477 | Acc (clean): 0.9910 | Acc (poison): 0.9958 | Val Acc: 0.9281 | Time: 00:00:13
Epoch 077 | Seed 42 | Rate 0.01 | Train Loss: 0.0130 | Val Loss: 0.2472 | Acc (clean): 0.9912 | Acc (poison): 0.9959 | Val Acc: 0.9289 | Time: 00:00:14
Epoch 078 | Seed 42 | Rate 0.01 | Train Loss: 0.0132 | Val Loss: 0.2447 | Acc (clean): 0.9912 | Acc (poison): 0.9957 | Val Acc: 0.9300 | Time: 00:00:13
Epoch 079 | Seed 42 | Rate 0.01 | Train Loss: 0.0137 | Val Loss: 0.2448 | Acc (clean): 0.9914 | Acc (poison): 0.9959 | Val Acc: 0.9307 | Time: 00:00:13
Epoch 080 | Seed 42 | Rate 0.01 | Train Loss: 0.0119 | Val Loss: 0.2429 | Acc (clean): 0.9913 | Acc (poison): 0.9960 | Val Acc: 0.9304 | Time: 00:00:13
Epoch 081 | Seed 42 | Rate 0.01 | Train Loss: 0.0138 | Val Loss: 0.2503 | Acc (clean): 0.9912 | Acc (poison): 0.9957 | Val Acc: 0.9293 | Time: 00:00:13
Epoch 082 | Seed 42 | Rate 0.01 | Train Loss: 0.0131 | Val Loss: 0.2436 | Acc (clean): 0.9914 | Acc (poison): 0.9956 | Val Acc: 0.9281 | Time: 00:00:13
Epoch 083 | Seed 42 | Rate 0.01 | Train Loss: 0.0132 | Val Loss: 0.2430 | Acc (clean): 0.9914 | Acc (poison): 0.9960 | Val Acc: 0.9300 | Time: 00:00:13
Epoch 084 | Seed 42 | Rate 0.01 | Train Loss: 0.0132 | Val Loss: 0.2415 | Acc (clean): 0.9913 | Acc (poison): 0.9957 | Val Acc: 0.9293 | Time: 00:00:13
Epoch 085 | Seed 42 | Rate 0.01 | Train Loss: 0.0121 | Val Loss: 0.2429 | Acc (clean): 0.9914 | Acc (poison): 0.9957 | Val Acc: 0.9307 | Time: 00:00:13
Epoch 086 | Seed 42 | Rate 0.01 | Train Loss: 0.0127 | Val Loss: 0.2413 | Acc (clean): 0.9909 | Acc (poison): 0.9956 | Val Acc: 0.9296 | Time: 00:00:13
Epoch 087 | Seed 42 | Rate 0.01 | Train Loss: 0.0130 | Val Loss: 0.2403 | Acc (clean): 0.9914 | Acc (poison): 0.9962 | Val Acc: 0.9307 | Time: 00:00:13
Epoch 088 | Seed 42 | Rate 0.01 | Train Loss: 0.0127 | Val Loss: 0.2447 | Acc (clean): 0.9912 | Acc (poison): 0.9963 | Val Acc: 0.9285 | Time: 00:00:13
Epoch 089 | Seed 42 | Rate 0.01 | Train Loss: 0.0123 | Val Loss: 0.2406 | Acc (clean): 0.9912 | Acc (poison): 0.9961 | Val Acc: 0.9300 | Time: 00:00:13
Epoch 090 | Seed 42 | Rate 0.01 | Train Loss: 0.0132 | Val Loss: 0.2455 | Acc (clean): 0.9912 | Acc (poison): 0.9959 | Val Acc: 0.9278 | Time: 00:00:14
Epoch 091 | Seed 42 | Rate 0.01 | Train Loss: 0.0126 | Val Loss: 0.2417 | Acc (clean): 0.9916 | Acc (poison): 0.9963 | Val Acc: 0.9293 | Time: 00:00:13
Epoch 092 | Seed 42 | Rate 0.01 | Train Loss: 0.0129 | Val Loss: 0.2425 | Acc (clean): 0.9907 | Acc (poison): 0.9958 | Val Acc: 0.9300 | Time: 00:00:13
Epoch 093 | Seed 42 | Rate 0.01 | Train Loss: 0.0126 | Val Loss: 0.2432 | Acc (clean): 0.9913 | Acc (poison): 0.9961 | Val Acc: 0.9293 | Time: 00:00:13
Epoch 094 | Seed 42 | Rate 0.01 | Train Loss: 0.0124 | Val Loss: 0.2407 | Acc (clean): 0.9916 | Acc (poison): 0.9959 | Val Acc: 0.9300 | Time: 00:00:14
Epoch 095 | Seed 42 | Rate 0.01 | Train Loss: 0.0119 | Val Loss: 0.2440 | Acc (clean): 0.9915 | Acc (poison): 0.9963 | Val Acc: 0.9304 | Time: 00:00:13
Epoch 096 | Seed 42 | Rate 0.01 | Train Loss: 0.0117 | Val Loss: 0.2513 | Acc (clean): 0.9912 | Acc (poison): 0.9961 | Val Acc: 0.9289 | Time: 00:00:13
Epoch 097 | Seed 42 | Rate 0.01 | Train Loss: 0.0129 | Val Loss: 0.2444 | Acc (clean): 0.9916 | Acc (poison): 0.9963 | Val Acc: 0.9304 | Time: 00:00:13
Epoch 098 | Seed 42 | Rate 0.01 | Train Loss: 0.0141 | Val Loss: 0.2479 | Acc (clean): 0.9914 | Acc (poison): 0.9961 | Val Acc: 0.9300 | Time: 00:00:13
Epoch 099 | Seed 42 | Rate 0.01 | Train Loss: 0.0119 | Val Loss: 0.2440 | Acc (clean): 0.9914 | Acc (poison): 0.9963 | Val Acc: 0.9281 | Time: 00:00:13
Epoch 100 | Seed 42 | Rate 0.01 | Train Loss: 0.0123 | Val Loss: 0.2442 | Acc (clean): 0.9909 | Acc (poison): 0.9956 | Val Acc: 0.9289 | Time: 00:00:13

=== defense=small_loss attack=RQ2 seed=42 rate=0.02 ===
Loading train data from /home/yazanme/BachelorThesis/BachelorThesis/data/processed/resisc45/train.h5 with mapping /home/yazanme/BachelorThesis/BachelorThesis/data/processed/resisc45/poisoned/RQ2/seed_42/labels_0.02.pt... (in_memory=True, workers=4)
Testing torch.compile support...
Successfully compiled model using torch.compile.
Epoch 001 | Seed 42 | Rate 0.02 | Train Loss: 2.6324 | Val Loss: 2.0346 | Acc (clean): 0.2874 | Acc (poison): 0.2844 | Val Acc: 0.3981 | Time: 00:00:14
Epoch 002 | Seed 42 | Rate 0.02 | Train Loss: 1.7852 | Val Loss: 2.1227 | Acc (clean): 0.4896 | Acc (poison): 0.4816 | Val Acc: 0.4241 | Time: 00:00:13
Epoch 003 | Seed 42 | Rate 0.02 | Train Loss: 1.4851 | Val Loss: 1.4488 | Acc (clean): 0.5690 | Acc (poison): 0.5596 | Val Acc: 0.5630 | Time: 00:00:14
Epoch 004 | Seed 42 | Rate 0.02 | Train Loss: 1.2665 | Val Loss: 2.3786 | Acc (clean): 0.6338 | Acc (poison): 0.6236 | Val Acc: 0.4052 | Time: 00:00:13
Epoch 005 | Seed 42 | Rate 0.02 | Train Loss: 1.1139 | Val Loss: 1.2686 | Acc (clean): 0.6722 | Acc (poison): 0.6616 | Val Acc: 0.6278 | Time: 00:00:14
Epoch 006 | Seed 42 | Rate 0.02 | Train Loss: 0.9720 | Val Loss: 1.1099 | Acc (clean): 0.7126 | Acc (poison): 0.7007 | Val Acc: 0.6626 | Time: 00:00:13
Epoch 007 | Seed 42 | Rate 0.02 | Train Loss: 0.8432 | Val Loss: 1.1252 | Acc (clean): 0.7553 | Acc (poison): 0.7424 | Val Acc: 0.6626 | Time: 00:00:13
Epoch 008 | Seed 42 | Rate 0.02 | Train Loss: 0.7552 | Val Loss: 1.4865 | Acc (clean): 0.7798 | Acc (poison): 0.7667 | Val Acc: 0.5896 | Time: 00:00:13
Epoch 009 | Seed 42 | Rate 0.02 | Train Loss: 0.6919 | Val Loss: 0.7739 | Acc (clean): 0.8003 | Acc (poison): 0.7873 | Val Acc: 0.7652 | Time: 00:00:13
Epoch 010 | Seed 42 | Rate 0.02 | Train Loss: 0.6294 | Val Loss: 0.9667 | Acc (clean): 0.8205 | Acc (poison): 0.8070 | Val Acc: 0.7081 | Time: 00:00:13
Epoch 011 | Seed 42 | Rate 0.02 | Train Loss: 0.6031 | Val Loss: 0.7437 | Acc (clean): 0.8300 | Acc (poison): 0.8161 | Val Acc: 0.7707 | Time: 00:00:13
Epoch 012 | Seed 42 | Rate 0.02 | Train Loss: 0.5575 | Val Loss: 0.7483 | Acc (clean): 0.8438 | Acc (poison): 0.8297 | Val Acc: 0.7622 | Time: 00:00:13
Epoch 013 | Seed 42 | Rate 0.02 | Train Loss: 0.5290 | Val Loss: 1.0094 | Acc (clean): 0.8514 | Acc (poison): 0.8363 | Val Acc: 0.7015 | Time: 00:00:12
Epoch 014 | Seed 42 | Rate 0.02 | Train Loss: 0.5070 | Val Loss: 0.7178 | Acc (clean): 0.8577 | Acc (poison): 0.8430 | Val Acc: 0.7770 | Time: 00:00:13
Epoch 015 | Seed 42 | Rate 0.02 | Train Loss: 0.4986 | Val Loss: 1.2083 | Acc (clean): 0.8614 | Acc (poison): 0.8467 | Val Acc: 0.6515 | Time: 00:00:13
Epoch 016 | Seed 42 | Rate 0.02 | Train Loss: 0.4732 | Val Loss: 0.7224 | Acc (clean): 0.8650 | Acc (poison): 0.8509 | Val Acc: 0.7763 | Time: 00:00:13
Epoch 017 | Seed 42 | Rate 0.02 | Train Loss: 0.4610 | Val Loss: 0.6753 | Acc (clean): 0.8730 | Acc (poison): 0.8585 | Val Acc: 0.7830 | Time: 00:00:13
Epoch 018 | Seed 42 | Rate 0.02 | Train Loss: 0.4528 | Val Loss: 0.7232 | Acc (clean): 0.8750 | Acc (poison): 0.8614 | Val Acc: 0.7800 | Time: 00:00:13
Epoch 019 | Seed 42 | Rate 0.02 | Train Loss: 0.4370 | Val Loss: 0.6497 | Acc (clean): 0.8793 | Acc (poison): 0.8656 | Val Acc: 0.7915 | Time: 00:00:14
Epoch 020 | Seed 42 | Rate 0.02 | Train Loss: 0.4217 | Val Loss: 0.8467 | Acc (clean): 0.8856 | Acc (poison): 0.8719 | Val Acc: 0.7393 | Time: 00:00:13
Epoch 021 | Seed 42 | Rate 0.02 | Train Loss: 0.4243 | Val Loss: 0.6718 | Acc (clean): 0.8847 | Acc (poison): 0.8706 | Val Acc: 0.7970 | Time: 00:00:13
Epoch 022 | Seed 42 | Rate 0.02 | Train Loss: 0.4143 | Val Loss: 0.7163 | Acc (clean): 0.8860 | Acc (poison): 0.8721 | Val Acc: 0.7819 | Time: 00:00:13
Epoch 023 | Seed 42 | Rate 0.02 | Train Loss: 0.3905 | Val Loss: 0.6588 | Acc (clean): 0.8933 | Acc (poison): 0.8793 | Val Acc: 0.8015 | Time: 00:00:13
Epoch 024 | Seed 42 | Rate 0.02 | Train Loss: 0.3997 | Val Loss: 0.7803 | Acc (clean): 0.8916 | Acc (poison): 0.8783 | Val Acc: 0.7689 | Time: 00:00:13
Epoch 025 | Seed 42 | Rate 0.02 | Train Loss: 0.3926 | Val Loss: 0.7786 | Acc (clean): 0.8937 | Acc (poison): 0.8810 | Val Acc: 0.7752 | Time: 00:00:13
Epoch 026 | Seed 42 | Rate 0.02 | Train Loss: 0.3807 | Val Loss: 0.5548 | Acc (clean): 0.8962 | Acc (poison): 0.8840 | Val Acc: 0.8200 | Time: 00:00:14
Epoch 027 | Seed 42 | Rate 0.02 | Train Loss: 0.3451 | Val Loss: 0.7908 | Acc (clean): 0.8939 | Acc (poison): 0.8804 | Val Acc: 0.7767 | Time: 00:00:13
Epoch 028 | Seed 42 | Rate 0.02 | Train Loss: 0.3531 | Val Loss: 0.7261 | Acc (clean): 0.8919 | Acc (poison): 0.8793 | Val Acc: 0.7867 | Time: 00:00:13
Epoch 029 | Seed 42 | Rate 0.02 | Train Loss: 0.3452 | Val Loss: 0.6947 | Acc (clean): 0.8933 | Acc (poison): 0.8799 | Val Acc: 0.7941 | Time: 00:00:13
Epoch 030 | Seed 42 | Rate 0.02 | Train Loss: 0.3425 | Val Loss: 0.7051 | Acc (clean): 0.8949 | Acc (poison): 0.8820 | Val Acc: 0.7904 | Time: 00:00:13
Epoch 031 | Seed 42 | Rate 0.02 | Train Loss: 0.3025 | Val Loss: 0.5975 | Acc (clean): 0.8974 | Acc (poison): 0.8851 | Val Acc: 0.8296 | Time: 00:00:13
Epoch 032 | Seed 42 | Rate 0.02 | Train Loss: 0.3045 | Val Loss: 0.8323 | Acc (clean): 0.8971 | Acc (poison): 0.8835 | Val Acc: 0.7715 | Time: 00:00:13
Epoch 033 | Seed 42 | Rate 0.02 | Train Loss: 0.3094 | Val Loss: 0.7261 | Acc (clean): 0.8963 | Acc (poison): 0.8831 | Val Acc: 0.7763 | Time: 00:00:13
Epoch 034 | Seed 42 | Rate 0.02 | Train Loss: 0.2988 | Val Loss: 0.6322 | Acc (clean): 0.9008 | Acc (poison): 0.8886 | Val Acc: 0.8052 | Time: 00:00:13
Epoch 035 | Seed 42 | Rate 0.02 | Train Loss: 0.2786 | Val Loss: 0.7990 | Acc (clean): 0.8965 | Acc (poison): 0.8833 | Val Acc: 0.7763 | Time: 00:00:13
Epoch 036 | Seed 42 | Rate 0.02 | Train Loss: 0.2814 | Val Loss: 0.8238 | Acc (clean): 0.8947 | Acc (poison): 0.8818 | Val Acc: 0.7759 | Time: 00:00:13
Epoch 037 | Seed 42 | Rate 0.02 | Train Loss: 0.2864 | Val Loss: 0.7925 | Acc (clean): 0.8925 | Acc (poison): 0.8796 | Val Acc: 0.7648 | Time: 00:00:13
Epoch 038 | Seed 42 | Rate 0.02 | Train Loss: 0.2693 | Val Loss: 0.8451 | Acc (clean): 0.9000 | Acc (poison): 0.8862 | Val Acc: 0.7752 | Time: 00:00:13
Epoch 039 | Seed 42 | Rate 0.02 | Train Loss: 0.2715 | Val Loss: 0.7039 | Acc (clean): 0.8982 | Acc (poison): 0.8855 | Val Acc: 0.7974 | Time: 00:00:13
Epoch 040 | Seed 42 | Rate 0.02 | Train Loss: 0.2589 | Val Loss: 0.5944 | Acc (clean): 0.9025 | Acc (poison): 0.8902 | Val Acc: 0.8304 | Time: 00:00:13
Epoch 041 | Seed 42 | Rate 0.02 | Train Loss: 0.2789 | Val Loss: 0.7228 | Acc (clean): 0.8958 | Acc (poison): 0.8827 | Val Acc: 0.7889 | Time: 00:00:13
Epoch 042 | Seed 42 | Rate 0.02 | Train Loss: 0.2597 | Val Loss: 0.7665 | Acc (clean): 0.9033 | Acc (poison): 0.8900 | Val Acc: 0.7778 | Time: 00:00:13
Epoch 043 | Seed 42 | Rate 0.02 | Train Loss: 0.2780 | Val Loss: 0.6951 | Acc (clean): 0.8952 | Acc (poison): 0.8821 | Val Acc: 0.7963 | Time: 00:00:13
Epoch 044 | Seed 42 | Rate 0.02 | Train Loss: 0.2479 | Val Loss: 0.6622 | Acc (clean): 0.9038 | Acc (poison): 0.8905 | Val Acc: 0.8144 | Time: 00:00:13
Epoch 045 | Seed 42 | Rate 0.02 | Train Loss: 0.2473 | Val Loss: 0.8224 | Acc (clean): 0.9074 | Acc (poison): 0.8941 | Val Acc: 0.7804 | Time: 00:00:13
Epoch 046 | Seed 42 | Rate 0.02 | Train Loss: 0.2575 | Val Loss: 0.6295 | Acc (clean): 0.9020 | Acc (poison): 0.8892 | Val Acc: 0.8104 | Time: 00:00:13
Epoch 047 | Seed 42 | Rate 0.02 | Train Loss: 0.2615 | Val Loss: 1.5368 | Acc (clean): 0.9028 | Acc (poison): 0.8896 | Val Acc: 0.6578 | Time: 00:00:13
Epoch 048 | Seed 42 | Rate 0.02 | Train Loss: 0.2485 | Val Loss: 0.7707 | Acc (clean): 0.9091 | Acc (poison): 0.8952 | Val Acc: 0.7785 | Time: 00:00:13
Epoch 049 | Seed 42 | Rate 0.02 | Train Loss: 0.2592 | Val Loss: 0.6977 | Acc (clean): 0.9055 | Acc (poison): 0.8918 | Val Acc: 0.7993 | Time: 00:00:13
Epoch 050 | Seed 42 | Rate 0.02 | Train Loss: 0.2644 | Val Loss: 0.8089 | Acc (clean): 0.9009 | Acc (poison): 0.8877 | Val Acc: 0.7837 | Time: 00:00:13
Epoch 051 | Seed 42 | Rate 0.02 | Train Loss: 0.1154 | Val Loss: 0.2849 | Acc (clean): 0.9561 | Acc (poison): 0.9426 | Val Acc: 0.9100 | Time: 00:00:14
Epoch 052 | Seed 42 | Rate 0.02 | Train Loss: 0.0698 | Val Loss: 0.2585 | Acc (clean): 0.9740 | Acc (poison): 0.9612 | Val Acc: 0.9193 | Time: 00:00:14
Epoch 053 | Seed 42 | Rate 0.02 | Train Loss: 0.0569 | Val Loss: 0.2596 | Acc (clean): 0.9789 | Acc (poison): 0.9666 | Val Acc: 0.9200 | Time: 00:00:13
Epoch 054 | Seed 42 | Rate 0.02 | Train Loss: 0.0494 | Val Loss: 0.2578 | Acc (clean): 0.9809 | Acc (poison): 0.9698 | Val Acc: 0.9200 | Time: 00:00:14
Epoch 055 | Seed 42 | Rate 0.02 | Train Loss: 0.0441 | Val Loss: 0.2417 | Acc (clean): 0.9821 | Acc (poison): 0.9716 | Val Acc: 0.9244 | Time: 00:00:13
Epoch 056 | Seed 42 | Rate 0.02 | Train Loss: 0.0393 | Val Loss: 0.2399 | Acc (clean): 0.9833 | Acc (poison): 0.9731 | Val Acc: 0.9281 | Time: 00:00:13
Epoch 057 | Seed 42 | Rate 0.02 | Train Loss: 0.0361 | Val Loss: 0.2451 | Acc (clean): 0.9842 | Acc (poison): 0.9750 | Val Acc: 0.9274 | Time: 00:00:12
Epoch 058 | Seed 42 | Rate 0.02 | Train Loss: 0.0372 | Val Loss: 0.2621 | Acc (clean): 0.9851 | Acc (poison): 0.9760 | Val Acc: 0.9211 | Time: 00:00:12
Epoch 059 | Seed 42 | Rate 0.02 | Train Loss: 0.0325 | Val Loss: 0.2503 | Acc (clean): 0.9854 | Acc (poison): 0.9774 | Val Acc: 0.9270 | Time: 00:00:11
Epoch 060 | Seed 42 | Rate 0.02 | Train Loss: 0.0302 | Val Loss: 0.2469 | Acc (clean): 0.9852 | Acc (poison): 0.9774 | Val Acc: 0.9237 | Time: 00:00:11
Epoch 061 | Seed 42 | Rate 0.02 | Train Loss: 0.0294 | Val Loss: 0.2476 | Acc (clean): 0.9861 | Acc (poison): 0.9781 | Val Acc: 0.9259 | Time: 00:00:12
Epoch 062 | Seed 42 | Rate 0.02 | Train Loss: 0.0303 | Val Loss: 0.2527 | Acc (clean): 0.9843 | Acc (poison): 0.9770 | Val Acc: 0.9252 | Time: 00:00:11
Epoch 063 | Seed 42 | Rate 0.02 | Train Loss: 0.0248 | Val Loss: 0.2486 | Acc (clean): 0.9870 | Acc (poison): 0.9804 | Val Acc: 0.9259 | Time: 00:00:11
Epoch 064 | Seed 42 | Rate 0.02 | Train Loss: 0.0240 | Val Loss: 0.2517 | Acc (clean): 0.9866 | Acc (poison): 0.9805 | Val Acc: 0.9233 | Time: 00:00:12
Epoch 065 | Seed 42 | Rate 0.02 | Train Loss: 0.0249 | Val Loss: 0.2503 | Acc (clean): 0.9868 | Acc (poison): 0.9801 | Val Acc: 0.9289 | Time: 00:00:12
Epoch 066 | Seed 42 | Rate 0.02 | Train Loss: 0.0241 | Val Loss: 0.2470 | Acc (clean): 0.9870 | Acc (poison): 0.9807 | Val Acc: 0.9259 | Time: 00:00:11
Epoch 067 | Seed 42 | Rate 0.02 | Train Loss: 0.0232 | Val Loss: 0.2482 | Acc (clean): 0.9864 | Acc (poison): 0.9812 | Val Acc: 0.9267 | Time: 00:00:11
Epoch 068 | Seed 42 | Rate 0.02 | Train Loss: 0.0225 | Val Loss: 0.2503 | Acc (clean): 0.9877 | Acc (poison): 0.9827 | Val Acc: 0.9274 | Time: 00:00:11
Epoch 069 | Seed 42 | Rate 0.02 | Train Loss: 0.0201 | Val Loss: 0.2528 | Acc (clean): 0.9864 | Acc (poison): 0.9823 | Val Acc: 0.9274 | Time: 00:00:12
Epoch 070 | Seed 42 | Rate 0.02 | Train Loss: 0.0193 | Val Loss: 0.2529 | Acc (clean): 0.9874 | Acc (poison): 0.9829 | Val Acc: 0.9278 | Time: 00:00:12
Epoch 071 | Seed 42 | Rate 0.02 | Train Loss: 0.0217 | Val Loss: 0.2550 | Acc (clean): 0.9863 | Acc (poison): 0.9826 | Val Acc: 0.9237 | Time: 00:00:11
Epoch 072 | Seed 42 | Rate 0.02 | Train Loss: 0.0181 | Val Loss: 0.2406 | Acc (clean): 0.9868 | Acc (poison): 0.9836 | Val Acc: 0.9304 | Time: 00:00:11
Epoch 073 | Seed 42 | Rate 0.02 | Train Loss: 0.0204 | Val Loss: 0.2423 | Acc (clean): 0.9870 | Acc (poison): 0.9831 | Val Acc: 0.9326 | Time: 00:00:11
Epoch 074 | Seed 42 | Rate 0.02 | Train Loss: 0.0185 | Val Loss: 0.2567 | Acc (clean): 0.9874 | Acc (poison): 0.9838 | Val Acc: 0.9274 | Time: 00:00:11
Epoch 075 | Seed 42 | Rate 0.02 | Train Loss: 0.0173 | Val Loss: 0.2491 | Acc (clean): 0.9869 | Acc (poison): 0.9837 | Val Acc: 0.9285 | Time: 00:00:12
Epoch 076 | Seed 42 | Rate 0.02 | Train Loss: 0.0155 | Val Loss: 0.2442 | Acc (clean): 0.9868 | Acc (poison): 0.9845 | Val Acc: 0.9322 | Time: 00:00:12
Epoch 077 | Seed 42 | Rate 0.02 | Train Loss: 0.0153 | Val Loss: 0.2414 | Acc (clean): 0.9874 | Acc (poison): 0.9851 | Val Acc: 0.9326 | Time: 00:00:12
Epoch 078 | Seed 42 | Rate 0.02 | Train Loss: 0.0147 | Val Loss: 0.2381 | Acc (clean): 0.9879 | Acc (poison): 0.9860 | Val Acc: 0.9356 | Time: 00:00:12
Epoch 079 | Seed 42 | Rate 0.02 | Train Loss: 0.0154 | Val Loss: 0.2412 | Acc (clean): 0.9879 | Acc (poison): 0.9854 | Val Acc: 0.9337 | Time: 00:00:12
Epoch 080 | Seed 42 | Rate 0.02 | Train Loss: 0.0149 | Val Loss: 0.2381 | Acc (clean): 0.9881 | Acc (poison): 0.9857 | Val Acc: 0.9348 | Time: 00:00:13
Epoch 081 | Seed 42 | Rate 0.02 | Train Loss: 0.0149 | Val Loss: 0.2425 | Acc (clean): 0.9879 | Acc (poison): 0.9855 | Val Acc: 0.9330 | Time: 00:00:12
Epoch 082 | Seed 42 | Rate 0.02 | Train Loss: 0.0138 | Val Loss: 0.2392 | Acc (clean): 0.9880 | Acc (poison): 0.9861 | Val Acc: 0.9333 | Time: 00:00:12
Epoch 083 | Seed 42 | Rate 0.02 | Train Loss: 0.0131 | Val Loss: 0.2381 | Acc (clean): 0.9880 | Acc (poison): 0.9856 | Val Acc: 0.9319 | Time: 00:00:13
Epoch 084 | Seed 42 | Rate 0.02 | Train Loss: 0.0147 | Val Loss: 0.2358 | Acc (clean): 0.9878 | Acc (poison): 0.9851 | Val Acc: 0.9341 | Time: 00:00:13
Epoch 085 | Seed 42 | Rate 0.02 | Train Loss: 0.0150 | Val Loss: 0.2389 | Acc (clean): 0.9877 | Acc (poison): 0.9855 | Val Acc: 0.9330 | Time: 00:00:12
Epoch 086 | Seed 42 | Rate 0.02 | Train Loss: 0.0143 | Val Loss: 0.2353 | Acc (clean): 0.9873 | Acc (poison): 0.9854 | Val Acc: 0.9352 | Time: 00:00:13
Epoch 087 | Seed 42 | Rate 0.02 | Train Loss: 0.0153 | Val Loss: 0.2361 | Acc (clean): 0.9877 | Acc (poison): 0.9859 | Val Acc: 0.9344 | Time: 00:00:12
Epoch 088 | Seed 42 | Rate 0.02 | Train Loss: 0.0141 | Val Loss: 0.2385 | Acc (clean): 0.9882 | Acc (poison): 0.9857 | Val Acc: 0.9333 | Time: 00:00:12
Epoch 089 | Seed 42 | Rate 0.02 | Train Loss: 0.0141 | Val Loss: 0.2362 | Acc (clean): 0.9880 | Acc (poison): 0.9859 | Val Acc: 0.9344 | Time: 00:00:12
Epoch 090 | Seed 42 | Rate 0.02 | Train Loss: 0.0130 | Val Loss: 0.2407 | Acc (clean): 0.9877 | Acc (poison): 0.9859 | Val Acc: 0.9319 | Time: 00:00:12
Epoch 091 | Seed 42 | Rate 0.02 | Train Loss: 0.0135 | Val Loss: 0.2404 | Acc (clean): 0.9879 | Acc (poison): 0.9857 | Val Acc: 0.9333 | Time: 00:00:12
Epoch 092 | Seed 42 | Rate 0.02 | Train Loss: 0.0138 | Val Loss: 0.2380 | Acc (clean): 0.9879 | Acc (poison): 0.9859 | Val Acc: 0.9341 | Time: 00:00:12
Epoch 093 | Seed 42 | Rate 0.02 | Train Loss: 0.0144 | Val Loss: 0.2393 | Acc (clean): 0.9872 | Acc (poison): 0.9863 | Val Acc: 0.9322 | Time: 00:00:12
Epoch 094 | Seed 42 | Rate 0.02 | Train Loss: 0.0138 | Val Loss: 0.2375 | Acc (clean): 0.9883 | Acc (poison): 0.9864 | Val Acc: 0.9356 | Time: 00:00:12
Epoch 095 | Seed 42 | Rate 0.02 | Train Loss: 0.0135 | Val Loss: 0.2397 | Acc (clean): 0.9879 | Acc (poison): 0.9865 | Val Acc: 0.9348 | Time: 00:00:12
Epoch 096 | Seed 42 | Rate 0.02 | Train Loss: 0.0140 | Val Loss: 0.2460 | Acc (clean): 0.9881 | Acc (poison): 0.9861 | Val Acc: 0.9337 | Time: 00:00:12
Epoch 097 | Seed 42 | Rate 0.02 | Train Loss: 0.0149 | Val Loss: 0.2376 | Acc (clean): 0.9879 | Acc (poison): 0.9862 | Val Acc: 0.9319 | Time: 00:00:12
Epoch 098 | Seed 42 | Rate 0.02 | Train Loss: 0.0131 | Val Loss: 0.2425 | Acc (clean): 0.9877 | Acc (poison): 0.9864 | Val Acc: 0.9330 | Time: 00:00:12
Epoch 099 | Seed 42 | Rate 0.02 | Train Loss: 0.0136 | Val Loss: 0.2373 | Acc (clean): 0.9884 | Acc (poison): 0.9867 | Val Acc: 0.9330 | Time: 00:00:12
Epoch 100 | Seed 42 | Rate 0.02 | Train Loss: 0.0133 | Val Loss: 0.2389 | Acc (clean): 0.9876 | Acc (poison): 0.9868 | Val Acc: 0.9341 | Time: 00:00:12

=== defense=small_loss attack=RQ2 seed=42 rate=0.05 ===
Loading train data from /home/yazanme/BachelorThesis/BachelorThesis/data/processed/resisc45/train.h5 with mapping /home/yazanme/BachelorThesis/BachelorThesis/data/processed/resisc45/poisoned/RQ2/seed_42/labels_0.05.pt... (in_memory=True, workers=4)
Testing torch.compile support...
Successfully compiled model using torch.compile.
Epoch 001 | Seed 42 | Rate 0.05 | Train Loss: 2.6749 | Val Loss: 2.1681 | Acc (clean): 0.2856 | Acc (poison): 0.2789 | Val Acc: 0.3800 | Time: 00:00:13
Epoch 002 | Seed 42 | Rate 0.05 | Train Loss: 1.8494 | Val Loss: 1.9988 | Acc (clean): 0.4821 | Acc (poison): 0.4681 | Val Acc: 0.4333 | Time: 00:00:13
Epoch 003 | Seed 42 | Rate 0.05 | Train Loss: 1.5599 | Val Loss: 1.4836 | Acc (clean): 0.5576 | Acc (poison): 0.5377 | Val Acc: 0.5511 | Time: 00:00:13
Epoch 004 | Seed 42 | Rate 0.05 | Train Loss: 1.3545 | Val Loss: 2.2128 | Acc (clean): 0.6207 | Acc (poison): 0.5990 | Val Acc: 0.4215 | Time: 00:00:12
Epoch 005 | Seed 42 | Rate 0.05 | Train Loss: 1.1920 | Val Loss: 1.2252 | Acc (clean): 0.6629 | Acc (poison): 0.6382 | Val Acc: 0.6230 | Time: 00:00:13
Epoch 006 | Seed 42 | Rate 0.05 | Train Loss: 1.0540 | Val Loss: 1.4159 | Acc (clean): 0.7063 | Acc (poison): 0.6785 | Val Acc: 0.5933 | Time: 00:00:12
Epoch 007 | Seed 42 | Rate 0.05 | Train Loss: 0.9254 | Val Loss: 1.1316 | Acc (clean): 0.7454 | Acc (poison): 0.7162 | Val Acc: 0.6726 | Time: 00:00:12
Epoch 008 | Seed 42 | Rate 0.05 | Train Loss: 0.8377 | Val Loss: 1.2486 | Acc (clean): 0.7697 | Acc (poison): 0.7377 | Val Acc: 0.6474 | Time: 00:00:12
Epoch 009 | Seed 42 | Rate 0.05 | Train Loss: 0.7787 | Val Loss: 1.0396 | Acc (clean): 0.7895 | Acc (poison): 0.7578 | Val Acc: 0.6989 | Time: 00:00:12
Epoch 010 | Seed 42 | Rate 0.05 | Train Loss: 0.7158 | Val Loss: 0.9471 | Acc (clean): 0.8100 | Acc (poison): 0.7785 | Val Acc: 0.7000 | Time: 00:00:12
Epoch 011 | Seed 42 | Rate 0.05 | Train Loss: 0.6915 | Val Loss: 0.8907 | Acc (clean): 0.8170 | Acc (poison): 0.7843 | Val Acc: 0.7200 | Time: 00:00:13
Epoch 012 | Seed 42 | Rate 0.05 | Train Loss: 0.6448 | Val Loss: 0.7900 | Acc (clean): 0.8333 | Acc (poison): 0.7999 | Val Acc: 0.7611 | Time: 00:00:13
Epoch 013 | Seed 42 | Rate 0.05 | Train Loss: 0.6228 | Val Loss: 0.7156 | Acc (clean): 0.8393 | Acc (poison): 0.8058 | Val Acc: 0.7726 | Time: 00:00:12
Epoch 014 | Seed 42 | Rate 0.05 | Train Loss: 0.5982 | Val Loss: 0.8570 | Acc (clean): 0.8498 | Acc (poison): 0.8163 | Val Acc: 0.7444 | Time: 00:00:12
Epoch 015 | Seed 42 | Rate 0.05 | Train Loss: 0.5861 | Val Loss: 0.9904 | Acc (clean): 0.8523 | Acc (poison): 0.8172 | Val Acc: 0.7152 | Time: 00:00:12
Epoch 016 | Seed 42 | Rate 0.05 | Train Loss: 0.5674 | Val Loss: 0.7293 | Acc (clean): 0.8562 | Acc (poison): 0.8219 | Val Acc: 0.7756 | Time: 00:00:12
Epoch 017 | Seed 42 | Rate 0.05 | Train Loss: 0.5501 | Val Loss: 0.9354 | Acc (clean): 0.8600 | Acc (poison): 0.8250 | Val Acc: 0.7174 | Time: 00:00:12
Epoch 018 | Seed 42 | Rate 0.05 | Train Loss: 0.5441 | Val Loss: 1.1422 | Acc (clean): 0.8627 | Acc (poison): 0.8301 | Val Acc: 0.6919 | Time: 00:00:12
Epoch 019 | Seed 42 | Rate 0.05 | Train Loss: 0.5313 | Val Loss: 0.7261 | Acc (clean): 0.8662 | Acc (poison): 0.8316 | Val Acc: 0.7693 | Time: 00:00:12
Epoch 020 | Seed 42 | Rate 0.05 | Train Loss: 0.5151 | Val Loss: 0.9195 | Acc (clean): 0.8701 | Acc (poison): 0.8376 | Val Acc: 0.7152 | Time: 00:00:12
Epoch 021 | Seed 42 | Rate 0.05 | Train Loss: 0.5128 | Val Loss: 0.8319 | Acc (clean): 0.8722 | Acc (poison): 0.8388 | Val Acc: 0.7489 | Time: 00:00:12
Epoch 022 | Seed 42 | Rate 0.05 | Train Loss: 0.5077 | Val Loss: 0.7702 | Acc (clean): 0.8703 | Acc (poison): 0.8385 | Val Acc: 0.7678 | Time: 00:00:12
Epoch 023 | Seed 42 | Rate 0.05 | Train Loss: 0.4927 | Val Loss: 0.7625 | Acc (clean): 0.8771 | Acc (poison): 0.8437 | Val Acc: 0.7704 | Time: 00:00:12
Epoch 024 | Seed 42 | Rate 0.05 | Train Loss: 0.4903 | Val Loss: 0.6915 | Acc (clean): 0.8784 | Acc (poison): 0.8463 | Val Acc: 0.7911 | Time: 00:00:12
Epoch 025 | Seed 42 | Rate 0.05 | Train Loss: 0.4839 | Val Loss: 0.7102 | Acc (clean): 0.8800 | Acc (poison): 0.8468 | Val Acc: 0.7804 | Time: 00:00:12
Epoch 026 | Seed 42 | Rate 0.05 | Train Loss: 0.4364 | Val Loss: 0.6797 | Acc (clean): 0.8838 | Acc (poison): 0.8513 | Val Acc: 0.7915 | Time: 00:00:13
Epoch 027 | Seed 42 | Rate 0.05 | Train Loss: 0.4482 | Val Loss: 0.9142 | Acc (clean): 0.8771 | Acc (poison): 0.8464 | Val Acc: 0.7315 | Time: 00:00:12
Epoch 028 | Seed 42 | Rate 0.05 | Train Loss: 0.4343 | Val Loss: 1.3218 | Acc (clean): 0.8757 | Acc (poison): 0.8424 | Val Acc: 0.6415 | Time: 00:00:12
Epoch 029 | Seed 42 | Rate 0.05 | Train Loss: 0.3975 | Val Loss: 0.6915 | Acc (clean): 0.8752 | Acc (poison): 0.8426 | Val Acc: 0.7863 | Time: 00:00:12
Epoch 030 | Seed 42 | Rate 0.05 | Train Loss: 0.3897 | Val Loss: 0.9621 | Acc (clean): 0.8794 | Acc (poison): 0.8457 | Val Acc: 0.7296 | Time: 00:00:12
Epoch 031 | Seed 42 | Rate 0.05 | Train Loss: 0.3780 | Val Loss: 0.8127 | Acc (clean): 0.8735 | Acc (poison): 0.8412 | Val Acc: 0.7944 | Time: 00:00:12
Epoch 032 | Seed 42 | Rate 0.05 | Train Loss: 0.3649 | Val Loss: 0.7220 | Acc (clean): 0.8783 | Acc (poison): 0.8462 | Val Acc: 0.7885 | Time: 00:00:12
Epoch 033 | Seed 42 | Rate 0.05 | Train Loss: 0.3296 | Val Loss: 0.8486 | Acc (clean): 0.8802 | Acc (poison): 0.8479 | Val Acc: 0.7496 | Time: 00:00:12
Epoch 034 | Seed 42 | Rate 0.05 | Train Loss: 0.3157 | Val Loss: 0.8089 | Acc (clean): 0.8788 | Acc (poison): 0.8459 | Val Acc: 0.7696 | Time: 00:00:12
Epoch 035 | Seed 42 | Rate 0.05 | Train Loss: 0.3267 | Val Loss: 0.9123 | Acc (clean): 0.8733 | Acc (poison): 0.8410 | Val Acc: 0.7493 | Time: 00:00:12
Epoch 036 | Seed 42 | Rate 0.05 | Train Loss: 0.3263 | Val Loss: 0.8346 | Acc (clean): 0.8715 | Acc (poison): 0.8404 | Val Acc: 0.7659 | Time: 00:00:12
Epoch 037 | Seed 42 | Rate 0.05 | Train Loss: 0.3059 | Val Loss: 0.7326 | Acc (clean): 0.8811 | Acc (poison): 0.8496 | Val Acc: 0.7763 | Time: 00:00:12
Epoch 038 | Seed 42 | Rate 0.05 | Train Loss: 0.3162 | Val Loss: 0.8841 | Acc (clean): 0.8791 | Acc (poison): 0.8460 | Val Acc: 0.7656 | Time: 00:00:12
Epoch 039 | Seed 42 | Rate 0.05 | Train Loss: 0.2928 | Val Loss: 1.4206 | Acc (clean): 0.8841 | Acc (poison): 0.8533 | Val Acc: 0.6581 | Time: 00:00:12
Epoch 040 | Seed 42 | Rate 0.05 | Train Loss: 0.3013 | Val Loss: 0.7206 | Acc (clean): 0.8835 | Acc (poison): 0.8511 | Val Acc: 0.7907 | Time: 00:00:12
Epoch 041 | Seed 42 | Rate 0.05 | Train Loss: 0.3027 | Val Loss: 0.7789 | Acc (clean): 0.8827 | Acc (poison): 0.8512 | Val Acc: 0.7807 | Time: 00:00:12
Epoch 042 | Seed 42 | Rate 0.05 | Train Loss: 0.3007 | Val Loss: 0.8492 | Acc (clean): 0.8821 | Acc (poison): 0.8502 | Val Acc: 0.7430 | Time: 00:00:12
Epoch 043 | Seed 42 | Rate 0.05 | Train Loss: 0.3065 | Val Loss: 0.8151 | Acc (clean): 0.8794 | Acc (poison): 0.8467 | Val Acc: 0.7656 | Time: 00:00:12
Epoch 044 | Seed 42 | Rate 0.05 | Train Loss: 0.3006 | Val Loss: 1.1835 | Acc (clean): 0.8832 | Acc (poison): 0.8512 | Val Acc: 0.6870 | Time: 00:00:12
Epoch 045 | Seed 42 | Rate 0.05 | Train Loss: 0.2893 | Val Loss: 0.8461 | Acc (clean): 0.8877 | Acc (poison): 0.8549 | Val Acc: 0.7681 | Time: 00:00:12
Epoch 046 | Seed 42 | Rate 0.05 | Train Loss: 0.3076 | Val Loss: 0.7356 | Acc (clean): 0.8787 | Acc (poison): 0.8459 | Val Acc: 0.7974 | Time: 00:00:12
Epoch 047 | Seed 42 | Rate 0.05 | Train Loss: 0.2834 | Val Loss: 0.8494 | Acc (clean): 0.8908 | Acc (poison): 0.8588 | Val Acc: 0.7641 | Time: 00:00:12
Epoch 048 | Seed 42 | Rate 0.05 | Train Loss: 0.2764 | Val Loss: 0.7776 | Acc (clean): 0.8911 | Acc (poison): 0.8591 | Val Acc: 0.7874 | Time: 00:00:12
Epoch 049 | Seed 42 | Rate 0.05 | Train Loss: 0.2924 | Val Loss: 0.9028 | Acc (clean): 0.8854 | Acc (poison): 0.8529 | Val Acc: 0.7504 | Time: 00:00:12
Epoch 050 | Seed 42 | Rate 0.05 | Train Loss: 0.2874 | Val Loss: 0.8136 | Acc (clean): 0.8864 | Acc (poison): 0.8574 | Val Acc: 0.7748 | Time: 00:00:12
Epoch 051 | Seed 42 | Rate 0.05 | Train Loss: 0.1277 | Val Loss: 0.3196 | Acc (clean): 0.9467 | Acc (poison): 0.9158 | Val Acc: 0.9022 | Time: 00:00:13
Epoch 052 | Seed 42 | Rate 0.05 | Train Loss: 0.0890 | Val Loss: 0.2992 | Acc (clean): 0.9628 | Acc (poison): 0.9312 | Val Acc: 0.9122 | Time: 00:00:12
Epoch 053 | Seed 42 | Rate 0.05 | Train Loss: 0.0720 | Val Loss: 0.3020 | Acc (clean): 0.9660 | Acc (poison): 0.9383 | Val Acc: 0.9144 | Time: 00:00:12
Epoch 054 | Seed 42 | Rate 0.05 | Train Loss: 0.0635 | Val Loss: 0.2913 | Acc (clean): 0.9679 | Acc (poison): 0.9405 | Val Acc: 0.9156 | Time: 00:00:13
Epoch 055 | Seed 42 | Rate 0.05 | Train Loss: 0.0572 | Val Loss: 0.2959 | Acc (clean): 0.9689 | Acc (poison): 0.9442 | Val Acc: 0.9130 | Time: 00:00:12
Epoch 056 | Seed 42 | Rate 0.05 | Train Loss: 0.0548 | Val Loss: 0.2943 | Acc (clean): 0.9707 | Acc (poison): 0.9462 | Val Acc: 0.9159 | Time: 00:00:12
Epoch 057 | Seed 42 | Rate 0.05 | Train Loss: 0.0493 | Val Loss: 0.3031 | Acc (clean): 0.9706 | Acc (poison): 0.9481 | Val Acc: 0.9137 | Time: 00:00:12
Epoch 058 | Seed 42 | Rate 0.05 | Train Loss: 0.0463 | Val Loss: 0.2975 | Acc (clean): 0.9703 | Acc (poison): 0.9487 | Val Acc: 0.9115 | Time: 00:00:12
Epoch 059 | Seed 42 | Rate 0.05 | Train Loss: 0.0420 | Val Loss: 0.3035 | Acc (clean): 0.9730 | Acc (poison): 0.9518 | Val Acc: 0.9126 | Time: 00:00:12
Epoch 060 | Seed 42 | Rate 0.05 | Train Loss: 0.0432 | Val Loss: 0.3018 | Acc (clean): 0.9719 | Acc (poison): 0.9519 | Val Acc: 0.9152 | Time: 00:00:12
Epoch 061 | Seed 42 | Rate 0.05 | Train Loss: 0.0379 | Val Loss: 0.2926 | Acc (clean): 0.9741 | Acc (poison): 0.9542 | Val Acc: 0.9163 | Time: 00:00:12
Epoch 062 | Seed 42 | Rate 0.05 | Train Loss: 0.0358 | Val Loss: 0.2996 | Acc (clean): 0.9724 | Acc (poison): 0.9549 | Val Acc: 0.9174 | Time: 00:00:12
Epoch 063 | Seed 42 | Rate 0.05 | Train Loss: 0.0331 | Val Loss: 0.3009 | Acc (clean): 0.9740 | Acc (poison): 0.9563 | Val Acc: 0.9130 | Time: 00:00:12
Epoch 064 | Seed 42 | Rate 0.05 | Train Loss: 0.0333 | Val Loss: 0.3048 | Acc (clean): 0.9741 | Acc (poison): 0.9563 | Val Acc: 0.9152 | Time: 00:00:12
Epoch 065 | Seed 42 | Rate 0.05 | Train Loss: 0.0299 | Val Loss: 0.2977 | Acc (clean): 0.9728 | Acc (poison): 0.9572 | Val Acc: 0.9174 | Time: 00:00:12
Epoch 066 | Seed 42 | Rate 0.05 | Train Loss: 0.0337 | Val Loss: 0.3048 | Acc (clean): 0.9733 | Acc (poison): 0.9572 | Val Acc: 0.9119 | Time: 00:00:12
Epoch 067 | Seed 42 | Rate 0.05 | Train Loss: 0.0286 | Val Loss: 0.3047 | Acc (clean): 0.9728 | Acc (poison): 0.9587 | Val Acc: 0.9156 | Time: 00:00:12
Epoch 068 | Seed 42 | Rate 0.05 | Train Loss: 0.0278 | Val Loss: 0.3045 | Acc (clean): 0.9724 | Acc (poison): 0.9597 | Val Acc: 0.9133 | Time: 00:00:12
Epoch 069 | Seed 42 | Rate 0.05 | Train Loss: 0.0275 | Val Loss: 0.2914 | Acc (clean): 0.9732 | Acc (poison): 0.9601 | Val Acc: 0.9207 | Time: 00:00:12
Epoch 070 | Seed 42 | Rate 0.05 | Train Loss: 0.0273 | Val Loss: 0.3040 | Acc (clean): 0.9719 | Acc (poison): 0.9604 | Val Acc: 0.9130 | Time: 00:00:12
Epoch 071 | Seed 42 | Rate 0.05 | Train Loss: 0.0270 | Val Loss: 0.3004 | Acc (clean): 0.9724 | Acc (poison): 0.9614 | Val Acc: 0.9167 | Time: 00:00:12
Epoch 072 | Seed 42 | Rate 0.05 | Train Loss: 0.0226 | Val Loss: 0.2919 | Acc (clean): 0.9728 | Acc (poison): 0.9614 | Val Acc: 0.9207 | Time: 00:00:12
Epoch 073 | Seed 42 | Rate 0.05 | Train Loss: 0.0244 | Val Loss: 0.2943 | Acc (clean): 0.9718 | Acc (poison): 0.9623 | Val Acc: 0.9189 | Time: 00:00:12
Epoch 074 | Seed 42 | Rate 0.05 | Train Loss: 0.0205 | Val Loss: 0.3099 | Acc (clean): 0.9727 | Acc (poison): 0.9636 | Val Acc: 0.9152 | Time: 00:00:12
Epoch 075 | Seed 42 | Rate 0.05 | Train Loss: 0.0208 | Val Loss: 0.2921 | Acc (clean): 0.9727 | Acc (poison): 0.9642 | Val Acc: 0.9196 | Time: 00:00:11
Epoch 076 | Seed 42 | Rate 0.05 | Train Loss: 0.0202 | Val Loss: 0.2910 | Acc (clean): 0.9724 | Acc (poison): 0.9652 | Val Acc: 0.9167 | Time: 00:00:12
Epoch 077 | Seed 42 | Rate 0.05 | Train Loss: 0.0205 | Val Loss: 0.2889 | Acc (clean): 0.9730 | Acc (poison): 0.9657 | Val Acc: 0.9185 | Time: 00:00:12
Epoch 078 | Seed 42 | Rate 0.05 | Train Loss: 0.0170 | Val Loss: 0.2901 | Acc (clean): 0.9732 | Acc (poison): 0.9656 | Val Acc: 0.9193 | Time: 00:00:12
Epoch 079 | Seed 42 | Rate 0.05 | Train Loss: 0.0191 | Val Loss: 0.2923 | Acc (clean): 0.9735 | Acc (poison): 0.9649 | Val Acc: 0.9178 | Time: 00:00:11
Epoch 080 | Seed 42 | Rate 0.05 | Train Loss: 0.0186 | Val Loss: 0.2895 | Acc (clean): 0.9731 | Acc (poison): 0.9660 | Val Acc: 0.9163 | Time: 00:00:12
Epoch 081 | Seed 42 | Rate 0.05 | Train Loss: 0.0191 | Val Loss: 0.2978 | Acc (clean): 0.9726 | Acc (poison): 0.9656 | Val Acc: 0.9144 | Time: 00:00:11
Epoch 082 | Seed 42 | Rate 0.05 | Train Loss: 0.0174 | Val Loss: 0.2937 | Acc (clean): 0.9730 | Acc (poison): 0.9662 | Val Acc: 0.9170 | Time: 00:00:11
Epoch 083 | Seed 42 | Rate 0.05 | Train Loss: 0.0172 | Val Loss: 0.2929 | Acc (clean): 0.9739 | Acc (poison): 0.9663 | Val Acc: 0.9178 | Time: 00:00:11
Epoch 084 | Seed 42 | Rate 0.05 | Train Loss: 0.0179 | Val Loss: 0.2914 | Acc (clean): 0.9733 | Acc (poison): 0.9666 | Val Acc: 0.9185 | Time: 00:00:11
Epoch 085 | Seed 42 | Rate 0.05 | Train Loss: 0.0184 | Val Loss: 0.2930 | Acc (clean): 0.9739 | Acc (poison): 0.9661 | Val Acc: 0.9185 | Time: 00:00:12
Epoch 086 | Seed 42 | Rate 0.05 | Train Loss: 0.0171 | Val Loss: 0.2893 | Acc (clean): 0.9729 | Acc (poison): 0.9660 | Val Acc: 0.9193 | Time: 00:00:12
Epoch 087 | Seed 42 | Rate 0.05 | Train Loss: 0.0176 | Val Loss: 0.2897 | Acc (clean): 0.9739 | Acc (poison): 0.9670 | Val Acc: 0.9193 | Time: 00:00:11
Epoch 088 | Seed 42 | Rate 0.05 | Train Loss: 0.0197 | Val Loss: 0.2940 | Acc (clean): 0.9724 | Acc (poison): 0.9667 | Val Acc: 0.9141 | Time: 00:00:11
Epoch 089 | Seed 42 | Rate 0.05 | Train Loss: 0.0167 | Val Loss: 0.2932 | Acc (clean): 0.9731 | Acc (poison): 0.9663 | Val Acc: 0.9167 | Time: 00:00:12
Epoch 090 | Seed 42 | Rate 0.05 | Train Loss: 0.0178 | Val Loss: 0.2968 | Acc (clean): 0.9734 | Acc (poison): 0.9664 | Val Acc: 0.9167 | Time: 00:00:11
Epoch 091 | Seed 42 | Rate 0.05 | Train Loss: 0.0168 | Val Loss: 0.2974 | Acc (clean): 0.9731 | Acc (poison): 0.9672 | Val Acc: 0.9152 | Time: 00:00:12
Epoch 092 | Seed 42 | Rate 0.05 | Train Loss: 0.0162 | Val Loss: 0.3004 | Acc (clean): 0.9729 | Acc (poison): 0.9657 | Val Acc: 0.9174 | Time: 00:00:12
Epoch 093 | Seed 42 | Rate 0.05 | Train Loss: 0.0182 | Val Loss: 0.2984 | Acc (clean): 0.9735 | Acc (poison): 0.9666 | Val Acc: 0.9167 | Time: 00:00:12
Epoch 094 | Seed 42 | Rate 0.05 | Train Loss: 0.0157 | Val Loss: 0.2978 | Acc (clean): 0.9733 | Acc (poison): 0.9669 | Val Acc: 0.9156 | Time: 00:00:12
Epoch 095 | Seed 42 | Rate 0.05 | Train Loss: 0.0157 | Val Loss: 0.2948 | Acc (clean): 0.9730 | Acc (poison): 0.9672 | Val Acc: 0.9181 | Time: 00:00:12
Epoch 096 | Seed 42 | Rate 0.05 | Train Loss: 0.0181 | Val Loss: 0.3044 | Acc (clean): 0.9740 | Acc (poison): 0.9664 | Val Acc: 0.9167 | Time: 00:00:12
Epoch 097 | Seed 42 | Rate 0.05 | Train Loss: 0.0149 | Val Loss: 0.2954 | Acc (clean): 0.9722 | Acc (poison): 0.9670 | Val Acc: 0.9178 | Time: 00:00:12
Epoch 098 | Seed 42 | Rate 0.05 | Train Loss: 0.0167 | Val Loss: 0.2981 | Acc (clean): 0.9733 | Acc (poison): 0.9680 | Val Acc: 0.9185 | Time: 00:00:12
Epoch 099 | Seed 42 | Rate 0.05 | Train Loss: 0.0196 | Val Loss: 0.2923 | Acc (clean): 0.9726 | Acc (poison): 0.9672 | Val Acc: 0.9189 | Time: 00:00:12
Epoch 100 | Seed 42 | Rate 0.05 | Train Loss: 0.0166 | Val Loss: 0.2942 | Acc (clean): 0.9726 | Acc (poison): 0.9663 | Val Acc: 0.9196 | Time: 00:00:12

=== defense=small_loss attack=RQ2 seed=42 rate=0.1 ===
Loading train data from /home/yazanme/BachelorThesis/BachelorThesis/data/processed/resisc45/train.h5 with mapping /home/yazanme/BachelorThesis/BachelorThesis/data/processed/resisc45/poisoned/RQ2/seed_42/labels_0.10.pt... (in_memory=True, workers=4)
Testing torch.compile support...
Successfully compiled model using torch.compile.
Epoch 001 | Seed 42 | Rate 0.10 | Train Loss: 2.9237 | Val Loss: 2.4154 | Acc (clean): 0.2447 | Acc (poison): 0.2363 | Val Acc: 0.3311 | Time: 00:00:13
Epoch 002 | Seed 42 | Rate 0.10 | Train Loss: 2.0331 | Val Loss: 1.9872 | Acc (clean): 0.4336 | Acc (poison): 0.4079 | Val Acc: 0.4278 | Time: 00:00:13
Epoch 003 | Seed 42 | Rate 0.10 | Train Loss: 1.7099 | Val Loss: 1.7357 | Acc (clean): 0.5225 | Acc (poison): 0.4897 | Val Acc: 0.4974 | Time: 00:00:13
Epoch 004 | Seed 42 | Rate 0.10 | Train Loss: 1.5079 | Val Loss: 1.8001 | Acc (clean): 0.5842 | Acc (poison): 0.5446 | Val Acc: 0.4719 | Time: 00:00:12
Epoch 005 | Seed 42 | Rate 0.10 | Train Loss: 1.3552 | Val Loss: 1.4581 | Acc (clean): 0.6285 | Acc (poison): 0.5842 | Val Acc: 0.5696 | Time: 00:00:13
Epoch 006 | Seed 42 | Rate 0.10 | Train Loss: 1.2257 | Val Loss: 1.4335 | Acc (clean): 0.6683 | Acc (poison): 0.6196 | Val Acc: 0.5567 | Time: 00:00:12
Epoch 007 | Seed 42 | Rate 0.10 | Train Loss: 1.1011 | Val Loss: 1.1566 | Acc (clean): 0.7016 | Acc (poison): 0.6513 | Val Acc: 0.6693 | Time: 00:00:12
Epoch 008 | Seed 42 | Rate 0.10 | Train Loss: 1.0017 | Val Loss: 1.4512 | Acc (clean): 0.7320 | Acc (poison): 0.6754 | Val Acc: 0.5970 | Time: 00:00:12
Epoch 009 | Seed 42 | Rate 0.10 | Train Loss: 0.9186 | Val Loss: 1.0053 | Acc (clean): 0.7569 | Acc (poison): 0.6997 | Val Acc: 0.7030 | Time: 00:00:12
Epoch 010 | Seed 42 | Rate 0.10 | Train Loss: 0.8632 | Val Loss: 0.9598 | Acc (clean): 0.7742 | Acc (poison): 0.7149 | Val Acc: 0.7081 | Time: 00:00:13
Epoch 011 | Seed 42 | Rate 0.10 | Train Loss: 0.8251 | Val Loss: 1.1527 | Acc (clean): 0.7934 | Acc (poison): 0.7309 | Val Acc: 0.6589 | Time: 00:00:12
Epoch 012 | Seed 42 | Rate 0.10 | Train Loss: 0.7895 | Val Loss: 0.9015 | Acc (clean): 0.7984 | Acc (poison): 0.7349 | Val Acc: 0.7274 | Time: 00:00:13
Epoch 013 | Seed 42 | Rate 0.10 | Train Loss: 0.7634 | Val Loss: 0.8485 | Acc (clean): 0.8069 | Acc (poison): 0.7442 | Val Acc: 0.7381 | Time: 00:00:12
Epoch 014 | Seed 42 | Rate 0.10 | Train Loss: 0.7309 | Val Loss: 1.0040 | Acc (clean): 0.8179 | Acc (poison): 0.7529 | Val Acc: 0.7011 | Time: 00:00:12
Epoch 015 | Seed 42 | Rate 0.10 | Train Loss: 0.7183 | Val Loss: 1.0072 | Acc (clean): 0.8221 | Acc (poison): 0.7573 | Val Acc: 0.6956 | Time: 00:00:12
Epoch 016 | Seed 42 | Rate 0.10 | Train Loss: 0.6961 | Val Loss: 0.8160 | Acc (clean): 0.8294 | Acc (poison): 0.7660 | Val Acc: 0.7507 | Time: 00:00:13
Epoch 017 | Seed 42 | Rate 0.10 | Train Loss: 0.6717 | Val Loss: 0.8326 | Acc (clean): 0.8355 | Acc (poison): 0.7698 | Val Acc: 0.7511 | Time: 00:00:12
Epoch 018 | Seed 42 | Rate 0.10 | Train Loss: 0.6682 | Val Loss: 0.8762 | Acc (clean): 0.8380 | Acc (poison): 0.7730 | Val Acc: 0.7359 | Time: 00:00:12
Epoch 019 | Seed 42 | Rate 0.10 | Train Loss: 0.6529 | Val Loss: 1.0757 | Acc (clean): 0.8397 | Acc (poison): 0.7769 | Val Acc: 0.7011 | Time: 00:00:12
Epoch 020 | Seed 42 | Rate 0.10 | Train Loss: 0.6329 | Val Loss: 0.8242 | Acc (clean): 0.8472 | Acc (poison): 0.7815 | Val Acc: 0.7652 | Time: 00:00:12
Epoch 021 | Seed 42 | Rate 0.10 | Train Loss: 0.6301 | Val Loss: 0.8486 | Acc (clean): 0.8541 | Acc (poison): 0.7869 | Val Acc: 0.7496 | Time: 00:00:12
Epoch 022 | Seed 42 | Rate 0.10 | Train Loss: 0.6131 | Val Loss: 0.8746 | Acc (clean): 0.8541 | Acc (poison): 0.7886 | Val Acc: 0.7419 | Time: 00:00:12
Epoch 023 | Seed 42 | Rate 0.10 | Train Loss: 0.6040 | Val Loss: 0.9384 | Acc (clean): 0.8599 | Acc (poison): 0.7951 | Val Acc: 0.7219 | Time: 00:00:12
Epoch 024 | Seed 42 | Rate 0.10 | Train Loss: 0.6194 | Val Loss: 0.8720 | Acc (clean): 0.8547 | Acc (poison): 0.7895 | Val Acc: 0.7226 | Time: 00:00:12
Epoch 025 | Seed 42 | Rate 0.10 | Train Loss: 0.6025 | Val Loss: 0.7668 | Acc (clean): 0.8582 | Acc (poison): 0.7915 | Val Acc: 0.7681 | Time: 00:00:12
Epoch 026 | Seed 42 | Rate 0.10 | Train Loss: 0.5539 | Val Loss: 0.7317 | Acc (clean): 0.8612 | Acc (poison): 0.7963 | Val Acc: 0.7811 | Time: 00:00:13
Epoch 027 | Seed 42 | Rate 0.10 | Train Loss: 0.5189 | Val Loss: 1.2103 | Acc (clean): 0.8574 | Acc (poison): 0.7945 | Val Acc: 0.6578 | Time: 00:00:12
Epoch 028 | Seed 42 | Rate 0.10 | Train Loss: 0.5211 | Val Loss: 1.0175 | Acc (clean): 0.8435 | Acc (poison): 0.7782 | Val Acc: 0.7189 | Time: 00:00:12
Epoch 029 | Seed 42 | Rate 0.10 | Train Loss: 0.5031 | Val Loss: 0.8516 | Acc (clean): 0.8449 | Acc (poison): 0.7812 | Val Acc: 0.7589 | Time: 00:00:12
Epoch 030 | Seed 42 | Rate 0.10 | Train Loss: 0.4772 | Val Loss: 1.0253 | Acc (clean): 0.8429 | Acc (poison): 0.7801 | Val Acc: 0.7170 | Time: 00:00:12
Epoch 031 | Seed 42 | Rate 0.10 | Train Loss: 0.4226 | Val Loss: 1.4048 | Acc (clean): 0.8478 | Acc (poison): 0.7850 | Val Acc: 0.6478 | Time: 00:00:12
Epoch 032 | Seed 42 | Rate 0.10 | Train Loss: 0.4272 | Val Loss: 1.1301 | Acc (clean): 0.8410 | Acc (poison): 0.7789 | Val Acc: 0.7041 | Time: 00:00:12
Epoch 033 | Seed 42 | Rate 0.10 | Train Loss: 0.3959 | Val Loss: 0.8371 | Acc (clean): 0.8453 | Acc (poison): 0.7828 | Val Acc: 0.7641 | Time: 00:00:12
Epoch 034 | Seed 42 | Rate 0.10 | Train Loss: 0.3535 | Val Loss: 1.1952 | Acc (clean): 0.8438 | Acc (poison): 0.7814 | Val Acc: 0.6848 | Time: 00:00:12
Epoch 035 | Seed 42 | Rate 0.10 | Train Loss: 0.3325 | Val Loss: 0.8752 | Acc (clean): 0.8455 | Acc (poison): 0.7825 | Val Acc: 0.7548 | Time: 00:00:12
Epoch 036 | Seed 42 | Rate 0.10 | Train Loss: 0.3417 | Val Loss: 1.4418 | Acc (clean): 0.8402 | Acc (poison): 0.7780 | Val Acc: 0.6411 | Time: 00:00:12
Epoch 037 | Seed 42 | Rate 0.10 | Train Loss: 0.3354 | Val Loss: 0.9905 | Acc (clean): 0.8479 | Acc (poison): 0.7814 | Val Acc: 0.7322 | Time: 00:00:12
Epoch 038 | Seed 42 | Rate 0.10 | Train Loss: 0.3480 | Val Loss: 0.9978 | Acc (clean): 0.8408 | Acc (poison): 0.7779 | Val Acc: 0.7337 | Time: 00:00:12
Epoch 039 | Seed 42 | Rate 0.10 | Train Loss: 0.3116 | Val Loss: 1.1387 | Acc (clean): 0.8552 | Acc (poison): 0.7891 | Val Acc: 0.7085 | Time: 00:00:12
Epoch 040 | Seed 42 | Rate 0.10 | Train Loss: 0.3330 | Val Loss: 1.0640 | Acc (clean): 0.8450 | Acc (poison): 0.7817 | Val Acc: 0.7393 | Time: 00:00:12
Epoch 041 | Seed 42 | Rate 0.10 | Train Loss: 0.3298 | Val Loss: 0.8541 | Acc (clean): 0.8468 | Acc (poison): 0.7821 | Val Acc: 0.7763 | Time: 00:00:12
Epoch 042 | Seed 42 | Rate 0.10 | Train Loss: 0.3195 | Val Loss: 1.1980 | Acc (clean): 0.8505 | Acc (poison): 0.7864 | Val Acc: 0.6989 | Time: 00:00:12
Epoch 043 | Seed 42 | Rate 0.10 | Train Loss: 0.3202 | Val Loss: 0.8239 | Acc (clean): 0.8514 | Acc (poison): 0.7881 | Val Acc: 0.7781 | Time: 00:00:12
Epoch 044 | Seed 42 | Rate 0.10 | Train Loss: 0.3025 | Val Loss: 1.4261 | Acc (clean): 0.8575 | Acc (poison): 0.7930 | Val Acc: 0.6552 | Time: 00:00:12
Epoch 045 | Seed 42 | Rate 0.10 | Train Loss: 0.3191 | Val Loss: 0.8605 | Acc (clean): 0.8499 | Acc (poison): 0.7871 | Val Acc: 0.7489 | Time: 00:00:12
Epoch 046 | Seed 42 | Rate 0.10 | Train Loss: 0.3228 | Val Loss: 1.2739 | Acc (clean): 0.8517 | Acc (poison): 0.7867 | Val Acc: 0.6722 | Time: 00:00:12
Epoch 047 | Seed 42 | Rate 0.10 | Train Loss: 0.3210 | Val Loss: 1.0518 | Acc (clean): 0.8524 | Acc (poison): 0.7878 | Val Acc: 0.7174 | Time: 00:00:12
Epoch 048 | Seed 42 | Rate 0.10 | Train Loss: 0.3184 | Val Loss: 1.0298 | Acc (clean): 0.8521 | Acc (poison): 0.7873 | Val Acc: 0.7133 | Time: 00:00:12
Epoch 049 | Seed 42 | Rate 0.10 | Train Loss: 0.3075 | Val Loss: 0.8827 | Acc (clean): 0.8553 | Acc (poison): 0.7917 | Val Acc: 0.7530 | Time: 00:00:12
Epoch 050 | Seed 42 | Rate 0.10 | Train Loss: 0.3070 | Val Loss: 0.9644 | Acc (clean): 0.8553 | Acc (poison): 0.7911 | Val Acc: 0.7385 | Time: 00:00:12
Epoch 051 | Seed 42 | Rate 0.10 | Train Loss: 0.1578 | Val Loss: 0.3698 | Acc (clean): 0.9212 | Acc (poison): 0.8522 | Val Acc: 0.8889 | Time: 00:00:13
Epoch 052 | Seed 42 | Rate 0.10 | Train Loss: 0.1099 | Val Loss: 0.3382 | Acc (clean): 0.9411 | Acc (poison): 0.8715 | Val Acc: 0.8985 | Time: 00:00:13
Epoch 053 | Seed 42 | Rate 0.10 | Train Loss: 0.0941 | Val Loss: 0.3363 | Acc (clean): 0.9453 | Acc (poison): 0.8767 | Val Acc: 0.8989 | Time: 00:00:12
Epoch 054 | Seed 42 | Rate 0.10 | Train Loss: 0.0817 | Val Loss: 0.3275 | Acc (clean): 0.9492 | Acc (poison): 0.8827 | Val Acc: 0.9026 | Time: 00:00:13
Epoch 055 | Seed 42 | Rate 0.10 | Train Loss: 0.0779 | Val Loss: 0.3314 | Acc (clean): 0.9503 | Acc (poison): 0.8854 | Val Acc: 0.9007 | Time: 00:00:12
Epoch 056 | Seed 42 | Rate 0.10 | Train Loss: 0.0689 | Val Loss: 0.3193 | Acc (clean): 0.9520 | Acc (poison): 0.8873 | Val Acc: 0.9056 | Time: 00:00:13
Epoch 057 | Seed 42 | Rate 0.10 | Train Loss: 0.0660 | Val Loss: 0.3299 | Acc (clean): 0.9532 | Acc (poison): 0.8909 | Val Acc: 0.9022 | Time: 00:00:12
Epoch 058 | Seed 42 | Rate 0.10 | Train Loss: 0.0609 | Val Loss: 0.3177 | Acc (clean): 0.9536 | Acc (poison): 0.8925 | Val Acc: 0.9059 | Time: 00:00:13
Epoch 059 | Seed 42 | Rate 0.10 | Train Loss: 0.0552 | Val Loss: 0.3312 | Acc (clean): 0.9551 | Acc (poison): 0.8958 | Val Acc: 0.9004 | Time: 00:00:12
Epoch 060 | Seed 42 | Rate 0.10 | Train Loss: 0.0536 | Val Loss: 0.3368 | Acc (clean): 0.9544 | Acc (poison): 0.8963 | Val Acc: 0.9041 | Time: 00:00:12
Epoch 061 | Seed 42 | Rate 0.10 | Train Loss: 0.0482 | Val Loss: 0.3263 | Acc (clean): 0.9559 | Acc (poison): 0.8999 | Val Acc: 0.9015 | Time: 00:00:12
Epoch 062 | Seed 42 | Rate 0.10 | Train Loss: 0.0477 | Val Loss: 0.3394 | Acc (clean): 0.9548 | Acc (poison): 0.9010 | Val Acc: 0.8959 | Time: 00:00:12
Epoch 063 | Seed 42 | Rate 0.10 | Train Loss: 0.0430 | Val Loss: 0.3308 | Acc (clean): 0.9570 | Acc (poison): 0.9032 | Val Acc: 0.9007 | Time: 00:00:12
Epoch 064 | Seed 42 | Rate 0.10 | Train Loss: 0.0411 | Val Loss: 0.3340 | Acc (clean): 0.9561 | Acc (poison): 0.9036 | Val Acc: 0.9041 | Time: 00:00:12
Epoch 065 | Seed 42 | Rate 0.10 | Train Loss: 0.0415 | Val Loss: 0.3307 | Acc (clean): 0.9569 | Acc (poison): 0.9037 | Val Acc: 0.9033 | Time: 00:00:12
Epoch 066 | Seed 42 | Rate 0.10 | Train Loss: 0.0388 | Val Loss: 0.3356 | Acc (clean): 0.9563 | Acc (poison): 0.9060 | Val Acc: 0.9011 | Time: 00:00:12
Epoch 067 | Seed 42 | Rate 0.10 | Train Loss: 0.0395 | Val Loss: 0.3433 | Acc (clean): 0.9557 | Acc (poison): 0.9071 | Val Acc: 0.8981 | Time: 00:00:12
Epoch 068 | Seed 42 | Rate 0.10 | Train Loss: 0.0348 | Val Loss: 0.3357 | Acc (clean): 0.9563 | Acc (poison): 0.9077 | Val Acc: 0.8970 | Time: 00:00:12
Epoch 069 | Seed 42 | Rate 0.10 | Train Loss: 0.0354 | Val Loss: 0.3352 | Acc (clean): 0.9547 | Acc (poison): 0.9088 | Val Acc: 0.8985 | Time: 00:00:12
Epoch 070 | Seed 42 | Rate 0.10 | Train Loss: 0.0330 | Val Loss: 0.3237 | Acc (clean): 0.9563 | Acc (poison): 0.9110 | Val Acc: 0.9096 | Time: 00:00:12
Epoch 071 | Seed 42 | Rate 0.10 | Train Loss: 0.0323 | Val Loss: 0.3290 | Acc (clean): 0.9541 | Acc (poison): 0.9098 | Val Acc: 0.9056 | Time: 00:00:12
Epoch 072 | Seed 42 | Rate 0.10 | Train Loss: 0.0318 | Val Loss: 0.3229 | Acc (clean): 0.9534 | Acc (poison): 0.9100 | Val Acc: 0.9037 | Time: 00:00:12
Epoch 073 | Seed 42 | Rate 0.10 | Train Loss: 0.0290 | Val Loss: 0.3300 | Acc (clean): 0.9555 | Acc (poison): 0.9126 | Val Acc: 0.9030 | Time: 00:00:12
Epoch 074 | Seed 42 | Rate 0.10 | Train Loss: 0.0268 | Val Loss: 0.3506 | Acc (clean): 0.9553 | Acc (poison): 0.9124 | Val Acc: 0.8974 | Time: 00:00:12
Epoch 075 | Seed 42 | Rate 0.10 | Train Loss: 0.0286 | Val Loss: 0.3425 | Acc (clean): 0.9556 | Acc (poison): 0.9134 | Val Acc: 0.9000 | Time: 00:00:12
Epoch 076 | Seed 42 | Rate 0.10 | Train Loss: 0.0247 | Val Loss: 0.3247 | Acc (clean): 0.9558 | Acc (poison): 0.9155 | Val Acc: 0.9048 | Time: 00:00:12
Epoch 077 | Seed 42 | Rate 0.10 | Train Loss: 0.0262 | Val Loss: 0.3246 | Acc (clean): 0.9560 | Acc (poison): 0.9174 | Val Acc: 0.9074 | Time: 00:00:12
Epoch 078 | Seed 42 | Rate 0.10 | Train Loss: 0.0214 | Val Loss: 0.3194 | Acc (clean): 0.9580 | Acc (poison): 0.9183 | Val Acc: 0.9056 | Time: 00:00:12
Epoch 079 | Seed 42 | Rate 0.10 | Train Loss: 0.0216 | Val Loss: 0.3199 | Acc (clean): 0.9566 | Acc (poison): 0.9185 | Val Acc: 0.9059 | Time: 00:00:12
Epoch 080 | Seed 42 | Rate 0.10 | Train Loss: 0.0223 | Val Loss: 0.3177 | Acc (clean): 0.9564 | Acc (poison): 0.9188 | Val Acc: 0.9063 | Time: 00:00:13
Epoch 081 | Seed 42 | Rate 0.10 | Train Loss: 0.0211 | Val Loss: 0.3246 | Acc (clean): 0.9578 | Acc (poison): 0.9179 | Val Acc: 0.9048 | Time: 00:00:12
Epoch 082 | Seed 42 | Rate 0.10 | Train Loss: 0.0214 | Val Loss: 0.3217 | Acc (clean): 0.9570 | Acc (poison): 0.9191 | Val Acc: 0.9052 | Time: 00:00:12
Epoch 083 | Seed 42 | Rate 0.10 | Train Loss: 0.0187 | Val Loss: 0.3191 | Acc (clean): 0.9572 | Acc (poison): 0.9195 | Val Acc: 0.9070 | Time: 00:00:12
Epoch 084 | Seed 42 | Rate 0.10 | Train Loss: 0.0217 | Val Loss: 0.3160 | Acc (clean): 0.9565 | Acc (poison): 0.9199 | Val Acc: 0.9044 | Time: 00:00:12
Epoch 085 | Seed 42 | Rate 0.10 | Train Loss: 0.0203 | Val Loss: 0.3203 | Acc (clean): 0.9574 | Acc (poison): 0.9195 | Val Acc: 0.9030 | Time: 00:00:12
Epoch 086 | Seed 42 | Rate 0.10 | Train Loss: 0.0179 | Val Loss: 0.3203 | Acc (clean): 0.9572 | Acc (poison): 0.9201 | Val Acc: 0.9030 | Time: 00:00:12
Epoch 087 | Seed 42 | Rate 0.10 | Train Loss: 0.0197 | Val Loss: 0.3181 | Acc (clean): 0.9576 | Acc (poison): 0.9202 | Val Acc: 0.9033 | Time: 00:00:12
Epoch 088 | Seed 42 | Rate 0.10 | Train Loss: 0.0205 | Val Loss: 0.3249 | Acc (clean): 0.9567 | Acc (poison): 0.9201 | Val Acc: 0.9022 | Time: 00:00:12
Epoch 089 | Seed 42 | Rate 0.10 | Train Loss: 0.0205 | Val Loss: 0.3216 | Acc (clean): 0.9563 | Acc (poison): 0.9199 | Val Acc: 0.9037 | Time: 00:00:12
Epoch 090 | Seed 42 | Rate 0.10 | Train Loss: 0.0196 | Val Loss: 0.3244 | Acc (clean): 0.9568 | Acc (poison): 0.9195 | Val Acc: 0.9048 | Time: 00:00:12
Epoch 091 | Seed 42 | Rate 0.10 | Train Loss: 0.0197 | Val Loss: 0.3233 | Acc (clean): 0.9574 | Acc (poison): 0.9214 | Val Acc: 0.9033 | Time: 00:00:12
Epoch 092 | Seed 42 | Rate 0.10 | Train Loss: 0.0208 | Val Loss: 0.3271 | Acc (clean): 0.9565 | Acc (poison): 0.9190 | Val Acc: 0.9041 | Time: 00:00:12
Epoch 093 | Seed 42 | Rate 0.10 | Train Loss: 0.0201 | Val Loss: 0.3292 | Acc (clean): 0.9579 | Acc (poison): 0.9199 | Val Acc: 0.9015 | Time: 00:00:12
Epoch 094 | Seed 42 | Rate 0.10 | Train Loss: 0.0179 | Val Loss: 0.3226 | Acc (clean): 0.9560 | Acc (poison): 0.9216 | Val Acc: 0.9015 | Time: 00:00:12
Epoch 095 | Seed 42 | Rate 0.10 | Train Loss: 0.0202 | Val Loss: 0.3239 | Acc (clean): 0.9567 | Acc (poison): 0.9212 | Val Acc: 0.9015 | Time: 00:00:12
Epoch 096 | Seed 42 | Rate 0.10 | Train Loss: 0.0188 | Val Loss: 0.3328 | Acc (clean): 0.9568 | Acc (poison): 0.9216 | Val Acc: 0.9004 | Time: 00:00:12
Epoch 097 | Seed 42 | Rate 0.10 | Train Loss: 0.0183 | Val Loss: 0.3204 | Acc (clean): 0.9567 | Acc (poison): 0.9202 | Val Acc: 0.9048 | Time: 00:00:12
Epoch 098 | Seed 42 | Rate 0.10 | Train Loss: 0.0215 | Val Loss: 0.3305 | Acc (clean): 0.9575 | Acc (poison): 0.9212 | Val Acc: 0.9004 | Time: 00:00:12
Epoch 099 | Seed 42 | Rate 0.10 | Train Loss: 0.0211 | Val Loss: 0.3214 | Acc (clean): 0.9568 | Acc (poison): 0.9209 | Val Acc: 0.9026 | Time: 00:00:12
Epoch 100 | Seed 42 | Rate 0.10 | Train Loss: 0.0198 | Val Loss: 0.3224 | Acc (clean): 0.9564 | Acc (poison): 0.9209 | Val Acc: 0.9026 | Time: 00:00:12

=== defense=small_loss attack=RQ2 seed=42 rate=0.2 ===
Loading train data from /home/yazanme/BachelorThesis/BachelorThesis/data/processed/resisc45/train.h5 with mapping /home/yazanme/BachelorThesis/BachelorThesis/data/processed/resisc45/poisoned/RQ2/seed_42/labels_0.20.pt... (in_memory=True, workers=4)
Testing torch.compile support...
Successfully compiled model using torch.compile.
Epoch 001 | Seed 42 | Rate 0.20 | Train Loss: 2.8596 | Val Loss: 2.1572 | Acc (clean): 0.2517 | Acc (poison): 0.2380 | Val Acc: 0.3667 | Time: 00:00:14
Epoch 002 | Seed 42 | Rate 0.20 | Train Loss: 2.0519 | Val Loss: 2.0027 | Acc (clean): 0.4212 | Acc (poison): 0.3880 | Val Acc: 0.4048 | Time: 00:00:13
Epoch 003 | Seed 42 | Rate 0.20 | Train Loss: 1.7562 | Val Loss: 1.7720 | Acc (clean): 0.5030 | Acc (poison): 0.4494 | Val Acc: 0.4885 | Time: 00:00:13
Epoch 004 | Seed 42 | Rate 0.20 | Train Loss: 1.5546 | Val Loss: 1.5252 | Acc (clean): 0.5581 | Acc (poison): 0.4958 | Val Acc: 0.5341 | Time: 00:00:13
Epoch 005 | Seed 42 | Rate 0.20 | Train Loss: 1.4056 | Val Loss: 1.3016 | Acc (clean): 0.5998 | Acc (poison): 0.5287 | Val Acc: 0.6056 | Time: 00:00:13
Epoch 006 | Seed 42 | Rate 0.20 | Train Loss: 1.2743 | Val Loss: 1.3508 | Acc (clean): 0.6348 | Acc (poison): 0.5604 | Val Acc: 0.5796 | Time: 00:00:12
Epoch 007 | Seed 42 | Rate 0.20 | Train Loss: 1.1522 | Val Loss: 1.4011 | Acc (clean): 0.6682 | Acc (poison): 0.5874 | Val Acc: 0.5741 | Time: 00:00:12
Epoch 008 | Seed 42 | Rate 0.20 | Train Loss: 1.0642 | Val Loss: 1.4206 | Acc (clean): 0.6877 | Acc (poison): 0.6048 | Val Acc: 0.5800 | Time: 00:00:12
Epoch 009 | Seed 42 | Rate 0.20 | Train Loss: 1.0037 | Val Loss: 1.1651 | Acc (clean): 0.7035 | Acc (poison): 0.6213 | Val Acc: 0.6489 | Time: 00:00:12
Epoch 010 | Seed 42 | Rate 0.20 | Train Loss: 0.9556 | Val Loss: 1.1511 | Acc (clean): 0.7277 | Acc (poison): 0.6336 | Val Acc: 0.6430 | Time: 00:00:13
Epoch 011 | Seed 42 | Rate 0.20 | Train Loss: 0.9179 | Val Loss: 1.0200 | Acc (clean): 0.7358 | Acc (poison): 0.6416 | Val Acc: 0.6748 | Time: 00:00:13
Epoch 012 | Seed 42 | Rate 0.20 | Train Loss: 0.8907 | Val Loss: 1.2051 | Acc (clean): 0.7489 | Acc (poison): 0.6503 | Val Acc: 0.6252 | Time: 00:00:12
Epoch 013 | Seed 42 | Rate 0.20 | Train Loss: 0.8535 | Val Loss: 0.9508 | Acc (clean): 0.7580 | Acc (poison): 0.6601 | Val Acc: 0.6811 | Time: 00:00:13
Epoch 014 | Seed 42 | Rate 0.20 | Train Loss: 0.8443 | Val Loss: 0.9418 | Acc (clean): 0.7617 | Acc (poison): 0.6652 | Val Acc: 0.7107 | Time: 00:00:13
Epoch 015 | Seed 42 | Rate 0.20 | Train Loss: 0.8261 | Val Loss: 0.9383 | Acc (clean): 0.7649 | Acc (poison): 0.6654 | Val Acc: 0.7226 | Time: 00:00:13
Epoch 016 | Seed 42 | Rate 0.20 | Train Loss: 0.8116 | Val Loss: 0.9136 | Acc (clean): 0.7688 | Acc (poison): 0.6708 | Val Acc: 0.7033 | Time: 00:00:13
Epoch 017 | Seed 42 | Rate 0.20 | Train Loss: 0.7874 | Val Loss: 0.8918 | Acc (clean): 0.7792 | Acc (poison): 0.6789 | Val Acc: 0.7000 | Time: 00:00:13
Epoch 018 | Seed 42 | Rate 0.20 | Train Loss: 0.7817 | Val Loss: 0.9421 | Acc (clean): 0.7841 | Acc (poison): 0.6810 | Val Acc: 0.7193 | Time: 00:00:12
Epoch 019 | Seed 42 | Rate 0.20 | Train Loss: 0.7723 | Val Loss: 0.8800 | Acc (clean): 0.7841 | Acc (poison): 0.6842 | Val Acc: 0.7404 | Time: 00:00:13
Epoch 020 | Seed 42 | Rate 0.20 | Train Loss: 0.7656 | Val Loss: 0.9287 | Acc (clean): 0.7837 | Acc (poison): 0.6871 | Val Acc: 0.7259 | Time: 00:00:12
Epoch 021 | Seed 42 | Rate 0.20 | Train Loss: 0.7511 | Val Loss: 0.8298 | Acc (clean): 0.7904 | Acc (poison): 0.6889 | Val Acc: 0.7396 | Time: 00:00:13
Epoch 022 | Seed 42 | Rate 0.20 | Train Loss: 0.7427 | Val Loss: 0.8999 | Acc (clean): 0.7917 | Acc (poison): 0.6943 | Val Acc: 0.7144 | Time: 00:00:12
Epoch 023 | Seed 42 | Rate 0.20 | Train Loss: 0.7388 | Val Loss: 0.8508 | Acc (clean): 0.7972 | Acc (poison): 0.6936 | Val Acc: 0.7267 | Time: 00:00:12
Epoch 024 | Seed 42 | Rate 0.20 | Train Loss: 0.7344 | Val Loss: 0.7818 | Acc (clean): 0.8023 | Acc (poison): 0.6998 | Val Acc: 0.7533 | Time: 00:00:13
Epoch 025 | Seed 42 | Rate 0.20 | Train Loss: 0.7279 | Val Loss: 0.9775 | Acc (clean): 0.7996 | Acc (poison): 0.7018 | Val Acc: 0.6930 | Time: 00:00:12
Epoch 026 | Seed 42 | Rate 0.20 | Train Loss: 0.6497 | Val Loss: 1.2085 | Acc (clean): 0.7876 | Acc (poison): 0.6938 | Val Acc: 0.6619 | Time: 00:00:12
Epoch 027 | Seed 42 | Rate 0.20 | Train Loss: 0.6252 | Val Loss: 1.1811 | Acc (clean): 0.7828 | Acc (poison): 0.6900 | Val Acc: 0.6793 | Time: 00:00:12
Epoch 028 | Seed 42 | Rate 0.20 | Train Loss: 0.6139 | Val Loss: 1.4440 | Acc (clean): 0.7679 | Acc (poison): 0.6693 | Val Acc: 0.6352 | Time: 00:00:12
Epoch 029 | Seed 42 | Rate 0.20 | Train Loss: 0.5766 | Val Loss: 1.1375 | Acc (clean): 0.7677 | Acc (poison): 0.6728 | Val Acc: 0.6633 | Time: 00:00:12
Epoch 030 | Seed 42 | Rate 0.20 | Train Loss: 0.5486 | Val Loss: 1.4813 | Acc (clean): 0.7642 | Acc (poison): 0.6697 | Val Acc: 0.6104 | Time: 00:00:12
Epoch 031 | Seed 42 | Rate 0.20 | Train Loss: 0.5387 | Val Loss: 1.4512 | Acc (clean): 0.7488 | Acc (poison): 0.6639 | Val Acc: 0.6337 | Time: 00:00:12
Epoch 032 | Seed 42 | Rate 0.20 | Train Loss: 0.5090 | Val Loss: 1.3417 | Acc (clean): 0.7495 | Acc (poison): 0.6563 | Val Acc: 0.6337 | Time: 00:00:12
Epoch 033 | Seed 42 | Rate 0.20 | Train Loss: 0.4808 | Val Loss: 1.2030 | Acc (clean): 0.7542 | Acc (poison): 0.6559 | Val Acc: 0.6537 | Time: 00:00:12
Epoch 034 | Seed 42 | Rate 0.20 | Train Loss: 0.4416 | Val Loss: 1.3483 | Acc (clean): 0.7568 | Acc (poison): 0.6565 | Val Acc: 0.6570 | Time: 00:00:12
Epoch 035 | Seed 42 | Rate 0.20 | Train Loss: 0.3836 | Val Loss: 1.1964 | Acc (clean): 0.7600 | Acc (poison): 0.6584 | Val Acc: 0.6974 | Time: 00:00:12
Epoch 036 | Seed 42 | Rate 0.20 | Train Loss: 0.4028 | Val Loss: 1.2759 | Acc (clean): 0.7555 | Acc (poison): 0.6528 | Val Acc: 0.6567 | Time: 00:00:12
Epoch 037 | Seed 42 | Rate 0.20 | Train Loss: 0.3738 | Val Loss: 0.9985 | Acc (clean): 0.7697 | Acc (poison): 0.6611 | Val Acc: 0.7244 | Time: 00:00:12
Epoch 038 | Seed 42 | Rate 0.20 | Train Loss: 0.3705 | Val Loss: 1.4019 | Acc (clean): 0.7730 | Acc (poison): 0.6629 | Val Acc: 0.6607 | Time: 00:00:12
Epoch 039 | Seed 42 | Rate 0.20 | Train Loss: 0.3974 | Val Loss: 1.3042 | Acc (clean): 0.7599 | Acc (poison): 0.6543 | Val Acc: 0.6870 | Time: 00:00:12
Epoch 040 | Seed 42 | Rate 0.20 | Train Loss: 0.3663 | Val Loss: 1.3396 | Acc (clean): 0.7777 | Acc (poison): 0.6671 | Val Acc: 0.6819 | Time: 00:00:12
Epoch 041 | Seed 42 | Rate 0.20 | Train Loss: 0.3732 | Val Loss: 1.2340 | Acc (clean): 0.7707 | Acc (poison): 0.6636 | Val Acc: 0.6774 | Time: 00:00:12
Epoch 042 | Seed 42 | Rate 0.20 | Train Loss: 0.3678 | Val Loss: 1.6561 | Acc (clean): 0.7733 | Acc (poison): 0.6648 | Val Acc: 0.6148 | Time: 00:00:12
Epoch 043 | Seed 42 | Rate 0.20 | Train Loss: 0.3800 | Val Loss: 1.4884 | Acc (clean): 0.7671 | Acc (poison): 0.6622 | Val Acc: 0.6467 | Time: 00:00:12
Epoch 044 | Seed 42 | Rate 0.20 | Train Loss: 0.3675 | Val Loss: 1.3146 | Acc (clean): 0.7717 | Acc (poison): 0.6653 | Val Acc: 0.6859 | Time: 00:00:12
Epoch 045 | Seed 42 | Rate 0.20 | Train Loss: 0.3570 | Val Loss: 1.2812 | Acc (clean): 0.7745 | Acc (poison): 0.6702 | Val Acc: 0.6863 | Time: 00:00:12
Epoch 046 | Seed 42 | Rate 0.20 | Train Loss: 0.3644 | Val Loss: 1.6838 | Acc (clean): 0.7759 | Acc (poison): 0.6655 | Val Acc: 0.6278 | Time: 00:00:12
Epoch 047 | Seed 42 | Rate 0.20 | Train Loss: 0.3551 | Val Loss: 1.0934 | Acc (clean): 0.7791 | Acc (poison): 0.6708 | Val Acc: 0.7056 | Time: 00:00:12
Epoch 048 | Seed 42 | Rate 0.20 | Train Loss: 0.3649 | Val Loss: 1.2283 | Acc (clean): 0.7726 | Acc (poison): 0.6673 | Val Acc: 0.6822 | Time: 00:00:12
Epoch 049 | Seed 42 | Rate 0.20 | Train Loss: 0.3638 | Val Loss: 1.4389 | Acc (clean): 0.7773 | Acc (poison): 0.6667 | Val Acc: 0.6496 | Time: 00:00:12
Epoch 050 | Seed 42 | Rate 0.20 | Train Loss: 0.3564 | Val Loss: 1.3746 | Acc (clean): 0.7821 | Acc (poison): 0.6686 | Val Acc: 0.6819 | Time: 00:00:12
Epoch 051 | Seed 42 | Rate 0.20 | Train Loss: 0.2024 | Val Loss: 0.5221 | Acc (clean): 0.8628 | Acc (poison): 0.7338 | Val Acc: 0.8463 | Time: 00:00:13
Epoch 052 | Seed 42 | Rate 0.20 | Train Loss: 0.1491 | Val Loss: 0.4782 | Acc (clean): 0.8934 | Acc (poison): 0.7547 | Val Acc: 0.8578 | Time: 00:00:13
Epoch 053 | Seed 42 | Rate 0.20 | Train Loss: 0.1330 | Val Loss: 0.4815 | Acc (clean): 0.8983 | Acc (poison): 0.7609 | Val Acc: 0.8630 | Time: 00:00:12
Epoch 054 | Seed 42 | Rate 0.20 | Train Loss: 0.1206 | Val Loss: 0.4488 | Acc (clean): 0.9057 | Acc (poison): 0.7674 | Val Acc: 0.8667 | Time: 00:00:12
Epoch 055 | Seed 42 | Rate 0.20 | Train Loss: 0.1089 | Val Loss: 0.4386 | Acc (clean): 0.9091 | Acc (poison): 0.7733 | Val Acc: 0.8804 | Time: 00:00:13
Epoch 056 | Seed 42 | Rate 0.20 | Train Loss: 0.1021 | Val Loss: 0.4370 | Acc (clean): 0.9102 | Acc (poison): 0.7740 | Val Acc: 0.8785 | Time: 00:00:13
Epoch 057 | Seed 42 | Rate 0.20 | Train Loss: 0.0995 | Val Loss: 0.4622 | Acc (clean): 0.9100 | Acc (poison): 0.7786 | Val Acc: 0.8722 | Time: 00:00:12
Epoch 058 | Seed 42 | Rate 0.20 | Train Loss: 0.0907 | Val Loss: 0.4480 | Acc (clean): 0.9109 | Acc (poison): 0.7820 | Val Acc: 0.8715 | Time: 00:00:12
Epoch 059 | Seed 42 | Rate 0.20 | Train Loss: 0.0818 | Val Loss: 0.4511 | Acc (clean): 0.9140 | Acc (poison): 0.7851 | Val Acc: 0.8785 | Time: 00:00:12
Epoch 060 | Seed 42 | Rate 0.20 | Train Loss: 0.0854 | Val Loss: 0.4433 | Acc (clean): 0.9112 | Acc (poison): 0.7825 | Val Acc: 0.8785 | Time: 00:00:12
Epoch 061 | Seed 42 | Rate 0.20 | Train Loss: 0.0771 | Val Loss: 0.4510 | Acc (clean): 0.9139 | Acc (poison): 0.7874 | Val Acc: 0.8748 | Time: 00:00:12
Epoch 062 | Seed 42 | Rate 0.20 | Train Loss: 0.0752 | Val Loss: 0.4891 | Acc (clean): 0.9135 | Acc (poison): 0.7907 | Val Acc: 0.8681 | Time: 00:00:12
Epoch 063 | Seed 42 | Rate 0.20 | Train Loss: 0.0684 | Val Loss: 0.4560 | Acc (clean): 0.9168 | Acc (poison): 0.7930 | Val Acc: 0.8715 | Time: 00:00:12
Epoch 064 | Seed 42 | Rate 0.20 | Train Loss: 0.0684 | Val Loss: 0.4932 | Acc (clean): 0.9135 | Acc (poison): 0.7946 | Val Acc: 0.8674 | Time: 00:00:12
Epoch 065 | Seed 42 | Rate 0.20 | Train Loss: 0.0695 | Val Loss: 0.4651 | Acc (clean): 0.9132 | Acc (poison): 0.7950 | Val Acc: 0.8752 | Time: 00:00:12
Epoch 066 | Seed 42 | Rate 0.20 | Train Loss: 0.0634 | Val Loss: 0.4531 | Acc (clean): 0.9148 | Acc (poison): 0.7986 | Val Acc: 0.8707 | Time: 00:00:12
Epoch 067 | Seed 42 | Rate 0.20 | Train Loss: 0.0577 | Val Loss: 0.4523 | Acc (clean): 0.9152 | Acc (poison): 0.8010 | Val Acc: 0.8807 | Time: 00:00:12
Epoch 068 | Seed 42 | Rate 0.20 | Train Loss: 0.0544 | Val Loss: 0.4587 | Acc (clean): 0.9154 | Acc (poison): 0.8030 | Val Acc: 0.8785 | Time: 00:00:12
Epoch 069 | Seed 42 | Rate 0.20 | Train Loss: 0.0531 | Val Loss: 0.4615 | Acc (clean): 0.9142 | Acc (poison): 0.8046 | Val Acc: 0.8781 | Time: 00:00:12
Epoch 070 | Seed 42 | Rate 0.20 | Train Loss: 0.0489 | Val Loss: 0.4396 | Acc (clean): 0.9156 | Acc (poison): 0.8057 | Val Acc: 0.8819 | Time: 00:00:12
Epoch 071 | Seed 42 | Rate 0.20 | Train Loss: 0.0498 | Val Loss: 0.4506 | Acc (clean): 0.9132 | Acc (poison): 0.8082 | Val Acc: 0.8781 | Time: 00:00:12
Epoch 072 | Seed 42 | Rate 0.20 | Train Loss: 0.0499 | Val Loss: 0.4374 | Acc (clean): 0.9137 | Acc (poison): 0.8065 | Val Acc: 0.8826 | Time: 00:00:12
Epoch 073 | Seed 42 | Rate 0.20 | Train Loss: 0.0466 | Val Loss: 0.4739 | Acc (clean): 0.9116 | Acc (poison): 0.8109 | Val Acc: 0.8693 | Time: 00:00:12
Epoch 074 | Seed 42 | Rate 0.20 | Train Loss: 0.0449 | Val Loss: 0.4955 | Acc (clean): 0.9120 | Acc (poison): 0.8102 | Val Acc: 0.8670 | Time: 00:00:12
Epoch 075 | Seed 42 | Rate 0.20 | Train Loss: 0.0404 | Val Loss: 0.4492 | Acc (clean): 0.9116 | Acc (poison): 0.8129 | Val Acc: 0.8852 | Time: 00:00:12
Epoch 076 | Seed 42 | Rate 0.20 | Train Loss: 0.0364 | Val Loss: 0.4438 | Acc (clean): 0.9145 | Acc (poison): 0.8167 | Val Acc: 0.8837 | Time: 00:00:12
Epoch 077 | Seed 42 | Rate 0.20 | Train Loss: 0.0326 | Val Loss: 0.4375 | Acc (clean): 0.9174 | Acc (poison): 0.8222 | Val Acc: 0.8859 | Time: 00:00:12
Epoch 078 | Seed 42 | Rate 0.20 | Train Loss: 0.0277 | Val Loss: 0.4352 | Acc (clean): 0.9171 | Acc (poison): 0.8223 | Val Acc: 0.8844 | Time: 00:00:13
Epoch 079 | Seed 42 | Rate 0.20 | Train Loss: 0.0290 | Val Loss: 0.4339 | Acc (clean): 0.9162 | Acc (poison): 0.8212 | Val Acc: 0.8826 | Time: 00:00:12
Epoch 080 | Seed 42 | Rate 0.20 | Train Loss: 0.0282 | Val Loss: 0.4326 | Acc (clean): 0.9157 | Acc (poison): 0.8226 | Val Acc: 0.8833 | Time: 00:00:13
Epoch 081 | Seed 42 | Rate 0.20 | Train Loss: 0.0311 | Val Loss: 0.4413 | Acc (clean): 0.9153 | Acc (poison): 0.8234 | Val Acc: 0.8826 | Time: 00:00:12
Epoch 082 | Seed 42 | Rate 0.20 | Train Loss: 0.0290 | Val Loss: 0.4384 | Acc (clean): 0.9160 | Acc (poison): 0.8233 | Val Acc: 0.8833 | Time: 00:00:12
Epoch 083 | Seed 42 | Rate 0.20 | Train Loss: 0.0290 | Val Loss: 0.4392 | Acc (clean): 0.9158 | Acc (poison): 0.8256 | Val Acc: 0.8830 | Time: 00:00:12
Epoch 084 | Seed 42 | Rate 0.20 | Train Loss: 0.0254 | Val Loss: 0.4346 | Acc (clean): 0.9165 | Acc (poison): 0.8257 | Val Acc: 0.8830 | Time: 00:00:12
Epoch 085 | Seed 42 | Rate 0.20 | Train Loss: 0.0269 | Val Loss: 0.4339 | Acc (clean): 0.9168 | Acc (poison): 0.8248 | Val Acc: 0.8848 | Time: 00:00:12
Epoch 086 | Seed 42 | Rate 0.20 | Train Loss: 0.0272 | Val Loss: 0.4414 | Acc (clean): 0.9156 | Acc (poison): 0.8254 | Val Acc: 0.8822 | Time: 00:00:12
Epoch 087 | Seed 42 | Rate 0.20 | Train Loss: 0.0285 | Val Loss: 0.4421 | Acc (clean): 0.9159 | Acc (poison): 0.8268 | Val Acc: 0.8807 | Time: 00:00:12
Epoch 088 | Seed 42 | Rate 0.20 | Train Loss: 0.0297 | Val Loss: 0.4468 | Acc (clean): 0.9160 | Acc (poison): 0.8252 | Val Acc: 0.8796 | Time: 00:00:12
Epoch 089 | Seed 42 | Rate 0.20 | Train Loss: 0.0276 | Val Loss: 0.4463 | Acc (clean): 0.9154 | Acc (poison): 0.8271 | Val Acc: 0.8785 | Time: 00:00:12
Epoch 090 | Seed 42 | Rate 0.20 | Train Loss: 0.0249 | Val Loss: 0.4498 | Acc (clean): 0.9149 | Acc (poison): 0.8260 | Val Acc: 0.8778 | Time: 00:00:12
Epoch 091 | Seed 42 | Rate 0.20 | Train Loss: 0.0250 | Val Loss: 0.4456 | Acc (clean): 0.9153 | Acc (poison): 0.8264 | Val Acc: 0.8796 | Time: 00:00:12
Epoch 092 | Seed 42 | Rate 0.20 | Train Loss: 0.0248 | Val Loss: 0.4495 | Acc (clean): 0.9166 | Acc (poison): 0.8270 | Val Acc: 0.8804 | Time: 00:00:12
Epoch 093 | Seed 42 | Rate 0.20 | Train Loss: 0.0272 | Val Loss: 0.4423 | Acc (clean): 0.9167 | Acc (poison): 0.8278 | Val Acc: 0.8800 | Time: 00:00:12
Epoch 094 | Seed 42 | Rate 0.20 | Train Loss: 0.0243 | Val Loss: 0.4483 | Acc (clean): 0.9151 | Acc (poison): 0.8274 | Val Acc: 0.8778 | Time: 00:00:12
Epoch 095 | Seed 42 | Rate 0.20 | Train Loss: 0.0249 | Val Loss: 0.4494 | Acc (clean): 0.9173 | Acc (poison): 0.8286 | Val Acc: 0.8804 | Time: 00:00:12
Epoch 096 | Seed 42 | Rate 0.20 | Train Loss: 0.0253 | Val Loss: 0.4584 | Acc (clean): 0.9162 | Acc (poison): 0.8282 | Val Acc: 0.8752 | Time: 00:00:12
Epoch 097 | Seed 42 | Rate 0.20 | Train Loss: 0.0233 | Val Loss: 0.4517 | Acc (clean): 0.9157 | Acc (poison): 0.8294 | Val Acc: 0.8789 | Time: 00:00:12
Epoch 098 | Seed 42 | Rate 0.20 | Train Loss: 0.0237 | Val Loss: 0.4645 | Acc (clean): 0.9165 | Acc (poison): 0.8288 | Val Acc: 0.8781 | Time: 00:00:12
Epoch 099 | Seed 42 | Rate 0.20 | Train Loss: 0.0249 | Val Loss: 0.4478 | Acc (clean): 0.9154 | Acc (poison): 0.8284 | Val Acc: 0.8819 | Time: 00:00:12
Epoch 100 | Seed 42 | Rate 0.20 | Train Loss: 0.0229 | Val Loss: 0.4555 | Acc (clean): 0.9147 | Acc (poison): 0.8287 | Val Acc: 0.8826 | Time: 00:00:12

Endzeit: 2026-08-09 13:43:16 CEST
Laufzeit: 04:17:53
Exit-Code: 0

Abgeschlossene Laeufe fuer Seed 42 (erwartet: 11):
/home/yazanme/BachelorThesis/BachelorThesis/experiments/RQ3/small_loss/resnet18/clean/seed_42/rate_0.0
/home/yazanme/BachelorThesis/BachelorThesis/experiments/RQ3/small_loss/resnet18/RQ1/seed_42/rate_0.01
/home/yazanme/BachelorThesis/BachelorThesis/experiments/RQ3/small_loss/resnet18/RQ1/seed_42/rate_0.02
/home/yazanme/BachelorThesis/BachelorThesis/experiments/RQ3/small_loss/resnet18/RQ1/seed_42/rate_0.05
/home/yazanme/BachelorThesis/BachelorThesis/experiments/RQ3/small_loss/resnet18/RQ1/seed_42/rate_0.1
/home/yazanme/BachelorThesis/BachelorThesis/experiments/RQ3/small_loss/resnet18/RQ1/seed_42/rate_0.2
/home/yazanme/BachelorThesis/BachelorThesis/experiments/RQ3/small_loss/resnet18/RQ2/seed_42/rate_0.01
/home/yazanme/BachelorThesis/BachelorThesis/experiments/RQ3/small_loss/resnet18/RQ2/seed_42/rate_0.02
/home/yazanme/BachelorThesis/BachelorThesis/experiments/RQ3/small_loss/resnet18/RQ2/seed_42/rate_0.05
/home/yazanme/BachelorThesis/BachelorThesis/experiments/RQ3/small_loss/resnet18/RQ2/seed_42/rate_0.1
/home/yazanme/BachelorThesis/BachelorThesis/experiments/RQ3/small_loss/resnet18/RQ2/seed_42/rate_0.2
Anzahl: 11

clean/summary_metrics.csv:
seed,rate,accuracy,precision,recall,f1
42,0.0,0.944,0.9444393571333212,0.944,0.9439198337109664
2001,0.0,0.9497777777777778,0.9504752168029894,0.9497777777777778,0.9498571781846834
2026,0.0,0.944,0.944769708564585,0.9440000000000003,0.9440048752174903

RQ1/summary_metrics.csv:
seed,rate,accuracy,precision,recall,f1
42,0.01,0.9386666666666666,0.9392217982027136,0.9386666666666668,0.938574333958764
42,0.02,0.9448888888888888,0.9455118023946946,0.9448888888888888,0.9448491335641236
42,0.05,0.9288888888888888,0.9298573244355264,0.928888888888889,0.9288250479055672
42,0.1,0.9275555555555556,0.9279269970284884,0.9275555555555558,0.9273862089325308
42,0.2,0.9113333333333332,0.9121302157564524,0.9113333333333334,0.9111558265032356
2001,0.01,0.9366666666666666,0.937490851333897,0.9366666666666666,0.936731639095152
2026,0.01,0.9413333333333334,0.9416900028790576,0.9413333333333334,0.9412161331832726
2001,0.02,0.936,0.9368874966697182,0.936,0.9360089583064558
2026,0.02,0.9388888888888889,0.9393968731709159,0.938888888888889,0.9388982636622926

RQ2/summary_metrics.csv:
seed,rate,accuracy,precision,recall,f1
42,0.01,0.9368888888888888,0.9378740567235576,0.9368888888888888,0.9369866565009553
42,0.02,0.9351111111111112,0.9356847535272894,0.9351111111111112,0.9349575915134172
42,0.05,0.9228888888888888,0.9237824517030662,0.9228888888888888,0.922928975324442
42,0.1,0.914,0.915272782366082,0.914,0.9140824877850052
42,0.2,0.8822222222222222,0.8844949686734555,0.8822222222222222,0.882080583236998
