=========================================
1. SLURM ALLOKATIONS-INFO
=========================================
Job ID: 5177 (Array 5163, Task 1)
Job Name: rq3_none_resnet18
Ausfuehrender Node: gpu01
Zugewiesene CPUs: 6
Zugewiesener Speicher: 32768 MB
Zugewiesene GPUs: 1
Zugewiesene GPUs ueber CUDA: 0
0, Tesla V100S-PCIE-32GB, 32768 MiB, 535.309.01

Zeitzonen-Check -> Node-Uhr (UTC): 2026-08-08 19:10:17 UTC
Zeitzonen-Check -> korrigiert    : 2026-08-08 21:10:17 CEST

Python: /home/yazanme/miniforge3/envs/venv/bin/python
Version: Python 3.12.13

Preflight ok: RQ2-Labels mit 16 Paaren / 32 angegriffenen Klassen.
Modell:           resnet18
Verteidigung:     none
Seed:             2001
Trainings-Config: /home/yazanme/BachelorThesis/BachelorThesis/src/yaml/rq3/rq3_train_resnet18.yaml
Daten-Config:     /home/yazanme/BachelorThesis/BachelorThesis/src/implementation/data_preparation/config.yaml
Ausgabe:          /home/yazanme/BachelorThesis/BachelorThesis/experiments/RQ3/none/resnet18/{clean,RQ1,RQ2}
Preflight ok: 3 HDF5-Splits + 10 Label-Tensoren (RQ1+RQ2) fuer Seed 2001.
Erwartet: 1 clean + 2 Angriffe x 5 Raten = 11 Laeufe (~4.6 h).

Startzeit: 2026-08-08 21:10:19 CEST

Starting main script...
Config: /home/yazanme/BachelorThesis/BachelorThesis/src/yaml/rq3/rq3_train_resnet18.yaml
Experiment: rq=RQ3 model=resnet18 rates=[0.0, 0.01, 0.02, 0.05, 0.1, 0.2]
Defense: none | Seeds: [2001] | Attacks: ['clean', 'RQ1', 'RQ2']
Set float32 matmul precision to: high
Initializing PyTorch and checking CUDA...
Set cudnn.benchmark to: True
Using device: cuda
Initializing base loaders...
Loading validation data from /home/yazanme/BachelorThesis/BachelorThesis/data/processed/resisc45/val.h5... (in_memory=True, workers=4)
Loading test data from /home/yazanme/BachelorThesis/BachelorThesis/data/processed/resisc45/test.h5... (in_memory=True, workers=4)
Starting experiment run...

=== defense=none attack=clean seed=2001 rate=0.0 ===
Loading train data from /home/yazanme/BachelorThesis/BachelorThesis/data/processed/resisc45/train.h5... (in_memory=True, workers=4)
Testing torch.compile support...
Successfully compiled model using torch.compile.
Epoch 001 | Seed 2001 | Rate 0.00 | Train Loss: 2.7769 | Val Loss: 2.3264 | Acc (clean): 0.2597 | Acc (poison): 0.2597 | Val Acc: 0.3267 | Time: 00:01:23
Epoch 002 | Seed 2001 | Rate 0.00 | Train Loss: 1.8744 | Val Loss: 1.8491 | Acc (clean): 0.4551 | Acc (poison): 0.4551 | Val Acc: 0.4581 | Time: 00:00:14
Epoch 003 | Seed 2001 | Rate 0.00 | Train Loss: 1.5052 | Val Loss: 1.9989 | Acc (clean): 0.5498 | Acc (poison): 0.5498 | Val Acc: 0.4430 | Time: 00:00:13
Epoch 004 | Seed 2001 | Rate 0.00 | Train Loss: 1.2646 | Val Loss: 2.7805 | Acc (clean): 0.6171 | Acc (poison): 0.6171 | Val Acc: 0.3822 | Time: 00:00:13
Epoch 005 | Seed 2001 | Rate 0.00 | Train Loss: 1.0758 | Val Loss: 1.2361 | Acc (clean): 0.6697 | Acc (poison): 0.6697 | Val Acc: 0.6081 | Time: 00:00:13
Epoch 006 | Seed 2001 | Rate 0.00 | Train Loss: 0.9185 | Val Loss: 1.5994 | Acc (clean): 0.7145 | Acc (poison): 0.7145 | Val Acc: 0.5722 | Time: 00:00:13
Epoch 007 | Seed 2001 | Rate 0.00 | Train Loss: 0.7928 | Val Loss: 1.0350 | Acc (clean): 0.7526 | Acc (poison): 0.7526 | Val Acc: 0.6967 | Time: 00:00:14
Epoch 008 | Seed 2001 | Rate 0.00 | Train Loss: 0.6822 | Val Loss: 0.8757 | Acc (clean): 0.7866 | Acc (poison): 0.7866 | Val Acc: 0.7304 | Time: 00:00:14
Epoch 009 | Seed 2001 | Rate 0.00 | Train Loss: 0.6156 | Val Loss: 0.7205 | Acc (clean): 0.8047 | Acc (poison): 0.8047 | Val Acc: 0.7763 | Time: 00:00:14
Epoch 010 | Seed 2001 | Rate 0.00 | Train Loss: 0.5538 | Val Loss: 0.9275 | Acc (clean): 0.8260 | Acc (poison): 0.8260 | Val Acc: 0.7211 | Time: 00:00:13
Epoch 011 | Seed 2001 | Rate 0.00 | Train Loss: 0.4969 | Val Loss: 0.7125 | Acc (clean): 0.8414 | Acc (poison): 0.8414 | Val Acc: 0.7870 | Time: 00:00:13
Epoch 012 | Seed 2001 | Rate 0.00 | Train Loss: 0.4749 | Val Loss: 0.7813 | Acc (clean): 0.8490 | Acc (poison): 0.8490 | Val Acc: 0.7719 | Time: 00:00:13
Epoch 013 | Seed 2001 | Rate 0.00 | Train Loss: 0.4404 | Val Loss: 0.6403 | Acc (clean): 0.8616 | Acc (poison): 0.8616 | Val Acc: 0.8007 | Time: 00:00:14
Epoch 014 | Seed 2001 | Rate 0.00 | Train Loss: 0.4289 | Val Loss: 0.6553 | Acc (clean): 0.8618 | Acc (poison): 0.8618 | Val Acc: 0.7989 | Time: 00:00:13
Epoch 015 | Seed 2001 | Rate 0.00 | Train Loss: 0.4007 | Val Loss: 0.7341 | Acc (clean): 0.8726 | Acc (poison): 0.8726 | Val Acc: 0.7815 | Time: 00:00:13
Epoch 016 | Seed 2001 | Rate 0.00 | Train Loss: 0.3900 | Val Loss: 0.9304 | Acc (clean): 0.8752 | Acc (poison): 0.8752 | Val Acc: 0.7270 | Time: 00:00:13
Epoch 017 | Seed 2001 | Rate 0.00 | Train Loss: 0.3696 | Val Loss: 0.6927 | Acc (clean): 0.8822 | Acc (poison): 0.8822 | Val Acc: 0.7870 | Time: 00:00:13
Epoch 018 | Seed 2001 | Rate 0.00 | Train Loss: 0.3553 | Val Loss: 0.8606 | Acc (clean): 0.8878 | Acc (poison): 0.8878 | Val Acc: 0.7530 | Time: 00:00:13
Epoch 019 | Seed 2001 | Rate 0.00 | Train Loss: 0.3628 | Val Loss: 0.7123 | Acc (clean): 0.8835 | Acc (poison): 0.8835 | Val Acc: 0.7807 | Time: 00:00:13
Epoch 020 | Seed 2001 | Rate 0.00 | Train Loss: 0.3402 | Val Loss: 0.6935 | Acc (clean): 0.8927 | Acc (poison): 0.8927 | Val Acc: 0.7793 | Time: 00:00:13
Epoch 021 | Seed 2001 | Rate 0.00 | Train Loss: 0.3361 | Val Loss: 0.7696 | Acc (clean): 0.8920 | Acc (poison): 0.8920 | Val Acc: 0.7667 | Time: 00:00:14
Epoch 022 | Seed 2001 | Rate 0.00 | Train Loss: 0.3185 | Val Loss: 0.8439 | Acc (clean): 0.9003 | Acc (poison): 0.9003 | Val Acc: 0.7615 | Time: 00:00:13
Epoch 023 | Seed 2001 | Rate 0.00 | Train Loss: 0.3161 | Val Loss: 0.6397 | Acc (clean): 0.8980 | Acc (poison): 0.8980 | Val Acc: 0.8100 | Time: 00:00:17
Epoch 024 | Seed 2001 | Rate 0.00 | Train Loss: 0.3173 | Val Loss: 0.5995 | Acc (clean): 0.8980 | Acc (poison): 0.8980 | Val Acc: 0.8211 | Time: 00:00:14
Epoch 025 | Seed 2001 | Rate 0.00 | Train Loss: 0.3031 | Val Loss: 0.6640 | Acc (clean): 0.9021 | Acc (poison): 0.9021 | Val Acc: 0.7981 | Time: 00:00:13
Epoch 026 | Seed 2001 | Rate 0.00 | Train Loss: 0.2853 | Val Loss: 0.6200 | Acc (clean): 0.9092 | Acc (poison): 0.9092 | Val Acc: 0.8174 | Time: 00:00:13
Epoch 027 | Seed 2001 | Rate 0.00 | Train Loss: 0.2956 | Val Loss: 0.7284 | Acc (clean): 0.9045 | Acc (poison): 0.9045 | Val Acc: 0.7878 | Time: 00:00:13
Epoch 028 | Seed 2001 | Rate 0.00 | Train Loss: 0.2928 | Val Loss: 0.6260 | Acc (clean): 0.9073 | Acc (poison): 0.9073 | Val Acc: 0.8044 | Time: 00:00:13
Epoch 029 | Seed 2001 | Rate 0.00 | Train Loss: 0.2877 | Val Loss: 0.6049 | Acc (clean): 0.9088 | Acc (poison): 0.9088 | Val Acc: 0.8163 | Time: 00:00:14
Epoch 030 | Seed 2001 | Rate 0.00 | Train Loss: 0.2826 | Val Loss: 0.8394 | Acc (clean): 0.9111 | Acc (poison): 0.9111 | Val Acc: 0.7781 | Time: 00:00:13
Epoch 031 | Seed 2001 | Rate 0.00 | Train Loss: 0.2758 | Val Loss: 0.5887 | Acc (clean): 0.9121 | Acc (poison): 0.9121 | Val Acc: 0.8226 | Time: 00:00:14
Epoch 032 | Seed 2001 | Rate 0.00 | Train Loss: 0.2765 | Val Loss: 0.7176 | Acc (clean): 0.9132 | Acc (poison): 0.9132 | Val Acc: 0.7948 | Time: 00:00:13
Epoch 033 | Seed 2001 | Rate 0.00 | Train Loss: 0.2788 | Val Loss: 0.6390 | Acc (clean): 0.9111 | Acc (poison): 0.9111 | Val Acc: 0.8111 | Time: 00:00:13
Epoch 034 | Seed 2001 | Rate 0.00 | Train Loss: 0.2756 | Val Loss: 0.9779 | Acc (clean): 0.9125 | Acc (poison): 0.9125 | Val Acc: 0.7289 | Time: 00:00:13
Epoch 035 | Seed 2001 | Rate 0.00 | Train Loss: 0.2700 | Val Loss: 0.6063 | Acc (clean): 0.9133 | Acc (poison): 0.9133 | Val Acc: 0.8189 | Time: 00:00:13
Epoch 036 | Seed 2001 | Rate 0.00 | Train Loss: 0.2710 | Val Loss: 0.5878 | Acc (clean): 0.9135 | Acc (poison): 0.9135 | Val Acc: 0.8207 | Time: 00:00:14
Epoch 037 | Seed 2001 | Rate 0.00 | Train Loss: 0.2565 | Val Loss: 0.8913 | Acc (clean): 0.9173 | Acc (poison): 0.9173 | Val Acc: 0.7444 | Time: 00:00:14
Epoch 038 | Seed 2001 | Rate 0.00 | Train Loss: 0.2517 | Val Loss: 0.7732 | Acc (clean): 0.9203 | Acc (poison): 0.9203 | Val Acc: 0.7885 | Time: 00:00:13
Epoch 039 | Seed 2001 | Rate 0.00 | Train Loss: 0.2686 | Val Loss: 0.7146 | Acc (clean): 0.9157 | Acc (poison): 0.9157 | Val Acc: 0.7815 | Time: 00:00:13
Epoch 040 | Seed 2001 | Rate 0.00 | Train Loss: 0.2579 | Val Loss: 0.5670 | Acc (clean): 0.9179 | Acc (poison): 0.9179 | Val Acc: 0.8330 | Time: 00:00:15
Epoch 041 | Seed 2001 | Rate 0.00 | Train Loss: 0.2399 | Val Loss: 0.5395 | Acc (clean): 0.9253 | Acc (poison): 0.9253 | Val Acc: 0.8448 | Time: 00:00:15
Epoch 042 | Seed 2001 | Rate 0.00 | Train Loss: 0.2455 | Val Loss: 0.5804 | Acc (clean): 0.9231 | Acc (poison): 0.9231 | Val Acc: 0.8337 | Time: 00:00:13
Epoch 043 | Seed 2001 | Rate 0.00 | Train Loss: 0.2556 | Val Loss: 0.6709 | Acc (clean): 0.9188 | Acc (poison): 0.9188 | Val Acc: 0.7970 | Time: 00:00:13
Epoch 044 | Seed 2001 | Rate 0.00 | Train Loss: 0.2475 | Val Loss: 0.6024 | Acc (clean): 0.9215 | Acc (poison): 0.9215 | Val Acc: 0.8256 | Time: 00:00:13
Epoch 045 | Seed 2001 | Rate 0.00 | Train Loss: 0.2478 | Val Loss: 0.6280 | Acc (clean): 0.9209 | Acc (poison): 0.9209 | Val Acc: 0.8067 | Time: 00:00:13
Epoch 046 | Seed 2001 | Rate 0.00 | Train Loss: 0.2320 | Val Loss: 0.6297 | Acc (clean): 0.9272 | Acc (poison): 0.9272 | Val Acc: 0.8207 | Time: 00:00:13
Epoch 047 | Seed 2001 | Rate 0.00 | Train Loss: 0.2557 | Val Loss: 0.6779 | Acc (clean): 0.9184 | Acc (poison): 0.9184 | Val Acc: 0.8056 | Time: 00:00:13
Epoch 048 | Seed 2001 | Rate 0.00 | Train Loss: 0.2339 | Val Loss: 0.9553 | Acc (clean): 0.9263 | Acc (poison): 0.9263 | Val Acc: 0.7478 | Time: 00:00:14
Epoch 049 | Seed 2001 | Rate 0.00 | Train Loss: 0.2350 | Val Loss: 0.6088 | Acc (clean): 0.9247 | Acc (poison): 0.9247 | Val Acc: 0.8263 | Time: 00:00:13
Epoch 050 | Seed 2001 | Rate 0.00 | Train Loss: 0.2569 | Val Loss: 0.7799 | Acc (clean): 0.9193 | Acc (poison): 0.9193 | Val Acc: 0.7815 | Time: 00:00:14
Epoch 051 | Seed 2001 | Rate 0.00 | Train Loss: 0.1075 | Val Loss: 0.2457 | Acc (clean): 0.9690 | Acc (poison): 0.9690 | Val Acc: 0.9263 | Time: 00:00:14
Epoch 052 | Seed 2001 | Rate 0.00 | Train Loss: 0.0614 | Val Loss: 0.2342 | Acc (clean): 0.9843 | Acc (poison): 0.9843 | Val Acc: 0.9263 | Time: 00:00:15
Epoch 053 | Seed 2001 | Rate 0.00 | Train Loss: 0.0485 | Val Loss: 0.2212 | Acc (clean): 0.9890 | Acc (poison): 0.9890 | Val Acc: 0.9367 | Time: 00:00:15
Epoch 054 | Seed 2001 | Rate 0.00 | Train Loss: 0.0396 | Val Loss: 0.2197 | Acc (clean): 0.9923 | Acc (poison): 0.9923 | Val Acc: 0.9333 | Time: 00:00:15
Epoch 055 | Seed 2001 | Rate 0.00 | Train Loss: 0.0357 | Val Loss: 0.2206 | Acc (clean): 0.9936 | Acc (poison): 0.9936 | Val Acc: 0.9352 | Time: 00:00:13
Epoch 056 | Seed 2001 | Rate 0.00 | Train Loss: 0.0331 | Val Loss: 0.2183 | Acc (clean): 0.9935 | Acc (poison): 0.9935 | Val Acc: 0.9341 | Time: 00:00:15
Epoch 057 | Seed 2001 | Rate 0.00 | Train Loss: 0.0284 | Val Loss: 0.2172 | Acc (clean): 0.9955 | Acc (poison): 0.9955 | Val Acc: 0.9333 | Time: 00:00:14
Epoch 058 | Seed 2001 | Rate 0.00 | Train Loss: 0.0273 | Val Loss: 0.2171 | Acc (clean): 0.9959 | Acc (poison): 0.9959 | Val Acc: 0.9359 | Time: 00:00:15
Epoch 059 | Seed 2001 | Rate 0.00 | Train Loss: 0.0242 | Val Loss: 0.2138 | Acc (clean): 0.9965 | Acc (poison): 0.9965 | Val Acc: 0.9356 | Time: 00:00:15
Epoch 060 | Seed 2001 | Rate 0.00 | Train Loss: 0.0234 | Val Loss: 0.2107 | Acc (clean): 0.9962 | Acc (poison): 0.9962 | Val Acc: 0.9381 | Time: 00:00:15
Epoch 061 | Seed 2001 | Rate 0.00 | Train Loss: 0.0223 | Val Loss: 0.2129 | Acc (clean): 0.9965 | Acc (poison): 0.9965 | Val Acc: 0.9363 | Time: 00:00:13
Epoch 062 | Seed 2001 | Rate 0.00 | Train Loss: 0.0219 | Val Loss: 0.2157 | Acc (clean): 0.9967 | Acc (poison): 0.9967 | Val Acc: 0.9370 | Time: 00:00:13
Epoch 063 | Seed 2001 | Rate 0.00 | Train Loss: 0.0198 | Val Loss: 0.2171 | Acc (clean): 0.9974 | Acc (poison): 0.9974 | Val Acc: 0.9348 | Time: 00:00:13
Epoch 064 | Seed 2001 | Rate 0.00 | Train Loss: 0.0182 | Val Loss: 0.2154 | Acc (clean): 0.9981 | Acc (poison): 0.9981 | Val Acc: 0.9378 | Time: 00:00:13
Epoch 065 | Seed 2001 | Rate 0.00 | Train Loss: 0.0179 | Val Loss: 0.2167 | Acc (clean): 0.9980 | Acc (poison): 0.9980 | Val Acc: 0.9322 | Time: 00:00:13
Epoch 066 | Seed 2001 | Rate 0.00 | Train Loss: 0.0165 | Val Loss: 0.2205 | Acc (clean): 0.9983 | Acc (poison): 0.9983 | Val Acc: 0.9356 | Time: 00:00:13
Epoch 067 | Seed 2001 | Rate 0.00 | Train Loss: 0.0170 | Val Loss: 0.2119 | Acc (clean): 0.9981 | Acc (poison): 0.9981 | Val Acc: 0.9370 | Time: 00:00:13
Epoch 068 | Seed 2001 | Rate 0.00 | Train Loss: 0.0155 | Val Loss: 0.2188 | Acc (clean): 0.9986 | Acc (poison): 0.9986 | Val Acc: 0.9359 | Time: 00:00:13
Epoch 069 | Seed 2001 | Rate 0.00 | Train Loss: 0.0148 | Val Loss: 0.2130 | Acc (clean): 0.9988 | Acc (poison): 0.9988 | Val Acc: 0.9370 | Time: 00:00:13
Epoch 070 | Seed 2001 | Rate 0.00 | Train Loss: 0.0147 | Val Loss: 0.2146 | Acc (clean): 0.9988 | Acc (poison): 0.9988 | Val Acc: 0.9333 | Time: 00:00:13
Epoch 071 | Seed 2001 | Rate 0.00 | Train Loss: 0.0142 | Val Loss: 0.2119 | Acc (clean): 0.9988 | Acc (poison): 0.9988 | Val Acc: 0.9367 | Time: 00:00:13
Epoch 072 | Seed 2001 | Rate 0.00 | Train Loss: 0.0138 | Val Loss: 0.2231 | Acc (clean): 0.9988 | Acc (poison): 0.9988 | Val Acc: 0.9356 | Time: 00:00:13
Epoch 073 | Seed 2001 | Rate 0.00 | Train Loss: 0.0133 | Val Loss: 0.2163 | Acc (clean): 0.9989 | Acc (poison): 0.9989 | Val Acc: 0.9367 | Time: 00:00:13
Epoch 074 | Seed 2001 | Rate 0.00 | Train Loss: 0.0135 | Val Loss: 0.2121 | Acc (clean): 0.9991 | Acc (poison): 0.9991 | Val Acc: 0.9356 | Time: 00:00:14
Epoch 075 | Seed 2001 | Rate 0.00 | Train Loss: 0.0134 | Val Loss: 0.2125 | Acc (clean): 0.9986 | Acc (poison): 0.9986 | Val Acc: 0.9381 | Time: 00:00:13
Epoch 076 | Seed 2001 | Rate 0.00 | Train Loss: 0.0114 | Val Loss: 0.2075 | Acc (clean): 0.9993 | Acc (poison): 0.9993 | Val Acc: 0.9400 | Time: 00:00:14
Epoch 077 | Seed 2001 | Rate 0.00 | Train Loss: 0.0116 | Val Loss: 0.2075 | Acc (clean): 0.9992 | Acc (poison): 0.9992 | Val Acc: 0.9389 | Time: 00:00:14
Epoch 078 | Seed 2001 | Rate 0.00 | Train Loss: 0.0111 | Val Loss: 0.2095 | Acc (clean): 0.9995 | Acc (poison): 0.9995 | Val Acc: 0.9385 | Time: 00:00:13
Epoch 079 | Seed 2001 | Rate 0.00 | Train Loss: 0.0106 | Val Loss: 0.2063 | Acc (clean): 0.9995 | Acc (poison): 0.9995 | Val Acc: 0.9404 | Time: 00:00:14
Epoch 080 | Seed 2001 | Rate 0.00 | Train Loss: 0.0111 | Val Loss: 0.2082 | Acc (clean): 0.9993 | Acc (poison): 0.9993 | Val Acc: 0.9393 | Time: 00:00:13
Epoch 081 | Seed 2001 | Rate 0.00 | Train Loss: 0.0109 | Val Loss: 0.2090 | Acc (clean): 0.9993 | Acc (poison): 0.9993 | Val Acc: 0.9393 | Time: 00:00:13
Epoch 082 | Seed 2001 | Rate 0.00 | Train Loss: 0.0108 | Val Loss: 0.2066 | Acc (clean): 0.9995 | Acc (poison): 0.9995 | Val Acc: 0.9393 | Time: 00:00:13
Epoch 083 | Seed 2001 | Rate 0.00 | Train Loss: 0.0105 | Val Loss: 0.2061 | Acc (clean): 0.9995 | Acc (poison): 0.9995 | Val Acc: 0.9411 | Time: 00:00:13
Epoch 084 | Seed 2001 | Rate 0.00 | Train Loss: 0.0104 | Val Loss: 0.2099 | Acc (clean): 0.9995 | Acc (poison): 0.9995 | Val Acc: 0.9404 | Time: 00:00:13
Epoch 085 | Seed 2001 | Rate 0.00 | Train Loss: 0.0104 | Val Loss: 0.2079 | Acc (clean): 0.9995 | Acc (poison): 0.9995 | Val Acc: 0.9396 | Time: 00:00:14
Epoch 086 | Seed 2001 | Rate 0.00 | Train Loss: 0.0106 | Val Loss: 0.2075 | Acc (clean): 0.9993 | Acc (poison): 0.9993 | Val Acc: 0.9396 | Time: 00:00:13
Epoch 087 | Seed 2001 | Rate 0.00 | Train Loss: 0.0102 | Val Loss: 0.2077 | Acc (clean): 0.9995 | Acc (poison): 0.9995 | Val Acc: 0.9396 | Time: 00:00:13
Epoch 088 | Seed 2001 | Rate 0.00 | Train Loss: 0.0106 | Val Loss: 0.2100 | Acc (clean): 0.9995 | Acc (poison): 0.9995 | Val Acc: 0.9389 | Time: 00:00:13
Epoch 089 | Seed 2001 | Rate 0.00 | Train Loss: 0.0102 | Val Loss: 0.2084 | Acc (clean): 0.9995 | Acc (poison): 0.9995 | Val Acc: 0.9389 | Time: 00:00:12
Epoch 090 | Seed 2001 | Rate 0.00 | Train Loss: 0.0103 | Val Loss: 0.2083 | Acc (clean): 0.9995 | Acc (poison): 0.9995 | Val Acc: 0.9415 | Time: 00:00:12
Epoch 091 | Seed 2001 | Rate 0.00 | Train Loss: 0.0103 | Val Loss: 0.2091 | Acc (clean): 0.9997 | Acc (poison): 0.9997 | Val Acc: 0.9389 | Time: 00:00:13
Epoch 092 | Seed 2001 | Rate 0.00 | Train Loss: 0.0097 | Val Loss: 0.2086 | Acc (clean): 0.9998 | Acc (poison): 0.9998 | Val Acc: 0.9378 | Time: 00:00:12
Epoch 093 | Seed 2001 | Rate 0.00 | Train Loss: 0.0100 | Val Loss: 0.2121 | Acc (clean): 0.9997 | Acc (poison): 0.9997 | Val Acc: 0.9396 | Time: 00:00:13
Epoch 094 | Seed 2001 | Rate 0.00 | Train Loss: 0.0099 | Val Loss: 0.2079 | Acc (clean): 0.9997 | Acc (poison): 0.9997 | Val Acc: 0.9404 | Time: 00:00:13
Epoch 095 | Seed 2001 | Rate 0.00 | Train Loss: 0.0103 | Val Loss: 0.2114 | Acc (clean): 0.9996 | Acc (poison): 0.9996 | Val Acc: 0.9381 | Time: 00:00:13
Epoch 096 | Seed 2001 | Rate 0.00 | Train Loss: 0.0104 | Val Loss: 0.2046 | Acc (clean): 0.9995 | Acc (poison): 0.9995 | Val Acc: 0.9419 | Time: 00:00:14
Epoch 097 | Seed 2001 | Rate 0.00 | Train Loss: 0.0097 | Val Loss: 0.2083 | Acc (clean): 0.9997 | Acc (poison): 0.9997 | Val Acc: 0.9381 | Time: 00:00:12
Epoch 098 | Seed 2001 | Rate 0.00 | Train Loss: 0.0100 | Val Loss: 0.2098 | Acc (clean): 0.9998 | Acc (poison): 0.9998 | Val Acc: 0.9393 | Time: 00:00:13
Epoch 099 | Seed 2001 | Rate 0.00 | Train Loss: 0.0102 | Val Loss: 0.2037 | Acc (clean): 0.9994 | Acc (poison): 0.9994 | Val Acc: 0.9404 | Time: 00:00:14
Epoch 100 | Seed 2001 | Rate 0.00 | Train Loss: 0.0101 | Val Loss: 0.2048 | Acc (clean): 0.9996 | Acc (poison): 0.9996 | Val Acc: 0.9404 | Time: 00:00:13

=== defense=none attack=RQ1 seed=2001 rate=0.01 ===
Loading train data from /home/yazanme/BachelorThesis/BachelorThesis/data/processed/resisc45/train.h5 with mapping /home/yazanme/BachelorThesis/BachelorThesis/data/processed/resisc45/poisoned/RQ1/seed_2001/labels_0.01.pt... (in_memory=True, workers=4)
Testing torch.compile support...
Successfully compiled model using torch.compile.
Epoch 001 | Seed 2001 | Rate 0.01 | Train Loss: 2.9411 | Val Loss: 2.6028 | Acc (clean): 0.2283 | Acc (poison): 0.2264 | Val Acc: 0.2778 | Time: 00:00:14
Epoch 002 | Seed 2001 | Rate 0.01 | Train Loss: 2.0559 | Val Loss: 2.0716 | Acc (clean): 0.4193 | Acc (poison): 0.4156 | Val Acc: 0.3937 | Time: 00:00:12
Epoch 003 | Seed 2001 | Rate 0.01 | Train Loss: 1.6541 | Val Loss: 1.8750 | Acc (clean): 0.5290 | Acc (poison): 0.5235 | Val Acc: 0.4589 | Time: 00:00:12
Epoch 004 | Seed 2001 | Rate 0.01 | Train Loss: 1.4210 | Val Loss: 1.7270 | Acc (clean): 0.5932 | Acc (poison): 0.5872 | Val Acc: 0.5148 | Time: 00:00:12
Epoch 005 | Seed 2001 | Rate 0.01 | Train Loss: 1.2643 | Val Loss: 1.5474 | Acc (clean): 0.6388 | Acc (poison): 0.6326 | Val Acc: 0.5481 | Time: 00:00:12
Epoch 006 | Seed 2001 | Rate 0.01 | Train Loss: 1.1037 | Val Loss: 1.2011 | Acc (clean): 0.6883 | Acc (poison): 0.6813 | Val Acc: 0.6459 | Time: 00:00:12
Epoch 007 | Seed 2001 | Rate 0.01 | Train Loss: 0.9924 | Val Loss: 1.3512 | Acc (clean): 0.7198 | Acc (poison): 0.7126 | Val Acc: 0.6019 | Time: 00:00:12
Epoch 008 | Seed 2001 | Rate 0.01 | Train Loss: 0.8879 | Val Loss: 1.2123 | Acc (clean): 0.7489 | Acc (poison): 0.7416 | Val Acc: 0.6411 | Time: 00:00:12
Epoch 009 | Seed 2001 | Rate 0.01 | Train Loss: 0.7723 | Val Loss: 0.9425 | Acc (clean): 0.7847 | Acc (poison): 0.7772 | Val Acc: 0.7189 | Time: 00:00:14
Epoch 010 | Seed 2001 | Rate 0.01 | Train Loss: 0.7024 | Val Loss: 0.9050 | Acc (clean): 0.8058 | Acc (poison): 0.7980 | Val Acc: 0.7337 | Time: 00:00:13
Epoch 011 | Seed 2001 | Rate 0.01 | Train Loss: 0.6538 | Val Loss: 0.8820 | Acc (clean): 0.8217 | Acc (poison): 0.8134 | Val Acc: 0.7315 | Time: 00:00:13
Epoch 012 | Seed 2001 | Rate 0.01 | Train Loss: 0.5961 | Val Loss: 0.9073 | Acc (clean): 0.8393 | Acc (poison): 0.8310 | Val Acc: 0.7263 | Time: 00:00:12
Epoch 013 | Seed 2001 | Rate 0.01 | Train Loss: 0.5636 | Val Loss: 0.7511 | Acc (clean): 0.8484 | Acc (poison): 0.8398 | Val Acc: 0.7652 | Time: 00:00:14
Epoch 014 | Seed 2001 | Rate 0.01 | Train Loss: 0.5368 | Val Loss: 0.6774 | Acc (clean): 0.8570 | Acc (poison): 0.8489 | Val Acc: 0.7896 | Time: 00:00:13
Epoch 015 | Seed 2001 | Rate 0.01 | Train Loss: 0.5122 | Val Loss: 0.8839 | Acc (clean): 0.8624 | Acc (poison): 0.8545 | Val Acc: 0.7196 | Time: 00:00:12
Epoch 016 | Seed 2001 | Rate 0.01 | Train Loss: 0.4875 | Val Loss: 0.8115 | Acc (clean): 0.8703 | Acc (poison): 0.8622 | Val Acc: 0.7526 | Time: 00:00:12
Epoch 017 | Seed 2001 | Rate 0.01 | Train Loss: 0.4694 | Val Loss: 0.7099 | Acc (clean): 0.8750 | Acc (poison): 0.8675 | Val Acc: 0.7907 | Time: 00:00:12
Epoch 018 | Seed 2001 | Rate 0.01 | Train Loss: 0.4544 | Val Loss: 0.6930 | Acc (clean): 0.8806 | Acc (poison): 0.8726 | Val Acc: 0.7941 | Time: 00:00:12
Epoch 019 | Seed 2001 | Rate 0.01 | Train Loss: 0.4402 | Val Loss: 0.7023 | Acc (clean): 0.8872 | Acc (poison): 0.8791 | Val Acc: 0.7826 | Time: 00:00:12
Epoch 020 | Seed 2001 | Rate 0.01 | Train Loss: 0.4401 | Val Loss: 0.6784 | Acc (clean): 0.8858 | Acc (poison): 0.8778 | Val Acc: 0.7878 | Time: 00:00:12
Epoch 021 | Seed 2001 | Rate 0.01 | Train Loss: 0.4108 | Val Loss: 0.7226 | Acc (clean): 0.8930 | Acc (poison): 0.8850 | Val Acc: 0.7859 | Time: 00:00:12
Epoch 022 | Seed 2001 | Rate 0.01 | Train Loss: 0.4144 | Val Loss: 0.7250 | Acc (clean): 0.8909 | Acc (poison): 0.8836 | Val Acc: 0.7911 | Time: 00:00:13
Epoch 023 | Seed 2001 | Rate 0.01 | Train Loss: 0.4079 | Val Loss: 0.6369 | Acc (clean): 0.8930 | Acc (poison): 0.8849 | Val Acc: 0.8141 | Time: 00:00:13
Epoch 024 | Seed 2001 | Rate 0.01 | Train Loss: 0.3818 | Val Loss: 0.9505 | Acc (clean): 0.9019 | Acc (poison): 0.8942 | Val Acc: 0.7367 | Time: 00:00:12
Epoch 025 | Seed 2001 | Rate 0.01 | Train Loss: 0.3817 | Val Loss: 0.8478 | Acc (clean): 0.8993 | Acc (poison): 0.8917 | Val Acc: 0.7515 | Time: 00:00:12
Epoch 026 | Seed 2001 | Rate 0.01 | Train Loss: 0.3719 | Val Loss: 0.6077 | Acc (clean): 0.9051 | Acc (poison): 0.8973 | Val Acc: 0.8100 | Time: 00:00:13
Epoch 027 | Seed 2001 | Rate 0.01 | Train Loss: 0.3746 | Val Loss: 0.6997 | Acc (clean): 0.9011 | Acc (poison): 0.8935 | Val Acc: 0.7974 | Time: 00:00:12
Epoch 028 | Seed 2001 | Rate 0.01 | Train Loss: 0.3673 | Val Loss: 0.8097 | Acc (clean): 0.9051 | Acc (poison): 0.8977 | Val Acc: 0.7633 | Time: 00:00:12
Epoch 029 | Seed 2001 | Rate 0.01 | Train Loss: 0.3662 | Val Loss: 0.7311 | Acc (clean): 0.9035 | Acc (poison): 0.8955 | Val Acc: 0.7800 | Time: 00:00:12
Epoch 030 | Seed 2001 | Rate 0.01 | Train Loss: 0.3576 | Val Loss: 0.6143 | Acc (clean): 0.9092 | Acc (poison): 0.9018 | Val Acc: 0.8196 | Time: 00:00:12
Epoch 031 | Seed 2001 | Rate 0.01 | Train Loss: 0.3419 | Val Loss: 0.6711 | Acc (clean): 0.9116 | Acc (poison): 0.9043 | Val Acc: 0.8019 | Time: 00:00:12
Epoch 032 | Seed 2001 | Rate 0.01 | Train Loss: 0.3393 | Val Loss: 0.6990 | Acc (clean): 0.9135 | Acc (poison): 0.9065 | Val Acc: 0.8070 | Time: 00:00:12
Epoch 033 | Seed 2001 | Rate 0.01 | Train Loss: 0.3371 | Val Loss: 0.5928 | Acc (clean): 0.9138 | Acc (poison): 0.9063 | Val Acc: 0.8233 | Time: 00:00:12
Epoch 034 | Seed 2001 | Rate 0.01 | Train Loss: 0.3458 | Val Loss: 0.8347 | Acc (clean): 0.9096 | Acc (poison): 0.9021 | Val Acc: 0.7633 | Time: 00:00:12
Epoch 035 | Seed 2001 | Rate 0.01 | Train Loss: 0.3184 | Val Loss: 0.9502 | Acc (clean): 0.9181 | Acc (poison): 0.9108 | Val Acc: 0.7363 | Time: 00:00:12
Epoch 036 | Seed 2001 | Rate 0.01 | Train Loss: 0.3452 | Val Loss: 0.5931 | Acc (clean): 0.9096 | Acc (poison): 0.9022 | Val Acc: 0.8178 | Time: 00:00:12
Epoch 037 | Seed 2001 | Rate 0.01 | Train Loss: 0.3184 | Val Loss: 0.7632 | Acc (clean): 0.9173 | Acc (poison): 0.9099 | Val Acc: 0.7811 | Time: 00:00:12
Epoch 038 | Seed 2001 | Rate 0.01 | Train Loss: 0.3265 | Val Loss: 1.1239 | Acc (clean): 0.9140 | Acc (poison): 0.9068 | Val Acc: 0.6956 | Time: 00:00:12
Epoch 039 | Seed 2001 | Rate 0.01 | Train Loss: 0.3070 | Val Loss: 0.6827 | Acc (clean): 0.9221 | Acc (poison): 0.9152 | Val Acc: 0.8070 | Time: 00:00:12
Epoch 040 | Seed 2001 | Rate 0.01 | Train Loss: 0.3157 | Val Loss: 0.7630 | Acc (clean): 0.9189 | Acc (poison): 0.9122 | Val Acc: 0.7974 | Time: 00:00:12
Epoch 041 | Seed 2001 | Rate 0.01 | Train Loss: 0.3254 | Val Loss: 1.1091 | Acc (clean): 0.9146 | Acc (poison): 0.9080 | Val Acc: 0.7433 | Time: 00:00:12
Epoch 042 | Seed 2001 | Rate 0.01 | Train Loss: 0.2998 | Val Loss: 0.6335 | Acc (clean): 0.9247 | Acc (poison): 0.9179 | Val Acc: 0.8137 | Time: 00:00:12
Epoch 043 | Seed 2001 | Rate 0.01 | Train Loss: 0.3043 | Val Loss: 0.6872 | Acc (clean): 0.9206 | Acc (poison): 0.9140 | Val Acc: 0.7996 | Time: 00:00:12
Epoch 044 | Seed 2001 | Rate 0.01 | Train Loss: 0.3174 | Val Loss: 0.6041 | Acc (clean): 0.9137 | Acc (poison): 0.9073 | Val Acc: 0.8252 | Time: 00:00:12
Epoch 045 | Seed 2001 | Rate 0.01 | Train Loss: 0.2978 | Val Loss: 0.8703 | Acc (clean): 0.9212 | Acc (poison): 0.9149 | Val Acc: 0.7544 | Time: 00:00:13
Epoch 046 | Seed 2001 | Rate 0.01 | Train Loss: 0.3106 | Val Loss: 0.7072 | Acc (clean): 0.9184 | Acc (poison): 0.9118 | Val Acc: 0.7981 | Time: 00:00:12
Epoch 047 | Seed 2001 | Rate 0.01 | Train Loss: 0.3038 | Val Loss: 0.6882 | Acc (clean): 0.9211 | Acc (poison): 0.9144 | Val Acc: 0.8093 | Time: 00:00:13
Epoch 048 | Seed 2001 | Rate 0.01 | Train Loss: 0.2854 | Val Loss: 0.8353 | Acc (clean): 0.9258 | Acc (poison): 0.9196 | Val Acc: 0.7730 | Time: 00:00:13
Epoch 049 | Seed 2001 | Rate 0.01 | Train Loss: 0.2860 | Val Loss: 0.9280 | Acc (clean): 0.9265 | Acc (poison): 0.9199 | Val Acc: 0.7522 | Time: 00:00:13
Epoch 050 | Seed 2001 | Rate 0.01 | Train Loss: 0.3011 | Val Loss: 0.6895 | Acc (clean): 0.9198 | Acc (poison): 0.9136 | Val Acc: 0.8037 | Time: 00:00:12
Epoch 051 | Seed 2001 | Rate 0.01 | Train Loss: 0.1392 | Val Loss: 0.3066 | Acc (clean): 0.9719 | Acc (poison): 0.9656 | Val Acc: 0.9107 | Time: 00:00:13
Epoch 052 | Seed 2001 | Rate 0.01 | Train Loss: 0.0863 | Val Loss: 0.2903 | Acc (clean): 0.9852 | Acc (poison): 0.9810 | Val Acc: 0.9122 | Time: 00:00:14
Epoch 053 | Seed 2001 | Rate 0.01 | Train Loss: 0.0695 | Val Loss: 0.2892 | Acc (clean): 0.9871 | Acc (poison): 0.9860 | Val Acc: 0.9152 | Time: 00:00:13
Epoch 054 | Seed 2001 | Rate 0.01 | Train Loss: 0.0607 | Val Loss: 0.2756 | Acc (clean): 0.9885 | Acc (poison): 0.9877 | Val Acc: 0.9167 | Time: 00:00:13
Epoch 055 | Seed 2001 | Rate 0.01 | Train Loss: 0.0524 | Val Loss: 0.2703 | Acc (clean): 0.9896 | Acc (poison): 0.9903 | Val Acc: 0.9178 | Time: 00:00:14
Epoch 056 | Seed 2001 | Rate 0.01 | Train Loss: 0.0496 | Val Loss: 0.2711 | Acc (clean): 0.9897 | Acc (poison): 0.9909 | Val Acc: 0.9185 | Time: 00:00:12
Epoch 057 | Seed 2001 | Rate 0.01 | Train Loss: 0.0426 | Val Loss: 0.2707 | Acc (clean): 0.9897 | Acc (poison): 0.9925 | Val Acc: 0.9204 | Time: 00:00:12
Epoch 058 | Seed 2001 | Rate 0.01 | Train Loss: 0.0392 | Val Loss: 0.2714 | Acc (clean): 0.9899 | Acc (poison): 0.9930 | Val Acc: 0.9211 | Time: 00:00:12
Epoch 059 | Seed 2001 | Rate 0.01 | Train Loss: 0.0367 | Val Loss: 0.2724 | Acc (clean): 0.9897 | Acc (poison): 0.9936 | Val Acc: 0.9189 | Time: 00:00:12
Epoch 060 | Seed 2001 | Rate 0.01 | Train Loss: 0.0340 | Val Loss: 0.2735 | Acc (clean): 0.9909 | Acc (poison): 0.9946 | Val Acc: 0.9215 | Time: 00:00:12
Epoch 061 | Seed 2001 | Rate 0.01 | Train Loss: 0.0316 | Val Loss: 0.2708 | Acc (clean): 0.9901 | Acc (poison): 0.9954 | Val Acc: 0.9233 | Time: 00:00:12
Epoch 062 | Seed 2001 | Rate 0.01 | Train Loss: 0.0295 | Val Loss: 0.2632 | Acc (clean): 0.9901 | Acc (poison): 0.9953 | Val Acc: 0.9248 | Time: 00:00:13
Epoch 063 | Seed 2001 | Rate 0.01 | Train Loss: 0.0289 | Val Loss: 0.2665 | Acc (clean): 0.9900 | Acc (poison): 0.9955 | Val Acc: 0.9237 | Time: 00:00:12
Epoch 064 | Seed 2001 | Rate 0.01 | Train Loss: 0.0267 | Val Loss: 0.2647 | Acc (clean): 0.9900 | Acc (poison): 0.9963 | Val Acc: 0.9204 | Time: 00:00:12
Epoch 065 | Seed 2001 | Rate 0.01 | Train Loss: 0.0249 | Val Loss: 0.2648 | Acc (clean): 0.9900 | Acc (poison): 0.9967 | Val Acc: 0.9270 | Time: 00:00:13
Epoch 066 | Seed 2001 | Rate 0.01 | Train Loss: 0.0235 | Val Loss: 0.2646 | Acc (clean): 0.9906 | Acc (poison): 0.9971 | Val Acc: 0.9241 | Time: 00:00:12
Epoch 067 | Seed 2001 | Rate 0.01 | Train Loss: 0.0237 | Val Loss: 0.2659 | Acc (clean): 0.9900 | Acc (poison): 0.9968 | Val Acc: 0.9233 | Time: 00:00:13
Epoch 068 | Seed 2001 | Rate 0.01 | Train Loss: 0.0220 | Val Loss: 0.2628 | Acc (clean): 0.9899 | Acc (poison): 0.9974 | Val Acc: 0.9259 | Time: 00:00:13
Epoch 069 | Seed 2001 | Rate 0.01 | Train Loss: 0.0199 | Val Loss: 0.2651 | Acc (clean): 0.9901 | Acc (poison): 0.9979 | Val Acc: 0.9263 | Time: 00:00:12
Epoch 070 | Seed 2001 | Rate 0.01 | Train Loss: 0.0200 | Val Loss: 0.2634 | Acc (clean): 0.9902 | Acc (poison): 0.9976 | Val Acc: 0.9237 | Time: 00:00:13
Epoch 071 | Seed 2001 | Rate 0.01 | Train Loss: 0.0197 | Val Loss: 0.2690 | Acc (clean): 0.9898 | Acc (poison): 0.9976 | Val Acc: 0.9252 | Time: 00:00:12
Epoch 072 | Seed 2001 | Rate 0.01 | Train Loss: 0.0185 | Val Loss: 0.2664 | Acc (clean): 0.9898 | Acc (poison): 0.9976 | Val Acc: 0.9244 | Time: 00:00:13
Epoch 073 | Seed 2001 | Rate 0.01 | Train Loss: 0.0181 | Val Loss: 0.2689 | Acc (clean): 0.9896 | Acc (poison): 0.9979 | Val Acc: 0.9248 | Time: 00:00:12
Epoch 074 | Seed 2001 | Rate 0.01 | Train Loss: 0.0177 | Val Loss: 0.2655 | Acc (clean): 0.9898 | Acc (poison): 0.9981 | Val Acc: 0.9270 | Time: 00:00:12
Epoch 075 | Seed 2001 | Rate 0.01 | Train Loss: 0.0169 | Val Loss: 0.2643 | Acc (clean): 0.9903 | Acc (poison): 0.9984 | Val Acc: 0.9267 | Time: 00:00:12
Epoch 076 | Seed 2001 | Rate 0.01 | Train Loss: 0.0156 | Val Loss: 0.2596 | Acc (clean): 0.9902 | Acc (poison): 0.9985 | Val Acc: 0.9263 | Time: 00:00:12
Epoch 077 | Seed 2001 | Rate 0.01 | Train Loss: 0.0135 | Val Loss: 0.2568 | Acc (clean): 0.9900 | Acc (poison): 0.9989 | Val Acc: 0.9252 | Time: 00:00:13
Epoch 078 | Seed 2001 | Rate 0.01 | Train Loss: 0.0137 | Val Loss: 0.2569 | Acc (clean): 0.9902 | Acc (poison): 0.9988 | Val Acc: 0.9244 | Time: 00:00:12
Epoch 079 | Seed 2001 | Rate 0.01 | Train Loss: 0.0135 | Val Loss: 0.2611 | Acc (clean): 0.9898 | Acc (poison): 0.9991 | Val Acc: 0.9248 | Time: 00:00:12
Epoch 080 | Seed 2001 | Rate 0.01 | Train Loss: 0.0132 | Val Loss: 0.2572 | Acc (clean): 0.9901 | Acc (poison): 0.9990 | Val Acc: 0.9270 | Time: 00:00:12
Epoch 081 | Seed 2001 | Rate 0.01 | Train Loss: 0.0127 | Val Loss: 0.2607 | Acc (clean): 0.9902 | Acc (poison): 0.9991 | Val Acc: 0.9263 | Time: 00:00:13
Epoch 082 | Seed 2001 | Rate 0.01 | Train Loss: 0.0131 | Val Loss: 0.2595 | Acc (clean): 0.9902 | Acc (poison): 0.9993 | Val Acc: 0.9256 | Time: 00:00:13
Epoch 083 | Seed 2001 | Rate 0.01 | Train Loss: 0.0129 | Val Loss: 0.2586 | Acc (clean): 0.9900 | Acc (poison): 0.9992 | Val Acc: 0.9256 | Time: 00:00:12
Epoch 084 | Seed 2001 | Rate 0.01 | Train Loss: 0.0128 | Val Loss: 0.2545 | Acc (clean): 0.9901 | Acc (poison): 0.9992 | Val Acc: 0.9278 | Time: 00:00:15
Epoch 085 | Seed 2001 | Rate 0.01 | Train Loss: 0.0124 | Val Loss: 0.2617 | Acc (clean): 0.9897 | Acc (poison): 0.9989 | Val Acc: 0.9259 | Time: 00:00:12
Epoch 086 | Seed 2001 | Rate 0.01 | Train Loss: 0.0130 | Val Loss: 0.2566 | Acc (clean): 0.9902 | Acc (poison): 0.9988 | Val Acc: 0.9270 | Time: 00:00:13
Epoch 087 | Seed 2001 | Rate 0.01 | Train Loss: 0.0129 | Val Loss: 0.2566 | Acc (clean): 0.9899 | Acc (poison): 0.9989 | Val Acc: 0.9256 | Time: 00:00:12
Epoch 088 | Seed 2001 | Rate 0.01 | Train Loss: 0.0122 | Val Loss: 0.2567 | Acc (clean): 0.9899 | Acc (poison): 0.9992 | Val Acc: 0.9259 | Time: 00:00:11
Epoch 089 | Seed 2001 | Rate 0.01 | Train Loss: 0.0123 | Val Loss: 0.2593 | Acc (clean): 0.9900 | Acc (poison): 0.9991 | Val Acc: 0.9281 | Time: 00:00:12
Epoch 090 | Seed 2001 | Rate 0.01 | Train Loss: 0.0128 | Val Loss: 0.2577 | Acc (clean): 0.9899 | Acc (poison): 0.9988 | Val Acc: 0.9270 | Time: 00:00:13
Epoch 091 | Seed 2001 | Rate 0.01 | Train Loss: 0.0123 | Val Loss: 0.2571 | Acc (clean): 0.9902 | Acc (poison): 0.9992 | Val Acc: 0.9281 | Time: 00:00:12
Epoch 092 | Seed 2001 | Rate 0.01 | Train Loss: 0.0123 | Val Loss: 0.2586 | Acc (clean): 0.9899 | Acc (poison): 0.9991 | Val Acc: 0.9278 | Time: 00:00:13
Epoch 093 | Seed 2001 | Rate 0.01 | Train Loss: 0.0128 | Val Loss: 0.2582 | Acc (clean): 0.9901 | Acc (poison): 0.9992 | Val Acc: 0.9256 | Time: 00:00:12
Epoch 094 | Seed 2001 | Rate 0.01 | Train Loss: 0.0119 | Val Loss: 0.2598 | Acc (clean): 0.9902 | Acc (poison): 0.9994 | Val Acc: 0.9259 | Time: 00:00:12
Epoch 095 | Seed 2001 | Rate 0.01 | Train Loss: 0.0124 | Val Loss: 0.2564 | Acc (clean): 0.9904 | Acc (poison): 0.9990 | Val Acc: 0.9281 | Time: 00:00:12
Epoch 096 | Seed 2001 | Rate 0.01 | Train Loss: 0.0128 | Val Loss: 0.2627 | Acc (clean): 0.9898 | Acc (poison): 0.9991 | Val Acc: 0.9263 | Time: 00:00:12
Epoch 097 | Seed 2001 | Rate 0.01 | Train Loss: 0.0116 | Val Loss: 0.2547 | Acc (clean): 0.9899 | Acc (poison): 0.9993 | Val Acc: 0.9274 | Time: 00:00:12
Epoch 098 | Seed 2001 | Rate 0.01 | Train Loss: 0.0121 | Val Loss: 0.2586 | Acc (clean): 0.9900 | Acc (poison): 0.9992 | Val Acc: 0.9267 | Time: 00:00:12
Epoch 099 | Seed 2001 | Rate 0.01 | Train Loss: 0.0124 | Val Loss: 0.2591 | Acc (clean): 0.9897 | Acc (poison): 0.9991 | Val Acc: 0.9278 | Time: 00:00:12
Epoch 100 | Seed 2001 | Rate 0.01 | Train Loss: 0.0119 | Val Loss: 0.2533 | Acc (clean): 0.9902 | Acc (poison): 0.9994 | Val Acc: 0.9285 | Time: 00:00:13

=== defense=none attack=RQ1 seed=2001 rate=0.02 ===
Loading train data from /home/yazanme/BachelorThesis/BachelorThesis/data/processed/resisc45/train.h5 with mapping /home/yazanme/BachelorThesis/BachelorThesis/data/processed/resisc45/poisoned/RQ1/seed_2001/labels_0.02.pt... (in_memory=True, workers=4)
Testing torch.compile support...
Successfully compiled model using torch.compile.
Epoch 001 | Seed 2001 | Rate 0.02 | Train Loss: 2.8809 | Val Loss: 2.6911 | Acc (clean): 0.2482 | Acc (poison): 0.2433 | Val Acc: 0.2626 | Time: 00:00:14
Epoch 002 | Seed 2001 | Rate 0.02 | Train Loss: 2.0576 | Val Loss: 1.8036 | Acc (clean): 0.4314 | Acc (poison): 0.4233 | Val Acc: 0.4619 | Time: 00:00:13
Epoch 003 | Seed 2001 | Rate 0.02 | Train Loss: 1.7017 | Val Loss: 1.7636 | Acc (clean): 0.5303 | Acc (poison): 0.5198 | Val Acc: 0.4937 | Time: 00:00:13
Epoch 004 | Seed 2001 | Rate 0.02 | Train Loss: 1.4824 | Val Loss: 1.9065 | Acc (clean): 0.5916 | Acc (poison): 0.5804 | Val Acc: 0.4722 | Time: 00:00:13
Epoch 005 | Seed 2001 | Rate 0.02 | Train Loss: 1.3250 | Val Loss: 1.7553 | Acc (clean): 0.6376 | Acc (poison): 0.6255 | Val Acc: 0.5111 | Time: 00:00:13
Epoch 006 | Seed 2001 | Rate 0.02 | Train Loss: 1.1617 | Val Loss: 1.1771 | Acc (clean): 0.6901 | Acc (poison): 0.6767 | Val Acc: 0.6433 | Time: 00:00:13
Epoch 007 | Seed 2001 | Rate 0.02 | Train Loss: 1.0304 | Val Loss: 1.6863 | Acc (clean): 0.7274 | Acc (poison): 0.7133 | Val Acc: 0.5356 | Time: 00:00:12
Epoch 008 | Seed 2001 | Rate 0.02 | Train Loss: 0.9199 | Val Loss: 1.0474 | Acc (clean): 0.7603 | Acc (poison): 0.7460 | Val Acc: 0.6722 | Time: 00:00:12
Epoch 009 | Seed 2001 | Rate 0.02 | Train Loss: 0.8341 | Val Loss: 0.8849 | Acc (clean): 0.7884 | Acc (poison): 0.7733 | Val Acc: 0.7289 | Time: 00:00:13
Epoch 010 | Seed 2001 | Rate 0.02 | Train Loss: 0.7708 | Val Loss: 1.0566 | Acc (clean): 0.8080 | Acc (poison): 0.7924 | Val Acc: 0.6959 | Time: 00:00:12
Epoch 011 | Seed 2001 | Rate 0.02 | Train Loss: 0.7149 | Val Loss: 0.8802 | Acc (clean): 0.8232 | Acc (poison): 0.8072 | Val Acc: 0.7452 | Time: 00:00:13
Epoch 012 | Seed 2001 | Rate 0.02 | Train Loss: 0.6690 | Val Loss: 0.8430 | Acc (clean): 0.8358 | Acc (poison): 0.8197 | Val Acc: 0.7426 | Time: 00:00:13
Epoch 013 | Seed 2001 | Rate 0.02 | Train Loss: 0.6348 | Val Loss: 0.7471 | Acc (clean): 0.8473 | Acc (poison): 0.8311 | Val Acc: 0.7715 | Time: 00:00:13
Epoch 014 | Seed 2001 | Rate 0.02 | Train Loss: 0.6019 | Val Loss: 0.7141 | Acc (clean): 0.8584 | Acc (poison): 0.8419 | Val Acc: 0.7833 | Time: 00:00:13
Epoch 015 | Seed 2001 | Rate 0.02 | Train Loss: 0.5811 | Val Loss: 0.8237 | Acc (clean): 0.8634 | Acc (poison): 0.8471 | Val Acc: 0.7422 | Time: 00:00:12
Epoch 016 | Seed 2001 | Rate 0.02 | Train Loss: 0.5709 | Val Loss: 0.7924 | Acc (clean): 0.8657 | Acc (poison): 0.8497 | Val Acc: 0.7667 | Time: 00:00:12
Epoch 017 | Seed 2001 | Rate 0.02 | Train Loss: 0.5458 | Val Loss: 0.7722 | Acc (clean): 0.8704 | Acc (poison): 0.8553 | Val Acc: 0.7711 | Time: 00:00:12
Epoch 018 | Seed 2001 | Rate 0.02 | Train Loss: 0.5299 | Val Loss: 0.6763 | Acc (clean): 0.8765 | Acc (poison): 0.8608 | Val Acc: 0.8004 | Time: 00:00:13
Epoch 019 | Seed 2001 | Rate 0.02 | Train Loss: 0.5172 | Val Loss: 0.6735 | Acc (clean): 0.8811 | Acc (poison): 0.8653 | Val Acc: 0.8011 | Time: 00:00:13
Epoch 020 | Seed 2001 | Rate 0.02 | Train Loss: 0.5068 | Val Loss: 0.8018 | Acc (clean): 0.8834 | Acc (poison): 0.8674 | Val Acc: 0.7674 | Time: 00:00:12
Epoch 021 | Seed 2001 | Rate 0.02 | Train Loss: 0.4901 | Val Loss: 0.6487 | Acc (clean): 0.8892 | Acc (poison): 0.8733 | Val Acc: 0.8107 | Time: 00:00:13
Epoch 022 | Seed 2001 | Rate 0.02 | Train Loss: 0.4878 | Val Loss: 0.9481 | Acc (clean): 0.8895 | Acc (poison): 0.8738 | Val Acc: 0.7270 | Time: 00:00:12
Epoch 023 | Seed 2001 | Rate 0.02 | Train Loss: 0.4780 | Val Loss: 0.8542 | Acc (clean): 0.8911 | Acc (poison): 0.8755 | Val Acc: 0.7548 | Time: 00:00:12
Epoch 024 | Seed 2001 | Rate 0.02 | Train Loss: 0.4636 | Val Loss: 0.6813 | Acc (clean): 0.8951 | Acc (poison): 0.8801 | Val Acc: 0.7952 | Time: 00:00:12
Epoch 025 | Seed 2001 | Rate 0.02 | Train Loss: 0.4542 | Val Loss: 0.6812 | Acc (clean): 0.8969 | Acc (poison): 0.8822 | Val Acc: 0.7926 | Time: 00:00:13
Epoch 026 | Seed 2001 | Rate 0.02 | Train Loss: 0.4548 | Val Loss: 0.7643 | Acc (clean): 0.8987 | Acc (poison): 0.8830 | Val Acc: 0.7785 | Time: 00:00:12
Epoch 027 | Seed 2001 | Rate 0.02 | Train Loss: 0.4330 | Val Loss: 0.6360 | Acc (clean): 0.9033 | Acc (poison): 0.8883 | Val Acc: 0.8222 | Time: 00:00:13
Epoch 028 | Seed 2001 | Rate 0.02 | Train Loss: 0.4322 | Val Loss: 0.9066 | Acc (clean): 0.9021 | Acc (poison): 0.8872 | Val Acc: 0.7459 | Time: 00:00:12
Epoch 029 | Seed 2001 | Rate 0.02 | Train Loss: 0.4326 | Val Loss: 0.6595 | Acc (clean): 0.9026 | Acc (poison): 0.8877 | Val Acc: 0.8070 | Time: 00:00:12
Epoch 030 | Seed 2001 | Rate 0.02 | Train Loss: 0.4195 | Val Loss: 0.8085 | Acc (clean): 0.9054 | Acc (poison): 0.8909 | Val Acc: 0.7711 | Time: 00:00:12
Epoch 031 | Seed 2001 | Rate 0.02 | Train Loss: 0.4179 | Val Loss: 0.6672 | Acc (clean): 0.9065 | Acc (poison): 0.8914 | Val Acc: 0.7993 | Time: 00:00:12
Epoch 032 | Seed 2001 | Rate 0.02 | Train Loss: 0.4150 | Val Loss: 0.8602 | Acc (clean): 0.9053 | Acc (poison): 0.8912 | Val Acc: 0.7611 | Time: 00:00:12
Epoch 033 | Seed 2001 | Rate 0.02 | Train Loss: 0.4101 | Val Loss: 0.8450 | Acc (clean): 0.9075 | Acc (poison): 0.8928 | Val Acc: 0.7667 | Time: 00:00:12
Epoch 034 | Seed 2001 | Rate 0.02 | Train Loss: 0.3984 | Val Loss: 0.7301 | Acc (clean): 0.9132 | Acc (poison): 0.8983 | Val Acc: 0.7970 | Time: 00:00:12
Epoch 035 | Seed 2001 | Rate 0.02 | Train Loss: 0.4019 | Val Loss: 0.7427 | Acc (clean): 0.9084 | Acc (poison): 0.8946 | Val Acc: 0.7848 | Time: 00:00:12
Epoch 036 | Seed 2001 | Rate 0.02 | Train Loss: 0.3969 | Val Loss: 0.6785 | Acc (clean): 0.9096 | Acc (poison): 0.8955 | Val Acc: 0.8078 | Time: 00:00:12
Epoch 037 | Seed 2001 | Rate 0.02 | Train Loss: 0.3918 | Val Loss: 0.7027 | Acc (clean): 0.9087 | Acc (poison): 0.8945 | Val Acc: 0.7985 | Time: 00:00:12
Epoch 038 | Seed 2001 | Rate 0.02 | Train Loss: 0.3815 | Val Loss: 0.6504 | Acc (clean): 0.9132 | Acc (poison): 0.8993 | Val Acc: 0.8096 | Time: 00:00:12
Epoch 039 | Seed 2001 | Rate 0.02 | Train Loss: 0.3803 | Val Loss: 0.7685 | Acc (clean): 0.9129 | Acc (poison): 0.8991 | Val Acc: 0.7959 | Time: 00:00:12
Epoch 040 | Seed 2001 | Rate 0.02 | Train Loss: 0.3751 | Val Loss: 0.7219 | Acc (clean): 0.9150 | Acc (poison): 0.9014 | Val Acc: 0.7967 | Time: 00:00:12
Epoch 041 | Seed 2001 | Rate 0.02 | Train Loss: 0.3827 | Val Loss: 0.6931 | Acc (clean): 0.9103 | Acc (poison): 0.8968 | Val Acc: 0.8011 | Time: 00:00:12
Epoch 042 | Seed 2001 | Rate 0.02 | Train Loss: 0.3664 | Val Loss: 0.7101 | Acc (clean): 0.9186 | Acc (poison): 0.9053 | Val Acc: 0.8000 | Time: 00:00:12
Epoch 043 | Seed 2001 | Rate 0.02 | Train Loss: 0.3611 | Val Loss: 0.6416 | Acc (clean): 0.9157 | Acc (poison): 0.9029 | Val Acc: 0.8181 | Time: 00:00:12
Epoch 044 | Seed 2001 | Rate 0.02 | Train Loss: 0.3785 | Val Loss: 0.6310 | Acc (clean): 0.9134 | Acc (poison): 0.8997 | Val Acc: 0.8189 | Time: 00:00:14
Epoch 045 | Seed 2001 | Rate 0.02 | Train Loss: 0.3580 | Val Loss: 0.7146 | Acc (clean): 0.9186 | Acc (poison): 0.9053 | Val Acc: 0.7978 | Time: 00:00:12
Epoch 046 | Seed 2001 | Rate 0.02 | Train Loss: 0.3650 | Val Loss: 0.6654 | Acc (clean): 0.9173 | Acc (poison): 0.9042 | Val Acc: 0.8026 | Time: 00:00:12
Epoch 047 | Seed 2001 | Rate 0.02 | Train Loss: 0.3626 | Val Loss: 0.8190 | Acc (clean): 0.9155 | Acc (poison): 0.9023 | Val Acc: 0.7770 | Time: 00:00:12
Epoch 048 | Seed 2001 | Rate 0.02 | Train Loss: 0.3497 | Val Loss: 0.6042 | Acc (clean): 0.9187 | Acc (poison): 0.9058 | Val Acc: 0.8244 | Time: 00:00:13
Epoch 049 | Seed 2001 | Rate 0.02 | Train Loss: 0.3562 | Val Loss: 0.8229 | Acc (clean): 0.9160 | Acc (poison): 0.9032 | Val Acc: 0.7711 | Time: 00:00:12
Epoch 050 | Seed 2001 | Rate 0.02 | Train Loss: 0.3458 | Val Loss: 0.6918 | Acc (clean): 0.9198 | Acc (poison): 0.9072 | Val Acc: 0.7919 | Time: 00:00:12
Epoch 051 | Seed 2001 | Rate 0.02 | Train Loss: 0.1792 | Val Loss: 0.3039 | Acc (clean): 0.9702 | Acc (poison): 0.9583 | Val Acc: 0.9122 | Time: 00:00:13
Epoch 052 | Seed 2001 | Rate 0.02 | Train Loss: 0.1193 | Val Loss: 0.2934 | Acc (clean): 0.9818 | Acc (poison): 0.9746 | Val Acc: 0.9163 | Time: 00:00:13
Epoch 053 | Seed 2001 | Rate 0.02 | Train Loss: 0.0982 | Val Loss: 0.2913 | Acc (clean): 0.9831 | Acc (poison): 0.9790 | Val Acc: 0.9144 | Time: 00:00:13
Epoch 054 | Seed 2001 | Rate 0.02 | Train Loss: 0.0855 | Val Loss: 0.2839 | Acc (clean): 0.9834 | Acc (poison): 0.9817 | Val Acc: 0.9178 | Time: 00:00:13
Epoch 055 | Seed 2001 | Rate 0.02 | Train Loss: 0.0752 | Val Loss: 0.2765 | Acc (clean): 0.9830 | Acc (poison): 0.9842 | Val Acc: 0.9211 | Time: 00:00:13
Epoch 056 | Seed 2001 | Rate 0.02 | Train Loss: 0.0683 | Val Loss: 0.2785 | Acc (clean): 0.9843 | Acc (poison): 0.9859 | Val Acc: 0.9200 | Time: 00:00:12
Epoch 057 | Seed 2001 | Rate 0.02 | Train Loss: 0.0610 | Val Loss: 0.2827 | Acc (clean): 0.9843 | Acc (poison): 0.9882 | Val Acc: 0.9200 | Time: 00:00:12
Epoch 058 | Seed 2001 | Rate 0.02 | Train Loss: 0.0560 | Val Loss: 0.2788 | Acc (clean): 0.9827 | Acc (poison): 0.9891 | Val Acc: 0.9189 | Time: 00:00:12
Epoch 059 | Seed 2001 | Rate 0.02 | Train Loss: 0.0520 | Val Loss: 0.2812 | Acc (clean): 0.9829 | Acc (poison): 0.9900 | Val Acc: 0.9167 | Time: 00:00:12
Epoch 060 | Seed 2001 | Rate 0.02 | Train Loss: 0.0475 | Val Loss: 0.2743 | Acc (clean): 0.9830 | Acc (poison): 0.9912 | Val Acc: 0.9248 | Time: 00:00:13
Epoch 061 | Seed 2001 | Rate 0.02 | Train Loss: 0.0424 | Val Loss: 0.2777 | Acc (clean): 0.9824 | Acc (poison): 0.9928 | Val Acc: 0.9222 | Time: 00:00:12
Epoch 062 | Seed 2001 | Rate 0.02 | Train Loss: 0.0404 | Val Loss: 0.2759 | Acc (clean): 0.9825 | Acc (poison): 0.9928 | Val Acc: 0.9207 | Time: 00:00:12
Epoch 063 | Seed 2001 | Rate 0.02 | Train Loss: 0.0396 | Val Loss: 0.2816 | Acc (clean): 0.9826 | Acc (poison): 0.9936 | Val Acc: 0.9207 | Time: 00:00:12
Epoch 064 | Seed 2001 | Rate 0.02 | Train Loss: 0.0348 | Val Loss: 0.2704 | Acc (clean): 0.9817 | Acc (poison): 0.9944 | Val Acc: 0.9274 | Time: 00:00:13
Epoch 065 | Seed 2001 | Rate 0.02 | Train Loss: 0.0331 | Val Loss: 0.2816 | Acc (clean): 0.9811 | Acc (poison): 0.9948 | Val Acc: 0.9207 | Time: 00:00:12
Epoch 066 | Seed 2001 | Rate 0.02 | Train Loss: 0.0314 | Val Loss: 0.2722 | Acc (clean): 0.9815 | Acc (poison): 0.9952 | Val Acc: 0.9204 | Time: 00:00:12
Epoch 067 | Seed 2001 | Rate 0.02 | Train Loss: 0.0290 | Val Loss: 0.2783 | Acc (clean): 0.9818 | Acc (poison): 0.9957 | Val Acc: 0.9181 | Time: 00:00:12
Epoch 068 | Seed 2001 | Rate 0.02 | Train Loss: 0.0277 | Val Loss: 0.2717 | Acc (clean): 0.9807 | Acc (poison): 0.9963 | Val Acc: 0.9241 | Time: 00:00:12
Epoch 069 | Seed 2001 | Rate 0.02 | Train Loss: 0.0259 | Val Loss: 0.2688 | Acc (clean): 0.9811 | Acc (poison): 0.9966 | Val Acc: 0.9241 | Time: 00:00:13
Epoch 070 | Seed 2001 | Rate 0.02 | Train Loss: 0.0250 | Val Loss: 0.2715 | Acc (clean): 0.9814 | Acc (poison): 0.9967 | Val Acc: 0.9237 | Time: 00:00:12
Epoch 071 | Seed 2001 | Rate 0.02 | Train Loss: 0.0239 | Val Loss: 0.2742 | Acc (clean): 0.9809 | Acc (poison): 0.9967 | Val Acc: 0.9167 | Time: 00:00:12
Epoch 072 | Seed 2001 | Rate 0.02 | Train Loss: 0.0232 | Val Loss: 0.2728 | Acc (clean): 0.9810 | Acc (poison): 0.9970 | Val Acc: 0.9211 | Time: 00:00:12
Epoch 073 | Seed 2001 | Rate 0.02 | Train Loss: 0.0218 | Val Loss: 0.2778 | Acc (clean): 0.9810 | Acc (poison): 0.9972 | Val Acc: 0.9226 | Time: 00:00:12
Epoch 074 | Seed 2001 | Rate 0.02 | Train Loss: 0.0205 | Val Loss: 0.2730 | Acc (clean): 0.9805 | Acc (poison): 0.9972 | Val Acc: 0.9215 | Time: 00:00:12
Epoch 075 | Seed 2001 | Rate 0.02 | Train Loss: 0.0201 | Val Loss: 0.2664 | Acc (clean): 0.9810 | Acc (poison): 0.9974 | Val Acc: 0.9263 | Time: 00:00:14
Epoch 076 | Seed 2001 | Rate 0.02 | Train Loss: 0.0180 | Val Loss: 0.2600 | Acc (clean): 0.9808 | Acc (poison): 0.9977 | Val Acc: 0.9252 | Time: 00:00:14
Epoch 077 | Seed 2001 | Rate 0.02 | Train Loss: 0.0160 | Val Loss: 0.2610 | Acc (clean): 0.9806 | Acc (poison): 0.9984 | Val Acc: 0.9244 | Time: 00:00:12
Epoch 078 | Seed 2001 | Rate 0.02 | Train Loss: 0.0158 | Val Loss: 0.2628 | Acc (clean): 0.9804 | Acc (poison): 0.9979 | Val Acc: 0.9226 | Time: 00:00:12
Epoch 079 | Seed 2001 | Rate 0.02 | Train Loss: 0.0150 | Val Loss: 0.2665 | Acc (clean): 0.9804 | Acc (poison): 0.9987 | Val Acc: 0.9244 | Time: 00:00:12
Epoch 080 | Seed 2001 | Rate 0.02 | Train Loss: 0.0151 | Val Loss: 0.2607 | Acc (clean): 0.9807 | Acc (poison): 0.9986 | Val Acc: 0.9252 | Time: 00:00:12
Epoch 081 | Seed 2001 | Rate 0.02 | Train Loss: 0.0148 | Val Loss: 0.2665 | Acc (clean): 0.9807 | Acc (poison): 0.9986 | Val Acc: 0.9233 | Time: 00:00:12
Epoch 082 | Seed 2001 | Rate 0.02 | Train Loss: 0.0146 | Val Loss: 0.2642 | Acc (clean): 0.9805 | Acc (poison): 0.9986 | Val Acc: 0.9248 | Time: 00:00:12
Epoch 083 | Seed 2001 | Rate 0.02 | Train Loss: 0.0151 | Val Loss: 0.2624 | Acc (clean): 0.9804 | Acc (poison): 0.9986 | Val Acc: 0.9244 | Time: 00:00:12
Epoch 084 | Seed 2001 | Rate 0.02 | Train Loss: 0.0144 | Val Loss: 0.2606 | Acc (clean): 0.9806 | Acc (poison): 0.9988 | Val Acc: 0.9241 | Time: 00:00:12
Epoch 085 | Seed 2001 | Rate 0.02 | Train Loss: 0.0138 | Val Loss: 0.2677 | Acc (clean): 0.9801 | Acc (poison): 0.9987 | Val Acc: 0.9219 | Time: 00:00:12
Epoch 086 | Seed 2001 | Rate 0.02 | Train Loss: 0.0146 | Val Loss: 0.2635 | Acc (clean): 0.9807 | Acc (poison): 0.9985 | Val Acc: 0.9230 | Time: 00:00:13
Epoch 087 | Seed 2001 | Rate 0.02 | Train Loss: 0.0139 | Val Loss: 0.2632 | Acc (clean): 0.9805 | Acc (poison): 0.9989 | Val Acc: 0.9241 | Time: 00:00:12
Epoch 088 | Seed 2001 | Rate 0.02 | Train Loss: 0.0138 | Val Loss: 0.2615 | Acc (clean): 0.9805 | Acc (poison): 0.9987 | Val Acc: 0.9259 | Time: 00:00:12
Epoch 089 | Seed 2001 | Rate 0.02 | Train Loss: 0.0136 | Val Loss: 0.2656 | Acc (clean): 0.9802 | Acc (poison): 0.9991 | Val Acc: 0.9237 | Time: 00:00:12
Epoch 090 | Seed 2001 | Rate 0.02 | Train Loss: 0.0147 | Val Loss: 0.2636 | Acc (clean): 0.9807 | Acc (poison): 0.9985 | Val Acc: 0.9244 | Time: 00:00:12
Epoch 091 | Seed 2001 | Rate 0.02 | Train Loss: 0.0133 | Val Loss: 0.2643 | Acc (clean): 0.9808 | Acc (poison): 0.9989 | Val Acc: 0.9230 | Time: 00:00:12
Epoch 092 | Seed 2001 | Rate 0.02 | Train Loss: 0.0136 | Val Loss: 0.2681 | Acc (clean): 0.9804 | Acc (poison): 0.9991 | Val Acc: 0.9233 | Time: 00:00:12
Epoch 093 | Seed 2001 | Rate 0.02 | Train Loss: 0.0139 | Val Loss: 0.2664 | Acc (clean): 0.9805 | Acc (poison): 0.9990 | Val Acc: 0.9233 | Time: 00:00:12
Epoch 094 | Seed 2001 | Rate 0.02 | Train Loss: 0.0132 | Val Loss: 0.2653 | Acc (clean): 0.9805 | Acc (poison): 0.9990 | Val Acc: 0.9244 | Time: 00:00:12
Epoch 095 | Seed 2001 | Rate 0.02 | Train Loss: 0.0134 | Val Loss: 0.2620 | Acc (clean): 0.9805 | Acc (poison): 0.9989 | Val Acc: 0.9248 | Time: 00:00:12
Epoch 096 | Seed 2001 | Rate 0.02 | Train Loss: 0.0137 | Val Loss: 0.2712 | Acc (clean): 0.9802 | Acc (poison): 0.9987 | Val Acc: 0.9219 | Time: 00:00:12
Epoch 097 | Seed 2001 | Rate 0.02 | Train Loss: 0.0130 | Val Loss: 0.2612 | Acc (clean): 0.9804 | Acc (poison): 0.9990 | Val Acc: 0.9233 | Time: 00:00:12
Epoch 098 | Seed 2001 | Rate 0.02 | Train Loss: 0.0130 | Val Loss: 0.2657 | Acc (clean): 0.9803 | Acc (poison): 0.9992 | Val Acc: 0.9226 | Time: 00:00:12
Epoch 099 | Seed 2001 | Rate 0.02 | Train Loss: 0.0141 | Val Loss: 0.2652 | Acc (clean): 0.9801 | Acc (poison): 0.9987 | Val Acc: 0.9222 | Time: 00:00:12
Epoch 100 | Seed 2001 | Rate 0.02 | Train Loss: 0.0131 | Val Loss: 0.2597 | Acc (clean): 0.9802 | Acc (poison): 0.9991 | Val Acc: 0.9237 | Time: 00:00:13

=== defense=none attack=RQ1 seed=2001 rate=0.05 ===
Loading train data from /home/yazanme/BachelorThesis/BachelorThesis/data/processed/resisc45/train.h5 with mapping /home/yazanme/BachelorThesis/BachelorThesis/data/processed/resisc45/poisoned/RQ1/seed_2001/labels_0.05.pt... (in_memory=True, workers=4)
Testing torch.compile support...
Successfully compiled model using torch.compile.
Epoch 001 | Seed 2001 | Rate 0.05 | Train Loss: 3.1299 | Val Loss: 2.4094 | Acc (clean): 0.2168 | Acc (poison): 0.2070 | Val Acc: 0.3241 | Time: 00:00:13
Epoch 002 | Seed 2001 | Rate 0.05 | Train Loss: 2.2694 | Val Loss: 1.9095 | Acc (clean): 0.4080 | Acc (poison): 0.3888 | Val Acc: 0.4193 | Time: 00:00:13
Epoch 003 | Seed 2001 | Rate 0.05 | Train Loss: 1.9086 | Val Loss: 1.6907 | Acc (clean): 0.5133 | Acc (poison): 0.4875 | Val Acc: 0.5081 | Time: 00:00:13
Epoch 004 | Seed 2001 | Rate 0.05 | Train Loss: 1.6762 | Val Loss: 1.6614 | Acc (clean): 0.5820 | Acc (poison): 0.5546 | Val Acc: 0.5044 | Time: 00:00:13
Epoch 005 | Seed 2001 | Rate 0.05 | Train Loss: 1.5271 | Val Loss: 1.5703 | Acc (clean): 0.6286 | Acc (poison): 0.5993 | Val Acc: 0.5448 | Time: 00:00:13
Epoch 006 | Seed 2001 | Rate 0.05 | Train Loss: 1.3857 | Val Loss: 1.5407 | Acc (clean): 0.6721 | Acc (poison): 0.6402 | Val Acc: 0.5404 | Time: 00:00:13
Epoch 007 | Seed 2001 | Rate 0.05 | Train Loss: 1.2771 | Val Loss: 1.1537 | Acc (clean): 0.7080 | Acc (poison): 0.6746 | Val Acc: 0.6500 | Time: 00:00:12
Epoch 008 | Seed 2001 | Rate 0.05 | Train Loss: 1.1860 | Val Loss: 1.3007 | Acc (clean): 0.7366 | Acc (poison): 0.7022 | Val Acc: 0.6167 | Time: 00:00:11
Epoch 009 | Seed 2001 | Rate 0.05 | Train Loss: 1.0910 | Val Loss: 0.9354 | Acc (clean): 0.7658 | Acc (poison): 0.7296 | Val Acc: 0.7215 | Time: 00:00:13
Epoch 010 | Seed 2001 | Rate 0.05 | Train Loss: 1.0268 | Val Loss: 0.8458 | Acc (clean): 0.7877 | Acc (poison): 0.7504 | Val Acc: 0.7526 | Time: 00:00:13
Epoch 011 | Seed 2001 | Rate 0.05 | Train Loss: 0.9639 | Val Loss: 1.1659 | Acc (clean): 0.8080 | Acc (poison): 0.7690 | Val Acc: 0.6533 | Time: 00:00:13
Epoch 012 | Seed 2001 | Rate 0.05 | Train Loss: 0.9144 | Val Loss: 0.9372 | Acc (clean): 0.8229 | Acc (poison): 0.7841 | Val Acc: 0.7196 | Time: 00:00:12
Epoch 013 | Seed 2001 | Rate 0.05 | Train Loss: 0.8757 | Val Loss: 0.8043 | Acc (clean): 0.8317 | Acc (poison): 0.7932 | Val Acc: 0.7530 | Time: 00:00:13
Epoch 014 | Seed 2001 | Rate 0.05 | Train Loss: 0.8432 | Val Loss: 0.7769 | Acc (clean): 0.8393 | Acc (poison): 0.8001 | Val Acc: 0.7663 | Time: 00:00:13
Epoch 015 | Seed 2001 | Rate 0.05 | Train Loss: 0.8202 | Val Loss: 0.8523 | Acc (clean): 0.8494 | Acc (poison): 0.8102 | Val Acc: 0.7456 | Time: 00:00:12
Epoch 016 | Seed 2001 | Rate 0.05 | Train Loss: 0.7883 | Val Loss: 1.0319 | Acc (clean): 0.8572 | Acc (poison): 0.8196 | Val Acc: 0.7085 | Time: 00:00:13
Epoch 017 | Seed 2001 | Rate 0.05 | Train Loss: 0.7627 | Val Loss: 0.8241 | Acc (clean): 0.8640 | Acc (poison): 0.8256 | Val Acc: 0.7644 | Time: 00:00:12
Epoch 018 | Seed 2001 | Rate 0.05 | Train Loss: 0.7528 | Val Loss: 0.7542 | Acc (clean): 0.8668 | Acc (poison): 0.8280 | Val Acc: 0.7756 | Time: 00:00:13
Epoch 019 | Seed 2001 | Rate 0.05 | Train Loss: 0.7335 | Val Loss: 0.6859 | Acc (clean): 0.8698 | Acc (poison): 0.8315 | Val Acc: 0.7989 | Time: 00:00:13
Epoch 020 | Seed 2001 | Rate 0.05 | Train Loss: 0.7222 | Val Loss: 0.9574 | Acc (clean): 0.8723 | Acc (poison): 0.8336 | Val Acc: 0.7341 | Time: 00:00:13
Epoch 021 | Seed 2001 | Rate 0.05 | Train Loss: 0.7018 | Val Loss: 0.8041 | Acc (clean): 0.8781 | Acc (poison): 0.8395 | Val Acc: 0.7693 | Time: 00:00:12
Epoch 022 | Seed 2001 | Rate 0.05 | Train Loss: 0.6934 | Val Loss: 1.1328 | Acc (clean): 0.8794 | Acc (poison): 0.8412 | Val Acc: 0.6837 | Time: 00:00:12
Epoch 023 | Seed 2001 | Rate 0.05 | Train Loss: 0.6806 | Val Loss: 0.8721 | Acc (clean): 0.8812 | Acc (poison): 0.8432 | Val Acc: 0.7533 | Time: 00:00:12
Epoch 024 | Seed 2001 | Rate 0.05 | Train Loss: 0.6614 | Val Loss: 0.8000 | Acc (clean): 0.8855 | Acc (poison): 0.8469 | Val Acc: 0.7722 | Time: 00:00:12
Epoch 025 | Seed 2001 | Rate 0.05 | Train Loss: 0.6551 | Val Loss: 0.8194 | Acc (clean): 0.8843 | Acc (poison): 0.8465 | Val Acc: 0.7615 | Time: 00:00:12
Epoch 026 | Seed 2001 | Rate 0.05 | Train Loss: 0.6450 | Val Loss: 0.9171 | Acc (clean): 0.8883 | Acc (poison): 0.8500 | Val Acc: 0.7411 | Time: 00:00:12
Epoch 027 | Seed 2001 | Rate 0.05 | Train Loss: 0.6275 | Val Loss: 0.6521 | Acc (clean): 0.8895 | Acc (poison): 0.8533 | Val Acc: 0.8130 | Time: 00:00:13
Epoch 028 | Seed 2001 | Rate 0.05 | Train Loss: 0.6219 | Val Loss: 0.8907 | Acc (clean): 0.8934 | Acc (poison): 0.8568 | Val Acc: 0.7485 | Time: 00:00:12
Epoch 029 | Seed 2001 | Rate 0.05 | Train Loss: 0.6090 | Val Loss: 0.9038 | Acc (clean): 0.8962 | Acc (poison): 0.8594 | Val Acc: 0.7489 | Time: 00:00:12
Epoch 030 | Seed 2001 | Rate 0.05 | Train Loss: 0.5990 | Val Loss: 0.9314 | Acc (clean): 0.8955 | Acc (poison): 0.8603 | Val Acc: 0.7433 | Time: 00:00:13
Epoch 031 | Seed 2001 | Rate 0.05 | Train Loss: 0.5932 | Val Loss: 0.9117 | Acc (clean): 0.8989 | Acc (poison): 0.8637 | Val Acc: 0.7552 | Time: 00:00:12
Epoch 032 | Seed 2001 | Rate 0.05 | Train Loss: 0.5911 | Val Loss: 0.6697 | Acc (clean): 0.8975 | Acc (poison): 0.8628 | Val Acc: 0.8056 | Time: 00:00:12
Epoch 033 | Seed 2001 | Rate 0.05 | Train Loss: 0.5811 | Val Loss: 0.7365 | Acc (clean): 0.8982 | Acc (poison): 0.8630 | Val Acc: 0.7867 | Time: 00:00:12
Epoch 034 | Seed 2001 | Rate 0.05 | Train Loss: 0.5698 | Val Loss: 0.9692 | Acc (clean): 0.9027 | Acc (poison): 0.8673 | Val Acc: 0.7385 | Time: 00:00:12
Epoch 035 | Seed 2001 | Rate 0.05 | Train Loss: 0.5593 | Val Loss: 0.9047 | Acc (clean): 0.9034 | Acc (poison): 0.8697 | Val Acc: 0.7463 | Time: 00:00:12
Epoch 036 | Seed 2001 | Rate 0.05 | Train Loss: 0.5556 | Val Loss: 0.7579 | Acc (clean): 0.9022 | Acc (poison): 0.8685 | Val Acc: 0.7837 | Time: 00:00:12
Epoch 037 | Seed 2001 | Rate 0.05 | Train Loss: 0.5577 | Val Loss: 0.8652 | Acc (clean): 0.9032 | Acc (poison): 0.8693 | Val Acc: 0.7493 | Time: 00:00:12
Epoch 038 | Seed 2001 | Rate 0.05 | Train Loss: 0.5459 | Val Loss: 0.7683 | Acc (clean): 0.9042 | Acc (poison): 0.8714 | Val Acc: 0.7915 | Time: 00:00:12
Epoch 039 | Seed 2001 | Rate 0.05 | Train Loss: 0.5379 | Val Loss: 0.9083 | Acc (clean): 0.9046 | Acc (poison): 0.8727 | Val Acc: 0.7500 | Time: 00:00:12
Epoch 040 | Seed 2001 | Rate 0.05 | Train Loss: 0.5373 | Val Loss: 0.7788 | Acc (clean): 0.9025 | Acc (poison): 0.8700 | Val Acc: 0.7852 | Time: 00:00:12
Epoch 041 | Seed 2001 | Rate 0.05 | Train Loss: 0.5312 | Val Loss: 0.7331 | Acc (clean): 0.9058 | Acc (poison): 0.8736 | Val Acc: 0.7978 | Time: 00:00:12
Epoch 042 | Seed 2001 | Rate 0.05 | Train Loss: 0.5196 | Val Loss: 0.6568 | Acc (clean): 0.9069 | Acc (poison): 0.8751 | Val Acc: 0.8085 | Time: 00:00:12
Epoch 043 | Seed 2001 | Rate 0.05 | Train Loss: 0.4983 | Val Loss: 0.8675 | Acc (clean): 0.9095 | Acc (poison): 0.8798 | Val Acc: 0.7637 | Time: 00:00:12
Epoch 044 | Seed 2001 | Rate 0.05 | Train Loss: 0.5172 | Val Loss: 0.8154 | Acc (clean): 0.9051 | Acc (poison): 0.8746 | Val Acc: 0.7741 | Time: 00:00:12
Epoch 045 | Seed 2001 | Rate 0.05 | Train Loss: 0.5136 | Val Loss: 0.7546 | Acc (clean): 0.9058 | Acc (poison): 0.8755 | Val Acc: 0.7874 | Time: 00:00:13
Epoch 046 | Seed 2001 | Rate 0.05 | Train Loss: 0.5039 | Val Loss: 0.7763 | Acc (clean): 0.9077 | Acc (poison): 0.8772 | Val Acc: 0.7830 | Time: 00:00:12
Epoch 047 | Seed 2001 | Rate 0.05 | Train Loss: 0.5007 | Val Loss: 0.8416 | Acc (clean): 0.9067 | Acc (poison): 0.8782 | Val Acc: 0.7663 | Time: 00:00:12
Epoch 048 | Seed 2001 | Rate 0.05 | Train Loss: 0.5024 | Val Loss: 0.9596 | Acc (clean): 0.9044 | Acc (poison): 0.8748 | Val Acc: 0.7381 | Time: 00:00:12
Epoch 049 | Seed 2001 | Rate 0.05 | Train Loss: 0.4867 | Val Loss: 0.9126 | Acc (clean): 0.9088 | Acc (poison): 0.8802 | Val Acc: 0.7589 | Time: 00:00:12
Epoch 050 | Seed 2001 | Rate 0.05 | Train Loss: 0.4888 | Val Loss: 0.7788 | Acc (clean): 0.9073 | Acc (poison): 0.8787 | Val Acc: 0.7763 | Time: 00:00:12
Epoch 051 | Seed 2001 | Rate 0.05 | Train Loss: 0.2688 | Val Loss: 0.3692 | Acc (clean): 0.9566 | Acc (poison): 0.9371 | Val Acc: 0.8981 | Time: 00:00:15
Epoch 052 | Seed 2001 | Rate 0.05 | Train Loss: 0.1823 | Val Loss: 0.3556 | Acc (clean): 0.9663 | Acc (poison): 0.9587 | Val Acc: 0.9011 | Time: 00:00:15
Epoch 053 | Seed 2001 | Rate 0.05 | Train Loss: 0.1547 | Val Loss: 0.3623 | Acc (clean): 0.9658 | Acc (poison): 0.9663 | Val Acc: 0.9030 | Time: 00:00:12
Epoch 054 | Seed 2001 | Rate 0.05 | Train Loss: 0.1316 | Val Loss: 0.3525 | Acc (clean): 0.9646 | Acc (poison): 0.9706 | Val Acc: 0.9022 | Time: 00:00:15
Epoch 055 | Seed 2001 | Rate 0.05 | Train Loss: 0.1152 | Val Loss: 0.3431 | Acc (clean): 0.9636 | Acc (poison): 0.9742 | Val Acc: 0.9044 | Time: 00:00:15
Epoch 056 | Seed 2001 | Rate 0.05 | Train Loss: 0.1052 | Val Loss: 0.3485 | Acc (clean): 0.9625 | Acc (poison): 0.9781 | Val Acc: 0.9037 | Time: 00:00:12
Epoch 057 | Seed 2001 | Rate 0.05 | Train Loss: 0.0930 | Val Loss: 0.3517 | Acc (clean): 0.9615 | Acc (poison): 0.9809 | Val Acc: 0.9000 | Time: 00:00:13
Epoch 058 | Seed 2001 | Rate 0.05 | Train Loss: 0.0824 | Val Loss: 0.3495 | Acc (clean): 0.9591 | Acc (poison): 0.9834 | Val Acc: 0.9037 | Time: 00:00:13
Epoch 059 | Seed 2001 | Rate 0.05 | Train Loss: 0.0753 | Val Loss: 0.3456 | Acc (clean): 0.9588 | Acc (poison): 0.9849 | Val Acc: 0.9033 | Time: 00:00:12
Epoch 060 | Seed 2001 | Rate 0.05 | Train Loss: 0.0695 | Val Loss: 0.3522 | Acc (clean): 0.9576 | Acc (poison): 0.9866 | Val Acc: 0.8993 | Time: 00:00:12
Epoch 061 | Seed 2001 | Rate 0.05 | Train Loss: 0.0627 | Val Loss: 0.3517 | Acc (clean): 0.9568 | Acc (poison): 0.9880 | Val Acc: 0.9037 | Time: 00:00:12
Epoch 062 | Seed 2001 | Rate 0.05 | Train Loss: 0.0571 | Val Loss: 0.3541 | Acc (clean): 0.9560 | Acc (poison): 0.9899 | Val Acc: 0.9011 | Time: 00:00:12
Epoch 063 | Seed 2001 | Rate 0.05 | Train Loss: 0.0534 | Val Loss: 0.3632 | Acc (clean): 0.9557 | Acc (poison): 0.9905 | Val Acc: 0.8974 | Time: 00:00:12
Epoch 064 | Seed 2001 | Rate 0.05 | Train Loss: 0.0499 | Val Loss: 0.3537 | Acc (clean): 0.9549 | Acc (poison): 0.9909 | Val Acc: 0.8993 | Time: 00:00:12
Epoch 065 | Seed 2001 | Rate 0.05 | Train Loss: 0.0457 | Val Loss: 0.3484 | Acc (clean): 0.9534 | Acc (poison): 0.9916 | Val Acc: 0.9041 | Time: 00:00:12
Epoch 066 | Seed 2001 | Rate 0.05 | Train Loss: 0.0417 | Val Loss: 0.3498 | Acc (clean): 0.9536 | Acc (poison): 0.9933 | Val Acc: 0.9030 | Time: 00:00:12
Epoch 067 | Seed 2001 | Rate 0.05 | Train Loss: 0.0376 | Val Loss: 0.3625 | Acc (clean): 0.9530 | Acc (poison): 0.9945 | Val Acc: 0.8989 | Time: 00:00:13
Epoch 068 | Seed 2001 | Rate 0.05 | Train Loss: 0.0372 | Val Loss: 0.3505 | Acc (clean): 0.9538 | Acc (poison): 0.9937 | Val Acc: 0.9056 | Time: 00:00:12
Epoch 069 | Seed 2001 | Rate 0.05 | Train Loss: 0.0343 | Val Loss: 0.3465 | Acc (clean): 0.9531 | Acc (poison): 0.9950 | Val Acc: 0.9044 | Time: 00:00:12
Epoch 070 | Seed 2001 | Rate 0.05 | Train Loss: 0.0323 | Val Loss: 0.3410 | Acc (clean): 0.9526 | Acc (poison): 0.9954 | Val Acc: 0.9044 | Time: 00:00:14
Epoch 071 | Seed 2001 | Rate 0.05 | Train Loss: 0.0308 | Val Loss: 0.3545 | Acc (clean): 0.9526 | Acc (poison): 0.9954 | Val Acc: 0.9011 | Time: 00:00:12
Epoch 072 | Seed 2001 | Rate 0.05 | Train Loss: 0.0295 | Val Loss: 0.3504 | Acc (clean): 0.9518 | Acc (poison): 0.9958 | Val Acc: 0.8996 | Time: 00:00:12
Epoch 073 | Seed 2001 | Rate 0.05 | Train Loss: 0.0288 | Val Loss: 0.3492 | Acc (clean): 0.9520 | Acc (poison): 0.9958 | Val Acc: 0.9059 | Time: 00:00:12
Epoch 074 | Seed 2001 | Rate 0.05 | Train Loss: 0.0271 | Val Loss: 0.3476 | Acc (clean): 0.9522 | Acc (poison): 0.9966 | Val Acc: 0.9059 | Time: 00:00:12
Epoch 075 | Seed 2001 | Rate 0.05 | Train Loss: 0.0258 | Val Loss: 0.3515 | Acc (clean): 0.9521 | Acc (poison): 0.9960 | Val Acc: 0.9000 | Time: 00:00:12
Epoch 076 | Seed 2001 | Rate 0.05 | Train Loss: 0.0210 | Val Loss: 0.3395 | Acc (clean): 0.9511 | Acc (poison): 0.9976 | Val Acc: 0.9063 | Time: 00:00:15
Epoch 077 | Seed 2001 | Rate 0.05 | Train Loss: 0.0193 | Val Loss: 0.3366 | Acc (clean): 0.9512 | Acc (poison): 0.9980 | Val Acc: 0.9041 | Time: 00:00:15
Epoch 078 | Seed 2001 | Rate 0.05 | Train Loss: 0.0185 | Val Loss: 0.3378 | Acc (clean): 0.9509 | Acc (poison): 0.9981 | Val Acc: 0.9067 | Time: 00:00:12
Epoch 079 | Seed 2001 | Rate 0.05 | Train Loss: 0.0175 | Val Loss: 0.3378 | Acc (clean): 0.9507 | Acc (poison): 0.9984 | Val Acc: 0.9070 | Time: 00:00:12
Epoch 080 | Seed 2001 | Rate 0.05 | Train Loss: 0.0173 | Val Loss: 0.3328 | Acc (clean): 0.9512 | Acc (poison): 0.9985 | Val Acc: 0.9081 | Time: 00:00:15
Epoch 081 | Seed 2001 | Rate 0.05 | Train Loss: 0.0170 | Val Loss: 0.3357 | Acc (clean): 0.9511 | Acc (poison): 0.9985 | Val Acc: 0.9067 | Time: 00:00:12
Epoch 082 | Seed 2001 | Rate 0.05 | Train Loss: 0.0175 | Val Loss: 0.3355 | Acc (clean): 0.9509 | Acc (poison): 0.9983 | Val Acc: 0.9070 | Time: 00:00:12
Epoch 083 | Seed 2001 | Rate 0.05 | Train Loss: 0.0174 | Val Loss: 0.3335 | Acc (clean): 0.9505 | Acc (poison): 0.9984 | Val Acc: 0.9078 | Time: 00:00:12
Epoch 084 | Seed 2001 | Rate 0.05 | Train Loss: 0.0169 | Val Loss: 0.3289 | Acc (clean): 0.9507 | Acc (poison): 0.9984 | Val Acc: 0.9085 | Time: 00:00:15
Epoch 085 | Seed 2001 | Rate 0.05 | Train Loss: 0.0166 | Val Loss: 0.3383 | Acc (clean): 0.9509 | Acc (poison): 0.9983 | Val Acc: 0.9048 | Time: 00:00:12
Epoch 086 | Seed 2001 | Rate 0.05 | Train Loss: 0.0166 | Val Loss: 0.3339 | Acc (clean): 0.9509 | Acc (poison): 0.9985 | Val Acc: 0.9063 | Time: 00:00:12
Epoch 087 | Seed 2001 | Rate 0.05 | Train Loss: 0.0162 | Val Loss: 0.3329 | Acc (clean): 0.9504 | Acc (poison): 0.9988 | Val Acc: 0.9078 | Time: 00:00:12
Epoch 088 | Seed 2001 | Rate 0.05 | Train Loss: 0.0166 | Val Loss: 0.3333 | Acc (clean): 0.9507 | Acc (poison): 0.9986 | Val Acc: 0.9067 | Time: 00:00:12
Epoch 089 | Seed 2001 | Rate 0.05 | Train Loss: 0.0158 | Val Loss: 0.3386 | Acc (clean): 0.9506 | Acc (poison): 0.9987 | Val Acc: 0.9059 | Time: 00:00:12
Epoch 090 | Seed 2001 | Rate 0.05 | Train Loss: 0.0168 | Val Loss: 0.3345 | Acc (clean): 0.9506 | Acc (poison): 0.9984 | Val Acc: 0.9063 | Time: 00:00:12
Epoch 091 | Seed 2001 | Rate 0.05 | Train Loss: 0.0153 | Val Loss: 0.3333 | Acc (clean): 0.9507 | Acc (poison): 0.9991 | Val Acc: 0.9070 | Time: 00:00:12
Epoch 092 | Seed 2001 | Rate 0.05 | Train Loss: 0.0157 | Val Loss: 0.3381 | Acc (clean): 0.9507 | Acc (poison): 0.9990 | Val Acc: 0.9067 | Time: 00:00:12
Epoch 093 | Seed 2001 | Rate 0.05 | Train Loss: 0.0160 | Val Loss: 0.3366 | Acc (clean): 0.9506 | Acc (poison): 0.9987 | Val Acc: 0.9070 | Time: 00:00:12
Epoch 094 | Seed 2001 | Rate 0.05 | Train Loss: 0.0151 | Val Loss: 0.3365 | Acc (clean): 0.9504 | Acc (poison): 0.9990 | Val Acc: 0.9074 | Time: 00:00:13
Epoch 095 | Seed 2001 | Rate 0.05 | Train Loss: 0.0159 | Val Loss: 0.3337 | Acc (clean): 0.9507 | Acc (poison): 0.9986 | Val Acc: 0.9081 | Time: 00:00:12
Epoch 096 | Seed 2001 | Rate 0.05 | Train Loss: 0.0156 | Val Loss: 0.3378 | Acc (clean): 0.9504 | Acc (poison): 0.9990 | Val Acc: 0.9063 | Time: 00:00:13
Epoch 097 | Seed 2001 | Rate 0.05 | Train Loss: 0.0157 | Val Loss: 0.3291 | Acc (clean): 0.9508 | Acc (poison): 0.9986 | Val Acc: 0.9067 | Time: 00:00:12
Epoch 098 | Seed 2001 | Rate 0.05 | Train Loss: 0.0152 | Val Loss: 0.3360 | Acc (clean): 0.9507 | Acc (poison): 0.9988 | Val Acc: 0.9070 | Time: 00:00:12
Epoch 099 | Seed 2001 | Rate 0.05 | Train Loss: 0.0155 | Val Loss: 0.3350 | Acc (clean): 0.9501 | Acc (poison): 0.9988 | Val Acc: 0.9059 | Time: 00:00:12
Epoch 100 | Seed 2001 | Rate 0.05 | Train Loss: 0.0153 | Val Loss: 0.3264 | Acc (clean): 0.9504 | Acc (poison): 0.9990 | Val Acc: 0.9089 | Time: 00:00:13

=== defense=none attack=RQ1 seed=2001 rate=0.1 ===
Loading train data from /home/yazanme/BachelorThesis/BachelorThesis/data/processed/resisc45/train.h5 with mapping /home/yazanme/BachelorThesis/BachelorThesis/data/processed/resisc45/poisoned/RQ1/seed_2001/labels_0.10.pt... (in_memory=True, workers=4)
Testing torch.compile support...
Successfully compiled model using torch.compile.
Epoch 001 | Seed 2001 | Rate 0.10 | Train Loss: 3.1221 | Val Loss: 2.5672 | Acc (clean): 0.2298 | Acc (poison): 0.2098 | Val Acc: 0.2915 | Time: 00:00:14
Epoch 002 | Seed 2001 | Rate 0.10 | Train Loss: 2.4243 | Val Loss: 1.9132 | Acc (clean): 0.4109 | Acc (poison): 0.3729 | Val Acc: 0.4352 | Time: 00:00:13
Epoch 003 | Seed 2001 | Rate 0.10 | Train Loss: 2.1315 | Val Loss: 2.2257 | Acc (clean): 0.5077 | Acc (poison): 0.4576 | Val Acc: 0.3863 | Time: 00:00:12
Epoch 004 | Seed 2001 | Rate 0.10 | Train Loss: 1.9450 | Val Loss: 1.6034 | Acc (clean): 0.5695 | Acc (poison): 0.5149 | Val Acc: 0.5278 | Time: 00:00:13
Epoch 005 | Seed 2001 | Rate 0.10 | Train Loss: 1.8004 | Val Loss: 1.6192 | Acc (clean): 0.6155 | Acc (poison): 0.5570 | Val Acc: 0.5370 | Time: 00:00:12
Epoch 006 | Seed 2001 | Rate 0.10 | Train Loss: 1.6671 | Val Loss: 1.3380 | Acc (clean): 0.6629 | Acc (poison): 0.5992 | Val Acc: 0.6081 | Time: 00:00:13
Epoch 007 | Seed 2001 | Rate 0.10 | Train Loss: 1.5458 | Val Loss: 1.0950 | Acc (clean): 0.7055 | Acc (poison): 0.6383 | Val Acc: 0.6800 | Time: 00:00:13
Epoch 008 | Seed 2001 | Rate 0.10 | Train Loss: 1.4464 | Val Loss: 1.1181 | Acc (clean): 0.7367 | Acc (poison): 0.6674 | Val Acc: 0.6915 | Time: 00:00:12
Epoch 009 | Seed 2001 | Rate 0.10 | Train Loss: 1.3631 | Val Loss: 0.9495 | Acc (clean): 0.7668 | Acc (poison): 0.6942 | Val Acc: 0.7385 | Time: 00:00:13
Epoch 010 | Seed 2001 | Rate 0.10 | Train Loss: 1.2972 | Val Loss: 0.9500 | Acc (clean): 0.7894 | Acc (poison): 0.7143 | Val Acc: 0.7189 | Time: 00:00:12
Epoch 011 | Seed 2001 | Rate 0.10 | Train Loss: 1.2455 | Val Loss: 1.1538 | Acc (clean): 0.8036 | Acc (poison): 0.7284 | Val Acc: 0.6867 | Time: 00:00:12
Epoch 012 | Seed 2001 | Rate 0.10 | Train Loss: 1.2012 | Val Loss: 1.2204 | Acc (clean): 0.8141 | Acc (poison): 0.7385 | Val Acc: 0.6559 | Time: 00:00:12
Epoch 013 | Seed 2001 | Rate 0.10 | Train Loss: 1.1707 | Val Loss: 0.9237 | Acc (clean): 0.8232 | Acc (poison): 0.7464 | Val Acc: 0.7456 | Time: 00:00:12
Epoch 014 | Seed 2001 | Rate 0.10 | Train Loss: 1.1279 | Val Loss: 0.8570 | Acc (clean): 0.8362 | Acc (poison): 0.7584 | Val Acc: 0.7630 | Time: 00:00:13
Epoch 015 | Seed 2001 | Rate 0.10 | Train Loss: 1.1128 | Val Loss: 0.7343 | Acc (clean): 0.8395 | Acc (poison): 0.7623 | Val Acc: 0.7985 | Time: 00:00:13
Epoch 016 | Seed 2001 | Rate 0.10 | Train Loss: 1.0808 | Val Loss: 0.9236 | Acc (clean): 0.8472 | Acc (poison): 0.7698 | Val Acc: 0.7433 | Time: 00:00:12
Epoch 017 | Seed 2001 | Rate 0.10 | Train Loss: 1.0642 | Val Loss: 0.9957 | Acc (clean): 0.8478 | Acc (poison): 0.7716 | Val Acc: 0.7156 | Time: 00:00:12
Epoch 018 | Seed 2001 | Rate 0.10 | Train Loss: 1.0427 | Val Loss: 0.9077 | Acc (clean): 0.8555 | Acc (poison): 0.7793 | Val Acc: 0.7385 | Time: 00:00:13
Epoch 019 | Seed 2001 | Rate 0.10 | Train Loss: 1.0183 | Val Loss: 0.9023 | Acc (clean): 0.8623 | Acc (poison): 0.7855 | Val Acc: 0.7511 | Time: 00:00:12
Epoch 020 | Seed 2001 | Rate 0.10 | Train Loss: 1.0144 | Val Loss: 0.9145 | Acc (clean): 0.8621 | Acc (poison): 0.7855 | Val Acc: 0.7515 | Time: 00:00:12
Epoch 021 | Seed 2001 | Rate 0.10 | Train Loss: 0.9947 | Val Loss: 1.0964 | Acc (clean): 0.8674 | Acc (poison): 0.7911 | Val Acc: 0.6870 | Time: 00:00:12
Epoch 022 | Seed 2001 | Rate 0.10 | Train Loss: 0.9902 | Val Loss: 1.1023 | Acc (clean): 0.8658 | Acc (poison): 0.7897 | Val Acc: 0.6885 | Time: 00:00:12
Epoch 023 | Seed 2001 | Rate 0.10 | Train Loss: 0.9617 | Val Loss: 0.8441 | Acc (clean): 0.8736 | Acc (poison): 0.7973 | Val Acc: 0.7744 | Time: 00:00:12
Epoch 024 | Seed 2001 | Rate 0.10 | Train Loss: 0.9464 | Val Loss: 0.8472 | Acc (clean): 0.8749 | Acc (poison): 0.7993 | Val Acc: 0.7763 | Time: 00:00:13
Epoch 025 | Seed 2001 | Rate 0.10 | Train Loss: 0.9353 | Val Loss: 0.8732 | Acc (clean): 0.8753 | Acc (poison): 0.8005 | Val Acc: 0.7678 | Time: 00:00:12
Epoch 026 | Seed 2001 | Rate 0.10 | Train Loss: 0.9268 | Val Loss: 1.0066 | Acc (clean): 0.8776 | Acc (poison): 0.8028 | Val Acc: 0.7315 | Time: 00:00:12
Epoch 027 | Seed 2001 | Rate 0.10 | Train Loss: 0.9044 | Val Loss: 0.6849 | Acc (clean): 0.8836 | Acc (poison): 0.8091 | Val Acc: 0.8178 | Time: 00:00:13
Epoch 028 | Seed 2001 | Rate 0.10 | Train Loss: 0.9009 | Val Loss: 0.8267 | Acc (clean): 0.8819 | Acc (poison): 0.8087 | Val Acc: 0.7807 | Time: 00:00:12
Epoch 029 | Seed 2001 | Rate 0.10 | Train Loss: 0.8764 | Val Loss: 0.7897 | Acc (clean): 0.8847 | Acc (poison): 0.8133 | Val Acc: 0.7815 | Time: 00:00:12
Epoch 030 | Seed 2001 | Rate 0.10 | Train Loss: 0.8828 | Val Loss: 1.0074 | Acc (clean): 0.8840 | Acc (poison): 0.8099 | Val Acc: 0.7300 | Time: 00:00:12
Epoch 031 | Seed 2001 | Rate 0.10 | Train Loss: 0.8646 | Val Loss: 1.0190 | Acc (clean): 0.8855 | Acc (poison): 0.8123 | Val Acc: 0.7263 | Time: 00:00:12
Epoch 032 | Seed 2001 | Rate 0.10 | Train Loss: 0.8565 | Val Loss: 1.1874 | Acc (clean): 0.8840 | Acc (poison): 0.8142 | Val Acc: 0.6981 | Time: 00:00:12
Epoch 033 | Seed 2001 | Rate 0.10 | Train Loss: 0.8411 | Val Loss: 1.0035 | Acc (clean): 0.8871 | Acc (poison): 0.8171 | Val Acc: 0.7370 | Time: 00:00:12
Epoch 034 | Seed 2001 | Rate 0.10 | Train Loss: 0.8337 | Val Loss: 0.9386 | Acc (clean): 0.8902 | Acc (poison): 0.8193 | Val Acc: 0.7526 | Time: 00:00:12
Epoch 035 | Seed 2001 | Rate 0.10 | Train Loss: 0.8201 | Val Loss: 1.1393 | Acc (clean): 0.8905 | Acc (poison): 0.8217 | Val Acc: 0.7011 | Time: 00:00:12
Epoch 036 | Seed 2001 | Rate 0.10 | Train Loss: 0.8047 | Val Loss: 0.8739 | Acc (clean): 0.8881 | Acc (poison): 0.8218 | Val Acc: 0.7656 | Time: 00:00:12
Epoch 037 | Seed 2001 | Rate 0.10 | Train Loss: 0.7986 | Val Loss: 1.0325 | Acc (clean): 0.8912 | Acc (poison): 0.8224 | Val Acc: 0.7167 | Time: 00:00:12
Epoch 038 | Seed 2001 | Rate 0.10 | Train Loss: 0.7861 | Val Loss: 0.7993 | Acc (clean): 0.8904 | Acc (poison): 0.8262 | Val Acc: 0.7796 | Time: 00:00:12
Epoch 039 | Seed 2001 | Rate 0.10 | Train Loss: 0.7801 | Val Loss: 0.8230 | Acc (clean): 0.8882 | Acc (poison): 0.8235 | Val Acc: 0.7896 | Time: 00:00:13
Epoch 040 | Seed 2001 | Rate 0.10 | Train Loss: 0.7663 | Val Loss: 0.9456 | Acc (clean): 0.8893 | Acc (poison): 0.8282 | Val Acc: 0.7570 | Time: 00:00:12
Epoch 041 | Seed 2001 | Rate 0.10 | Train Loss: 0.7631 | Val Loss: 0.9797 | Acc (clean): 0.8877 | Acc (poison): 0.8251 | Val Acc: 0.7448 | Time: 00:00:12
Epoch 042 | Seed 2001 | Rate 0.10 | Train Loss: 0.7564 | Val Loss: 0.8824 | Acc (clean): 0.8915 | Acc (poison): 0.8306 | Val Acc: 0.7652 | Time: 00:00:12
Epoch 043 | Seed 2001 | Rate 0.10 | Train Loss: 0.7312 | Val Loss: 0.9535 | Acc (clean): 0.8905 | Acc (poison): 0.8310 | Val Acc: 0.7493 | Time: 00:00:12
Epoch 044 | Seed 2001 | Rate 0.10 | Train Loss: 0.7329 | Val Loss: 1.2166 | Acc (clean): 0.8914 | Acc (poison): 0.8324 | Val Acc: 0.6922 | Time: 00:00:12
Epoch 045 | Seed 2001 | Rate 0.10 | Train Loss: 0.7262 | Val Loss: 0.8943 | Acc (clean): 0.8879 | Acc (poison): 0.8304 | Val Acc: 0.7589 | Time: 00:00:13
Epoch 046 | Seed 2001 | Rate 0.10 | Train Loss: 0.7241 | Val Loss: 0.8504 | Acc (clean): 0.8922 | Acc (poison): 0.8340 | Val Acc: 0.7630 | Time: 00:00:12
Epoch 047 | Seed 2001 | Rate 0.10 | Train Loss: 0.7067 | Val Loss: 0.8245 | Acc (clean): 0.8914 | Acc (poison): 0.8356 | Val Acc: 0.7915 | Time: 00:00:12
Epoch 048 | Seed 2001 | Rate 0.10 | Train Loss: 0.7090 | Val Loss: 0.9611 | Acc (clean): 0.8901 | Acc (poison): 0.8350 | Val Acc: 0.7511 | Time: 00:00:12
Epoch 049 | Seed 2001 | Rate 0.10 | Train Loss: 0.6975 | Val Loss: 1.0252 | Acc (clean): 0.8897 | Acc (poison): 0.8365 | Val Acc: 0.7259 | Time: 00:00:12
Epoch 050 | Seed 2001 | Rate 0.10 | Train Loss: 0.6873 | Val Loss: 0.9854 | Acc (clean): 0.8922 | Acc (poison): 0.8381 | Val Acc: 0.7381 | Time: 00:00:12
Epoch 051 | Seed 2001 | Rate 0.10 | Train Loss: 0.4136 | Val Loss: 0.4575 | Acc (clean): 0.9354 | Acc (poison): 0.9043 | Val Acc: 0.8841 | Time: 00:00:13
Epoch 052 | Seed 2001 | Rate 0.10 | Train Loss: 0.2937 | Val Loss: 0.4465 | Acc (clean): 0.9407 | Acc (poison): 0.9324 | Val Acc: 0.8893 | Time: 00:00:13
Epoch 053 | Seed 2001 | Rate 0.10 | Train Loss: 0.2443 | Val Loss: 0.4534 | Acc (clean): 0.9346 | Acc (poison): 0.9437 | Val Acc: 0.8830 | Time: 00:00:12
Epoch 054 | Seed 2001 | Rate 0.10 | Train Loss: 0.2124 | Val Loss: 0.4494 | Acc (clean): 0.9308 | Acc (poison): 0.9521 | Val Acc: 0.8867 | Time: 00:00:12
Epoch 055 | Seed 2001 | Rate 0.10 | Train Loss: 0.1892 | Val Loss: 0.4395 | Acc (clean): 0.9282 | Acc (poison): 0.9570 | Val Acc: 0.8915 | Time: 00:00:13
Epoch 056 | Seed 2001 | Rate 0.10 | Train Loss: 0.1689 | Val Loss: 0.4612 | Acc (clean): 0.9237 | Acc (poison): 0.9625 | Val Acc: 0.8811 | Time: 00:00:12
Epoch 057 | Seed 2001 | Rate 0.10 | Train Loss: 0.1468 | Val Loss: 0.4546 | Acc (clean): 0.9226 | Acc (poison): 0.9676 | Val Acc: 0.8833 | Time: 00:00:12
Epoch 058 | Seed 2001 | Rate 0.10 | Train Loss: 0.1296 | Val Loss: 0.4506 | Acc (clean): 0.9184 | Acc (poison): 0.9726 | Val Acc: 0.8867 | Time: 00:00:12
Epoch 059 | Seed 2001 | Rate 0.10 | Train Loss: 0.1152 | Val Loss: 0.4523 | Acc (clean): 0.9149 | Acc (poison): 0.9771 | Val Acc: 0.8833 | Time: 00:00:12
Epoch 060 | Seed 2001 | Rate 0.10 | Train Loss: 0.1053 | Val Loss: 0.4629 | Acc (clean): 0.9142 | Acc (poison): 0.9784 | Val Acc: 0.8785 | Time: 00:00:12
Epoch 061 | Seed 2001 | Rate 0.10 | Train Loss: 0.0945 | Val Loss: 0.4506 | Acc (clean): 0.9118 | Acc (poison): 0.9813 | Val Acc: 0.8815 | Time: 00:00:12
Epoch 062 | Seed 2001 | Rate 0.10 | Train Loss: 0.0849 | Val Loss: 0.4462 | Acc (clean): 0.9111 | Acc (poison): 0.9835 | Val Acc: 0.8822 | Time: 00:00:12
Epoch 063 | Seed 2001 | Rate 0.10 | Train Loss: 0.0771 | Val Loss: 0.4603 | Acc (clean): 0.9096 | Acc (poison): 0.9855 | Val Acc: 0.8770 | Time: 00:00:12
Epoch 064 | Seed 2001 | Rate 0.10 | Train Loss: 0.0703 | Val Loss: 0.4539 | Acc (clean): 0.9082 | Acc (poison): 0.9876 | Val Acc: 0.8763 | Time: 00:00:12
Epoch 065 | Seed 2001 | Rate 0.10 | Train Loss: 0.0655 | Val Loss: 0.4503 | Acc (clean): 0.9068 | Acc (poison): 0.9877 | Val Acc: 0.8815 | Time: 00:00:12
Epoch 066 | Seed 2001 | Rate 0.10 | Train Loss: 0.0591 | Val Loss: 0.4399 | Acc (clean): 0.9068 | Acc (poison): 0.9898 | Val Acc: 0.8819 | Time: 00:00:12
Epoch 067 | Seed 2001 | Rate 0.10 | Train Loss: 0.0542 | Val Loss: 0.4477 | Acc (clean): 0.9057 | Acc (poison): 0.9902 | Val Acc: 0.8800 | Time: 00:00:12
Epoch 068 | Seed 2001 | Rate 0.10 | Train Loss: 0.0514 | Val Loss: 0.4374 | Acc (clean): 0.9056 | Acc (poison): 0.9907 | Val Acc: 0.8848 | Time: 00:00:13
Epoch 069 | Seed 2001 | Rate 0.10 | Train Loss: 0.0469 | Val Loss: 0.4393 | Acc (clean): 0.9048 | Acc (poison): 0.9912 | Val Acc: 0.8800 | Time: 00:00:12
Epoch 070 | Seed 2001 | Rate 0.10 | Train Loss: 0.0467 | Val Loss: 0.4314 | Acc (clean): 0.9045 | Acc (poison): 0.9921 | Val Acc: 0.8785 | Time: 00:00:13
Epoch 071 | Seed 2001 | Rate 0.10 | Train Loss: 0.0432 | Val Loss: 0.4399 | Acc (clean): 0.9037 | Acc (poison): 0.9923 | Val Acc: 0.8826 | Time: 00:00:12
Epoch 072 | Seed 2001 | Rate 0.10 | Train Loss: 0.0387 | Val Loss: 0.4317 | Acc (clean): 0.9036 | Acc (poison): 0.9937 | Val Acc: 0.8848 | Time: 00:00:12
Epoch 073 | Seed 2001 | Rate 0.10 | Train Loss: 0.0360 | Val Loss: 0.4434 | Acc (clean): 0.9031 | Acc (poison): 0.9941 | Val Acc: 0.8830 | Time: 00:00:12
Epoch 074 | Seed 2001 | Rate 0.10 | Train Loss: 0.0367 | Val Loss: 0.4344 | Acc (clean): 0.9034 | Acc (poison): 0.9941 | Val Acc: 0.8822 | Time: 00:00:12
Epoch 075 | Seed 2001 | Rate 0.10 | Train Loss: 0.0338 | Val Loss: 0.4398 | Acc (clean): 0.9031 | Acc (poison): 0.9945 | Val Acc: 0.8859 | Time: 00:00:12
Epoch 076 | Seed 2001 | Rate 0.10 | Train Loss: 0.0267 | Val Loss: 0.4203 | Acc (clean): 0.9016 | Acc (poison): 0.9965 | Val Acc: 0.8904 | Time: 00:00:13
Epoch 077 | Seed 2001 | Rate 0.10 | Train Loss: 0.0232 | Val Loss: 0.4161 | Acc (clean): 0.9015 | Acc (poison): 0.9972 | Val Acc: 0.8926 | Time: 00:00:14
Epoch 078 | Seed 2001 | Rate 0.10 | Train Loss: 0.0231 | Val Loss: 0.4159 | Acc (clean): 0.9016 | Acc (poison): 0.9971 | Val Acc: 0.8896 | Time: 00:00:13
Epoch 079 | Seed 2001 | Rate 0.10 | Train Loss: 0.0215 | Val Loss: 0.4170 | Acc (clean): 0.9014 | Acc (poison): 0.9974 | Val Acc: 0.8922 | Time: 00:00:12
Epoch 080 | Seed 2001 | Rate 0.10 | Train Loss: 0.0211 | Val Loss: 0.4144 | Acc (clean): 0.9014 | Acc (poison): 0.9975 | Val Acc: 0.8885 | Time: 00:00:13
Epoch 081 | Seed 2001 | Rate 0.10 | Train Loss: 0.0210 | Val Loss: 0.4171 | Acc (clean): 0.9014 | Acc (poison): 0.9976 | Val Acc: 0.8863 | Time: 00:00:12
Epoch 082 | Seed 2001 | Rate 0.10 | Train Loss: 0.0205 | Val Loss: 0.4126 | Acc (clean): 0.9012 | Acc (poison): 0.9982 | Val Acc: 0.8904 | Time: 00:00:13
Epoch 083 | Seed 2001 | Rate 0.10 | Train Loss: 0.0200 | Val Loss: 0.4163 | Acc (clean): 0.9012 | Acc (poison): 0.9981 | Val Acc: 0.8907 | Time: 00:00:12
Epoch 084 | Seed 2001 | Rate 0.10 | Train Loss: 0.0196 | Val Loss: 0.4097 | Acc (clean): 0.9012 | Acc (poison): 0.9977 | Val Acc: 0.8904 | Time: 00:00:13
Epoch 085 | Seed 2001 | Rate 0.10 | Train Loss: 0.0197 | Val Loss: 0.4200 | Acc (clean): 0.9010 | Acc (poison): 0.9981 | Val Acc: 0.8867 | Time: 00:00:12
Epoch 086 | Seed 2001 | Rate 0.10 | Train Loss: 0.0200 | Val Loss: 0.4161 | Acc (clean): 0.9011 | Acc (poison): 0.9980 | Val Acc: 0.8878 | Time: 00:00:12
Epoch 087 | Seed 2001 | Rate 0.10 | Train Loss: 0.0193 | Val Loss: 0.4146 | Acc (clean): 0.9009 | Acc (poison): 0.9983 | Val Acc: 0.8907 | Time: 00:00:12
Epoch 088 | Seed 2001 | Rate 0.10 | Train Loss: 0.0195 | Val Loss: 0.4132 | Acc (clean): 0.9011 | Acc (poison): 0.9982 | Val Acc: 0.8889 | Time: 00:00:12
Epoch 089 | Seed 2001 | Rate 0.10 | Train Loss: 0.0188 | Val Loss: 0.4171 | Acc (clean): 0.9009 | Acc (poison): 0.9984 | Val Acc: 0.8874 | Time: 00:00:11
Epoch 090 | Seed 2001 | Rate 0.10 | Train Loss: 0.0199 | Val Loss: 0.4143 | Acc (clean): 0.9009 | Acc (poison): 0.9977 | Val Acc: 0.8922 | Time: 00:00:12
Epoch 091 | Seed 2001 | Rate 0.10 | Train Loss: 0.0178 | Val Loss: 0.4116 | Acc (clean): 0.9010 | Acc (poison): 0.9985 | Val Acc: 0.8915 | Time: 00:00:12
Epoch 092 | Seed 2001 | Rate 0.10 | Train Loss: 0.0191 | Val Loss: 0.4185 | Acc (clean): 0.9012 | Acc (poison): 0.9983 | Val Acc: 0.8856 | Time: 00:00:12
Epoch 093 | Seed 2001 | Rate 0.10 | Train Loss: 0.0185 | Val Loss: 0.4135 | Acc (clean): 0.9009 | Acc (poison): 0.9984 | Val Acc: 0.8885 | Time: 00:00:12
Epoch 094 | Seed 2001 | Rate 0.10 | Train Loss: 0.0183 | Val Loss: 0.4167 | Acc (clean): 0.9008 | Acc (poison): 0.9984 | Val Acc: 0.8885 | Time: 00:00:12
Epoch 095 | Seed 2001 | Rate 0.10 | Train Loss: 0.0185 | Val Loss: 0.4134 | Acc (clean): 0.9009 | Acc (poison): 0.9982 | Val Acc: 0.8852 | Time: 00:00:12
Epoch 096 | Seed 2001 | Rate 0.10 | Train Loss: 0.0175 | Val Loss: 0.4171 | Acc (clean): 0.9002 | Acc (poison): 0.9986 | Val Acc: 0.8893 | Time: 00:00:12
Epoch 097 | Seed 2001 | Rate 0.10 | Train Loss: 0.0184 | Val Loss: 0.4065 | Acc (clean): 0.9011 | Acc (poison): 0.9984 | Val Acc: 0.8904 | Time: 00:00:13
Epoch 098 | Seed 2001 | Rate 0.10 | Train Loss: 0.0182 | Val Loss: 0.4159 | Acc (clean): 0.9010 | Acc (poison): 0.9982 | Val Acc: 0.8844 | Time: 00:00:12
Epoch 099 | Seed 2001 | Rate 0.10 | Train Loss: 0.0184 | Val Loss: 0.4144 | Acc (clean): 0.9011 | Acc (poison): 0.9983 | Val Acc: 0.8874 | Time: 00:00:12
Epoch 100 | Seed 2001 | Rate 0.10 | Train Loss: 0.0176 | Val Loss: 0.4074 | Acc (clean): 0.9001 | Acc (poison): 0.9987 | Val Acc: 0.8885 | Time: 00:00:12

=== defense=none attack=RQ1 seed=2001 rate=0.2 ===
Loading train data from /home/yazanme/BachelorThesis/BachelorThesis/data/processed/resisc45/train.h5 with mapping /home/yazanme/BachelorThesis/BachelorThesis/data/processed/resisc45/poisoned/RQ1/seed_2001/labels_0.20.pt... (in_memory=True, workers=4)
Testing torch.compile support...
Successfully compiled model using torch.compile.
Epoch 001 | Seed 2001 | Rate 0.20 | Train Loss: 3.4727 | Val Loss: 2.7050 | Acc (clean): 0.1819 | Acc (poison): 0.1499 | Val Acc: 0.2689 | Time: 00:00:14
Epoch 002 | Seed 2001 | Rate 0.20 | Train Loss: 2.9035 | Val Loss: 2.7297 | Acc (clean): 0.3328 | Acc (poison): 0.2716 | Val Acc: 0.2785 | Time: 00:00:12
Epoch 003 | Seed 2001 | Rate 0.20 | Train Loss: 2.6650 | Val Loss: 2.1264 | Acc (clean): 0.4298 | Acc (poison): 0.3482 | Val Acc: 0.4096 | Time: 00:00:13
Epoch 004 | Seed 2001 | Rate 0.20 | Train Loss: 2.4873 | Val Loss: 2.0187 | Acc (clean): 0.4984 | Acc (poison): 0.4025 | Val Acc: 0.4437 | Time: 00:00:13
Epoch 005 | Seed 2001 | Rate 0.20 | Train Loss: 2.3668 | Val Loss: 1.8324 | Acc (clean): 0.5481 | Acc (poison): 0.4428 | Val Acc: 0.5096 | Time: 00:00:13
Epoch 006 | Seed 2001 | Rate 0.20 | Train Loss: 2.2678 | Val Loss: 1.5959 | Acc (clean): 0.5905 | Acc (poison): 0.4771 | Val Acc: 0.5822 | Time: 00:00:13
Epoch 007 | Seed 2001 | Rate 0.20 | Train Loss: 2.1769 | Val Loss: 1.5807 | Acc (clean): 0.6226 | Acc (poison): 0.5016 | Val Acc: 0.5756 | Time: 00:00:13
Epoch 008 | Seed 2001 | Rate 0.20 | Train Loss: 2.1046 | Val Loss: 1.8049 | Acc (clean): 0.6505 | Acc (poison): 0.5248 | Val Acc: 0.5037 | Time: 00:00:12
Epoch 009 | Seed 2001 | Rate 0.20 | Train Loss: 2.0331 | Val Loss: 1.3295 | Acc (clean): 0.6749 | Acc (poison): 0.5454 | Val Acc: 0.6659 | Time: 00:00:13
Epoch 010 | Seed 2001 | Rate 0.20 | Train Loss: 1.9679 | Val Loss: 1.3200 | Acc (clean): 0.7018 | Acc (poison): 0.5673 | Val Acc: 0.6533 | Time: 00:00:13
Epoch 011 | Seed 2001 | Rate 0.20 | Train Loss: 1.9235 | Val Loss: 1.4163 | Acc (clean): 0.7179 | Acc (poison): 0.5797 | Val Acc: 0.6396 | Time: 00:00:12
Epoch 012 | Seed 2001 | Rate 0.20 | Train Loss: 1.8636 | Val Loss: 1.2962 | Acc (clean): 0.7416 | Acc (poison): 0.6016 | Val Acc: 0.6648 | Time: 00:00:13
Epoch 013 | Seed 2001 | Rate 0.20 | Train Loss: 1.8092 | Val Loss: 1.2076 | Acc (clean): 0.7595 | Acc (poison): 0.6146 | Val Acc: 0.6848 | Time: 00:00:13
Epoch 014 | Seed 2001 | Rate 0.20 | Train Loss: 1.7705 | Val Loss: 1.0481 | Acc (clean): 0.7767 | Acc (poison): 0.6298 | Val Acc: 0.7333 | Time: 00:00:13
Epoch 015 | Seed 2001 | Rate 0.20 | Train Loss: 1.7353 | Val Loss: 1.1100 | Acc (clean): 0.7858 | Acc (poison): 0.6383 | Val Acc: 0.7181 | Time: 00:00:13
Epoch 016 | Seed 2001 | Rate 0.20 | Train Loss: 1.7010 | Val Loss: 1.1237 | Acc (clean): 0.7979 | Acc (poison): 0.6480 | Val Acc: 0.7033 | Time: 00:00:12
Epoch 017 | Seed 2001 | Rate 0.20 | Train Loss: 1.6750 | Val Loss: 1.1402 | Acc (clean): 0.8029 | Acc (poison): 0.6541 | Val Acc: 0.7159 | Time: 00:00:12
Epoch 018 | Seed 2001 | Rate 0.20 | Train Loss: 1.6501 | Val Loss: 1.0851 | Acc (clean): 0.8137 | Acc (poison): 0.6630 | Val Acc: 0.7474 | Time: 00:00:12
Epoch 019 | Seed 2001 | Rate 0.20 | Train Loss: 1.6229 | Val Loss: 1.1775 | Acc (clean): 0.8183 | Acc (poison): 0.6682 | Val Acc: 0.6952 | Time: 00:00:13
Epoch 020 | Seed 2001 | Rate 0.20 | Train Loss: 1.6095 | Val Loss: 1.0513 | Acc (clean): 0.8225 | Acc (poison): 0.6710 | Val Acc: 0.7356 | Time: 00:00:13
Epoch 021 | Seed 2001 | Rate 0.20 | Train Loss: 1.5808 | Val Loss: 1.0490 | Acc (clean): 0.8308 | Acc (poison): 0.6786 | Val Acc: 0.7507 | Time: 00:00:12
Epoch 022 | Seed 2001 | Rate 0.20 | Train Loss: 1.5755 | Val Loss: 1.0249 | Acc (clean): 0.8307 | Acc (poison): 0.6794 | Val Acc: 0.7315 | Time: 00:00:13
Epoch 023 | Seed 2001 | Rate 0.20 | Train Loss: 1.5417 | Val Loss: 1.0328 | Acc (clean): 0.8366 | Acc (poison): 0.6863 | Val Acc: 0.7367 | Time: 00:00:12
Epoch 024 | Seed 2001 | Rate 0.20 | Train Loss: 1.5272 | Val Loss: 0.9237 | Acc (clean): 0.8395 | Acc (poison): 0.6879 | Val Acc: 0.7752 | Time: 00:00:13
Epoch 025 | Seed 2001 | Rate 0.20 | Train Loss: 1.5054 | Val Loss: 1.0176 | Acc (clean): 0.8429 | Acc (poison): 0.6911 | Val Acc: 0.7533 | Time: 00:00:12
Epoch 026 | Seed 2001 | Rate 0.20 | Train Loss: 1.4944 | Val Loss: 1.0029 | Acc (clean): 0.8445 | Acc (poison): 0.6926 | Val Acc: 0.7615 | Time: 00:00:12
Epoch 027 | Seed 2001 | Rate 0.20 | Train Loss: 1.4658 | Val Loss: 1.0306 | Acc (clean): 0.8498 | Acc (poison): 0.6980 | Val Acc: 0.7574 | Time: 00:00:12
Epoch 028 | Seed 2001 | Rate 0.20 | Train Loss: 1.4609 | Val Loss: 1.0107 | Acc (clean): 0.8505 | Acc (poison): 0.6998 | Val Acc: 0.7404 | Time: 00:00:12
Epoch 029 | Seed 2001 | Rate 0.20 | Train Loss: 1.4375 | Val Loss: 0.9598 | Acc (clean): 0.8496 | Acc (poison): 0.7029 | Val Acc: 0.7663 | Time: 00:00:13
Epoch 030 | Seed 2001 | Rate 0.20 | Train Loss: 1.4202 | Val Loss: 1.0604 | Acc (clean): 0.8524 | Acc (poison): 0.7055 | Val Acc: 0.7370 | Time: 00:00:12
Epoch 031 | Seed 2001 | Rate 0.20 | Train Loss: 1.4108 | Val Loss: 1.0990 | Acc (clean): 0.8558 | Acc (poison): 0.7083 | Val Acc: 0.7411 | Time: 00:00:12
Epoch 032 | Seed 2001 | Rate 0.20 | Train Loss: 1.3861 | Val Loss: 0.9676 | Acc (clean): 0.8540 | Acc (poison): 0.7104 | Val Acc: 0.7644 | Time: 00:00:12
Epoch 033 | Seed 2001 | Rate 0.20 | Train Loss: 1.3744 | Val Loss: 0.9936 | Acc (clean): 0.8519 | Acc (poison): 0.7095 | Val Acc: 0.7533 | Time: 00:00:12
Epoch 034 | Seed 2001 | Rate 0.20 | Train Loss: 1.3523 | Val Loss: 0.9398 | Acc (clean): 0.8574 | Acc (poison): 0.7142 | Val Acc: 0.7737 | Time: 00:00:12
Epoch 035 | Seed 2001 | Rate 0.20 | Train Loss: 1.3323 | Val Loss: 1.0485 | Acc (clean): 0.8572 | Acc (poison): 0.7175 | Val Acc: 0.7519 | Time: 00:00:12
Epoch 036 | Seed 2001 | Rate 0.20 | Train Loss: 1.3198 | Val Loss: 1.0288 | Acc (clean): 0.8598 | Acc (poison): 0.7197 | Val Acc: 0.7515 | Time: 00:00:12
Epoch 037 | Seed 2001 | Rate 0.20 | Train Loss: 1.3064 | Val Loss: 1.2224 | Acc (clean): 0.8602 | Acc (poison): 0.7219 | Val Acc: 0.7081 | Time: 00:00:12
Epoch 038 | Seed 2001 | Rate 0.20 | Train Loss: 1.2912 | Val Loss: 1.1417 | Acc (clean): 0.8529 | Acc (poison): 0.7198 | Val Acc: 0.7044 | Time: 00:00:12
Epoch 039 | Seed 2001 | Rate 0.20 | Train Loss: 1.2687 | Val Loss: 1.0013 | Acc (clean): 0.8545 | Acc (poison): 0.7240 | Val Acc: 0.7578 | Time: 00:00:13
Epoch 040 | Seed 2001 | Rate 0.20 | Train Loss: 1.2627 | Val Loss: 1.1855 | Acc (clean): 0.8540 | Acc (poison): 0.7263 | Val Acc: 0.7081 | Time: 00:00:12
Epoch 041 | Seed 2001 | Rate 0.20 | Train Loss: 1.2414 | Val Loss: 1.1392 | Acc (clean): 0.8567 | Acc (poison): 0.7270 | Val Acc: 0.7256 | Time: 00:00:12
Epoch 042 | Seed 2001 | Rate 0.20 | Train Loss: 1.2235 | Val Loss: 0.9682 | Acc (clean): 0.8538 | Acc (poison): 0.7293 | Val Acc: 0.7637 | Time: 00:00:12
Epoch 043 | Seed 2001 | Rate 0.20 | Train Loss: 1.1935 | Val Loss: 1.2563 | Acc (clean): 0.8547 | Acc (poison): 0.7342 | Val Acc: 0.6804 | Time: 00:00:12
Epoch 044 | Seed 2001 | Rate 0.20 | Train Loss: 1.1976 | Val Loss: 1.1192 | Acc (clean): 0.8548 | Acc (poison): 0.7339 | Val Acc: 0.7296 | Time: 00:00:12
Epoch 045 | Seed 2001 | Rate 0.20 | Train Loss: 1.1580 | Val Loss: 1.1864 | Acc (clean): 0.8512 | Acc (poison): 0.7380 | Val Acc: 0.7137 | Time: 00:00:13
Epoch 046 | Seed 2001 | Rate 0.20 | Train Loss: 1.1673 | Val Loss: 1.1240 | Acc (clean): 0.8488 | Acc (poison): 0.7363 | Val Acc: 0.7304 | Time: 00:00:12
Epoch 047 | Seed 2001 | Rate 0.20 | Train Loss: 1.1428 | Val Loss: 1.0233 | Acc (clean): 0.8497 | Acc (poison): 0.7382 | Val Acc: 0.7522 | Time: 00:00:12
Epoch 048 | Seed 2001 | Rate 0.20 | Train Loss: 1.1298 | Val Loss: 1.2426 | Acc (clean): 0.8487 | Acc (poison): 0.7406 | Val Acc: 0.6804 | Time: 00:00:12
Epoch 049 | Seed 2001 | Rate 0.20 | Train Loss: 1.1136 | Val Loss: 1.2788 | Acc (clean): 0.8464 | Acc (poison): 0.7423 | Val Acc: 0.6941 | Time: 00:00:12
Epoch 050 | Seed 2001 | Rate 0.20 | Train Loss: 1.0970 | Val Loss: 1.1363 | Acc (clean): 0.8424 | Acc (poison): 0.7426 | Val Acc: 0.7281 | Time: 00:00:12
Epoch 051 | Seed 2001 | Rate 0.20 | Train Loss: 0.7163 | Val Loss: 0.6581 | Acc (clean): 0.8923 | Acc (poison): 0.8297 | Val Acc: 0.8522 | Time: 00:00:13
Epoch 052 | Seed 2001 | Rate 0.20 | Train Loss: 0.5363 | Val Loss: 0.6565 | Acc (clean): 0.8855 | Acc (poison): 0.8715 | Val Acc: 0.8485 | Time: 00:00:13
Epoch 053 | Seed 2001 | Rate 0.20 | Train Loss: 0.4542 | Val Loss: 0.6681 | Acc (clean): 0.8743 | Acc (poison): 0.8916 | Val Acc: 0.8441 | Time: 00:00:12
Epoch 054 | Seed 2001 | Rate 0.20 | Train Loss: 0.3928 | Val Loss: 0.6708 | Acc (clean): 0.8640 | Acc (poison): 0.9068 | Val Acc: 0.8404 | Time: 00:00:12
Epoch 055 | Seed 2001 | Rate 0.20 | Train Loss: 0.3462 | Val Loss: 0.6760 | Acc (clean): 0.8576 | Acc (poison): 0.9168 | Val Acc: 0.8437 | Time: 00:00:12
Epoch 056 | Seed 2001 | Rate 0.20 | Train Loss: 0.3045 | Val Loss: 0.6976 | Acc (clean): 0.8486 | Acc (poison): 0.9293 | Val Acc: 0.8315 | Time: 00:00:12
Epoch 057 | Seed 2001 | Rate 0.20 | Train Loss: 0.2729 | Val Loss: 0.6988 | Acc (clean): 0.8423 | Acc (poison): 0.9363 | Val Acc: 0.8337 | Time: 00:00:12
Epoch 058 | Seed 2001 | Rate 0.20 | Train Loss: 0.2366 | Val Loss: 0.7013 | Acc (clean): 0.8366 | Acc (poison): 0.9476 | Val Acc: 0.8274 | Time: 00:00:12
Epoch 059 | Seed 2001 | Rate 0.20 | Train Loss: 0.2098 | Val Loss: 0.7161 | Acc (clean): 0.8314 | Acc (poison): 0.9546 | Val Acc: 0.8293 | Time: 00:00:12
Epoch 060 | Seed 2001 | Rate 0.20 | Train Loss: 0.1854 | Val Loss: 0.7176 | Acc (clean): 0.8266 | Acc (poison): 0.9598 | Val Acc: 0.8230 | Time: 00:00:13
Epoch 061 | Seed 2001 | Rate 0.20 | Train Loss: 0.1653 | Val Loss: 0.7054 | Acc (clean): 0.8222 | Acc (poison): 0.9650 | Val Acc: 0.8252 | Time: 00:00:12
Epoch 062 | Seed 2001 | Rate 0.20 | Train Loss: 0.1489 | Val Loss: 0.7293 | Acc (clean): 0.8203 | Acc (poison): 0.9692 | Val Acc: 0.8215 | Time: 00:00:12
Epoch 063 | Seed 2001 | Rate 0.20 | Train Loss: 0.1360 | Val Loss: 0.7141 | Acc (clean): 0.8173 | Acc (poison): 0.9714 | Val Acc: 0.8200 | Time: 00:00:12
Epoch 064 | Seed 2001 | Rate 0.20 | Train Loss: 0.1225 | Val Loss: 0.7122 | Acc (clean): 0.8162 | Acc (poison): 0.9747 | Val Acc: 0.8219 | Time: 00:00:12
Epoch 065 | Seed 2001 | Rate 0.20 | Train Loss: 0.1098 | Val Loss: 0.6902 | Acc (clean): 0.8128 | Acc (poison): 0.9776 | Val Acc: 0.8289 | Time: 00:00:13
Epoch 066 | Seed 2001 | Rate 0.20 | Train Loss: 0.0980 | Val Loss: 0.6839 | Acc (clean): 0.8107 | Acc (poison): 0.9815 | Val Acc: 0.8233 | Time: 00:00:12
Epoch 067 | Seed 2001 | Rate 0.20 | Train Loss: 0.0905 | Val Loss: 0.7259 | Acc (clean): 0.8111 | Acc (poison): 0.9826 | Val Acc: 0.8196 | Time: 00:00:12
Epoch 068 | Seed 2001 | Rate 0.20 | Train Loss: 0.0812 | Val Loss: 0.7170 | Acc (clean): 0.8088 | Acc (poison): 0.9846 | Val Acc: 0.8181 | Time: 00:00:12
Epoch 069 | Seed 2001 | Rate 0.20 | Train Loss: 0.0773 | Val Loss: 0.6947 | Acc (clean): 0.8088 | Acc (poison): 0.9851 | Val Acc: 0.8185 | Time: 00:00:12
Epoch 070 | Seed 2001 | Rate 0.20 | Train Loss: 0.0727 | Val Loss: 0.6841 | Acc (clean): 0.8077 | Acc (poison): 0.9861 | Val Acc: 0.8311 | Time: 00:00:12
Epoch 071 | Seed 2001 | Rate 0.20 | Train Loss: 0.0679 | Val Loss: 0.6893 | Acc (clean): 0.8059 | Acc (poison): 0.9867 | Val Acc: 0.8270 | Time: 00:00:12
Epoch 072 | Seed 2001 | Rate 0.20 | Train Loss: 0.0613 | Val Loss: 0.6904 | Acc (clean): 0.8054 | Acc (poison): 0.9886 | Val Acc: 0.8207 | Time: 00:00:12
Epoch 073 | Seed 2001 | Rate 0.20 | Train Loss: 0.0592 | Val Loss: 0.7074 | Acc (clean): 0.8059 | Acc (poison): 0.9886 | Val Acc: 0.8219 | Time: 00:00:12
Epoch 074 | Seed 2001 | Rate 0.20 | Train Loss: 0.0569 | Val Loss: 0.6941 | Acc (clean): 0.8052 | Acc (poison): 0.9896 | Val Acc: 0.8256 | Time: 00:00:12
Epoch 075 | Seed 2001 | Rate 0.20 | Train Loss: 0.0575 | Val Loss: 0.7065 | Acc (clean): 0.8054 | Acc (poison): 0.9889 | Val Acc: 0.8230 | Time: 00:00:13
Epoch 076 | Seed 2001 | Rate 0.20 | Train Loss: 0.0391 | Val Loss: 0.6635 | Acc (clean): 0.8024 | Acc (poison): 0.9940 | Val Acc: 0.8326 | Time: 00:00:12
Epoch 077 | Seed 2001 | Rate 0.20 | Train Loss: 0.0334 | Val Loss: 0.6553 | Acc (clean): 0.8025 | Acc (poison): 0.9951 | Val Acc: 0.8285 | Time: 00:00:13
Epoch 078 | Seed 2001 | Rate 0.20 | Train Loss: 0.0324 | Val Loss: 0.6523 | Acc (clean): 0.8025 | Acc (poison): 0.9955 | Val Acc: 0.8341 | Time: 00:00:13
Epoch 079 | Seed 2001 | Rate 0.20 | Train Loss: 0.0294 | Val Loss: 0.6461 | Acc (clean): 0.8021 | Acc (poison): 0.9965 | Val Acc: 0.8356 | Time: 00:00:13
Epoch 080 | Seed 2001 | Rate 0.20 | Train Loss: 0.0289 | Val Loss: 0.6468 | Acc (clean): 0.8020 | Acc (poison): 0.9965 | Val Acc: 0.8378 | Time: 00:00:13
Epoch 081 | Seed 2001 | Rate 0.20 | Train Loss: 0.0287 | Val Loss: 0.6525 | Acc (clean): 0.8019 | Acc (poison): 0.9969 | Val Acc: 0.8356 | Time: 00:00:13
Epoch 082 | Seed 2001 | Rate 0.20 | Train Loss: 0.0276 | Val Loss: 0.6418 | Acc (clean): 0.8014 | Acc (poison): 0.9970 | Val Acc: 0.8367 | Time: 00:00:13
Epoch 083 | Seed 2001 | Rate 0.20 | Train Loss: 0.0262 | Val Loss: 0.6403 | Acc (clean): 0.8015 | Acc (poison): 0.9973 | Val Acc: 0.8389 | Time: 00:00:12
Epoch 084 | Seed 2001 | Rate 0.20 | Train Loss: 0.0255 | Val Loss: 0.6307 | Acc (clean): 0.8014 | Acc (poison): 0.9974 | Val Acc: 0.8378 | Time: 00:00:13
Epoch 085 | Seed 2001 | Rate 0.20 | Train Loss: 0.0256 | Val Loss: 0.6460 | Acc (clean): 0.8017 | Acc (poison): 0.9970 | Val Acc: 0.8348 | Time: 00:00:12
Epoch 086 | Seed 2001 | Rate 0.20 | Train Loss: 0.0250 | Val Loss: 0.6407 | Acc (clean): 0.8018 | Acc (poison): 0.9970 | Val Acc: 0.8378 | Time: 00:00:12
Epoch 087 | Seed 2001 | Rate 0.20 | Train Loss: 0.0249 | Val Loss: 0.6367 | Acc (clean): 0.8013 | Acc (poison): 0.9976 | Val Acc: 0.8378 | Time: 00:00:12
Epoch 088 | Seed 2001 | Rate 0.20 | Train Loss: 0.0251 | Val Loss: 0.6356 | Acc (clean): 0.8012 | Acc (poison): 0.9974 | Val Acc: 0.8337 | Time: 00:00:12
Epoch 089 | Seed 2001 | Rate 0.20 | Train Loss: 0.0241 | Val Loss: 0.6430 | Acc (clean): 0.8012 | Acc (poison): 0.9977 | Val Acc: 0.8322 | Time: 00:00:11
Epoch 090 | Seed 2001 | Rate 0.20 | Train Loss: 0.0256 | Val Loss: 0.6361 | Acc (clean): 0.8012 | Acc (poison): 0.9972 | Val Acc: 0.8367 | Time: 00:00:12
Epoch 091 | Seed 2001 | Rate 0.20 | Train Loss: 0.0241 | Val Loss: 0.6327 | Acc (clean): 0.8012 | Acc (poison): 0.9977 | Val Acc: 0.8411 | Time: 00:00:12
Epoch 092 | Seed 2001 | Rate 0.20 | Train Loss: 0.0239 | Val Loss: 0.6364 | Acc (clean): 0.8011 | Acc (poison): 0.9979 | Val Acc: 0.8393 | Time: 00:00:12
Epoch 093 | Seed 2001 | Rate 0.20 | Train Loss: 0.0235 | Val Loss: 0.6353 | Acc (clean): 0.8009 | Acc (poison): 0.9981 | Val Acc: 0.8378 | Time: 00:00:12
Epoch 094 | Seed 2001 | Rate 0.20 | Train Loss: 0.0233 | Val Loss: 0.6359 | Acc (clean): 0.8013 | Acc (poison): 0.9977 | Val Acc: 0.8359 | Time: 00:00:12
Epoch 095 | Seed 2001 | Rate 0.20 | Train Loss: 0.0231 | Val Loss: 0.6327 | Acc (clean): 0.8014 | Acc (poison): 0.9979 | Val Acc: 0.8367 | Time: 00:00:12
Epoch 096 | Seed 2001 | Rate 0.20 | Train Loss: 0.0228 | Val Loss: 0.6402 | Acc (clean): 0.8006 | Acc (poison): 0.9979 | Val Acc: 0.8363 | Time: 00:00:12
Epoch 097 | Seed 2001 | Rate 0.20 | Train Loss: 0.0231 | Val Loss: 0.6293 | Acc (clean): 0.8010 | Acc (poison): 0.9981 | Val Acc: 0.8370 | Time: 00:00:12
Epoch 098 | Seed 2001 | Rate 0.20 | Train Loss: 0.0222 | Val Loss: 0.6378 | Acc (clean): 0.8012 | Acc (poison): 0.9979 | Val Acc: 0.8367 | Time: 00:00:12
Epoch 099 | Seed 2001 | Rate 0.20 | Train Loss: 0.0221 | Val Loss: 0.6379 | Acc (clean): 0.8008 | Acc (poison): 0.9982 | Val Acc: 0.8381 | Time: 00:00:12
Epoch 100 | Seed 2001 | Rate 0.20 | Train Loss: 0.0210 | Val Loss: 0.6295 | Acc (clean): 0.8007 | Acc (poison): 0.9984 | Val Acc: 0.8385 | Time: 00:00:12

=== defense=none attack=RQ2 seed=2001 rate=0.01 ===
Loading train data from /home/yazanme/BachelorThesis/BachelorThesis/data/processed/resisc45/train.h5 with mapping /home/yazanme/BachelorThesis/BachelorThesis/data/processed/resisc45/poisoned/RQ2/seed_2001/labels_0.01.pt... (in_memory=True, workers=4)
Testing torch.compile support...
Successfully compiled model using torch.compile.
Epoch 001 | Seed 2001 | Rate 0.01 | Train Loss: 2.8277 | Val Loss: 2.3384 | Acc (clean): 0.2493 | Acc (poison): 0.2481 | Val Acc: 0.3167 | Time: 00:00:13
Epoch 002 | Seed 2001 | Rate 0.01 | Train Loss: 1.9497 | Val Loss: 2.1720 | Acc (clean): 0.4357 | Acc (poison): 0.4326 | Val Acc: 0.3856 | Time: 00:00:12
Epoch 003 | Seed 2001 | Rate 0.01 | Train Loss: 1.5882 | Val Loss: 1.5898 | Acc (clean): 0.5348 | Acc (poison): 0.5307 | Val Acc: 0.5211 | Time: 00:00:12
Epoch 004 | Seed 2001 | Rate 0.01 | Train Loss: 1.3646 | Val Loss: 1.8486 | Acc (clean): 0.5969 | Acc (poison): 0.5919 | Val Acc: 0.4804 | Time: 00:00:12
Epoch 005 | Seed 2001 | Rate 0.01 | Train Loss: 1.1891 | Val Loss: 2.2753 | Acc (clean): 0.6440 | Acc (poison): 0.6391 | Val Acc: 0.4293 | Time: 00:00:11
Epoch 006 | Seed 2001 | Rate 0.01 | Train Loss: 1.0366 | Val Loss: 1.2287 | Acc (clean): 0.6912 | Acc (poison): 0.6851 | Val Acc: 0.6274 | Time: 00:00:12
Epoch 007 | Seed 2001 | Rate 0.01 | Train Loss: 0.9120 | Val Loss: 1.2454 | Acc (clean): 0.7263 | Acc (poison): 0.7203 | Val Acc: 0.6315 | Time: 00:00:12
Epoch 008 | Seed 2001 | Rate 0.01 | Train Loss: 0.8211 | Val Loss: 1.0834 | Acc (clean): 0.7520 | Acc (poison): 0.7458 | Val Acc: 0.6770 | Time: 00:00:12
Epoch 009 | Seed 2001 | Rate 0.01 | Train Loss: 0.7268 | Val Loss: 1.0178 | Acc (clean): 0.7821 | Acc (poison): 0.7751 | Val Acc: 0.7026 | Time: 00:00:12
Epoch 010 | Seed 2001 | Rate 0.01 | Train Loss: 0.6548 | Val Loss: 0.7904 | Acc (clean): 0.8040 | Acc (poison): 0.7970 | Val Acc: 0.7648 | Time: 00:00:12
Epoch 011 | Seed 2001 | Rate 0.01 | Train Loss: 0.5990 | Val Loss: 0.7092 | Acc (clean): 0.8211 | Acc (poison): 0.8139 | Val Acc: 0.7815 | Time: 00:00:14
Epoch 012 | Seed 2001 | Rate 0.01 | Train Loss: 0.5542 | Val Loss: 0.9407 | Acc (clean): 0.8329 | Acc (poison): 0.8258 | Val Acc: 0.7167 | Time: 00:00:12
Epoch 013 | Seed 2001 | Rate 0.01 | Train Loss: 0.5296 | Val Loss: 0.7172 | Acc (clean): 0.8430 | Acc (poison): 0.8357 | Val Acc: 0.7796 | Time: 00:00:12
Epoch 014 | Seed 2001 | Rate 0.01 | Train Loss: 0.4971 | Val Loss: 0.6809 | Acc (clean): 0.8541 | Acc (poison): 0.8467 | Val Acc: 0.7870 | Time: 00:00:14
Epoch 015 | Seed 2001 | Rate 0.01 | Train Loss: 0.4780 | Val Loss: 0.7643 | Acc (clean): 0.8616 | Acc (poison): 0.8540 | Val Acc: 0.7681 | Time: 00:00:12
Epoch 016 | Seed 2001 | Rate 0.01 | Train Loss: 0.4534 | Val Loss: 0.9614 | Acc (clean): 0.8670 | Acc (poison): 0.8601 | Val Acc: 0.7119 | Time: 00:00:12
Epoch 017 | Seed 2001 | Rate 0.01 | Train Loss: 0.4430 | Val Loss: 0.7743 | Acc (clean): 0.8713 | Acc (poison): 0.8633 | Val Acc: 0.7707 | Time: 00:00:12
Epoch 018 | Seed 2001 | Rate 0.01 | Train Loss: 0.4224 | Val Loss: 0.9962 | Acc (clean): 0.8740 | Acc (poison): 0.8667 | Val Acc: 0.7096 | Time: 00:00:12
Epoch 019 | Seed 2001 | Rate 0.01 | Train Loss: 0.4099 | Val Loss: 0.7146 | Acc (clean): 0.8809 | Acc (poison): 0.8738 | Val Acc: 0.7893 | Time: 00:00:12
Epoch 020 | Seed 2001 | Rate 0.01 | Train Loss: 0.4016 | Val Loss: 0.8527 | Acc (clean): 0.8821 | Acc (poison): 0.8751 | Val Acc: 0.7463 | Time: 00:00:12
Epoch 021 | Seed 2001 | Rate 0.01 | Train Loss: 0.3866 | Val Loss: 0.6703 | Acc (clean): 0.8861 | Acc (poison): 0.8788 | Val Acc: 0.7919 | Time: 00:00:13
Epoch 022 | Seed 2001 | Rate 0.01 | Train Loss: 0.3845 | Val Loss: 0.7070 | Acc (clean): 0.8877 | Acc (poison): 0.8809 | Val Acc: 0.7896 | Time: 00:00:12
Epoch 023 | Seed 2001 | Rate 0.01 | Train Loss: 0.3808 | Val Loss: 0.7606 | Acc (clean): 0.8904 | Acc (poison): 0.8837 | Val Acc: 0.7804 | Time: 00:00:12
Epoch 024 | Seed 2001 | Rate 0.01 | Train Loss: 0.3512 | Val Loss: 0.8127 | Acc (clean): 0.9011 | Acc (poison): 0.8940 | Val Acc: 0.7604 | Time: 00:00:12
Epoch 025 | Seed 2001 | Rate 0.01 | Train Loss: 0.3521 | Val Loss: 0.6781 | Acc (clean): 0.8964 | Acc (poison): 0.8898 | Val Acc: 0.7981 | Time: 00:00:12
Epoch 026 | Seed 2001 | Rate 0.01 | Train Loss: 0.3572 | Val Loss: 0.7966 | Acc (clean): 0.8958 | Acc (poison): 0.8896 | Val Acc: 0.7626 | Time: 00:00:12
Epoch 027 | Seed 2001 | Rate 0.01 | Train Loss: 0.3497 | Val Loss: 0.6511 | Acc (clean): 0.9001 | Acc (poison): 0.8927 | Val Acc: 0.8133 | Time: 00:00:13
Epoch 028 | Seed 2001 | Rate 0.01 | Train Loss: 0.3354 | Val Loss: 0.8935 | Acc (clean): 0.9024 | Acc (poison): 0.8963 | Val Acc: 0.7522 | Time: 00:00:13
Epoch 029 | Seed 2001 | Rate 0.01 | Train Loss: 0.3324 | Val Loss: 0.6551 | Acc (clean): 0.9049 | Acc (poison): 0.8981 | Val Acc: 0.8041 | Time: 00:00:12
Epoch 030 | Seed 2001 | Rate 0.01 | Train Loss: 0.3284 | Val Loss: 0.7234 | Acc (clean): 0.9047 | Acc (poison): 0.8982 | Val Acc: 0.7959 | Time: 00:00:12
Epoch 031 | Seed 2001 | Rate 0.01 | Train Loss: 0.3243 | Val Loss: 0.7075 | Acc (clean): 0.9053 | Acc (poison): 0.8987 | Val Acc: 0.7819 | Time: 00:00:12
Epoch 032 | Seed 2001 | Rate 0.01 | Train Loss: 0.3132 | Val Loss: 0.9356 | Acc (clean): 0.9094 | Acc (poison): 0.9033 | Val Acc: 0.7319 | Time: 00:00:12
Epoch 033 | Seed 2001 | Rate 0.01 | Train Loss: 0.3147 | Val Loss: 0.7112 | Acc (clean): 0.9113 | Acc (poison): 0.9048 | Val Acc: 0.7904 | Time: 00:00:12
Epoch 034 | Seed 2001 | Rate 0.01 | Train Loss: 0.3148 | Val Loss: 1.1004 | Acc (clean): 0.9101 | Acc (poison): 0.9040 | Val Acc: 0.7056 | Time: 00:00:13
Epoch 035 | Seed 2001 | Rate 0.01 | Train Loss: 0.3079 | Val Loss: 0.5851 | Acc (clean): 0.9102 | Acc (poison): 0.9033 | Val Acc: 0.8252 | Time: 00:00:13
Epoch 036 | Seed 2001 | Rate 0.01 | Train Loss: 0.3034 | Val Loss: 0.6099 | Acc (clean): 0.9108 | Acc (poison): 0.9053 | Val Acc: 0.8196 | Time: 00:00:12
Epoch 037 | Seed 2001 | Rate 0.01 | Train Loss: 0.2996 | Val Loss: 0.7467 | Acc (clean): 0.9144 | Acc (poison): 0.9085 | Val Acc: 0.7930 | Time: 00:00:12
Epoch 038 | Seed 2001 | Rate 0.01 | Train Loss: 0.3011 | Val Loss: 0.5585 | Acc (clean): 0.9122 | Acc (poison): 0.9063 | Val Acc: 0.8370 | Time: 00:00:13
Epoch 039 | Seed 2001 | Rate 0.01 | Train Loss: 0.2974 | Val Loss: 0.6649 | Acc (clean): 0.9146 | Acc (poison): 0.9084 | Val Acc: 0.8133 | Time: 00:00:12
Epoch 040 | Seed 2001 | Rate 0.01 | Train Loss: 0.3027 | Val Loss: 0.6815 | Acc (clean): 0.9117 | Acc (poison): 0.9060 | Val Acc: 0.8093 | Time: 00:00:12
Epoch 041 | Seed 2001 | Rate 0.01 | Train Loss: 0.2912 | Val Loss: 0.6312 | Acc (clean): 0.9151 | Acc (poison): 0.9096 | Val Acc: 0.8193 | Time: 00:00:12
Epoch 042 | Seed 2001 | Rate 0.01 | Train Loss: 0.2764 | Val Loss: 0.7416 | Acc (clean): 0.9199 | Acc (poison): 0.9141 | Val Acc: 0.7837 | Time: 00:00:12
Epoch 043 | Seed 2001 | Rate 0.01 | Train Loss: 0.2812 | Val Loss: 0.7981 | Acc (clean): 0.9173 | Acc (poison): 0.9116 | Val Acc: 0.7737 | Time: 00:00:12
Epoch 044 | Seed 2001 | Rate 0.01 | Train Loss: 0.2861 | Val Loss: 0.5999 | Acc (clean): 0.9153 | Acc (poison): 0.9103 | Val Acc: 0.8193 | Time: 00:00:12
Epoch 045 | Seed 2001 | Rate 0.01 | Train Loss: 0.2799 | Val Loss: 0.6620 | Acc (clean): 0.9196 | Acc (poison): 0.9143 | Val Acc: 0.7985 | Time: 00:00:12
Epoch 046 | Seed 2001 | Rate 0.01 | Train Loss: 0.2858 | Val Loss: 0.5625 | Acc (clean): 0.9173 | Acc (poison): 0.9118 | Val Acc: 0.8337 | Time: 00:00:12
Epoch 047 | Seed 2001 | Rate 0.01 | Train Loss: 0.2678 | Val Loss: 0.8495 | Acc (clean): 0.9237 | Acc (poison): 0.9181 | Val Acc: 0.7693 | Time: 00:00:12
Epoch 048 | Seed 2001 | Rate 0.01 | Train Loss: 0.2805 | Val Loss: 0.9707 | Acc (clean): 0.9190 | Acc (poison): 0.9137 | Val Acc: 0.7259 | Time: 00:00:12
Epoch 049 | Seed 2001 | Rate 0.01 | Train Loss: 0.2713 | Val Loss: 0.7443 | Acc (clean): 0.9208 | Acc (poison): 0.9156 | Val Acc: 0.7778 | Time: 00:00:12
Epoch 050 | Seed 2001 | Rate 0.01 | Train Loss: 0.2779 | Val Loss: 0.6113 | Acc (clean): 0.9190 | Acc (poison): 0.9137 | Val Acc: 0.8215 | Time: 00:00:12
Epoch 051 | Seed 2001 | Rate 0.01 | Train Loss: 0.1259 | Val Loss: 0.2753 | Acc (clean): 0.9698 | Acc (poison): 0.9658 | Val Acc: 0.9111 | Time: 00:00:13
Epoch 052 | Seed 2001 | Rate 0.01 | Train Loss: 0.0747 | Val Loss: 0.2701 | Acc (clean): 0.9831 | Acc (poison): 0.9812 | Val Acc: 0.9167 | Time: 00:00:13
Epoch 053 | Seed 2001 | Rate 0.01 | Train Loss: 0.0608 | Val Loss: 0.2642 | Acc (clean): 0.9870 | Acc (poison): 0.9862 | Val Acc: 0.9156 | Time: 00:00:12
Epoch 054 | Seed 2001 | Rate 0.01 | Train Loss: 0.0547 | Val Loss: 0.2554 | Acc (clean): 0.9875 | Acc (poison): 0.9877 | Val Acc: 0.9185 | Time: 00:00:13
Epoch 055 | Seed 2001 | Rate 0.01 | Train Loss: 0.0483 | Val Loss: 0.2472 | Acc (clean): 0.9883 | Acc (poison): 0.9898 | Val Acc: 0.9248 | Time: 00:00:13
Epoch 056 | Seed 2001 | Rate 0.01 | Train Loss: 0.0440 | Val Loss: 0.2546 | Acc (clean): 0.9884 | Acc (poison): 0.9914 | Val Acc: 0.9215 | Time: 00:00:12
Epoch 057 | Seed 2001 | Rate 0.01 | Train Loss: 0.0380 | Val Loss: 0.2486 | Acc (clean): 0.9888 | Acc (poison): 0.9926 | Val Acc: 0.9252 | Time: 00:00:12
Epoch 058 | Seed 2001 | Rate 0.01 | Train Loss: 0.0363 | Val Loss: 0.2511 | Acc (clean): 0.9883 | Acc (poison): 0.9926 | Val Acc: 0.9222 | Time: 00:00:12
Epoch 059 | Seed 2001 | Rate 0.01 | Train Loss: 0.0332 | Val Loss: 0.2531 | Acc (clean): 0.9893 | Acc (poison): 0.9943 | Val Acc: 0.9248 | Time: 00:00:12
Epoch 060 | Seed 2001 | Rate 0.01 | Train Loss: 0.0293 | Val Loss: 0.2524 | Acc (clean): 0.9900 | Acc (poison): 0.9959 | Val Acc: 0.9226 | Time: 00:00:12
Epoch 061 | Seed 2001 | Rate 0.01 | Train Loss: 0.0297 | Val Loss: 0.2407 | Acc (clean): 0.9891 | Acc (poison): 0.9947 | Val Acc: 0.9270 | Time: 00:00:13
Epoch 062 | Seed 2001 | Rate 0.01 | Train Loss: 0.0264 | Val Loss: 0.2437 | Acc (clean): 0.9895 | Acc (poison): 0.9960 | Val Acc: 0.9241 | Time: 00:00:12
Epoch 063 | Seed 2001 | Rate 0.01 | Train Loss: 0.0244 | Val Loss: 0.2493 | Acc (clean): 0.9898 | Acc (poison): 0.9967 | Val Acc: 0.9256 | Time: 00:00:12
Epoch 064 | Seed 2001 | Rate 0.01 | Train Loss: 0.0230 | Val Loss: 0.2454 | Acc (clean): 0.9896 | Acc (poison): 0.9969 | Val Acc: 0.9285 | Time: 00:00:12
Epoch 065 | Seed 2001 | Rate 0.01 | Train Loss: 0.0228 | Val Loss: 0.2437 | Acc (clean): 0.9891 | Acc (poison): 0.9966 | Val Acc: 0.9285 | Time: 00:00:12
Epoch 066 | Seed 2001 | Rate 0.01 | Train Loss: 0.0214 | Val Loss: 0.2374 | Acc (clean): 0.9897 | Acc (poison): 0.9969 | Val Acc: 0.9285 | Time: 00:00:12
Epoch 067 | Seed 2001 | Rate 0.01 | Train Loss: 0.0212 | Val Loss: 0.2489 | Acc (clean): 0.9898 | Acc (poison): 0.9971 | Val Acc: 0.9252 | Time: 00:00:12
Epoch 068 | Seed 2001 | Rate 0.01 | Train Loss: 0.0203 | Val Loss: 0.2510 | Acc (clean): 0.9892 | Acc (poison): 0.9976 | Val Acc: 0.9237 | Time: 00:00:12
Epoch 069 | Seed 2001 | Rate 0.01 | Train Loss: 0.0178 | Val Loss: 0.2490 | Acc (clean): 0.9895 | Acc (poison): 0.9981 | Val Acc: 0.9226 | Time: 00:00:12
Epoch 070 | Seed 2001 | Rate 0.01 | Train Loss: 0.0173 | Val Loss: 0.2458 | Acc (clean): 0.9895 | Acc (poison): 0.9984 | Val Acc: 0.9241 | Time: 00:00:12
Epoch 071 | Seed 2001 | Rate 0.01 | Train Loss: 0.0173 | Val Loss: 0.2411 | Acc (clean): 0.9893 | Acc (poison): 0.9981 | Val Acc: 0.9267 | Time: 00:00:12
Epoch 072 | Seed 2001 | Rate 0.01 | Train Loss: 0.0171 | Val Loss: 0.2411 | Acc (clean): 0.9888 | Acc (poison): 0.9978 | Val Acc: 0.9259 | Time: 00:00:12
Epoch 073 | Seed 2001 | Rate 0.01 | Train Loss: 0.0154 | Val Loss: 0.2514 | Acc (clean): 0.9896 | Acc (poison): 0.9990 | Val Acc: 0.9263 | Time: 00:00:12
Epoch 074 | Seed 2001 | Rate 0.01 | Train Loss: 0.0158 | Val Loss: 0.2446 | Acc (clean): 0.9895 | Acc (poison): 0.9985 | Val Acc: 0.9233 | Time: 00:00:12
Epoch 075 | Seed 2001 | Rate 0.01 | Train Loss: 0.0152 | Val Loss: 0.2465 | Acc (clean): 0.9893 | Acc (poison): 0.9988 | Val Acc: 0.9274 | Time: 00:00:12
Epoch 076 | Seed 2001 | Rate 0.01 | Train Loss: 0.0139 | Val Loss: 0.2408 | Acc (clean): 0.9895 | Acc (poison): 0.9991 | Val Acc: 0.9281 | Time: 00:00:12
Epoch 077 | Seed 2001 | Rate 0.01 | Train Loss: 0.0126 | Val Loss: 0.2399 | Acc (clean): 0.9898 | Acc (poison): 0.9991 | Val Acc: 0.9263 | Time: 00:00:12
Epoch 078 | Seed 2001 | Rate 0.01 | Train Loss: 0.0126 | Val Loss: 0.2411 | Acc (clean): 0.9902 | Acc (poison): 0.9992 | Val Acc: 0.9270 | Time: 00:00:12
Epoch 079 | Seed 2001 | Rate 0.01 | Train Loss: 0.0126 | Val Loss: 0.2431 | Acc (clean): 0.9898 | Acc (poison): 0.9994 | Val Acc: 0.9259 | Time: 00:00:12
Epoch 080 | Seed 2001 | Rate 0.01 | Train Loss: 0.0126 | Val Loss: 0.2380 | Acc (clean): 0.9900 | Acc (poison): 0.9992 | Val Acc: 0.9270 | Time: 00:00:12
Epoch 081 | Seed 2001 | Rate 0.01 | Train Loss: 0.0117 | Val Loss: 0.2428 | Acc (clean): 0.9902 | Acc (poison): 0.9994 | Val Acc: 0.9263 | Time: 00:00:12
Epoch 082 | Seed 2001 | Rate 0.01 | Train Loss: 0.0120 | Val Loss: 0.2412 | Acc (clean): 0.9898 | Acc (poison): 0.9994 | Val Acc: 0.9248 | Time: 00:00:12
Epoch 083 | Seed 2001 | Rate 0.01 | Train Loss: 0.0124 | Val Loss: 0.2413 | Acc (clean): 0.9897 | Acc (poison): 0.9991 | Val Acc: 0.9248 | Time: 00:00:12
Epoch 084 | Seed 2001 | Rate 0.01 | Train Loss: 0.0123 | Val Loss: 0.2375 | Acc (clean): 0.9896 | Acc (poison): 0.9991 | Val Acc: 0.9281 | Time: 00:00:12
Epoch 085 | Seed 2001 | Rate 0.01 | Train Loss: 0.0116 | Val Loss: 0.2434 | Acc (clean): 0.9898 | Acc (poison): 0.9995 | Val Acc: 0.9244 | Time: 00:00:12
Epoch 086 | Seed 2001 | Rate 0.01 | Train Loss: 0.0123 | Val Loss: 0.2404 | Acc (clean): 0.9899 | Acc (poison): 0.9992 | Val Acc: 0.9281 | Time: 00:00:12
Epoch 087 | Seed 2001 | Rate 0.01 | Train Loss: 0.0124 | Val Loss: 0.2395 | Acc (clean): 0.9897 | Acc (poison): 0.9990 | Val Acc: 0.9296 | Time: 00:00:12
Epoch 088 | Seed 2001 | Rate 0.01 | Train Loss: 0.0116 | Val Loss: 0.2399 | Acc (clean): 0.9897 | Acc (poison): 0.9993 | Val Acc: 0.9285 | Time: 00:00:12
Epoch 089 | Seed 2001 | Rate 0.01 | Train Loss: 0.0116 | Val Loss: 0.2436 | Acc (clean): 0.9900 | Acc (poison): 0.9995 | Val Acc: 0.9256 | Time: 00:00:12
Epoch 090 | Seed 2001 | Rate 0.01 | Train Loss: 0.0116 | Val Loss: 0.2404 | Acc (clean): 0.9899 | Acc (poison): 0.9994 | Val Acc: 0.9285 | Time: 00:00:12
Epoch 091 | Seed 2001 | Rate 0.01 | Train Loss: 0.0109 | Val Loss: 0.2391 | Acc (clean): 0.9900 | Acc (poison): 0.9994 | Val Acc: 0.9274 | Time: 00:00:12
Epoch 092 | Seed 2001 | Rate 0.01 | Train Loss: 0.0121 | Val Loss: 0.2402 | Acc (clean): 0.9895 | Acc (poison): 0.9993 | Val Acc: 0.9281 | Time: 00:00:11
Epoch 093 | Seed 2001 | Rate 0.01 | Train Loss: 0.0114 | Val Loss: 0.2405 | Acc (clean): 0.9900 | Acc (poison): 0.9993 | Val Acc: 0.9270 | Time: 00:00:12
Epoch 094 | Seed 2001 | Rate 0.01 | Train Loss: 0.0111 | Val Loss: 0.2425 | Acc (clean): 0.9899 | Acc (poison): 0.9995 | Val Acc: 0.9252 | Time: 00:00:12
Epoch 095 | Seed 2001 | Rate 0.01 | Train Loss: 0.0110 | Val Loss: 0.2379 | Acc (clean): 0.9898 | Acc (poison): 0.9992 | Val Acc: 0.9285 | Time: 00:00:12
Epoch 096 | Seed 2001 | Rate 0.01 | Train Loss: 0.0114 | Val Loss: 0.2437 | Acc (clean): 0.9898 | Acc (poison): 0.9994 | Val Acc: 0.9270 | Time: 00:00:12
Epoch 097 | Seed 2001 | Rate 0.01 | Train Loss: 0.0109 | Val Loss: 0.2357 | Acc (clean): 0.9899 | Acc (poison): 0.9995 | Val Acc: 0.9296 | Time: 00:00:12
Epoch 098 | Seed 2001 | Rate 0.01 | Train Loss: 0.0114 | Val Loss: 0.2396 | Acc (clean): 0.9900 | Acc (poison): 0.9993 | Val Acc: 0.9267 | Time: 00:00:12
Epoch 099 | Seed 2001 | Rate 0.01 | Train Loss: 0.0120 | Val Loss: 0.2401 | Acc (clean): 0.9898 | Acc (poison): 0.9994 | Val Acc: 0.9274 | Time: 00:00:12
Epoch 100 | Seed 2001 | Rate 0.01 | Train Loss: 0.0110 | Val Loss: 0.2320 | Acc (clean): 0.9899 | Acc (poison): 0.9995 | Val Acc: 0.9311 | Time: 00:00:13

=== defense=none attack=RQ2 seed=2001 rate=0.02 ===
Loading train data from /home/yazanme/BachelorThesis/BachelorThesis/data/processed/resisc45/train.h5 with mapping /home/yazanme/BachelorThesis/BachelorThesis/data/processed/resisc45/poisoned/RQ2/seed_2001/labels_0.02.pt... (in_memory=True, workers=4)
Testing torch.compile support...
Successfully compiled model using torch.compile.
Epoch 001 | Seed 2001 | Rate 0.02 | Train Loss: 2.8836 | Val Loss: 2.5679 | Acc (clean): 0.2396 | Acc (poison): 0.2384 | Val Acc: 0.2930 | Time: 00:00:13
Epoch 002 | Seed 2001 | Rate 0.02 | Train Loss: 1.9545 | Val Loss: 2.4333 | Acc (clean): 0.4395 | Acc (poison): 0.4342 | Val Acc: 0.3607 | Time: 00:00:13
Epoch 003 | Seed 2001 | Rate 0.02 | Train Loss: 1.5964 | Val Loss: 1.6122 | Acc (clean): 0.5366 | Acc (poison): 0.5295 | Val Acc: 0.5104 | Time: 00:00:13
Epoch 004 | Seed 2001 | Rate 0.02 | Train Loss: 1.3676 | Val Loss: 1.3350 | Acc (clean): 0.6033 | Acc (poison): 0.5943 | Val Acc: 0.5885 | Time: 00:00:13
Epoch 005 | Seed 2001 | Rate 0.02 | Train Loss: 1.2028 | Val Loss: 1.3539 | Acc (clean): 0.6481 | Acc (poison): 0.6390 | Val Acc: 0.5878 | Time: 00:00:12
Epoch 006 | Seed 2001 | Rate 0.02 | Train Loss: 1.0614 | Val Loss: 1.1451 | Acc (clean): 0.6886 | Acc (poison): 0.6786 | Val Acc: 0.6611 | Time: 00:00:12
Epoch 007 | Seed 2001 | Rate 0.02 | Train Loss: 0.9404 | Val Loss: 2.0490 | Acc (clean): 0.7280 | Acc (poison): 0.7175 | Val Acc: 0.5052 | Time: 00:00:12
Epoch 008 | Seed 2001 | Rate 0.02 | Train Loss: 0.8377 | Val Loss: 1.0528 | Acc (clean): 0.7535 | Acc (poison): 0.7426 | Val Acc: 0.6730 | Time: 00:00:12
Epoch 009 | Seed 2001 | Rate 0.02 | Train Loss: 0.7358 | Val Loss: 0.9660 | Acc (clean): 0.7870 | Acc (poison): 0.7740 | Val Acc: 0.7081 | Time: 00:00:12
Epoch 010 | Seed 2001 | Rate 0.02 | Train Loss: 0.6738 | Val Loss: 0.9174 | Acc (clean): 0.8052 | Acc (poison): 0.7934 | Val Acc: 0.7174 | Time: 00:00:12
Epoch 011 | Seed 2001 | Rate 0.02 | Train Loss: 0.6177 | Val Loss: 1.0607 | Acc (clean): 0.8249 | Acc (poison): 0.8118 | Val Acc: 0.6878 | Time: 00:00:12
Epoch 012 | Seed 2001 | Rate 0.02 | Train Loss: 0.5686 | Val Loss: 1.0648 | Acc (clean): 0.8383 | Acc (poison): 0.8245 | Val Acc: 0.6885 | Time: 00:00:12
Epoch 013 | Seed 2001 | Rate 0.02 | Train Loss: 0.5534 | Val Loss: 0.7728 | Acc (clean): 0.8431 | Acc (poison): 0.8293 | Val Acc: 0.7722 | Time: 00:00:13
Epoch 014 | Seed 2001 | Rate 0.02 | Train Loss: 0.5245 | Val Loss: 0.7258 | Acc (clean): 0.8516 | Acc (poison): 0.8391 | Val Acc: 0.7733 | Time: 00:00:13
Epoch 015 | Seed 2001 | Rate 0.02 | Train Loss: 0.5056 | Val Loss: 0.7575 | Acc (clean): 0.8556 | Acc (poison): 0.8426 | Val Acc: 0.7778 | Time: 00:00:12
Epoch 016 | Seed 2001 | Rate 0.02 | Train Loss: 0.4763 | Val Loss: 0.8204 | Acc (clean): 0.8677 | Acc (poison): 0.8551 | Val Acc: 0.7537 | Time: 00:00:12
Epoch 017 | Seed 2001 | Rate 0.02 | Train Loss: 0.4647 | Val Loss: 0.6682 | Acc (clean): 0.8665 | Acc (poison): 0.8531 | Val Acc: 0.7941 | Time: 00:00:14
Epoch 018 | Seed 2001 | Rate 0.02 | Train Loss: 0.4543 | Val Loss: 0.7014 | Acc (clean): 0.8719 | Acc (poison): 0.8594 | Val Acc: 0.7985 | Time: 00:00:12
Epoch 019 | Seed 2001 | Rate 0.02 | Train Loss: 0.4429 | Val Loss: 0.7390 | Acc (clean): 0.8764 | Acc (poison): 0.8635 | Val Acc: 0.7759 | Time: 00:00:12
Epoch 020 | Seed 2001 | Rate 0.02 | Train Loss: 0.4269 | Val Loss: 0.8244 | Acc (clean): 0.8809 | Acc (poison): 0.8681 | Val Acc: 0.7485 | Time: 00:00:12
Epoch 021 | Seed 2001 | Rate 0.02 | Train Loss: 0.4229 | Val Loss: 0.7938 | Acc (clean): 0.8818 | Acc (poison): 0.8681 | Val Acc: 0.7759 | Time: 00:00:12
Epoch 022 | Seed 2001 | Rate 0.02 | Train Loss: 0.4088 | Val Loss: 0.8349 | Acc (clean): 0.8878 | Acc (poison): 0.8746 | Val Acc: 0.7448 | Time: 00:00:12
Epoch 023 | Seed 2001 | Rate 0.02 | Train Loss: 0.3922 | Val Loss: 0.5531 | Acc (clean): 0.8912 | Acc (poison): 0.8788 | Val Acc: 0.8337 | Time: 00:00:14
Epoch 024 | Seed 2001 | Rate 0.02 | Train Loss: 0.3861 | Val Loss: 0.5902 | Acc (clean): 0.8948 | Acc (poison): 0.8819 | Val Acc: 0.8159 | Time: 00:00:12
Epoch 025 | Seed 2001 | Rate 0.02 | Train Loss: 0.3769 | Val Loss: 0.7731 | Acc (clean): 0.8954 | Acc (poison): 0.8831 | Val Acc: 0.7670 | Time: 00:00:12
Epoch 026 | Seed 2001 | Rate 0.02 | Train Loss: 0.3795 | Val Loss: 0.8115 | Acc (clean): 0.8961 | Acc (poison): 0.8840 | Val Acc: 0.7559 | Time: 00:00:12
Epoch 027 | Seed 2001 | Rate 0.02 | Train Loss: 0.3784 | Val Loss: 0.5877 | Acc (clean): 0.8926 | Acc (poison): 0.8803 | Val Acc: 0.8226 | Time: 00:00:12
Epoch 028 | Seed 2001 | Rate 0.02 | Train Loss: 0.3633 | Val Loss: 0.8652 | Acc (clean): 0.8995 | Acc (poison): 0.8879 | Val Acc: 0.7444 | Time: 00:00:12
Epoch 029 | Seed 2001 | Rate 0.02 | Train Loss: 0.3633 | Val Loss: 0.6499 | Acc (clean): 0.8985 | Acc (poison): 0.8878 | Val Acc: 0.8033 | Time: 00:00:12
Epoch 030 | Seed 2001 | Rate 0.02 | Train Loss: 0.3518 | Val Loss: 0.8250 | Acc (clean): 0.9025 | Acc (poison): 0.8914 | Val Acc: 0.7600 | Time: 00:00:12
Epoch 031 | Seed 2001 | Rate 0.02 | Train Loss: 0.3530 | Val Loss: 0.6291 | Acc (clean): 0.9030 | Acc (poison): 0.8912 | Val Acc: 0.8144 | Time: 00:00:12
Epoch 032 | Seed 2001 | Rate 0.02 | Train Loss: 0.3371 | Val Loss: 0.7132 | Acc (clean): 0.9063 | Acc (poison): 0.8957 | Val Acc: 0.7941 | Time: 00:00:12
Epoch 033 | Seed 2001 | Rate 0.02 | Train Loss: 0.3363 | Val Loss: 0.8070 | Acc (clean): 0.9068 | Acc (poison): 0.8962 | Val Acc: 0.7659 | Time: 00:00:12
Epoch 034 | Seed 2001 | Rate 0.02 | Train Loss: 0.3410 | Val Loss: 0.9175 | Acc (clean): 0.9044 | Acc (poison): 0.8935 | Val Acc: 0.7415 | Time: 00:00:12
Epoch 035 | Seed 2001 | Rate 0.02 | Train Loss: 0.3307 | Val Loss: 0.6833 | Acc (clean): 0.9081 | Acc (poison): 0.8971 | Val Acc: 0.8007 | Time: 00:00:12
Epoch 036 | Seed 2001 | Rate 0.02 | Train Loss: 0.3254 | Val Loss: 0.7061 | Acc (clean): 0.9091 | Acc (poison): 0.8990 | Val Acc: 0.7893 | Time: 00:00:12
Epoch 037 | Seed 2001 | Rate 0.02 | Train Loss: 0.3305 | Val Loss: 0.9622 | Acc (clean): 0.9086 | Acc (poison): 0.8976 | Val Acc: 0.7437 | Time: 00:00:12
Epoch 038 | Seed 2001 | Rate 0.02 | Train Loss: 0.3207 | Val Loss: 0.7321 | Acc (clean): 0.9111 | Acc (poison): 0.9008 | Val Acc: 0.7941 | Time: 00:00:11
Epoch 039 | Seed 2001 | Rate 0.02 | Train Loss: 0.3145 | Val Loss: 0.5787 | Acc (clean): 0.9126 | Acc (poison): 0.9024 | Val Acc: 0.8263 | Time: 00:00:12
Epoch 040 | Seed 2001 | Rate 0.02 | Train Loss: 0.3259 | Val Loss: 0.7156 | Acc (clean): 0.9106 | Acc (poison): 0.9003 | Val Acc: 0.7852 | Time: 00:00:12
Epoch 041 | Seed 2001 | Rate 0.02 | Train Loss: 0.3069 | Val Loss: 0.7221 | Acc (clean): 0.9137 | Acc (poison): 0.9047 | Val Acc: 0.7878 | Time: 00:00:12
Epoch 042 | Seed 2001 | Rate 0.02 | Train Loss: 0.3120 | Val Loss: 0.6487 | Acc (clean): 0.9119 | Acc (poison): 0.9013 | Val Acc: 0.8030 | Time: 00:00:12
Epoch 043 | Seed 2001 | Rate 0.02 | Train Loss: 0.2999 | Val Loss: 0.5981 | Acc (clean): 0.9169 | Acc (poison): 0.9078 | Val Acc: 0.8248 | Time: 00:00:12
Epoch 044 | Seed 2001 | Rate 0.02 | Train Loss: 0.3074 | Val Loss: 0.7001 | Acc (clean): 0.9132 | Acc (poison): 0.9048 | Val Acc: 0.7870 | Time: 00:00:12
Epoch 045 | Seed 2001 | Rate 0.02 | Train Loss: 0.3009 | Val Loss: 0.7197 | Acc (clean): 0.9160 | Acc (poison): 0.9068 | Val Acc: 0.7893 | Time: 00:00:12
Epoch 046 | Seed 2001 | Rate 0.02 | Train Loss: 0.2977 | Val Loss: 0.7590 | Acc (clean): 0.9171 | Acc (poison): 0.9078 | Val Acc: 0.7707 | Time: 00:00:12
Epoch 047 | Seed 2001 | Rate 0.02 | Train Loss: 0.2974 | Val Loss: 0.6861 | Acc (clean): 0.9160 | Acc (poison): 0.9080 | Val Acc: 0.7944 | Time: 00:00:12
Epoch 048 | Seed 2001 | Rate 0.02 | Train Loss: 0.2923 | Val Loss: 0.8521 | Acc (clean): 0.9181 | Acc (poison): 0.9086 | Val Acc: 0.7711 | Time: 00:00:12
Epoch 049 | Seed 2001 | Rate 0.02 | Train Loss: 0.2988 | Val Loss: 0.8031 | Acc (clean): 0.9162 | Acc (poison): 0.9074 | Val Acc: 0.7767 | Time: 00:00:12
Epoch 050 | Seed 2001 | Rate 0.02 | Train Loss: 0.2962 | Val Loss: 0.6764 | Acc (clean): 0.9156 | Acc (poison): 0.9069 | Val Acc: 0.8096 | Time: 00:00:12
Epoch 051 | Seed 2001 | Rate 0.02 | Train Loss: 0.1412 | Val Loss: 0.2914 | Acc (clean): 0.9656 | Acc (poison): 0.9598 | Val Acc: 0.9167 | Time: 00:00:15
Epoch 052 | Seed 2001 | Rate 0.02 | Train Loss: 0.0873 | Val Loss: 0.2829 | Acc (clean): 0.9802 | Acc (poison): 0.9773 | Val Acc: 0.9119 | Time: 00:00:14
Epoch 053 | Seed 2001 | Rate 0.02 | Train Loss: 0.0753 | Val Loss: 0.2767 | Acc (clean): 0.9793 | Acc (poison): 0.9800 | Val Acc: 0.9130 | Time: 00:00:15
Epoch 054 | Seed 2001 | Rate 0.02 | Train Loss: 0.0620 | Val Loss: 0.2731 | Acc (clean): 0.9823 | Acc (poison): 0.9858 | Val Acc: 0.9156 | Time: 00:00:14
Epoch 055 | Seed 2001 | Rate 0.02 | Train Loss: 0.0564 | Val Loss: 0.2702 | Acc (clean): 0.9816 | Acc (poison): 0.9878 | Val Acc: 0.9178 | Time: 00:00:15
Epoch 056 | Seed 2001 | Rate 0.02 | Train Loss: 0.0533 | Val Loss: 0.2691 | Acc (clean): 0.9814 | Acc (poison): 0.9872 | Val Acc: 0.9163 | Time: 00:00:14
Epoch 057 | Seed 2001 | Rate 0.02 | Train Loss: 0.0462 | Val Loss: 0.2727 | Acc (clean): 0.9819 | Acc (poison): 0.9903 | Val Acc: 0.9130 | Time: 00:00:12
Epoch 058 | Seed 2001 | Rate 0.02 | Train Loss: 0.0430 | Val Loss: 0.2655 | Acc (clean): 0.9807 | Acc (poison): 0.9915 | Val Acc: 0.9200 | Time: 00:00:15
Epoch 059 | Seed 2001 | Rate 0.02 | Train Loss: 0.0386 | Val Loss: 0.2733 | Acc (clean): 0.9809 | Acc (poison): 0.9921 | Val Acc: 0.9174 | Time: 00:00:12
Epoch 060 | Seed 2001 | Rate 0.02 | Train Loss: 0.0359 | Val Loss: 0.2646 | Acc (clean): 0.9817 | Acc (poison): 0.9933 | Val Acc: 0.9200 | Time: 00:00:15
Epoch 061 | Seed 2001 | Rate 0.02 | Train Loss: 0.0341 | Val Loss: 0.2624 | Acc (clean): 0.9809 | Acc (poison): 0.9933 | Val Acc: 0.9185 | Time: 00:00:14
Epoch 062 | Seed 2001 | Rate 0.02 | Train Loss: 0.0316 | Val Loss: 0.2652 | Acc (clean): 0.9805 | Acc (poison): 0.9944 | Val Acc: 0.9193 | Time: 00:00:12
Epoch 063 | Seed 2001 | Rate 0.02 | Train Loss: 0.0286 | Val Loss: 0.2698 | Acc (clean): 0.9807 | Acc (poison): 0.9955 | Val Acc: 0.9170 | Time: 00:00:12
Epoch 064 | Seed 2001 | Rate 0.02 | Train Loss: 0.0262 | Val Loss: 0.2592 | Acc (clean): 0.9803 | Acc (poison): 0.9963 | Val Acc: 0.9211 | Time: 00:00:15
Epoch 065 | Seed 2001 | Rate 0.02 | Train Loss: 0.0255 | Val Loss: 0.2591 | Acc (clean): 0.9807 | Acc (poison): 0.9964 | Val Acc: 0.9226 | Time: 00:00:15
Epoch 066 | Seed 2001 | Rate 0.02 | Train Loss: 0.0235 | Val Loss: 0.2611 | Acc (clean): 0.9803 | Acc (poison): 0.9967 | Val Acc: 0.9230 | Time: 00:00:12
Epoch 067 | Seed 2001 | Rate 0.02 | Train Loss: 0.0227 | Val Loss: 0.2616 | Acc (clean): 0.9798 | Acc (poison): 0.9968 | Val Acc: 0.9222 | Time: 00:00:12
Epoch 068 | Seed 2001 | Rate 0.02 | Train Loss: 0.0216 | Val Loss: 0.2573 | Acc (clean): 0.9797 | Acc (poison): 0.9972 | Val Acc: 0.9244 | Time: 00:00:15
Epoch 069 | Seed 2001 | Rate 0.02 | Train Loss: 0.0203 | Val Loss: 0.2653 | Acc (clean): 0.9800 | Acc (poison): 0.9974 | Val Acc: 0.9185 | Time: 00:00:12
Epoch 070 | Seed 2001 | Rate 0.02 | Train Loss: 0.0204 | Val Loss: 0.2626 | Acc (clean): 0.9796 | Acc (poison): 0.9976 | Val Acc: 0.9181 | Time: 00:00:12
Epoch 071 | Seed 2001 | Rate 0.02 | Train Loss: 0.0197 | Val Loss: 0.2560 | Acc (clean): 0.9798 | Acc (poison): 0.9975 | Val Acc: 0.9219 | Time: 00:00:14
Epoch 072 | Seed 2001 | Rate 0.02 | Train Loss: 0.0184 | Val Loss: 0.2651 | Acc (clean): 0.9796 | Acc (poison): 0.9982 | Val Acc: 0.9196 | Time: 00:00:12
Epoch 073 | Seed 2001 | Rate 0.02 | Train Loss: 0.0173 | Val Loss: 0.2667 | Acc (clean): 0.9798 | Acc (poison): 0.9979 | Val Acc: 0.9226 | Time: 00:00:12
Epoch 074 | Seed 2001 | Rate 0.02 | Train Loss: 0.0171 | Val Loss: 0.2627 | Acc (clean): 0.9797 | Acc (poison): 0.9985 | Val Acc: 0.9222 | Time: 00:00:12
Epoch 075 | Seed 2001 | Rate 0.02 | Train Loss: 0.0171 | Val Loss: 0.2582 | Acc (clean): 0.9799 | Acc (poison): 0.9983 | Val Acc: 0.9241 | Time: 00:00:12
Epoch 076 | Seed 2001 | Rate 0.02 | Train Loss: 0.0147 | Val Loss: 0.2562 | Acc (clean): 0.9795 | Acc (poison): 0.9989 | Val Acc: 0.9248 | Time: 00:00:12
Epoch 077 | Seed 2001 | Rate 0.02 | Train Loss: 0.0134 | Val Loss: 0.2547 | Acc (clean): 0.9800 | Acc (poison): 0.9991 | Val Acc: 0.9267 | Time: 00:00:14
Epoch 078 | Seed 2001 | Rate 0.02 | Train Loss: 0.0131 | Val Loss: 0.2549 | Acc (clean): 0.9801 | Acc (poison): 0.9993 | Val Acc: 0.9259 | Time: 00:00:12
Epoch 079 | Seed 2001 | Rate 0.02 | Train Loss: 0.0132 | Val Loss: 0.2570 | Acc (clean): 0.9799 | Acc (poison): 0.9991 | Val Acc: 0.9248 | Time: 00:00:12
Epoch 080 | Seed 2001 | Rate 0.02 | Train Loss: 0.0129 | Val Loss: 0.2513 | Acc (clean): 0.9800 | Acc (poison): 0.9993 | Val Acc: 0.9270 | Time: 00:00:15
Epoch 081 | Seed 2001 | Rate 0.02 | Train Loss: 0.0127 | Val Loss: 0.2567 | Acc (clean): 0.9800 | Acc (poison): 0.9993 | Val Acc: 0.9237 | Time: 00:00:12
Epoch 082 | Seed 2001 | Rate 0.02 | Train Loss: 0.0127 | Val Loss: 0.2542 | Acc (clean): 0.9799 | Acc (poison): 0.9993 | Val Acc: 0.9230 | Time: 00:00:12
Epoch 083 | Seed 2001 | Rate 0.02 | Train Loss: 0.0128 | Val Loss: 0.2550 | Acc (clean): 0.9799 | Acc (poison): 0.9992 | Val Acc: 0.9256 | Time: 00:00:12
Epoch 084 | Seed 2001 | Rate 0.02 | Train Loss: 0.0131 | Val Loss: 0.2501 | Acc (clean): 0.9797 | Acc (poison): 0.9992 | Val Acc: 0.9233 | Time: 00:00:14
Epoch 085 | Seed 2001 | Rate 0.02 | Train Loss: 0.0124 | Val Loss: 0.2596 | Acc (clean): 0.9802 | Acc (poison): 0.9993 | Val Acc: 0.9244 | Time: 00:00:12
Epoch 086 | Seed 2001 | Rate 0.02 | Train Loss: 0.0124 | Val Loss: 0.2544 | Acc (clean): 0.9798 | Acc (poison): 0.9996 | Val Acc: 0.9267 | Time: 00:00:12
Epoch 087 | Seed 2001 | Rate 0.02 | Train Loss: 0.0130 | Val Loss: 0.2542 | Acc (clean): 0.9796 | Acc (poison): 0.9990 | Val Acc: 0.9256 | Time: 00:00:12
Epoch 088 | Seed 2001 | Rate 0.02 | Train Loss: 0.0124 | Val Loss: 0.2543 | Acc (clean): 0.9798 | Acc (poison): 0.9992 | Val Acc: 0.9259 | Time: 00:00:12
Epoch 089 | Seed 2001 | Rate 0.02 | Train Loss: 0.0119 | Val Loss: 0.2583 | Acc (clean): 0.9799 | Acc (poison): 0.9995 | Val Acc: 0.9270 | Time: 00:00:12
Epoch 090 | Seed 2001 | Rate 0.02 | Train Loss: 0.0128 | Val Loss: 0.2543 | Acc (clean): 0.9797 | Acc (poison): 0.9992 | Val Acc: 0.9270 | Time: 00:00:12
Epoch 091 | Seed 2001 | Rate 0.02 | Train Loss: 0.0118 | Val Loss: 0.2544 | Acc (clean): 0.9800 | Acc (poison): 0.9993 | Val Acc: 0.9274 | Time: 00:00:12
Epoch 092 | Seed 2001 | Rate 0.02 | Train Loss: 0.0121 | Val Loss: 0.2577 | Acc (clean): 0.9799 | Acc (poison): 0.9993 | Val Acc: 0.9267 | Time: 00:00:11
Epoch 093 | Seed 2001 | Rate 0.02 | Train Loss: 0.0121 | Val Loss: 0.2569 | Acc (clean): 0.9799 | Acc (poison): 0.9993 | Val Acc: 0.9230 | Time: 00:00:12
Epoch 094 | Seed 2001 | Rate 0.02 | Train Loss: 0.0122 | Val Loss: 0.2566 | Acc (clean): 0.9799 | Acc (poison): 0.9993 | Val Acc: 0.9252 | Time: 00:00:12
Epoch 095 | Seed 2001 | Rate 0.02 | Train Loss: 0.0119 | Val Loss: 0.2508 | Acc (clean): 0.9799 | Acc (poison): 0.9995 | Val Acc: 0.9267 | Time: 00:00:12
Epoch 096 | Seed 2001 | Rate 0.02 | Train Loss: 0.0127 | Val Loss: 0.2581 | Acc (clean): 0.9796 | Acc (poison): 0.9991 | Val Acc: 0.9237 | Time: 00:00:12
Epoch 097 | Seed 2001 | Rate 0.02 | Train Loss: 0.0118 | Val Loss: 0.2471 | Acc (clean): 0.9802 | Acc (poison): 0.9995 | Val Acc: 0.9259 | Time: 00:00:14
Epoch 098 | Seed 2001 | Rate 0.02 | Train Loss: 0.0120 | Val Loss: 0.2551 | Acc (clean): 0.9802 | Acc (poison): 0.9994 | Val Acc: 0.9267 | Time: 00:00:12
Epoch 099 | Seed 2001 | Rate 0.02 | Train Loss: 0.0126 | Val Loss: 0.2563 | Acc (clean): 0.9798 | Acc (poison): 0.9992 | Val Acc: 0.9226 | Time: 00:00:12
Epoch 100 | Seed 2001 | Rate 0.02 | Train Loss: 0.0122 | Val Loss: 0.2495 | Acc (clean): 0.9800 | Acc (poison): 0.9995 | Val Acc: 0.9248 | Time: 00:00:13

=== defense=none attack=RQ2 seed=2001 rate=0.05 ===
Loading train data from /home/yazanme/BachelorThesis/BachelorThesis/data/processed/resisc45/train.h5 with mapping /home/yazanme/BachelorThesis/BachelorThesis/data/processed/resisc45/poisoned/RQ2/seed_2001/labels_0.05.pt... (in_memory=True, workers=4)
Testing torch.compile support...
Successfully compiled model using torch.compile.
Epoch 001 | Seed 2001 | Rate 0.05 | Train Loss: 2.8256 | Val Loss: 2.2845 | Acc (clean): 0.2598 | Acc (poison): 0.2545 | Val Acc: 0.3437 | Time: 00:00:14
Epoch 002 | Seed 2001 | Rate 0.05 | Train Loss: 1.9706 | Val Loss: 2.0445 | Acc (clean): 0.4417 | Acc (poison): 0.4284 | Val Acc: 0.3989 | Time: 00:00:13
Epoch 003 | Seed 2001 | Rate 0.05 | Train Loss: 1.6397 | Val Loss: 1.6127 | Acc (clean): 0.5375 | Acc (poison): 0.5180 | Val Acc: 0.5244 | Time: 00:00:13
Epoch 004 | Seed 2001 | Rate 0.05 | Train Loss: 1.4284 | Val Loss: 1.4829 | Acc (clean): 0.5983 | Acc (poison): 0.5765 | Val Acc: 0.5619 | Time: 00:00:13
Epoch 005 | Seed 2001 | Rate 0.05 | Train Loss: 1.2588 | Val Loss: 2.8801 | Acc (clean): 0.6435 | Acc (poison): 0.6191 | Val Acc: 0.4015 | Time: 00:00:12
Epoch 006 | Seed 2001 | Rate 0.05 | Train Loss: 1.1259 | Val Loss: 1.3494 | Acc (clean): 0.6853 | Acc (poison): 0.6599 | Val Acc: 0.6119 | Time: 00:00:13
Epoch 007 | Seed 2001 | Rate 0.05 | Train Loss: 1.0118 | Val Loss: 1.4894 | Acc (clean): 0.7181 | Acc (poison): 0.6898 | Val Acc: 0.5707 | Time: 00:00:12
Epoch 008 | Seed 2001 | Rate 0.05 | Train Loss: 0.9115 | Val Loss: 1.0917 | Acc (clean): 0.7469 | Acc (poison): 0.7176 | Val Acc: 0.6770 | Time: 00:00:12
Epoch 009 | Seed 2001 | Rate 0.05 | Train Loss: 0.8276 | Val Loss: 0.9816 | Acc (clean): 0.7734 | Acc (poison): 0.7427 | Val Acc: 0.7100 | Time: 00:00:12
Epoch 010 | Seed 2001 | Rate 0.05 | Train Loss: 0.7565 | Val Loss: 0.8437 | Acc (clean): 0.7970 | Acc (poison): 0.7649 | Val Acc: 0.7541 | Time: 00:00:13
Epoch 011 | Seed 2001 | Rate 0.05 | Train Loss: 0.7158 | Val Loss: 0.7927 | Acc (clean): 0.8109 | Acc (poison): 0.7795 | Val Acc: 0.7585 | Time: 00:00:13
Epoch 012 | Seed 2001 | Rate 0.05 | Train Loss: 0.6703 | Val Loss: 0.8448 | Acc (clean): 0.8221 | Acc (poison): 0.7885 | Val Acc: 0.7444 | Time: 00:00:12
Epoch 013 | Seed 2001 | Rate 0.05 | Train Loss: 0.6429 | Val Loss: 0.8770 | Acc (clean): 0.8341 | Acc (poison): 0.8003 | Val Acc: 0.7496 | Time: 00:00:12
Epoch 014 | Seed 2001 | Rate 0.05 | Train Loss: 0.6201 | Val Loss: 1.3875 | Acc (clean): 0.8364 | Acc (poison): 0.8023 | Val Acc: 0.6400 | Time: 00:00:12
Epoch 015 | Seed 2001 | Rate 0.05 | Train Loss: 0.5949 | Val Loss: 0.8247 | Acc (clean): 0.8477 | Acc (poison): 0.8139 | Val Acc: 0.7585 | Time: 00:00:12
Epoch 016 | Seed 2001 | Rate 0.05 | Train Loss: 0.5837 | Val Loss: 0.7921 | Acc (clean): 0.8492 | Acc (poison): 0.8142 | Val Acc: 0.7704 | Time: 00:00:13
Epoch 017 | Seed 2001 | Rate 0.05 | Train Loss: 0.5583 | Val Loss: 0.6300 | Acc (clean): 0.8584 | Acc (poison): 0.8241 | Val Acc: 0.8193 | Time: 00:00:13
Epoch 018 | Seed 2001 | Rate 0.05 | Train Loss: 0.5515 | Val Loss: 0.8697 | Acc (clean): 0.8617 | Acc (poison): 0.8267 | Val Acc: 0.7385 | Time: 00:00:12
Epoch 019 | Seed 2001 | Rate 0.05 | Train Loss: 0.5344 | Val Loss: 0.7852 | Acc (clean): 0.8652 | Acc (poison): 0.8311 | Val Acc: 0.7670 | Time: 00:00:12
Epoch 020 | Seed 2001 | Rate 0.05 | Train Loss: 0.5314 | Val Loss: 0.8314 | Acc (clean): 0.8673 | Acc (poison): 0.8336 | Val Acc: 0.7526 | Time: 00:00:12
Epoch 021 | Seed 2001 | Rate 0.05 | Train Loss: 0.5204 | Val Loss: 0.8985 | Acc (clean): 0.8712 | Acc (poison): 0.8380 | Val Acc: 0.7278 | Time: 00:00:12
Epoch 022 | Seed 2001 | Rate 0.05 | Train Loss: 0.5044 | Val Loss: 0.6929 | Acc (clean): 0.8766 | Acc (poison): 0.8426 | Val Acc: 0.7900 | Time: 00:00:12
Epoch 023 | Seed 2001 | Rate 0.05 | Train Loss: 0.4975 | Val Loss: 0.6265 | Acc (clean): 0.8768 | Acc (poison): 0.8430 | Val Acc: 0.8104 | Time: 00:00:13
Epoch 024 | Seed 2001 | Rate 0.05 | Train Loss: 0.4848 | Val Loss: 0.6982 | Acc (clean): 0.8795 | Acc (poison): 0.8474 | Val Acc: 0.7944 | Time: 00:00:12
Epoch 025 | Seed 2001 | Rate 0.05 | Train Loss: 0.4815 | Val Loss: 0.6372 | Acc (clean): 0.8824 | Acc (poison): 0.8496 | Val Acc: 0.8056 | Time: 00:00:12
Epoch 026 | Seed 2001 | Rate 0.05 | Train Loss: 0.4833 | Val Loss: 0.6467 | Acc (clean): 0.8792 | Acc (poison): 0.8460 | Val Acc: 0.8159 | Time: 00:00:12
Epoch 027 | Seed 2001 | Rate 0.05 | Train Loss: 0.4697 | Val Loss: 0.6062 | Acc (clean): 0.8833 | Acc (poison): 0.8507 | Val Acc: 0.8204 | Time: 00:00:13
Epoch 028 | Seed 2001 | Rate 0.05 | Train Loss: 0.4619 | Val Loss: 0.7461 | Acc (clean): 0.8844 | Acc (poison): 0.8519 | Val Acc: 0.7785 | Time: 00:00:12
Epoch 029 | Seed 2001 | Rate 0.05 | Train Loss: 0.4479 | Val Loss: 0.7243 | Acc (clean): 0.8915 | Acc (poison): 0.8591 | Val Acc: 0.7811 | Time: 00:00:12
Epoch 030 | Seed 2001 | Rate 0.05 | Train Loss: 0.4610 | Val Loss: 0.8030 | Acc (clean): 0.8849 | Acc (poison): 0.8522 | Val Acc: 0.7652 | Time: 00:00:12
Epoch 031 | Seed 2001 | Rate 0.05 | Train Loss: 0.4505 | Val Loss: 0.6637 | Acc (clean): 0.8907 | Acc (poison): 0.8605 | Val Acc: 0.8037 | Time: 00:00:12
Epoch 032 | Seed 2001 | Rate 0.05 | Train Loss: 0.4382 | Val Loss: 0.8364 | Acc (clean): 0.8956 | Acc (poison): 0.8640 | Val Acc: 0.7663 | Time: 00:00:12
Epoch 033 | Seed 2001 | Rate 0.05 | Train Loss: 0.4385 | Val Loss: 0.7245 | Acc (clean): 0.8942 | Acc (poison): 0.8628 | Val Acc: 0.7852 | Time: 00:00:12
Epoch 034 | Seed 2001 | Rate 0.05 | Train Loss: 0.4438 | Val Loss: 0.7265 | Acc (clean): 0.8900 | Acc (poison): 0.8602 | Val Acc: 0.7785 | Time: 00:00:12
Epoch 035 | Seed 2001 | Rate 0.05 | Train Loss: 0.4274 | Val Loss: 0.6126 | Acc (clean): 0.8906 | Acc (poison): 0.8625 | Val Acc: 0.8196 | Time: 00:00:12
Epoch 036 | Seed 2001 | Rate 0.05 | Train Loss: 0.4250 | Val Loss: 0.6349 | Acc (clean): 0.8960 | Acc (poison): 0.8650 | Val Acc: 0.8026 | Time: 00:00:12
Epoch 037 | Seed 2001 | Rate 0.05 | Train Loss: 0.4140 | Val Loss: 0.8745 | Acc (clean): 0.8981 | Acc (poison): 0.8679 | Val Acc: 0.7504 | Time: 00:00:12
Epoch 038 | Seed 2001 | Rate 0.05 | Train Loss: 0.4122 | Val Loss: 0.6600 | Acc (clean): 0.8953 | Acc (poison): 0.8663 | Val Acc: 0.8111 | Time: 00:00:12
Epoch 039 | Seed 2001 | Rate 0.05 | Train Loss: 0.4079 | Val Loss: 0.7327 | Acc (clean): 0.9004 | Acc (poison): 0.8712 | Val Acc: 0.7844 | Time: 00:00:12
Epoch 040 | Seed 2001 | Rate 0.05 | Train Loss: 0.4074 | Val Loss: 0.7428 | Acc (clean): 0.8972 | Acc (poison): 0.8690 | Val Acc: 0.7852 | Time: 00:00:12
Epoch 041 | Seed 2001 | Rate 0.05 | Train Loss: 0.4071 | Val Loss: 0.6202 | Acc (clean): 0.8982 | Acc (poison): 0.8706 | Val Acc: 0.8074 | Time: 00:00:12
Epoch 042 | Seed 2001 | Rate 0.05 | Train Loss: 0.4023 | Val Loss: 0.7419 | Acc (clean): 0.9010 | Acc (poison): 0.8730 | Val Acc: 0.7841 | Time: 00:00:12
Epoch 043 | Seed 2001 | Rate 0.05 | Train Loss: 0.3924 | Val Loss: 0.7025 | Acc (clean): 0.9026 | Acc (poison): 0.8748 | Val Acc: 0.7933 | Time: 00:00:12
Epoch 044 | Seed 2001 | Rate 0.05 | Train Loss: 0.4019 | Val Loss: 1.3929 | Acc (clean): 0.9011 | Acc (poison): 0.8730 | Val Acc: 0.6770 | Time: 00:00:12
Epoch 045 | Seed 2001 | Rate 0.05 | Train Loss: 0.4006 | Val Loss: 0.6704 | Acc (clean): 0.8980 | Acc (poison): 0.8716 | Val Acc: 0.7963 | Time: 00:00:12
Epoch 046 | Seed 2001 | Rate 0.05 | Train Loss: 0.3994 | Val Loss: 0.5982 | Acc (clean): 0.8999 | Acc (poison): 0.8716 | Val Acc: 0.8181 | Time: 00:00:13
Epoch 047 | Seed 2001 | Rate 0.05 | Train Loss: 0.3751 | Val Loss: 0.9299 | Acc (clean): 0.9060 | Acc (poison): 0.8794 | Val Acc: 0.7363 | Time: 00:00:12
Epoch 048 | Seed 2001 | Rate 0.05 | Train Loss: 0.3917 | Val Loss: 0.7529 | Acc (clean): 0.8958 | Acc (poison): 0.8719 | Val Acc: 0.7819 | Time: 00:00:12
Epoch 049 | Seed 2001 | Rate 0.05 | Train Loss: 0.3845 | Val Loss: 0.8404 | Acc (clean): 0.9014 | Acc (poison): 0.8756 | Val Acc: 0.7700 | Time: 00:00:12
Epoch 050 | Seed 2001 | Rate 0.05 | Train Loss: 0.3806 | Val Loss: 0.7617 | Acc (clean): 0.9040 | Acc (poison): 0.8784 | Val Acc: 0.7893 | Time: 00:00:12
Epoch 051 | Seed 2001 | Rate 0.05 | Train Loss: 0.2093 | Val Loss: 0.3252 | Acc (clean): 0.9563 | Acc (poison): 0.9345 | Val Acc: 0.9104 | Time: 00:00:13
Epoch 052 | Seed 2001 | Rate 0.05 | Train Loss: 0.1510 | Val Loss: 0.3082 | Acc (clean): 0.9673 | Acc (poison): 0.9532 | Val Acc: 0.9107 | Time: 00:00:13
Epoch 053 | Seed 2001 | Rate 0.05 | Train Loss: 0.1316 | Val Loss: 0.3011 | Acc (clean): 0.9674 | Acc (poison): 0.9604 | Val Acc: 0.9119 | Time: 00:00:13
Epoch 054 | Seed 2001 | Rate 0.05 | Train Loss: 0.1177 | Val Loss: 0.3065 | Acc (clean): 0.9667 | Acc (poison): 0.9651 | Val Acc: 0.9081 | Time: 00:00:12
Epoch 055 | Seed 2001 | Rate 0.05 | Train Loss: 0.1060 | Val Loss: 0.3025 | Acc (clean): 0.9651 | Acc (poison): 0.9693 | Val Acc: 0.9093 | Time: 00:00:12
Epoch 056 | Seed 2001 | Rate 0.05 | Train Loss: 0.0977 | Val Loss: 0.3044 | Acc (clean): 0.9626 | Acc (poison): 0.9709 | Val Acc: 0.9096 | Time: 00:00:12
Epoch 057 | Seed 2001 | Rate 0.05 | Train Loss: 0.0857 | Val Loss: 0.3007 | Acc (clean): 0.9613 | Acc (poison): 0.9759 | Val Acc: 0.9078 | Time: 00:00:13
Epoch 058 | Seed 2001 | Rate 0.05 | Train Loss: 0.0791 | Val Loss: 0.3059 | Acc (clean): 0.9602 | Acc (poison): 0.9790 | Val Acc: 0.9111 | Time: 00:00:13
Epoch 059 | Seed 2001 | Rate 0.05 | Train Loss: 0.0717 | Val Loss: 0.3051 | Acc (clean): 0.9595 | Acc (poison): 0.9812 | Val Acc: 0.9104 | Time: 00:00:13
Epoch 060 | Seed 2001 | Rate 0.05 | Train Loss: 0.0663 | Val Loss: 0.3055 | Acc (clean): 0.9585 | Acc (poison): 0.9830 | Val Acc: 0.9081 | Time: 00:00:12
Epoch 061 | Seed 2001 | Rate 0.05 | Train Loss: 0.0617 | Val Loss: 0.3135 | Acc (clean): 0.9567 | Acc (poison): 0.9849 | Val Acc: 0.9033 | Time: 00:00:12
Epoch 062 | Seed 2001 | Rate 0.05 | Train Loss: 0.0570 | Val Loss: 0.3099 | Acc (clean): 0.9563 | Acc (poison): 0.9855 | Val Acc: 0.9067 | Time: 00:00:12
Epoch 063 | Seed 2001 | Rate 0.05 | Train Loss: 0.0518 | Val Loss: 0.3087 | Acc (clean): 0.9544 | Acc (poison): 0.9881 | Val Acc: 0.9070 | Time: 00:00:12
Epoch 064 | Seed 2001 | Rate 0.05 | Train Loss: 0.0467 | Val Loss: 0.3085 | Acc (clean): 0.9533 | Acc (poison): 0.9897 | Val Acc: 0.9015 | Time: 00:00:12
Epoch 065 | Seed 2001 | Rate 0.05 | Train Loss: 0.0448 | Val Loss: 0.3122 | Acc (clean): 0.9530 | Acc (poison): 0.9891 | Val Acc: 0.9004 | Time: 00:00:12
Epoch 066 | Seed 2001 | Rate 0.05 | Train Loss: 0.0422 | Val Loss: 0.3085 | Acc (clean): 0.9530 | Acc (poison): 0.9912 | Val Acc: 0.9059 | Time: 00:00:12
Epoch 067 | Seed 2001 | Rate 0.05 | Train Loss: 0.0388 | Val Loss: 0.3110 | Acc (clean): 0.9516 | Acc (poison): 0.9924 | Val Acc: 0.9052 | Time: 00:00:12
Epoch 068 | Seed 2001 | Rate 0.05 | Train Loss: 0.0355 | Val Loss: 0.3123 | Acc (clean): 0.9510 | Acc (poison): 0.9932 | Val Acc: 0.9067 | Time: 00:00:12
Epoch 069 | Seed 2001 | Rate 0.05 | Train Loss: 0.0318 | Val Loss: 0.3111 | Acc (clean): 0.9519 | Acc (poison): 0.9944 | Val Acc: 0.9085 | Time: 00:00:12
Epoch 070 | Seed 2001 | Rate 0.05 | Train Loss: 0.0308 | Val Loss: 0.3138 | Acc (clean): 0.9506 | Acc (poison): 0.9942 | Val Acc: 0.9030 | Time: 00:00:12
Epoch 071 | Seed 2001 | Rate 0.05 | Train Loss: 0.0293 | Val Loss: 0.3160 | Acc (clean): 0.9504 | Acc (poison): 0.9952 | Val Acc: 0.9059 | Time: 00:00:12
Epoch 072 | Seed 2001 | Rate 0.05 | Train Loss: 0.0284 | Val Loss: 0.3304 | Acc (clean): 0.9513 | Acc (poison): 0.9953 | Val Acc: 0.8989 | Time: 00:00:12
Epoch 073 | Seed 2001 | Rate 0.05 | Train Loss: 0.0265 | Val Loss: 0.3532 | Acc (clean): 0.9507 | Acc (poison): 0.9957 | Val Acc: 0.8959 | Time: 00:00:12
Epoch 074 | Seed 2001 | Rate 0.05 | Train Loss: 0.0245 | Val Loss: 0.3260 | Acc (clean): 0.9495 | Acc (poison): 0.9965 | Val Acc: 0.8996 | Time: 00:00:12
Epoch 075 | Seed 2001 | Rate 0.05 | Train Loss: 0.0247 | Val Loss: 0.3211 | Acc (clean): 0.9503 | Acc (poison): 0.9963 | Val Acc: 0.9048 | Time: 00:00:12
Epoch 076 | Seed 2001 | Rate 0.05 | Train Loss: 0.0202 | Val Loss: 0.3114 | Acc (clean): 0.9505 | Acc (poison): 0.9972 | Val Acc: 0.9096 | Time: 00:00:12
Epoch 077 | Seed 2001 | Rate 0.05 | Train Loss: 0.0166 | Val Loss: 0.3097 | Acc (clean): 0.9505 | Acc (poison): 0.9986 | Val Acc: 0.9122 | Time: 00:00:12
Epoch 078 | Seed 2001 | Rate 0.05 | Train Loss: 0.0167 | Val Loss: 0.3084 | Acc (clean): 0.9503 | Acc (poison): 0.9985 | Val Acc: 0.9122 | Time: 00:00:12
Epoch 079 | Seed 2001 | Rate 0.05 | Train Loss: 0.0170 | Val Loss: 0.3118 | Acc (clean): 0.9504 | Acc (poison): 0.9986 | Val Acc: 0.9096 | Time: 00:00:12
Epoch 080 | Seed 2001 | Rate 0.05 | Train Loss: 0.0164 | Val Loss: 0.3054 | Acc (clean): 0.9500 | Acc (poison): 0.9987 | Val Acc: 0.9130 | Time: 00:00:12
Epoch 081 | Seed 2001 | Rate 0.05 | Train Loss: 0.0157 | Val Loss: 0.3102 | Acc (clean): 0.9500 | Acc (poison): 0.9988 | Val Acc: 0.9119 | Time: 00:00:12
Epoch 082 | Seed 2001 | Rate 0.05 | Train Loss: 0.0159 | Val Loss: 0.3088 | Acc (clean): 0.9502 | Acc (poison): 0.9988 | Val Acc: 0.9130 | Time: 00:00:12
Epoch 083 | Seed 2001 | Rate 0.05 | Train Loss: 0.0149 | Val Loss: 0.3079 | Acc (clean): 0.9501 | Acc (poison): 0.9990 | Val Acc: 0.9104 | Time: 00:00:12
Epoch 084 | Seed 2001 | Rate 0.05 | Train Loss: 0.0157 | Val Loss: 0.3049 | Acc (clean): 0.9500 | Acc (poison): 0.9988 | Val Acc: 0.9144 | Time: 00:00:12
Epoch 085 | Seed 2001 | Rate 0.05 | Train Loss: 0.0145 | Val Loss: 0.3090 | Acc (clean): 0.9500 | Acc (poison): 0.9991 | Val Acc: 0.9104 | Time: 00:00:12
Epoch 086 | Seed 2001 | Rate 0.05 | Train Loss: 0.0151 | Val Loss: 0.3080 | Acc (clean): 0.9502 | Acc (poison): 0.9988 | Val Acc: 0.9141 | Time: 00:00:12
Epoch 087 | Seed 2001 | Rate 0.05 | Train Loss: 0.0147 | Val Loss: 0.3054 | Acc (clean): 0.9499 | Acc (poison): 0.9988 | Val Acc: 0.9133 | Time: 00:00:12
Epoch 088 | Seed 2001 | Rate 0.05 | Train Loss: 0.0147 | Val Loss: 0.3051 | Acc (clean): 0.9499 | Acc (poison): 0.9986 | Val Acc: 0.9137 | Time: 00:00:12
Epoch 089 | Seed 2001 | Rate 0.05 | Train Loss: 0.0143 | Val Loss: 0.3089 | Acc (clean): 0.9502 | Acc (poison): 0.9988 | Val Acc: 0.9104 | Time: 00:00:12
Epoch 090 | Seed 2001 | Rate 0.05 | Train Loss: 0.0141 | Val Loss: 0.3078 | Acc (clean): 0.9499 | Acc (poison): 0.9990 | Val Acc: 0.9119 | Time: 00:00:12
Epoch 091 | Seed 2001 | Rate 0.05 | Train Loss: 0.0135 | Val Loss: 0.3066 | Acc (clean): 0.9503 | Acc (poison): 0.9992 | Val Acc: 0.9119 | Time: 00:00:11
Epoch 092 | Seed 2001 | Rate 0.05 | Train Loss: 0.0140 | Val Loss: 0.3071 | Acc (clean): 0.9502 | Acc (poison): 0.9990 | Val Acc: 0.9063 | Time: 00:00:12
Epoch 093 | Seed 2001 | Rate 0.05 | Train Loss: 0.0142 | Val Loss: 0.3047 | Acc (clean): 0.9502 | Acc (poison): 0.9990 | Val Acc: 0.9111 | Time: 00:00:12
Epoch 094 | Seed 2001 | Rate 0.05 | Train Loss: 0.0141 | Val Loss: 0.3071 | Acc (clean): 0.9501 | Acc (poison): 0.9989 | Val Acc: 0.9156 | Time: 00:00:12
Epoch 095 | Seed 2001 | Rate 0.05 | Train Loss: 0.0138 | Val Loss: 0.3021 | Acc (clean): 0.9500 | Acc (poison): 0.9991 | Val Acc: 0.9130 | Time: 00:00:12
Epoch 096 | Seed 2001 | Rate 0.05 | Train Loss: 0.0136 | Val Loss: 0.3078 | Acc (clean): 0.9500 | Acc (poison): 0.9993 | Val Acc: 0.9122 | Time: 00:00:12
Epoch 097 | Seed 2001 | Rate 0.05 | Train Loss: 0.0133 | Val Loss: 0.3023 | Acc (clean): 0.9501 | Acc (poison): 0.9993 | Val Acc: 0.9115 | Time: 00:00:12
Epoch 098 | Seed 2001 | Rate 0.05 | Train Loss: 0.0135 | Val Loss: 0.3065 | Acc (clean): 0.9502 | Acc (poison): 0.9990 | Val Acc: 0.9107 | Time: 00:00:12
Epoch 099 | Seed 2001 | Rate 0.05 | Train Loss: 0.0137 | Val Loss: 0.3049 | Acc (clean): 0.9499 | Acc (poison): 0.9992 | Val Acc: 0.9126 | Time: 00:00:12
Epoch 100 | Seed 2001 | Rate 0.05 | Train Loss: 0.0139 | Val Loss: 0.2987 | Acc (clean): 0.9501 | Acc (poison): 0.9989 | Val Acc: 0.9133 | Time: 00:00:13

=== defense=none attack=RQ2 seed=2001 rate=0.1 ===
Loading train data from /home/yazanme/BachelorThesis/BachelorThesis/data/processed/resisc45/train.h5 with mapping /home/yazanme/BachelorThesis/BachelorThesis/data/processed/resisc45/poisoned/RQ2/seed_2001/labels_0.10.pt... (in_memory=True, workers=4)
Testing torch.compile support...
Successfully compiled model using torch.compile.
Epoch 001 | Seed 2001 | Rate 0.10 | Train Loss: 3.2477 | Val Loss: 2.6828 | Acc (clean): 0.1772 | Acc (poison): 0.1713 | Val Acc: 0.2622 | Time: 00:00:14
Epoch 002 | Seed 2001 | Rate 0.10 | Train Loss: 2.2802 | Val Loss: 1.9975 | Acc (clean): 0.3616 | Acc (poison): 0.3436 | Val Acc: 0.4056 | Time: 00:00:13
Epoch 003 | Seed 2001 | Rate 0.10 | Train Loss: 1.8855 | Val Loss: 1.9211 | Acc (clean): 0.4748 | Acc (poison): 0.4467 | Val Acc: 0.4304 | Time: 00:00:13
Epoch 004 | Seed 2001 | Rate 0.10 | Train Loss: 1.6280 | Val Loss: 1.6623 | Acc (clean): 0.5472 | Acc (poison): 0.5121 | Val Acc: 0.5156 | Time: 00:00:16
Epoch 005 | Seed 2001 | Rate 0.10 | Train Loss: 1.4461 | Val Loss: 1.5291 | Acc (clean): 0.5995 | Acc (poison): 0.5608 | Val Acc: 0.5470 | Time: 00:00:18
Epoch 006 | Seed 2001 | Rate 0.10 | Train Loss: 1.2987 | Val Loss: 1.2738 | Acc (clean): 0.6466 | Acc (poison): 0.6013 | Val Acc: 0.6067 | Time: 00:00:13
Epoch 007 | Seed 2001 | Rate 0.10 | Train Loss: 1.1753 | Val Loss: 1.3275 | Acc (clean): 0.6800 | Acc (poison): 0.6300 | Val Acc: 0.5956 | Time: 00:00:12
Epoch 008 | Seed 2001 | Rate 0.10 | Train Loss: 1.0650 | Val Loss: 1.1087 | Acc (clean): 0.7141 | Acc (poison): 0.6630 | Val Acc: 0.6652 | Time: 00:00:13
Epoch 009 | Seed 2001 | Rate 0.10 | Train Loss: 0.9606 | Val Loss: 1.1242 | Acc (clean): 0.7470 | Acc (poison): 0.6903 | Val Acc: 0.6563 | Time: 00:00:12
Epoch 010 | Seed 2001 | Rate 0.10 | Train Loss: 0.8877 | Val Loss: 0.9006 | Acc (clean): 0.7674 | Acc (poison): 0.7095 | Val Acc: 0.7344 | Time: 00:00:13
Epoch 011 | Seed 2001 | Rate 0.10 | Train Loss: 0.8359 | Val Loss: 0.9421 | Acc (clean): 0.7851 | Acc (poison): 0.7265 | Val Acc: 0.7174 | Time: 00:00:12
Epoch 012 | Seed 2001 | Rate 0.10 | Train Loss: 0.7930 | Val Loss: 1.0325 | Acc (clean): 0.7958 | Acc (poison): 0.7343 | Val Acc: 0.6804 | Time: 00:00:12
Epoch 013 | Seed 2001 | Rate 0.10 | Train Loss: 0.7579 | Val Loss: 0.8044 | Acc (clean): 0.8110 | Acc (poison): 0.7458 | Val Acc: 0.7556 | Time: 00:00:14
Epoch 014 | Seed 2001 | Rate 0.10 | Train Loss: 0.7367 | Val Loss: 0.7912 | Acc (clean): 0.8130 | Acc (poison): 0.7514 | Val Acc: 0.7604 | Time: 00:00:13
Epoch 015 | Seed 2001 | Rate 0.10 | Train Loss: 0.7105 | Val Loss: 0.8471 | Acc (clean): 0.8207 | Acc (poison): 0.7586 | Val Acc: 0.7448 | Time: 00:00:12
Epoch 016 | Seed 2001 | Rate 0.10 | Train Loss: 0.6894 | Val Loss: 0.8861 | Acc (clean): 0.8302 | Acc (poison): 0.7686 | Val Acc: 0.7237 | Time: 00:00:12
Epoch 017 | Seed 2001 | Rate 0.10 | Train Loss: 0.6673 | Val Loss: 0.7469 | Acc (clean): 0.8370 | Acc (poison): 0.7753 | Val Acc: 0.7604 | Time: 00:00:12
Epoch 018 | Seed 2001 | Rate 0.10 | Train Loss: 0.6562 | Val Loss: 0.8310 | Acc (clean): 0.8400 | Acc (poison): 0.7777 | Val Acc: 0.7404 | Time: 00:00:12
Epoch 019 | Seed 2001 | Rate 0.10 | Train Loss: 0.6439 | Val Loss: 0.7351 | Acc (clean): 0.8453 | Acc (poison): 0.7821 | Val Acc: 0.7781 | Time: 00:00:13
Epoch 020 | Seed 2001 | Rate 0.10 | Train Loss: 0.6307 | Val Loss: 0.9730 | Acc (clean): 0.8471 | Acc (poison): 0.7835 | Val Acc: 0.7222 | Time: 00:00:12
Epoch 021 | Seed 2001 | Rate 0.10 | Train Loss: 0.6252 | Val Loss: 0.7711 | Acc (clean): 0.8493 | Acc (poison): 0.7855 | Val Acc: 0.7585 | Time: 00:00:12
Epoch 022 | Seed 2001 | Rate 0.10 | Train Loss: 0.6141 | Val Loss: 0.7297 | Acc (clean): 0.8508 | Acc (poison): 0.7876 | Val Acc: 0.7770 | Time: 00:00:13
Epoch 023 | Seed 2001 | Rate 0.10 | Train Loss: 0.6023 | Val Loss: 0.7385 | Acc (clean): 0.8545 | Acc (poison): 0.7953 | Val Acc: 0.7811 | Time: 00:00:12
Epoch 024 | Seed 2001 | Rate 0.10 | Train Loss: 0.5849 | Val Loss: 1.2976 | Acc (clean): 0.8605 | Acc (poison): 0.7988 | Val Acc: 0.6730 | Time: 00:00:12
Epoch 025 | Seed 2001 | Rate 0.10 | Train Loss: 0.5801 | Val Loss: 0.8251 | Acc (clean): 0.8632 | Acc (poison): 0.8030 | Val Acc: 0.7652 | Time: 00:00:12
Epoch 026 | Seed 2001 | Rate 0.10 | Train Loss: 0.5864 | Val Loss: 0.8520 | Acc (clean): 0.8609 | Acc (poison): 0.8005 | Val Acc: 0.7478 | Time: 00:00:12
Epoch 027 | Seed 2001 | Rate 0.10 | Train Loss: 0.5691 | Val Loss: 0.9952 | Acc (clean): 0.8626 | Acc (poison): 0.8038 | Val Acc: 0.7222 | Time: 00:00:12
Epoch 028 | Seed 2001 | Rate 0.10 | Train Loss: 0.5570 | Val Loss: 0.9217 | Acc (clean): 0.8644 | Acc (poison): 0.8062 | Val Acc: 0.7178 | Time: 00:00:12
Epoch 029 | Seed 2001 | Rate 0.10 | Train Loss: 0.5582 | Val Loss: 0.9574 | Acc (clean): 0.8682 | Acc (poison): 0.8102 | Val Acc: 0.7222 | Time: 00:00:12
Epoch 030 | Seed 2001 | Rate 0.10 | Train Loss: 0.5457 | Val Loss: 1.0930 | Acc (clean): 0.8672 | Acc (poison): 0.8119 | Val Acc: 0.6826 | Time: 00:00:12
Epoch 031 | Seed 2001 | Rate 0.10 | Train Loss: 0.5414 | Val Loss: 0.9375 | Acc (clean): 0.8683 | Acc (poison): 0.8141 | Val Acc: 0.7396 | Time: 00:00:12
Epoch 032 | Seed 2001 | Rate 0.10 | Train Loss: 0.5344 | Val Loss: 0.7845 | Acc (clean): 0.8694 | Acc (poison): 0.8145 | Val Acc: 0.7730 | Time: 00:00:12
Epoch 033 | Seed 2001 | Rate 0.10 | Train Loss: 0.5435 | Val Loss: 0.7452 | Acc (clean): 0.8656 | Acc (poison): 0.8134 | Val Acc: 0.7811 | Time: 00:00:12
Epoch 034 | Seed 2001 | Rate 0.10 | Train Loss: 0.5253 | Val Loss: 0.9297 | Acc (clean): 0.8733 | Acc (poison): 0.8170 | Val Acc: 0.7296 | Time: 00:00:12
Epoch 035 | Seed 2001 | Rate 0.10 | Train Loss: 0.5187 | Val Loss: 0.7770 | Acc (clean): 0.8724 | Acc (poison): 0.8203 | Val Acc: 0.7689 | Time: 00:00:12
Epoch 036 | Seed 2001 | Rate 0.10 | Train Loss: 0.5183 | Val Loss: 0.8857 | Acc (clean): 0.8703 | Acc (poison): 0.8184 | Val Acc: 0.7381 | Time: 00:00:12
Epoch 037 | Seed 2001 | Rate 0.10 | Train Loss: 0.5183 | Val Loss: 0.9537 | Acc (clean): 0.8731 | Acc (poison): 0.8197 | Val Acc: 0.7196 | Time: 00:00:12
Epoch 038 | Seed 2001 | Rate 0.10 | Train Loss: 0.5238 | Val Loss: 0.7929 | Acc (clean): 0.8688 | Acc (poison): 0.8177 | Val Acc: 0.7585 | Time: 00:00:12
Epoch 039 | Seed 2001 | Rate 0.10 | Train Loss: 0.5049 | Val Loss: 0.8259 | Acc (clean): 0.8737 | Acc (poison): 0.8240 | Val Acc: 0.7630 | Time: 00:00:12
Epoch 040 | Seed 2001 | Rate 0.10 | Train Loss: 0.5048 | Val Loss: 0.8026 | Acc (clean): 0.8728 | Acc (poison): 0.8244 | Val Acc: 0.7815 | Time: 00:00:12
Epoch 041 | Seed 2001 | Rate 0.10 | Train Loss: 0.5007 | Val Loss: 0.8056 | Acc (clean): 0.8741 | Acc (poison): 0.8240 | Val Acc: 0.7556 | Time: 00:00:12
Epoch 042 | Seed 2001 | Rate 0.10 | Train Loss: 0.4866 | Val Loss: 0.9140 | Acc (clean): 0.8775 | Acc (poison): 0.8298 | Val Acc: 0.7404 | Time: 00:00:12
Epoch 043 | Seed 2001 | Rate 0.10 | Train Loss: 0.4906 | Val Loss: 1.4099 | Acc (clean): 0.8767 | Acc (poison): 0.8272 | Val Acc: 0.6093 | Time: 00:00:12
Epoch 044 | Seed 2001 | Rate 0.10 | Train Loss: 0.4956 | Val Loss: 0.6465 | Acc (clean): 0.8711 | Acc (poison): 0.8268 | Val Acc: 0.8033 | Time: 00:00:13
Epoch 045 | Seed 2001 | Rate 0.10 | Train Loss: 0.4717 | Val Loss: 0.8778 | Acc (clean): 0.8804 | Acc (poison): 0.8358 | Val Acc: 0.7244 | Time: 00:00:12
Epoch 046 | Seed 2001 | Rate 0.10 | Train Loss: 0.4898 | Val Loss: 0.7578 | Acc (clean): 0.8696 | Acc (poison): 0.8275 | Val Acc: 0.7752 | Time: 00:00:12
Epoch 047 | Seed 2001 | Rate 0.10 | Train Loss: 0.4625 | Val Loss: 0.7296 | Acc (clean): 0.8812 | Acc (poison): 0.8385 | Val Acc: 0.7811 | Time: 00:00:12
Epoch 048 | Seed 2001 | Rate 0.10 | Train Loss: 0.4769 | Val Loss: 0.9019 | Acc (clean): 0.8736 | Acc (poison): 0.8332 | Val Acc: 0.7315 | Time: 00:00:12
Epoch 049 | Seed 2001 | Rate 0.10 | Train Loss: 0.4664 | Val Loss: 0.7336 | Acc (clean): 0.8773 | Acc (poison): 0.8372 | Val Acc: 0.7833 | Time: 00:00:12
Epoch 050 | Seed 2001 | Rate 0.10 | Train Loss: 0.4670 | Val Loss: 1.0987 | Acc (clean): 0.8759 | Acc (poison): 0.8356 | Val Acc: 0.7085 | Time: 00:00:12
Epoch 051 | Seed 2001 | Rate 0.10 | Train Loss: 0.2865 | Val Loss: 0.3954 | Acc (clean): 0.9302 | Acc (poison): 0.8997 | Val Acc: 0.8819 | Time: 00:00:12
Epoch 052 | Seed 2001 | Rate 0.10 | Train Loss: 0.2204 | Val Loss: 0.3853 | Acc (clean): 0.9387 | Acc (poison): 0.9224 | Val Acc: 0.8807 | Time: 00:00:13
Epoch 053 | Seed 2001 | Rate 0.10 | Train Loss: 0.1965 | Val Loss: 0.3826 | Acc (clean): 0.9344 | Acc (poison): 0.9330 | Val Acc: 0.8744 | Time: 00:00:13
Epoch 054 | Seed 2001 | Rate 0.10 | Train Loss: 0.1760 | Val Loss: 0.3760 | Acc (clean): 0.9330 | Acc (poison): 0.9415 | Val Acc: 0.8763 | Time: 00:00:13
Epoch 055 | Seed 2001 | Rate 0.10 | Train Loss: 0.1614 | Val Loss: 0.3813 | Acc (clean): 0.9284 | Acc (poison): 0.9476 | Val Acc: 0.8726 | Time: 00:00:12
Epoch 056 | Seed 2001 | Rate 0.10 | Train Loss: 0.1478 | Val Loss: 0.3812 | Acc (clean): 0.9260 | Acc (poison): 0.9527 | Val Acc: 0.8748 | Time: 00:00:12
Epoch 057 | Seed 2001 | Rate 0.10 | Train Loss: 0.1309 | Val Loss: 0.3932 | Acc (clean): 0.9221 | Acc (poison): 0.9589 | Val Acc: 0.8696 | Time: 00:00:12
Epoch 058 | Seed 2001 | Rate 0.10 | Train Loss: 0.1232 | Val Loss: 0.3902 | Acc (clean): 0.9184 | Acc (poison): 0.9623 | Val Acc: 0.8704 | Time: 00:00:12
Epoch 059 | Seed 2001 | Rate 0.10 | Train Loss: 0.1112 | Val Loss: 0.3905 | Acc (clean): 0.9167 | Acc (poison): 0.9671 | Val Acc: 0.8726 | Time: 00:00:12
Epoch 060 | Seed 2001 | Rate 0.10 | Train Loss: 0.1026 | Val Loss: 0.3835 | Acc (clean): 0.9144 | Acc (poison): 0.9711 | Val Acc: 0.8726 | Time: 00:00:12
Epoch 061 | Seed 2001 | Rate 0.10 | Train Loss: 0.0926 | Val Loss: 0.4023 | Acc (clean): 0.9096 | Acc (poison): 0.9740 | Val Acc: 0.8656 | Time: 00:00:12
Epoch 062 | Seed 2001 | Rate 0.10 | Train Loss: 0.0858 | Val Loss: 0.3998 | Acc (clean): 0.9100 | Acc (poison): 0.9770 | Val Acc: 0.8652 | Time: 00:00:12
Epoch 063 | Seed 2001 | Rate 0.10 | Train Loss: 0.0779 | Val Loss: 0.3920 | Acc (clean): 0.9074 | Acc (poison): 0.9789 | Val Acc: 0.8748 | Time: 00:00:12
Epoch 064 | Seed 2001 | Rate 0.10 | Train Loss: 0.0704 | Val Loss: 0.4023 | Acc (clean): 0.9063 | Acc (poison): 0.9832 | Val Acc: 0.8685 | Time: 00:00:12
Epoch 065 | Seed 2001 | Rate 0.10 | Train Loss: 0.0642 | Val Loss: 0.4200 | Acc (clean): 0.9058 | Acc (poison): 0.9853 | Val Acc: 0.8633 | Time: 00:00:12
Epoch 066 | Seed 2001 | Rate 0.10 | Train Loss: 0.0577 | Val Loss: 0.4071 | Acc (clean): 0.9044 | Acc (poison): 0.9871 | Val Acc: 0.8700 | Time: 00:00:12
Epoch 067 | Seed 2001 | Rate 0.10 | Train Loss: 0.0560 | Val Loss: 0.4089 | Acc (clean): 0.9037 | Acc (poison): 0.9879 | Val Acc: 0.8674 | Time: 00:00:12
Epoch 068 | Seed 2001 | Rate 0.10 | Train Loss: 0.0517 | Val Loss: 0.4080 | Acc (clean): 0.9026 | Acc (poison): 0.9888 | Val Acc: 0.8681 | Time: 00:00:12
Epoch 069 | Seed 2001 | Rate 0.10 | Train Loss: 0.0445 | Val Loss: 0.4018 | Acc (clean): 0.9024 | Acc (poison): 0.9916 | Val Acc: 0.8678 | Time: 00:00:12
Epoch 070 | Seed 2001 | Rate 0.10 | Train Loss: 0.0441 | Val Loss: 0.4100 | Acc (clean): 0.9013 | Acc (poison): 0.9913 | Val Acc: 0.8711 | Time: 00:00:12
Epoch 071 | Seed 2001 | Rate 0.10 | Train Loss: 0.0401 | Val Loss: 0.4240 | Acc (clean): 0.9009 | Acc (poison): 0.9926 | Val Acc: 0.8633 | Time: 00:00:12
Epoch 072 | Seed 2001 | Rate 0.10 | Train Loss: 0.0385 | Val Loss: 0.4295 | Acc (clean): 0.9017 | Acc (poison): 0.9926 | Val Acc: 0.8600 | Time: 00:00:12
Epoch 073 | Seed 2001 | Rate 0.10 | Train Loss: 0.0348 | Val Loss: 0.4283 | Acc (clean): 0.9012 | Acc (poison): 0.9942 | Val Acc: 0.8656 | Time: 00:00:12
Epoch 074 | Seed 2001 | Rate 0.10 | Train Loss: 0.0359 | Val Loss: 0.4114 | Acc (clean): 0.9013 | Acc (poison): 0.9930 | Val Acc: 0.8689 | Time: 00:00:12
Epoch 075 | Seed 2001 | Rate 0.10 | Train Loss: 0.0322 | Val Loss: 0.4285 | Acc (clean): 0.9005 | Acc (poison): 0.9947 | Val Acc: 0.8678 | Time: 00:00:12
Epoch 076 | Seed 2001 | Rate 0.10 | Train Loss: 0.0266 | Val Loss: 0.4032 | Acc (clean): 0.9005 | Acc (poison): 0.9962 | Val Acc: 0.8744 | Time: 00:00:12
Epoch 077 | Seed 2001 | Rate 0.10 | Train Loss: 0.0223 | Val Loss: 0.3959 | Acc (clean): 0.9007 | Acc (poison): 0.9975 | Val Acc: 0.8785 | Time: 00:00:12
Epoch 078 | Seed 2001 | Rate 0.10 | Train Loss: 0.0216 | Val Loss: 0.3973 | Acc (clean): 0.9002 | Acc (poison): 0.9978 | Val Acc: 0.8748 | Time: 00:00:12
Epoch 079 | Seed 2001 | Rate 0.10 | Train Loss: 0.0205 | Val Loss: 0.3988 | Acc (clean): 0.9004 | Acc (poison): 0.9980 | Val Acc: 0.8744 | Time: 00:00:12
Epoch 080 | Seed 2001 | Rate 0.10 | Train Loss: 0.0199 | Val Loss: 0.3926 | Acc (clean): 0.9001 | Acc (poison): 0.9982 | Val Acc: 0.8741 | Time: 00:00:12
Epoch 081 | Seed 2001 | Rate 0.10 | Train Loss: 0.0198 | Val Loss: 0.3973 | Acc (clean): 0.9002 | Acc (poison): 0.9984 | Val Acc: 0.8722 | Time: 00:00:12
Epoch 082 | Seed 2001 | Rate 0.10 | Train Loss: 0.0198 | Val Loss: 0.3958 | Acc (clean): 0.9007 | Acc (poison): 0.9981 | Val Acc: 0.8778 | Time: 00:00:12
Epoch 083 | Seed 2001 | Rate 0.10 | Train Loss: 0.0183 | Val Loss: 0.3890 | Acc (clean): 0.9000 | Acc (poison): 0.9986 | Val Acc: 0.8789 | Time: 00:00:12
Epoch 084 | Seed 2001 | Rate 0.10 | Train Loss: 0.0194 | Val Loss: 0.3896 | Acc (clean): 0.9003 | Acc (poison): 0.9982 | Val Acc: 0.8767 | Time: 00:00:12
Epoch 085 | Seed 2001 | Rate 0.10 | Train Loss: 0.0186 | Val Loss: 0.3942 | Acc (clean): 0.9002 | Acc (poison): 0.9983 | Val Acc: 0.8767 | Time: 00:00:12
Epoch 086 | Seed 2001 | Rate 0.10 | Train Loss: 0.0185 | Val Loss: 0.3927 | Acc (clean): 0.9004 | Acc (poison): 0.9985 | Val Acc: 0.8767 | Time: 00:00:12
Epoch 087 | Seed 2001 | Rate 0.10 | Train Loss: 0.0185 | Val Loss: 0.3919 | Acc (clean): 0.8997 | Acc (poison): 0.9984 | Val Acc: 0.8730 | Time: 00:00:12
Epoch 088 | Seed 2001 | Rate 0.10 | Train Loss: 0.0174 | Val Loss: 0.3887 | Acc (clean): 0.9004 | Acc (poison): 0.9988 | Val Acc: 0.8781 | Time: 00:00:12
Epoch 089 | Seed 2001 | Rate 0.10 | Train Loss: 0.0176 | Val Loss: 0.3901 | Acc (clean): 0.9000 | Acc (poison): 0.9985 | Val Acc: 0.8778 | Time: 00:00:12
Epoch 090 | Seed 2001 | Rate 0.10 | Train Loss: 0.0171 | Val Loss: 0.3882 | Acc (clean): 0.9000 | Acc (poison): 0.9986 | Val Acc: 0.8822 | Time: 00:00:12
Epoch 091 | Seed 2001 | Rate 0.10 | Train Loss: 0.0169 | Val Loss: 0.3921 | Acc (clean): 0.9002 | Acc (poison): 0.9987 | Val Acc: 0.8778 | Time: 00:00:11
Epoch 092 | Seed 2001 | Rate 0.10 | Train Loss: 0.0168 | Val Loss: 0.3935 | Acc (clean): 0.9002 | Acc (poison): 0.9988 | Val Acc: 0.8770 | Time: 00:00:12
Epoch 093 | Seed 2001 | Rate 0.10 | Train Loss: 0.0163 | Val Loss: 0.3901 | Acc (clean): 0.9002 | Acc (poison): 0.9991 | Val Acc: 0.8767 | Time: 00:00:12
Epoch 094 | Seed 2001 | Rate 0.10 | Train Loss: 0.0157 | Val Loss: 0.3931 | Acc (clean): 0.9002 | Acc (poison): 0.9990 | Val Acc: 0.8752 | Time: 00:00:12
Epoch 095 | Seed 2001 | Rate 0.10 | Train Loss: 0.0163 | Val Loss: 0.3891 | Acc (clean): 0.9002 | Acc (poison): 0.9989 | Val Acc: 0.8770 | Time: 00:00:12
Epoch 096 | Seed 2001 | Rate 0.10 | Train Loss: 0.0168 | Val Loss: 0.3988 | Acc (clean): 0.9000 | Acc (poison): 0.9990 | Val Acc: 0.8719 | Time: 00:00:12
Epoch 097 | Seed 2001 | Rate 0.10 | Train Loss: 0.0164 | Val Loss: 0.3872 | Acc (clean): 0.9000 | Acc (poison): 0.9986 | Val Acc: 0.8778 | Time: 00:00:12
Epoch 098 | Seed 2001 | Rate 0.10 | Train Loss: 0.0158 | Val Loss: 0.3930 | Acc (clean): 0.9002 | Acc (poison): 0.9989 | Val Acc: 0.8741 | Time: 00:00:12
Epoch 099 | Seed 2001 | Rate 0.10 | Train Loss: 0.0161 | Val Loss: 0.3931 | Acc (clean): 0.9000 | Acc (poison): 0.9989 | Val Acc: 0.8767 | Time: 00:00:12
Epoch 100 | Seed 2001 | Rate 0.10 | Train Loss: 0.0157 | Val Loss: 0.3846 | Acc (clean): 0.8999 | Acc (poison): 0.9989 | Val Acc: 0.8759 | Time: 00:00:12

=== defense=none attack=RQ2 seed=2001 rate=0.2 ===
Loading train data from /home/yazanme/BachelorThesis/BachelorThesis/data/processed/resisc45/train.h5 with mapping /home/yazanme/BachelorThesis/BachelorThesis/data/processed/resisc45/poisoned/RQ2/seed_2001/labels_0.20.pt... (in_memory=True, workers=4)
Testing torch.compile support...
Successfully compiled model using torch.compile.
Epoch 001 | Seed 2001 | Rate 0.20 | Train Loss: 3.0565 | Val Loss: 2.4521 | Acc (clean): 0.2161 | Acc (poison): 0.2075 | Val Acc: 0.2919 | Time: 00:00:14
Epoch 002 | Seed 2001 | Rate 0.20 | Train Loss: 2.1906 | Val Loss: 2.0740 | Acc (clean): 0.3866 | Acc (poison): 0.3551 | Val Acc: 0.4004 | Time: 00:00:13
Epoch 003 | Seed 2001 | Rate 0.20 | Train Loss: 1.8468 | Val Loss: 1.7679 | Acc (clean): 0.4807 | Acc (poison): 0.4344 | Val Acc: 0.4559 | Time: 00:00:13
Epoch 004 | Seed 2001 | Rate 0.20 | Train Loss: 1.6384 | Val Loss: 1.9303 | Acc (clean): 0.5360 | Acc (poison): 0.4790 | Val Acc: 0.4478 | Time: 00:00:12
Epoch 005 | Seed 2001 | Rate 0.20 | Train Loss: 1.4715 | Val Loss: 1.6848 | Acc (clean): 0.5826 | Acc (poison): 0.5135 | Val Acc: 0.4981 | Time: 00:00:13
Epoch 006 | Seed 2001 | Rate 0.20 | Train Loss: 1.3157 | Val Loss: 1.5447 | Acc (clean): 0.6242 | Acc (poison): 0.5523 | Val Acc: 0.5344 | Time: 00:00:13
Epoch 007 | Seed 2001 | Rate 0.20 | Train Loss: 1.1925 | Val Loss: 1.3256 | Acc (clean): 0.6607 | Acc (poison): 0.5804 | Val Acc: 0.5848 | Time: 00:00:13
Epoch 008 | Seed 2001 | Rate 0.20 | Train Loss: 1.0945 | Val Loss: 1.5660 | Acc (clean): 0.6835 | Acc (poison): 0.6014 | Val Acc: 0.5341 | Time: 00:00:12
Epoch 009 | Seed 2001 | Rate 0.20 | Train Loss: 1.0202 | Val Loss: 1.2991 | Acc (clean): 0.7116 | Acc (poison): 0.6216 | Val Acc: 0.6122 | Time: 00:00:13
Epoch 010 | Seed 2001 | Rate 0.20 | Train Loss: 0.9636 | Val Loss: 0.9813 | Acc (clean): 0.7312 | Acc (poison): 0.6376 | Val Acc: 0.7056 | Time: 00:00:13
Epoch 011 | Seed 2001 | Rate 0.20 | Train Loss: 0.9174 | Val Loss: 1.0019 | Acc (clean): 0.7428 | Acc (poison): 0.6465 | Val Acc: 0.6789 | Time: 00:00:12
Epoch 012 | Seed 2001 | Rate 0.20 | Train Loss: 0.8887 | Val Loss: 0.9943 | Acc (clean): 0.7465 | Acc (poison): 0.6516 | Val Acc: 0.6959 | Time: 00:00:12
Epoch 013 | Seed 2001 | Rate 0.20 | Train Loss: 0.8628 | Val Loss: 1.1202 | Acc (clean): 0.7592 | Acc (poison): 0.6588 | Val Acc: 0.6733 | Time: 00:00:12
Epoch 014 | Seed 2001 | Rate 0.20 | Train Loss: 0.8428 | Val Loss: 1.7310 | Acc (clean): 0.7641 | Acc (poison): 0.6657 | Val Acc: 0.5452 | Time: 00:00:12
Epoch 015 | Seed 2001 | Rate 0.20 | Train Loss: 0.8210 | Val Loss: 0.9380 | Acc (clean): 0.7714 | Acc (poison): 0.6706 | Val Acc: 0.6944 | Time: 00:00:13
Epoch 016 | Seed 2001 | Rate 0.20 | Train Loss: 0.7973 | Val Loss: 0.9499 | Acc (clean): 0.7845 | Acc (poison): 0.6814 | Val Acc: 0.6889 | Time: 00:00:12
Epoch 017 | Seed 2001 | Rate 0.20 | Train Loss: 0.7847 | Val Loss: 0.9641 | Acc (clean): 0.7794 | Acc (poison): 0.6842 | Val Acc: 0.7093 | Time: 00:00:12
Epoch 018 | Seed 2001 | Rate 0.20 | Train Loss: 0.7738 | Val Loss: 1.1130 | Acc (clean): 0.7825 | Acc (poison): 0.6873 | Val Acc: 0.6796 | Time: 00:00:12
Epoch 019 | Seed 2001 | Rate 0.20 | Train Loss: 0.7662 | Val Loss: 0.8701 | Acc (clean): 0.7857 | Acc (poison): 0.6890 | Val Acc: 0.7159 | Time: 00:00:13
Epoch 020 | Seed 2001 | Rate 0.20 | Train Loss: 0.7612 | Val Loss: 1.1522 | Acc (clean): 0.7923 | Acc (poison): 0.6925 | Val Acc: 0.6278 | Time: 00:00:12
Epoch 021 | Seed 2001 | Rate 0.20 | Train Loss: 0.7475 | Val Loss: 1.0341 | Acc (clean): 0.7956 | Acc (poison): 0.6961 | Val Acc: 0.7074 | Time: 00:00:12
Epoch 022 | Seed 2001 | Rate 0.20 | Train Loss: 0.7334 | Val Loss: 1.1290 | Acc (clean): 0.7965 | Acc (poison): 0.7024 | Val Acc: 0.6504 | Time: 00:00:12
Epoch 023 | Seed 2001 | Rate 0.20 | Train Loss: 0.7416 | Val Loss: 0.9010 | Acc (clean): 0.7954 | Acc (poison): 0.6973 | Val Acc: 0.7293 | Time: 00:00:12
Epoch 024 | Seed 2001 | Rate 0.20 | Train Loss: 0.7073 | Val Loss: 0.9574 | Acc (clean): 0.8005 | Acc (poison): 0.7048 | Val Acc: 0.7019 | Time: 00:00:12
Epoch 025 | Seed 2001 | Rate 0.20 | Train Loss: 0.7257 | Val Loss: 0.9485 | Acc (clean): 0.8011 | Acc (poison): 0.7036 | Val Acc: 0.6963 | Time: 00:00:12
Epoch 026 | Seed 2001 | Rate 0.20 | Train Loss: 0.7123 | Val Loss: 0.9148 | Acc (clean): 0.8056 | Acc (poison): 0.7084 | Val Acc: 0.6844 | Time: 00:00:12
Epoch 027 | Seed 2001 | Rate 0.20 | Train Loss: 0.7160 | Val Loss: 0.8583 | Acc (clean): 0.8023 | Acc (poison): 0.7061 | Val Acc: 0.7522 | Time: 00:00:13
Epoch 028 | Seed 2001 | Rate 0.20 | Train Loss: 0.6937 | Val Loss: 0.8741 | Acc (clean): 0.8063 | Acc (poison): 0.7115 | Val Acc: 0.7326 | Time: 00:00:13
Epoch 029 | Seed 2001 | Rate 0.20 | Train Loss: 0.6936 | Val Loss: 0.7864 | Acc (clean): 0.8049 | Acc (poison): 0.7164 | Val Acc: 0.7363 | Time: 00:00:13
Epoch 030 | Seed 2001 | Rate 0.20 | Train Loss: 0.6791 | Val Loss: 1.1477 | Acc (clean): 0.8114 | Acc (poison): 0.7214 | Val Acc: 0.6359 | Time: 00:00:13
Epoch 031 | Seed 2001 | Rate 0.20 | Train Loss: 0.6817 | Val Loss: 0.8325 | Acc (clean): 0.8077 | Acc (poison): 0.7157 | Val Acc: 0.7389 | Time: 00:00:13
Epoch 032 | Seed 2001 | Rate 0.20 | Train Loss: 0.6724 | Val Loss: 0.8506 | Acc (clean): 0.8098 | Acc (poison): 0.7249 | Val Acc: 0.7130 | Time: 00:00:13
Epoch 033 | Seed 2001 | Rate 0.20 | Train Loss: 0.6742 | Val Loss: 0.9557 | Acc (clean): 0.8091 | Acc (poison): 0.7201 | Val Acc: 0.7093 | Time: 00:00:12
Epoch 034 | Seed 2001 | Rate 0.20 | Train Loss: 0.6770 | Val Loss: 1.0351 | Acc (clean): 0.8130 | Acc (poison): 0.7220 | Val Acc: 0.6815 | Time: 00:00:12
Epoch 035 | Seed 2001 | Rate 0.20 | Train Loss: 0.6571 | Val Loss: 0.9523 | Acc (clean): 0.8130 | Acc (poison): 0.7255 | Val Acc: 0.7011 | Time: 00:00:12
Epoch 036 | Seed 2001 | Rate 0.20 | Train Loss: 0.6645 | Val Loss: 0.8924 | Acc (clean): 0.8143 | Acc (poison): 0.7256 | Val Acc: 0.7011 | Time: 00:00:13
Epoch 037 | Seed 2001 | Rate 0.20 | Train Loss: 0.6611 | Val Loss: 0.8648 | Acc (clean): 0.8120 | Acc (poison): 0.7262 | Val Acc: 0.7300 | Time: 00:00:12
Epoch 038 | Seed 2001 | Rate 0.20 | Train Loss: 0.6591 | Val Loss: 0.9312 | Acc (clean): 0.8077 | Acc (poison): 0.7223 | Val Acc: 0.7163 | Time: 00:00:12
Epoch 039 | Seed 2001 | Rate 0.20 | Train Loss: 0.6459 | Val Loss: 0.8993 | Acc (clean): 0.8136 | Acc (poison): 0.7295 | Val Acc: 0.7319 | Time: 00:00:12
Epoch 040 | Seed 2001 | Rate 0.20 | Train Loss: 0.6488 | Val Loss: 0.8000 | Acc (clean): 0.8110 | Acc (poison): 0.7344 | Val Acc: 0.7548 | Time: 00:00:12
Epoch 041 | Seed 2001 | Rate 0.20 | Train Loss: 0.6435 | Val Loss: 1.1927 | Acc (clean): 0.8143 | Acc (poison): 0.7352 | Val Acc: 0.6448 | Time: 00:00:13
Epoch 042 | Seed 2001 | Rate 0.20 | Train Loss: 0.6302 | Val Loss: 0.8242 | Acc (clean): 0.8179 | Acc (poison): 0.7399 | Val Acc: 0.7574 | Time: 00:00:13
Epoch 043 | Seed 2001 | Rate 0.20 | Train Loss: 0.6326 | Val Loss: 0.9294 | Acc (clean): 0.8145 | Acc (poison): 0.7388 | Val Acc: 0.7222 | Time: 00:00:13
Epoch 044 | Seed 2001 | Rate 0.20 | Train Loss: 0.6296 | Val Loss: 1.0575 | Acc (clean): 0.8137 | Acc (poison): 0.7390 | Val Acc: 0.6481 | Time: 00:00:13
Epoch 045 | Seed 2001 | Rate 0.20 | Train Loss: 0.6212 | Val Loss: 0.8475 | Acc (clean): 0.8099 | Acc (poison): 0.7408 | Val Acc: 0.7163 | Time: 00:00:13
Epoch 046 | Seed 2001 | Rate 0.20 | Train Loss: 0.6274 | Val Loss: 0.8768 | Acc (clean): 0.8154 | Acc (poison): 0.7390 | Val Acc: 0.7081 | Time: 00:00:13
Epoch 047 | Seed 2001 | Rate 0.20 | Train Loss: 0.6261 | Val Loss: 0.8694 | Acc (clean): 0.8145 | Acc (poison): 0.7434 | Val Acc: 0.7270 | Time: 00:00:13
Epoch 048 | Seed 2001 | Rate 0.20 | Train Loss: 0.6152 | Val Loss: 0.9783 | Acc (clean): 0.8173 | Acc (poison): 0.7459 | Val Acc: 0.7000 | Time: 00:00:13
Epoch 049 | Seed 2001 | Rate 0.20 | Train Loss: 0.6068 | Val Loss: 1.1072 | Acc (clean): 0.8102 | Acc (poison): 0.7481 | Val Acc: 0.6774 | Time: 00:00:13
Epoch 050 | Seed 2001 | Rate 0.20 | Train Loss: 0.6046 | Val Loss: 0.9230 | Acc (clean): 0.8170 | Acc (poison): 0.7512 | Val Acc: 0.7037 | Time: 00:00:13
Epoch 051 | Seed 2001 | Rate 0.20 | Train Loss: 0.4352 | Val Loss: 0.5137 | Acc (clean): 0.8813 | Acc (poison): 0.8162 | Val Acc: 0.8333 | Time: 00:00:14
Epoch 052 | Seed 2001 | Rate 0.20 | Train Loss: 0.3649 | Val Loss: 0.4959 | Acc (clean): 0.8853 | Acc (poison): 0.8486 | Val Acc: 0.8344 | Time: 00:00:14
Epoch 053 | Seed 2001 | Rate 0.20 | Train Loss: 0.3361 | Val Loss: 0.5117 | Acc (clean): 0.8807 | Acc (poison): 0.8610 | Val Acc: 0.8185 | Time: 00:00:13
Epoch 054 | Seed 2001 | Rate 0.20 | Train Loss: 0.3145 | Val Loss: 0.5204 | Acc (clean): 0.8705 | Acc (poison): 0.8735 | Val Acc: 0.8178 | Time: 00:00:13
Epoch 055 | Seed 2001 | Rate 0.20 | Train Loss: 0.2932 | Val Loss: 0.5210 | Acc (clean): 0.8622 | Acc (poison): 0.8848 | Val Acc: 0.8141 | Time: 00:00:13
Epoch 056 | Seed 2001 | Rate 0.20 | Train Loss: 0.2767 | Val Loss: 0.5425 | Acc (clean): 0.8528 | Acc (poison): 0.8910 | Val Acc: 0.8063 | Time: 00:00:13
Epoch 057 | Seed 2001 | Rate 0.20 | Train Loss: 0.2585 | Val Loss: 0.5525 | Acc (clean): 0.8496 | Acc (poison): 0.9000 | Val Acc: 0.7967 | Time: 00:00:13
Epoch 058 | Seed 2001 | Rate 0.20 | Train Loss: 0.2395 | Val Loss: 0.5798 | Acc (clean): 0.8428 | Acc (poison): 0.9094 | Val Acc: 0.7822 | Time: 00:00:13
Epoch 059 | Seed 2001 | Rate 0.20 | Train Loss: 0.2208 | Val Loss: 0.5958 | Acc (clean): 0.8365 | Acc (poison): 0.9190 | Val Acc: 0.7859 | Time: 00:00:13
Epoch 060 | Seed 2001 | Rate 0.20 | Train Loss: 0.2050 | Val Loss: 0.6024 | Acc (clean): 0.8310 | Acc (poison): 0.9235 | Val Acc: 0.7878 | Time: 00:00:13
Epoch 061 | Seed 2001 | Rate 0.20 | Train Loss: 0.1917 | Val Loss: 0.6200 | Acc (clean): 0.8257 | Acc (poison): 0.9319 | Val Acc: 0.7722 | Time: 00:00:13
Epoch 062 | Seed 2001 | Rate 0.20 | Train Loss: 0.1736 | Val Loss: 0.6276 | Acc (clean): 0.8204 | Acc (poison): 0.9410 | Val Acc: 0.7700 | Time: 00:00:13
Epoch 063 | Seed 2001 | Rate 0.20 | Train Loss: 0.1622 | Val Loss: 0.6738 | Acc (clean): 0.8165 | Acc (poison): 0.9430 | Val Acc: 0.7600 | Time: 00:00:13
Epoch 064 | Seed 2001 | Rate 0.20 | Train Loss: 0.1448 | Val Loss: 0.6333 | Acc (clean): 0.8133 | Acc (poison): 0.9534 | Val Acc: 0.7737 | Time: 00:00:13
Epoch 065 | Seed 2001 | Rate 0.20 | Train Loss: 0.1350 | Val Loss: 0.6833 | Acc (clean): 0.8125 | Acc (poison): 0.9572 | Val Acc: 0.7622 | Time: 00:00:13
Epoch 066 | Seed 2001 | Rate 0.20 | Train Loss: 0.1226 | Val Loss: 0.6841 | Acc (clean): 0.8084 | Acc (poison): 0.9627 | Val Acc: 0.7652 | Time: 00:00:13
Epoch 067 | Seed 2001 | Rate 0.20 | Train Loss: 0.1146 | Val Loss: 0.7351 | Acc (clean): 0.8067 | Acc (poison): 0.9648 | Val Acc: 0.7507 | Time: 00:00:13
Epoch 068 | Seed 2001 | Rate 0.20 | Train Loss: 0.1042 | Val Loss: 0.6904 | Acc (clean): 0.8061 | Acc (poison): 0.9688 | Val Acc: 0.7596 | Time: 00:00:13
Epoch 069 | Seed 2001 | Rate 0.20 | Train Loss: 0.0954 | Val Loss: 0.6945 | Acc (clean): 0.8060 | Acc (poison): 0.9723 | Val Acc: 0.7604 | Time: 00:00:13
Epoch 070 | Seed 2001 | Rate 0.20 | Train Loss: 0.0910 | Val Loss: 0.6970 | Acc (clean): 0.8041 | Acc (poison): 0.9732 | Val Acc: 0.7648 | Time: 00:00:13
Epoch 071 | Seed 2001 | Rate 0.20 | Train Loss: 0.0853 | Val Loss: 0.6965 | Acc (clean): 0.8028 | Acc (poison): 0.9756 | Val Acc: 0.7626 | Time: 00:00:13
Epoch 072 | Seed 2001 | Rate 0.20 | Train Loss: 0.0785 | Val Loss: 0.6923 | Acc (clean): 0.8026 | Acc (poison): 0.9784 | Val Acc: 0.7652 | Time: 00:00:13
Epoch 073 | Seed 2001 | Rate 0.20 | Train Loss: 0.0712 | Val Loss: 0.7363 | Acc (clean): 0.8010 | Acc (poison): 0.9815 | Val Acc: 0.7578 | Time: 00:00:13
Epoch 074 | Seed 2001 | Rate 0.20 | Train Loss: 0.0698 | Val Loss: 0.7531 | Acc (clean): 0.8011 | Acc (poison): 0.9819 | Val Acc: 0.7530 | Time: 00:00:13
Epoch 075 | Seed 2001 | Rate 0.20 | Train Loss: 0.0662 | Val Loss: 0.7883 | Acc (clean): 0.7999 | Acc (poison): 0.9827 | Val Acc: 0.7600 | Time: 00:00:13
Epoch 076 | Seed 2001 | Rate 0.20 | Train Loss: 0.0457 | Val Loss: 0.7099 | Acc (clean): 0.8002 | Acc (poison): 0.9925 | Val Acc: 0.7633 | Time: 00:00:13
Epoch 077 | Seed 2001 | Rate 0.20 | Train Loss: 0.0365 | Val Loss: 0.7080 | Acc (clean): 0.8010 | Acc (poison): 0.9941 | Val Acc: 0.7622 | Time: 00:00:13
Epoch 078 | Seed 2001 | Rate 0.20 | Train Loss: 0.0333 | Val Loss: 0.7056 | Acc (clean): 0.8007 | Acc (poison): 0.9956 | Val Acc: 0.7644 | Time: 00:00:13
Epoch 079 | Seed 2001 | Rate 0.20 | Train Loss: 0.0308 | Val Loss: 0.7113 | Acc (clean): 0.8009 | Acc (poison): 0.9965 | Val Acc: 0.7626 | Time: 00:00:13
Epoch 080 | Seed 2001 | Rate 0.20 | Train Loss: 0.0293 | Val Loss: 0.6983 | Acc (clean): 0.8005 | Acc (poison): 0.9965 | Val Acc: 0.7678 | Time: 00:00:13
Epoch 081 | Seed 2001 | Rate 0.20 | Train Loss: 0.0291 | Val Loss: 0.7075 | Acc (clean): 0.8006 | Acc (poison): 0.9963 | Val Acc: 0.7681 | Time: 00:00:13
Epoch 082 | Seed 2001 | Rate 0.20 | Train Loss: 0.0262 | Val Loss: 0.7094 | Acc (clean): 0.7999 | Acc (poison): 0.9972 | Val Acc: 0.7670 | Time: 00:00:13
Epoch 083 | Seed 2001 | Rate 0.20 | Train Loss: 0.0253 | Val Loss: 0.7000 | Acc (clean): 0.8001 | Acc (poison): 0.9977 | Val Acc: 0.7648 | Time: 00:00:13
Epoch 084 | Seed 2001 | Rate 0.20 | Train Loss: 0.0260 | Val Loss: 0.7074 | Acc (clean): 0.8005 | Acc (poison): 0.9967 | Val Acc: 0.7667 | Time: 00:00:13
Epoch 085 | Seed 2001 | Rate 0.20 | Train Loss: 0.0249 | Val Loss: 0.7080 | Acc (clean): 0.8002 | Acc (poison): 0.9974 | Val Acc: 0.7637 | Time: 00:00:13
Epoch 086 | Seed 2001 | Rate 0.20 | Train Loss: 0.0237 | Val Loss: 0.7067 | Acc (clean): 0.8002 | Acc (poison): 0.9977 | Val Acc: 0.7641 | Time: 00:00:13
Epoch 087 | Seed 2001 | Rate 0.20 | Train Loss: 0.0234 | Val Loss: 0.7125 | Acc (clean): 0.8001 | Acc (poison): 0.9971 | Val Acc: 0.7681 | Time: 00:00:13
Epoch 088 | Seed 2001 | Rate 0.20 | Train Loss: 0.0228 | Val Loss: 0.7109 | Acc (clean): 0.8003 | Acc (poison): 0.9980 | Val Acc: 0.7663 | Time: 00:00:13
Epoch 089 | Seed 2001 | Rate 0.20 | Train Loss: 0.0225 | Val Loss: 0.7095 | Acc (clean): 0.8003 | Acc (poison): 0.9979 | Val Acc: 0.7667 | Time: 00:00:13
Epoch 090 | Seed 2001 | Rate 0.20 | Train Loss: 0.0226 | Val Loss: 0.7207 | Acc (clean): 0.8005 | Acc (poison): 0.9977 | Val Acc: 0.7607 | Time: 00:00:13
Epoch 091 | Seed 2001 | Rate 0.20 | Train Loss: 0.0206 | Val Loss: 0.7184 | Acc (clean): 0.8003 | Acc (poison): 0.9983 | Val Acc: 0.7648 | Time: 00:00:13
Epoch 092 | Seed 2001 | Rate 0.20 | Train Loss: 0.0215 | Val Loss: 0.7183 | Acc (clean): 0.8002 | Acc (poison): 0.9980 | Val Acc: 0.7693 | Time: 00:00:12
Epoch 093 | Seed 2001 | Rate 0.20 | Train Loss: 0.0216 | Val Loss: 0.7166 | Acc (clean): 0.7998 | Acc (poison): 0.9977 | Val Acc: 0.7637 | Time: 00:00:13
Epoch 094 | Seed 2001 | Rate 0.20 | Train Loss: 0.0199 | Val Loss: 0.7211 | Acc (clean): 0.8005 | Acc (poison): 0.9984 | Val Acc: 0.7630 | Time: 00:00:12
Epoch 095 | Seed 2001 | Rate 0.20 | Train Loss: 0.0201 | Val Loss: 0.7126 | Acc (clean): 0.7999 | Acc (poison): 0.9984 | Val Acc: 0.7652 | Time: 00:00:12
Epoch 096 | Seed 2001 | Rate 0.20 | Train Loss: 0.0200 | Val Loss: 0.7171 | Acc (clean): 0.7998 | Acc (poison): 0.9983 | Val Acc: 0.7633 | Time: 00:00:12
Epoch 097 | Seed 2001 | Rate 0.20 | Train Loss: 0.0195 | Val Loss: 0.7144 | Acc (clean): 0.8003 | Acc (poison): 0.9983 | Val Acc: 0.7633 | Time: 00:00:13
Epoch 098 | Seed 2001 | Rate 0.20 | Train Loss: 0.0190 | Val Loss: 0.7178 | Acc (clean): 0.7998 | Acc (poison): 0.9985 | Val Acc: 0.7626 | Time: 00:00:12
Epoch 099 | Seed 2001 | Rate 0.20 | Train Loss: 0.0193 | Val Loss: 0.7130 | Acc (clean): 0.7998 | Acc (poison): 0.9985 | Val Acc: 0.7659 | Time: 00:00:13
Epoch 100 | Seed 2001 | Rate 0.20 | Train Loss: 0.0200 | Val Loss: 0.7200 | Acc (clean): 0.8002 | Acc (poison): 0.9981 | Val Acc: 0.7637 | Time: 00:00:13

Endzeit: 2026-08-09 01:19:39 CEST
Laufzeit: 04:09:20
Exit-Code: 0

Abgeschlossene Laeufe fuer Seed 2001 (erwartet: 11):
/home/yazanme/BachelorThesis/BachelorThesis/experiments/RQ3/none/resnet18/clean/seed_2001/rate_0.0
/home/yazanme/BachelorThesis/BachelorThesis/experiments/RQ3/none/resnet18/RQ1/seed_2001/rate_0.01
/home/yazanme/BachelorThesis/BachelorThesis/experiments/RQ3/none/resnet18/RQ1/seed_2001/rate_0.02
/home/yazanme/BachelorThesis/BachelorThesis/experiments/RQ3/none/resnet18/RQ1/seed_2001/rate_0.05
/home/yazanme/BachelorThesis/BachelorThesis/experiments/RQ3/none/resnet18/RQ1/seed_2001/rate_0.1
/home/yazanme/BachelorThesis/BachelorThesis/experiments/RQ3/none/resnet18/RQ1/seed_2001/rate_0.2
/home/yazanme/BachelorThesis/BachelorThesis/experiments/RQ3/none/resnet18/RQ2/seed_2001/rate_0.01
/home/yazanme/BachelorThesis/BachelorThesis/experiments/RQ3/none/resnet18/RQ2/seed_2001/rate_0.02
/home/yazanme/BachelorThesis/BachelorThesis/experiments/RQ3/none/resnet18/RQ2/seed_2001/rate_0.05
/home/yazanme/BachelorThesis/BachelorThesis/experiments/RQ3/none/resnet18/RQ2/seed_2001/rate_0.1
/home/yazanme/BachelorThesis/BachelorThesis/experiments/RQ3/none/resnet18/RQ2/seed_2001/rate_0.2
Anzahl: 11

clean/summary_metrics.csv:
seed,rate,accuracy,precision,recall,f1
42,0.0,0.9446666666666668,0.9451764480195808,0.9446666666666668,0.9446380099758588
2001,0.0,0.9471111111111112,0.9478130020381916,0.9471111111111112,0.9470551113734332
2026,0.0,0.9462222222222222,0.9468279108246931,0.9462222222222222,0.9462858458854312

RQ1/summary_metrics.csv:
seed,rate,accuracy,precision,recall,f1
42,0.01,0.9371111111111112,0.9377363329356876,0.9371111111111112,0.9370262668663116
2001,0.01,0.9371111111111112,0.9379036343759024,0.937111111111111,0.9371780781328996
2026,0.01,0.9424444444444444,0.9427888770566368,0.9424444444444444,0.9423495045004018
42,0.02,0.9337777777777778,0.934205363778208,0.9337777777777778,0.93365426220235
2001,0.02,0.9317777777777778,0.9324034863512642,0.9317777777777778,0.9317855115411195
2026,0.02,0.9328888888888888,0.9339226478817736,0.9328888888888888,0.9329929435422948
42,0.05,0.9162222222222224,0.9177439251571105,0.9162222222222222,0.9164393783943424
2001,0.05,0.9186666666666666,0.919571488854814,0.9186666666666666,0.9187156461923718
2026,0.05,0.9204444444444444,0.9212171185513144,0.9204444444444446,0.9203664165561471
42,0.1,0.8902222222222222,0.891901868788328,0.8902222222222222,0.8901194860027755
2001,0.1,0.8964444444444445,0.8975803674133455,0.8964444444444445,0.8965147628560399
2026,0.1,0.8937777777777778,0.8947643359270511,0.8937777777777778,0.8936490782159195
42,0.2,0.8597777777777778,0.8619088104766026,0.8597777777777779,0.8596279704036381
2001,0.2,0.8335555555555556,0.8342453828234996,0.8335555555555557,0.8332030572077637
2026,0.2,0.8637777777777778,0.866493738661521,0.8637777777777775,0.8638601496840433

RQ2/summary_metrics.csv:
seed,rate,accuracy,precision,recall,f1
42,0.01,0.9348888888888888,0.9358981019611654,0.9348888888888888,0.9349519985268052
2001,0.01,0.9386666666666666,0.9397370958382688,0.9386666666666664,0.9387320482122192
2026,0.01,0.9384444444444444,0.9391835313387118,0.9384444444444442,0.938537173511916
42,0.02,0.9284444444444444,0.9292733331706692,0.9284444444444444,0.9285322258846398
2001,0.02,0.9362222222222222,0.9369210027062352,0.9362222222222226,0.9362171027509036
2026,0.02,0.9324444444444444,0.9330189617358028,0.9324444444444444,0.9324222108378284
42,0.05,0.9142222222222224,0.9151452181459466,0.9142222222222224,0.9142122091139908
2001,0.05,0.9162222222222224,0.9170108261484106,0.9162222222222224,0.9160736368975768
2026,0.05,0.9115555555555556,0.9127036768724688,0.9115555555555556,0.9114221926005964
42,0.1,0.8984444444444445,0.9015459293254005,0.8984444444444445,0.8986760690483795
2001,0.1,0.89,0.8917289151904059,0.8899999999999999,0.8897248059807111
2026,0.1,0.8884444444444445,0.8903973061266078,0.8884444444444444,0.8882037351702818
42,0.2,0.854,0.857798178683707,0.8540000000000002,0.8528230901456582
2001,0.2,0.8468888888888889,0.8500822098531082,0.846888888888889,0.8462869740537696
